# File generated by FabConvert.com - Free Image and 3D model conversion tools

o obj1
v 9.59798717 1.44888878 69.99999237
v 9.70049 1.47212732 67.08131409
v 9.98621559 1.5 69.99999237
v 9.98640728 1.5 67.02639008
v 10.27232456 1.47205293 66.97140503
v 9.41658878 1.38763225 67.13580322
v 9.23621559 1.29903805 69.99999237
v 9.15455723 1.24785256 67.18603516
v 8.92555523 1.06066012 69.99999237
v 8.92990208 1.06498528 67.22906494
v 8.74513149 0.84172386 67.26443481
v 8.68717766 0.75 69.99999237
v 8.6022234 0.57841432 67.29176331
v 8.53732681 0.38822857 69.99999237
v 8.51511478 0.29092661 67.3084259
v 8.48621559 0 69.99999237
v 8.48621559 9.767E-05 67.31394958
v 8.51507473 -0.29072595 67.30843353
v 8.53732681 -0.38822857 69.99999237
v 8.60214329 -0.57822353 67.29177856
v 8.68717766 -0.75 69.99999237
v 8.74501801 -0.84155548 67.26445007
v 8.92555523 -1.06066012 69.99999237
v 8.92976379 -1.06484866 67.22909546
v 9.15438938 -1.24774027 67.18606567
v 9.23621559 -1.29903805 69.99999237
v 9.41639996 -1.38755476 67.13583374
v 9.59798717 -1.44888878 69.99999237
v 9.70029259 -1.47208893 67.08135986
v 9.98621559 -1.5 69.99999237
v 9.98621559 -1.5 67.02642822
v 10.27212715 -1.47209132 66.97144318
v 10.37444401 -1.44888878 69.99999237
v 10.55599308 -1.38757062 66.91679382
v 10.73621559 -1.29903805 69.99999237
v 10.81797504 -1.24778533 66.86631012
v 11.04687595 -1.06066012 69.99999237
v 11.04258442 -1.06493032 66.82299042
v 11.22732449 -0.84168774 66.78733063
v 11.28525352 -0.75 69.99999237
v 11.37021542 -0.5783968 66.75972748
v 11.43510437 -0.38822857 69.99999237
v 11.45731735 -0.29092199 66.74289703
v 11.48621559 0 69.99999237
v 11.48621559 -9.767E-05 66.73731232
v 11.45735741 0.29072136 66.7428894
v 11.43510437 0.38822857 69.99999237
v 11.37029457 0.57820606 66.75971222
v 11.28525352 0.75 69.99999237
v 11.22743797 0.84151936 66.78730774
v 11.04687595 1.06066012 69.99999237
v 11.0427227 1.06479371 66.8229599
v 10.81814384 1.24767303 66.8662796
v 10.73621559 1.29903805 69.99999237
v 10.55618191 1.38749301 66.91676331
v 10.37444401 1.44888878 69.99999237
v 1.43510592 -9.61177158 69.99999237
v 1.45834494 -9.71427631 67.08131409
v 1.48621714 -10 69.99999237
v 1.48621726 -10.0001936 67.02639008
v 1.45826983 -10.28611088 66.97140503
v 1.37385023 -9.4303751 67.13580322
v 1.28525519 -9.25 69.99999237
v 1.23407078 -9.16834354 67.18603516
v 1.04687726 -8.93933964 69.99999237
v 1.05120361 -8.94368744 67.22906494
v 0.82794231 -8.75891685 67.26443481
v 0.7362172 -8.70096207 69.99999237
v 0.56463283 -8.6160078 67.29176331
v 0.3744458 -8.55111122 69.99999237
v 0.27714515 -8.52889919 67.3084259
v -0.01378268 -8.5 69.99999237
v -0.01368387 -8.5 67.31394958
v -0.30450755 -8.52885914 67.30843353
v -0.40201122 -8.55111122 69.99999237
v -0.59200525 -8.6159277 67.29177856
v -0.76378256 -8.70096207 69.99999237
v -0.85533732 -8.75880146 67.26445007
v -1.07444251 -8.93933964 69.99999237
v -1.07863057 -8.9435482 67.22909546
v -1.26152241 -9.16817284 67.18606567
v -1.31282043 -9.25 69.99999237
v -1.40133691 -9.43018436 67.13583374
v -1.46267116 -9.61177158 69.99999237
v -1.4858712 -9.714077 67.08135986
v -1.51378238 -10 69.99999237
v -1.51378226 -10 67.02642822
v -1.4858644 -10.28597546 66.97143555
v -1.46267116 -10.38822842 69.99999237
v -1.40128744 -10.56993771 66.91676331
v -1.31282043 -10.75 69.99999237
v -1.26145124 -10.83193874 66.8662796
v -1.07444251 -11.06066036 69.99999237
v -1.0786922 -11.05639267 66.82298279
v -0.85528958 -11.2412262 66.78730774
v -0.76378256 -11.29903793 69.99999237
v -0.5920139 -11.38406944 66.75971222
v -0.40201122 -11.44888878 69.99999237
v -0.30463934 -11.4711113 66.74289703
v -0.01378268 -11.5 69.99999237
v -0.01388316 -11.5 66.73731232
v 0.27693582 -11.47114182 66.7428894
v 0.3744458 -11.44888878 69.99999237
v 0.56442076 -11.38408089 66.75971222
v 0.7362172 -11.29903793 69.99999237
v 0.82773453 -11.24122429 66.78730774
v 1.04687726 -11.06066036 69.99999237
v 1.0510093 -11.05650902 66.8229599
v 1.23388886 -10.83193016 66.8662796
v 1.28525519 -10.75 69.99999237
v 1.37370944 -10.56996822 66.91676331
v 1.43510592 -10.38822842 69.99999237
v -9.62555218 -1.44888878 69.99999237
v -9.72805691 -1.47212768 67.08131409
v -10.01378059 -1.5 69.99999237
v -10.01397419 -1.5 67.02639008
v -10.29989147 -1.47205257 66.97140503
v -9.44415569 -1.38763297 67.13580322
v -9.26378059 -1.29903805 69.99999237
v -9.18212414 -1.24785352 67.18603516
v -8.95312023 -1.06066012 69.99999237
v -8.95746803 -1.06498635 67.22906494
v -8.77269745 -0.84172499 67.26443481
v -8.71474266 -0.75 69.99999237
v -8.6297884 -0.57841551 67.29176331
v -8.56489182 -0.38822857 69.99999237
v -8.54267979 -0.29092777 67.3084259
v -8.51378059 -0 69.99999237
v -8.51378059 -9.866E-05 67.31394958
v -8.54263973 0.29072505 67.30843353
v -8.56489182 0.38822857 69.99999237
v -8.62970829 0.57822281 67.29177856
v -8.71474266 0.75 69.99999237
v -8.77258205 0.84155494 67.26445007
v -8.95312023 1.06066012 69.99999237
v -8.9573288 1.0648483 67.22909546
v -9.18195343 1.24774015 67.18606567
v -9.26378059 1.29903805 69.99999237
v -9.44396496 1.38755465 67.13583374
v -9.62555218 1.44888878 69.99999237
v -9.72785759 1.47208893 67.08135986
v -10.01378059 1.5 69.99999237
v -10.01378059 1.5 67.02642822
v -10.29975605 1.47208214 66.97143555
v -10.40200901 1.44888878 69.99999237
v -10.5837183 1.38750517 66.91676331
v -10.76378059 1.29903805 69.99999237
v -10.84571934 1.24766898 66.8662796
v -11.07444096 1.06066012 69.99999237
v -11.07017326 1.06490993 66.82298279
v -11.25500679 0.84150726 66.78730774
v -11.31281853 0.75 69.99999237
v -11.39785004 0.57823151 66.75971222
v -11.46266937 0.38822857 69.99999237
v -11.48489189 0.29085687 66.74289703
v -11.51378059 -0 69.99999237
v -11.51378059 0.00010065 66.73731232
v -11.48492241 -0.29071841 66.7428894
v -11.46266937 -0.38822857 69.99999237
v -11.39786148 -0.57820338 66.75971222
v -11.31281853 -0.75 69.99999237
v -11.25500488 -0.84151715 66.78730774
v -11.07444096 -1.06066012 69.99999237
v -11.07028961 -1.06479204 66.8229599
v -10.84571075 -1.2476716 66.8662796
v -10.76378059 -1.29903805 69.99999237
v -10.58374882 -1.38749218 66.91676331
v -10.40200901 -1.44888878 69.99999237
v -1.46267116 9.61177158 69.99999237
v -1.48590958 9.71427441 67.08131409
v -1.51378238 10 69.99999237
v -1.51378226 10.00019169 67.02639008
v -1.48583519 10.28610897 66.97140503
v -1.40141451 9.43037319 67.13580322
v -1.31282043 9.25 69.99999237
v -1.26163483 9.16834164 67.18603516
v -1.07444251 8.93933964 69.99999237
v -1.07876754 8.94368649 67.22906494
v -0.85550624 8.7589159 67.26443481
v -0.76378256 8.70096207 69.99999237
v -0.59219676 8.6160078 67.29176331
v -0.40201122 8.55111122 69.99999237
v -0.30470911 8.52889919 67.3084259
v -0.01378268 8.5 69.99999237
v -0.0138802 8.5 67.31394958
v 0.27694333 8.52885914 67.30843353
v 0.3744458 8.55111122 69.99999237
v 0.56444085 8.6159277 67.29177856
v 0.7362172 8.70096207 69.99999237
v 0.8277728 8.75880241 67.26445007
v 1.04687726 8.93933964 69.99999237
v 1.05106592 8.9435482 67.22909546
v 1.23395753 9.16817379 67.18606567
v 1.28525519 9.25 69.99999237
v 1.37377203 9.43018436 67.13583374
v 1.43510592 9.61177158 69.99999237
v 1.45830619 9.714077 67.08135986
v 1.48621714 10 69.99999237
v 1.48621726 10 67.02642822
v 1.45830858 10.28591156 66.97144318
v 1.43510592 10.38822842 69.99999237
v 1.37378788 10.56977749 66.91679382
v 1.28525519 10.75 69.99999237
v 1.23400259 10.83175945 66.86631012
v 1.04687726 11.06066036 69.99999237
v 1.05114758 11.05636883 66.82299042
v 0.82790512 11.24110889 66.78733063
v 0.7362172 11.29903793 69.99999237
v 0.56461418 11.38399982 66.75972748
v 0.3744458 11.44888878 69.99999237
v 0.2771394 11.47110176 66.74289703
v -0.01378268 11.5 69.99999237
v -0.01368483 11.5 66.73731232
v -0.30450383 11.47114182 66.7428894
v -0.40201122 11.44888878 69.99999237
v -0.59198844 11.38407898 66.75971222
v -0.76378256 11.29903793 69.99999237
v -0.85530168 11.24122238 66.78730774
v -1.07444251 11.06066036 69.99999237
v -1.07857597 11.05650711 66.8229599
v -1.2614553 10.83192825 66.8662796
v -1.31282043 10.75 69.99999237
v -1.40127528 10.56996632 66.91676331
v -1.46267116 10.38822842 69.99999237
v 13.21825981 6.94471264 69.99999237
v 12.28469086 8.48902416 69.99999237
v 11.17178249 9.90954781 69.99999237
v 13.95887566 5.29913139 69.99999237
v 14.49573803 3.57627654 69.99999237
v 14.82102013 1.80127156 69.99999237
v 14.92997742 0 69.99999237
v 14.82102013 -1.80127156 69.99999237
v 14.49573803 -3.57627654 69.99999237
v 13.95887566 -5.29913139 69.99999237
v 13.21825981 -6.94471264 69.99999237
v 12.28469086 -8.48902416 69.99999237
v 11.17178249 -9.90954781 69.99999237
v -11.1993475 9.90954781 69.99999237
v -9.9233284 11.1855669 69.99999237
v -8.50280476 12.29847527 69.99999237
v -6.95849371 13.23204422 69.99999237
v -5.31291294 13.97266102 69.99999237
v -3.59005857 14.50952339 69.99999237
v -1.81505382 14.83480549 69.99999237
v 6.93092871 -13.23204422 69.99999237
v 8.47523975 -12.29847527 69.99999237
v 9.8957634 -11.1855669 69.99999237
v 5.28534794 -13.97266102 69.99999237
v 3.56249309 -14.50952339 69.99999237
v 1.78748858 -14.83480549 69.99999237
v -0.01378268 -14.94376278 69.99999237
v -1.81505382 -14.83480549 69.99999237
v -3.59005857 -14.50952339 69.99999237
v -5.31291294 -13.97266102 69.99999237
v -6.95849371 -13.23204422 69.99999237
v -8.50280476 -12.29847527 69.99999237
v -9.9233284 -11.1855669 69.99999237
v -11.1993475 -9.90954781 69.99999237
v -13.24582481 -6.94471264 69.99999237
v -12.31225586 -8.48902416 69.99999237
v -13.98644066 -5.29913139 69.99999237
v -14.52330303 -3.57627654 69.99999237
v -14.84858513 -1.80127156 69.99999237
v -14.95754242 0 69.99999237
v -14.84858513 1.80127156 69.99999237
v -14.52330303 3.57627654 69.99999237
v -13.98644066 5.29913139 69.99999237
v -13.24582481 6.94471264 69.99999237
v -12.31225586 8.48902416 69.99999237
v -0.01378268 14.94376278 69.99999237
v 1.78748858 14.83480549 69.99999237
v 3.56249309 14.50952339 69.99999237
v 5.28534794 13.97266102 69.99999237
v 6.93092871 13.23204422 69.99999237
v 8.47523975 12.29847527 69.99999237
v 9.8957634 11.1855669 69.99999237
v 1.28349352 51.98381424 4.75305367
v 1.37196851 51.98153305 4.57420349
v 4.65369987 51.7901001 4.75305367
v 1.43561602 51.97980118 4.38510513
v 1.48622072 51.97835922 4.00013542
v 4.19200325 51.82963943 7.63E-06
v 1.43568552 51.97980118 3.61517143
v 0.8282606 51.99318314 7.63E-06
v 1.37207341 51.98152924 3.42606163
v 1.28335619 51.98381805 3.24735069
v 1.04692662 51.98918152 2.93939209
v 0.73899245 51.99454498 2.70294189
v 0.56029218 51.99682999 2.61420822
v 0.37118828 51.99855804 2.55057526
v -0.01377897 52 2.50000763
v -0.39874625 51.99855804 2.55057526
v -0.58785015 51.99682999 2.61420822
v -2.5390141 51.93864822 7.63E-06
v -0.76655042 51.99454498 2.70294189
v -1.07448447 51.98918152 2.93939209
v -1.31091404 51.98381805 3.24735069
v -1.39963126 51.98152924 3.42606163
v -1.4632436 51.97980118 3.61517143
v -1.51377881 51.97835922 4.00013542
v -1.4631741 51.97980118 4.38510513
v -4.6812582 51.7901001 4.75305367
v -1.3995266 51.98153305 4.57420349
v -1.31105161 51.98381424 4.75305367
v -5.89569664 51.6662674 7.63E-06
v -8.03179264 51.37812042 4.75305367
v -9.22770882 51.17717743 7.63E-06
v -11.34853745 50.7496109 4.75305367
v -12.5210743 50.47343445 7.63E-06
v -14.6175127 49.90722275 4.75305367
v -15.76198006 49.55798721 7.63E-06
v -17.82493973 48.85450363 4.75305176
v -18.93683243 48.43467712 7.63E-06
v -20.95730591 47.59588623 4.75305176
v -22.0323143 47.10821533 7.63E-06
v -24.00140572 46.13668442 4.75305176
v -25.03544426 45.58416367 7.63E-06
v -26.94440842 44.48303986 4.75305176
v -27.93362236 43.86891937 7.63E-06
v -29.77391815 42.64192581 4.75305176
v -30.71469688 41.96966934 7.63E-06
v -32.47800446 40.62109756 4.75305176
v -33.36699295 39.89439011 7.63E-06
v -35.04527283 38.42907715 4.75305176
v -35.87940598 37.65177536 3.81E-06
v -37.46490479 36.07509995 4.75305176
v -38.2413826 35.25123596 3.81E-06
v -39.72669983 33.56908798 4.75305176
v -40.44301987 32.70284271 3.81E-06
v -41.82112122 30.92160034 4.75305176
v -42.47507858 30.01728058 3.81E-06
v -43.73935699 28.14379501 4.75305176
v -44.32904434 27.20581627 3.81E-06
v -45.47331238 25.2473793 4.75305176
v -45.99713516 24.28024101 3.81E-06
v -47.01568604 22.24456024 4.75305176
v -47.47235489 21.25282669 3.81E-06
v -48.35996246 19.147995 4.75305176
v -48.74851608 18.13626862 3.81E-06
v -49.50049591 15.97072983 4.75305176
v -49.82027054 14.94364357 3.81E-06
v -50.43247223 12.72615814 4.75305176
v -50.68311691 11.68833828 3.81E-06
v -51.15195465 9.42795181 4.75305176
v -51.33343887 8.38400745 3.81E-06
v -51.65592194 6.09001303 4.75305176
v -51.7685051 5.04451227 3.81E-06
v -51.94225311 2.72640824 4.75305176
v -51.98649979 1.68385839 3.81E-06
v -52.00972748 -0.64868689 4.75305176
v -51.98649979 -1.68385839 3.81E-06
v -51.85807037 -4.02104807 4.75305176
v -51.7685051 -5.04451227 3.81E-06
v -51.48792267 -7.37646294 4.75305176
v -51.33343887 -8.38400745 3.81E-06
v -50.90083313 -10.70079041 4.75305176
v -50.68311691 -11.68833828 3.81E-06
v -50.09928894 -13.98002052 4.75305176
v -49.82027054 -14.94364357 3.81E-06
v -49.08666229 -17.20033264 4.75305176
v -48.74851608 -18.13626862 3.81E-06
v -47.86722565 -20.34815407 4.75305176
v -47.47235489 -21.25282669 3.81E-06
v -46.44610596 -23.4102211 4.75305176
v -45.99713516 -24.28024101 3.81E-06
v -44.82930756 -26.37362671 4.75305176
v -44.32904434 -27.20581627 3.81E-06
v -43.02362823 -29.22588158 4.75305176
v -42.47507858 -30.01728058 3.81E-06
v -41.03669739 -31.9549675 4.75305176
v -40.44301987 -32.70284271 3.81E-06
v -38.8768692 -34.54938126 4.75305176
v -38.2413826 -35.25123596 3.81E-06
v -36.5532608 -36.99818802 4.75305176
v -35.87940598 -37.65177536 3.81E-06
v -34.07566071 -39.29106903 4.75305176
v -33.36699295 -39.89439011 7.63E-06
v -31.45450211 -41.41835785 4.75305176
v -30.71469688 -41.96966934 7.63E-06
v -28.70084381 -43.37109756 4.75305176
v -27.93362236 -43.86891937 7.63E-06
v -25.82628632 -45.14104843 4.75305176
v -25.03544426 -45.58416367 7.63E-06
v -22.84294128 -46.72075653 4.75305176
v -22.0323143 -47.10821533 7.63E-06
v -19.76338577 -48.10356522 4.75305176
v -18.93683243 -48.43467712 7.63E-06
v -16.60059547 -49.28364182 4.75305367
v -15.76198006 -49.55798721 7.63E-06
v -13.36790371 -50.25601578 4.75305367
v -12.5210743 -50.47343445 7.63E-06
v -10.07893181 -51.01659393 4.75305367
v -9.22770882 -51.17717743 7.63E-06
v -6.74754 -51.56216049 4.75305367
v -5.89569664 -51.6662674 7.63E-06
v -3.38776922 -51.89042664 4.75305367
v -2.5390141 -51.93864822 7.63E-06
v -0.0137791 -52 4.75305367
v 0.8282606 -51.99318314 7.63E-06
v 3.3602109 -51.89042664 4.75305367
v 4.19200325 -51.82963943 7.63E-06
v 6.71998167 -51.56216049 4.75305367
v 7.53810549 -51.44870377 7.63E-06
v 10.05137444 -51.01659393 4.75305367
v 10.85253239 -50.85197449 7.63E-06
v 13.34034634 -50.25601578 4.75305367
v 14.12138176 -50.04195404 7.63E-06
v 16.5730381 -49.28364182 4.75305367
v 17.33094406 -49.02204132 7.63E-06
v 19.7358284 -48.10356522 4.75305557
v 20.46775627 -47.7965126 7.63E-06
v 22.81538391 -46.72075653 4.75305557
v 23.51866341 -46.37050629 7.63E-06
v 25.79872894 -45.14104843 4.75305557
v 26.47086525 -44.75001144 7.63E-06
v 28.67328644 -43.37109756 4.75305557
v 29.3119812 -42.94181442 7.63E-06
v 31.42694473 -41.41835785 4.75305557
v 32.03009415 -40.95350647 7.63E-06
v 34.0480957 -39.29106903 4.75305557
v 34.61380386 -38.79342651 7.63E-06
v 36.5256958 -36.99818802 4.75305557
v 37.05228043 -36.47063065 1.144E-05
v 38.84931183 -34.54938126 4.75305557
v 39.33528519 -33.99486542 1.144E-05
v 41.00913239 -31.9549675 4.75305557
v 41.45324326 -31.37651634 1.144E-05
v 42.99607086 -29.22588158 4.75305557
v 43.39727402 -28.62656021 1.144E-05
v 44.80174255 -26.37362671 4.75305557
v 45.15922928 -25.75653648 1.144E-05
v 46.41854858 -23.4102211 4.75305557
v 46.73170853 -22.77847862 1.144E-05
v 47.83966064 -20.34815407 4.75305557
v 48.10811996 -19.70488167 1.144E-05
v 49.05910492 -17.20033264 4.75305557
v 49.28269577 -16.54863548 1.144E-05
v 50.07173157 -13.98002052 4.75305557
v 50.25049973 -13.32297802 1.144E-05
v 50.87327576 -10.70079041 4.75305557
v 51.00748062 -10.04143906 1.144E-05
v 51.46035767 -7.37646294 4.75305557
v 51.55046463 -6.71778297 1.144E-05
v 51.83050537 -4.02104807 4.75305557
v 51.87716293 -3.36595058 1.144E-05
v 51.98216248 -0.64868689 4.75305557
v 51.9862175 0 1.144E-05
v 51.91468811 2.72640824 4.75305557
v 51.87716293 3.36595058 1.144E-05
v 51.62836456 6.09001303 4.75305557
v 51.55046463 6.71778297 1.144E-05
v 51.12439728 9.42795181 4.75305557
v 51.00748062 10.04143906 1.144E-05
v 50.40490723 12.72615814 4.75305557
v 50.25049973 13.32297802 1.144E-05
v 49.47293854 15.97072983 4.75305557
v 49.28269577 16.54863548 1.144E-05
v 48.33240509 19.147995 4.75305557
v 48.10811996 19.70488167 1.144E-05
v 46.98812103 22.24456024 4.75305557
v 46.73170853 22.77847862 1.144E-05
v 45.445755 25.2473793 4.75305557
v 45.15922928 25.75653648 1.144E-05
v 43.71179962 28.14379501 4.75305557
v 43.39727402 28.62656021 1.144E-05
v 41.79356384 30.92160034 4.75305557
v 41.45324326 31.37651634 1.144E-05
v 39.69913483 33.56908798 4.75305557
v 39.33528519 33.99486542 1.144E-05
v 37.43733978 36.07509995 4.75305557
v 37.05228043 36.47063065 1.144E-05
v 35.01770782 38.42907715 4.75305557
v 34.61380386 38.79342651 7.63E-06
v 32.45043945 40.62109756 4.75305557
v 32.03009415 40.95350647 7.63E-06
v 29.74636078 42.64192581 4.75305557
v 29.3119812 42.94181442 7.63E-06
v 26.91685104 44.48303986 4.75305557
v 26.47086525 44.75001144 7.63E-06
v 23.97384834 46.13668442 4.75305557
v 23.51866341 46.37050629 7.63E-06
v 20.92974854 47.59588623 4.75305557
v 20.46775627 47.7965126 7.63E-06
v 17.79738235 48.85450363 4.75305557
v 17.33094406 49.02204132 7.63E-06
v 14.58995533 49.90722275 4.75305367
v 14.12138176 50.04195404 7.63E-06
v 11.32098007 50.7496109 4.75305367
v 10.85253239 50.85197449 7.63E-06
v 8.00423527 51.37812042 4.75305367
v 7.53810549 51.44870377 7.63E-06
v 12.96235752 -2.55382013 66.32345581
v 9.76371193 -1.92429829 67.05474854
v 6.52621317 -1.28712952 67.57918549
v 6.59581327 -0.8610974 67.57918549
v 3.26272511 -0.64484602 67.89468384
v 3.29759455 -0.43140587 67.89468384
v -0.01378257 0 67.99999237
v 13.10045242 -1.70852113 66.32345581
v 13.18354225 -0.85605586 66.32345581
v 16.38426399 -1.06367362 65.38821411
v 16.41872597 -0 65.38821411
v 19.56087875 -0 64.25273895
v 19.51982689 1.26706445 64.25273895
v 22.57776451 1.46542025 62.92153931
v 22.43552971 2.92469406 62.92153931
v 25.38500786 3.30895162 61.39990997
v 22.35190773 3.50733161 62.92153931
v 25.28532028 4.00038528 61.39990997
v 22.19913483 4.37170076 62.92153931
v 25.11755371 4.94607162 61.39990997
v 24.74469185 6.56244564 61.39990997
v 27.52142334 7.29844284 59.69390106
v 26.99125099 9.06548595 59.69390106
v 29.60720634 9.94365215 57.81027985
v 28.90143585 11.84016037 57.81027985
v 31.34016037 12.83876514 55.75654602
v 30.44335365 14.84137535 55.75654602
v 32.69129181 15.93676758 53.54084778
v 31.59111977 18.02033997 53.54084778
v 33.6378479 19.18733406 51.17199707
v 32.32528687 21.32535934 51.17199707
v 34.1636734 22.53764725 48.65940857
v 32.63313293 24.7026825 48.65940857
v 34.25946808 25.93326187 46.01306152
v 32.50893402 28.09737778 46.01306152
v 33.92295837 29.31899452 43.24347687
v 31.95397377 31.45422745 43.24347687
v 33.15892029 32.6398201 40.36165619
v 30.97658348 34.71863174 40.36165619
v 31.97911263 35.84177017 37.37905121
v 29.59198761 37.83749771 37.37905121
v 30.40206528 38.87281418 34.30751801
v 27.82204819 40.76010513 34.30751801
v 28.45279694 41.68371201 31.15926361
v 25.69492149 43.43893051 31.15926361
v 26.1624012 44.22881317 27.9467926
v 23.24458313 45.83043671 27.9467926
v 23.56752968 46.46680069 24.68287277
v 20.51028824 47.89576721 24.68287277
v 20.70980644 48.3613739 21.38047791
v 17.535923 49.60138321 21.38047791
v 17.63514519 49.88182068 18.05272675
v 14.36929321 50.91962433 18.05272484
v 14.39299965 51.00355148 14.71284294
v 11.06133652 51.82913589 14.71284294
v 11.03555107 51.70846176 11.37409973
v 7.66529989 52.31524277 11.37409973
v 7.61686373 51.98526382 8.04976845
v 4.23586512 52.37017059 8.04976845
v 0.83704174 52.53541946 8.04976845
v 1.0485028 52.04852295 5.05904198
v 0.74179381 52.09845734 5.29543114
v 0.56298774 52.11729813 5.38468552
v 0.37330839 52.13084412 5.44887352
v 0.17887937 52.13894272 5.48725319
v -0.01377914 52.14163589 5.50000572
v -0.20643763 52.13894272 5.48725319
v -0.40086672 52.13084412 5.44887352
v -2.22048378 52.49594879 8.04976845
v -0.59054607 52.11729813 5.38468552
v -0.76935214 52.09845734 5.29543114
v -1.07606089 52.04852295 5.05904198
v -2.56535029 52.48031616 8.04976845
v -5.95703983 52.20509338 8.04976845
v -8.10626698 51.91537094 8.04976845
v -9.32380104 51.71090317 8.04976845
v -9.38289738 52.03914261 11.37409973
v -12.6515131 50.99982071 8.04976845
v -12.73173332 51.32354736 11.37409973
v -15.92621803 50.0748291 8.04976845
v -16.02722168 50.39268112 11.37409973
v -19.13418007 48.93980408 8.04976654
v -19.25554848 49.25045013 11.37409782
v -22.26194572 47.59950638 8.04976654
v -22.40316772 47.90164948 11.37409782
v -25.29639626 46.05956268 8.04976654
v -25.45687866 46.35192871 11.37409782
v -28.2247982 44.32642746 8.04976654
v -28.40386963 44.6077919 11.37409782
v -31.03487587 42.40737534 8.04976654
v -31.23178482 42.67655563 11.37409782
v -33.71484375 40.31044769 8.04976654
v -33.92876434 40.56632233 11.37409782
v -36.25345612 38.04444504 8.04976654
v -36.48348999 38.28593445 11.37409782
v -38.64006042 35.6188736 8.04976654
v -38.88524628 35.84496307 11.37409782
v -40.86466217 33.04389954 8.04976654
v -41.1239624 33.25364685 11.37409782
v -42.91791534 30.3303318 8.04976654
v -43.19024658 30.52285385 11.37409782
v -44.79121399 27.48954582 8.04976654
v -45.07543945 27.6640377 11.37409782
v -46.47669983 24.53346062 8.04976654
v -46.77162933 24.689188 11.37409782
v -47.96730804 21.47447205 8.04976654
v -48.27169037 21.61078262 11.37409782
v -49.2567749 18.32541275 8.04976654
v -49.5693512 18.44173431 11.37409782
v -50.33970642 15.09949112 8.04976654
v -50.6591568 15.19533539 11.37409782
v -51.21154785 11.81023598 8.04976654
v -51.53652954 11.88520241 11.37409782
v -51.86865234 8.47144508 8.04976654
v -52.19780731 8.52521801 11.37409592
v -52.30825806 5.09712172 8.04976463
v -52.64020538 5.12947607 11.37409592
v -52.52852631 1.70141935 8.04976463
v -52.86186981 1.71221924 11.37409592
v -52.52852631 -1.70141935 8.04976463
v -52.86186981 -1.71221924 11.37409592
v -52.30825806 -5.09712172 8.04976463
v -52.64020538 -5.12947607 11.37409592
v -51.86865234 -8.47144508 8.04976654
v -52.19780731 -8.52521801 11.37409592
v -51.21154785 -11.81023598 8.04976654
v -51.53652954 -11.88520241 11.37409782
v -50.33970642 -15.09949112 8.04976654
v -50.6591568 -15.19533539 11.37409782
v -49.2567749 -18.32541275 8.04976654
v -49.5693512 -18.44173431 11.37409782
v -47.96730804 -21.47447205 8.04976654
v -48.27169037 -21.61078262 11.37409782
v -46.47669983 -24.53346062 8.04976654
v -46.77162933 -24.689188 11.37409782
v -44.79121399 -27.48954582 8.04976654
v -45.07543945 -27.6640377 11.37409782
v -42.91791534 -30.3303318 8.04976654
v -43.19024658 -30.52285385 11.37409782
v -40.86466217 -33.04389954 8.04976654
v -41.1239624 -33.25364685 11.37409782
v -38.64006042 -35.6188736 8.04976654
v -38.88524628 -35.84496307 11.37409782
v -36.25345612 -38.04444504 8.04976654
v -36.48348999 -38.28593445 11.37409782
v -33.71484375 -40.31044769 8.04976654
v -33.92876434 -40.56632233 11.37409782
v -31.03487587 -42.40737534 8.04976654
v -31.23178482 -42.67655563 11.37409782
v -28.2247982 -44.32642746 8.04976654
v -28.40386963 -44.6077919 11.37409782
v -25.29639626 -46.05956268 8.04976654
v -25.45687866 -46.35192871 11.37409782
v -22.26194572 -47.59950638 8.04976654
v -22.40316772 -47.90164948 11.37409782
v -19.13418007 -48.93980408 8.04976654
v -19.25554848 -49.25045013 11.37409782
v -15.92621803 -50.0748291 8.04976845
v -16.02722168 -50.39268112 11.37409973
v -12.6515131 -50.99982071 8.04976845
v -12.73173332 -51.32354736 11.37409973
v -9.32380104 -51.71090317 8.04976845
v -9.38289738 -52.03914261 11.37409973
v -5.95703983 -52.20509338 8.04976845
v -5.9947648 -52.53646851 11.37409973
v -2.56535029 -52.48031616 8.04976845
v -2.58154678 -52.81343842 11.37409973
v 0.83704174 -52.53541946 8.04976845
v 0.84244221 -52.86889267 11.37409973
v 4.23586512 -52.37017059 8.04976845
v 4.26283979 -52.70259476 11.37409973
v 7.61686373 -51.98526382 8.04976845
v 7.66529989 -52.31524277 11.37409973
v 10.03691864 -51.91181183 11.37409973
v 9.96812248 -52.05073547 14.71284294
v 11.06133652 -51.82913589 14.71284294
v 11.04311275 -51.74385071 18.05272484
v 14.39299965 -51.00355148 14.71284294
v 14.36929321 -50.91962433 18.05272484
v 17.66423607 -49.96403885 14.71284485
v 17.63514519 -49.88182068 18.05272675
v 20.86132622 -48.71496201 14.71284485
v 20.82697296 -48.63479996 18.05272675
v 23.97085762 -47.26155472 14.71284485
v 23.93138885 -47.18378448 18.05272675
v 26.97978783 -45.60991669 14.71284485
v 26.93536758 -45.53486633 18.05272675
v 29.87549973 -43.7669754 14.71284485
v 29.82631493 -43.69495773 18.05272675
v 32.64584351 -41.74046326 14.71284485
v 32.59210205 -41.67177582 18.05272675
v 35.27919769 -39.53887177 14.71284485
v 35.22112274 -39.4738121 18.05272675
v 37.76452637 -37.17144394 14.71284485
v 37.70236206 -37.11027908 18.05272675
v 40.09140015 -34.64810562 14.71284485
v 40.02540588 -34.59109116 18.05272675
v 42.25006104 -31.97944069 14.71284485
v 42.18051147 -31.92681885 18.05272675
v 44.23145294 -29.17664337 14.71284485
v 44.15864563 -29.12863159 18.05272675
v 46.02725983 -26.25146866 14.71284485
v 45.95149994 -26.20827103 18.05272675
v 47.62995148 -23.21618652 14.71284485
v 47.55155945 -23.17798424 18.05272675
v 49.03281403 -20.08352661 14.71284485
v 48.95211029 -20.05047989 18.05272675
v 50.22995758 -16.86663055 14.71284485
v 50.14728546 -16.83887672 18.05272675
v 51.216362 -13.57898903 14.71284485
v 51.13206482 -13.55664539 18.05272675
v 51.98789215 -10.23439312 14.71284485
v 51.90232086 -10.21755219 18.05272675
v 52.54130554 -6.8468709 14.71284676
v 52.45482635 -6.83560419 18.05272865
v 52.87428284 -3.43062997 14.71284676
v 52.78725433 -3.42498493 18.05272865
v 52.98543549 -0 14.71284676
v 52.89822388 -0 18.05272865
v 52.87428284 3.43062997 14.71284676
v 52.78725433 3.42498493 18.05272865
v 52.54130554 6.8468709 14.71284676
v 52.45482635 6.83560419 18.05272865
v 52.06951904 9.32790852 18.05272675
v 51.78848267 9.20945168 21.38047791
v 51.61045074 10.16010952 21.38047791
v 51.11342621 10.06229115 24.68287468
v 50.84452057 13.4804287 21.38047791
v 50.35487366 13.35064411 24.68287468
v 49.86528015 16.74420738 21.38047791
v 49.38505554 16.58300018 24.68287468
v 48.67681885 19.93775368 21.38047791
v 48.20804596 19.74580193 24.68287468
v 47.28414154 23.04767609 21.38047791
v 46.8287735 22.82578087 24.68287468
v 45.69307709 26.06092834 21.38047791
v 45.25302887 25.81002235 24.68287468
v 43.91030121 28.96487045 21.38047791
v 43.48741913 28.68600655 24.68287468
v 41.94329834 31.74732399 21.38047791
v 41.53935242 31.44167328 24.68287277
v 39.80030823 34.39661789 21.38047791
v 39.41699219 34.06546021 24.68287277
v 37.49032593 36.90164185 21.38047791
v 37.12924957 36.54636765 24.68287277
v 35.02303314 39.25188828 21.38047791
v 34.68571472 38.87398529 24.68287277
v 32.40879059 41.43749619 21.38047791
v 32.09663391 41.03855133 24.68287277
v 29.65855217 43.44930267 21.38047791
v 29.37287712 43.0309906 24.68287277
v 26.78385925 45.27886581 21.38047791
v 26.52586174 44.84293747 24.68287277
v 23.79676819 46.91851425 21.38047791
v 13.21127701 -0 66.32345581
v 13.18354225 0.85605586 66.32345581
v 13.10045242 1.70852113 66.32345581
v 13.05934143 1.99891078 66.32345581
v 16.28102303 2.1228857 65.38821411
v 16.22676277 2.50440359 65.38821411
v 19.39684486 2.52881432 64.25273895
v 19.32839012 3.00793839 64.25273895
v 9.76371193 1.92429829 67.05474854
v 9.83870029 1.49361944 67.05474854
v 6.52621317 1.28712952 67.57918549
v 9.61864758 2.55315828 67.05474854
v 6.42918205 1.70776296 67.57918549
v 9.43318081 3.17130947 67.05474854
v 6.30512667 2.12123346 67.57918549
v 9.20809078 3.77615905 67.05474854
v 6.15456772 2.5258069 67.57918549
v 8.94432068 4.36517 67.05474854
v 5.97813702 2.91978598 67.57918549
v 8.64297771 4.93587208 67.05474854
v 5.77657366 3.30151868 67.57918549
v 8.30532455 5.48587132 67.05474854
v 5.55072355 3.66940355 67.57918549
v 7.93277884 6.01286077 67.05474854
v 5.3015337 4.02189779 67.57918549
v 7.5269022 6.51463032 67.05474854
v 5.0300498 4.35752249 67.57918549
v 7.08939743 6.98907518 67.05474854
v 4.73741055 4.67487049 67.57918549
v 6.6220994 7.43420553 67.05474854
v 4.42484283 4.97261047 67.57918549
v 6.12696838 7.84815407 67.05474854
v 4.09365797 5.2494936 67.57918549
v 5.60608053 8.2291851 67.05474854
v 3.74524546 5.50435829 67.57918549
v 5.06162071 8.57569981 67.05474854
v 3.38106608 5.73613596 67.57918549
v 4.49587345 8.88624477 67.05474854
v 3.00264764 5.94385433 67.57918549
v 3.91121101 9.15951824 67.05474854
v 2.61157703 6.12664223 67.57918549
v 3.31008601 9.39437389 67.05474854
v 2.20949483 6.28373241 67.57918549
v 2.69501901 9.58982563 67.05474854
v 1.7980876 6.41446686 67.57918549
v 2.06859064 9.74505424 67.05474854
v 1.37908065 6.51829672 67.57918549
v 0.95582926 6.59455156 67.57918549
v 0.52532208 6.64361525 67.57918549
v 0.09415156 6.66457891 67.57918549
v -0.33747169 6.65758848 67.57918549
v -0.76773727 6.62267399 67.57918549
v -1.19484043 6.55998182 67.57918549
v -1.77950048 9.80737495 67.05474854
v -1.5069406 9.85255432 67.05474854
v -2.35714388 13.01579475 66.32345581
v -3.19473934 12.83681297 66.32345581
v -3.96621108 15.95010281 65.38821411
v -4.99036932 15.66081238 65.38821411
v -5.94196939 18.65540314 64.25273895
v -7.13709736 18.23254967 64.25273895
v -8.25223541 21.08680916 62.92153931
v -9.59990311 20.50931358 62.92153931
v -10.85936451 23.20390511 61.39990997
v -12.33860397 22.45320892 61.39990997
v -13.7208662 24.97140121 59.69389725
v -15.3085146 24.03177452 59.69389725
v -16.79010391 26.35971451 57.81027985
v -18.46117973 25.21850395 57.81027985
v -20.01704216 27.34544563 55.75653839
v -21.74515724 25.99328995 55.75653839
v -23.34907722 27.91176605 53.54084778
v -25.10686302 26.34274101 53.54084778
v -26.731884 28.0486927 51.17199707
v -28.49143791 26.26041031 51.17199707
v -30.11031532 27.75324249 48.65940475
v -31.84365845 25.74689674 48.65940475
v -33.42928314 27.02949524 46.01305771
v -35.10881805 24.80982971 46.01305771
v -36.6346817 25.88851166 43.24346924
v -38.23364258 23.46375465 43.24346924
v -39.67424774 24.34816551 40.36165237
v -41.16712952 21.72988701 40.36165237
v -42.49842834 22.43284225 37.37904739
v -43.86140442 19.63577271 37.37904739
v -45.06116486 20.17304993 34.30751419
v -46.27249146 17.21483421 34.30751419
v -47.3207016 17.60491562 31.1592598
v -48.36105347 14.50582695 31.1592598
v -49.2401886 14.76959705 27.94678879
v -50.09297943 11.55220604 27.94678879
v -50.78833771 11.71261024 24.68286896
v -51.44001007 8.40141869 24.68286896
v -51.93994141 8.4830904 21.38047409
v -52.38014984 5.10412836 21.38047409
v -52.67622375 5.13298655 18.05272102
v -52.89803314 1.71339095 18.05272102
v -52.98519897 1.71621501 14.71283913
v -52.98519897 -1.71621501 14.71283913
v 6.59581327 0.8610974 67.57918549
v 3.29759455 0.43140587 67.89468384
v 3.31857491 0.21615624 67.89468384
v 6.63769054 0.43145353 67.57918549
v 6.65166903 0 67.57918549
v 6.63769054 -0.43145353 67.57918549
v -2.35714388 -13.01579475 66.32345581
v -1.77950048 -9.80737495 67.05474854
v -1.19484043 -6.55998182 67.57918549
v -0.76773727 -6.62267399 67.57918549
v -0.33747169 -6.65758848 67.57918549
v 0.09415156 -6.66457891 67.57918549
v 0.52532208 -6.64361525 67.57918549
v 0.95585322 -6.59454823 67.57918549
v 1.37908065 -6.51829672 67.57918549
v 2.06859064 -9.74505424 67.05474854
v 2.69501901 -9.58982563 67.05474854
v 3.58118629 -12.72707558 66.32345581
v 4.39746809 -12.46768284 66.32345581
v 5.46732092 -15.4914484 65.38821411
v 6.45858479 -15.10416889 65.38821411
v 7.69620228 -17.99232101 64.25273895
v 8.84467125 -17.45552063 64.25273895
v 10.2314415 -20.18814087 62.92153931
v 11.51673031 -19.48263168 62.92153931
v 13.0316534 -22.0423336 61.39990997
v 14.4310894 -21.15167809 61.39990997
v 16.05112267 -23.52389908 59.69389725
v 17.54012871 -22.43468666 59.69390106
v 19.24056435 -24.60791779 57.81027985
v 20.79305077 -23.30998039 57.81027985
v 22.54790878 -25.2759552 55.75654602
v 24.13669968 -23.76253128 55.75654602
v 25.91916656 -25.51636505 53.54084778
v 27.51644897 -23.78421593 53.54084778
v 29.29930305 -25.32447815 51.17199707
v 30.8770771 -23.37393761 51.17199707
v 32.63313293 -24.7026825 48.65940857
v 34.1636734 -22.53764725 48.65940857
v 35.86624146 -23.66037369 46.01306152
v 37.32252502 -21.28824615 46.01306152
v 38.94583893 -22.2138176 43.24347687
v 40.30202484 -19.64538193 43.24347687
v 41.82164001 -20.38586807 40.36165619
v 43.05347443 -17.63511467 40.36165619
v 44.44668579 -18.20560646 37.37905121
v 45.53189087 -15.28950691 37.37905121
v 46.77812195 -15.7078619 34.30752182
v 47.69675446 -12.64608765 34.30752182
v 48.77786255 -12.93264294 31.15926552
v 49.51266479 -9.74724674 31.15926552
v 50.41323853 -9.92448807 27.94679451
v 50.94989777 -6.6395421 27.94679451
v 51.65753937 -6.73173332 24.68287468
v 51.98491669 -3.3729403 24.68287468
v 52.49040985 -3.40572953 21.38047791
v 52.60074615 -0 21.38047791
v -1.50971949 -13.14018345 66.32345581
v -1.87252641 -16.32704926 65.38821411
v -0.81178164 -16.41312408 65.38821411
v -0.96437138 -19.55156898 64.25273895
v 0.30319145 -19.57209778 64.25273895
v 0.35281301 -22.63606071 62.92153931
v 1.05042267 -22.61400223 62.92153931
v 1.16350651 -25.58636093 61.39990997
v 2.05784297 -25.52951813 61.39990997
v 2.29018164 -28.39272499 59.69389725
v 4.12320566 -28.18404579 59.69389725
v 4.52395248 -30.91421318 57.81027985
v 4.5557704 -28.11715317 59.69389725
v 5.05308199 -30.83190727 57.81027985
v 5.93887758 -27.85715294 59.69389725
v 6.51550722 -30.55565262 57.81027985
v 8.47967529 -30.06893349 57.81027985
v 9.19601822 -32.6049614 55.75654221
v 11.28721714 -31.9404335 55.75654221
v 12.12130547 -34.29785156 53.54084778
v 14.31594849 -33.44041824 53.54084778
v 15.2439394 -35.60601425 51.17199707
v 17.51671219 -34.54371262 51.17199707
v 18.51327324 -36.50742722 48.65940857
v 20.83753777 -35.23161316 48.65940857
v 21.87626076 -36.98669815 46.01306152
v 24.22449493 -35.49219131 46.01306152
v 25.27832794 -37.0353241 43.24347305
v 27.62257385 -35.32049942 43.24347687
v 28.66426086 -36.65182114 40.36165619
v 30.97658348 -34.71863174 40.36165619
v 31.97911263 -35.84177017 37.37905121
v 34.23204803 -33.69570923 37.37905121
v 35.16909027 -34.61769867 34.30752182
v 37.33609772 -32.26771545 34.30752182
v 38.18243408 -32.99888992 31.15926361
v 40.23834229 -30.4572525 31.15926361
v 40.97027588 -31.01107788 27.9467926
v 42.89167023 -28.29315186 27.9467926
v 43.48741913 -28.68600655 24.68287468
v 45.25302887 -25.81002235 24.68287468
v 45.69307709 -26.06092834 21.38047791
v 47.28414154 -23.04767609 21.38047791
v -0.65602076 -13.20945835 66.32345581
v 0.20037183 -13.22332764 66.32345581
v 0.64930451 -13.20842838 66.32345581
v 1.05586624 -13.18173409 66.32345581
v 1.90687406 -13.08485126 66.32345581
v 1.99191761 -13.07208538 66.32345581
v 2.37268734 -16.25829697 65.38821411
v 2.50714469 -16.23799324 65.38821411
v 2.82901764 -19.367136 64.25273895
v 3.02346873 -19.33759499 64.25273895
v 3.27405119 -22.39901352 62.92153931
v 3.53858256 -22.35858536 62.92153931
v 3.70601916 -25.34188271 61.39990997
v 4.05014086 -25.28897858 61.39990997
v 2.74982595 -12.9330864 66.32345581
v 4.45306778 -15.81375122 65.38821411
v 6.51539373 -18.45365334 64.25273895
v 8.90318012 -20.80897331 62.92153931
v 11.57749844 -22.84053612 61.39990997
v 14.49473572 -24.51444435 59.69389725
v 17.60731697 -25.80264091 57.81027985
v 20.86448479 -26.68336105 55.75654602
v 24.21311188 -27.14148712 53.54084778
v 27.59857941 -27.16880035 51.17199707
v 30.96567154 -26.76410484 48.65940857
v 34.25946808 -25.93326187 46.01306152
v 37.42623901 -24.68908119 43.24347687
v 40.41432953 -23.05111504 40.36165619
v 43.17500305 -21.0453434 37.37905121
v 45.66322327 -18.70375061 34.30752182
v 47.83840942 -16.06379509 31.15926552
v 49.66507721 -13.16780663 27.94679451
v 51.11342621 -10.06229115 24.68287468
v 52.15984344 -6.79717398 21.38047791
v 1.4800458 -9.85245323 67.05474854
v -9.8484621 1.60667527 67.05474854
v -13.06581497 2.13228893 66.32345581
v -13.17646503 1.28296125 66.32345581
v -13.23190689 0.42825252 66.32345581
v -16.43767357 0.53211582 65.38821411
v -16.43767357 -0.53211582 65.38821411
v -19.5781765 -0.63386464 64.25273132
v -19.49611664 -1.89893532 64.25273132
v -22.54603004 -2.19620895 62.92153549
v -22.35661507 -3.65011168 62.92153549
v -25.29210281 -4.1296773 61.39990997
v -24.97177696 -5.75727797 61.39990997
v -27.77088547 -6.40297318 59.69389343
v -27.29821014 -8.18625736 59.69389343
v -29.94123268 -8.97925377 57.81027985
v -29.29724312 -10.89762115 57.81027985
v -31.76702499 -11.81673241 55.75653839
v -30.93553734 -13.847332 55.75653839
v -33.21776581 -14.86935711 53.54084778
v -32.18563843 -16.987463 53.54084778
v -34.26908112 -18.08756638 51.17199707
v -33.02644348 -20.2669735 51.17199707
v -34.90312195 -21.41909599 48.65940475
v -33.4434967 -23.63255692 48.65940475
v -35.10881805 -24.80982971 46.01305771
v -33.42928314 -27.02949524 46.01305771
v -34.88212585 -28.2046833 43.24346924
v -32.98331451 -30.40255547 43.24346924
v -34.22602081 -31.54850769 40.36165237
v -32.11214447 -33.69689941 40.36165237
v -33.15052032 -34.78698349 37.37904739
v -30.82927132 -36.85896301 37.37904739
v -31.67245102 -37.86750412 34.30751801
v -29.1548996 -39.83735275 34.30751801
v -29.81522751 -40.74005127 31.1592598
v -27.11563301 -42.5836525 31.1592617
v -27.60844612 -43.35798264 27.94678879
v -24.74402237 -45.05325317 27.94678879
v -25.08740616 -45.67882538 24.68287086
v -22.07804108 -47.20603943 24.68287086
v -22.29253197 -47.66493988 21.38047409
v -19.16046715 -49.00708008 21.38047409
v -19.26871872 -49.2841568 18.05272293
v -16.03818321 -50.4271698 18.05272484
v -16.06459236 -50.51028442 14.71284294
v -12.76141357 -51.44332123 14.71284294
v -13.23190689 -0.42825252 66.32345581
v -13.17646503 -1.28296125 66.32345581
v -13.06581497 -2.13228893 66.32345581
v -16.23130035 -2.64942908 65.38821411
v -16.02579117 -3.69362998 65.38821411
v -19.08753777 -4.3999095 64.25273132
v -18.76273155 -5.62532282 64.25273132
v -21.69783401 -6.50595331 62.92153549
v -21.23122978 -7.89591455 62.92153549
v -24.01885986 -8.93330956 61.39990997
v -23.39026451 -10.46841908 61.39990997
v -26.01200485 -11.64248276 59.69389343
v -25.20386505 -13.30092716 59.69389343
v -27.64400864 -14.5893774 57.81027985
v -26.64169693 -16.3472805 57.81027985
v -28.88750648 -17.726017 55.75653839
v -27.67955017 -19.55783463 55.75653839
v -29.72146797 -21.00133324 53.54084778
v -28.29975319 -22.88026237 53.54084778
v -30.13154602 -24.36198425 51.17199707
v -28.49143791 -26.26041031 51.17199707
v -30.11031532 -27.75324249 48.65940475
v -28.25073433 -29.64318275 48.65940475
v -29.65737724 -31.11987877 46.01305771
v -27.58082581 -32.97343826 46.01305771
v -28.77938652 -34.40705872 43.24346924
v -26.49189949 -36.1968956 43.24346924
v -27.48992729 -37.56124878 40.36165237
v -25.00097466 -39.2610054 40.36165237
v -25.80930138 -40.53108597 37.37905121
v -23.13163376 -42.11582565 37.37905121
v -23.76418877 -43.26820755 34.30751801
v -20.91363716 -44.71482468 34.30751801
v -21.38722038 -45.72804642 31.1592617
v -18.38242912 -47.01564407 31.1592617
v -18.7164402 -47.87056732 27.9467907
v -15.57856464 -48.980793 27.9467907
v -15.79468346 -49.66090012 24.68287086
v -12.54704857 -50.57824707 24.68287086
v -12.66888714 -51.06993103 21.38047409
v -9.33659935 -51.78199005 21.38047409
v -9.38930893 -52.07475662 18.05272484
v -5.99885845 -52.57242203 18.05272484
v -6.00872326 -52.65907669 14.71284294
v -2.5875392 -52.93669128 14.71284294
v -1.07443941 -52.97877121 13.93934441
v -0.76377946 -52.97877121 13.70096588
v -9.8484621 -1.60667527 67.05474854
v -6.59202814 -1.07467711 67.57918549
v -9.7238369 -2.23990297 67.05474854
v -6.5086689 -1.49823201 67.57918549
v -9.55848503 -2.86373568 67.05474854
v -6.39806747 -1.91550279 67.57918549
v -9.35309887 -3.47555685 67.05474854
v -6.2606883 -2.32473946 67.57918549
v -9.10854053 -4.07280016 67.05474854
v -6.09710789 -2.72422504 67.57918549
v -8.82583523 -4.65296125 67.05474854
v -5.90801144 -3.11228442 67.57918549
v -8.50616932 -5.21360588 67.05474854
v -5.69419241 -3.48728991 67.57918549
v -8.15088367 -5.75238276 67.05474854
v -5.45654821 -3.84766841 67.57918549
v -7.76146889 -6.26703215 67.05474854
v -5.19607449 -4.19190836 67.57918549
v -7.33955669 -6.75539541 67.05474854
v -4.91386509 -4.51856613 67.57918549
v -6.88691759 -7.21542454 67.05474854
v -4.61110258 -4.82627153 67.57918549
v -6.40545082 -7.64518929 67.05474854
v -4.28905773 -5.11373377 67.57918549
v -5.89717484 -8.04288769 67.05474854
v -3.94908118 -5.37974739 67.57918549
v -5.36422157 -8.40685081 67.05474854
v -3.59259796 -5.62319613 67.57918549
v -4.80882692 -8.73555374 67.05474854
v -3.22110438 -5.84305954 67.57918549
v -4.23331976 -9.0276165 67.05474854
v -2.8361578 -6.03841496 67.57918549
v -3.64011526 -9.28181362 67.05474854
v -2.43937349 -6.20844316 67.57918549
v -3.03170013 -9.49707985 67.05474854
v -2.03241515 -6.3524313 67.57918549
v -2.41062689 -9.67251205 67.05474854
v -1.61698997 -6.46977472 67.57918549
v -6.60021448 -1.02330983 67.57918549
v -6.64779615 -0.64661461 67.57918549
v -6.67573833 -0.21583997 67.57918549
v -3.35139203 -0.10813484 67.89468384
v -3.35139203 0.10813484 67.89468384
v -6.67573833 0.21583997 67.57918549
v -3.33739305 0.32395095 67.89468384
v -6.64779615 0.64661461 67.57918549
v -6.59202814 1.07467711 67.57918549
v 1.90687406 13.08485126 66.32345581
v 2.74982595 12.9330864 66.32345581
v 1.05586624 13.18173409 66.32345581
v 0.20037183 13.22332764 66.32345581
v 0.25231031 16.43035889 65.38821411
v -0.81178164 16.41312408 65.38821411
v -0.96437138 19.55156898 64.25273895
v -2.22794724 19.44903564 64.25273895
v -2.57456899 22.49373245 62.92153931
v -2.95706701 19.35211945 64.25273895
v -3.42177343 22.3810463 62.92153931
v -3.48223591 19.264925 64.25273895
v -4.02521324 22.28079987 62.92153931
v -5.45903254 21.97441483 62.92153931
v -6.17445087 24.86149788 61.39990997
v -7.7708106 24.41057968 61.39990997
v -8.64078236 27.14829636 59.69389725
v -10.37999439 26.5329361 59.69389725
v -11.38416195 29.10316086 57.81027985
v -13.24415779 28.30612373 57.81027985
v -14.36001396 30.69347572 55.75654221
v -16.31670952 29.7004776 55.75654221
v -17.51997375 31.89256859 53.54084778
v -19.54766083 30.69251251 53.54084778
v -20.81266975 32.68015289 51.17199707
v -22.88443184 31.26531029 51.17199707
v -24.1845665 33.04265594 48.65940475
v -26.27272034 31.40878868 48.65940475
v -27.58082581 32.97343826 46.01305771
v -29.65737724 31.11987877 46.01305771
v -30.94622231 32.47290802 43.24346924
v -32.98331451 30.40255547 43.24346924
v -34.22602081 31.54850769 40.36165237
v -36.1964035 29.26779175 40.36165237
v -37.36689758 30.21459579 37.37904739
v -39.24435425 27.73336983 37.37904739
v -40.31778717 28.49221611 34.30751419
v -42.0775528 25.82359123 34.30751419
v -43.03070831 26.40874481 31.1592598
v -44.64992523 23.56888199 31.1592598
v -45.46157837 23.99745178 27.94678879
v -46.9196167 21.00529671 27.94678879
v -47.57091522 21.29696083 24.68286896
v -48.84972382 18.17393112 24.68286896
v -49.32447052 18.35060501 21.38047409
v -50.40888977 15.12024784 21.38047409
v -50.69381714 15.20573521 18.05272293
v -51.5717926 11.8933363 18.05272293
v -51.65677643 11.91293907 14.71284103
v -52.31958771 8.54511356 14.71283913
v -0.65602076 13.20945835 66.32345581
v -1.50971949 13.14018345 66.32345581
v -1.9977212 13.07540607 66.32345581
v -1.87252641 16.32704926 65.38821411
v -2.48174477 16.24612617 65.38821411
v 1.4351089 52.97877121 15.38823318
v 1.48622012 52.97877121 15.00000381
v 4.27282 52.82558823 14.71284294
v 1.4351089 52.97877121 14.61177444
v 4.26283979 52.70259476 11.37409973
v 0.84244221 52.86889267 11.37409973
v -1.88733995 52.84262085 11.37409973
v -2.58154678 52.81343842 11.37409973
v 1.28525829 52.97877121 14.25000381
v 1.04688036 52.97877121 13.93934441
v 0.7362203 52.97877121 13.70096588
v 0.37444893 52.97877121 13.55111504
v -0.01377958 52.97877121 13.50000381
v -0.40200809 52.97877121 13.55111504
v -0.76377946 52.97877121 13.70096588
v -1.07443941 52.97877121 13.93934441
v -1.31281734 52.97877121 14.25000381
v -1.46266818 52.97877121 14.61177444
v -1.54367018 52.9771347 14.71284294
v -2.5875392 52.93669128 14.71284294
v -5.9947648 52.53646851 11.37409973
v -8.14843082 52.24634171 11.37409973
v -1.5137794 52.97877121 15.00000381
v -1.46266818 52.97877121 15.38823318
v -1.31281745 52.97877121 15.75000381
v -2.58330417 52.84958267 18.05272484
v -1.07443953 52.97877121 16.06066322
v -0.76377964 52.97877121 16.29904175
v -0.40200827 52.97877121 16.44889259
v 0.84302783 52.90507507 18.05272484
v 0.83821064 52.60763931 21.380476
v 4.24170637 52.44216156 21.380476
v 4.20073557 51.9372673 24.68287277
v 7.55378675 51.55554199 24.68287277
v 7.45014858 50.8494873 27.9467926
v 10.72597218 50.2597084 27.9467926
v 10.5341711 49.36212158 31.15926361
v 13.7072506 48.57583237 31.15926361
v 13.4032259 47.49951172 34.30751801
v 16.44972229 46.53141785 34.30751801
v 16.01124191 45.2921257 37.37905121
v 18.90938568 44.15984344 37.37905121
v 18.31641006 42.77605057 40.36165619
v 21.04685402 41.49983215 40.36165619
v 20.28185844 39.99241257 43.24347305
v 22.8279953 38.59480667 43.24347305
v 21.87626076 36.98669815 46.01306152
v 24.22449493 35.49219131 46.01306152
v 23.07434464 33.80802536 48.65940857
v 25.2143116 32.24263382 48.65940857
v 23.85730553 30.50831795 51.17199707
v 25.78204155 28.89916611 51.17199707
v 24.21311188 27.14148712 53.54084778
v 25.91916656 25.51636505 53.54084778
v 24.13669968 23.76253128 55.75654602
v 25.62419701 22.14944077 55.75654602
v 23.63006401 20.42664719 57.81027985
v 24.90269089 18.85334778 57.81027985
v 22.70221138 17.18832779 59.69390106
v 23.76716805 15.68187809 59.69390106
v 21.36902618 14.10047054 61.39990997
v 22.23690224 12.68679428 61.39990997
v 19.65300369 11.2135191 62.92153931
v 20.33760834 9.91697407 62.92153931
v 17.58289146 8.57463646 64.25273895
v 18.10102272 7.417624 64.25273895
v 15.1932106 6.22693682 65.38821411
v 15.56438732 5.22953176 65.38821411
v 12.52369595 4.20878315 66.32345581
v 12.76983643 3.38840771 66.32345581
v -0.01377974 52.97877121 16.50000381
v 0.37444875 52.97877121 16.44889259
v 0.73622012 52.97877121 16.29904175
v 1.04688025 52.97877121 16.06066322
v 1.28525817 52.97877121 15.75000381
v 1.4351089 -52.97877121 15.38823318
v 1.53424752 -52.88936234 18.05272484
v 1.48622012 -52.97877121 15.00000381
v 4.26576614 -52.73866272 18.05272484
v 4.27282 -52.82558823 14.71284294
v 7.68322039 -52.43733215 14.71284294
v 1.28525817 -52.97877121 15.75000381
v 1.04688025 -52.97877121 16.06066322
v 0.73622012 -52.97877121 16.29904175
v 0.84302783 -52.90507507 18.05272484
v 0.37444875 -52.97877121 16.44889259
v -0.01377974 -52.97877121 16.50000381
v -0.40200827 -52.97877121 16.44889259
v -0.76377964 -52.97877121 16.29904175
v -2.58330417 -52.84958267 18.05272484
v -1.07443953 -52.97877121 16.06066322
v -1.31281745 -52.97877121 15.75000381
v -1.46266818 -52.97877121 15.38823318
v -1.5137794 -52.97877121 15.00000381
v -1.46266818 -52.97877121 14.61177444
v -1.31281734 -52.97877121 14.25000381
v -0.40200809 -52.97877121 13.55111504
v -0.01377958 -52.97877121 13.50000381
v 0.37444893 -52.97877121 13.55111504
v 0.7362203 -52.97877121 13.70096588
v 1.04688036 -52.97877121 13.93934441
v 1.28525829 -52.97877121 14.25000381
v 1.4351089 -52.97877121 14.61177444
v 10.96585751 51.38230896 8.04976845
v 14.35945702 50.88479996 11.37409973
v 17.66423607 49.96403885 14.71284485
v 20.82697296 48.63479996 18.05272675
v 14.26879787 50.56384277 8.04976845
v 17.62307739 49.84770966 11.37410164
v 20.86132622 48.71496201 14.71284485
v 23.93138885 47.18378448 18.05272675
v 17.51183319 49.53329086 8.04977036
v 20.81272316 48.60153961 11.37410164
v 23.97085762 47.26155472 14.71284485
v 26.93536758 45.53486633 18.05272675
v 20.68135834 48.29498291 8.04977036
v 23.91501427 47.15151596 11.37410164
v 26.97978783 45.60991669 14.71284485
v 29.82631493 43.69495773 18.05272675
v 23.76408386 46.8541069 8.04977036
v 26.91693878 45.50372314 11.37410164
v 29.87549973 43.7669754 14.71284485
v 32.59210205 41.67177582 18.05272675
v 26.74707222 45.21670914 8.04977036
v 29.8059082 43.66507339 11.37410164
v 32.64584351 41.74046326 14.71284485
v 35.22112274 39.4738121 18.05272675
v 29.61782074 43.38965607 8.04977036
v 32.56980133 41.64327621 11.37410164
v 35.27919769 39.53887177 14.71284485
v 37.70236206 37.11027908 18.05272675
v 32.3642807 41.38061142 8.04977036
v 35.19702911 39.44681549 11.37410164
v 37.76452637 37.17144394 14.71284485
v 40.02540588 34.59109116 18.05272675
v 34.97493744 39.19800186 8.04977036
v 37.67656708 37.0848999 11.37410164
v 40.09140015 34.64810562 14.71284485
v 42.18051147 31.92681885 18.05272675
v 37.43883514 36.85098267 8.04977036
v 39.99802399 34.56743622 11.37410164
v 42.25006104 31.97944069 14.71284485
v 44.15864563 29.12863159 18.05272675
v 39.74565125 34.34939957 8.04977036
v 42.1516571 31.90498352 11.37410164
v 44.23145294 29.17664337 14.71284485
v 45.95149994 26.20827103 18.05272675
v 41.88569641 31.70374107 8.04977036
v 44.12843323 29.10871124 11.37410164
v 46.02725983 26.25146866 14.71284485
v 47.55155945 23.17798424 18.05272675
v 43.8500061 28.92510796 8.04977036
v 45.9200592 26.19034767 11.37410164
v 47.62995148 23.21618652 14.71284485
v 48.95211029 20.05047989 18.05272675
v 45.63033295 26.0251503 8.04977036
v 47.51902771 23.16213226 11.37410164
v 49.03281403 20.08352661 14.71284485
v 50.14728546 16.83887672 18.05272675
v 47.21921539 23.01603699 8.04977036
v 48.91862488 20.03676605 11.37410164
v 50.22995758 16.86663055 14.71284485
v 51.13206482 13.55664539 18.05272675
v 48.60997772 19.91038322 8.04977036
v 50.11297607 16.82736015 11.37410164
v 51.216362 13.57898903 14.71284485
v 51.90232086 10.21755219 18.05272675
v 49.79680634 16.72122002 8.04977036
v 51.09708405 13.54737377 11.37410164
v 51.98789215 10.23439312 14.71284485
v 52.14341736 9.40976429 14.71284676
v 50.77470398 13.4619236 8.04977036
v 51.86681366 10.21056461 11.37410164
v 52.00997162 9.45416737 11.37410164
v 52.41894531 6.83092928 11.37410355
v 51.5395813 10.14616108 8.04977036
v 51.66981506 9.46041393 8.04977036
v 52.08821869 6.78784323 8.04977036
v 52.75114441 3.42264247 11.37410355
v 52.41832733 3.40105414 8.04977226
v 52.52851868 0 8.04977226
v 52.41832733 -3.40105414 8.04977226
v 52.08821869 -6.78784323 8.04977036
v 51.5395813 -10.14616108 8.04977036
v 50.77470398 -13.4619236 8.04977036
v 49.79680634 -16.72122002 8.04977036
v 48.60997772 -19.91038322 8.04977036
v 47.21921539 -23.01603699 8.04977036
v 45.63033295 -26.0251503 8.04977036
v 43.8500061 -28.92510796 8.04977036
v 41.88569641 -31.70374107 8.04977036
v 39.74565125 -34.34939957 8.04977036
v 37.43883514 -36.85098267 8.04977036
v 34.97493744 -39.19800186 8.04977036
v 32.3642807 -41.38061142 8.04977036
v 29.61782074 -43.38965607 8.04977036
v 26.74707222 -45.21670914 8.04977036
v 23.76408386 -46.8541069 8.04977036
v 20.68135834 -48.29498291 8.04977036
v 17.51183319 -49.53329086 8.04977036
v 14.26879787 -50.56384277 8.04976845
v 10.96585751 -51.38230896 8.04976845
v 10.06494999 -51.56659317 8.04976845
v 3.32557821 0 67.89468384
v 3.26272511 0.64484602 67.89468384
v 3.214113 0.85558146 67.89468384
v 3.15196204 1.06272829 67.89468384
v 3.0765326 1.2654177 67.89468384
v 2.98814154 1.46279943 67.89468384
v 2.88715911 1.65404582 67.89468384
v 2.77400923 1.83835447 67.89468384
v 2.64916635 2.01495242 67.89468384
v 2.51315427 2.18309879 67.89468384
v 2.36654329 2.3420887 67.89468384
v 2.2099483 2.49125504 67.89468384
v 2.04402637 2.62997222 67.89468384
v 1.86947346 2.75765848 67.89468384
v 1.68702114 2.87377787 67.89468384
v 1.49743533 2.97784376 67.89468384
v 1.30151069 3.06941962 67.89468384
v 1.1000694 3.14812136 67.89468384
v 0.89395607 3.21361852 67.89468384
v 0.68403554 3.26563692 67.89468384
v 0.47158825 3.30389905 67.89468384
v 0.25630635 3.32842088 67.89468384
v 0.04029193 3.33892345 67.89468384
v -0.17594934 3.33542132 67.89468384
v -0.39151046 3.31792951 67.89468384
v -0.60548717 3.28652096 67.89468384
v -0.81698215 3.24132752 67.89468384
v -1.0251081 3.18253899 67.89468384
v -1.22899234 3.11040163 67.89468384
v -1.42777956 3.02521825 67.89468384
v -1.62063599 2.92734599 67.89468384
v -1.80675256 2.81719565 67.89468384
v -1.98534894 2.69522882 67.89468384
v -2.15567613 2.56195736 67.89468384
v -2.31701922 2.4179399 67.89468384
v -2.4687016 2.26378107 67.89468384
v -2.61008739 2.10012698 67.89468384
v -2.74058342 1.92766428 67.89468384
v -2.85964227 1.74711633 67.89468384
v -2.96676445 1.55924034 67.89468384
v -3.06150079 1.3648243 67.89468384
v -3.14345407 1.16468382 67.89468384
v -3.21228027 0.95965815 67.89468384
v -3.26769114 0.75060737 67.89468384
v -3.30945373 0.53840828 67.89468384
v -3.33739305 -0.32395095 67.89468384
v -3.3115294 -0.52554494 67.89468384
v -3.26769114 -0.75060737 67.89468384
v -3.21228027 -0.95965815 67.89468384
v -3.14345407 -1.16468382 67.89468384
v -3.06150079 -1.3648243 67.89468384
v -2.96676445 -1.55924034 67.89468384
v -2.85964227 -1.74711633 67.89468384
v -2.74058342 -1.92766428 67.89468384
v -2.61008739 -2.10012698 67.89468384
v -2.4687016 -2.26378107 67.89468384
v -2.31701922 -2.4179399 67.89468384
v -2.15567613 -2.56195736 67.89468384
v -1.98534894 -2.69522882 67.89468384
v -1.80675256 -2.81719565 67.89468384
v -1.62063599 -2.92734599 67.89468384
v -1.42777956 -3.02521825 67.89468384
v -1.22899234 -3.11040163 67.89468384
v -1.0251081 -3.18253899 67.89468384
v -0.81698215 -3.24132752 67.89468384
v -0.60548717 -3.28652096 67.89468384
v -0.39151046 -3.31792951 67.89468384
v -0.17594934 -3.33542132 67.89468384
v 0.04029193 -3.33892345 67.89468384
v 0.25630635 -3.32842088 67.89468384
v 0.47159424 -3.3038981 67.89468384
v 0.89395607 -3.21361852 67.89468384
v 1.1000694 -3.14812136 67.89468384
v 1.30151069 -3.06941962 67.89468384
v 1.49743533 -2.97784376 67.89468384
v 1.68702114 -2.87377787 67.89468384
v 1.86947346 -2.75765848 67.89468384
v 2.04402637 -2.62997222 67.89468384
v 2.2099483 -2.49125504 67.89468384
v 2.36654329 -2.3420887 67.89468384
v 2.51315427 -2.18309879 67.89468384
v 2.64916635 -2.01495242 67.89468384
v 2.77400923 -1.83835447 67.89468384
v 2.88715911 -1.65404582 67.89468384
v 2.98814154 -1.46279943 67.89468384
v 3.0765326 -1.2654177 67.89468384
v 3.15196204 -1.06272829 67.89468384
v 3.214113 -0.85558146 67.89468384
v 3.31857491 -0.21615624 67.89468384
v 16.38426399 1.06367362 65.38821411
v 22.62524414 -0 62.92153931
v 19.51982689 -1.26706445 64.25273895
v 22.57776451 -1.46542025 62.92153931
v 19.39684486 -2.52881432 64.25273895
v 22.43552971 -2.92469406 62.92153931
v 19.19244766 -3.77995753 64.25273895
v 22.19913483 -4.37170076 62.92153931
v 18.90749168 -5.01524639 64.25273895
v 21.86957169 -5.80037069 62.92153931
v 18.54317474 -6.22949934 64.25273895
v 21.44822121 -7.20471239 62.92153931
v 18.10102272 -7.417624 64.25273895
v 20.9368515 -8.57883453 62.92153931
v 17.58289146 -8.57463646 64.25273895
v 20.33760834 -9.91697407 62.92153931
v 16.99095345 -9.69568348 64.25273895
v 19.65300369 -11.2135191 62.92153931
v 16.32769203 -10.77606392 64.25273895
v 18.88591003 -12.46302986 62.92153931
v 15.59589005 -11.81124496 64.25273895
v 18.03954506 -13.66026688 62.92153931
v 14.79861355 -12.79688644 64.25273895
v 17.11745834 -14.80020809 62.92153931
v 13.93920994 -13.72885323 64.25273895
v 16.12351608 -15.87807178 62.92153931
v 13.0212822 -14.6032362 64.25273895
v 15.06188965 -16.88933754 62.92153931
v 12.04868126 -15.41636848 64.25273895
v 13.93702888 -17.82976341 62.92153931
v 11.02548504 -16.16483879 64.25273895
v 12.75365543 -18.69540405 62.92153931
v 9.95598698 -16.84550858 64.25273895
v 25.59964561 -0 61.39990997
v 25.54593086 -1.65795279 61.39990997
v 25.38500786 -3.30895162 61.39990997
v 25.11755371 -4.94607162 61.39990997
v 24.74469185 -6.56244564 61.39990997
v 24.26798248 -8.15129471 61.39990997
v 23.68942833 -9.70595455 61.39990997
v 23.01145363 -11.21990395 61.39990997
v 22.23690224 -12.68679428 61.39990997
v 21.36902618 -14.10047054 61.39990997
v 20.41146088 -15.45500469 61.39990997
v 19.3682251 -16.74471474 61.39990997
v 18.24369621 -17.96419334 61.39990997
v 17.04258728 -19.10832214 61.39990997
v 15.76994038 -20.17230606 61.39990997
v 25.54593086 1.65795279 61.39990997
v 28.41252327 1.84389699 59.69390106
v 28.47226334 -0 59.69390106
v 31.16615677 2.02251387 57.81027985
v 31.23168564 -0 57.81027985
v 33.79589081 2.19309354 55.75654602
v 33.86694336 -0 55.75654602
v 36.2912674 2.3549583 53.54084778
v 36.36756897 -0 53.54084778
v 38.64237976 2.50746512 51.17199707
v 38.72361755 -0 51.17199707
v 40.83987427 2.65000772 48.65940857
v 40.92572784 -0 48.65940857
v 42.87502289 2.78201962 46.01306152
v 42.96515656 -0 46.01306152
v 44.73974609 2.90297627 43.24347687
v 44.83380127 -0 43.24347687
v 46.42662811 3.01239705 40.36165619
v 46.52422333 -0 40.36165619
v 47.92895508 3.10984707 37.37905502
v 48.02971649 -0 37.37905502
v 49.24077606 3.19493937 34.30752182
v 49.34429169 -0 34.30752182
v 50.35686493 3.26733541 31.15926552
v 50.46272278 -0 31.15926552
v 51.272789 3.32674789 27.94679451
v 51.38057709 -0 27.94679451
v 51.98491669 3.3729403 24.68287468
v 52.0941925 -0 24.68287468
v 52.49040985 3.40572953 21.38047791
v 28.41252327 -1.84389699 59.69390106
v 28.23355293 -3.68005991 59.69390106
v 27.93610382 -5.50078773 59.69390106
v 27.52142334 -7.29844284 59.69390106
v 26.99125099 -9.06548595 59.69390106
v 26.34781075 -10.79450512 59.69390106
v 25.59379959 -12.4782486 59.69390106
v 24.73238182 -14.10965443 59.69390106
v 23.76716805 -15.68187809 59.69390106
v 22.70221138 -17.18832779 59.69390106
v 21.54197311 -18.62268257 59.69390106
v 20.29132462 -19.97892952 59.69390106
v 18.95550919 -21.2513752 59.69390106
v 31.16615677 -2.02251387 57.81027985
v 30.96985054 -4.03654432 57.81027985
v 30.64358902 -6.03364468 57.81027985
v 30.18873787 -8.0054369 57.81027985
v 29.60720634 -9.94365215 57.81027985
v 28.90143585 -11.84016037 57.81027985
v 28.07438469 -13.68700695 57.81027985
v 27.12952042 -15.4764452 57.81027985
v 26.07081032 -17.2009697 57.81027985
v 24.90269089 -18.85334778 57.81027985
v 23.63006401 -20.42664719 57.81027985
v 22.25826454 -21.91427231 57.81027985
v 33.79589081 -2.19309354 55.75654602
v 33.58302307 -4.37698841 55.75654602
v 33.22924805 -6.54252481 55.75654602
v 32.73603058 -8.68061924 55.75654602
v 32.10545349 -10.78230476 55.75654602
v 31.34016037 -12.83876514 55.75654602
v 30.44335365 -14.84137535 55.75654602
v 29.41880035 -16.78173637 55.75654602
v 28.27079582 -18.6517086 55.75654602
v 27.00415802 -20.44344711 55.75654602
v 25.62419701 -22.14944077 55.75654602
v 36.2912674 -2.3549583 53.54084778
v 36.06269073 -4.70003939 53.54084778
v 35.68280029 -7.02540684 53.54084778
v 35.15318298 -9.32130718 53.54084778
v 34.47606659 -11.57811069 53.54084778
v 33.65428925 -13.7863512 53.54084778
v 32.69129181 -15.93676758 53.54084778
v 31.59111977 -18.02033997 53.54084778
v 30.35838699 -20.02832794 53.54084778
v 28.9982605 -21.95231056 53.54084778
v 38.64237976 -2.50746512 51.17199707
v 38.39900208 -5.00441313 51.17199707
v 37.99450684 -7.48037052 51.17199707
v 37.4305954 -9.92495346 51.17199707
v 36.70962524 -12.32790661 51.17199707
v 35.83462524 -14.67915344 51.17199707
v 34.80926514 -16.96883011 51.17199707
v 33.6378479 -19.18733406 51.17199707
v 32.32528687 -21.32535934 51.17199707
v 40.83987427 -2.65000772 48.65940857
v 40.58266449 -5.28890038 48.65940857
v 40.15517426 -7.90560913 48.65940857
v 39.5592041 -10.48915958 48.65940857
v 38.79724884 -13.02871418 48.65940857
v 37.87251282 -15.51362228 48.65940857
v 36.78886414 -17.93346024 48.65940857
v 35.55084991 -20.27807999 48.65940857
v 42.87502289 -2.78201962 46.01306152
v 42.60500336 -5.55237007 46.01306152
v 42.15621948 -8.29943275 46.01306152
v 41.53055573 -11.01168346 46.01306152
v 40.73065186 -13.67774868 46.01306152
v 39.75984192 -16.28644371 46.01306152
v 38.62221527 -18.826828 46.01306152
v 44.73974609 -2.90297627 43.24347687
v 44.45797729 -5.79377651 43.24347687
v 43.98968506 -8.66027546 43.24347687
v 43.33682251 -11.49044991 43.24347687
v 42.50213623 -14.27242947 43.24347687
v 41.48912048 -16.99454689 43.24347687
v 46.42662811 -3.01239705 40.36165619
v 46.1342392 -6.01215887 40.36165619
v 45.64829254 -8.98670387 40.36165619
v 44.9708252 -11.92355537 40.36165619
v 44.10467529 -14.81039524 40.36165619
v 47.92895508 -3.10984707 37.37905502
v 47.62711334 -6.20665073 37.37905502
v 47.12545013 -9.277421 37.37905502
v 46.42606354 -12.30927849 37.37905502
v 49.24077606 -3.19493937 34.30752182
v 48.93067169 -6.3764782 34.30752182
v 48.4152832 -9.53127193 34.30752182
v 50.35686493 -3.26733541 31.15926552
v 50.03973389 -6.52096653 31.15926552
v 51.272789 -3.32674789 27.94679451
v 52.86203766 -0 11.37410355
v 52.75114441 -3.42264247 11.37410355
v 52.41894531 -6.83092928 11.37410355
v 51.86681366 -10.21056461 11.37410164
v 51.09708405 -13.54737377 11.37410164
v 50.11297607 -16.82736015 11.37410164
v 48.91862488 -20.03676605 11.37410164
v 47.51902771 -23.16213226 11.37410164
v 45.9200592 -26.19034767 11.37410164
v 44.12843323 -29.10871124 11.37410164
v 42.1516571 -31.90498352 11.37410164
v 39.99802399 -34.56743622 11.37410164
v 37.67656708 -37.0848999 11.37410164
v 35.19702911 -39.44681549 11.37410164
v 32.56980133 -41.64327621 11.37410164
v 29.8059082 -43.66507339 11.37410164
v 26.91693878 -45.50372314 11.37410164
v 23.91501427 -47.15151596 11.37410164
v 20.81272316 -48.60153961 11.37410164
v 17.62307739 -49.84770966 11.37410164
v 14.35945702 -50.88479996 11.37409973
v 11.03555107 -51.70846176 11.37409973
v 0.68403554 -3.26563692 67.89468384
v -3.30945373 -0.53840828 67.89468384
v 51.61045074 -10.16010952 21.38047791
v 50.35487366 -13.35064411 24.68287468
v 48.70854187 -16.355896 27.94679451
v 46.69824982 -19.12757111 31.15926552
v 44.35674286 -21.62119102 34.30752182
v 41.72216797 -23.79681015 37.37905121
v 38.83744812 -25.61967659 40.36165619
v 35.74959564 -27.06078911 43.24347687
v 32.50893402 -28.09737778 46.01306152
v 29.1682663 -28.71327209 48.65940857
v 25.78204155 -28.89916611 51.17199707
v 22.40543938 -28.65276909 53.54084778
v 19.0934906 -27.9788475 55.75654602
v 15.9001646 -26.88913918 57.81027985
v 12.87749481 -25.40216637 59.69389725
v 10.07472515 -23.54293633 61.39990997
v 7.53751993 -21.34252739 62.92153931
v 5.30719948 -18.83758545 64.25273895
v 3.42007899 -16.06972504 65.38821411
v 50.84452057 -13.4804287 21.38047791
v 49.86528015 -16.74420738 21.38047791
v 48.67681885 -19.93775368 21.38047791
v 16.10943604 -3.17319369 65.38821411
v 16.28102303 -2.1228857 65.38821411
v 15.870224 -4.2101922 65.38821411
v 15.56438732 -5.22953176 65.38821411
v 15.1932106 -6.22693682 65.38821411
v 14.75825024 -7.19822407 65.38821411
v 14.26133156 -8.13931942 65.38821411
v 13.70453739 -9.04627514 65.38821411
v 13.09020519 -9.91528797 65.38821411
v 12.42090893 -10.74271297 65.38821411
v 11.69945717 -11.52507877 65.38821411
v 10.92887592 -12.25910473 65.38821411
v 10.11239815 -12.94171238 65.38821411
v 9.25344658 -13.57003689 65.38821411
v 8.35562611 -14.14144421 65.38821411
v 7.42270088 -14.65353775 65.38821411
v 12.76983643 -3.38840771 66.32345581
v 12.52369595 -4.20878315 66.32345581
v 12.22496891 -5.01150513 66.32345581
v 11.87490749 -5.79320765 66.32345581
v 11.47498226 -6.55061102 66.32345581
v 11.02686787 -7.28053904 66.32345581
v 10.53244591 -7.97992992 66.32345581
v 9.99378967 -8.64585018 66.32345581
v 9.41315746 -9.27550697 66.32345581
v 8.79298592 -9.86625862 66.32345581
v 8.13587475 -10.41562843 66.32345581
v 7.44458246 -10.92131042 66.32345581
v 6.7220068 -11.38118553 66.32345581
v 5.97117901 -11.79332352 66.32345581
v 5.19524765 -12.15599632 66.32345581
v 9.61864758 -2.55315828 67.05474854
v 9.43318081 -3.17130947 67.05474854
v 9.20809078 -3.77615905 67.05474854
v 8.94432068 -4.36517 67.05474854
v 8.64297771 -4.93587208 67.05474854
v 8.30532455 -5.48587132 67.05474854
v 7.93277884 -6.01286077 67.05474854
v 7.5269022 -6.51463032 67.05474854
v 7.08939743 -6.98907518 67.05474854
v 6.6220994 -7.43420553 67.05474854
v 6.12696838 -7.84815407 67.05474854
v 5.60608053 -8.2291851 67.05474854
v 5.06162071 -8.57569981 67.05474854
v 4.49587345 -8.88624477 67.05474854
v 3.91121101 -9.15951824 67.05474854
v 3.31008601 -9.39437389 67.05474854
v 6.42918205 -1.70776296 67.57918549
v 6.30512667 -2.12123346 67.57918549
v 6.15456772 -2.5258069 67.57918549
v 5.97813702 -2.91978598 67.57918549
v 5.77657366 -3.30151868 67.57918549
v 5.55072355 -3.66940355 67.57918549
v 5.3015337 -4.02189779 67.57918549
v 5.0300498 -4.35752249 67.57918549
v 4.73741055 -4.67487049 67.57918549
v 4.42484283 -4.97261047 67.57918549
v 4.09365797 -5.2494936 67.57918549
v 3.74524546 -5.50435829 67.57918549
v 3.38106608 -5.73613596 67.57918549
v 3.00264764 -5.94385433 67.57918549
v 2.61157703 -6.12664223 67.57918549
v 2.20949483 -6.28373241 67.57918549
v 1.7980876 -6.41446686 67.57918549
v 28.23355293 3.68005991 59.69390106
v 30.96985054 4.03654432 57.81027985
v 33.58302307 4.37698841 55.75654602
v 36.06269073 4.70003939 53.54084778
v 38.39900208 5.00441313 51.17199707
v 40.58266449 5.28890038 48.65940857
v 42.60500336 5.55237007 46.01306152
v 44.45797729 5.79377651 43.24347687
v 46.1342392 6.01215887 40.36165619
v 47.62711334 6.20665073 37.37905502
v 48.93067169 6.3764782 34.30752182
v 50.03973389 6.52096653 31.15926552
v 50.94989777 6.6395421 27.94679451
v 51.65753937 6.73173332 24.68287468
v 52.15984344 6.79717398 21.38047791
v 28.11699295 4.48489618 59.69390106
v 30.8357048 4.95866585 57.81027985
v 33.43068695 5.4195118 55.75654602
v 35.8916626 5.86527348 53.54084778
v 38.20890045 6.29382753 51.17199707
v 40.37324524 6.70309305 48.65940857
v 42.37615204 7.09104347 46.01306152
v 44.2097168 7.45571709 43.24347687
v 45.86672211 7.79522324 40.36165619
v 47.34064484 8.10775661 37.37905502
v 48.62570953 8.39159966 34.30752182
v 49.71688843 8.64513874 31.15926552
v 50.60991669 8.86686707 27.94679451
v 51.3013382 9.05539322 24.68287468
v 12.96235752 2.55382013 66.32345581
v 16.10943604 3.17319369 65.38821411
v 15.870224 4.2101922 65.38821411
v 19.19244766 3.77995753 64.25273895
v 18.90749168 5.01524639 64.25273895
v 18.54317474 6.22949934 64.25273895
v 27.93610382 5.50078773 59.69390106
v 30.64358902 6.03364468 57.81027985
v 33.22924805 6.54252481 55.75654602
v 35.68280029 7.02540684 53.54084778
v 37.99450684 7.48037052 51.17199707
v 40.15517426 7.90560913 48.65940857
v 42.15621948 8.29943275 46.01306152
v 43.98968506 8.66027546 43.24347687
v 45.64829254 8.98670387 40.36165619
v 47.12545013 9.277421 37.37905502
v 48.4152832 9.53127193 34.30752182
v 49.51266479 9.74724674 31.15926552
v 50.41323853 9.92448807 27.94679451
v 21.86957169 5.80037069 62.92153931
v 24.26798248 8.15129471 61.39990997
v 26.34781075 10.79450512 59.69390106
v 28.07438469 13.68700695 57.81027985
v 29.41880035 16.78173637 55.75654602
v 30.35838699 20.02832794 53.54084778
v 30.8770771 23.37393761 51.17199707
v 30.96567154 26.76410484 48.65940857
v 30.6219902 30.14364243 46.01306152
v 29.85090446 33.45753098 43.24347687
v 28.66426086 36.65182114 40.36165619
v 27.08068466 39.6745224 37.37905121
v 25.12527847 42.4764328 34.30751801
v 22.82921219 45.01195145 31.15926361
v 20.2292099 47.23983383 27.9467926
v 17.36696053 49.12384033 24.68287277
v 14.28843117 50.63335037 21.38047791
v 11.04311275 51.74385071 18.05272484
v 7.68322039 52.43733215 14.71284294
v 30.18873787 8.0054369 57.81027985
v 32.73603058 8.68061924 55.75654602
v 35.15318298 9.32130718 53.54084778
v 37.4305954 9.92495346 51.17199707
v 39.5592041 10.48915958 48.65940857
v 41.53055573 11.01168346 46.01306152
v 43.33682251 11.49044991 43.24347687
v 44.9708252 11.92355537 40.36165619
v 46.42606354 12.30927849 37.37905502
v 47.69675446 12.64608765 34.30752182
v 48.77786255 12.93264294 31.15926552
v 49.66507721 13.16780663 27.94679451
v -9.40476227 -52.16058731 14.71284294
v -12.74043655 -51.35866928 18.05272484
v -15.94809341 -50.14366531 21.38047409
v -18.97612953 -48.53525543 24.68287086
v -21.77586937 -46.55955124 27.94678879
v -24.30236435 -44.24864578 31.1592617
v -26.51512337 -41.6401062 34.30751801
v -28.37877274 -38.7763443 37.37904739
v -29.86363792 -35.70395279 40.36165237
v -30.94622231 -32.47290802 43.24346924
v -31.60959435 -29.13578987 46.01305771
v -31.84365845 -25.74689674 48.65940475
v -31.64533043 -22.36137581 51.17199707
v -31.01857758 -19.03431511 53.54084778
v -29.97435379 -15.81985188 55.75653839
v -28.53042984 -12.77028084 57.81027985
v -26.71109581 -9.93520641 59.69389343
v -24.54676819 -7.36073065 61.39990997
v -22.07348824 -5.08870459 62.92153549
v -19.33234215 -3.15604115 64.25273132
v -16.36878586 -1.59411561 65.38821411
v -9.24684334 -51.28345108 24.68287086
v -5.96521044 -52.27685928 21.380476
v -5.90791273 -51.77355576 24.68287277
v -2.56885839 -52.55245972 21.380476
v -2.54425931 -52.04650497 24.68287277
v 0.83821064 -52.60763931 21.380476
v 0.83000785 -52.10115051 24.68287277
v 1.58049905 -52.59037781 21.380476
v 1.61957395 -52.08237839 24.68287277
v 4.24170637 -52.44216156 21.380476
v 4.20073557 -51.9372673 24.68287277
v 7.62735319 -52.05672455 21.380476
v 7.55378675 -51.55554199 24.68287277
v 9.52797985 -51.22691345 24.68287277
v 9.30772591 -50.54196548 27.9467926
v 10.72597218 -50.2597084 27.9467926
v 10.5341711 -49.36212158 31.15926361
v 13.95674992 -49.4591217 27.9467926
v 13.7072506 -48.57583237 31.15926361
v 17.12893105 -48.45108795 27.9467926
v 16.8227787 -47.58580017 31.15926361
v 20.2292099 -47.23983383 27.9467926
v 19.86768913 -46.39617538 31.15926361
v 23.24458313 -45.83043671 27.9467926
v 22.82921219 -45.01195145 31.15926361
v 26.1624012 -44.22881317 27.9467926
v 25.69492149 -43.43893051 31.15926361
v 28.97042656 -42.44167709 27.9467926
v 28.45279694 -41.68371201 31.15926361
v 31.65688324 -40.47652817 27.9467926
v 31.09127808 -39.75365829 31.15926361
v 34.21050262 -38.34160614 27.9467926
v 33.59928894 -37.65686417 31.15926361
v 36.62057495 -36.04586411 27.9467926
v 35.96631622 -35.4021225 31.15926361
v 38.87698364 -33.59893417 27.9467926
v -9.12039661 -50.58112335 27.9467907
v -5.82719231 -51.06451797 27.9467907
v -2.50960445 -51.33372498 27.9467907
v 0.81845194 -51.38762665 27.9467907
v 1.65088189 -51.36739731 27.9467907
v 4.14301777 -51.22598648 27.9467907
v 7.45014858 -50.8494873 27.9467926
v 9.05324554 -49.65548706 31.15926361
v 10.30045414 -48.26837921 34.30751801
v 13.4032259 -47.49951172 34.30751801
v 16.44972229 -46.53141785 34.30751801
v 19.42716599 -45.36815262 34.30751801
v 22.32306671 -44.01459885 34.30751801
v 25.12527847 -42.4764328 34.30751801
v 27.82204819 -40.76010513 34.30751801
v 30.40206528 -38.87281418 34.30751801
v 32.85450745 -36.82247925 34.30751801
v -12.37540627 -49.88557816 27.9467907
v -12.15463924 -48.99467087 31.1592617
v -8.95776176 -49.67779541 31.1592617
v -11.88562775 -47.90906906 34.30751801
v -8.75958538 -48.57705688 34.30751801
v -11.56943989 -46.63308716 37.37905121
v -8.52665424 -47.28328323 37.37905121
v -11.20733166 -45.17179108 40.36165237
v -8.25989532 -45.80161667 40.36165237
v -10.8007431 -43.53099442 43.24347305
v -7.96036816 -44.13793945 43.24347305
v -10.3512888 -41.71721268 46.01305771
v -7.62926197 -42.29887009 46.01306152
v -9.86075592 -39.73765564 48.65940475
v -7.26789427 -40.2917099 48.65940475
v -9.33109188 -37.60018921 51.17199707
v -6.8776989 -38.12444305 51.17199707
v -8.76440334 -35.3133049 53.54084778
v -6.46022892 -35.80567169 53.54084778
v -8.16294098 -32.88609314 55.75654221
v -6.01714087 -33.34461975 55.75654221
v -7.5290966 -30.32819748 57.81027985
v -5.5501976 -30.75106049 57.81027985
v -6.86538696 -27.649786 59.69389725
v -5.06125259 -28.03530121 59.69389725
v -6.17445087 -24.86149788 61.39990997
v -4.55225039 -25.20813751 61.39990997
v -5.45903254 -21.97441483 62.92153931
v -4.02521324 -22.28079987 62.92153931
v -4.72197628 -19.00000954 64.25273895
v -3.48223591 -19.264925 64.25273895
v -3.96621108 -15.95010281 65.38821411
v -2.92547536 -16.17249298 65.38821411
v -3.19473934 -12.83681297 66.32345581
v -5.72337103 -50.15255737 31.1592617
v -2.46503162 -50.41695786 31.1592617
v 0.80358899 -50.46989441 31.1592617
v 1.67386901 -50.44829178 31.1592617
v 4.0687809 -50.31114197 31.15926361
v 7.31684971 -49.9413681 31.15926361
v 8.76625729 -48.57088089 34.30751801
v 10.02575111 -46.98282623 37.37905121
v 13.04588604 -46.23443604 37.37905121
v 16.01124191 -45.2921257 37.37905121
v 18.90938568 -44.15984344 37.37905121
v 21.72815895 -42.84233856 37.37905121
v 24.45573997 -41.34513855 37.37905121
v 27.08068466 -39.6745224 37.37905121
v 29.59198761 -37.83749771 37.37905121
v -5.59686041 -49.04129791 34.30751801
v -2.4107182 -49.29984283 34.30751801
v 0.78547788 -49.35160446 34.30751801
v 1.6880213 -49.32873154 34.30751801
v 3.97832131 -49.19636917 34.30751801
v 7.15442085 -48.83478928 34.30751801
v 8.44859505 -47.29234695 37.37905121
v 9.71115208 -45.51057053 40.36165237
v 12.63664818 -44.78563309 40.36165237
v 15.50908375 -43.87285233 40.36165619
v 18.31641006 -42.77605057 40.36165619
v 21.04685402 -41.49983215 40.36165619
v 23.68896294 -40.0495491 40.36165619
v 26.23165321 -38.43128204 40.36165619
v -5.44816399 -47.73516083 37.37905121
v -2.34687972 -47.98681641 37.37905121
v 0.76419073 -48.03720093 37.37905121
v 1.69286847 -48.01317978 37.37905121
v 3.87199783 -47.88610077 37.37905121
v 6.96350718 -47.53414917 37.37905121
v 8.10219955 -45.8248558 40.36165237
v 9.35790825 -43.85746765 43.24347305
v 12.17714024 -43.15886307 43.24347305
v 14.94523811 -42.27923584 43.24347305
v 17.6505928 -41.22227478 43.24347305
v 20.28185844 -39.99241257 43.24347305
v 22.8279953 -38.59480667 43.24347305
v -5.27787256 -46.23933029 40.36165237
v -2.27376986 -46.48310471 40.36165237
v 0.73981202 -46.53190994 40.36165237
v 1.68798685 -46.50688553 40.36165237
v 3.75023293 -46.38554382 40.36165237
v 6.74486637 -46.04462051 40.36165237
v 7.729105 -44.17412949 43.24347305
v 8.96742249 -42.0300827 46.01306152
v 11.66918755 -41.36058807 46.01306152
v 14.32194805 -40.51760864 46.01306152
v 16.9145813 -39.50468826 46.01306152
v 19.43621063 -38.32606888 46.01306152
v -5.08666229 -44.55975723 43.24347305
v -2.19167924 -44.79467392 43.24347305
v 0.7124387 -44.84170532 43.24347305
v 1.67300344 -44.81585312 43.24347305
v 3.61351061 -44.70065689 43.24347305
v 6.49936914 -44.3721199 43.24347305
v 7.33143234 -42.34663773 46.01306152
v 8.54124832 -40.03567886 48.65940475
v 11.11480904 -39.39795303 48.65940857
v 13.64169121 -38.59497452 48.65940857
v 16.11129951 -37.63011932 48.65940857
v -4.87529325 -42.70310974 46.01306152
v -2.10093427 -42.92823792 46.01306152
v 0.68217957 -42.97331238 46.01306152
v 1.64759898 -42.94682693 46.01306152
v 3.46237397 -42.8381424 46.01306152
v 6.2279892 -42.52329254 46.01306152
v 6.91137314 -40.34955215 48.65940475
v 8.08107758 -37.88218307 51.17199707
v 10.5162077 -37.27875519 51.17199707
v 12.9071722 -36.5189743 51.17199707
v -4.64460611 -40.67676926 48.65940475
v -2.00189495 -40.89121628 48.65940475
v 0.64915478 -40.9341507 48.65940475
v 1.61151004 -40.90724564 48.65940475
v 3.29742432 -40.80539322 48.65940475
v 5.93180513 -40.50548172 48.65940475
v 6.47118473 -38.19072723 51.17199707
v 7.58873987 -35.57814789 53.54084778
v 9.87576294 -35.01142502 53.54084778
v -4.3955164 -38.4887886 51.17199707
v -1.89495564 -38.69169998 51.17199707
v 0.61349565 -38.73232269 51.17199707
v 1.56453204 -38.70523834 51.17199707
v 3.1193161 -38.61049271 51.17199707
v 5.61199522 -38.32671356 51.17199707
v 6.0131712 -35.87866592 53.54084778
v 7.06619072 -33.13273239 55.75654221
v -4.12901449 -36.14785767 53.54084778
v -1.78054082 -36.3384285 53.54084778
v 0.57534385 -36.3765831 53.54084778
v 1.50652122 -36.34957504 53.54084778
v 2.92875767 -36.26216125 53.54084778
v 5.26982927 -35.99564362 53.54084778
v 5.53967905 -33.42249298 55.75654221
v -3.84616041 -33.6632843 55.75654221
v -1.6591053 -33.84075546 55.75654221
v 0.53485101 -33.87628937 55.75654221
v 1.43739688 -33.84963989 55.75654221
v 2.72650599 -33.76972961 55.75654221
v 4.90666771 -33.52153015 55.75654221
v -3.54807639 -31.04494095 57.81027985
v -1.53113139 -31.20860863 57.81027985
v 0.49217799 -31.24137688 57.81027985
v 1.35714257 -31.21538353 57.81027985
v 2.51336503 -31.14310646 57.81027985
v -3.23594809 -28.30322838 59.69389725
v -1.39712775 -28.45244217 59.69389725
v 0.44749436 -28.48231697 59.69389725
v 1.26580727 -28.45729828 59.69389725
v -2.91101503 -25.44904518 61.39990997
v -1.25762713 -25.5832119 61.39990997
v 0.40097776 -25.61007309 61.39990997
v -2.57456899 -22.49373245 62.92153931
v -1.11318362 -22.61231995 62.92153931
v -2.22794724 -19.44903564 64.25273895
v 0.25231031 -16.43035889 65.38821411
v 0.92680568 -19.55205345 64.25273895
v 1.81727207 -22.56485939 62.92153931
v 0.79297197 -16.41269684 65.38821411
v 1.56942499 -19.51053429 64.25273895
v 1.31528628 -16.37867737 65.38821411
v 7.67055464 -52.3510437 18.05272484
v 9.71241283 -51.7077446 21.38047791
v 10.87509727 -50.95757294 24.68287277
v 14.1507349 -50.14587021 24.68287277
v 17.36696053 -49.12384033 24.68287277
v 20.51028824 -47.89576721 24.68287277
v 23.56752968 -46.46680069 24.68287277
v 26.52586174 -44.84293747 24.68287277
v 29.37287712 -43.0309906 24.68287277
v 32.09663391 -41.03855133 24.68287277
v 34.68571472 -38.87398529 24.68287277
v 37.12924957 -36.54636765 24.68287277
v 39.41699219 -34.06546021 24.68287277
v 41.53935242 -31.44167328 24.68287277
v 9.85956478 -51.98266983 18.05272484
v 4.07668686 -19.14250565 64.25273895
v 4.71704006 -22.13921738 62.92153931
v 5.33859348 -25.04795265 61.39990997
v 10.98095036 -51.45294571 21.38047791
v 14.28843117 -50.63335037 21.38047791
v 17.535923 -49.60138321 21.38047791
v 20.70980644 -48.3613739 21.38047791
v 23.79676819 -46.91851425 21.38047791
v 26.78385925 -45.27886581 21.38047791
v 29.65855217 -43.44930267 21.38047791
v 32.40879059 -41.43749619 21.38047791
v 35.02303314 -39.25188828 21.38047791
v 37.49032593 -36.90164185 21.38047791
v 39.80030823 -34.39661789 21.38047791
v 41.94329834 -31.74732399 21.38047791
v 43.91030121 -28.96487045 21.38047791
v 6.14018631 -21.78656387 62.92153931
v 6.94871759 -24.64896584 61.39990997
v 7.72958183 -27.41341782 59.69389725
v -52.23352051 8.53105259 18.05272102
v -52.76302338 5.14144659 14.71283913
v -51.28192902 11.82647133 21.38047409
v -49.92370605 14.97467518 24.68286896
v -48.18091583 17.92503929 27.94678879
v -46.08192444 20.63016319 31.1592598
v -43.6608963 23.04665375 34.30751419
v -40.9572525 25.13582039 37.37904739
v -38.01502228 26.86431694 40.36165237
v -34.88212585 28.2046833 43.24346924
v -31.60959435 29.13578987 46.01305771
v -28.25073433 29.64318275 48.65940475
v -24.86026573 29.71932793 51.17199707
v -21.49341583 29.36371994 53.54084778
v -18.20502663 28.58290482 55.75653839
v -15.04866123 27.39036179 57.81027985
v -12.07572651 25.80628967 59.69389725
v -9.33463478 23.85727501 61.39990997
v -6.87001228 21.57586098 62.92153931
v -4.72197628 19.00000954 64.25273895
v -2.92547536 16.17249298 65.38821411
v -50.73573303 8.28636074 27.94678879
v -51.87598419 5.05498791 24.68286896
v -51.16573334 4.98575974 27.94678879
v -52.09442902 1.68735504 24.68286896
v -51.38118744 1.66424668 27.94678879
v -52.09442902 -1.68735504 24.68286896
v -51.38118744 -1.66424668 27.94678879
v -51.87598419 -5.05498791 24.68286896
v -51.16573334 -4.98575974 27.94678879
v -51.44001007 -8.40141869 24.68286896
v -50.73573303 -8.28636074 27.94678879
v -50.78833771 -11.71261024 24.68286896
v -50.09297943 -11.55220604 27.94678879
v -49.92370605 -14.97467518 24.68286896
v -49.2401886 -14.76959705 27.94678879
v -48.84972382 -18.17393112 24.68286896
v -48.18091583 -17.92503929 27.94678879
v -47.57091522 -21.29696083 24.68286896
v -46.9196167 -21.00529671 27.94678879
v -46.09262848 -24.33066177 24.68286896
v -45.46157837 -23.99745178 27.94678879
v -44.42107391 -27.26231194 24.68286896
v -43.81291199 -26.88895416 27.94678879
v -42.56326294 -30.07961464 24.68286896
v -41.98054504 -29.66767311 27.94678879
v -40.52697754 -32.77075195 24.68286896
v -39.97214508 -32.32195663 27.94678879
v -38.32077026 -35.32444 24.68286896
v -37.79615784 -34.84067154 27.94678879
v -35.95388794 -37.7299614 24.68286896
v -35.46168518 -37.21324921 27.94678879
v -33.43626404 -39.97723389 24.68286896
v -32.97853851 -39.42974472 27.94678879
v -30.77845192 -42.05682755 24.68286896
v -30.35713005 -41.48085785 27.94678879
v -27.99160194 -43.96001816 24.68286896
v -49.82988739 8.13837433 31.1592598
v -50.25221252 4.89671898 31.1592598
v -50.46381378 1.63452494 31.1592598
v -50.46381378 -1.63452494 31.1592598
v -50.25221252 -4.89671898 31.1592598
v -49.82988739 -8.13837433 31.1592598
v -49.19861603 -11.34589481 31.1592598
v -48.36105347 -14.50582695 31.1592598
v -47.3207016 -17.60491562 31.1592598
v -46.08192444 -20.63016319 31.1592598
v -44.64992523 -23.56888199 31.1592598
v -43.03070831 -26.40874481 31.1592598
v -41.23105621 -29.13783836 31.1592598
v -39.25852966 -31.74471855 31.1592598
v -37.12139893 -34.21845245 31.1592598
v -34.82862091 -36.54866028 31.1592598
v -32.38982391 -38.72557068 31.1592598
v -49.19861603 11.34589481 31.1592598
v -48.1088028 11.09449768 34.30751419
v -48.72608185 7.95804834 34.30751419
v -46.8278656 10.79901314 37.37904739
v -47.42871094 7.74609804 37.37904739
v -45.36090088 10.46061516 40.36165237
v -45.94291687 7.50336647 40.36165237
v -43.71373749 10.08064938 43.24346924
v -44.2746048 7.23081779 43.24346924
v -41.89291382 9.6606245 46.01305771
v -42.43041229 6.92953539 46.01305771
v -39.90567017 9.20221043 48.65940475
v -40.4176712 6.60071611 48.65940475
v -37.75991058 8.70722866 51.17199707
v -38.24436188 6.24566746 51.17199707
v -35.46414948 8.17764568 53.54084778
v -35.91913605 5.86579895 53.54084778
v -33.0275116 7.61556625 55.75653839
v -33.45123291 5.46262169 55.75653839
v -30.45969391 7.02322388 57.81027985
v -30.85045624 5.03773642 57.81027985
v -27.77088547 6.40297318 59.69389343
v -28.12713623 4.59283257 59.69389343
v -24.97177696 5.75727797 61.39990997
v -25.29210281 4.1296773 61.39990997
v -22.07348824 5.08870459 62.92153549
v -22.35661507 3.65011168 62.92153549
v -19.08753777 4.3999095 64.25273132
v -19.33234215 3.15604115 64.25273132
v -16.02579117 3.69362998 65.38821411
v -16.23130035 2.64942908 65.38821411
v -12.90042019 2.97267294 66.32345581
v -9.7238369 2.23990297 67.05474854
v -6.5086689 1.49823201 67.57918549
v -49.13904572 4.78821993 34.30751419
v -49.34596252 1.59830785 34.30751419
v -49.34596252 -1.59830785 34.30751419
v -49.13904572 -4.78821993 34.30751419
v -48.72608185 -7.95804834 34.30751419
v -48.1088028 -11.09449768 34.30751419
v -47.28979492 -14.18441296 34.30751419
v -46.27249146 -17.21483421 34.30751419
v -45.06116486 -20.17304993 34.30751419
v -43.6608963 -23.04665375 34.30751419
v -42.0775528 -25.82359123 34.30751419
v -40.31778717 -28.49221611 34.30751419
v -38.38896179 -31.04133415 34.30751419
v -36.29918671 -33.46025467 34.30751801
v -34.05721283 -35.73883057 34.30751801
v -47.83067322 4.66069317 37.37904739
v -48.0320816 1.5557394 37.37904739
v -48.0320816 -1.5557394 37.37904739
v -47.83067322 -4.66069317 37.37904739
v -47.42871094 -7.74609804 37.37904739
v -46.8278656 -10.79901314 37.37904739
v -46.03067017 -13.80663395 37.37904739
v -45.04046631 -16.75634384 37.37904739
v -43.86140442 -19.63577271 37.37904739
v -42.49842834 -22.43284225 37.37904739
v -40.9572525 -25.13582039 37.37904739
v -39.24435425 -27.73336983 37.37904739
v -37.36689758 -30.21459579 37.37904739
v -35.33277893 -32.5690918 37.37904739
v -46.33228302 4.51464558 40.36165237
v -46.5273819 1.50698876 40.36165237
v -46.5273819 -1.50698876 40.36165237
v -46.33228302 -4.51464558 40.36165237
v -45.94291687 -7.50336647 40.36165237
v -45.36090088 -10.46061516 40.36165237
v -44.58868408 -13.37398911 40.36165237
v -43.62950897 -16.23126793 40.36165237
v -42.48738861 -19.02046585 40.36165237
v -41.16712952 -21.72988701 40.36165237
v -39.67424774 -24.34816551 40.36165237
v -38.01502228 -26.86431694 40.36165237
v -36.1964035 -29.26779175 40.36165237
v -44.64983368 4.35065794 43.24346924
v -44.83783722 1.45224965 43.24346924
v -44.83783722 -1.45224965 43.24346924
v -44.64983368 -4.35065794 43.24346924
v -44.2746048 -7.23081779 43.24346924
v -43.71373749 -10.08064938 43.24346924
v -42.96956635 -12.88819885 43.24346924
v -42.04523468 -15.64169121 43.24346924
v -40.94460297 -18.32957649 43.24346924
v -39.67229462 -20.94058037 43.24346924
v -38.23364258 -23.46375465 43.24346924
v -36.6346817 -25.88851166 43.24346924
v -42.79000854 4.16938162 46.01305771
v -42.97018433 1.39173961 46.01305771
v -42.97018433 -1.39173961 46.01305771
v -42.79000854 -4.16938162 46.01305771
v -42.43041229 -6.92953539 46.01305771
v -41.89291382 -9.6606245 46.01305771
v -41.17975616 -12.35119343 46.01305771
v -40.29393005 -14.98995781 46.01305771
v -39.23915863 -17.5658474 46.01305771
v -38.01985931 -20.06806183 46.01305771
v -36.64115906 -22.48610306 46.01305771
v -40.7602005 3.97153664 48.65940475
v -40.93182373 1.32569909 48.65940475
v -40.93182373 -1.32569909 48.65940475
v -40.7602005 -3.97153664 48.65940475
v -40.4176712 -6.60071611 48.65940475
v -39.90567017 -9.20221043 48.65940475
v -39.22635651 -11.76510715 48.65940475
v -38.38256073 -14.27865696 48.65940475
v -37.37784576 -16.73231697 48.65940475
v -36.21640778 -19.11579514 48.65940475
v -38.56846619 3.75790977 51.17199707
v -38.73085785 1.25439036 51.17199707
v -38.73085785 -1.25439036 51.17199707
v -38.56846619 -3.75790977 51.17199707
v -38.24436188 -6.24566746 51.17199707
v -37.75991058 -8.70722866 51.17199707
v -37.11712646 -11.13226795 51.17199707
v -36.31872559 -13.51061535 51.17199707
v -35.36804962 -15.83229446 51.17199707
v -36.22353363 3.5293498 53.54084778
v -36.37604523 1.17809701 53.54084778
v -36.37604523 -1.17809701 53.54084778
v -36.22353363 -3.5293498 53.54084778
v -35.91913605 -5.86579895 53.54084778
v -35.46414948 -8.17764568 53.54084778
v -34.860466 -10.45519161 53.54084778
v -34.11061859 -12.68888569 53.54084778
v -33.73470306 3.28676462 55.75653839
v -33.8767395 1.09712219 55.75653839
v -33.8767395 -1.09712219 55.75653839
v -33.73470306 -3.28676462 55.75653839
v -33.45123291 -5.46262169 55.75653839
v -33.0275116 -7.61556625 55.75653839
v -32.4653244 -9.73656845 55.75653839
v -31.11187744 3.03111863 57.81027985
v -31.24286461 1.01178753 57.81027985
v -31.24286461 -1.01178753 57.81027985
v -31.11187744 -3.03111863 57.81027985
v -30.85045624 -5.03773642 57.81027985
v -30.45969391 -7.02322388 57.81027985
v -28.36547089 2.76342773 59.69389343
v -28.48488998 0.92243224 59.69389343
v -28.48488998 -0.92243224 59.69389343
v -28.36547089 -2.76342773 59.69389343
v -28.12713623 -4.59283257 59.69389343
v -25.50640297 2.48475528 61.39990997
v -25.61377907 0.82941139 61.39990997
v -25.61377907 -0.82941139 61.39990997
v -25.50640297 -2.48475528 61.39990997
v -22.54603004 2.19620895 62.92153549
v -22.6409359 0.73309457 62.92153549
v -22.6409359 -0.73309457 62.92153549
v -19.49611664 1.89893532 64.25273132
v -19.5781765 0.63386464 64.25273132
v -16.36878586 1.59411561 65.38821411
v -52.60071564 1.70375824 21.38047409
v -52.89803314 -1.71339095 18.05272102
v -52.76302338 -5.14144659 14.71283913
v -52.60071564 -1.70375824 21.38047409
v -52.38014984 -5.10412836 21.38047409
v -51.93994141 -8.4830904 21.38047409
v -51.28192902 -11.82647133 21.38047409
v -50.40888977 -15.12024784 21.38047409
v -49.32447052 -18.35060501 21.38047409
v -48.03322601 -21.50399208 21.38047409
v -46.54057312 -24.56718636 21.38047409
v -44.85276794 -27.52733421 21.38047409
v -42.97689056 -30.37202454 21.38047409
v -40.92081451 -33.08932495 21.38047409
v -38.69316101 -35.66783524 21.38047409
v -36.30326843 -38.09674454 21.38047409
v -33.76116943 -40.36585999 21.38047409
v -31.07752228 -42.46567154 21.38047409
v -28.26358223 -44.38736343 21.38047409
v -25.33115196 -46.12287903 21.38047409
v -52.67622375 -5.13298655 18.05272102
v -52.31958771 -8.54511356 14.71283913
v -52.23352051 -8.53105259 18.05272102
v -51.5717926 -11.8933363 18.05272293
v -50.69381714 -15.20573521 18.05272293
v -49.60326385 -18.45435524 18.05272293
v -48.30471802 -21.6255722 18.05272293
v -46.80362701 -24.7060833 18.05272293
v -45.10627747 -27.68297005 18.05272293
v -43.21979523 -30.54374313 18.05272293
v -41.15209961 -33.27640533 18.05272293
v -38.91184998 -35.86949539 18.05272293
v -36.50844574 -38.3121376 18.05272293
v -33.95197296 -40.59408188 18.05272293
v -31.25315094 -42.70576477 18.05272293
v -28.4233017 -44.63832092 18.05272293
v -25.47429276 -46.38365173 18.05272293
v -22.41849136 -47.93442917 18.05272293
v -12.90042019 -2.97267294 66.32345581
v -12.68097401 -3.80058861 66.32345581
v -12.40839672 -4.61256313 66.32345581
v -12.08383274 -5.40519094 66.32345581
v -11.70864296 -6.17514753 66.32345581
v -11.28440094 -6.91920376 66.32345581
v -10.81288528 -7.63423824 66.32345581
v -10.29607487 -8.31725216 66.32345581
v -9.73613739 -8.96538067 66.32345581
v -9.13541985 -9.57590485 66.32345581
v -8.49644375 -10.14626408 66.32345581
v -7.82188892 -10.6740675 66.32345581
v -7.11458349 -11.15709877 66.32345581
v -6.37749529 -11.5933342 66.32345581
v -5.61371517 -11.98094368 66.32345581
v -4.82644701 -12.31830025 66.32345581
v -4.01899242 -12.6039896 66.32345581
v -51.65677643 -11.91293907 14.71284103
v 10.98095036 51.45294571 21.38047791
v 7.67055464 52.3510437 18.05272484
v 7.62735319 52.05672455 21.380476
v 4.26576614 52.73866272 18.05272484
v 10.87509727 50.95757294 24.68287277
v 14.1507349 50.14587021 24.68287277
v 13.95674992 49.4591217 27.9467926
v 10.30045414 48.26837921 34.30751801
v 7.31684971 49.9413681 31.15926361
v 7.15442085 48.83478928 34.30751801
v 4.0687809 50.31114197 31.15926361
v 3.97832131 49.19636917 34.30751801
v 0.80358899 50.46989441 31.1592617
v 0.78547788 49.35160446 34.30751801
v -2.46503162 50.41695786 31.1592617
v -2.4107182 49.29984283 34.30751801
v -5.72337103 50.15255737 31.1592617
v -5.59686041 49.04129791 34.30751801
v -7.5470953 48.77980042 34.30751801
v -7.33809233 47.48191833 37.37905121
v -8.52665424 47.28328323 37.37905121
v -8.25989532 45.80161667 40.36165237
v -11.56943989 46.63308716 37.37905121
v -11.20733166 45.17179108 40.36165237
v -14.56375599 45.78729248 37.37905121
v -14.10781765 44.35250473 40.36165237
v -17.49704361 44.74945068 37.37905121
v -16.94918823 43.34718323 40.36165237
v -20.35700226 43.52391434 37.37905121
v -19.7195282 42.16004944 40.36165237
v -23.13163376 42.11582565 37.37905121
v -22.40721321 40.79608536 40.36165237
v -25.80930138 40.53108597 37.37905121
v -25.00097466 39.2610054 40.36165237
v -28.37877274 38.7763443 37.37904739
v -27.48992729 37.56124878 40.36165237
v -30.82927132 36.85896301 37.37904739
v -29.86363792 35.70395279 40.36165237
v -33.15052032 34.78698349 37.37904739
v -32.11214447 33.69689941 40.36165237
v -35.33277893 32.5690918 37.37904739
v 10.02575111 46.98282623 37.37905121
v 6.96350718 47.53414917 37.37905121
v 3.87199783 47.88610077 37.37905121
v 0.76419073 48.03720093 37.37905121
v -2.34687972 47.98681641 37.37905121
v -5.44816399 47.73516083 37.37905121
v -7.10047531 45.99527359 40.36165237
v -7.96036816 44.13793945 43.24347305
v -10.8007431 43.53099442 43.24347305
v -13.59587288 42.74146271 43.24347305
v -16.33403587 41.77266312 43.24347305
v -19.00374603 40.62865067 43.24347305
v -21.59380531 39.31422806 43.24347305
v -24.09335136 37.83490753 43.24347305
v -26.49189949 36.1968956 43.24346924
v -28.77938652 34.40705872 43.24346924
v 13.04588604 46.23443604 37.37905121
v 12.63664818 44.78563309 40.36165237
v 9.71115208 45.51057053 40.36165237
v 12.17714024 43.15886307 43.24347305
v 9.35790825 43.85746765 43.24347305
v 11.66918755 41.36058807 46.01306152
v 8.96742249 42.0300827 46.01306152
v 11.11480904 39.39795303 48.65940857
v 8.54124832 40.03567886 48.65940475
v 10.5162077 37.27875519 51.17199707
v 8.08107758 37.88218307 51.17199707
v 9.87576294 35.01142502 53.54084778
v 7.58873987 35.57814789 53.54084778
v 9.19601822 32.6049614 55.75654221
v 7.06619072 33.13273239 55.75654221
v 8.47967529 30.06893349 57.81027985
v 6.51550722 30.55565262 57.81027985
v 7.72958183 27.41341782 59.69389725
v 5.93887758 27.85715294 59.69389725
v 6.94871759 24.64896584 61.39990997
v 5.33859348 25.04795265 61.39990997
v 6.14018631 21.78656387 62.92153931
v 4.71704006 22.13921738 62.92153931
v 5.30719948 18.83758545 64.25273895
v 4.07668686 19.14250565 64.25273895
v 4.45306778 15.81375122 65.38821411
v 3.42007899 16.06972504 65.38821411
v 3.58118629 12.72707558 66.32345581
v 6.74486637 46.04462051 40.36165237
v 3.75023293 46.38554382 40.36165237
v 0.73981202 46.53190994 40.36165237
v -2.27376986 46.48310471 40.36165237
v -5.27787256 46.23933029 40.36165237
v -6.83525229 44.32576752 43.24347305
v -7.62926197 42.29887009 46.01306152
v -10.3512888 41.71721268 46.01305771
v -13.02995777 40.96057892 46.01305771
v -15.65402985 40.03214264 46.01305771
v -18.21250153 38.93579865 46.01305771
v -20.69464302 37.67614365 46.01305771
v -23.09004021 36.258461 46.01305771
v -25.38864899 34.68869781 46.01305771
v 6.49936914 44.3721199 43.24347305
v 3.61351061 44.70065689 43.24347305
v 0.7124387 44.84170532 43.24347305
v -2.19167924 44.79467392 43.24347305
v -5.08666229 44.55975723 43.24347305
v -6.54354286 42.48002243 46.01306152
v -7.26789427 40.2917099 48.65940475
v -9.86075592 39.73765564 48.65940475
v -12.41231632 39.01692581 48.65940475
v -14.91187191 38.13254547 48.65940475
v -17.34893799 37.0882225 48.65940475
v -19.71329689 35.88834 48.65940475
v -21.99502945 34.53792953 48.65940475
v 6.2279892 42.52329254 46.01306152
v 3.46237397 42.8381424 46.01306152
v 0.68217957 42.97331238 46.01306152
v -2.10093427 42.92823792 46.01306152
v -4.87529325 42.70310974 46.01306152
v -6.22656488 40.46536255 48.65940475
v -6.8776989 38.12444305 51.17199707
v -9.33109188 37.60018921 51.17199707
v -11.7454052 36.91822433 51.17199707
v -14.11051083 36.08141708 51.17199707
v -16.41648865 35.09326935 51.17199707
v -18.65367126 33.9579277 51.17199707
v 5.93180513 40.50548172 48.65940475
v 3.29742432 40.80539322 48.65940475
v 0.64915478 40.9341507 48.65940475
v -2.00189495 40.89121628 48.65940475
v -4.64460611 40.67676926 48.65940475
v -5.88563728 38.28978729 51.17199707
v -6.46022892 35.80567169 53.54084778
v -8.76440334 35.3133049 53.54084778
v -11.03187561 34.67282104 53.54084778
v -13.25313377 33.88690567 53.54084778
v -15.41886139 32.95885849 53.54084778
v 5.61199522 38.32671356 51.17199707
v 3.1193161 38.61049271 51.17199707
v 0.61349565 38.73232269 51.17199707
v -1.89495564 38.69169998 51.17199707
v -4.3955164 38.4887886 51.17199707
v -5.52216911 35.96193314 53.54084778
v -6.01714087 33.34461975 55.75654221
v -8.16294098 32.88609314 55.75654221
v -10.27456188 32.28963089 55.75654221
v -12.34314537 31.55773544 55.75654221
v 5.26982927 35.99564362 53.54084778
v 2.92875767 36.26216125 53.54084778
v 0.57534385 36.3765831 53.54084778
v -1.78054082 36.3384285 53.54084778
v -4.12901449 36.14785767 53.54084778
v -5.13765717 33.49103928 55.75654221
v -5.5501976 30.75106049 57.81027985
v -7.5290966 30.32819748 57.81027985
v -9.47647381 29.77812958 57.81027985
v 4.90666771 33.52153015 55.75654221
v 2.72650599 33.76972961 55.75654221
v 0.53485101 33.87628937 55.75654221
v -1.6591053 33.84075546 55.75654221
v -3.84616041 33.6632843 55.75654221
v -4.73367882 30.88692474 57.81027985
v -5.06125259 28.03530121 59.69389725
v -6.86538696 27.649786 59.69389725
v 4.52395248 30.91421318 57.81027985
v 2.51336503 31.14310646 57.81027985
v 0.49217799 31.24137688 57.81027985
v -1.53113139 31.20860863 57.81027985
v -3.54807639 31.04494095 57.81027985
v -4.31188345 28.15992546 59.69389725
v -4.55225039 25.20813751 61.39990997
v 4.12320566 28.18404579 59.69389725
v 2.29018164 28.39272499 59.69389725
v 0.44749436 28.48231697 59.69389725
v -1.39712775 28.45244217 59.69389725
v -3.23594809 28.30322838 59.69389725
v -3.87398958 25.32087517 61.39990997
v 3.70601916 25.34188271 61.39990997
v 2.05784297 25.52951813 61.39990997
v 0.40097776 25.61007309 61.39990997
v -1.25762713 25.5832119 61.39990997
v -2.91101503 25.44904518 61.39990997
v 3.27405119 22.39901352 62.92153931
v 1.81727207 22.56485939 62.92153931
v 0.35281301 22.63606071 62.92153931
v -1.11318362 22.61231995 62.92153931
v 2.82901764 19.367136 64.25273895
v 1.56942499 19.51053429 64.25273895
v 0.30319145 19.57209778 64.25273895
v 2.37268734 16.25829697 65.38821411
v 1.31528628 16.37867737 65.38821411
v -1.61698997 6.46977472 67.57918549
v -2.03241515 6.3524313 67.57918549
v -2.43937349 6.20844316 67.57918549
v -2.8361578 6.03841496 67.57918549
v -3.22110438 5.84305954 67.57918549
v -3.59259796 5.62319613 67.57918549
v -3.94908118 5.37974739 67.57918549
v -4.28905773 5.11373377 67.57918549
v -4.61110258 4.82627153 67.57918549
v -4.91386509 4.51856613 67.57918549
v -5.19607449 4.19190836 67.57918549
v -5.45654821 3.84766841 67.57918549
v -5.69419241 3.48728991 67.57918549
v -5.90801144 3.11228442 67.57918549
v -6.09710789 2.72422504 67.57918549
v -6.2606883 2.32473946 67.57918549
v -6.39806747 1.91550279 67.57918549
v 4.14301777 51.22598648 27.9467907
v 0.83000785 52.10115051 24.68287277
v -2.56885839 52.55245972 21.380476
v -5.99885845 52.57242203 18.05272484
v -6.00872326 52.65907669 14.71284294
v -8.13557625 52.2849617 18.05272484
v -8.15818882 52.3697052 14.71284294
v -9.38930893 52.07475662 18.05272484
v -9.40476227 52.16058731 14.71284294
v -12.76141357 51.44332123 14.71284294
v 0.81845194 51.38762665 27.9467907
v -2.50960445 51.33372498 27.9467907
v -5.82719231 51.06451797 27.9467907
v -7.72658587 49.8837738 31.1592617
v -8.75958538 48.57705688 34.30751801
v -11.88562775 47.90906906 34.30751801
v -14.96187496 47.04013443 34.30751801
v -17.97542381 45.97389603 34.30751801
v -20.91363716 44.71482468 34.30751801
v -23.76418877 43.26820755 34.30751801
v -26.51512337 41.6401062 34.30751801
v -29.1548996 39.83735275 34.30751801
v -31.67245102 37.86750412 34.30751801
v -34.05721283 35.73883057 34.30751801
v -36.29918671 33.46025467 34.30751801
v -38.38896179 31.04133415 34.30751419
v -2.54425931 52.04650497 24.68287277
v -5.96521044 52.27685928 21.380476
v -8.08075523 51.99243546 21.380476
v -9.33659935 51.78199005 21.38047409
v -12.74043655 51.35866928 18.05272484
v -16.06459236 50.51028442 14.71284294
v -5.90791273 51.77355576 24.68287277
v -7.87578106 50.78946304 27.9467907
v -8.95776176 49.67779541 31.1592617
v -12.15463924 48.99467087 31.1592617
v -15.30059338 48.10604477 31.1592617
v -18.38242912 47.01564407 31.1592617
v -21.38722038 45.72804642 31.1592617
v -24.30236435 44.24864578 31.1592617
v -27.11563301 42.5836525 31.1592617
v -29.81522751 40.74005127 31.1592598
v -32.38982391 38.72557068 31.1592598
v -34.82862091 36.54866028 31.1592598
v -37.12139893 34.21845245 31.1592598
v -39.25852966 31.74471855 31.1592598
v -41.23105621 29.13783836 31.1592598
v -7.99401855 51.4932785 24.68287277
v -9.24684334 51.28345108 24.68287086
v -12.66888714 51.06993103 21.38047409
v -16.03818321 50.4271698 18.05272484
v -19.30045319 49.36538696 14.71284103
v -9.12039661 50.58112335 27.9467907
v -12.37540627 49.88557816 27.9467907
v -15.57856464 48.980793 27.9467907
v -18.7164402 47.87056732 27.9467907
v -21.77586937 46.55955124 27.94678879
v -24.74402237 45.05325317 27.94678879
v -27.60844612 43.35798264 27.94678879
v -30.35713005 41.48085785 27.94678879
v -32.97853851 39.42974472 27.94678879
v -35.46168518 37.21324921 27.94678879
v -37.79615784 34.84067154 27.94678879
v -39.97214508 32.32195663 27.94678879
v -41.98054504 29.66767311 27.94678879
v -43.81291199 26.88895416 27.94678879
v -2.41062689 9.67251205 67.05474854
v -3.03170013 9.49707985 67.05474854
v -3.64011526 9.28181362 67.05474854
v -4.23331976 9.0276165 67.05474854
v -4.80882692 8.73555374 67.05474854
v -5.36422157 8.40685081 67.05474854
v -5.89717484 8.04288769 67.05474854
v -6.40545082 7.64518929 67.05474854
v -6.88691759 7.21542454 67.05474854
v -7.33955669 6.75539541 67.05474854
v -7.76146889 6.26703215 67.05474854
v -8.15088367 5.75238276 67.05474854
v -8.50616932 5.21360588 67.05474854
v -8.82583523 4.65296125 67.05474854
v -9.10854053 4.07280016 67.05474854
v -9.35309887 3.47555685 67.05474854
v -9.55848503 2.86373568 67.05474854
v -12.54704857 50.57824707 24.68287086
v -15.94809341 50.14366531 21.38047409
v -19.26871872 49.2841568 18.05272293
v -22.45541763 48.01343918 14.71284103
v 17.12893105 48.45108795 27.9467926
v 16.8227787 47.58580017 31.15926361
v 15.50908375 43.87285233 40.36165619
v 14.94523811 42.27923584 43.24347305
v 14.32194805 40.51760864 46.01306152
v 13.64169121 38.59497452 48.65940857
v 12.9071722 36.5189743 51.17199707
v 12.12130547 34.29785156 53.54084778
v 11.28721714 31.9404335 55.75654221
v 10.40822029 29.45609283 57.81027985
v 9.48780823 26.85470009 59.69389725
v 8.52963829 24.14659119 61.39990997
v 7.53751993 21.34252739 62.92153931
v 6.51539373 18.45365334 64.25273895
v 5.46732092 15.4914484 65.38821411
v 4.39746809 12.46768284 66.32345581
v 19.86768913 46.39617538 31.15926361
v 19.42716599 45.36815262 34.30751801
v 17.6505928 41.22227478 43.24347305
v 16.9145813 39.50468826 46.01306152
v 16.11129951 37.63011932 48.65940857
v 15.2439394 35.60601425 51.17199707
v 14.31594849 33.44041824 53.54084778
v 13.33101559 31.14193726 55.75654221
v 12.29305077 28.71970367 57.81027985
v 11.20618153 26.18334389 59.69389725
v 10.07472515 23.54293633 61.39990997
v 8.90318012 20.80897331 62.92153931
v 7.69620228 17.99232101 64.25273895
v 6.45858479 15.10416889 65.38821411
v 5.19524765 12.15599632 66.32345581
v 22.32306671 44.01459885 34.30751801
v 21.72815895 42.84233856 37.37905121
v 19.43621063 38.32606888 46.01306152
v 18.51327324 36.50742722 48.65940857
v 17.51671219 34.54371262 51.17199707
v 16.45048714 32.44272614 53.54084778
v 15.31884003 30.21282196 55.75654221
v 14.12626171 27.86285591 57.81027985
v 12.87749481 25.40216637 59.69389725
v 11.57749844 22.84053612 61.39990997
v 10.2314415 20.18814087 62.92153931
v 8.84467125 17.45552063 64.25273895
v 7.42270088 14.65353775 65.38821411
v 5.97117901 11.79332352 66.32345581
v 24.45573997 41.34513855 37.37905121
v 23.68896294 40.0495491 40.36165619
v 20.83753777 35.23161316 48.65940857
v 19.71595573 33.33652496 51.17199707
v 18.51597023 31.30895996 53.54084778
v 17.24235344 29.15698242 55.75654221
v 15.9001646 26.88913918 57.81027985
v 14.49473572 24.51444435 59.69389725
v 13.0316534 22.0423336 61.39990997
v 11.51673031 19.48263168 62.92153931
v 9.95598698 16.84550858 64.25273895
v 8.35562611 14.14144421 65.38821411
v 6.7220068 11.38118553 66.32345581
v 28.97042656 42.44167709 27.9467926
v 31.65688324 40.47652817 27.9467926
v 34.21050262 38.34160614 27.9467926
v 36.62057495 36.04586411 27.9467926
v 38.87698364 33.59893417 27.9467926
v 40.97027588 31.01107788 27.9467926
v 42.89167023 28.29315186 27.9467926
v 44.63310242 25.45655251 27.9467926
v 46.18726349 22.51318169 27.9467926
v 47.54764557 19.47538185 27.9467926
v 48.70854187 16.355896 27.94679451
v 26.23165321 38.43128204 40.36165619
v 25.27832794 37.0353241 43.24347305
v 21.83244705 31.98950768 51.17199707
v 20.50373459 30.04387283 53.54084778
v 19.0934906 27.9788475 55.75654602
v 17.60731697 25.80264091 57.81027985
v 16.05112267 23.52389908 59.69389725
v 14.4310894 21.15167809 61.39990997
v 12.75365543 18.69540405 62.92153931
v 11.02548504 16.16483879 64.25273895
v 9.25344658 13.57003689 65.38821411
v 7.44458246 10.92131042 66.32345581
v 31.09127808 39.75365829 31.15926361
v 32.85450745 36.82247925 34.30751801
v 34.23204803 33.69570923 37.37905121
v 35.20211792 30.42410469 40.36165619
v 35.74959564 27.06078911 43.24347687
v 35.86624146 23.66037369 46.01306152
v 35.55084991 20.27807999 48.65940857
v 34.80926514 16.96883011 51.17199707
v 33.65428925 13.7863512 53.54084778
v 32.10545349 10.78230476 55.75654602
v 27.62257385 35.32049942 43.24347687
v 26.47106743 33.84881973 46.01306152
v 22.40543938 28.65276909 53.54084778
v 20.86448479 26.68336105 55.75654602
v 19.24056435 24.60791779 57.81027985
v 17.54012871 22.43468666 59.69390106
v 15.76994038 20.17230606 61.39990997
v 13.93702888 17.82976341 62.92153931
v 12.04868126 15.41636848 64.25273895
v 10.11239815 12.94171238 65.38821411
v 8.13587475 10.41562843 66.32345581
v 33.59928894 37.65686417 31.15926361
v 35.96631622 35.4021225 31.15926361
v 38.18243408 32.99888992 31.15926361
v 40.23834229 30.4572525 31.15926361
v 42.12541962 27.78786469 31.15926552
v 43.83574677 25.00192451 31.15926552
v 45.36215973 22.11111832 31.15926552
v 46.69824982 19.12757111 31.15926552
v 47.83840942 16.06379509 31.15926552
v 28.60655022 32.06347275 46.01306152
v 27.24846268 30.54200363 48.65940857
v 22.54790878 25.2759552 55.75654602
v 20.79305077 23.30998039 57.81027985
v 18.95550919 21.2513752 59.69390106
v 17.04258728 19.10832214 61.39990997
v 15.06188965 16.88933754 62.92153931
v 13.0212822 14.6032362 64.25273895
v 10.92887592 12.25910473 65.38821411
v 8.79298592 9.86625862 66.32345581
v 35.16909027 34.61769867 34.30752182
v 36.34134674 31.40831566 37.37905121
v 37.09761047 28.08078194 40.36165619
v 37.42623901 24.68908119 43.24347687
v 37.32252502 21.28824615 46.01306152
v 36.78886414 17.93346024 48.65940857
v 35.83462524 14.67915344 51.17199707
v 34.47606659 11.57811069 53.54084778
v 29.1682663 28.71327209 48.65940857
v 27.59857941 27.16880035 51.17199707
v 22.25826454 21.91427231 57.81027985
v 20.29132462 19.97892952 59.69390106
v 18.24369621 17.96419334 61.39990997
v 16.12351608 15.87807178 62.92153931
v 13.93920994 13.72885323 64.25273895
v 11.69945717 11.52507877 65.38821411
v 9.41315746 9.27550697 66.32345581
v 37.33609772 32.26771545 34.30752182
v 39.34645844 29.78239441 34.30752182
v 41.19171906 27.17215347 34.30752182
v 42.864151 24.44794464 34.30752182
v 44.35674286 21.62119102 34.30752182
v 45.66322327 18.70375061 34.30752182
v 46.77812195 15.7078619 34.30752182
v 29.29930305 25.32447815 51.17199707
v 27.51644897 23.78421593 53.54084778
v 21.54197311 18.62268257 59.69390106
v 19.3682251 16.74471474 61.39990997
v 17.11745834 14.80020809 62.92153931
v 14.79861355 12.79688644 64.25273895
v 12.42090893 10.74271297 65.38821411
v 9.99378967 8.64585018 66.32345581
v 38.29815674 28.98918724 37.37905121
v 38.83744812 25.61967659 40.36165619
v 38.94583893 22.2138176 43.24347687
v 38.62221527 18.826828 46.01306152
v 37.87251282 15.51362228 48.65940857
v 36.70962524 12.32790661 51.17199707
v 28.9982605 21.95231056 53.54084778
v 27.00415802 20.44344711 55.75654602
v 20.41146088 15.45500469 61.39990997
v 18.03954506 13.66026688 62.92153931
v 15.59589005 11.81124496 64.25273895
v 13.09020519 9.91528797 65.38821411
v 10.53244591 7.97992992 66.32345581
v 40.09427643 26.44846535 37.37905121
v 41.72216797 23.79681015 37.37905121
v 43.17500305 21.0453434 37.37905121
v 44.44668579 18.20560646 37.37905121
v 45.53189087 15.28950691 37.37905121
v 28.27079582 18.6517086 55.75654602
v 26.07081032 17.2009697 57.81027985
v 18.88591003 12.46302986 62.92153931
v 16.32769203 10.77606392 64.25273895
v 13.70453739 9.04627514 65.38821411
v 11.02686787 7.28053904 66.32345581
v 40.41432953 23.05111504 40.36165619
v 40.30202484 19.64538193 43.24347687
v 39.75984192 16.28644371 46.01306152
v 38.79724884 13.02871418 48.65940857
v 27.12952042 15.4764452 57.81027985
v 24.73238182 14.10965443 59.69390106
v 16.99095345 9.69568348 64.25273895
v 14.26133156 8.13931942 65.38821411
v 11.47498226 6.55061102 66.32345581
v 41.82164001 20.38586807 40.36165619
v 43.05347443 17.63511467 40.36165619
v 44.10467529 14.81039524 40.36165619
v 25.59379959 12.4782486 59.69390106
v 23.01145363 11.21990395 61.39990997
v 14.75825024 7.19822407 65.38821411
v 11.87490749 5.79320765 66.32345581
v 41.48912048 16.99454689 43.24347687
v 40.73065186 13.67774868 46.01306152
v 23.68942833 9.70595455 61.39990997
v 20.9368515 8.57883453 62.92153931
v 12.22496891 5.01150513 66.32345581
v 42.50213623 14.27242947 43.24347687
v 21.44822121 7.20471239 62.92153931
v 49.38505554 -16.58300018 24.68287468
v 47.54764557 -19.47538185 27.9467926
v 45.36215973 -22.11111832 31.15926552
v 42.864151 -24.44794464 34.30752182
v 40.09427643 -26.44846535 37.37905121
v 37.09761047 -28.08078194 40.36165619
v 33.92295837 -29.31899452 43.24347687
v 30.6219902 -30.14364243 46.01306152
v 27.24846268 -30.54200363 48.65940857
v 23.85730553 -30.50831795 51.17199707
v 20.50373459 -30.04387283 53.54084778
v 17.24235344 -29.15698242 55.75654221
v 14.12626171 -27.86285591 57.81027985
v 11.20618153 -26.18334389 59.69389725
v 8.52963829 -24.14659119 61.39990997
v 48.20804596 -19.74580193 24.68287468
v 46.8287735 -22.82578087 24.68287468
v 46.18726349 -22.51318169 27.9467926
v 43.83574677 -25.00192451 31.15926552
v 41.19171906 -27.17215347 34.30752182
v 38.29815674 -28.98918724 37.37905121
v 35.20211792 -30.42410469 40.36165619
v 31.95397377 -31.45422745 43.24347687
v 28.60655022 -32.06347275 46.01306152
v 25.2143116 -32.24263382 48.65940857
v 21.83244705 -31.98950768 51.17199707
v 18.51597023 -31.30895996 53.54084778
v 15.31884003 -30.21282196 55.75654221
v 12.29305077 -28.71970367 57.81027985
v 9.48780823 -26.85470009 59.69389725
v 44.63310242 -25.45655251 27.9467926
v 42.12541962 -27.78786469 31.15926552
v 39.34645844 -29.78239441 34.30752182
v 36.34134674 -31.40831566 37.37905121
v 33.15892029 -32.6398201 40.36165619
v 29.85090446 -33.45753098 43.24347687
v 26.47106743 -33.84881973 46.01306152
v 23.07434464 -33.80802536 48.65940857
v 19.71595573 -33.33652496 51.17199707
v 16.45048714 -32.44272614 53.54084778
v 13.33101559 -31.14193726 55.75654221
v 10.40822029 -29.45609283 57.81027985
v -15.30059338 -48.10604477 31.1592617
v -14.96187496 -47.04013443 34.30751801
v -14.56375599 -45.78729248 37.37905121
v -14.10781765 -44.35250473 40.36165237
v -13.59587288 -42.74146271 43.24347305
v -13.02995777 -40.96057892 46.01305771
v -12.41231632 -39.01692581 48.65940475
v -11.7454052 -36.91822433 51.17199707
v -11.03187561 -34.67282104 53.54084778
v -10.27456188 -32.28963089 55.75654221
v -9.47647381 -29.77812958 57.81027985
v -8.64078236 -27.14829636 59.69389725
v -7.7708106 -24.41057968 61.39990997
v -6.87001228 -21.57586098 62.92153931
v -5.94196939 -18.65540314 64.25273895
v -4.99036932 -15.66081238 65.38821411
v -19.30045319 -49.36538696 14.71284103
v -22.45541763 -48.01343918 14.71284103
v -25.51625633 -46.46010208 14.71284103
v -28.4701252 -44.71189499 14.71284103
v -31.30463982 -42.77615356 14.71284103
v -34.00791168 -40.66099167 14.71284103
v -36.56859589 -38.37528229 14.71284103
v -38.97595978 -35.92861557 14.71284103
v -41.21990204 -33.33125305 14.71284103
v -43.29101562 -30.59408569 14.71284103
v -45.18060303 -27.72859764 14.71284103
v -46.88074493 -24.74680519 14.71284103
v -48.38431549 -21.66121674 14.71284103
v -49.68499756 -18.48477173 14.71284103
v -50.77734375 -15.23079777 14.71284103
v -17.97542381 -45.97389603 34.30751801
v -17.49704361 -44.74945068 37.37905121
v -16.94918823 -43.34718323 40.36165237
v -16.33403587 -41.77266312 43.24347305
v -15.65402985 -40.03214264 46.01305771
v -14.91187191 -38.13254547 48.65940475
v -14.11051083 -36.08141708 51.17199707
v -13.25313377 -33.88690567 53.54084778
v -12.34314537 -31.55773544 55.75654221
v -11.38416195 -29.10316086 57.81027985
v -10.37999439 -26.5329361 59.69389725
v -9.33463478 -23.85727501 61.39990997
v -8.25223541 -21.08680916 62.92153931
v -7.13709736 -18.23254967 64.25273895
v -5.99365425 -15.30583572 65.38821411
v -20.35700226 -43.52391434 37.37905121
v -19.7195282 -42.16004944 40.36165237
v -19.00374603 -40.62865067 43.24347305
v -18.21250153 -38.93579865 46.01305771
v -17.34893799 -37.0882225 48.65940475
v -16.41648865 -35.09326935 51.17199707
v -15.41886139 -32.95885849 53.54084778
v -14.36001396 -30.69347572 55.75654221
v -13.24415779 -28.30612373 57.81027985
v -12.07572651 -25.80628967 59.69389725
v -10.85936451 -23.20390511 61.39990997
v -9.59990311 -20.50931358 62.92153931
v -8.30234814 -17.73322105 64.25273895
v -6.97185659 -14.88666058 65.38821411
v -22.40721321 -40.79608536 40.36165237
v -21.59380531 -39.31422806 43.24347305
v -20.69464302 -37.67614365 46.01305771
v -19.71329689 -35.88834 48.65940475
v -18.65367126 -33.9579277 51.17199707
v -17.51997375 -31.89256859 53.54084778
v -16.31670952 -29.7004776 55.75654221
v -15.04866123 -27.39036179 57.81027985
v -13.7208662 -24.97140121 59.69389725
v -12.33860397 -22.45320892 61.39990997
v -10.90736389 -19.84579277 62.92153931
v -9.43283367 -17.15951347 64.25273895
v -7.92087507 -14.40504551 65.38821411
v -24.09335136 -37.83490753 43.24347305
v -23.09004021 -36.258461 46.01305771
v -21.99502945 -34.53792953 48.65940475
v -20.81266975 -32.68015289 51.17199707
v -19.54766083 -30.69251251 53.54084778
v -18.20502663 -28.58290482 55.75653839
v -16.79010391 -26.35971451 57.81027985
v -15.3085146 -24.03177452 59.69389725
v -13.76614761 -21.6083374 61.39990997
v -12.16913223 -19.09903336 62.92153931
v -10.52381229 -16.513834 64.25273895
v -8.8367281 -13.86301136 65.38821411
v -25.38864899 -34.68869781 46.01305771
v -24.1845665 -33.04265594 48.65940475
v -22.88443184 -31.26531029 51.17199707
v -21.49341583 -29.36371994 53.54084778
v -20.01704216 -27.34544563 55.75653839
v -18.46117973 -25.21850395 57.81027985
v -16.83201027 -22.99135017 59.69389725
v -15.13601112 -20.67283249 61.39990997
v -13.37991619 -18.2721653 62.92153931
v -11.57070923 -15.79888916 64.25273895
v -9.71557522 -13.26282978 65.38821411
v -26.27272034 -31.40878868 48.65940475
v -24.86026573 -29.71932793 51.17199707
v -23.34907722 -27.91176605 53.54084778
v -21.74515724 -25.99328995 55.75653839
v -20.05488205 -23.97151947 57.81027985
v -18.28496552 -21.85449219 59.69389343
v -16.44244385 -19.65061951 61.39990997
v -14.53463936 -17.36865807 62.92153931
v -12.5691309 -15.01767826 64.25273895
v -10.55372906 -12.60702038 65.38821411
v -26.731884 -28.0486927 51.17199707
v -25.10686302 -26.34274101 53.54084778
v -23.38212395 -24.53210831 55.75653839
v -21.5645237 -22.62399101 57.81027985
v -19.6612854 -20.62596893 59.69389343
v -17.67997169 -18.54598427 61.39990997
v -15.62845707 -16.39230156 62.92153931
v -13.51489067 -14.17347813 64.25273895
v -11.34767532 -11.89833164 65.38821411
v -26.75939751 -24.66322517 53.54084778
v -24.92107582 -22.96803093 55.75653839
v -22.98377609 -21.18156815 57.81027985
v -20.95519638 -19.31093407 59.69389343
v -18.84340096 -17.36355972 61.39990997
v -16.65678024 -15.347188 62.92153931
v -14.40402317 -13.2698288 64.25273895
v -12.09408283 -11.13973808 65.38821411
v -26.3555584 -21.30761909 55.75653839
v -24.30668259 -19.65030289 57.81027985
v -22.16127205 -17.91489983 59.69389343
v -19.92785263 -16.10830879 61.39990997
v -17.61529732 -14.23770428 62.92153549
v -15.23279858 -12.31052208 64.25273895
v -12.78982162 -10.3344202 65.38821411
v -25.52769661 -18.03661728 57.81027985
v -23.27445412 -16.44372749 59.69389343
v -20.92877579 -14.78549194 61.39990997
v -18.49998856 -13.06850147 62.92153549
v -15.99773884 -11.29958057 64.25273895
v -13.4319725 -9.48575687 65.38821411
v -24.29007149 -14.90358257 59.69389343
v -21.84197617 -13.40065956 61.39990997
v -19.30714035 -11.84448624 62.92153549
v -16.69563675 -10.24124432 64.25273895
v -14.01784325 -8.59730625 65.38821411
v -22.6636219 -11.95962143 61.39990997
v -20.03337097 -10.57079029 62.92153549
v -17.32356644 -9.13995266 64.25273895
v -14.54497623 -7.6727953 65.38821411
v -20.67563057 -9.25275707 62.92153549
v -17.87889099 -8.0003252 64.25273132
v -15.01116085 -6.7161026 65.38821411
v -18.35928535 -6.82714224 64.25273132
v -15.41444111 -5.7312398 65.38821411
v -15.75312519 -4.72233868 65.38821411
v -50.77734375 15.23079777 14.71284103
v -49.68499756 18.48477173 14.71284103
v -48.38431549 21.66121674 14.71284103
v -46.88074493 24.74680519 14.71284103
v -45.18060303 27.72859764 14.71284103
v -43.29101562 30.59408569 14.71284103
v -41.21990204 33.33125305 14.71284103
v -38.97595978 35.92861557 14.71284103
v -36.56859589 38.37528229 14.71284103
v -34.00791168 40.66099167 14.71284103
v -31.30463982 42.77615356 14.71284103
v -28.4701252 44.71189499 14.71284103
v -25.51625633 46.46010208 14.71284103
v -47.28979492 14.18441296 34.30751419
v -46.03067017 13.80663395 37.37904739
v -44.58868408 13.37398911 40.36165237
v -42.96956635 12.88819885 43.24346924
v -41.17975616 12.35119343 46.01305771
v -39.22635651 11.76510715 48.65940475
v -37.11712646 11.13226795 51.17199707
v -34.860466 10.45519161 53.54084778
v -32.4653244 9.73656845 55.75653839
v -29.94123268 8.97925377 57.81027985
v -27.29821014 8.18625736 59.69389343
v -24.54676819 7.36073065 61.39990997
v -21.69783401 6.50595331 62.92153549
v -18.76273155 5.62532282 64.25273132
v -15.75312519 4.72233868 65.38821411
v -12.68097401 3.80058861 66.32345581
v -49.60326385 18.45435524 18.05272293
v -48.03322601 21.50399208 21.38047409
v -46.09262848 24.33066177 24.68286896
v -45.04046631 16.75634384 37.37904739
v -43.62950897 16.23126793 40.36165237
v -42.04523468 15.64169121 43.24346924
v -40.29393005 14.98995781 46.01305771
v -38.38256073 14.27865696 48.65940475
v -36.31872559 13.51061535 51.17199707
v -34.11061859 12.68888569 53.54084778
v -31.76702499 11.81673241 55.75653839
v -29.29724312 10.89762115 57.81027985
v -26.71109581 9.93520641 59.69389343
v -24.01885986 8.93330956 61.39990997
v -21.23122978 7.89591455 62.92153549
v -18.35928535 6.82714224 64.25273132
v -15.41444111 5.7312398 65.38821411
v -12.40839672 4.61256313 66.32345581
v -48.30471802 21.6255722 18.05272293
v -46.80362701 24.7060833 18.05272293
v -45.10627747 27.68297005 18.05272293
v -43.21979523 30.54374313 18.05272293
v -41.15209961 33.27640533 18.05272293
v -38.91184998 35.86949539 18.05272293
v -36.50844574 38.3121376 18.05272293
v -33.95197296 40.59408188 18.05272293
v -31.25315094 42.70576477 18.05272293
v -28.4233017 44.63832092 18.05272293
v -25.47429276 46.38365173 18.05272293
v -22.41849136 47.93442917 18.05272293
v -42.48738861 19.02046585 40.36165237
v -40.94460297 18.32957649 43.24346924
v -39.23915863 17.5658474 46.01305771
v -37.37784576 16.73231697 48.65940475
v -35.36804962 15.83229446 51.17199707
v -33.21776581 14.86935711 53.54084778
v -30.93553734 13.847332 55.75653839
v -28.53042984 12.77028084 57.81027985
v -26.01200485 11.64248276 59.69389343
v -23.39026451 10.46841908 61.39990997
v -20.67563057 9.25275707 62.92153549
v -17.87889099 8.0003252 64.25273132
v -15.01116085 6.7161026 65.38821411
v -12.08383274 5.40519094 66.32345581
v -46.54057312 24.56718636 21.38047409
v -44.42107391 27.26231194 24.68286896
v -39.67229462 20.94058037 43.24346924
v -38.01985931 20.06806183 46.01305771
v -36.21640778 19.11579514 48.65940475
v -34.26908112 18.08756638 51.17199707
v -32.18563843 16.987463 53.54084778
v -29.97435379 15.81985188 55.75653839
v -27.64400864 14.5893774 57.81027985
v -25.20386505 13.30092716 59.69389343
v -22.6636219 11.95962143 61.39990997
v -20.03337097 10.57079029 62.92153549
v -17.32356644 9.13995266 64.25273895
v -14.54497623 7.6727953 65.38821411
v -11.70864296 6.17514753 66.32345581
v -44.85276794 27.52733421 21.38047409
v -42.97689056 30.37202454 21.38047409
v -40.92081451 33.08932495 21.38047409
v -38.69316101 35.66783524 21.38047409
v -36.30326843 38.09674454 21.38047409
v -33.76116943 40.36585999 21.38047409
v -31.07752228 42.46567154 21.38047409
v -28.26358223 44.38736343 21.38047409
v -25.33115196 46.12287903 21.38047409
v -22.29253197 47.66493988 21.38047409
v -19.16046715 49.00708008 21.38047409
v -36.64115906 22.48610306 46.01305771
v -34.90312195 21.41909599 48.65940475
v -33.02644348 20.2669735 51.17199707
v -31.01857758 19.03431511 53.54084778
v -28.88750648 17.726017 55.75653839
v -26.64169693 16.3472805 57.81027985
v -24.29007149 14.90358257 59.69389343
v -21.84197617 13.40065956 61.39990997
v -19.30714035 11.84448624 62.92153549
v -16.69563675 10.24124432 64.25273895
v -14.01784325 8.59730625 65.38821411
v -11.28440094 6.91920376 66.32345581
v -42.56326294 30.07961464 24.68286896
v -33.4434967 23.63255692 48.65940475
v -31.64533043 22.36137581 51.17199707
v -29.72146797 21.00133324 53.54084778
v -27.67955017 19.55783463 55.75653839
v -25.52769661 18.03661728 57.81027985
v -23.27445412 16.44372749 59.69389343
v -20.92877579 14.78549194 61.39990997
v -18.49998856 13.06850147 62.92153549
v -15.99773884 11.29958057 64.25273895
v -13.4319725 9.48575687 65.38821411
v -10.81288528 7.63423824 66.32345581
v -40.52697754 32.77075195 24.68286896
v -38.32077026 35.32444 24.68286896
v -35.95388794 37.7299614 24.68286896
v -33.43626404 39.97723389 24.68286896
v -30.77845192 42.05682755 24.68286896
v -27.99160194 43.96001816 24.68286896
v -25.08740616 45.67882538 24.68287086
v -22.07804108 47.20603943 24.68287086
v -18.97612953 48.53525543 24.68287086
v -15.79468346 49.66090012 24.68287086
v -30.13154602 24.36198425 51.17199707
v -28.29975319 22.88026237 53.54084778
v -26.3555584 21.30761909 55.75653839
v -24.30668259 19.65030289 57.81027985
v -22.16127205 17.91489983 59.69389343
v -19.92785263 16.10830879 61.39990997
v -17.61529732 14.23770428 62.92153549
v -15.23279858 12.31052208 64.25273895
v -12.78982162 10.3344202 65.38821411
v -10.29607487 8.31725216 66.32345581
v -26.75939751 24.66322517 53.54084778
v -24.92107582 22.96803093 55.75653839
v -22.98377609 21.18156815 57.81027985
v -20.95519638 19.31093407 59.69389343
v -18.84340096 17.36355972 61.39990997
v -16.65678024 15.347188 62.92153931
v -14.40402317 13.2698288 64.25273895
v -12.09408283 11.13973808 65.38821411
v -9.73613739 8.96538067 66.32345581
v -23.38212395 24.53210831 55.75653839
v -21.5645237 22.62399101 57.81027985
v -19.6612854 20.62596893 59.69389343
v -17.67997169 18.54598427 61.39990997
v -15.62845707 16.39230156 62.92153931
v -13.51489067 14.17347813 64.25273895
v -11.34767532 11.89833164 65.38821411
v -9.13541985 9.57590485 66.32345581
v -20.05488205 23.97151947 57.81027985
v -18.28496552 21.85449219 59.69389343
v -16.44244385 19.65061951 61.39990997
v -14.53463936 17.36865807 62.92153931
v -12.5691309 15.01767826 64.25273895
v -10.55372906 12.60702038 65.38821411
v -8.49644375 10.14626408 66.32345581
v -16.83201027 22.99135017 59.69389725
v -15.13601112 20.67283249 61.39990997
v -13.37991619 18.2721653 62.92153931
v -11.57070923 15.79888916 64.25273895
v -9.71557522 13.26282978 65.38821411
v -7.82188892 10.6740675 66.32345581
v -13.76614761 21.6083374 61.39990997
v -12.16913223 19.09903336 62.92153931
v -10.52381229 16.513834 64.25273895
v -8.8367281 13.86301136 65.38821411
v -7.11458349 11.15709877 66.32345581
v -10.90736389 19.84579277 62.92153931
v -9.43283367 17.15951347 64.25273895
v -7.92087507 14.40504551 65.38821411
v -6.37749529 11.5933342 66.32345581
v -8.30234814 17.73322105 64.25273895
v -6.97185659 14.88666058 65.38821411
v -5.61371517 11.98094368 66.32345581
v -5.99365425 15.30583572 65.38821411
v -4.82644701 12.31830025 66.32345581
v -4.01899242 12.6039896 66.32345581
v -0.55912524 56.41999817 6.95002174
v -0.19568451 56.41999817 6.93362236
v -0.19646448 56.41999817 6.99443817
v 0.16812606 56.41999817 6.93362236
v 0.16890603 56.41999817 6.99443817
v 0.5315668 56.41999817 6.95002174
v 1.07542217 56.38982391 6.79528618
v 0.76267779 53.2480011 6.89778328
v -0.01377922 53.2480011 7.00000572
v -0.79023623 53.2480011 6.89778328
v -1.10298049 56.38982391 6.79528618
v -1.51377892 53.2480011 6.59808159
v -1.60793805 56.34009552 6.54048347
v -2.0464654 56.27480316 6.20626068
v -2.13509893 53.2480011 6.12132645
v -2.40880632 56.1964035 5.80544853
v -2.61185479 53.2480011 5.50000572
v -2.70161319 56.10364532 5.33195686
v -2.91155624 53.2480011 4.77646255
v -2.90200591 56.00105286 4.80918694
v -3.00139761 55.89458847 4.26768684
v -3.01377869 53.2480011 4.00000572
v -3.00153923 55.78943253 3.73386955
v -2.91155624 53.2480011 3.22354889
v -2.90245533 55.68257904 3.19244194
v -2.70242286 55.57921219 2.66968536
v -2.61185479 53.2480011 2.50000763
v -2.40996933 55.48540497 2.19610977
v -2.1350987 53.2480011 1.878685
v -2.0479691 55.40585709 1.7951355
v -1.60985315 55.33942413 1.46073532
v -1.51377869 53.2480011 1.40193176
v -1.1051923 55.28869247 1.20561218
v -0.79023594 53.2480011 1.10223007
v -0.56132936 55.2579689 1.05122757
v -0.01377889 53.2480011 1.00000763
v -0.01377889 55.2477684 1.00000763
v 0.53377151 55.2579689 1.05122757
v 0.76267809 53.2480011 1.10223007
v 1.07763469 55.28869247 1.20561218
v 1.48622084 53.2480011 1.40193176
v 1.5822953 55.33942413 1.46073532
v 2.02041125 55.40585709 1.7951355
v 2.10754085 53.2480011 1.878685
v 2.38241148 55.48540497 2.19610977
v 2.58429646 53.2480011 2.50000763
v 2.67486453 55.57921219 2.66968536
v 2.88399792 53.2480011 3.22354889
v 2.874897 55.68257904 3.19244194
v 2.9739809 55.78943253 3.73386955
v 2.98622036 53.2480011 4.00000572
v 2.97383928 55.89458847 4.26768684
v 2.88399792 53.2480011 4.77646255
v 2.87444758 56.00105286 4.80918694
v 2.67405486 56.10364532 5.33195686
v 2.58429646 53.2480011 5.50000572
v 2.381248 56.1964035 5.80544853
v 2.10754061 53.2480011 6.12132645
v 2.01890707 56.27480316 6.20626068
v 1.4862206 53.2480011 6.59808159
v 1.58037972 56.34009552 6.54048347
v 1.4351095 53.2480011 4.38823509
v 1.48622072 53.2480011 4.00000572
v 1.4351095 53.2480011 3.61177635
v 1.28525889 53.2480011 3.25000572
v 1.04688096 53.2480011 2.93934631
v 0.7362209 53.2480011 2.7009697
v 0.37444952 53.2480011 2.55111694
v -0.01377897 53.2480011 2.50000763
v 1.28525877 53.2480011 4.75000572
v 1.04688084 53.2480011 5.06066704
v 0.73622072 53.2480011 5.29904366
v 0.37444934 53.2480011 5.4488945
v -0.01377914 53.2480011 5.50000572
v -0.40200767 53.2480011 5.4488945
v -0.76377904 53.2480011 5.29904366
v -1.07443893 53.2480011 5.06066704
v -1.31281686 53.2480011 4.75000572
v -1.46266758 53.2480011 4.38823509
v -1.51377881 53.2480011 4.00000572
v -1.46266758 53.2480011 3.61177635
v -1.31281674 53.2480011 3.25000572
v -1.07443881 53.2480011 2.93934631
v -0.76377887 53.2480011 2.7009697
v -0.40200749 53.2480011 2.55111694
v 54.96398163 0.87238508 1.144E-05
v 54.90862274 -2.61627674 1.144E-05
v 54.6321106 -6.09440374 1.144E-05
v 54.13555908 -9.5479908 1.144E-05
v 53.4209671 -12.9631319 1.144E-05
v 52.49121475 -16.3260746 1.144E-05
v 51.35004807 -19.62327766 1.144E-05
v 50.00204849 -22.841465 1.144E-05
v 48.45265579 -25.96767807 1.144E-05
v 46.70810318 -28.98932838 1.144E-05
v 44.77541733 -31.89424896 1.144E-05
v 42.66238785 -34.67074203 1.144E-05
v 40.37751389 -37.30762863 1.144E-05
v 37.92999649 -39.79429245 1.144E-05
v 35.32969284 -42.12071609 1.144E-05
v 32.58707047 -44.27753448 7.63E-06
v 29.71318245 -46.25606537 7.63E-06
v 26.71959114 -48.04833603 7.63E-06
v 23.6183567 -49.64713669 7.63E-06
v 20.42196274 -51.04602051 7.63E-06
v 17.14328003 -52.23936462 7.63E-06
v 13.7955122 -53.2223587 7.63E-06
v 10.39214039 -53.99104309 7.63E-06
v 6.94686651 -54.54232788 7.63E-06
v 3.47356486 -54.87398529 7.63E-06
v -0.01377884 -54.98468781 7.63E-06
v -3.50112271 -54.87398529 7.63E-06
v -6.97442389 -54.54232788 7.63E-06
v -10.41969776 -53.99104309 7.63E-06
v -13.82306957 -53.2223587 7.63E-06
v -17.1708374 -52.23936462 7.63E-06
v -20.44952011 -51.04602051 7.63E-06
v -23.64591408 -49.64713669 7.63E-06
v -26.74714851 -48.04833603 7.63E-06
v -29.74073982 -46.25606537 7.63E-06
v -32.61462784 -44.27753448 7.63E-06
v -35.35724258 -42.12071609 3.81E-06
v -37.95754623 -39.79429245 3.81E-06
v -40.40506363 -37.30762863 3.81E-06
v 54.79795837 4.35753441 1.144E-05
v 54.41123962 7.82513714 1.144E-05
v 53.80535889 11.26123142 1.144E-05
v 52.98277664 14.65197945 1.144E-05
v 51.94678879 17.98373032 1.144E-05
v 50.70158005 21.24306679 1.144E-05
v 49.2521553 24.4168644 1.144E-05
v 47.60435104 27.4923439 1.144E-05
v 45.76481247 30.4571228 1.144E-05
v 43.74093246 33.29925919 1.144E-05
v 41.54087448 36.00731277 1.144E-05
v 39.17348099 38.57037735 1.144E-05
v 36.64830399 40.97813416 1.144E-05
v 33.9754982 43.22088623 7.63E-06
v 31.1658268 45.28960037 7.63E-06
v 28.23060799 47.17595291 7.63E-06
v 25.1816597 48.87234116 7.63E-06
v 22.03125763 50.37194061 7.63E-06
v 18.79208946 51.66870499 7.63E-06
v 15.47719574 52.7574234 7.63E-06
v 12.09992599 53.63370514 7.63E-06
v 8.67387676 54.29402161 7.63E-06
v 5.21284723 54.73571396 7.63E-06
v 1.73077142 54.95700836 7.63E-06
v -1.75832903 54.95700836 7.63E-06
v -5.24040461 54.73571396 7.63E-06
v -8.70143414 54.29402161 7.63E-06
v -12.12748337 53.63370514 7.63E-06
v -15.50475311 52.7574234 7.63E-06
v -18.81964684 51.66870499 7.63E-06
v -22.058815 50.37194061 7.63E-06
v -25.20921707 48.87234116 7.63E-06
v -28.25816536 47.17595291 7.63E-06
v -31.19338417 45.28960037 7.63E-06
v -34.00304794 43.22088623 7.63E-06
v -36.67585373 40.97813416 3.81E-06
v -39.20103836 38.57037735 3.81E-06
v -41.56842422 36.00731277 3.81E-06
v -43.76848984 33.29925919 3.81E-06
v -45.79236221 30.4571228 3.81E-06
v -47.63190842 27.4923439 3.81E-06
v -49.27970505 24.4168644 3.81E-06
v -50.72912979 21.24306679 3.81E-06
v -51.97434616 17.98373032 3.81E-06
v -53.01033401 14.65197945 3.81E-06
v -53.83291626 11.26123142 3.81E-06
v -54.43878937 7.82513714 3.81E-06
v -54.82551575 4.35753441 3.81E-06
v -54.99153137 0.87238508 3.81E-06
v -54.93617249 -2.61627674 3.81E-06
v -54.65966797 -6.09440374 3.81E-06
v -54.16311646 -9.5479908 3.81E-06
v -53.44852448 -12.9631319 3.81E-06
v -52.51877213 -16.3260746 3.81E-06
v -51.37759781 -19.62327766 3.81E-06
v -50.02959824 -22.841465 3.81E-06
v -48.48020554 -25.96767807 3.81E-06
v -46.73566055 -28.98932838 3.81E-06
v -44.8029747 -31.89424896 3.81E-06
v -42.68993759 -34.67074203 3.81E-06
v -0.86447704 -18.21959114 68.99664307
v 0.26987362 -18.23723412 68.99664307
v 1.40312696 -18.18432045 68.99664307
v 0.3200911 -21.46587944 67.79602051
v 1.65397108 -21.40359879 67.79602051
v 0.36908865 -24.6160984 66.40249634
v 1.89872169 -24.54467773 66.40249634
v 0.41668737 -27.67637634 64.82116699
v 2.13648438 -27.59607697 64.82116699
v 0.4627133 -30.63553619 63.05780029
v 2.36639142 -30.54665184 63.05780029
v 0.5069983 -33.4827652 61.11885834
v 2.5876019 -33.38562012 61.11885834
v 0.5493806 -36.20765686 59.01140594
v 2.79930758 -36.10260773 59.01140594
v 0.58970529 -38.80026245 56.74315643
v 3.00073576 -38.68769073 56.74315643
v 0.62782508 -41.25110626 54.32239151
v 3.19114995 -41.13142014 54.32239151
v 0.66360068 -43.55123138 51.75795364
v 3.36985373 -43.42487335 51.75795364
v 0.69690132 -45.69223404 49.05921936
v 3.53619576 -45.55966568 49.05921936
v 0.72760546 -47.66629791 46.23604584
v 3.68956685 -47.52799988 46.23604584
v 0.75560075 -49.46620178 43.2987442
v 3.82940769 -49.32268143 43.2987442
v 0.78078508 -51.08537674 40.25804901
v 3.95520687 -50.93715668 40.25804901
v 0.80306631 -52.51790237 37.12506866
v 4.06650448 -52.36552811 37.12506866
v 0.82236308 -53.75854874 33.91125488
v 4.16289425 -53.60257339 33.91125488
v 0.83860487 -54.80277634 30.62834358
v 4.24402428 -54.64377213 30.62834358
v 0.85173237 -55.64677811 27.28833199
v 4.30959749 -55.48532486 27.28833199
v 0.86169755 -56.28746414 23.90342331
v 4.35937452 -56.12415314 23.90342331
v 0.86846411 -56.72249603 20.48598671
v 4.39317417 -56.55792236 20.48598671
v 1.48622 -56.91498947 17.59807968
v 2.10753989 -56.91498947 17.12132454
v -3.11892939 -17.97318077 68.99664307
v -1.99553657 -18.13145828 68.99664307
v -2.34637833 -21.34137917 67.79602051
v -1.01508033 -21.44511223 67.79602051
v -2.68869734 -24.47332573 66.40249634
v -1.16202545 -24.59228325 66.40249634
v -3.02124357 -27.51585579 64.82116699
v -1.30477524 -27.64960098 64.82116699
v -3.34280109 -30.45785141 63.05780029
v -1.44280815 -30.6058979 63.05780029
v -3.65219593 -33.28856659 61.11885834
v -1.57561994 -33.45037079 61.11885834
v -3.94829726 -35.99765778 59.01140594
v -1.70272529 -36.17263031 59.01140594
v -4.23002291 -38.57522202 56.74315643
v -1.82365978 -38.76272583 56.74315643
v -4.49634409 -41.01185226 54.32239151
v -1.93798172 -41.2111969 54.32239151
v -4.74628782 -43.29863739 51.75795364
v -2.0452733 -43.50909805 51.75795364
v -4.97894049 -45.42722321 49.05921936
v -2.14514256 -45.64802933 49.05921936
v -5.19345188 -47.38983536 46.23604584
v -2.23722458 -47.62018204 46.23604584
v -5.38903952 -49.17930222 43.2987442
v -2.32118297 -49.41834641 43.2987442
v -5.56498718 -50.78908539 40.25804901
v -2.39671063 -51.03595352 40.25804901
v -5.72065258 -52.21330261 37.12506866
v -2.46353197 -52.46709442 37.12506866
v -5.8554678 -53.44675064 33.91125488
v -2.52140331 -53.70653915 33.91125488
v -5.96893883 -54.48492432 30.62834358
v -2.57011223 -54.74975967 30.62834358
v -6.06065226 -55.32402802 27.28833199
v -2.60948133 -55.59294128 27.28833199
v -6.13027287 -55.96100235 23.90342331
v -2.63936639 -56.23300934 23.90342331
v -6.17754555 -56.39350891 20.48598671
v -2.65965891 -56.66762161 20.48598671
v -6.20229816 -56.61997986 17.04850578
v -2.67028427 -56.89519119 17.04850578
v -2.91155696 -56.91498947 15.77646065
v -2.61185551 -56.91498947 16.50000381
v -5.3253746 -17.44890022 68.99664307
v -4.23030806 -17.74536705 68.99664307
v -4.97678471 -20.88693619 67.79602051
v -3.66865182 -21.15507889 67.79602051
v -5.70512867 -23.9521904 66.40249634
v -4.20502043 -24.25968552 66.40249634
v -6.41267776 -26.92993164 64.82116699
v -4.72607565 -27.27565575 64.82116699
v -7.09684753 -29.8092823 63.05780029
v -5.22991467 -30.19197083 63.05780029
v -7.75513935 -32.57971954 61.11885834
v -5.71469545 -32.9979744 61.11885834
v -8.38514519 -35.23112106 59.01140594
v -6.17864704 -35.68341446 59.01140594
v -8.98456669 -37.75380325 56.74315643
v -6.62007475 -38.23848343 56.74315643
v -9.55121136 -40.13854218 54.32239151
v -7.03736448 -40.65383911 54.32239151
v -10.08301067 -42.37663269 51.75795364
v -7.42899323 -42.92066193 51.75795364
v -10.5780201 -44.45989609 49.05921936
v -7.79352951 -45.03066635 49.05921936
v -11.03443146 -46.38071442 46.23604202
v -8.12964058 -46.9761467 46.23604584
v -11.45057678 -48.13207626 43.29874039
v -8.43609905 -48.74999237 43.2987442
v -11.82493687 -49.70758057 40.25804901
v -8.71178627 -50.3457222 40.25804901
v -12.15614223 -51.10147095 37.12506866
v -8.9556942 -51.75750732 37.12506866
v -12.44298458 -52.30865479 33.91125488
v -9.16693211 -52.98018646 33.91125488
v -12.68441582 -53.32472229 30.62834358
v -9.34472656 -54.00930023 30.62834358
v -12.87955189 -54.14595795 27.28833199
v -9.48843002 -54.84107971 27.28833199
v -13.0276804 -54.76936722 23.90342331
v -9.59751511 -55.4724884 23.90342331
v -13.12826157 -55.1926651 20.4859848
v -9.67158508 -55.90122223 20.4859848
v -13.18092728 -55.41431046 17.04850578
v -9.71036911 -56.12571335 17.04850578
v -13.18548584 -55.43349075 13.60353851
v -9.71372604 -56.1451416 13.60353851
v -13.14191818 -55.25013733 10.1636734
v -9.68164253 -55.95943451 10.1636734
v -13.05038452 -54.86492157 6.74147987
v -9.61423492 -55.56927109 6.74147987
v -12.9112215 -54.27924728 3.34945869
v -9.51175117 -54.97607803 3.34945869
v -7.44970179 -16.65485573 68.99664307
v -6.39989185 -17.08492851 68.99664307
v -7.53046227 -20.10957336 67.79602051
v -6.26571751 -20.53798294 67.79602051
v -8.63356972 -23.06074715 66.40249634
v -7.183218 -23.55202866 66.40249634
v -9.70518398 -25.92766571 64.82116699
v -8.07452393 -26.48002243 64.82116699
v -10.74138927 -28.69985199 63.05780029
v -8.93637848 -29.31126785 63.05780029
v -11.73839951 -31.36717987 61.11885834
v -9.76563358 -32.03541946 61.11885834
v -12.69257164 -33.9199028 59.01140594
v -10.55925751 -34.64252472 59.01140594
v -13.60042 -36.34869766 56.74315643
v -11.31435394 -37.12306213 56.74315643
v -14.45862865 -38.64468384 54.32239151
v -12.02816105 -39.46796036 54.32239151
v -15.26406097 -40.79947662 51.75795364
v -12.69807243 -41.66865921 51.75795364
v -16.01377106 -42.8052063 49.05921936
v -13.32164001 -43.71711731 49.05921936
v -16.70502663 -44.6545372 46.23604202
v -13.89658451 -45.60584641 46.23604202
v -17.33529663 -46.34071732 43.29874039
v -14.42080593 -47.32794571 43.29874039
v -17.90228081 -47.85758591 40.25804901
v -14.89239025 -48.8771286 40.25804901
v -18.40390778 -49.19959641 37.12506866
v -15.30961323 -50.24773407 37.12506866
v -18.83834267 -50.36185455 33.91125488
v -15.67095089 -51.4347496 33.91125488
v -19.20399857 -51.34010315 30.62834167
v -15.97508335 -52.43384171 30.62834167
v -19.49954224 -52.13077545 27.28833199
v -16.22089767 -53.24135971 27.28833199
v -19.7238903 -52.73098373 23.90342331
v -16.40749741 -53.85435104 23.90342331
v -19.87622452 -53.13852692 20.4859848
v -16.53420067 -54.27057648 20.4859848
v -19.95598793 -53.3519249 17.04850388
v -16.60054207 -54.48852158 17.04850578
v -19.96289062 -53.37039185 13.60353661
v -16.60628319 -54.50738144 13.60353851
v -19.8969059 -53.19386292 10.16367149
v -16.55140114 -54.32709122 10.1636734
v -19.75827599 -52.82298279 6.74147797
v -16.4360981 -53.94831085 6.74147987
v -19.54750824 -52.25910568 3.34945679
v -16.26079178 -53.37242126 3.34945869
v -9.45906734 -15.60332394 68.99664307
v -8.47074318 -16.1603508 68.99664307
v -9.96792984 -19.02131462 67.79602051
v -8.76612663 -19.60336494 67.79602051
v -11.42874813 -21.81278038 66.40249634
v -10.0505743 -22.4802494 66.40249634
v -12.84785938 -24.52454948 64.82116699
v -11.29835033 -25.27499962 64.82116699
v -14.22007847 -27.14671516 63.05780029
v -12.50489712 -27.97740364 63.05780029
v -15.54039383 -29.66969681 61.11885834
v -13.66580486 -30.57758904 61.11885834
v -16.80397987 -32.08427811 59.01140594
v -14.77683353 -33.0660553 59.01140594
v -18.00622177 -34.38162994 56.74315643
v -15.83392334 -35.43370819 56.74315643
v -19.14272499 -36.55336761 54.3223877
v -16.8332119 -37.67189789 54.32239151
v -20.20933723 -38.59155273 51.75794983
v -17.77104759 -39.77244949 51.75794983
v -21.20216179 -40.4887352 49.05921936
v -18.64400482 -41.72768784 49.05921936
v -22.11757278 -42.23798752 46.23604202
v -19.4488945 -43.53046799 46.23604202
v -22.95222473 -43.83291626 43.29874039
v -20.1827755 -45.17420197 43.29874039
v -23.70306778 -45.26769638 40.2580452
v -20.84296608 -46.65288544 40.25804901
v -24.36735725 -46.53708649 37.12506866
v -21.42705536 -47.96111679 37.12506866
v -24.94266891 -47.63644409 33.91125488
v -21.9329071 -49.09411621 33.91125488
v -25.42689896 -48.56175613 30.62834167
v -22.3586731 -50.04774094 30.62834167
v -25.81827927 -49.30963898 27.28833008
v -22.70280075 -50.81851196 27.28833008
v -26.11537743 -49.87736511 23.90342331
v -22.96402931 -51.40361023 23.90342331
v -26.31711197 -50.26285553 20.4859848
v -23.14140701 -51.80089569 20.4859848
v -26.42273903 -50.46470261 17.04850388
v -23.23428154 -52.00891876 17.04850388
v -26.43188095 -50.4821701 13.60353661
v -23.24231911 -52.02692413 13.60353661
v -26.34449959 -50.31519699 10.16367149
v -23.16548729 -51.85483551 10.16367149
v -26.16091537 -49.96438599 6.74147797
v -23.00406837 -51.49329376 6.74147797
v -25.8817997 -49.43102264 3.34945679
v -22.75865173 -50.94361115 3.34945679
v -11.32240772 -14.31055927 68.99664307
v -10.41084957 -14.98593044 68.99664307
v -12.2515049 -17.63897896 67.79602051
v -11.13122272 -18.36567307 67.79602051
v -14.04744625 -20.22758102 66.40249634
v -12.76275921 -21.06092072 66.40249634
v -15.79211521 -22.74227905 64.82116699
v -14.34771442 -23.6792202 64.82116699
v -17.47913551 -25.17388535 63.05780029
v -15.88029957 -26.21100235 63.05780029
v -19.10234261 -27.51351357 61.11885834
v -17.35491371 -28.64702034 61.11885834
v -20.6558075 -29.75261879 59.01140594
v -18.76616859 -30.97837257 59.01140594
v -22.13385582 -31.88301659 56.74315643
v -20.10890961 -33.19654083 56.74315643
v -23.53108406 -33.89692688 54.3223877
v -21.37823105 -35.29341888 54.3223877
v -24.84238625 -35.78699112 51.75794983
v -22.56949234 -37.26134872 51.75794983
v -26.06297493 -37.54629898 49.05921936
v -23.67834473 -39.09313965 49.05921936
v -27.18838692 -39.16843033 46.23604202
v -24.70073509 -40.78209686 46.23604202
v -28.21451569 -40.64744949 43.29874039
v -25.63292885 -42.322052 43.29874039
v -29.13760948 -41.97796249 40.2580452
v -26.47151947 -43.70737839 40.2580452
v -29.9542942 -43.15509796 37.12506866
v -27.21343994 -44.9330101 37.12506866
v -30.66158676 -44.17456436 33.91125488
v -27.85598564 -45.99447632 33.91125488
v -31.2569046 -45.03263092 30.62834167
v -28.39680481 -46.88789368 30.62834167
v -31.73806953 -45.72616577 27.28833008
v -28.83392334 -47.61000061 27.28833008
v -32.10332489 -46.25263214 23.90342331
v -29.16574287 -48.15815353 23.90342331
v -32.35133362 -46.61010742 20.4859848
v -29.39105225 -48.53035736 20.4859848
v -32.48120117 -46.79728699 17.04850388
v -29.50902367 -48.72525024 17.04850388
v -32.49243927 -46.81348419 13.60353661
v -29.5192337 -48.74211502 13.60353661
v -32.38500977 -46.65864182 10.16367149
v -29.4216404 -48.58089447 10.16367149
v -32.15930939 -46.33332825 6.74147797
v -29.21660233 -48.24217606 6.74147797
v -31.81616211 -45.83872604 3.34945679
v -28.90486717 -47.72719955 3.34945679
v -13.0109129 -12.79655075 68.99664307
v -12.19021416 -13.57982445 68.99664307
v -14.34587955 -15.98394108 67.79602051
v -13.32444096 -16.84404373 67.79602051
v -16.4491806 -18.32965851 66.40249634
v -15.27784061 -19.31598473 66.40249634
v -18.49243355 -20.60840607 64.82116699
v -17.17547226 -21.71735191 64.82116699
v -20.46817207 -22.81185913 63.05780029
v -19.01040077 -24.0393734 63.05780029
v -22.36917877 -24.93196297 61.11885834
v -20.77592278 -26.27356148 61.11885834
v -24.18850517 -26.96097755 59.01140594
v -22.46558762 -28.41175652 59.01140594
v -25.91950607 -28.89148331 56.74315643
v -24.07322121 -30.44614601 56.74315643
v -27.5558567 -30.71643257 54.3223877
v -25.59295082 -32.36929321 54.3223877
v -29.09157562 -32.42915344 51.75794983
v -27.01921844 -34.17417908 51.75794983
v -30.52105904 -34.02338791 49.05921936
v -28.34682274 -35.85420227 49.05921936
v -31.839077 -35.49331665 46.23604202
v -29.57090759 -37.40322495 46.23604202
v -33.04081726 -36.83356476 43.29874039
v -30.68700218 -38.81559372 43.29874039
v -34.12188721 -38.03923416 40.2580452
v -31.69102669 -40.08613968 40.2580452
v -35.07833862 -39.1059227 37.12506866
v -32.57931519 -41.21022797 37.12506866
v -35.90668488 -40.02973557 33.91125488
v -33.34861755 -42.18375015 33.91125488
v -36.60388184 -40.80728912 30.62834167
v -33.99612427 -43.00314713 30.62834167
v -37.16739655 -41.43574905 27.28833008
v -34.51947784 -43.66542435 27.28833008
v -37.59516144 -41.91281891 23.90342331
v -34.91675568 -44.1681633 23.90342331
v -37.88562012 -42.23675156 20.4859848
v -35.18651581 -44.50952911 20.4859848
v -38.03770447 -42.40636826 17.04850388
v -35.32776642 -44.68827057 17.04850388
v -38.05086517 -42.42104721 13.60353661
v -35.33998871 -44.70373917 13.60353661
v -37.92505646 -42.28073502 10.16367149
v -35.22314453 -44.55587769 10.16367149
v -37.66072845 -41.98594284 6.74147797
v -34.9776535 -44.245224 6.74147797
v -37.25885773 -41.53775024 3.34945679
v -34.60442352 -43.77291107 3.34945679
v -14.49847794 -11.08470345 68.99664307
v -13.78132725 -11.96376991 68.99664307
v -16.21867752 -14.08178806 67.79602051
v -15.31187153 -15.06200027 67.79602051
v -18.59682083 -16.14835548 66.40249634
v -17.55693626 -17.27241898 66.40249634
v -20.90707016 -18.15592194 64.82116699
v -19.7379055 -19.41972923 64.82116699
v -23.14098167 -20.09715462 63.05780029
v -21.84681129 -21.49608803 63.05780029
v -25.29039383 -21.9649601 61.11885834
v -23.87594604 -23.49390793 61.11885834
v -27.34745407 -23.75251198 59.01140594
v -25.81789589 -25.40588951 59.01140594
v -29.30464745 -25.4532795 56.74315643
v -27.66556549 -27.22504616 56.74315643
v -31.1548233 -27.06105232 54.3223877
v -29.41220856 -28.94473267 54.3223877
v -32.89122009 -28.56995201 51.75794983
v -31.05143738 -30.55866623 51.75794983
v -34.50749207 -29.97446823 49.05921936
v -32.57726288 -32.06094742 49.05921936
v -35.9977417 -31.26946831 46.23604202
v -33.98412323 -33.4460907 46.23604202
v -37.35651398 -32.45022202 43.29874039
v -35.26686096 -34.70903397 43.29874039
v -38.57884979 -33.51241302 40.2580452
v -36.42079926 -35.84516144 40.2580452
v -39.66028595 -34.45215988 37.12506866
v -37.44171143 -36.85032654 37.12506866
v -40.59686279 -35.26603317 33.91125107
v -38.32588196 -37.7208519 33.91125488
v -41.38516998 -35.95105743 30.62834167
v -39.07007599 -38.45355606 30.62834167
v -42.02231598 -36.50472641 27.28833008
v -39.67156982 -39.04576874 27.28833008
v -42.50598145 -36.92502213 23.90342331
v -40.1281662 -39.49531937 23.90342331
v -42.83439636 -37.21040726 20.4859848
v -40.4382019 -39.80057144 20.4859848
v -43.00635529 -37.35984039 17.04850388
v -40.60054016 -39.96040344 17.04850388
v -43.0212326 -37.37277222 13.60353661
v -40.61459351 -39.97423553 13.60353661
v -42.87898254 -37.24915695 10.16367149
v -40.4803009 -39.84201431 10.16367149
v -42.58011627 -36.98944473 6.74147797
v -40.19815826 -39.56422806 6.74147797
v -42.12572479 -36.59458923 3.34945679
v -39.76919556 -39.14188766 3.34945679
v -15.76210785 -9.20148468 68.99664307
v -15.15959072 -10.16275311 68.99664307
v -17.84094429 -11.96192551 67.79602051
v -17.06278992 -13.0470953 67.79602051
v -20.45716286 -13.71739388 66.40249634
v -19.56481171 -14.96181679 66.40249634
v -22.99868965 -15.4227438 64.82116699
v -21.99540138 -16.82187271 64.82116699
v -25.45623589 -17.07174492 63.05780029
v -24.34567642 -18.62046814 63.05780029
v -27.82082558 -18.65837097 61.11885834
v -26.60705185 -20.35103226 61.11885834
v -30.08381844 -20.17682648 59.01140594
v -28.77126503 -22.0072403 59.01140594
v -32.23693848 -21.62156296 56.74315643
v -30.8304081 -23.58304024 56.74315643
v -34.27233887 -22.98730087 54.3223877
v -32.77695465 -25.07267761 54.3223877
v -36.18256378 -24.26905441 51.75794983
v -34.60380554 -26.47070885 51.75794983
v -37.96064758 -25.46213531 49.05921936
v -36.30426788 -27.77202415 49.05921936
v -39.6000824 -26.56218719 46.23604202
v -37.87213898 -28.97187042 46.23604202
v -41.09487915 -27.56518936 43.29874039
v -39.30169678 -30.06586456 43.29874039
v -42.43958282 -28.46747971 40.2580452
v -40.58770752 -31.05000877 40.2580452
v -43.62928009 -29.26575851 37.12506866
v -41.7254715 -31.9207077 37.12506866
v -44.65962219 -29.95711136 33.91125107
v -42.71083832 -32.67477798 33.91125107
v -45.52684784 -30.539011 30.62834167
v -43.54020691 -33.30946732 30.62834167
v -46.22777557 -31.00933266 27.28833008
v -44.21054077 -33.82245636 27.28833008
v -46.75985718 -31.3663578 23.9034214
v -44.7193985 -34.2118721 23.9034214
v -47.12114716 -31.60878181 20.4859848
v -45.06491852 -34.47628403 20.4859848
v -47.31032562 -31.73571777 17.04850388
v -45.24583435 -34.61473846 17.04850388
v -47.3266983 -31.74670219 13.60353661
v -45.2614975 -34.62672043 13.60353661
v -47.17020416 -31.64169693 10.16367149
v -45.11183167 -34.51218796 10.16367149
v -46.84141541 -31.42108345 6.74147797
v -44.7973938 -34.27156067 6.74147797
v -46.34153748 -31.08566856 3.34945679
v -44.31933594 -33.90571594 3.34945679
v -16.7822628 -7.17600822 68.99664307
v -16.30369568 -8.2046175 68.99664307
v -19.18759727 -9.65713024 67.79602051
v -18.55012703 -10.83047867 67.79602051
v -22.00144386 -11.07435799 66.40249634
v -21.27042198 -12.41990089 66.40249634
v -24.73495674 -12.45112514 64.82116699
v -23.91305351 -13.96394634 64.82116699
v -27.37814331 -13.78240013 63.05780029
v -26.46836472 -15.45697212 63.05780029
v -29.92135239 -15.06331921 61.11885834
v -28.92701912 -16.89352417 61.11885834
v -32.35528564 -16.28920174 59.01140594
v -31.28003693 -18.26835251 59.01140594
v -34.67105865 -17.45557022 56.74315643
v -33.51881409 -19.57643509 56.74315643
v -36.8602066 -18.55816269 54.3223877
v -35.63517761 -20.8129921 54.3223877
v -38.91473389 -19.59294891 51.75794983
v -37.62139893 -21.97350693 51.75794983
v -40.82713318 -20.55615044 49.05921936
v -39.47021484 -23.05373764 49.05921936
v -42.59040833 -21.44424629 46.23604202
v -41.17486572 -24.04973793 46.23604202
v -44.19812775 -22.25399208 43.29874039
v -42.72913361 -24.95786858 43.29874039
v -45.64440918 -22.98243141 40.2580452
v -44.12732697 -25.77481461 40.2580452
v -46.92397308 -23.62689972 37.12506866
v -45.36435699 -26.4975872 37.12506866
v -48.03214264 -24.18504524 33.91125107
v -46.4356842 -27.1235466 33.91125107
v -48.96487427 -24.65482521 30.62834167
v -47.33740234 -27.65040588 30.62834167
v -49.71875763 -25.03452682 27.28833008
v -48.06622314 -28.07624054 27.28833008
v -50.29103088 -25.32276154 23.9034214
v -48.61946869 -28.39949608 23.9034214
v -50.67961121 -25.51847458 20.4859848
v -48.99513245 -28.61898804 20.4859848
v -50.88307953 -25.62095261 17.04850388
v -49.1918335 -28.73391914 17.04850388
v -50.90068817 -25.62982178 13.60353661
v -49.20885468 -28.74386406 13.60353661
v -50.7323761 -25.54504776 10.16367149
v -49.04613495 -28.64879036 10.16367149
v -50.37875366 -25.36694145 6.74147797
v -48.70426941 -28.44904518 6.74147797
v -49.84111023 -25.09615326 3.34945679
v -48.18450928 -28.14535522 3.34945679
v -17.54317474 -5.03958893 68.99664307
v -17.19595528 -6.11963654 68.99664307
v -20.23781967 -7.20303202 67.79602051
v -19.75088692 -8.44641972 67.79602051
v -23.20579147 -8.26011086 66.40249634
v -22.6473999 -9.68597126 66.40249634
v -26.0890274 -9.28700924 64.82116699
v -25.46121788 -10.8901329 64.82116699
v -28.87699127 -10.27997684 63.05780029
v -28.18205643 -12.05450726 63.05780029
v -31.55950356 -11.23538494 61.11885834
v -30.79998207 -13.17483711 61.11885834
v -34.12675476 -12.14974308 59.01140594
v -33.30541992 -14.24703217 59.01140594
v -36.56937408 -13.01971054 56.74315643
v -35.68922424 -15.26717281 56.74315643
v -38.8784256 -13.84210777 54.3223877
v -37.94268799 -16.23153305 54.3223877
v -41.04548645 -14.61393166 51.75794983
v -40.05757141 -17.13658905 51.75794983
v -43.0626297 -15.33236122 49.05921936
v -42.02614594 -17.97903442 49.05921936
v -44.92248535 -15.99477196 46.23604202
v -43.84122467 -18.75579071 46.23604202
v -46.61826324 -16.59874344 43.29874039
v -45.49617767 -19.46401978 43.29874039
v -48.14376831 -17.14206886 40.2580452
v -46.9849472 -20.10113335 40.2580452
v -49.49342346 -17.62276459 37.12506866
v -48.30210876 -20.66480637 37.12506866
v -50.66229248 -18.03907204 33.91125107
v -49.44283295 -21.15297699 33.91125107
v -51.64611053 -18.38946915 30.62834167
v -50.40296936 -21.56386185 30.62834167
v -52.44128418 -18.6726799 27.28833008
v -51.17899323 -21.89595985 27.28833008
v -53.04490662 -18.88766861 23.9034214
v -51.76808167 -22.14805794 23.9034214
v -53.45476913 -19.03364563 20.4859848
v -52.16808319 -22.31923485 20.4859848
v -53.66937637 -19.11008263 17.04850197
v -52.37752533 -22.40886497 17.04850197
v -53.68795395 -19.11669731 13.6035347
v -52.39565277 -22.41662216 13.6035347
v -53.51041794 -19.0534668 10.16366959
v -52.22238922 -22.34247589 10.16366959
v -53.13742828 -18.92062187 6.74147606
v -51.85837555 -22.18669891 6.74147797
v -52.57034302 -18.718647 3.34945488
v -51.3049469 -21.94985962 3.34945679
v -18.03307533 -2.82525611 68.99664307
v -17.82257462 -3.94004393 68.99664307
v -20.97537231 -4.63757372 67.79602051
v -20.64650726 -5.931777 67.79602051
v -24.05158234 -5.3181591 66.40249634
v -23.67445564 -6.80229282 66.40249634
v -27.03996658 -5.97931385 64.82116699
v -26.61595726 -7.64795589 64.82116699
v -29.92960739 -6.6186223 63.05780029
v -29.4602623 -8.46567535 63.05780029
v -32.70994568 -7.23374844 61.11885834
v -32.19697571 -9.25246429 61.11885834
v -35.37082672 -7.82244539 59.01140594
v -34.8161087 -10.00544834 59.01140594
v -37.90251923 -8.38256168 56.74315643
v -37.30809021 -10.72187614 56.74315643
v -40.295784 -8.9120512 54.3223877
v -39.6638031 -11.39912987 54.3223877
v -42.54187775 -9.40897942 51.75794983
v -41.87465668 -12.03473568 51.75794983
v -44.63258362 -9.87153053 49.05921936
v -43.93256378 -12.62637043 49.05921936
v -46.56027222 -10.29801464 46.23604202
v -45.83000946 -13.17187309 46.23604202
v -48.31789398 -10.68687344 43.29874039
v -47.56005096 -13.66925049 43.29874039
v -49.89902496 -11.03668594 40.2580452
v -49.11637878 -14.11668491 40.2580452
v -51.29789734 -11.34617519 37.12506866
v -50.49330902 -14.51254272 37.12506866
v -52.50939941 -11.61420918 33.91125107
v -51.68579865 -14.85537624 33.91125107
v -53.5290947 -11.83980846 30.62834167
v -52.6894989 -15.1439333 30.62834167
v -54.35326767 -12.02215004 27.28833008
v -53.50073624 -15.37716103 27.28833008
v -54.97890091 -12.16056633 23.9034214
v -54.11655807 -15.55420494 23.9034214
v -55.40371323 -12.25455189 20.4859848
v -54.53470993 -15.6744194 20.4859848
v -55.62614822 -12.30376434 17.04850197
v -54.75365067 -15.73736572 17.04850197
v -55.64540482 -12.30802345 13.6035347
v -54.77260208 -15.74281311 13.6035347
v -55.46139145 -12.267313 10.16366959
v -54.59148026 -15.69074154 10.16366959
v -55.0748024 -12.18178272 6.74147606
v -54.21094894 -15.5813427 6.74147606
v -54.48703384 -12.05174446 3.34945488
v -53.63240433 -15.41501427 3.34945488
v -18.24439621 -0.56724405 68.99664307
v -18.17386436 -1.69953763 68.99664307
v -21.38885307 -2.00041699 67.79602051
v -21.22314072 -3.32542801 67.79602051
v -24.52574539 -2.29398727 66.40249634
v -24.33571243 -3.81344986 66.40249634
v -27.57307625 -2.57917643 64.82116699
v -27.35941887 -4.28753901 64.82116699
v -30.51971817 -2.85494208 63.05780029
v -30.28321648 -4.74596262 63.05780029
v -33.35489655 -3.12027693 61.11885834
v -33.09641266 -5.18704653 61.11885834
v -36.06826782 -3.37421107 59.01140594
v -35.78874969 -5.60917854 59.01140594
v -38.64990234 -3.61581731 56.74315643
v -38.35037231 -6.01081705 56.74315643
v -41.09037781 -3.84421253 54.3223877
v -40.77192688 -6.39049387 54.3223877
v -43.38076782 -4.05856276 51.75794983
v -43.04456329 -6.74682236 51.75794983
v -45.5127182 -4.25808382 49.05921936
v -45.15998077 -7.07850027 49.05921936
v -47.4784317 -4.4420476 46.23604202
v -47.11045074 -7.38431549 46.23604202
v -49.27072144 -4.60978174 43.29874039
v -48.88884735 -7.66315126 43.29874039
v -50.88304901 -4.76067352 40.2580452
v -50.48867798 -7.91398907 40.2580452
v -52.30950928 -4.89417171 37.12506866
v -51.90408325 -8.13591099 37.12506866
v -53.5449028 -5.00978804 33.91125107
v -53.12989807 -8.32810783 33.91125107
v -54.58472061 -5.10710049 30.62834167
v -54.1616478 -8.48987675 30.62834167
v -55.42515182 -5.18575287 27.28833008
v -54.99556351 -8.6206274 27.28833008
v -56.0631218 -5.24545908 23.9034214
v -55.62859726 -8.7198801 23.9034214
v -56.49631882 -5.28599977 20.4859848
v -56.05842972 -8.78727436 20.4859848
v -56.72314072 -5.30722761 17.04850197
v -56.28349686 -8.82256222 17.04850197
v -56.74277115 -5.30906487 13.6035347
v -56.3029747 -8.82561684 13.6035347
v -56.55513382 -5.29150438 10.16366959
v -56.11678696 -8.79642487 10.16366959
v -56.16091537 -5.25461102 6.74147606
v -55.7256279 -8.73509407 6.74147606
v -55.56155014 -5.19851875 3.34945488
v -55.13090897 -8.64184856 3.34945488
v -18.24439621 0.56724405 68.99664307
v -18.17386436 1.69953763 68.99664307
v -18.03307533 2.82525611 68.99664307
v -21.22314072 3.32542801 67.79602051
v -20.97537231 4.63757372 67.79602051
v -24.05158234 5.3181591 66.40249634
v -23.67445564 6.80229282 66.40249634
v -26.61595726 7.64795589 64.82116699
v -26.0890274 9.28700924 64.82116699
v -28.87699127 10.27997684 63.05780029
v -28.18205643 12.05450726 63.05780029
v -30.79998207 13.17483711 61.11885834
v -29.92135239 15.06331921 61.11885834
v -32.35528564 16.28920174 59.01140594
v -31.28003693 18.26835251 59.01140594
v -33.51881409 19.57643509 56.74315643
v -32.23693848 21.62156296 56.74315643
v -34.27233887 22.98730087 54.3223877
v -32.77695465 25.07267761 54.3223877
v -34.60380554 26.47070885 51.75794983
v -32.89122009 28.56995201 51.75794983
v -34.50749207 29.97446823 49.05921936
v -32.57939911 32.05878448 49.05921936
v -33.98654175 33.4436264 46.23604202
v -31.839077 35.49331665 46.23604202
v -33.04081726 36.83356476 43.29874039
v -30.68700218 38.81559372 43.29874039
v -31.69102669 40.08613968 40.2580452
v -29.13760948 41.97796249 40.2580452
v -29.9542942 43.15509796 37.12506866
v -27.21343994 44.9330101 37.12506866
v -27.85598564 45.99447632 33.91125488
v -24.94266891 47.63644409 33.91125488
v -25.42689896 48.56175613 30.62834167
v -22.3586731 50.04774094 30.62834167
v -22.70280075 50.81851196 27.28833008
v -19.49954224 52.13077545 27.28833199
v -19.7238903 52.73098373 23.90342331
v -16.40749741 53.85435104 23.90342331
v -16.53420067 54.27057648 20.4859848
v -13.12826157 55.1926651 20.4859848
v -13.18092728 55.41431046 17.04850578
v -9.71036911 56.12571335 17.04850578
v -9.71372604 56.1451416 13.60353851
v -6.20444012 56.63957596 13.60353851
v -6.1839633 56.45223618 10.1636734
v -3.0217452 56.70871353 10.1636734
v -3.01404762 56.31261826 6.74147987
v -2.64133644 56.33124161 6.74147987
v -2.65290833 56.72707367 10.1636734
v 0.86938339 56.78156281 10.1636734
v 4.39776373 56.61681747 10.1636734
v 4.36700535 56.2220726 6.74147987
v 7.85383654 55.84096527 6.74147987
v 7.76985168 55.24487305 3.34945869
v 11.18934822 54.65410233 3.34945869
v 14.56550121 53.85188293 3.34945869
v 17.88525009 52.84132385 3.3494606
v 21.13575172 51.62633133 3.3494606
v 24.30443001 50.21160507 3.3494606
v 27.37902451 48.60262299 3.3494606
v 30.3476429 46.80560303 3.3494606
v 33.19879913 44.8275032 3.3494606
v 35.92145538 42.6759758 3.3494606
v 38.50509644 40.35934067 3.3494606
v 40.93971252 37.88656616 3.3494606
v 43.21588135 35.26721191 3.3494606
v 45.32480621 32.51141739 3.3494606
v 47.2583313 29.62984467 3.3494606
v 49.00896454 26.63363838 3.3494606
v 50.56993866 23.5343914 3.3494606
v 51.93521118 20.34409332 3.3494606
v 53.09951019 17.07509041 3.34946251
v 54.05831528 13.74002552 3.34946251
v 54.80792618 10.35180378 3.34946251
v 55.34544754 6.92353249 3.34946251
v 55.66879654 3.46847558 3.34946251
v 55.77671432 -0 3.34946251
v 55.66879654 -3.46847558 3.34946251
v 55.34544754 -6.92353249 3.34946251
v 54.80792618 -10.35180378 3.34946251
v 54.05831528 -13.74002552 3.34946251
v 53.09951019 -17.07509041 3.34946251
v 51.93521118 -20.34409332 3.3494606
v 50.56993866 -23.5343914 3.3494606
v 49.00896454 -26.63363838 3.3494606
v 47.2583313 -29.62984467 3.3494606
v 45.32480621 -32.51141739 3.3494606
v 43.21588135 -35.26721191 3.3494606
v 40.93971252 -37.88656616 3.3494606
v 38.48680115 -40.37679291 3.3494606
v 35.92145538 -42.6759758 3.3494606
v 36.3092041 -43.13644791 6.74148178
v 33.19879913 -44.8275032 3.3494606
v 33.55715942 -45.31119156 6.74148178
v 30.3476429 -46.80560303 3.3494606
v 30.67524338 -47.31063843 6.74148178
v 27.37902451 -48.60262299 3.3494606
v 27.67459297 -49.12704468 6.74148178
v 24.30443001 -50.21160507 3.3494606
v 24.56682396 -50.75339127 6.74148178
v 21.13575172 -51.62633133 3.3494606
v 21.36395645 -52.18338013 6.74148178
v 17.88525009 -52.84132385 3.3494606
v 18.07838058 -53.41148376 6.74148178
v 14.56550121 -53.85188293 3.34945869
v 14.7228117 -54.43294525 6.74147987
v 11.18934822 -54.65410233 3.34945869
v 11.31023026 -55.24382019 6.74147987
v 7.76985168 -55.24487305 3.34945869
v 7.85383654 -55.84096527 6.74147987
v 4.32024145 -55.6219101 3.34945869
v 4.36700535 -56.2220726 6.74147987
v 3.38809919 -55.6866951 3.34945869
v 3.28673792 -56.29582214 6.74147987
v 0.85386425 -55.78376007 3.34945869
v 0.863226 -56.38566971 6.74147987
v -2.63581252 -56.33149719 6.74147987
v -2.65012693 -56.72720337 10.1636734
v -6.1839633 -56.45223618 10.1636734
v -2.61185527 -56.91498947 13.50000381
v -6.20444012 -56.63957596 13.60353851
v -2.91155672 -56.91498947 14.22354698
v -3.01377916 -56.91498947 15.00000381
v -17.82257462 3.94004393 68.99664307
v -20.64650726 5.931777 67.79602051
v -23.20579147 8.26011086 66.40249634
v -25.46121788 10.8901329 64.82116699
v -27.37814331 13.78240013 63.05780029
v -28.92701912 16.89352417 61.11885834
v -30.08381844 20.17682648 59.01140594
v -30.8304081 23.58304024 56.74315643
v -31.1548233 27.06105232 54.3223877
v -31.05328369 30.5567894 51.75794983
v -30.52105904 34.02338791 49.05921936
v -29.57090759 37.40322495 46.23604202
v -28.21451569 40.64744949 43.29874039
v -26.47151947 43.70737839 40.2580452
v -24.36735725 46.53708649 37.12506866
v -21.9329071 49.09411621 33.91125488
v -19.20399857 51.34010315 30.62834167
v -16.22089767 53.24135971 27.28833199
v -13.0276804 54.76936722 23.90342331
v -9.67158508 55.90122223 20.4859848
v -6.20229816 56.61997986 17.04850578
v -3.01377916 56.91498947 15.00000381
v -3.01831508 56.89761734 13.60353851
v -2.91155672 56.91498947 14.22354698
v -2.61185527 56.91498947 13.50000381
v -17.54317474 5.03958893 68.99664307
v -17.19595528 6.11963654 68.99664307
v -16.7822628 7.17600822 68.99664307
v -19.75088692 8.44641972 67.79602051
v -19.18759727 9.65713024 67.79602051
v -22.00144386 11.07435799 66.40249634
v -21.27042198 12.41990089 66.40249634
v -23.91305351 13.96394634 64.82116699
v -22.99868965 15.4227438 64.82116699
v -25.45623589 17.07174492 63.05780029
v -24.34567642 18.62046814 63.05780029
v -26.60705185 20.35103226 61.11885834
v -25.29039383 21.9649601 61.11885834
v -27.34745407 23.75251198 59.01140594
v -25.81897163 25.40479851 59.01140594
v -27.66688156 27.22370911 56.74315643
v -25.91950607 28.89148331 56.74315643
v -27.5558567 30.71643257 54.3223877
v -25.59295082 32.36929321 54.3223877
v -27.01921844 34.17417908 51.75794983
v -24.84238625 35.78699112 51.75794983
v -26.06297493 37.54629898 49.05921936
v -23.67834473 39.09313965 49.05921936
v -24.70073509 40.78209686 46.23604202
v -22.11757278 42.23798752 46.23604202
v -22.95222473 43.83291626 43.29874039
v -20.1827755 45.17420197 43.29874039
v -20.84296608 46.65288544 40.25804901
v -17.90228081 47.85758591 40.25804901
v -18.40390778 49.19959641 37.12506866
v -15.30961323 50.24773407 37.12506866
v -15.67095089 51.4347496 33.91125488
v -12.44298458 52.30865479 33.91125488
v -12.68441582 53.32472229 30.62834358
v -9.34472656 54.00930023 30.62834358
v -9.48843002 54.84107971 27.28833199
v -6.06065226 55.32402802 27.28833199
v -6.13027287 55.96100235 23.90342331
v -2.63936639 56.23300934 23.90342331
v -2.65965891 56.66762161 20.48598671
v 0.86846411 56.72249603 20.48598671
v -0.79023683 56.91498947 17.89778137
v -0.01377983 56.91498947 18.00000381
v 0.76267719 56.91498947 17.89778137
v 1.48622 56.91498947 17.59807968
v 2.10753989 56.91498947 17.12132454
v 4.39317417 56.55792236 20.48598671
v 4.41087198 56.78505325 17.04850578
v 7.93261814 56.40012741 17.04850578
v 7.93536901 56.41965103 13.60353851
v 11.42758083 55.8163147 13.60353851
v 11.38973713 55.63169861 10.1636734
v 14.82627964 54.81512833 10.1636734
v 14.7228117 54.43294525 6.74147987
v 18.07838058 53.41148376 6.74148178
v -16.30369568 8.2046175 68.99664307
v -18.55012703 10.83047867 67.79602051
v -20.45716286 13.71739388 66.40249634
v -21.99540138 16.82187271 64.82116699
v -23.14098167 20.09715462 63.05780029
v -23.87679672 23.4930439 61.11885834
v -24.18850517 26.96097755 59.01140594
v -24.07322121 30.44614601 56.74315643
v -23.53108406 33.89692688 54.3223877
v -22.56949234 37.26134872 51.75794983
v -21.20216179 40.4887352 49.05921936
v -19.4488945 43.53046799 46.23604202
v -17.33529663 46.34071732 43.29874039
v -14.89239025 48.8771286 40.25804901
v -12.15614223 51.10147095 37.12506866
v -9.16693211 52.98018646 33.91125488
v -5.96893883 54.48492432 30.62834358
v -2.60948133 55.59294128 27.28833199
v 0.86169755 56.28746414 23.90342331
v -15.76210785 9.20148468 68.99664307
v -15.15959072 10.16275311 68.99664307
v -14.49847794 11.08470345 68.99664307
v -17.06278992 13.0470953 67.79602051
v -16.21867752 14.08178806 67.79602051
v -18.59682083 16.14835548 66.40249634
v -17.55724907 17.27210045 66.40249634
v -19.73837471 19.4192543 64.82116699
v -18.49243355 20.60840607 64.82116699
v -20.46817207 22.81185913 63.05780029
v -19.01040077 24.0393734 63.05780029
v -20.77592278 26.27356148 61.11885834
v -19.10234261 27.51351357 61.11885834
v -20.6558075 29.75261879 59.01140594
v -18.76616859 30.97837257 59.01140594
v -20.10890961 33.19654083 56.74315643
v -18.00622177 34.38162994 56.74315643
v -19.14272499 36.55336761 54.3223877
v -16.8332119 37.67189789 54.32239151
v -17.77104759 39.77244949 51.75794983
v -15.26406097 40.79947662 51.75795364
v -16.01377106 42.8052063 49.05921936
v -13.32164001 43.71711731 49.05921936
v -13.89658451 45.60584641 46.23604202
v -11.03443146 46.38071442 46.23604202
v -11.45057678 48.13207626 43.29874039
v -8.43609905 48.74999237 43.2987442
v -8.71178627 50.3457222 40.25804901
v -5.56498718 50.78908539 40.25804901
v -5.72065258 52.21330261 37.12506866
v -2.46353197 52.46709442 37.12506866
v -2.52140331 53.70653915 33.91125488
v 0.82236308 53.75854874 33.91125488
v 0.83860487 54.80277634 30.62834358
v 4.24402428 54.64377213 30.62834358
v 4.30959749 55.48532486 27.28833199
v 7.75073671 55.10921097 27.28833389
v 7.84013271 55.74370956 23.90342331
v 11.29050636 55.14760208 23.90342522
v 11.37787437 55.57382584 20.48598862
v 14.81084251 54.75811005 20.48598862
v 14.87037563 54.97800827 17.04850578
v 18.25954628 53.94631577 17.04850769
v 18.26587105 53.96498871 13.60354042
v 21.585495 52.72415924 13.60354042
v 21.51405334 52.54977036 10.16367531
v 24.7394104 51.1097374 10.16367531
v 24.56682396 50.75339127 6.74148178
v 27.67459297 49.12704468 6.74148178
v -13.78132725 11.96376991 68.99664307
v -15.31205368 15.06181526 67.79602051
v -16.4491806 18.32965851 66.40249634
v -17.17547226 21.71735191 64.82116699
v -17.47913551 25.17388535 63.05780029
v -17.35491371 28.64702034 61.11885834
v -16.80397987 32.08427811 59.01140594
v -15.83392334 35.43370819 56.74315643
v -14.45862865 38.64468384 54.32239151
v -12.69807243 41.66865921 51.75795364
v -10.5780201 44.45989609 49.05921936
v -8.12964058 46.9761467 46.23604584
v -5.38903952 49.17930222 43.2987442
v -2.39671063 51.03595352 40.25804901
v 0.80306631 52.51790237 37.12506866
v 4.16289425 53.60257339 33.91125488
v 7.63297129 54.27336502 30.62834358
v 11.16183567 54.51988983 27.28833389
v 14.69714546 54.3381424 23.90342522
v 18.18645477 53.73054504 20.48598862
v 21.578022 52.70591736 17.04850769
v 24.82155609 51.27935028 13.60354042
v 27.86899948 49.47197342 10.16367531
v 30.67524338 47.31063843 6.74148178
v -13.01099014 12.79647255 68.99664307
v -12.19021416 13.57982445 68.99664307
v -11.32240772 14.31055927 68.99664307
v -13.32444096 16.84404373 67.79602051
v -12.2515049 17.63897896 67.79602051
v -14.04744625 20.22758102 66.40249634
v -12.76275921 21.06092072 66.40249634
v -14.34771442 23.6792202 64.82116699
v -12.84785938 24.52454948 64.82116699
v -14.22007847 27.14671516 63.05780029
v -12.50489712 27.97740364 63.05780029
v -13.66580486 30.57758904 61.11885834
v -11.73839951 31.36717987 61.11885834
v -12.69257164 33.9199028 59.01140594
v -10.55925751 34.64252472 59.01140594
v -11.31435394 37.12306213 56.74315643
v -8.98456669 37.75380325 56.74315643
v -9.55121136 40.13854218 54.32239151
v -7.03736448 40.65383911 54.32239151
v -7.42899323 42.92066193 51.75795364
v -4.74628782 43.29863739 51.75795364
v -4.97894049 45.42722321 49.05921936
v -2.14514256 45.64802933 49.05921936
v -2.23722458 47.62018204 46.23604584
v 0.72760546 47.66629791 46.23604584
v 0.75560075 49.46620178 43.2987442
v 3.82940769 49.32268143 43.2987442
v 3.95520687 50.93715668 40.25804901
v 7.11427307 50.59187317 40.25804901
v 7.31415701 52.0105629 37.12506866
v 10.53345966 51.45437622 37.12506866
v 10.78261948 52.66989899 33.91125488
v 14.03620243 51.89680481 33.91125488
v 14.30911541 52.90487289 30.62834549
v 17.57048607 51.91208267 30.62834549
v 17.84129524 52.71156311 27.28833389
v 21.08381462 51.4995575 27.28833389
v 21.32672119 52.09249496 23.90342522
v 24.52401161 50.66499329 23.90342522
v 24.71365929 51.05657196 20.48598862
v 27.83999252 49.42051315 20.48598862
v 27.95185089 49.61897659 17.04850769
v 30.98254776 47.78438187 17.04850769
v 30.9932766 47.80092239 13.60354042
v 33.90505981 45.7807579 13.60354042
v 33.79286957 45.6293335 10.16367531
v 36.56423187 43.43931961 10.16367531
v 36.3092041 43.13644791 6.74148178
v 38.92071533 40.79481888 6.74148178
v -10.41084957 14.98593044 68.99664307
v -11.13122272 18.36567307 67.79602051
v -11.42874813 21.81278038 66.40249634
v -11.29835033 25.27499962 64.82116699
v -10.74138927 28.69985199 63.05780029
v -9.76563358 32.03541946 61.11885834
v -8.38514519 35.23112106 59.01140594
v -6.62007475 38.23848343 56.74315643
v -4.49634409 41.01185226 54.32239151
v -2.0452733 43.50909805 51.75795364
v 0.69690132 45.69223404 49.05921936
v 3.68956685 47.52799988 46.23604584
v 6.8883462 48.98834229 43.2987442
v 10.24576283 50.05086136 40.25804901
v 13.71195602 50.6991272 37.12507248
v 17.23542976 50.92293167 33.91125488
v 20.76382637 50.71845627 30.62834549
v 24.24471283 50.08830643 27.28833389
v 27.62636757 49.04148102 23.90342712
v 30.85856819 47.59325409 20.48598862
v 33.89332581 45.76491547 17.04850769
v 36.68562317 43.58347702 13.60354042
v 39.19408417 41.08124542 10.16367531
v 41.38159943 38.29536057 6.74148178
v -9.45906734 15.60332394 68.99664307
v -8.47074318 16.1603508 68.99664307
v -7.44970179 16.65485573 68.99664307
v -8.76612663 19.60336494 67.79602051
v -7.53046227 20.10957336 67.79602051
v -8.63356972 23.06074715 66.40249634
v -7.183218 23.55202866 66.40249634
v -8.07452393 26.48002243 64.82116699
v -6.41267776 26.92993164 64.82116699
v -7.09684753 29.8092823 63.05780029
v -5.22991467 30.19197083 63.05780029
v -5.71469545 32.9979744 61.11885834
v -3.65219593 33.28856659 61.11885834
v -3.94829726 35.99765778 59.01140594
v -1.70272529 36.17263031 59.01140594
v -1.82365978 38.76272583 56.74315643
v 0.58970529 38.80026245 56.74315643
v 0.62782508 41.25110626 54.32239151
v 3.19114995 41.13142014 54.32239151
v 3.36985373 43.42487335 51.75795364
v 6.06301689 43.13051224 51.75795364
v 6.36175632 45.2508316 49.05921936
v 9.16265011 44.76693344 49.05921936
v 9.55910397 46.70101929 46.23604584
v 12.44397163 46.01553726 46.23604584
v 12.91438389 47.75310898 43.2987442
v 15.8581686 46.85699844 43.2987442
v 16.37770271 48.39076614 40.25804901
v 19.35443115 47.27810287 40.25804901
v 19.89755058 48.60386658 37.12507248
v 22.88072014 47.27196884 37.12507248
v 23.42156219 48.38868713 33.91125488
v 26.38453674 46.83811569 33.91125488
v 26.89730644 47.74792099 30.62834549
v 29.8137207 45.9825058 30.62834549
v 30.27308464 46.6906662 27.28833389
v 33.11724091 44.71742249 27.28833389
v 33.49868774 45.23227692 23.90342712
v 36.24594116 43.06132126 23.90342712
v 36.52618408 43.39413071 20.48598862
v 39.15329742 41.03851318 20.48598862
v 39.31058502 41.20331573 17.04850769
v 41.79611206 38.67883301 17.04850769
v 41.81058502 38.69221878 13.60354042
v 44.13516235 36.01716614 13.60354042
v 43.98912811 35.89803696 10.16367531
v 46.13578033 33.09294891 10.16367531
v 45.81401062 32.86221695 6.74148178
v 47.76839447 29.94955063 6.74148178
v -6.39989185 17.08492851 68.99664307
v -6.26571751 20.53798294 67.79602051
v -5.70512867 23.9521904 66.40249634
v -4.72607565 27.27565575 64.82116699
v -3.34280109 30.45785141 63.05780029
v -1.57561994 33.45037079 61.11885834
v 0.5493806 36.20765686 59.01140594
v 3.00073576 38.68769073 56.74315643
v 5.74207544 40.85260773 54.32239151
v 8.73266888 42.66928864 51.75795364
v 11.92804337 44.10984039 49.05921936
v 15.28064156 45.15203094 46.23604584
v 18.74054718 45.77960205 43.2987442
v 22.25622749 45.98253632 40.25804901
v 25.77531433 45.75718307 37.12507248
v 29.24537849 45.1063385 33.91125488
v 32.61473846 44.0391922 30.62834549
v 35.83321381 42.57117844 27.28833389
v 38.85290527 40.72377014 23.90342712
v 41.62888336 38.52412415 20.48598862
v 44.11988068 36.00470352 17.04850769
v 46.2889328 33.20277023 13.60354042
v 48.10388184 30.159832 10.16367531
v 49.53791809 26.92101479 6.74148178
v -5.3253746 17.44890022 68.99664307
v -4.23030806 17.74536705 68.99664307
v -3.11892939 17.97318077 68.99664307
v -3.66865182 21.15507889 67.79602051
v -2.34637833 21.34137917 67.79602051
v -2.68869734 24.47332573 66.40249634
v -1.16202545 24.59228325 66.40249634
v -1.30477524 27.64960098 64.82116699
v 0.41668737 27.67637634 64.82116699
v 0.4627133 30.63553619 63.05780029
v 2.36639142 30.54665184 63.05780029
v 2.5876019 33.38562012 61.11885834
v 4.65814114 33.15930939 61.11885834
v 5.03835154 35.85787964 59.01140594
v 7.25784969 35.47442627 59.01140594
v 7.77852631 38.01453018 56.74315643
v 10.12680244 37.4565506 56.74315643
v 10.76733875 39.82251358 54.32239151
v 13.22223473 39.07522583 54.32239151
v 13.9602623 41.25402451 51.75795364
v 16.49797821 40.30546188 51.75795364
v 17.30970764 42.28689957 49.05921936
v 19.90515709 41.12810516 49.05921936
v 20.76572418 42.90498352 46.23604584
v 23.39291573 41.53013229 46.23604584
v 24.27676582 43.09833145 43.2987442
v 26.9091835 41.50482941 43.2987442
v 27.79045105 42.86340332 40.25804901
v 30.40146828 41.0519104 40.25804901
v 31.25436783 42.20307922 37.12507248
v 33.81763458 40.17750931 37.12507248
v 34.61683655 41.12663651 33.9112587
v 37.10668182 38.89410782 33.9112587
v 37.82772064 39.64960098 30.62834549
v 40.21952057 37.22031021 30.62834549
v 40.83914185 37.79352951 27.28833389
v 43.10972595 35.18061066 27.28833389
v 43.60623169 35.58565903 23.90342712
v 45.73419952 32.80498123 23.90342712
v 46.08777618 33.05852509 20.48598862
v 48.05383301 30.12845802 20.48598862
v 48.24686432 30.24945068 17.04850769
v 50.03410339 27.190588 17.04850769
v 50.05142975 27.20000076 13.60354042
v 51.64559937 24.03484726 13.60354042
v 51.47472382 23.95534897 10.16367531
v 52.86442566 20.70798874 10.16367722
v 52.4957428 20.56360626 6.74148369
v 53.67259598 17.25933075 6.74148369
v -1.99553657 18.13145828 68.99664307
v -1.01508033 21.44511223 67.79602051
v 0.36908865 24.6160984 66.40249634
v 2.13648438 27.59607697 64.82116699
v 4.2608614 30.33958626 63.05780029
v 6.71060562 32.8047142 61.11885834
v 9.44921589 34.95373154 59.01140594
v 12.43584633 36.75365829 56.74315643
v 15.6259222 38.17675781 54.32239151
v 18.97181511 39.20096207 51.75795746
v 22.42354584 39.81019592 49.05921936
v 25.92955017 39.99460983 46.23604584
v 29.43744469 39.7507515 43.2987442
v 32.89481354 39.08159256 40.25804901
v 36.25000763 37.99650574 37.12507248
v 39.45290375 36.51110458 33.9112587
v 42.45566559 34.64702225 30.62834549
v 45.21347809 32.4315834 27.28833389
v 47.68517303 29.89738846 23.90342712
v 49.83392334 27.08183098 20.48598862
v 51.62772369 24.02653122 17.04850769
v 53.03990173 20.77671051 13.60354233
v 54.04954147 17.38051224 10.16367722
v 54.64175034 13.88828087 6.74148369
v -0.86447704 18.21959114 68.99664307
v 0.26987362 18.23723412 68.99664307
v 1.40312696 18.18432045 68.99664307
v 1.65397108 21.40359879 67.79602051
v 2.98139858 21.2585125 67.79602051
v 3.42095542 24.37829781 66.40249634
v 4.92990112 24.1176033 66.40249634
v 5.5445013 27.11590958 64.82116699
v 7.21953535 26.71790123 64.82116699
v 7.99292183 29.57457924 63.05780029
v 9.81607342 29.0195961 63.05780029
v 10.72964859 31.71664238 61.11885834
v 12.68067837 30.98737335 61.11885834
v 13.71377945 33.50918961 59.01140594
v 15.77047825 32.59093094 59.01140594
v 16.90069008 34.92456436 56.74315643
v 19.039217 33.805439 56.74315643
v 20.24271202 35.94078064 54.32239532
v 22.43795204 34.61191559 54.32239532
v 23.68984413 36.54184723 51.75795746
v 25.91578484 34.99751282 51.75795746
v 27.19049644 36.71801376 49.05922318
v 29.42061806 34.95570374 49.05922318
v 30.69228554 36.46591187 46.23604584
v 32.89995575 34.48638535 46.23604584
v 34.14279938 35.78861237 43.2987442
v 36.30168915 33.5958786 43.2987442
v 37.49040222 34.6955719 40.25804901
v 39.57486725 32.29683304 40.25804901
v 40.68500519 33.20249557 37.12507248
v 42.67046356 30.60803795 37.12507248
v 43.67880249 31.33110046 33.9112587
v 45.54212952 28.55414009 33.9112587
v 46.42702484 29.10878944 30.62834549
v 48.14687347 26.16527176 30.62834549
v 48.88858032 26.5682354 27.2883358
v 50.44572449 23.47659874 27.2883358
v 51.02668762 23.74689674 23.90342712
v 52.40428925 20.52779198 23.90342712
v 52.80941772 20.68644714 20.48598862
v 53.99329758 17.36243057 20.48598862
v 54.210186 17.43215561 17.0485096
v 55.18904495 14.02735043 17.0485096
v 55.20814896 14.03220558 13.60354233
v 55.97370529 10.57193375 13.60354233
v 55.78852463 10.53696632 10.16367722
v 56.33565903 7.04737329 10.16367722
v 55.94277573 6.99823761 6.74148369
v 56.26961136 3.50590062 6.74148369
v 2.53089833 18.06105614 68.99664307
v 4.29723835 21.03118134 67.79602051
v 6.41972065 23.76360321 66.40249634
v 8.86658478 26.21652412 64.82116699
v 11.60119629 28.35234261 63.05780029
v 14.58259487 30.13822174 61.11885834
v 17.76610947 31.54658508 59.01140594
v 21.10403252 32.55552673 56.74315643
v 24.54633141 33.14914703 54.32239532
v 28.04140663 33.31778336 51.75795746
v 31.53686333 33.05815887 49.05922318
v 34.98029327 32.37343979 46.23604584
v 38.32008362 31.27317047 43.2987442
v 41.50616455 29.77314568 40.25804901
v 44.49078369 27.8951664 37.12507248
v 47.22920227 25.6667099 33.9112587
v 49.68039703 23.12052727 30.62834549
v 51.80764771 20.29413605 27.2883358
v 53.57909012 17.22927094 23.90342712
v 54.96824265 13.97124386 20.48598862
v 55.95433426 10.56827545 17.0485096
v 56.52265549 7.07076073 13.60354233
v 56.66479111 3.53051615 10.16367722
v 56.37869644 0 6.74148369
v 3.64882493 17.86791611 68.99664307
v 4.75258207 17.60564995 68.99664307
v 5.83789873 17.27527046 68.99664307
v 6.87385654 20.33361435 67.79602051
v 8.12466621 19.86607933 67.79602051
v 9.31902122 22.78151894 66.40249634
v 10.71728706 22.15723228 66.40249634
v 12.05137634 24.91182518 64.82116699
v 13.57679558 24.11354828 64.82116699
v 15.02990055 26.69177055 63.05780029
v 16.66021729 25.70487785 63.05780029
v 18.20987892 28.09385681 61.11885834
v 19.92121124 26.90655327 61.11885834
v 21.54356003 29.09626198 59.01140594
v 23.31076431 27.69976616 59.01140594
v 24.98089027 29.68317223 56.74315643
v 26.77792931 28.0718441 56.74315643
v 28.47024536 29.84501839 54.32239532
v 30.27059937 28.01644516 54.32239532
v 31.95923233 29.5786171 51.75795746
v 33.73627472 27.53364944 51.75795746
v 35.39544678 28.88722038 49.05922318
v 37.12285614 26.62996101 49.05922318
v 38.72728729 27.78046608 46.23604584
v 40.37944794 25.31820869 46.23604584
v 41.90472412 26.27423859 43.2987442
v 43.45709229 23.61735535 43.2987442
v 44.88002014 24.39042091 40.25804901
v 46.30952454 21.55220795 40.25804901
v 47.60851288 22.15657043 37.12507248
v 48.89385986 19.15304947 37.12507248
v 50.04921722 19.6055069 33.9112587
v 51.17124176 16.45518303 33.9112587
v 52.16548157 16.77481651 30.62834549
v 53.1074295 13.49840069 30.62834549
v 53.92553329 13.70628548 27.2883358
v 54.67330551 10.32638359 27.2883358
v 55.30294418 10.44527626 23.90342712
v 55.84531784 6.98604918 23.90342712
v 56.27704239 7.0400424 20.48598862
v 56.60583115 3.52684355 20.48598862
v 56.83320236 3.5410068 17.0485096
v 56.94337845 0 17.0485096
v 56.96310043 0 13.60354233
v 56.85287857 -3.54223251 13.60354233
v 56.66479111 -3.53051615 10.16367722
v 56.33565903 -7.04737329 10.16367722
v 55.94277573 -6.99823761 6.74148369
v 55.39945602 -10.46350002 6.74148369
v 6.90057611 16.87805557 68.99664307
v 9.34399033 19.32168579 67.79602051
v 12.07403564 21.44722557 66.40249634
v 15.04963589 23.22198296 64.82116699
v 18.22602654 24.6185379 63.05780411
v 21.55541992 25.61515427 61.11885834
v 24.98773003 26.19610405 59.01140594
v 28.47132111 26.35190964 56.74315643
v 31.95378876 26.07947922 54.32239532
v 35.38274384 25.38215828 51.75795746
v 38.70659637 24.26967621 49.05922318
v 41.87533569 22.75800133 46.23604584
v 44.84128571 20.86910057 43.2987442
v 47.55980682 18.63061333 40.25804901
v 49.98999023 16.07542992 37.12507248
v 52.09524536 13.24119759 33.9112587
v 53.84386063 10.16976166 30.62834549
v 55.20950699 6.90653086 27.2883358
v 56.17158127 3.49979448 23.90342712
v 56.71556473 0 20.48598862
v 56.83320236 -3.5410068 17.0485096
v 56.52265549 -7.07076073 13.60354233
v 55.78852463 -10.53696632 10.16367722
v 54.64175034 -13.88828087 6.74148369
v 7.93650341 16.41554451 68.99664307
v 8.94167233 15.88952351 68.99664307
v 9.91219521 15.30202866 68.99664307
v 10.84431553 14.65533447 68.99664307
v 12.76659012 17.24985504 67.79602051
v 13.81428337 16.42193604 67.79602051
v 15.84361744 18.83193207 66.40249634
v 16.98371506 17.80965424 66.40249634
v 19.09684944 20.02375412 64.82116699
v 20.30475044 18.79691887 64.82116699
v 22.477211 20.8066864 63.05780411
v 23.72724724 19.36818123 63.05780411
v 25.9337101 21.16823578 61.11885834
v 27.19953537 19.51414108 61.11885834
v 29.41421127 21.10223961 59.01140594
v 30.66920471 19.23189163 59.01140594
v 32.86621857 20.60896873 56.74315643
v 34.08386993 18.52496338 56.74315643
v 36.2376709 19.6951046 54.32239532
v 37.39198303 17.403265 54.32239532
v 39.47769165 18.37365723 51.75795746
v 40.54358673 15.88294315 51.75795746
v 42.53740692 16.66375923 49.05922318
v 43.49108124 13.98613167 49.05922318
v 45.37063599 14.59038067 46.23604584
v 46.18992615 11.74062347 46.23604584
v 47.93460083 12.18395519 43.2987442
v 48.59932709 9.1794529 43.2987442
v 50.19057465 9.47992325 40.25804901
v 50.68282318 6.34039831 40.25804901
v 52.10444641 6.51819468 37.12507248
v 52.40886688 3.26541376 37.12507248
v 53.64725113 3.34255362 33.9112587
v 53.75125504 0 33.9112587
v 54.79561234 0 30.62834549
v 54.68958664 -3.40748096 30.62834549
v 55.53206253 -3.45995831 27.2883358
v 55.20950699 -6.90653086 27.2883358
v 55.84531784 -6.98604918 23.90342712
v 55.30294418 -10.44527626 23.90342712
v 55.73047256 -10.52600479 20.48598862
v 54.96824265 -13.97124386 20.48598862
v 55.18904495 -14.02735043 17.0485096
v 54.210186 -17.43215561 17.0485096
v 54.22895432 -17.43819046 13.60354233
v 53.03990173 -20.77671051 13.60354233
v 52.86442566 -20.70798874 10.16367722
v 51.47472382 -23.95534897 10.16367531
v 51.11573792 -23.78832817 6.74148178
v 49.53791809 -26.92101479 6.74148178
v 11.73442841 13.95194054 68.99664307
v 14.80848026 15.53048325 67.79602051
v 18.05805588 16.71847343 66.40249634
v 21.43404388 17.49736214 64.82116699
v 24.8854351 17.85474396 63.05780411
v 28.36008263 17.78454971 61.11885834
v 31.80549049 17.28713989 59.01140594
v 35.16960144 16.3692894 56.74315643
v 38.40158081 15.0440979 54.32239532
v 41.45256805 13.33078194 51.75795746
v 44.27643585 11.25439453 49.05922318
v 46.83045959 8.84544373 46.23604584
v 49.07597351 6.13943624 43.2987442
v 50.97893524 3.17634344 40.25804901
v 52.51046753 0 37.12507248
v 53.64725113 -3.34255362 33.9112587
v 54.37192917 -6.80177879 30.62834549
v 54.67330551 -10.32638359 27.2883358
v 54.54655838 -13.86409187 23.90342712
v 53.99329758 -17.36243057 20.48598862
v 53.02154541 -20.76951981 17.0485096
v 51.64559937 -24.03484726 13.60354042
v 49.88583374 -27.11003304 10.16367531
v 47.76839447 -29.94955063 6.74148178
v 12.57909012 13.19456959 68.99664307
v 13.37503052 12.38615227 68.99664307
v 14.119174 11.52981377 68.99664307
v 16.62121582 13.57100582 67.79602051
v 17.43274117 12.51056194 67.79602051
v 19.99309921 14.34654522 66.40249634
v 20.84631729 13.07497215 66.40249634
v 23.43965149 14.70045567 64.82116699
v 24.30820465 13.21392727 64.82116699
v 26.90871048 14.62676144 63.05780411
v 27.76597214 12.92470551 63.05780411
v 30.34778786 14.12591171 61.11885834
v 31.16725922 12.21101761 61.11885834
v 33.70483398 13.20477486 59.01140594
v 34.4605484 11.08295727 59.01140594
v 36.929039 11.87653828 56.74315643
v 37.59593964 9.55684185 56.74315643
v 39.97158051 10.16050625 54.32239532
v 40.52590179 7.65497541 54.32239532
v 42.78636169 8.08181 51.75795746
v 43.20600891 5.40530682 51.75795746
v 45.33072662 5.67103529 49.05922318
v 45.59557343 2.84101319 49.05922318
v 47.5660553 2.96375465 46.23604584
v 47.65827179 0 46.23604584
v 49.45839691 0 43.2987442
v 49.36269379 -3.07566786 43.2987442
v 50.97893524 -3.17634344 40.25804901
v 50.68282318 -6.34039831 40.25804901
v 52.10444641 -6.51819468 37.12507248
v 51.5983963 -9.7457571 37.12507248
v 52.81764221 -9.97598457 33.9112587
v 52.09524536 -13.24119759 33.9112587
v 53.1074295 -13.49840069 30.62834549
v 52.16548157 -16.77481651 30.62834549
v 52.96907806 -17.03315926 27.2883358
v 51.80764771 -20.29413605 27.2883358
v 52.40428925 -20.52779198 23.90342712
v 51.02668762 -23.74689674 23.90342712
v 51.42116547 -23.93042946 20.48598862
v 49.83392334 -27.08183098 20.48598862
v 50.03410339 -27.190588 17.04850769
v 48.24686432 -30.24945068 17.04850769
v 48.26356506 -30.25992012 13.60354042
v 46.2889328 -33.20277023 13.60354042
v 46.13578033 -33.09294891 10.16367531
v 43.98912811 -35.89803696 10.16367531
v 43.6823349 -35.64774704 6.74148178
v 41.38159943 -38.29536057 6.74148178
v 38.90296173 -40.81175232 6.74148178
v 14.80863953 10.62887001 68.99664307
v 18.17676926 11.40171719 67.79602051
v 21.61883163 11.75281525 66.40249634
v 25.08266068 11.67627716 64.82116699
v 28.51576042 11.17264652 63.05780411
v 31.8660984 10.24888229 61.11885834
v 35.08288574 8.91826153 59.01140594
v 38.11733246 7.20017242 56.74315643
v 40.92339325 5.11982965 54.32239532
v 43.45845032 2.7078917 51.75795746
v 45.68397522 0 49.05922318
v 47.5660553 -2.96375465 46.23604584
v 49.07597351 -6.13943624 43.2987442
v 50.19057465 -9.47992325 40.25804901
v 50.89266968 -12.93561554 37.12507248
v 51.17124176 -16.45518303 33.9112587
v 51.02166748 -19.98633385 30.62834549
v 50.44572449 -23.47659874 27.2883358
v 49.45161438 -26.87412834 23.90342712
v 48.05383301 -30.12845802 20.48598862
v 46.27291107 -33.19128418 17.04850769
v 44.13516235 -36.01716614 13.60354042
v 41.67224121 -38.5642395 10.16367531
v 39.17694855 -41.0975914 10.16367531
v 36.56423187 -43.43931961 10.16367531
v 15.44075966 9.68680477 68.99664307
v 16.01308823 8.70726299 68.99664307
v 16.52341461 7.69403458 68.99664307
v 19.45109367 9.0561552 67.79602051
v 19.9764576 7.82851267 67.79602051
v 22.9101181 8.97738361 66.40249634
v 23.42389488 7.53484631 66.40249634
v 26.33767319 8.47158051 64.82116699
v 26.81337357 6.8169322 64.82116699
v 29.68173409 7.54579878 63.05780411
v 30.09341049 5.68504238 63.05780411
v 32.8915329 6.21340322 61.11885834
v 33.21417236 4.15567207 61.11885834
v 35.91832733 4.49386883 59.01140594
v 36.12820435 2.25128937 59.01140594
v 38.7161026 2.41249013 56.74315643
v 38.79116821 0 56.74315643
v 41.24230957 0 54.32239532
v 41.16249847 -2.56487632 54.32239532
v 43.45845032 -2.7078917 51.75795746
v 43.20600891 -5.40530682 51.75795746
v 45.33072662 -5.67103529 49.05922318
v 44.89044189 -8.47911739 49.05922318
v 46.83045959 -8.84544373 46.23604584
v 46.18992615 -11.74062347 46.23604584
v 47.93460083 -12.18395519 43.2987442
v 47.0843811 -15.14132118 43.2987442
v 48.62604523 -15.63694096 40.25804901
v 47.55980682 -18.63061333 40.25804901
v 48.89385986 -19.15304947 37.12507248
v 47.60851288 -22.15657043 37.12507248
v 48.73350525 -22.67998123 33.9112587
v 47.22920227 -25.6667099 33.9112587
v 48.14687347 -26.16527176 30.62834549
v 46.42702484 -29.10878944 30.62834549
v 47.14225006 -29.55708504 27.28833389
v 45.21347809 -32.4315834 27.28833389
v 45.73419952 -32.80498123 23.90342712
v 43.60623169 -35.58565903 23.90342712
v 43.94335938 -35.86069489 20.48598862
v 41.62888336 -38.52412415 20.48598862
v 41.79611206 -38.67883301 17.04850769
v 39.13841248 -41.05270767 20.48598862
v 39.29489899 -41.21828461 17.04850769
v 36.52618408 -43.39413071 20.48598862
v 36.67292023 -43.56839371 17.04850769
v 33.89332581 -45.76491547 17.04850769
v 33.90505981 -45.7807579 13.60354042
v 30.9932766 -47.80092239 13.60354042
v 30.89071655 -47.64281464 10.16367531
v 27.86899948 -49.47197342 10.16367531
v 16.96975899 6.6510396 68.99664307
v 20.42448425 6.57058287 67.79602051
v 23.84699631 6.06315899 66.40249634
v 27.18528366 5.13591051 64.82116699
v 30.38860893 3.80229163 63.05780411
v 33.4082489 2.08186316 61.11885834
v 36.19824982 0 59.01140594
v 38.7161026 -2.41249013 56.74315643
v 40.92339325 -5.11982965 54.32239532
v 42.78636169 -8.08181 51.75795746
v 44.27643585 -11.25439453 49.05922318
v 45.37063599 -14.59038067 46.23604584
v 46.05194092 -18.04010773 43.2987442
v 46.30952454 -21.55220795 40.25804901
v 46.13892365 -25.07437134 37.12507248
v 45.54212952 -28.55414009 33.9112587
v 44.5275116 -31.93968964 30.62834549
v 43.10972595 -35.18061066 27.28833389
v 41.30950165 -38.2286644 23.90342712
v 38.83887482 -40.7371521 23.90342712
v 36.24594116 -43.06132126 23.90342712
v 33.75769806 -45.58186722 20.48598862
v 30.98254776 -47.78438187 17.04850769
v 27.96153069 -49.63615417 13.60354042
v 24.7394104 -51.1097374 10.16367531
v 17.35039902 5.58231258 68.99664307
v 17.66386032 4.49198914 68.99664307
v 17.90892982 3.38428712 68.99664307
v 21.08189583 3.98342752 67.79602051
v 21.28873634 2.66421103 67.79602051
v 24.41497993 3.05519652 66.40249634
v 24.55766487 1.53055894 66.40249634
v 27.61239243 1.72083843 64.82116699
v 27.66593552 0 64.82116699
v 30.62545395 0 63.05780411
v 30.566185 -1.90483057 63.05780411
v 33.4082489 -2.08186316 61.11885834
v 33.21417236 -4.15567207 61.11885834
v 35.91832733 -4.49386883 59.01140594
v 35.56943512 -6.71906233 59.01140594
v 38.11733246 -7.20017242 56.74315643
v 37.59593964 -9.55684185 56.74315643
v 39.97158051 -10.16050625 54.32239532
v 39.26255798 -12.6267271 54.32239532
v 41.45256805 -13.33078194 51.75795746
v 40.54358673 -15.88294315 51.75795746
v 42.53740692 -16.66375923 49.05922318
v 41.41912079 -19.2769165 49.05922318
v 43.20916748 -20.10974503 46.23604584
v 41.87533569 -22.75800133 46.23604584
v 43.45709229 -23.61735535 43.2987442
v 41.90472412 -26.27423859 43.2987442
v 43.27684021 -27.13427162 40.25804901
v 41.50616455 -29.77314568 40.25804901
v 42.67046356 -30.60803795 37.12507248
v 40.68500519 -33.20249557 37.12507248
v 41.6464386 -33.98684692 33.9112587
v 39.45290375 -36.51110458 33.9112587
v 40.21952057 -37.22031021 30.62834549
v 37.09539795 -38.90486908 33.9112587
v 37.81550598 -39.66126251 30.62834549
v 34.61683655 -41.12663651 33.9112587
v 35.28952026 -41.92549896 30.62834549
v 32.61473846 -44.0391922 30.62834549
v 33.11724091 -44.71742249 27.28833389
v 30.27308464 -46.6906662 27.28833389
v 30.62179184 -47.22823715 23.90342712
v 27.62636757 -49.04148102 23.90342712
v 27.83999252 -49.42051315 20.48598862
v 24.71365929 -51.05657196 20.48598862
v 24.81296158 -51.26160812 17.04850769
v 21.578022 -52.70591736 17.04850769
v 21.585495 -52.72415924 13.60354042
v 18.26587105 -53.96498871 13.60354042
v 18.20541 -53.78649521 10.16367531
v 14.82627964 -54.81512833 10.1636734
v 18.08465958 2.26349163 68.99664307
v 21.41316032 1.33468735 67.79602051
v 24.60528946 0 66.40249634
v 27.61239243 -1.72083843 64.82116699
v 30.38860893 -3.80229163 63.05780411
v 32.8915329 -6.21340322 61.11885834
v 35.08288574 -8.91826153 59.01140594
v 36.929039 -11.87653828 56.74315643
v 38.40158081 -15.0440979 54.32239532
v 39.47769165 -18.37365723 51.75795746
v 40.14053345 -21.81549644 49.05922318
v 40.37944794 -25.31820869 46.23604584
v 40.19017792 -28.82947159 43.2987442
v 39.57486725 -32.29683304 40.25804901
v 38.54209137 -35.66849518 37.12507248
v 36.23967743 -38.00636292 37.12507248
v 33.81763458 -40.17750931 37.12507248
v 31.99302292 -43.20005417 33.9112587
v 29.8137207 -45.9825058 30.62834549
v 27.31175613 -48.48327255 27.28833389
v 24.52401161 -50.66499329 23.90342522
v 21.49165726 -52.49510574 20.48598862
v 18.25954628 -53.94631577 17.04850769
v 14.87552738 -54.99703979 13.60353851
v 11.38973713 -55.63169861 10.1636734
v 18.19037056 1.13393939 68.99664307
v 18.22565269 0 68.99664307
v 18.19037056 -1.13393939 68.99664307
v 21.41316032 -1.33468735 67.79602051
v 21.28873634 -2.66421103 67.79602051
v 24.41497993 -3.05519652 66.40249634
v 24.17778397 -4.56801414 66.40249634
v 27.18528366 -5.13591051 64.82116699
v 26.81337357 -6.8169322 64.82116699
v 29.68173409 -7.54579878 63.05780411
v 29.15517044 -9.37736225 63.05780411
v 31.8660984 -10.24888229 61.11885834
v 31.16725922 -12.21101761 61.11885834
v 33.70483398 -13.20477486 59.01140594
v 32.81867218 -15.27550602 59.01140594
v 35.16960144 -16.3692894 56.74315643
v 34.08386993 -18.52496338 56.74315643
v 36.2376709 -19.6951046 54.32239532
v 34.9431076 -21.91074562 54.32239532
v 36.89227295 -23.13246918 51.75795746
v 35.38274384 -25.38215828 51.75795746
v 37.12285614 -26.62996101 49.05922318
v 35.39544678 -28.88722038 49.05922318
v 36.92524719 -30.13524628 46.23604584
v 34.98029327 -32.37343979 46.23604584
v 36.30168915 -33.5958786 43.2987442
v 32.89245605 -34.49354553 46.23604584
v 34.13436127 -35.79665756 43.2987442
v 30.69228554 -36.46591187 46.23604584
v 31.85176277 -37.84288406 43.2987442
v 29.43744469 -39.7507515 43.2987442
v 30.40146828 -41.0519104 40.25804901
v 27.79045105 -42.86340332 40.25804901
v 28.57013321 -44.06536865 37.12507248
v 25.77531433 -45.75718307 37.12507248
v 26.38453674 -46.83811569 33.91125488
v 23.42156219 -48.38868713 33.91125488
v 23.87678146 -49.32860947 30.62834549
v 20.76382637 -50.71845627 30.62834549
v 21.08381462 -51.4995575 27.28833389
v 17.84129524 -52.71156311 27.28833389
v 18.04686928 -53.31845856 23.90342522
v 14.69714546 -54.3381424 23.90342522
v 14.81084251 -54.75811005 20.48598862
v 11.37787437 -55.57382584 20.48598862
v 11.42362213 -55.79700089 17.04850578
v 7.93261814 -56.40012741 17.04850578
v 7.93536901 -56.41965103 13.60353851
v 4.41240358 -56.80470657 13.60353851
v 4.39776373 -56.61681747 10.1636734
v 3.17085409 -56.69906616 10.1636734
v 18.08465958 -2.26349163 68.99664307
v 21.08189583 -3.98342752 67.79602051
v 23.84699631 -6.06315899 66.40249634
v 26.33767319 -8.47158051 64.82116699
v 28.51576042 -11.17264652 63.05780411
v 30.34778786 -14.12591171 61.11885834
v 31.80549049 -17.28713989 59.01140594
v 32.86621857 -20.60896873 56.74315643
v 33.51330566 -24.04161835 54.32239532
v 33.73627472 -27.53364944 51.75795746
v 33.53104401 -31.03271866 49.05922318
v 31.53027153 -33.06444931 49.05922318
v 29.42061806 -34.95570374 49.05922318
v 28.36581421 -38.30435562 46.23604584
v 26.9091835 -41.50482941 43.2987442
v 25.07186699 -44.50906754 40.25804901
v 22.88072014 -47.27196884 37.12507248
v 20.36792183 -49.75205231 33.91125488
v 17.57048607 -51.91208267 30.62834549
v 14.52969837 -53.71964264 27.28833389
v 11.29050636 -55.14760208 23.90342522
v 7.90083456 -56.17453766 20.48598671
v 4.41087198 -56.78505325 17.04850578
v 2.98621988 -56.91498947 15.00000381
v 3.04188442 -56.89489365 13.60353851
v 2.88399744 -56.91498947 14.22354698
v 2.58429599 -56.91498947 13.50000381
v 17.90892982 -3.38428712 68.99664307
v 17.66386032 -4.49198914 68.99664307
v 17.35039902 -5.58231258 68.99664307
v 20.42448425 -6.57058287 67.79602051
v 19.9764576 -7.82851267 67.79602051
v 22.9101181 -8.97738361 66.40249634
v 22.30765343 -10.3851881 66.40249634
v 25.08266068 -11.67627716 64.82116699
v 24.30820465 -13.21392727 64.82116699
v 26.90871048 -14.62676144 63.05780411
v 25.94729424 -16.27223015 63.05780411
v 28.36008263 -17.78454971 61.11885834
v 27.19953537 -19.51414108 61.11885834
v 29.41421127 -21.10223961 59.01140594
v 28.04536629 -22.89094734 59.01140594
v 30.05450821 -24.53002548 56.74315643
v 28.47132111 -26.35190964 56.74315643
v 30.27059937 -28.01644516 54.32239532
v 26.77385902 -28.07572937 56.74315643
v 28.4653759 -29.84966469 54.32239532
v 24.98089027 -29.68317223 56.74315643
v 26.55969429 -31.55812836 54.32239532
v 24.54633141 -33.14914703 54.32239532
v 25.91578484 -34.99751282 51.75795746
v 23.68984413 -36.54184723 51.75795746
v 24.85512924 -38.33826447 49.05921936
v 22.42354584 -39.81019592 49.05921936
v 23.39291573 -41.53013229 46.23604584
v 20.76572418 -42.90498352 46.23604584
v 21.55036926 -44.52509689 43.2987442
v 18.74054718 -45.77960205 43.2987442
v 19.35443115 -47.27810287 40.25804901
v 16.37770271 -48.39076614 40.25804901
v 16.83735085 -49.74773026 37.12507248
v 13.71195602 -50.6991272 37.12507248
v 14.03620243 -51.89680481 33.91125488
v 10.78261948 -52.66989899 33.91125488
v 10.99233341 -53.69298172 30.62834358
v 7.63297129 -54.27336502 30.62834358
v 7.75073671 -55.10921097 27.28833389
v 16.96975899 -6.6510396 68.99664307
v 19.45109367 -9.0561552 67.79602051
v 21.61883163 -11.75281525 66.40249634
v 23.43965149 -14.70045567 64.82116699
v 24.8854351 -17.85474396 63.05780411
v 25.9337101 -21.16823578 61.11885834
v 26.56796837 -24.59109497 59.01140594
v 24.98440552 -26.19927597 59.01140594
v 23.31076431 -27.69976616 59.01140594
v 23.08714867 -31.17966461 56.74315643
v 22.43795204 -34.61191559 54.32239532
v 21.3721981 -37.94480515 51.75795746
v 19.90515709 -41.12810516 49.05921936
v 18.05814171 -44.11384201 46.23604584
v 15.8581686 -46.85699844 43.2987442
v 13.3375597 -49.3162117 40.25804901
v 10.53345966 -51.45437622 37.12506866
v 7.48726702 -53.23922348 33.91125488
v 16.52341461 -7.69403458 68.99664307
v 16.01308823 -8.70726299 68.99664307
v 15.44075966 -9.68680477 68.99664307
v 18.17676926 -11.40171719 67.79602051
v 17.43274117 -12.51056194 67.79602051
v 19.99309921 -14.34654522 66.40249634
v 19.06247902 -15.56261444 66.40249634
v 21.43404388 -17.49736214 64.82116699
v 20.30475044 -18.79691887 64.82116699
v 22.477211 -20.8066864 63.05780411
v 19.09539795 -20.02513885 64.82116699
v 21.13815117 -22.16661263 63.05780411
v 17.81501198 -21.1731205 64.82116699
v 19.7212677 -23.43695259 63.05780411
v 18.22602654 -24.6185379 63.05780411
v 19.92121124 -26.90655327 61.11885834
v 18.20987892 -28.09385681 61.11885834
v 19.69295692 -30.3801899 59.01140594
v 17.76610947 -31.54658508 59.01140594
v 19.039217 -33.805439 56.74315643
v 16.90069008 -34.92456436 56.74315643
v 17.96910286 -37.13059235 54.32239532
v 15.6259222 -38.17675781 54.32239151
v 16.49797821 -40.30546188 51.75795364
v 13.9602623 -41.25402451 51.75795364
v 14.64723492 -43.28209686 49.05921936
v 11.92804337 -44.10984039 49.05921936
v 12.44397163 -46.01553726 46.23604584
v 9.55910397 -46.70101929 46.23604584
v 9.92058182 -48.46447754 43.2987442
v 6.8883462 -48.98834229 43.2987442
v 7.11427307 -50.59187317 40.25804901
v 14.80863953 -10.62887001 68.99664307
v 16.62121582 -13.57100582 67.79602051
v 18.05805588 -16.71847343 66.40249634
v 16.98274803 -17.81057739 66.40249634
v 15.84361744 -18.83193207 66.40249634
v 16.46419907 -22.24057388 64.82116699
v 16.66021729 -25.70487785 63.05780029
v 16.42804146 -29.17247009 61.11885834
v 15.77047825 -32.59093094 59.01140594
v 14.69672394 -35.90857315 56.74315643
v 13.22223473 -39.07522583 54.32239151
v 11.3684845 -42.04298401 51.75795364
v 9.16265011 -44.76693344 49.05921936
v 6.63720179 -47.20582581 46.23604584
v 14.119174 -11.52981377 68.99664307
v 13.37503052 -12.38615227 68.99664307
v 12.57885075 -13.19479847 68.99664307
v 15.74533272 -14.57894611 67.79602051
v 14.80791759 -15.53102016 67.79602051
v 11.73442841 -13.95194054 68.99664307
v 13.81428337 -16.42193604 67.79602051
v 10.84431553 -14.65533447 68.99664307
v 9.91219521 -15.30202866 68.99664307
v 8.94167233 -15.88952351 68.99664307
v 10.5271101 -18.70253944 67.79602051
v 9.34399033 -19.32168579 67.79602051
v 10.71728706 -22.15723228 66.40249634
v 9.31902122 -22.78151894 66.40249634
v 10.47927761 -25.61372185 64.82116699
v 8.86658478 -26.21652412 64.82116699
v 9.81607342 -29.0195961 63.05780029
v 7.99292183 -29.57457924 63.05780029
v 8.73705387 -32.32320404 61.11885834
v 6.71060562 -32.8047142 61.11885834
v 7.25784969 -35.47442627 59.01140594
v 5.03835154 -35.85787964 59.01140594
v 5.40010357 -38.42543793 56.74315643
v 7.93650341 -16.41554451 68.99664307
v 8.12466621 -19.86607933 67.79602051
v 7.88464975 -23.31766701 66.40249634
v 7.21953535 -26.71790123 64.82116699
v 6.13879347 -30.01514435 63.05780029
v 4.65814114 -33.15930939 61.11885834
v 6.90057611 -16.87805557 68.99664307
v 6.87385654 -20.33361435 67.79602051
v 6.41972065 -23.76360321 66.40249634
v 5.5445013 -27.11590958 64.82116699
v 4.2608614 -30.33958626 63.05780029
v 5.83789873 -17.27527046 68.99664307
v 4.75258207 -17.60564995 68.99664307
v 3.64882493 -17.86791611 68.99664307
v 4.29723835 -21.03118134 67.79602051
v 2.98139858 -21.2585125 67.79602051
v 3.42095542 -24.37829781 66.40249634
v 2.53089833 -18.06105614 68.99664307
v -3.2348063 55.69744873 3.34945869
v -6.07553625 55.46022034 3.34945869
v -6.14094353 56.05863571 6.74147987
v -9.61423492 55.56927109 6.74147987
v -9.68164253 55.95943451 10.1636734
v -13.14191818 55.25013733 10.1636734
v -13.18548584 55.43349075 13.60353851
v -16.60628319 54.50738144 13.60353851
v -16.60054207 54.48852158 17.04850578
v -19.95598793 53.3519249 17.04850388
v -19.87622452 53.13852692 20.4859848
v -23.14140701 51.80089569 20.4859848
v -22.96402931 51.40361023 23.90342331
v -26.11537743 49.87736511 23.90342331
v -25.81827927 49.30963898 27.28833008
v -28.83392334 47.61000061 27.28833008
v -28.39680481 46.88789368 30.62834167
v -31.2569046 45.03263092 30.62834167
v -30.66158676 44.17456436 33.91125488
v -33.34861755 42.18375015 33.91125488
v -32.57931519 41.21022797 37.12506866
v -35.07833862 39.1059227 37.12506866
v -34.12188721 38.03923416 40.2580452
v -36.42382812 35.84208298 40.2580452
v -35.26958466 34.7062645 43.29874039
v -37.35651398 32.45022202 43.29874039
v -35.9977417 31.26946831 46.23604202
v -37.87213898 28.97187042 46.23604202
v -36.30426788 27.77202415 49.05921936
v -37.96064758 25.46213531 49.05921936
v -36.18256378 24.26905441 51.75794983
v -37.62139893 21.97350693 51.75794983
v -35.63517761 20.8129921 54.3223877
v -36.8602066 18.55816269 54.3223877
v -34.67105865 17.45557022 56.74315643
v -35.68922424 15.26717281 56.74315643
v -33.30541992 14.24703217 59.01140594
v -34.12675476 12.14974308 59.01140594
v -31.55950356 11.23538494 61.11885834
v -32.19697571 9.25246429 61.11885834
v -29.4602623 8.46567535 63.05780029
v -29.92960739 6.6186223 63.05780029
v -27.03996658 5.97931385 64.82116699
v -27.35941887 4.28753901 64.82116699
v -24.33571243 3.81344986 66.40249634
v -24.52574539 2.29398727 66.40249634
v -21.38885307 2.00041699 67.79602051
v -21.47187042 0.66766667 67.79602051
v 4.32024145 55.6219101 3.34945869
v -0.79023653 56.91498947 12.10222626
v -0.0137795 56.91498947 12.00000381
v 0.76267749 56.91498947 12.10222626
v 1.48622024 56.91498947 12.40192795
v 2.10754013 56.91498947 12.87868309
v 4.41240358 56.80470657 13.60353851
v 2.58429599 56.91498947 13.50000381
v 2.88399744 56.91498947 14.22354698
v 2.98621988 56.91498947 15.00000381
v 2.8839972 56.91498947 15.77646065
v 2.58429575 56.91498947 16.50000381
v -1.51377952 56.91498947 17.59807968
v -2.67028427 56.89519119 17.04850578
v -6.17754555 56.39350891 20.48598671
v -2.13509965 56.91498947 17.12132454
v -2.61185551 56.91498947 16.50000381
v -2.91155696 56.91498947 15.77646065
v -2.13509941 56.91498947 12.87868309
v -1.51377928 56.91498947 12.40192795
v -2.61184621 -55.72998047 3.34945869
v -6.07553625 -55.46022034 3.34945869
v -9.51175117 54.97607803 3.34945869
v -12.9112215 54.27924728 3.34945869
v -16.26079178 53.37242126 3.34945869
v -19.54750824 52.25910568 3.34945679
v -22.75865173 50.94361115 3.34945679
v -25.8817997 49.43102264 3.34945679
v -28.90486717 47.72719955 3.34945679
v -31.81616211 45.83872604 3.34945679
v -34.60442352 43.77291107 3.34945679
v -37.25885773 41.53775024 3.34945679
v -39.77510834 39.13587952 3.34945679
v -42.12572479 36.59458923 3.34945679
v -42.58011627 36.98944473 6.74147797
v -44.7973938 34.27156067 6.74147797
v -45.11183167 34.51218796 10.16367149
v -47.17020416 31.64169693 10.16367149
v -47.3266983 31.74670219 13.60353661
v -49.20885468 28.74386406 13.60353661
v -49.1918335 28.73391914 17.04850388
v -50.88307953 25.62095261 17.04850388
v -50.67961121 25.51847458 20.4859848
v -52.16808319 22.31923485 20.4859848
v -51.76808167 22.14805794 23.9034214
v -53.04490662 18.88766861 23.9034214
v -52.44128418 18.6726799 27.28833008
v -53.50073624 15.37716103 27.28833008
v -52.6894989 15.1439333 30.62834167
v -53.5290947 11.83980846 30.62834167
v -52.50939941 11.61420918 33.91125107
v -53.12989807 8.32810783 33.91125107
v -51.90408325 8.13591099 37.12506866
v -52.30950928 4.89417171 37.12506866
v -50.88304901 4.76067352 40.2580452
v -51.08061218 1.58894026 40.2580452
v -49.4620285 1.53857815 43.29874039
v -49.4620285 -1.53857815 43.29874039
v -47.66277313 -1.48259449 46.23604202
v -44.31933594 33.90571594 3.34945679
v -46.84141541 31.42108345 6.74147797
v -49.04613495 28.64879036 10.16367149
v -50.90068817 25.62982178 13.60353661
v -52.37752533 22.40886497 17.04850197
v -53.45476913 19.03364563 20.4859848
v -54.11655807 15.55420494 23.9034214
v -54.35326767 12.02215004 27.28833008
v -54.1616478 8.48987675 30.62834167
v -53.5449028 5.00978804 33.91125107
v -52.51261902 1.63349712 37.12506866
v -51.08061218 -1.58894026 40.2580452
v -46.34153748 31.08566856 3.34945679
v -48.70426941 28.44904518 6.74147797
v -50.7323761 25.54504776 10.16367149
v -52.39565277 22.41662216 13.6035347
v -53.66937637 19.11008263 17.04850197
v -54.53470993 15.6744194 20.4859848
v -54.97890091 12.16056633 23.9034214
v -54.99556351 8.6206274 27.28833008
v -54.58472061 5.10710049 30.62834167
v -53.75281143 1.67208564 33.91125107
v -52.51261902 -1.63349712 37.12506866
v -48.18450928 28.14535522 3.34945679
v -50.37875366 25.36694145 6.74147797
v -52.22238922 22.34247589 10.16366959
v -53.68795395 19.11669731 13.6035347
v -54.75365067 15.73736572 17.04850197
v -55.40371323 12.25455189 20.4859848
v -55.62859726 8.7198801 23.9034214
v -55.42515182 5.18575287 27.28833008
v -54.79666519 1.70456493 30.62834167
v -53.75281143 -1.67208564 33.91125107
v -49.84111023 25.09615326 3.34945679
v -51.85837555 22.18669891 6.74147797
v -53.51041794 19.0534668 10.16366959
v -54.77260208 15.74281311 13.6035347
v -55.62614822 12.30376434 17.04850197
v -56.05842972 8.78727436 20.4859848
v -56.0631218 5.24545908 23.9034214
v -55.64035416 1.73081648 27.28833008
v -54.79666519 -1.70456493 30.62834167
v -51.3049469 21.94985962 3.34945679
v -53.13742828 18.92062187 6.74147606
v -54.59148026 15.69074154 10.16366959
v -55.64540482 12.30802345 13.6035347
v -56.28349686 8.82256222 17.04850197
v -56.49631882 5.28599977 20.4859848
v -56.28081131 1.7507441 23.9034214
v -55.64035416 -1.73081648 27.28833008
v -52.57034302 18.718647 3.34945488
v -54.21094894 15.5813427 6.74147606
v -55.46139145 12.267313 10.16366959
v -56.3029747 8.82561684 13.6035347
v -56.72314072 5.30722761 17.04850197
v -56.7156868 1.76427519 20.4859848
v -56.28081131 -1.7507441 23.9034214
v -53.63240433 15.41501427 3.34945488
v -55.0748024 12.18178272 6.74147606
v -56.11678696 8.79642487 10.16366959
v -56.74277115 5.30906487 13.6035347
v -56.94339371 1.77136028 17.04850197
v -56.7156868 -1.76427519 20.4859848
v -54.48703384 12.05174446 3.34945488
v -55.7256279 8.73509407 6.74147606
v -56.55513382 5.29150438 10.16366959
v -56.96310043 1.77197337 13.6035347
v -56.94339371 -1.77136028 17.04850197
v -55.13090897 8.64184856 3.34945488
v -56.16091537 5.25461102 6.74147606
v -56.77473068 1.76611245 10.16366959
v -56.96310043 -1.77197337 13.6035347
v -55.56155014 5.19851875 3.34945488
v -56.37897873 1.7537986 6.74147606
v -56.77473068 -1.76611245 10.16366959
v -55.77729416 1.73507714 3.34945488
v -56.37897873 -1.7537986 6.74147606
v -55.77729416 -1.73507714 3.34945488
v 0.76267749 -56.91498947 12.10222626
v -0.0137795 -56.91498947 12.00000381
v 0.86938339 -56.78156281 10.1636734
v -0.79023653 -56.91498947 12.10222626
v -1.51377928 -56.91498947 12.40192795
v -2.13509941 -56.91498947 12.87868309
v -2.13509965 -56.91498947 17.12132454
v -1.51377952 -56.91498947 17.59807968
v -0.79023683 -56.91498947 17.89778137
v -0.01377983 -56.91498947 18.00000381
v 0.76267719 -56.91498947 17.89778137
v 2.58429575 -56.91498947 16.50000381
v 2.8839972 -56.91498947 15.77646065
v 2.10754013 -56.91498947 12.87868309
v 1.48622024 -56.91498947 12.40192795
v 21.45468903 0 67.79602051
v 24.55766487 -1.53055894 66.40249634
v 27.45196724 -3.43501925 64.82116699
v 30.09341049 -5.68504238 63.05780411
v 32.44159698 -8.24709606 61.11885834
v 34.4605484 -11.08295727 59.01140594
v 36.11921692 -14.15028667 56.74315643
v 37.39198303 -17.403265 54.32239532
v 38.25901794 -20.79328537 51.75795746
v 38.70659637 -24.26967621 49.05922318
v 38.72728729 -27.78046608 46.23604584
v 38.32008362 -31.27317047 43.2987442
v 37.49040222 -34.6955719 40.25804901
v 35.25146484 -36.96902847 40.25804901
v 32.89481354 -39.08159256 40.25804901
v 31.25436783 -42.20307922 37.12507248
v 29.24537849 -45.1063385 33.91125488
v 26.89730644 -47.74792099 30.62834549
v 24.24471283 -50.08830643 27.28833389
v 21.32672119 -52.09249496 23.90342522
v 18.18645477 -53.73054504 20.48598862
v 14.87037563 -54.97800827 17.04850578
v 11.42758083 -55.8163147 13.60353851
v 7.90907669 -56.23303604 10.1636734
v 33.47302246 0 61.11885834
v 30.566185 1.90483057 63.05780411
v 36.12820435 -2.25128937 59.01140594
v 38.49120331 -4.81564665 56.74315643
v 40.52590179 -7.65497541 54.32239532
v 42.2011261 -10.72704697 51.75795746
v 43.49108124 -13.98613167 49.05922318
v 44.37577057 -17.38368988 46.23604584
v 44.84128571 -20.86910057 43.2987442
v 44.88002014 -24.39042091 40.25804901
v 44.49078369 -27.8951664 37.12507248
v 43.67880249 -31.33110046 33.9112587
v 42.45566559 -34.64702225 30.62834549
v 40.83914185 -37.79352951 27.28833389
v 38.39736938 -40.27276993 27.28833389
v 35.83321381 -42.57117844 27.28833389
v 33.49868774 -45.23227692 23.90342712
v 30.85856819 -47.59325409 20.48598862
v 27.95185089 -49.61897659 17.04850769
v 24.82155609 -51.27935028 13.60354042
v 21.51405334 -52.54977036 10.16367531
v 43.54270935 0 51.75795746
v 41.16249847 2.56487632 54.32239532
v 45.59557343 -2.84101319 49.05922318
v 47.2897644 -5.91604328 46.23604584
v 48.59932709 -9.1794529 43.2987442
v 49.50409698 -12.58277225 40.25804901
v 49.98999023 -16.07542992 37.12507248
v 50.04921722 -19.6055069 33.9112587
v 49.68039703 -23.12052727 30.62834549
v 48.88858032 -26.5682354 27.2883358
v 47.68517303 -29.89738846 23.90342712
v 46.08777618 -33.05852509 20.48598862
v 44.11988068 -36.00470352 17.04850769
v 41.81058502 -38.69221878 13.60354042
v 39.30775452 -41.23326492 13.60354042
v 36.68562317 -43.58347702 13.60354042
v 33.79286957 -45.6293335 10.16367531
v 51.07776642 0 40.25804901
v 49.36269379 3.07566786 43.2987442
v 52.40886688 -3.26541376 37.12507248
v 53.33564377 -6.67217541 33.9112587
v 53.84386063 -10.16976166 30.62834549
v 53.92553329 -13.70628548 27.2883358
v 53.57909012 -17.22927094 23.90342712
v 52.80941772 -20.68644714 20.48598862
v 51.62772369 -24.02653122 17.04850769
v 50.05142975 -27.20000076 13.60354042
v 48.10388184 -30.159832 10.16367531
v 45.81401062 -32.86221695 6.74148178
v 55.63971329 0 27.2883358
v 54.68958664 3.40748096 30.62834549
v 55.53206253 3.45995831 27.2883358
v 54.37192917 6.80177879 30.62834549
v 56.28048325 0 23.90342712
v 56.17158127 -3.49979448 23.90342712
v 56.60583115 -3.52684355 20.48598862
v 56.77463913 0 10.16367722
v 56.85287857 3.54223251 13.60354233
v 56.26961136 -3.50590062 6.74148369
v -6.14094353 -56.05863571 6.74147987
v -21.47187042 -0.66766667 67.79602051
v -24.62094498 -0.76564986 66.40249634
v -24.62094498 0.76564986 66.40249634
v -27.68011093 -0.86083561 64.82116699
v -27.68011093 0.86083561 64.82116699
v -27.57307625 2.57917643 64.82116699
v -30.63819695 -0.95287621 63.05780029
v -30.63819695 0.95287621 63.05780029
v -30.51971817 2.85494208 63.05780029
v -30.28321648 4.74596262 63.05780029
v -33.48439026 -1.04143536 61.11885834
v -33.48439026 1.04143536 61.11885834
v -33.35489655 3.12027693 61.11885834
v -33.09641266 5.18704653 61.11885834
v -32.70994568 7.23374844 61.11885834
v -36.20829773 -1.12618935 59.01140594
v -36.20829773 1.12618935 59.01140594
v -36.06826782 3.37421107 59.01140594
v -35.78874969 5.60917854 59.01140594
v -35.37082672 7.82244539 59.01140594
v -34.8161087 10.00544834 59.01140594
v -38.79995728 -1.20682883 56.74315643
v -38.79995728 1.20682883 56.74315643
v -38.64990234 3.61581731 56.74315643
v -38.35037231 6.01081705 56.74315643
v -37.90251923 8.38256168 56.74315643
v -37.30809021 10.72187614 56.74315643
v -36.56937408 13.01971054 56.74315643
v -41.24990845 -1.28305888 54.3223877
v -41.24990845 1.28305888 54.3223877
v -41.09037781 3.84421253 54.3223877
v -40.77192688 6.39049387 54.3223877
v -40.295784 8.9120512 54.3223877
v -39.6638031 11.39912987 54.3223877
v -38.8784256 13.84210777 54.3223877
v -37.94268799 16.23153305 54.3223877
v -43.54920197 -1.35460103 51.75794983
v -43.54920197 1.35460103 51.75794983
v -43.38076782 4.05856276 51.75794983
v -43.04456329 6.74682236 51.75794983
v -42.54187775 9.40897942 51.75794983
v -41.87465668 12.03473568 51.75794983
v -41.04548645 14.61393166 51.75794983
v -40.05757141 17.13658905 51.75794983
v -38.91473389 19.59294891 51.75794983
v -45.68943024 -1.42119408 49.05921936
v -45.68943024 1.42119408 49.05921936
v -45.5127182 4.25808382 49.05921936
v -45.15998077 7.07850027 49.05921936
v -44.63258362 9.87153053 49.05921936
v -43.93256378 12.62637043 49.05921936
v -43.0626297 15.33236122 49.05921936
v -42.02614594 17.97903442 49.05921936
v -40.82713318 20.55615044 49.05921936
v -39.47021484 23.05373764 49.05921936
v -47.66277313 1.48259449 46.23604202
v -49.27072144 4.60978174 43.29874039
v -50.48867798 7.91398907 40.2580452
v -51.29789734 11.34617519 37.12506866
v -51.68579865 14.85537624 33.91125107
v -51.64611053 18.38946915 30.62834167
v -51.17899323 21.89595985 27.28833008
v -50.29103088 25.32276154 23.9034214
v -48.99513245 28.61898804 20.4859848
v -47.31032562 31.73571777 17.04850388
v -45.2614975 34.62672043 13.60353661
v -42.87898254 37.24915695 10.16367149
v -40.20389557 39.5583992 6.74147797
v -47.4784317 4.4420476 46.23604202
v -47.11045074 7.38431549 46.23604202
v -46.56027222 10.29801464 46.23604202
v -45.83000946 13.17187309 46.23604202
v -44.92248535 15.99477196 46.23604202
v -43.84122467 18.75579071 46.23604202
v -42.59040833 21.44424629 46.23604202
v -41.17486572 24.04973793 46.23604202
v -39.6000824 26.56218719 46.23604202
v -48.88884735 7.66315126 43.29874039
v -49.89902496 11.03668594 40.2580452
v -50.49330902 14.51254272 37.12506866
v -50.66229248 18.03907204 33.91125107
v -50.40296936 21.56386185 30.62834167
v -49.71875763 25.03452682 27.28833008
v -48.61946869 28.39949608 23.9034214
v -47.12114716 31.60878181 20.4859848
v -45.24583435 34.61473846 17.04850388
v -43.0212326 37.37277222 13.60353661
v -40.48583221 39.83639145 10.16367149
v -37.66072845 41.98594284 6.74147797
v -48.31789398 10.68687344 43.29874039
v -47.56005096 13.66925049 43.29874039
v -46.61826324 16.59874344 43.29874039
v -45.49617767 19.46401978 43.29874039
v -44.19812775 22.25399208 43.29874039
v -42.72913361 24.95786858 43.29874039
v -41.09487915 27.56518936 43.29874039
v -39.30169678 30.06586456 43.29874039
v -20.23781967 7.20303202 67.79602051
v -22.6473999 9.68597126 66.40249634
v -24.73495674 12.45112514 64.82116699
v -26.46836472 15.45697212 63.05780029
v -27.82082558 18.65837097 61.11885834
v -28.77126503 22.0072403 59.01140594
v -29.30464745 25.4532795 56.74315643
v -29.41378212 28.94313431 54.3223877
v -29.09157562 32.42915344 51.75794983
v -28.34682274 35.85420227 49.05921936
v -27.18838692 39.16843033 46.23604202
v -25.63292885 42.322052 43.29874039
v -23.70306778 45.26769638 40.2580452
v -21.42705536 47.96111679 37.12506866
v -18.83834267 50.36185455 33.91125488
v -15.97508335 52.43384171 30.62834167
v -12.87955189 54.14595795 27.28833199
v -9.59751511 55.4724884 23.90342331
v -49.11637878 14.11668491 40.2580452
v -49.49342346 17.62276459 37.12506866
v -49.44283295 21.15297699 33.91125107
v -48.96487427 24.65482521 30.62834167
v -48.06622314 28.07624054 27.28833008
v -46.75985718 31.3663578 23.9034214
v -45.06491852 34.47628403 20.4859848
v -43.00635529 37.35984039 17.04850388
v -40.61990356 39.96883774 13.60353661
v -37.92505646 42.28073502 10.16367149
v -34.9776535 44.245224 6.74147797
v -48.14376831 17.14206886 40.2580452
v -46.9849472 20.10113335 40.2580452
v -45.64440918 22.98243141 40.2580452
v -44.12732697 25.77481461 40.2580452
v -42.43958282 28.46747971 40.2580452
v -40.58770752 31.05000877 40.2580452
v -38.57884979 33.51241302 40.2580452
v -48.30210876 20.66480637 37.12506866
v -48.03214264 24.18504524 33.91125107
v -47.33740234 27.65040588 30.62834167
v -46.22777557 31.00933266 27.28833008
v -44.7193985 34.2118721 23.9034214
v -42.83439636 37.21040726 20.4859848
v -40.60561371 39.9552536 17.04850388
v -38.05086517 42.42104721 13.60353661
v -35.22314453 44.55587769 10.16367149
v -32.15930939 46.33332825 6.74147797
v -46.92397308 23.62689972 37.12506866
v -45.36435699 26.4975872 37.12506866
v -43.62928009 29.26575851 37.12506866
v -41.7254715 31.9207077 37.12506866
v -39.66028595 34.45215988 37.12506866
v -37.4450531 36.84693146 37.12506866
v -17.84094429 11.96192551 67.79602051
v -19.56481171 14.96181679 66.40249634
v -20.90707016 18.15592194 64.82116699
v -21.84745979 21.49542999 63.05780029
v -22.36917877 24.93196297 61.11885834
v -22.46558762 28.41175652 59.01140594
v -22.13385582 31.88301659 56.74315643
v -21.37823105 35.29341888 54.3223877
v -20.20933723 38.59155273 51.75794983
v -18.64400482 41.72768784 49.05921936
v -16.70502663 44.6545372 46.23604202
v -14.42080593 47.32794571 43.29874039
v -11.82493687 49.70758057 40.25804901
v -8.9556942 51.75750732 37.12506866
v -5.8554678 53.44675064 33.91125488
v -2.57011223 54.74975967 30.62834358
v 0.85173237 55.64677811 27.28833199
v 4.35937452 56.12415314 23.90342331
v 7.90083456 56.17453766 20.48598671
v 11.42362213 55.79700089 17.04850578
v 14.87552738 54.99703979 13.60353851
v 18.20541 53.78649521 10.16367531
v 21.36395645 52.18338013 6.74148178
v -46.4356842 27.1235466 33.91125107
v -45.52684784 30.539011 30.62834167
v -44.21054077 33.82245636 27.28833008
v -42.50598145 36.92502213 23.90342331
v -40.44301605 39.79568481 20.4859848
v -38.03770447 42.40636826 17.04850388
v -35.33998871 44.70373917 13.60353661
v -32.38500977 46.65864182 10.16367149
v -29.21660233 48.24217606 6.74147797
v -44.65962219 29.95711136 33.91125107
v -42.71083832 32.67477798 33.91125107
v -40.59686279 35.26603317 33.91125107
v -38.32952881 37.71714783 33.91125488
v -35.90668488 40.02973557 33.91125488
v -43.54020691 33.30946732 30.62834167
v -42.02231598 36.50472641 27.28833008
v -40.13270569 39.49071503 23.90342331
v -37.88562012 42.23675156 20.4859848
v -35.32776642 44.68827057 17.04850388
v -32.49243927 46.81348419 13.60353661
v -29.4216404 48.58089447 10.16367149
v -26.16091537 49.96438599 6.74147797
v -41.38516998 35.95105743 30.62834167
v -39.07402802 38.44954681 30.62834167
v -36.60388184 40.80728912 30.62834167
v -33.99612427 43.00314713 30.62834167
v -14.34587955 15.98394108 67.79602051
v -15.27784061 19.31598473 66.40249634
v -15.79211521 22.74227905 64.82116699
v -15.88029957 26.21100235 63.05780029
v -15.54039383 29.66969681 61.11885834
v -14.77683353 33.0660553 59.01140594
v -13.60042 36.34869766 56.74315643
v -12.02816105 39.46796036 54.32239151
v -10.08301067 42.37663269 51.75795364
v -7.79352951 45.03066635 49.05921936
v -5.19345188 47.38983536 46.23604584
v -2.32118297 49.41834641 43.2987442
v 0.78078508 51.08537674 40.25804901
v 4.06650448 52.36552811 37.12506866
v 7.48726702 53.23922348 33.91125488
v 10.99233341 53.69298172 30.62834358
v 14.52969837 53.71964264 27.28833389
v 18.04686928 53.31845856 23.90342522
v 21.49165726 52.49510574 20.48598862
v 24.81296158 51.26160812 17.04850769
v 27.96153069 49.63615417 13.60354042
v 30.89071655 47.64281464 10.16367531
v 33.55715942 45.31119156 6.74148178
v -39.6758194 39.04145432 27.28833008
v -37.59516144 41.91281891 23.90342331
v -35.18651581 44.50952911 20.4859848
v -32.48120117 46.79728699 17.04850388
v -29.5192337 48.74211502 13.60353661
v -26.34449959 50.31519699 10.16367149
v -23.00406837 51.49329376 6.74147797
v -37.16739655 41.43574905 27.28833008
v -34.51947784 43.66542435 27.28833008
v -31.73806953 45.72616577 27.28833008
v -34.91675568 44.1681633 23.90342331
v -32.35133362 46.61010742 20.4859848
v -29.50902367 48.72525024 17.04850388
v -26.43188095 50.4821701 13.60353661
v -23.16548729 51.85483551 10.16367149
v -19.75827599 52.82298279 6.74147797
v -32.10332489 46.25263214 23.90342331
v -29.16574287 48.15815353 23.90342331
v -9.96792984 19.02131462 67.79602051
v -10.0505743 22.4802494 66.40249634
v -9.70518398 25.92766571 64.82116699
v -8.93637848 29.31126785 63.05780029
v -7.75513935 32.57971954 61.11885834
v -6.17864704 35.68341446 59.01140594
v -4.23002291 38.57522202 56.74315643
v -1.93798172 41.2111969 54.32239151
v 0.66360068 43.55123138 51.75795364
v 3.53619576 45.55966568 49.05921936
v 6.63720179 47.20582581 46.23604584
v 9.92058182 48.46447754 43.2987442
v 13.3375597 49.3162117 40.25804901
v 16.83735085 49.74773026 37.12507248
v 20.36792183 49.75205231 33.91125488
v 23.87678146 49.32860947 30.62834549
v 27.31175613 48.48327255 27.28833389
v 30.62179184 47.22823715 23.90342712
v 33.75769806 45.58186722 20.48598862
v 36.67292023 43.56839371 17.04850769
v 39.32419586 41.21757889 13.60354042
v 41.67224121 38.5642395 10.16367531
v 43.6823349 35.64774704 6.74148178
v -29.39105225 48.53035736 20.4859848
v -26.42273903 50.46470261 17.04850388
v -23.24231911 52.02692413 13.60353661
v -19.8969059 53.19386292 10.16367149
v -16.4360981 53.94831085 6.74147987
v -26.31711197 50.26285553 20.4859848
v -23.23428154 52.00891876 17.04850388
v -19.96289062 53.37039185 13.60353661
v -16.55140114 54.32709122 10.1636734
v -13.05038452 54.86492157 6.74147987
v -4.97678471 20.88693619 67.79602051
v -4.20502043 24.25968552 66.40249634
v -3.02124357 27.51585579 64.82116699
v -1.44280815 30.6058979 63.05780029
v 0.5069983 33.4827652 61.11885834
v 2.79930758 36.10260773 59.01140594
v 5.40010357 38.42543793 56.74315643
v 8.27073193 40.41574097 54.32239151
v 11.3684845 42.04298401 51.75795364
v 14.64723492 43.28209686 49.05921936
v 18.05814171 44.11384201 46.23604584
v 21.55036926 44.52509689 43.2987442
v 25.07186699 44.50906754 40.25804901
v 28.57013321 44.06536865 37.12507248
v 31.99302292 43.20005417 33.9112587
v 35.28952026 41.92549896 30.62834549
v 38.4105072 40.26023483 27.28833389
v 41.30950165 38.2286644 23.90342712
v 43.94335938 35.86069489 20.48598862
v 46.27291107 33.19128418 17.04850769
v 48.26356506 30.25992012 13.60354042
v 49.88583374 27.11003304 10.16367531
v 51.11573792 23.78832817 6.74148178
v 0.3200911 21.46587944 67.79602051
v 1.89872169 24.54467773 66.40249634
v 3.84796286 27.40901375 64.82116699
v 6.13879347 30.01514435 63.05780029
v 8.73705387 32.32320404 61.11885834
v 11.60397148 34.29780579 59.01140594
v 14.69672394 35.90857315 56.74315643
v 17.96910286 37.13059235 54.32239532
v 21.3721981 37.94480515 51.75795746
v 24.85512924 38.33826447 49.05921936
v 28.36581421 38.30435562 46.23604584
v 31.85176277 37.84288406 43.2987442
v 35.26084137 36.96007538 40.25804901
v 38.54209137 35.66849518 37.12507248
v 41.6464386 33.98684692 33.9112587
v 44.5275116 31.93968964 30.62834549
v 47.14225006 29.55708504 27.28833389
v 49.45161438 26.87412834 23.90342712
v 51.42116547 23.93042946 20.48598862
v 53.02154541 20.76951981 17.0485096
v 54.22895432 17.43819046 13.60354233
v 55.02550125 13.98579311 10.16367722
v 55.39945602 10.46350002 6.74148369
v 7.90907669 56.23303604 10.1636734
v 11.31023026 55.24382019 6.74147987
v 5.59640026 20.72248268 67.79602051
v 7.88464975 23.31766701 66.40249634
v 10.47927761 25.61372185 64.82116699
v 13.34138298 27.5753994 63.05780029
v 16.42804146 29.17247009 61.11885834
v 19.69295692 30.3801899 59.01140594
v 23.08714867 31.17966461 56.74315643
v 26.55969429 31.55812836 54.32239532
v 30.05849075 31.50915146 51.75795746
v 33.53104401 31.03271866 49.05922318
v 36.92524719 30.13524628 46.23604584
v 40.19017792 28.82947159 43.2987442
v 43.27684021 27.13427162 40.25804901
v 46.13892365 25.07437134 37.12507248
v 48.73350525 22.67998123 33.9112587
v 51.02166748 19.98633385 30.62834549
v 52.96907806 17.03315926 27.2883358
v 54.54655838 13.86409187 23.90342712
v 55.73047256 10.52600479 20.48598862
v 56.50309372 7.06831408 17.0485096
v 10.5271101 18.70253944 67.79602051
v 13.38401794 20.65424156 66.40249634
v 16.46419907 22.24057388 64.82116699
v 19.7212677 23.43695259 63.05780411
v 23.10618019 24.22465324 61.11885834
v 26.56796837 24.59109497 59.01140594
v 30.05450821 24.53002548 56.74315643
v 33.51330566 24.04161835 54.32239532
v 36.89227295 23.13246918 51.75795746
v 40.14053345 21.81549644 49.05922318
v 43.20916748 20.10974503 46.23604584
v 46.05194092 18.04010773 43.2987442
v 48.62604523 15.63694096 40.25804901
v 50.89266968 12.93561554 37.12507248
v 52.81764221 9.97598457 33.9112587
v 11.66944981 18.01103783 67.79602051
v 14.64216805 19.78135109 66.40249634
v 17.81501198 21.1731205 64.82116699
v 21.14015961 22.16469574 63.05780411
v 24.56749535 22.74043274 61.11885834
v 28.04536629 22.89094734 59.01140594
v 31.52136612 22.61323929 56.74315643
v 34.9431076 21.91074562 54.32239532
v 38.25901794 20.79328537 51.75795746
v 41.41912079 19.2769165 49.05922318
v 44.37577057 17.38368988 46.23604584
v 47.0843811 15.14132118 43.2987442
v 49.50409698 12.58277225 40.25804901
v 51.5983963 9.7457571 37.12507248
v 53.33564377 6.67217541 33.9112587
v 15.74533272 14.57894611 67.79602051
v 19.06247902 15.56261444 66.40249634
v 22.48036003 16.13011169 64.82116699
v 25.94729424 16.27223015 63.05780411
v 29.41085434 15.98615456 61.11885834
v 32.81867218 15.27550602 59.01140594
v 36.11921692 14.15028667 56.74315643
v 39.26255798 12.6267271 54.32239532
v 42.2011261 10.72704697 51.75795746
v 44.89044189 8.47911739 49.05922318
v 47.2897644 5.91604328 46.23604584
v 18.85042191 10.24876118 67.79602051
v 22.30765343 10.3851881 66.40249634
v 25.76002502 10.09345341 64.82116699
v 29.15517044 9.37736225 63.05780411
v 32.44159698 8.24709606 61.11885834
v 35.56943512 6.71906233 59.01140594
v 38.49120331 4.81564665 56.74315643
v 20.79343987 5.28723288 67.79602051
v 24.17778397 4.56801414 66.40249634
v 27.45196724 3.43501925 64.82116699
v 56.27704239 -7.0400424 20.48598862
v 56.50309372 -7.06831408 17.0485096
v 55.95433426 -10.56827545 17.0485096
v 55.97370529 -10.57193375 13.60354233
v 20.79343987 -5.28723288 67.79602051
v 23.42389488 -7.53484631 66.40249634
v 25.76002502 -10.09345341 64.82116699
v 27.76597214 -12.92470551 63.05780411
v 29.41085434 -15.98615456 61.11885834
v 30.66920471 -19.23189163 59.01140594
v 31.52136612 -22.61323929 56.74315643
v 31.95378876 -26.07947922 54.32239532
v 31.95923233 -29.5786171 51.75795746
v 30.05278015 -31.51460075 51.75795746
v 28.04140663 -33.31778336 51.75795746
v 27.19049644 -36.71801376 49.05922318
v 25.92955017 -39.99460983 46.23604584
v 24.27676582 -43.09833145 43.2987442
v 22.25622749 -45.98253632 40.25804901
v 19.89755058 -48.60386658 37.12507248
v 17.23542976 -50.92293167 33.91125488
v 14.30911541 -52.90487289 30.62834549
v 11.16183567 -54.51988983 27.28833389
v 7.84013271 -55.74370956 23.90342331
v 55.20814896 -14.03220558 13.60354233
v 55.02550125 -13.98579311 10.16367722
v 54.04954147 -17.38051224 10.16367722
v 53.67259598 -17.25933075 6.74148369
v 52.4957428 -20.56360626 6.74148369
v 18.85042191 -10.24876118 67.79602051
v 20.84631729 -13.07497215 66.40249634
v 22.48036003 -16.13011169 64.82116699
v 23.72724724 -19.36818123 63.05780411
v 24.56749535 -22.74043274 61.11885834
v 23.10354614 -24.22716904 61.11885834
v 21.55541992 -25.61515427 61.11885834
v 21.54356003 -29.09626198 59.01140594
v 21.10403252 -32.55552673 56.74315643
v 20.24271202 -35.94078064 54.32239532
v 18.97181511 -39.20096207 51.75795746
v 17.30970764 -42.28689957 49.05921936
v 15.28064156 -45.15203094 46.23604584
v 12.91438389 -47.75310898 43.2987442
v 10.24576283 -50.05086136 40.25804901
v 7.31415701 -52.0105629 37.12506866
v 12.76659012 -17.24985504 67.79602051
v 11.66944981 -18.01103783 67.79602051
v 14.64216805 -19.78135109 66.40249634
v 13.38401794 -20.65424156 66.40249634
v 12.07403564 -21.44722557 66.40249634
v 15.04963589 -23.22198296 64.82116699
v 15.02990055 -26.69177055 63.05780029
v 14.58259487 -30.13822174 61.11885834
v 13.71377945 -33.50918961 59.01140594
v 12.43584633 -36.75365829 56.74315643
v 10.76733875 -39.82251358 54.32239151
v 8.73266888 -42.66928864 51.75795364
v 6.36175632 -45.2508316 49.05921936
v 13.57679558 -24.11354828 64.82116699
v 12.05137634 -24.91182518 64.82116699
v 13.34138298 -27.5753994 63.05780029
v 12.68067837 -30.98737335 61.11885834
v 11.60397148 -34.29780579 59.01140594
v 10.12680244 -37.4565506 56.74315643
v 8.27073193 -40.41574097 54.32239151
v 6.06301689 -43.13051224 51.75795364
v 11.60119629 -28.35234261 63.05780029
v 5.59640026 -20.72248268 67.79602051
v 4.92990112 -24.1176033 66.40249634
v 3.84796286 -27.40901375 64.82116699
v 10.72964859 -31.71664238 61.11885834
v 9.44921589 -34.95373154 59.01140594
v 7.77852631 -38.01453018 56.74315643
v 5.74207544 -40.85260773 54.32239151
v -0.79023653 -53.91500092 12.10222626
v -0.0137795 -53.91500092 12.00000381
v -0.01377958 -53.91500092 13.50000381
v 0.76267749 -53.91500092 12.10222626
v 0.37444893 -53.91500092 13.55111504
v 1.48622024 -53.91500092 12.40192795
v 0.7362203 -53.91500092 13.70096588
v 2.10754013 -53.91500092 12.87868309
v 1.04688036 -53.91500092 13.93934441
v 2.58429599 -53.91500092 13.50000381
v 1.28525829 -53.91500092 14.25000381
v 2.88399744 -53.91500092 14.22354698
v 1.4351089 -53.91500092 14.61177444
v 2.98621988 -53.91500092 15.00000381
v 1.48622012 -53.91500092 15.00000381
v 1.4351089 -53.91500092 15.38823318
v 2.8839972 -53.91500092 15.77646065
v 1.28525817 -53.91500092 15.75000381
v 2.58429575 -53.91500092 16.50000381
v 1.04688025 -53.91500092 16.06066322
v 2.10753989 -53.91500092 17.12132454
v 0.73622012 -53.91500092 16.29904175
v 1.48622 -53.91500092 17.59807968
v 0.37444875 -53.91500092 16.44889259
v 0.76267719 -53.91500092 17.89778137
v -0.01377974 -53.91500092 16.50000381
v -0.01377983 -53.91500092 18.00000381
v -0.79023683 -53.91500092 17.89778137
v -0.40200827 -53.91500092 16.44889259
v -1.51377952 -53.91500092 17.59807968
v -0.76377964 -53.91500092 16.29904175
v -2.13509965 -53.91500092 17.12132454
v -1.07443953 -53.91500092 16.06066322
v -2.61185551 -53.91500092 16.50000381
v -1.31281745 -53.91500092 15.75000381
v -2.91155696 -53.91500092 15.77646065
v -1.46266818 -53.91500092 15.38823318
v -1.5137794 -53.91500092 15.00000381
v -3.01377916 -53.91500092 15.00000381
v -1.46266818 -53.91500092 14.61177444
v -2.91155672 -53.91500092 14.22354698
v -1.31281734 -53.91500092 14.25000381
v -2.61185527 -53.91500092 13.50000381
v -1.07443941 -53.91500092 13.93934441
v -2.13509941 -53.91500092 12.87868309
v -0.76377946 -53.91500092 13.70096588
v -1.51377928 -53.91500092 12.40192795
v -0.40200809 -53.91500092 13.55111504
v -0.79023653 53.91500092 12.10222626
v -0.0137795 53.91500092 12.00000381
v 0.76267749 53.91500092 12.10222626
v 1.48622024 53.91500092 12.40192795
v 2.10754013 53.91500092 12.87868309
v 2.58429599 53.91500092 13.50000381
v 2.88399744 53.91500092 14.22354698
v 2.98621988 53.91500092 15.00000381
v 2.8839972 53.91500092 15.77646065
v 2.58429575 53.91500092 16.50000381
v 2.10753989 53.91500092 17.12132454
v 1.48622 53.91500092 17.59807968
v 0.76267719 53.91500092 17.89778137
v -0.01377983 53.91500092 18.00000381
v -0.79023683 53.91500092 17.89778137
v -1.51377952 53.91500092 17.59807968
v -2.13509965 53.91500092 17.12132454
v -2.61185551 53.91500092 16.50000381
v -2.91155696 53.91500092 15.77646065
v -3.01377916 53.91500092 15.00000381
v -2.91155672 53.91500092 14.22354698
v -2.61185527 53.91500092 13.50000381
v -2.13509941 53.91500092 12.87868309
v -1.51377928 53.91500092 12.40192795
v -0.01377958 53.91500092 13.50000381
v -0.40200809 53.91500092 13.55111504
v -0.76377946 53.91500092 13.70096588
v -1.07443941 53.91500092 13.93934441
v -1.31281734 53.91500092 14.25000381
v -1.46266818 53.91500092 14.61177444
v -1.5137794 53.91500092 15.00000381
v -1.46266818 53.91500092 15.38823318
v -1.31281745 53.91500092 15.75000381
v -1.07443953 53.91500092 16.06066322
v -0.76377964 53.91500092 16.29904175
v -0.40200827 53.91500092 16.44889259
v -0.01377974 53.91500092 16.50000381
v 0.37444875 53.91500092 16.44889259
v 0.73622012 53.91500092 16.29904175
v 1.04688025 53.91500092 16.06066322
v 1.28525817 53.91500092 15.75000381
v 1.4351089 53.91500092 15.38823318
v 1.48622012 53.91500092 15.00000381
v 1.4351089 53.91500092 14.61177444
v 1.28525829 53.91500092 14.25000381
v 1.04688036 53.91500092 13.93934441
v 0.7362203 53.91500092 13.70096588
v 0.37444893 53.91500092 13.55111504
vn 0 0 0
f 1//1 2//1 3//1
f 3//1 2//1 4//1
f 3//1 4//1 5//1
f 2//1 1//1 6//1
f 6//1 1//1 7//1
f 6//1 7//1 8//1
f 8//1 7//1 9//1
f 8//1 9//1 10//1
f 10//1 9//1 11//1
f 11//1 9//1 12//1
f 11//1 12//1 13//1
f 13//1 12//1 14//1
f 13//1 14//1 15//1
f 15//1 14//1 16//1
f 15//1 16//1 17//1
f 17//1 16//1 18//1
f 18//1 16//1 19//1
f 18//1 19//1 20//1
f 20//1 19//1 21//1
f 20//1 21//1 22//1
f 22//1 21//1 23//1
f 22//1 23//1 24//1
f 24//1 23//1 25//1
f 25//1 23//1 26//1
f 25//1 26//1 27//1
f 27//1 26//1 28//1
f 27//1 28//1 29//1
f 29//1 28//1 30//1
f 29//1 30//1 31//1
f 31//1 30//1 32//1
f 32//1 30//1 33//1
f 32//1 33//1 34//1
f 34//1 33//1 35//1
f 34//1 35//1 36//1
f 36//1 35//1 37//1
f 36//1 37//1 38//1
f 38//1 37//1 39//1
f 39//1 37//1 40//1
f 39//1 40//1 41//1
f 41//1 40//1 42//1
f 41//1 42//1 43//1
f 43//1 42//1 44//1
f 43//1 44//1 45//1
f 45//1 44//1 46//1
f 46//1 44//1 47//1
f 46//1 47//1 48//1
f 48//1 47//1 49//1
f 48//1 49//1 50//1
f 50//1 49//1 51//1
f 50//1 51//1 52//1
f 52//1 51//1 53//1
f 53//1 51//1 54//1
f 53//1 54//1 55//1
f 55//1 54//1 56//1
f 55//1 56//1 5//1
f 5//1 56//1 3//1
f 57//1 58//1 59//1
f 59//1 58//1 60//1
f 59//1 60//1 61//1
f 58//1 57//1 62//1
f 62//1 57//1 63//1
f 62//1 63//1 64//1
f 64//1 63//1 65//1
f 64//1 65//1 66//1
f 66//1 65//1 67//1
f 67//1 65//1 68//1
f 67//1 68//1 69//1
f 69//1 68//1 70//1
f 69//1 70//1 71//1
f 71//1 70//1 72//1
f 71//1 72//1 73//1
f 73//1 72//1 74//1
f 74//1 72//1 75//1
f 74//1 75//1 76//1
f 76//1 75//1 77//1
f 76//1 77//1 78//1
f 78//1 77//1 79//1
f 78//1 79//1 80//1
f 80//1 79//1 81//1
f 81//1 79//1 82//1
f 81//1 82//1 83//1
f 83//1 82//1 84//1
f 83//1 84//1 85//1
f 85//1 84//1 86//1
f 85//1 86//1 87//1
f 87//1 86//1 88//1
f 88//1 86//1 89//1
f 88//1 89//1 90//1
f 90//1 89//1 91//1
f 90//1 91//1 92//1
f 92//1 91//1 93//1
f 92//1 93//1 94//1
f 94//1 93//1 95//1
f 95//1 93//1 96//1
f 95//1 96//1 97//1
f 97//1 96//1 98//1
f 97//1 98//1 99//1
f 99//1 98//1 100//1
f 99//1 100//1 101//1
f 101//1 100//1 102//1
f 102//1 100//1 103//1
f 102//1 103//1 104//1
f 104//1 103//1 105//1
f 104//1 105//1 106//1
f 106//1 105//1 107//1
f 106//1 107//1 108//1
f 108//1 107//1 109//1
f 109//1 107//1 110//1
f 109//1 110//1 111//1
f 111//1 110//1 112//1
f 111//1 112//1 61//1
f 61//1 112//1 59//1
f 113//1 114//1 115//1
f 115//1 114//1 116//1
f 115//1 116//1 117//1
f 114//1 113//1 118//1
f 118//1 113//1 119//1
f 118//1 119//1 120//1
f 120//1 119//1 121//1
f 120//1 121//1 122//1
f 122//1 121//1 123//1
f 123//1 121//1 124//1
f 123//1 124//1 125//1
f 125//1 124//1 126//1
f 125//1 126//1 127//1
f 127//1 126//1 128//1
f 127//1 128//1 129//1
f 129//1 128//1 130//1
f 130//1 128//1 131//1
f 130//1 131//1 132//1
f 132//1 131//1 133//1
f 132//1 133//1 134//1
f 134//1 133//1 135//1
f 134//1 135//1 136//1
f 136//1 135//1 137//1
f 137//1 135//1 138//1
f 137//1 138//1 139//1
f 139//1 138//1 140//1
f 139//1 140//1 141//1
f 141//1 140//1 142//1
f 141//1 142//1 143//1
f 143//1 142//1 144//1
f 144//1 142//1 145//1
f 144//1 145//1 146//1
f 146//1 145//1 147//1
f 146//1 147//1 148//1
f 148//1 147//1 149//1
f 148//1 149//1 150//1
f 150//1 149//1 151//1
f 151//1 149//1 152//1
f 151//1 152//1 153//1
f 153//1 152//1 154//1
f 153//1 154//1 155//1
f 155//1 154//1 156//1
f 155//1 156//1 157//1
f 157//1 156//1 158//1
f 158//1 156//1 159//1
f 158//1 159//1 160//1
f 160//1 159//1 161//1
f 160//1 161//1 162//1
f 162//1 161//1 163//1
f 162//1 163//1 164//1
f 164//1 163//1 165//1
f 165//1 163//1 166//1
f 165//1 166//1 167//1
f 167//1 166//1 168//1
f 167//1 168//1 117//1
f 117//1 168//1 115//1
f 169//1 170//1 171//1
f 171//1 170//1 172//1
f 171//1 172//1 173//1
f 170//1 169//1 174//1
f 174//1 169//1 175//1
f 174//1 175//1 176//1
f 176//1 175//1 177//1
f 176//1 177//1 178//1
f 178//1 177//1 179//1
f 179//1 177//1 180//1
f 179//1 180//1 181//1
f 181//1 180//1 182//1
f 181//1 182//1 183//1
f 183//1 182//1 184//1
f 183//1 184//1 185//1
f 185//1 184//1 186//1
f 186//1 184//1 187//1
f 186//1 187//1 188//1
f 188//1 187//1 189//1
f 188//1 189//1 190//1
f 190//1 189//1 191//1
f 190//1 191//1 192//1
f 192//1 191//1 193//1
f 193//1 191//1 194//1
f 193//1 194//1 195//1
f 195//1 194//1 196//1
f 195//1 196//1 197//1
f 197//1 196//1 198//1
f 197//1 198//1 199//1
f 199//1 198//1 200//1
f 200//1 198//1 201//1
f 200//1 201//1 202//1
f 202//1 201//1 203//1
f 202//1 203//1 204//1
f 204//1 203//1 205//1
f 204//1 205//1 206//1
f 206//1 205//1 207//1
f 207//1 205//1 208//1
f 207//1 208//1 209//1
f 209//1 208//1 210//1
f 209//1 210//1 211//1
f 211//1 210//1 212//1
f 211//1 212//1 213//1
f 213//1 212//1 214//1
f 214//1 212//1 215//1
f 214//1 215//1 216//1
f 216//1 215//1 217//1
f 216//1 217//1 218//1
f 218//1 217//1 219//1
f 218//1 219//1 220//1
f 220//1 219//1 221//1
f 221//1 219//1 222//1
f 221//1 222//1 223//1
f 223//1 222//1 224//1
f 223//1 224//1 173//1
f 173//1 224//1 171//1
f 56//1 225//1 3//1
f 3//1 225//1 226//1
f 3//1 226//1 1//1
f 1//1 226//1 227//1
f 1//1 227//1 7//1
f 7//1 227//1 194//1
f 7//1 194//1 191//1
f 225//1 56//1 228//1
f 228//1 56//1 54//1
f 228//1 54//1 229//1
f 229//1 54//1 51//1
f 229//1 51//1 230//1
f 230//1 51//1 49//1
f 230//1 49//1 47//1
f 230//1 47//1 231//1
f 231//1 47//1 44//1
f 231//1 44//1 42//1
f 231//1 42//1 232//1
f 232//1 42//1 40//1
f 232//1 40//1 37//1
f 232//1 37//1 233//1
f 233//1 37//1 35//1
f 233//1 35//1 234//1
f 234//1 35//1 33//1
f 234//1 33//1 235//1
f 235//1 33//1 30//1
f 235//1 30//1 236//1
f 236//1 30//1 28//1
f 236//1 28//1 237//1
f 237//1 28//1 26//1
f 237//1 26//1 63//1
f 63//1 26//1 65//1
f 65//1 26//1 23//1
f 65//1 23//1 68//1
f 68//1 23//1 21//1
f 68//1 21//1 70//1
f 70//1 21//1 19//1
f 70//1 19//1 72//1
f 72//1 19//1 16//1
f 72//1 16//1 128//1
f 128//1 16//1 184//1
f 128//1 184//1 131//1
f 131//1 184//1 182//1
f 131//1 182//1 133//1
f 133//1 182//1 180//1
f 133//1 180//1 135//1
f 135//1 180//1 177//1
f 135//1 177//1 138//1
f 138//1 177//1 175//1
f 138//1 175//1 238//1
f 238//1 175//1 239//1
f 239//1 175//1 169//1
f 239//1 169//1 240//1
f 240//1 169//1 171//1
f 240//1 171//1 241//1
f 241//1 171//1 224//1
f 241//1 224//1 242//1
f 242//1 224//1 222//1
f 242//1 222//1 243//1
f 243//1 222//1 219//1
f 243//1 219//1 244//1
f 244//1 219//1 217//1
f 244//1 217//1 215//1
f 16//1 14//1 184//1
f 184//1 14//1 187//1
f 187//1 14//1 12//1
f 187//1 12//1 189//1
f 189//1 12//1 9//1
f 189//1 9//1 191//1
f 191//1 9//1 7//1
f 112//1 245//1 59//1
f 59//1 245//1 246//1
f 59//1 246//1 57//1
f 57//1 246//1 247//1
f 57//1 247//1 63//1
f 63//1 247//1 237//1
f 245//1 112//1 248//1
f 248//1 112//1 110//1
f 248//1 110//1 249//1
f 249//1 110//1 107//1
f 249//1 107//1 250//1
f 250//1 107//1 105//1
f 250//1 105//1 103//1
f 250//1 103//1 251//1
f 251//1 103//1 100//1
f 251//1 100//1 98//1
f 251//1 98//1 252//1
f 252//1 98//1 96//1
f 252//1 96//1 93//1
f 252//1 93//1 253//1
f 253//1 93//1 91//1
f 253//1 91//1 254//1
f 254//1 91//1 89//1
f 254//1 89//1 255//1
f 255//1 89//1 86//1
f 255//1 86//1 256//1
f 256//1 86//1 84//1
f 256//1 84//1 257//1
f 257//1 84//1 82//1
f 257//1 82//1 258//1
f 258//1 82//1 119//1
f 258//1 119//1 113//1
f 82//1 79//1 119//1
f 119//1 79//1 121//1
f 121//1 79//1 77//1
f 121//1 77//1 124//1
f 124//1 77//1 75//1
f 124//1 75//1 126//1
f 126//1 75//1 72//1
f 126//1 72//1 128//1
f 168//1 259//1 115//1
f 115//1 259//1 260//1
f 115//1 260//1 113//1
f 113//1 260//1 258//1
f 259//1 168//1 261//1
f 261//1 168//1 166//1
f 261//1 166//1 262//1
f 262//1 166//1 163//1
f 262//1 163//1 263//1
f 263//1 163//1 161//1
f 263//1 161//1 159//1
f 263//1 159//1 264//1
f 264//1 159//1 156//1
f 264//1 156//1 154//1
f 264//1 154//1 265//1
f 265//1 154//1 152//1
f 265//1 152//1 149//1
f 265//1 149//1 266//1
f 266//1 149//1 147//1
f 266//1 147//1 267//1
f 267//1 147//1 145//1
f 267//1 145//1 268//1
f 268//1 145//1 142//1
f 268//1 142//1 269//1
f 269//1 142//1 140//1
f 269//1 140//1 238//1
f 238//1 140//1 138//1
f 244//1 215//1 270//1
f 270//1 215//1 212//1
f 270//1 212//1 210//1
f 270//1 210//1 271//1
f 271//1 210//1 208//1
f 271//1 208//1 205//1
f 271//1 205//1 272//1
f 272//1 205//1 203//1
f 272//1 203//1 273//1
f 273//1 203//1 201//1
f 273//1 201//1 274//1
f 274//1 201//1 198//1
f 274//1 198//1 275//1
f 275//1 198//1 196//1
f 275//1 196//1 276//1
f 276//1 196//1 194//1
f 276//1 194//1 227//1
f 277//1 278//1 279//1
f 279//1 278//1 280//1
f 279//1 280//1 281//1
f 279//1 281//1 282//1
f 282//1 281//1 283//1
f 282//1 283//1 284//1
f 284//1 283//1 285//1
f 284//1 285//1 286//1
f 286//1 287//1 284//1
f 284//1 287//1 288//1
f 284//1 288//1 289//1
f 289//1 290//1 284//1
f 284//1 290//1 291//1
f 284//1 291//1 292//1
f 292//1 293//1 284//1
f 284//1 293//1 294//1
f 294//1 293//1 295//1
f 294//1 295//1 296//1
f 296//1 297//1 294//1
f 294//1 297//1 298//1
f 294//1 298//1 299//1
f 299//1 300//1 294//1
f 294//1 300//1 301//1
f 294//1 301//1 302//1
f 302//1 301//1 303//1
f 302//1 303//1 304//1
f 294//1 302//1 305//1
f 305//1 302//1 306//1
f 305//1 306//1 307//1
f 307//1 306//1 308//1
f 307//1 308//1 309//1
f 309//1 308//1 310//1
f 309//1 310//1 311//1
f 311//1 310//1 312//1
f 311//1 312//1 313//1
f 313//1 312//1 314//1
f 313//1 314//1 315//1
f 315//1 314//1 316//1
f 315//1 316//1 317//1
f 317//1 316//1 318//1
f 317//1 318//1 319//1
f 319//1 318//1 320//1
f 319//1 320//1 321//1
f 321//1 320//1 322//1
f 321//1 322//1 323//1
f 323//1 322//1 324//1
f 323//1 324//1 325//1
f 325//1 324//1 326//1
f 325//1 326//1 327//1
f 327//1 326//1 328//1
f 327//1 328//1 329//1
f 329//1 328//1 330//1
f 329//1 330//1 331//1
f 331//1 330//1 332//1
f 331//1 332//1 333//1
f 333//1 332//1 334//1
f 333//1 334//1 335//1
f 335//1 334//1 336//1
f 335//1 336//1 337//1
f 337//1 336//1 338//1
f 337//1 338//1 339//1
f 339//1 338//1 340//1
f 339//1 340//1 341//1
f 341//1 340//1 342//1
f 341//1 342//1 343//1
f 343//1 342//1 344//1
f 343//1 344//1 345//1
f 345//1 344//1 346//1
f 345//1 346//1 347//1
f 347//1 346//1 348//1
f 347//1 348//1 349//1
f 349//1 348//1 350//1
f 349//1 350//1 351//1
f 351//1 350//1 352//1
f 351//1 352//1 353//1
f 353//1 352//1 354//1
f 353//1 354//1 355//1
f 355//1 354//1 356//1
f 355//1 356//1 357//1
f 357//1 356//1 358//1
f 357//1 358//1 359//1
f 359//1 358//1 360//1
f 359//1 360//1 361//1
f 361//1 360//1 362//1
f 361//1 362//1 363//1
f 363//1 362//1 364//1
f 363//1 364//1 365//1
f 365//1 364//1 366//1
f 365//1 366//1 367//1
f 367//1 366//1 368//1
f 367//1 368//1 369//1
f 369//1 368//1 370//1
f 369//1 370//1 371//1
f 371//1 370//1 372//1
f 371//1 372//1 373//1
f 373//1 372//1 374//1
f 373//1 374//1 375//1
f 375//1 374//1 376//1
f 375//1 376//1 377//1
f 377//1 376//1 378//1
f 377//1 378//1 379//1
f 379//1 378//1 380//1
f 379//1 380//1 381//1
f 381//1 380//1 382//1
f 381//1 382//1 383//1
f 383//1 382//1 384//1
f 383//1 384//1 385//1
f 385//1 384//1 386//1
f 385//1 386//1 387//1
f 387//1 386//1 388//1
f 387//1 388//1 389//1
f 389//1 388//1 390//1
f 389//1 390//1 391//1
f 391//1 390//1 392//1
f 391//1 392//1 393//1
f 393//1 392//1 394//1
f 393//1 394//1 395//1
f 395//1 394//1 396//1
f 395//1 396//1 397//1
f 397//1 396//1 398//1
f 397//1 398//1 399//1
f 399//1 398//1 400//1
f 399//1 400//1 401//1
f 401//1 400//1 402//1
f 401//1 402//1 403//1
f 403//1 402//1 404//1
f 403//1 404//1 405//1
f 405//1 404//1 406//1
f 405//1 406//1 407//1
f 407//1 406//1 408//1
f 407//1 408//1 409//1
f 409//1 408//1 410//1
f 409//1 410//1 411//1
f 411//1 410//1 412//1
f 411//1 412//1 413//1
f 413//1 412//1 414//1
f 413//1 414//1 415//1
f 415//1 414//1 416//1
f 415//1 416//1 417//1
f 417//1 416//1 418//1
f 417//1 418//1 419//1
f 419//1 418//1 420//1
f 419//1 420//1 421//1
f 421//1 420//1 422//1
f 421//1 422//1 423//1
f 423//1 422//1 424//1
f 423//1 424//1 425//1
f 425//1 424//1 426//1
f 425//1 426//1 427//1
f 427//1 426//1 428//1
f 427//1 428//1 429//1
f 429//1 428//1 430//1
f 429//1 430//1 431//1
f 431//1 430//1 432//1
f 431//1 432//1 433//1
f 433//1 432//1 434//1
f 433//1 434//1 435//1
f 435//1 434//1 436//1
f 435//1 436//1 437//1
f 437//1 436//1 438//1
f 437//1 438//1 439//1
f 439//1 438//1 440//1
f 439//1 440//1 441//1
f 441//1 440//1 442//1
f 441//1 442//1 443//1
f 443//1 442//1 444//1
f 443//1 444//1 445//1
f 445//1 444//1 446//1
f 445//1 446//1 447//1
f 447//1 446//1 448//1
f 447//1 448//1 449//1
f 449//1 448//1 450//1
f 449//1 450//1 451//1
f 451//1 450//1 452//1
f 451//1 452//1 453//1
f 453//1 452//1 454//1
f 453//1 454//1 455//1
f 455//1 454//1 456//1
f 455//1 456//1 457//1
f 457//1 456//1 458//1
f 457//1 458//1 459//1
f 459//1 458//1 460//1
f 459//1 460//1 461//1
f 461//1 460//1 462//1
f 461//1 462//1 463//1
f 463//1 462//1 464//1
f 463//1 464//1 465//1
f 465//1 464//1 466//1
f 465//1 466//1 467//1
f 467//1 466//1 468//1
f 467//1 468//1 469//1
f 469//1 468//1 470//1
f 469//1 470//1 471//1
f 471//1 470//1 472//1
f 471//1 472//1 473//1
f 473//1 472//1 474//1
f 473//1 474//1 475//1
f 475//1 474//1 476//1
f 475//1 476//1 477//1
f 477//1 476//1 478//1
f 477//1 478//1 479//1
f 479//1 478//1 480//1
f 479//1 480//1 481//1
f 481//1 480//1 482//1
f 481//1 482//1 483//1
f 483//1 482//1 484//1
f 483//1 484//1 485//1
f 485//1 484//1 486//1
f 485//1 486//1 487//1
f 487//1 486//1 488//1
f 487//1 488//1 489//1
f 489//1 488//1 490//1
f 489//1 490//1 491//1
f 491//1 490//1 279//1
f 491//1 279//1 282//1
f 32//1 492//1 31//1
f 31//1 492//1 493//1
f 31//1 493//1 29//1
f 29//1 493//1 27//1
f 27//1 493//1 494//1
f 27//1 494//1 495//1
f 495//1 494//1 496//1
f 495//1 496//1 497//1
f 497//1 496//1 498//1
f 492//1 32//1 499//1
f 499//1 32//1 34//1
f 499//1 34//1 36//1
f 36//1 38//1 499//1
f 499//1 38//1 500//1
f 499//1 500//1 501//1
f 501//1 500//1 502//1
f 501//1 502//1 503//1
f 503//1 502//1 504//1
f 503//1 504//1 505//1
f 505//1 504//1 506//1
f 505//1 506//1 507//1
f 507//1 506//1 508//1
f 507//1 508//1 509//1
f 509//1 508//1 510//1
f 509//1 510//1 511//1
f 511//1 510//1 512//1
f 511//1 512//1 513//1
f 513//1 512//1 514//1
f 513//1 514//1 515//1
f 515//1 514//1 516//1
f 515//1 516//1 517//1
f 517//1 516//1 518//1
f 517//1 518//1 519//1
f 519//1 518//1 520//1
f 519//1 520//1 521//1
f 521//1 520//1 522//1
f 521//1 522//1 523//1
f 523//1 522//1 524//1
f 523//1 524//1 525//1
f 525//1 524//1 526//1
f 525//1 526//1 527//1
f 527//1 526//1 528//1
f 527//1 528//1 529//1
f 529//1 528//1 530//1
f 529//1 530//1 531//1
f 531//1 530//1 532//1
f 531//1 532//1 533//1
f 533//1 532//1 534//1
f 533//1 534//1 535//1
f 535//1 534//1 536//1
f 535//1 536//1 537//1
f 537//1 536//1 538//1
f 537//1 538//1 539//1
f 539//1 538//1 540//1
f 539//1 540//1 541//1
f 541//1 540//1 542//1
f 541//1 542//1 543//1
f 543//1 542//1 544//1
f 543//1 544//1 545//1
f 545//1 544//1 546//1
f 545//1 546//1 547//1
f 547//1 546//1 548//1
f 547//1 548//1 549//1
f 549//1 548//1 550//1
f 549//1 550//1 279//1
f 279//1 550//1 277//1
f 277//1 550//1 551//1
f 277//1 551//1 552//1
f 552//1 551//1 553//1
f 553//1 551//1 554//1
f 554//1 551//1 555//1
f 555//1 551//1 556//1
f 556//1 551//1 557//1
f 557//1 551//1 558//1
f 558//1 551//1 559//1
f 559//1 551//1 560//1
f 559//1 560//1 561//1
f 561//1 560//1 562//1
f 562//1 560//1 563//1
f 563//1 560//1 564//1
f 563//1 564//1 304//1
f 304//1 564//1 302//1
f 302//1 564//1 565//1
f 302//1 565//1 306//1
f 306//1 565//1 566//1
f 306//1 566//1 567//1
f 567//1 566//1 568//1
f 567//1 568//1 569//1
f 569//1 568//1 570//1
f 569//1 570//1 571//1
f 571//1 570//1 572//1
f 571//1 572//1 573//1
f 573//1 572//1 574//1
f 573//1 574//1 575//1
f 575//1 574//1 576//1
f 575//1 576//1 577//1
f 577//1 576//1 578//1
f 577//1 578//1 579//1
f 579//1 578//1 580//1
f 579//1 580//1 581//1
f 581//1 580//1 582//1
f 581//1 582//1 583//1
f 583//1 582//1 584//1
f 583//1 584//1 585//1
f 585//1 584//1 586//1
f 585//1 586//1 587//1
f 587//1 586//1 588//1
f 587//1 588//1 589//1
f 589//1 588//1 590//1
f 589//1 590//1 591//1
f 591//1 590//1 592//1
f 591//1 592//1 593//1
f 593//1 592//1 594//1
f 593//1 594//1 595//1
f 595//1 594//1 596//1
f 595//1 596//1 597//1
f 597//1 596//1 598//1
f 597//1 598//1 599//1
f 599//1 598//1 600//1
f 599//1 600//1 601//1
f 601//1 600//1 602//1
f 601//1 602//1 603//1
f 603//1 602//1 604//1
f 603//1 604//1 605//1
f 605//1 604//1 606//1
f 605//1 606//1 607//1
f 607//1 606//1 608//1
f 607//1 608//1 609//1
f 609//1 608//1 610//1
f 609//1 610//1 611//1
f 611//1 610//1 612//1
f 611//1 612//1 613//1
f 613//1 612//1 614//1
f 613//1 614//1 615//1
f 615//1 614//1 616//1
f 615//1 616//1 617//1
f 617//1 616//1 618//1
f 617//1 618//1 619//1
f 619//1 618//1 620//1
f 619//1 620//1 621//1
f 621//1 620//1 622//1
f 621//1 622//1 623//1
f 623//1 622//1 624//1
f 623//1 624//1 625//1
f 625//1 624//1 626//1
f 625//1 626//1 627//1
f 627//1 626//1 628//1
f 627//1 628//1 629//1
f 629//1 628//1 630//1
f 629//1 630//1 631//1
f 631//1 630//1 632//1
f 631//1 632//1 633//1
f 633//1 632//1 634//1
f 633//1 634//1 635//1
f 635//1 634//1 636//1
f 635//1 636//1 637//1
f 637//1 636//1 638//1
f 637//1 638//1 639//1
f 639//1 638//1 640//1
f 639//1 640//1 641//1
f 641//1 640//1 642//1
f 641//1 642//1 643//1
f 643//1 642//1 644//1
f 643//1 644//1 645//1
f 645//1 644//1 646//1
f 645//1 646//1 647//1
f 647//1 646//1 648//1
f 647//1 648//1 649//1
f 649//1 648//1 650//1
f 649//1 650//1 651//1
f 651//1 650//1 652//1
f 651//1 652//1 653//1
f 653//1 652//1 654//1
f 653//1 654//1 655//1
f 655//1 654//1 656//1
f 655//1 656//1 657//1
f 657//1 656//1 658//1
f 657//1 658//1 659//1
f 659//1 658//1 660//1
f 659//1 660//1 661//1
f 661//1 660//1 662//1
f 661//1 662//1 663//1
f 663//1 662//1 664//1
f 663//1 664//1 665//1
f 665//1 664//1 666//1
f 665//1 666//1 667//1
f 667//1 666//1 668//1
f 667//1 668//1 669//1
f 669//1 668//1 670//1
f 669//1 670//1 671//1
f 671//1 670//1 672//1
f 671//1 672//1 673//1
f 673//1 672//1 674//1
f 673//1 674//1 675//1
f 675//1 674//1 676//1
f 675//1 676//1 677//1
f 677//1 676//1 678//1
f 677//1 678//1 679//1
f 679//1 678//1 680//1
f 679//1 680//1 681//1
f 681//1 680//1 682//1
f 681//1 682//1 683//1
f 683//1 682//1 684//1
f 683//1 684//1 685//1
f 685//1 684//1 686//1
f 685//1 686//1 687//1
f 687//1 686//1 688//1
f 687//1 688//1 689//1
f 689//1 688//1 690//1
f 689//1 690//1 691//1
f 691//1 690//1 692//1
f 691//1 692//1 693//1
f 693//1 692//1 694//1
f 693//1 694//1 695//1
f 695//1 694//1 696//1
f 695//1 696//1 697//1
f 697//1 696//1 698//1
f 697//1 698//1 699//1
f 699//1 698//1 700//1
f 699//1 700//1 701//1
f 701//1 700//1 702//1
f 701//1 702//1 703//1
f 703//1 702//1 704//1
f 703//1 704//1 705//1
f 705//1 704//1 706//1
f 705//1 706//1 707//1
f 707//1 706//1 708//1
f 707//1 708//1 709//1
f 709//1 708//1 710//1
f 709//1 710//1 711//1
f 711//1 710//1 712//1
f 711//1 712//1 713//1
f 713//1 712//1 714//1
f 713//1 714//1 715//1
f 715//1 714//1 716//1
f 715//1 716//1 717//1
f 717//1 716//1 718//1
f 717//1 718//1 719//1
f 719//1 718//1 720//1
f 719//1 720//1 721//1
f 721//1 720//1 722//1
f 721//1 722//1 723//1
f 723//1 722//1 724//1
f 723//1 724//1 725//1
f 725//1 724//1 726//1
f 725//1 726//1 727//1
f 727//1 726//1 728//1
f 727//1 728//1 729//1
f 729//1 728//1 730//1
f 729//1 730//1 731//1
f 731//1 730//1 732//1
f 731//1 732//1 733//1
f 733//1 732//1 734//1
f 733//1 734//1 735//1
f 735//1 734//1 736//1
f 735//1 736//1 737//1
f 737//1 736//1 738//1
f 737//1 738//1 739//1
f 739//1 738//1 740//1
f 739//1 740//1 741//1
f 741//1 740//1 742//1
f 741//1 742//1 743//1
f 743//1 742//1 744//1
f 743//1 744//1 745//1
f 745//1 744//1 539//1
f 745//1 539//1 541//1
f 38//1 39//1 500//1
f 500//1 39//1 41//1
f 500//1 41//1 43//1
f 500//1 43//1 746//1
f 746//1 43//1 45//1
f 746//1 45//1 46//1
f 746//1 46//1 747//1
f 747//1 46//1 48//1
f 747//1 48//1 50//1
f 747//1 50//1 748//1
f 748//1 50//1 52//1
f 748//1 52//1 53//1
f 53//1 55//1 748//1
f 748//1 55//1 749//1
f 748//1 749//1 750//1
f 750//1 749//1 751//1
f 750//1 751//1 752//1
f 752//1 751//1 753//1
f 752//1 753//1 506//1
f 506//1 753//1 508//1
f 55//1 5//1 749//1
f 749//1 5//1 4//1
f 749//1 4//1 754//1
f 754//1 4//1 755//1
f 754//1 755//1 2//1
f 2//1 755//1 4//1
f 2//1 6//1 754//1
f 754//1 6//1 756//1
f 754//1 756//1 757//1
f 757//1 756//1 758//1
f 757//1 758//1 759//1
f 759//1 758//1 760//1
f 759//1 760//1 761//1
f 761//1 760//1 762//1
f 761//1 762//1 763//1
f 763//1 762//1 764//1
f 763//1 764//1 765//1
f 765//1 764//1 766//1
f 765//1 766//1 767//1
f 767//1 766//1 768//1
f 767//1 768//1 769//1
f 769//1 768//1 770//1
f 769//1 770//1 771//1
f 771//1 770//1 772//1
f 771//1 772//1 773//1
f 773//1 772//1 774//1
f 773//1 774//1 775//1
f 775//1 774//1 776//1
f 775//1 776//1 777//1
f 777//1 776//1 778//1
f 777//1 778//1 779//1
f 779//1 778//1 780//1
f 779//1 780//1 781//1
f 781//1 780//1 782//1
f 781//1 782//1 783//1
f 783//1 782//1 784//1
f 783//1 784//1 785//1
f 785//1 784//1 786//1
f 785//1 786//1 787//1
f 787//1 786//1 788//1
f 787//1 788//1 789//1
f 789//1 788//1 790//1
f 789//1 790//1 791//1
f 791//1 790//1 792//1
f 791//1 792//1 195//1
f 195//1 792//1 793//1
f 195//1 793//1 193//1
f 193//1 793//1 192//1
f 192//1 793//1 190//1
f 190//1 793//1 794//1
f 190//1 794//1 188//1
f 188//1 794//1 186//1
f 186//1 794//1 795//1
f 186//1 795//1 185//1
f 185//1 795//1 796//1
f 185//1 796//1 183//1
f 183//1 796//1 181//1
f 181//1 796//1 797//1
f 181//1 797//1 179//1
f 179//1 797//1 178//1
f 178//1 797//1 798//1
f 178//1 798//1 176//1
f 176//1 798//1 174//1
f 174//1 798//1 799//1
f 174//1 799//1 170//1
f 170//1 799//1 800//1
f 170//1 800//1 172//1
f 172//1 800//1 799//1
f 172//1 799//1 801//1
f 801//1 799//1 802//1
f 801//1 802//1 803//1
f 803//1 802//1 804//1
f 803//1 804//1 805//1
f 805//1 804//1 806//1
f 805//1 806//1 807//1
f 807//1 806//1 808//1
f 807//1 808//1 809//1
f 809//1 808//1 810//1
f 809//1 810//1 811//1
f 811//1 810//1 812//1
f 811//1 812//1 813//1
f 813//1 812//1 814//1
f 813//1 814//1 815//1
f 815//1 814//1 816//1
f 815//1 816//1 817//1
f 817//1 816//1 818//1
f 817//1 818//1 819//1
f 819//1 818//1 820//1
f 819//1 820//1 821//1
f 821//1 820//1 822//1
f 821//1 822//1 823//1
f 823//1 822//1 824//1
f 823//1 824//1 825//1
f 825//1 824//1 826//1
f 825//1 826//1 827//1
f 827//1 826//1 828//1
f 827//1 828//1 829//1
f 829//1 828//1 830//1
f 829//1 830//1 831//1
f 831//1 830//1 832//1
f 831//1 832//1 833//1
f 833//1 832//1 834//1
f 833//1 834//1 835//1
f 835//1 834//1 836//1
f 835//1 836//1 837//1
f 837//1 836//1 838//1
f 837//1 838//1 839//1
f 839//1 838//1 840//1
f 839//1 840//1 841//1
f 841//1 840//1 842//1
f 841//1 842//1 843//1
f 843//1 842//1 844//1
f 843//1 844//1 612//1
f 612//1 844//1 614//1
f 6//1 8//1 756//1
f 756//1 8//1 845//1
f 756//1 845//1 846//1
f 846//1 845//1 847//1
f 846//1 847//1 498//1
f 8//1 10//1 845//1
f 845//1 10//1 11//1
f 845//1 11//1 13//1
f 845//1 13//1 848//1
f 848//1 13//1 15//1
f 848//1 15//1 849//1
f 849//1 15//1 17//1
f 849//1 17//1 18//1
f 849//1 18//1 850//1
f 850//1 18//1 20//1
f 850//1 20//1 22//1
f 850//1 22//1 495//1
f 495//1 22//1 24//1
f 495//1 24//1 25//1
f 25//1 27//1 495//1
f 88//1 851//1 87//1
f 87//1 851//1 852//1
f 87//1 852//1 85//1
f 85//1 852//1 83//1
f 83//1 852//1 853//1
f 83//1 853//1 81//1
f 81//1 853//1 854//1
f 81//1 854//1 80//1
f 80//1 854//1 78//1
f 78//1 854//1 76//1
f 76//1 854//1 855//1
f 76//1 855//1 74//1
f 74//1 855//1 73//1
f 73//1 855//1 856//1
f 73//1 856//1 71//1
f 71//1 856//1 857//1
f 71//1 857//1 69//1
f 69//1 857//1 67//1
f 67//1 857//1 858//1
f 67//1 858//1 66//1
f 66//1 858//1 64//1
f 64//1 858//1 62//1
f 62//1 858//1 859//1
f 62//1 859//1 860//1
f 860//1 859//1 861//1
f 860//1 861//1 862//1
f 862//1 861//1 863//1
f 862//1 863//1 864//1
f 864//1 863//1 865//1
f 864//1 865//1 866//1
f 866//1 865//1 867//1
f 866//1 867//1 868//1
f 868//1 867//1 869//1
f 868//1 869//1 870//1
f 870//1 869//1 871//1
f 870//1 871//1 872//1
f 872//1 871//1 873//1
f 872//1 873//1 874//1
f 874//1 873//1 875//1
f 874//1 875//1 876//1
f 876//1 875//1 877//1
f 876//1 877//1 878//1
f 878//1 877//1 879//1
f 878//1 879//1 880//1
f 880//1 879//1 881//1
f 880//1 881//1 882//1
f 882//1 881//1 883//1
f 882//1 883//1 884//1
f 884//1 883//1 885//1
f 884//1 885//1 886//1
f 886//1 885//1 887//1
f 886//1 887//1 888//1
f 888//1 887//1 889//1
f 888//1 889//1 890//1
f 890//1 889//1 891//1
f 890//1 891//1 892//1
f 892//1 891//1 893//1
f 892//1 893//1 894//1
f 894//1 893//1 895//1
f 894//1 895//1 896//1
f 896//1 895//1 897//1
f 896//1 897//1 898//1
f 898//1 897//1 899//1
f 898//1 899//1 900//1
f 900//1 899//1 901//1
f 900//1 901//1 710//1
f 710//1 901//1 712//1
f 88//1 90//1 851//1
f 851//1 90//1 902//1
f 851//1 902//1 903//1
f 903//1 902//1 904//1
f 903//1 904//1 905//1
f 905//1 904//1 906//1
f 905//1 906//1 907//1
f 907//1 906//1 908//1
f 907//1 908//1 909//1
f 909//1 908//1 910//1
f 909//1 910//1 911//1
f 911//1 910//1 912//1
f 911//1 912//1 913//1
f 913//1 912//1 914//1
f 913//1 914//1 915//1
f 915//1 914//1 916//1
f 915//1 916//1 917//1
f 917//1 916//1 918//1
f 917//1 918//1 919//1
f 919//1 918//1 920//1
f 919//1 920//1 921//1
f 921//1 920//1 922//1
f 921//1 922//1 923//1
f 923//1 922//1 924//1
f 923//1 924//1 925//1
f 925//1 924//1 926//1
f 925//1 926//1 927//1
f 927//1 926//1 928//1
f 927//1 928//1 929//1
f 929//1 928//1 930//1
f 929//1 930//1 931//1
f 931//1 930//1 932//1
f 931//1 932//1 933//1
f 933//1 932//1 934//1
f 933//1 934//1 935//1
f 935//1 934//1 936//1
f 935//1 936//1 937//1
f 937//1 936//1 938//1
f 937//1 938//1 939//1
f 939//1 938//1 940//1
f 939//1 940//1 941//1
f 941//1 940//1 942//1
f 941//1 942//1 943//1
f 943//1 942//1 944//1
f 943//1 944//1 696//1
f 696//1 944//1 698//1
f 90//1 92//1 902//1
f 902//1 92//1 94//1
f 902//1 94//1 95//1
f 902//1 95//1 945//1
f 945//1 95//1 97//1
f 945//1 97//1 99//1
f 945//1 99//1 946//1
f 946//1 99//1 101//1
f 946//1 101//1 102//1
f 946//1 102//1 947//1
f 947//1 102//1 104//1
f 947//1 104//1 948//1
f 948//1 104//1 106//1
f 948//1 106//1 108//1
f 948//1 108//1 949//1
f 949//1 108//1 109//1
f 949//1 109//1 111//1
f 111//1 61//1 949//1
f 949//1 61//1 950//1
f 949//1 950//1 951//1
f 951//1 950//1 952//1
f 951//1 952//1 953//1
f 953//1 952//1 954//1
f 953//1 954//1 955//1
f 955//1 954//1 956//1
f 955//1 956//1 957//1
f 957//1 956//1 958//1
f 957//1 958//1 912//1
f 912//1 958//1 914//1
f 61//1 60//1 950//1
f 950//1 60//1 860//1
f 950//1 860//1 959//1
f 959//1 860//1 862//1
f 959//1 862//1 960//1
f 960//1 862//1 864//1
f 960//1 864//1 961//1
f 961//1 864//1 866//1
f 961//1 866//1 962//1
f 962//1 866//1 868//1
f 962//1 868//1 963//1
f 963//1 868//1 870//1
f 963//1 870//1 964//1
f 964//1 870//1 872//1
f 964//1 872//1 965//1
f 965//1 872//1 874//1
f 965//1 874//1 966//1
f 966//1 874//1 876//1
f 966//1 876//1 967//1
f 967//1 876//1 878//1
f 967//1 878//1 968//1
f 968//1 878//1 880//1
f 968//1 880//1 969//1
f 969//1 880//1 882//1
f 969//1 882//1 970//1
f 970//1 882//1 884//1
f 970//1 884//1 971//1
f 971//1 884//1 886//1
f 971//1 886//1 972//1
f 972//1 886//1 888//1
f 972//1 888//1 973//1
f 973//1 888//1 890//1
f 973//1 890//1 974//1
f 974//1 890//1 892//1
f 974//1 892//1 975//1
f 975//1 892//1 894//1
f 975//1 894//1 976//1
f 976//1 894//1 896//1
f 976//1 896//1 977//1
f 977//1 896//1 898//1
f 977//1 898//1 978//1
f 978//1 898//1 900//1
f 978//1 900//1 708//1
f 708//1 900//1 710//1
f 860//1 60//1 979//1
f 979//1 60//1 58//1
f 979//1 58//1 860//1
f 860//1 58//1 62//1
f 141//1 143//1 980//1
f 980//1 143//1 144//1
f 980//1 144//1 981//1
f 981//1 144//1 146//1
f 981//1 146//1 148//1
f 981//1 148//1 982//1
f 982//1 148//1 150//1
f 982//1 150//1 151//1
f 151//1 153//1 982//1
f 982//1 153//1 983//1
f 982//1 983//1 984//1
f 984//1 983//1 985//1
f 984//1 985//1 986//1
f 986//1 985//1 987//1
f 986//1 987//1 988//1
f 988//1 987//1 989//1
f 988//1 989//1 990//1
f 990//1 989//1 991//1
f 990//1 991//1 992//1
f 992//1 991//1 993//1
f 992//1 993//1 994//1
f 994//1 993//1 995//1
f 994//1 995//1 996//1
f 996//1 995//1 997//1
f 996//1 997//1 998//1
f 998//1 997//1 999//1
f 998//1 999//1 1000//1
f 1000//1 999//1 1001//1
f 1000//1 1001//1 1002//1
f 1002//1 1001//1 1003//1
f 1002//1 1003//1 1004//1
f 1004//1 1003//1 1005//1
f 1004//1 1005//1 1006//1
f 1006//1 1005//1 1007//1
f 1006//1 1007//1 1008//1
f 1008//1 1007//1 1009//1
f 1008//1 1009//1 1010//1
f 1010//1 1009//1 1011//1
f 1010//1 1011//1 1012//1
f 1012//1 1011//1 1013//1
f 1012//1 1013//1 1014//1
f 1014//1 1013//1 1015//1
f 1014//1 1015//1 1016//1
f 1016//1 1015//1 1017//1
f 1016//1 1017//1 1018//1
f 1018//1 1017//1 1019//1
f 1018//1 1019//1 1020//1
f 1020//1 1019//1 1021//1
f 1020//1 1021//1 1022//1
f 1022//1 1021//1 1023//1
f 1022//1 1023//1 1024//1
f 1024//1 1023//1 1025//1
f 1024//1 1025//1 652//1
f 652//1 1025//1 654//1
f 153//1 155//1 983//1
f 983//1 155//1 157//1
f 983//1 157//1 1026//1
f 1026//1 157//1 158//1
f 1026//1 158//1 160//1
f 1026//1 160//1 1027//1
f 1027//1 160//1 162//1
f 1027//1 162//1 164//1
f 164//1 165//1 1027//1
f 1027//1 165//1 1028//1
f 1027//1 1028//1 1029//1
f 1029//1 1028//1 1030//1
f 1029//1 1030//1 1031//1
f 1031//1 1030//1 1032//1
f 1031//1 1032//1 1033//1
f 1033//1 1032//1 1034//1
f 1033//1 1034//1 1035//1
f 1035//1 1034//1 1036//1
f 1035//1 1036//1 1037//1
f 1037//1 1036//1 1038//1
f 1037//1 1038//1 1039//1
f 1039//1 1038//1 1040//1
f 1039//1 1040//1 1041//1
f 1041//1 1040//1 1042//1
f 1041//1 1042//1 1043//1
f 1043//1 1042//1 1044//1
f 1043//1 1044//1 1045//1
f 1045//1 1044//1 1046//1
f 1045//1 1046//1 1047//1
f 1047//1 1046//1 1048//1
f 1047//1 1048//1 1049//1
f 1049//1 1048//1 1050//1
f 1049//1 1050//1 1051//1
f 1051//1 1050//1 1052//1
f 1051//1 1052//1 1053//1
f 1053//1 1052//1 1054//1
f 1053//1 1054//1 1055//1
f 1055//1 1054//1 1056//1
f 1055//1 1056//1 1057//1
f 1057//1 1056//1 1058//1
f 1057//1 1058//1 1059//1
f 1059//1 1058//1 1060//1
f 1059//1 1060//1 1061//1
f 1061//1 1060//1 1062//1
f 1061//1 1062//1 1063//1
f 1063//1 1062//1 1064//1
f 1063//1 1064//1 1065//1
f 1065//1 1064//1 1066//1
f 1065//1 1066//1 1067//1
f 1067//1 1066//1 1068//1
f 1067//1 1068//1 1069//1
f 1069//1 1068//1 1070//1
f 1069//1 1070//1 658//1
f 658//1 1070//1 1071//1
f 658//1 1071//1 1072//1
f 165//1 167//1 1028//1
f 1028//1 167//1 117//1
f 1028//1 117//1 1073//1
f 1073//1 117//1 116//1
f 1073//1 116//1 114//1
f 114//1 118//1 1073//1
f 1073//1 118//1 1074//1
f 1073//1 1074//1 1075//1
f 1075//1 1074//1 1076//1
f 1075//1 1076//1 1077//1
f 1077//1 1076//1 1078//1
f 1077//1 1078//1 1079//1
f 1079//1 1078//1 1080//1
f 1079//1 1080//1 1081//1
f 1081//1 1080//1 1082//1
f 1081//1 1082//1 1083//1
f 1083//1 1082//1 1084//1
f 1083//1 1084//1 1085//1
f 1085//1 1084//1 1086//1
f 1085//1 1086//1 1087//1
f 1087//1 1086//1 1088//1
f 1087//1 1088//1 1089//1
f 1089//1 1088//1 1090//1
f 1089//1 1090//1 1091//1
f 1091//1 1090//1 1092//1
f 1091//1 1092//1 1093//1
f 1093//1 1092//1 1094//1
f 1093//1 1094//1 1095//1
f 1095//1 1094//1 1096//1
f 1095//1 1096//1 1097//1
f 1097//1 1096//1 1098//1
f 1097//1 1098//1 1099//1
f 1099//1 1098//1 1100//1
f 1099//1 1100//1 1101//1
f 1101//1 1100//1 1102//1
f 1101//1 1102//1 1103//1
f 1103//1 1102//1 1104//1
f 1103//1 1104//1 1105//1
f 1105//1 1104//1 1106//1
f 1105//1 1106//1 1107//1
f 1107//1 1106//1 1108//1
f 1107//1 1108//1 1109//1
f 1109//1 1108//1 1110//1
f 1109//1 1110//1 852//1
f 852//1 1110//1 853//1
f 1074//1 118//1 1111//1
f 1111//1 118//1 120//1
f 1111//1 120//1 122//1
f 1111//1 122//1 1112//1
f 1112//1 122//1 123//1
f 1112//1 123//1 125//1
f 125//1 127//1 1112//1
f 1112//1 127//1 1113//1
f 1112//1 1113//1 1114//1
f 1114//1 1113//1 1115//1
f 1114//1 1115//1 498//1
f 127//1 129//1 1113//1
f 1113//1 129//1 1116//1
f 1113//1 1116//1 1115//1
f 1115//1 1116//1 1117//1
f 1115//1 1117//1 498//1
f 129//1 130//1 1116//1
f 1116//1 130//1 132//1
f 1116//1 132//1 1118//1
f 1118//1 132//1 134//1
f 1118//1 134//1 136//1
f 1118//1 136//1 1119//1
f 1119//1 136//1 137//1
f 1119//1 137//1 139//1
f 1119//1 139//1 980//1
f 980//1 139//1 141//1
f 200//1 1120//1 199//1
f 199//1 1120//1 1121//1
f 199//1 1121//1 791//1
f 791//1 1121//1 789//1
f 200//1 202//1 1120//1
f 1120//1 202//1 204//1
f 1120//1 204//1 1122//1
f 1122//1 204//1 206//1
f 1122//1 206//1 207//1
f 207//1 209//1 1122//1
f 1122//1 209//1 1123//1
f 1122//1 1123//1 1124//1
f 1124//1 1123//1 1125//1
f 1124//1 1125//1 1126//1
f 1126//1 1125//1 1127//1
f 1126//1 1127//1 1128//1
f 1128//1 1127//1 1129//1
f 1128//1 1129//1 1130//1
f 1130//1 1129//1 1131//1
f 1130//1 1131//1 1132//1
f 1132//1 1131//1 1133//1
f 1132//1 1133//1 1134//1
f 1134//1 1133//1 1135//1
f 1134//1 1135//1 1136//1
f 1136//1 1135//1 1137//1
f 1136//1 1137//1 1138//1
f 1138//1 1137//1 1139//1
f 1138//1 1139//1 1140//1
f 1140//1 1139//1 1141//1
f 1140//1 1141//1 1142//1
f 1142//1 1141//1 1143//1
f 1142//1 1143//1 1144//1
f 1144//1 1143//1 1145//1
f 1144//1 1145//1 1146//1
f 1146//1 1145//1 1147//1
f 1146//1 1147//1 1148//1
f 1148//1 1147//1 1149//1
f 1148//1 1149//1 1150//1
f 1150//1 1149//1 1151//1
f 1150//1 1151//1 1152//1
f 1152//1 1151//1 1153//1
f 1152//1 1153//1 1154//1
f 1154//1 1153//1 1155//1
f 1154//1 1155//1 1156//1
f 1156//1 1155//1 1157//1
f 1156//1 1157//1 1158//1
f 1158//1 1157//1 1159//1
f 1158//1 1159//1 1160//1
f 1160//1 1159//1 1161//1
f 1160//1 1161//1 1162//1
f 1162//1 1161//1 1163//1
f 1162//1 1163//1 1164//1
f 1164//1 1163//1 1165//1
f 1164//1 1165//1 1166//1
f 1166//1 1165//1 1167//1
f 1166//1 1167//1 1168//1
f 1168//1 1167//1 1169//1
f 1168//1 1169//1 606//1
f 606//1 1169//1 608//1
f 209//1 211//1 1123//1
f 1123//1 211//1 213//1
f 1123//1 213//1 214//1
f 1123//1 214//1 1170//1
f 1170//1 214//1 216//1
f 1170//1 216//1 1171//1
f 1171//1 216//1 218//1
f 1171//1 218//1 220//1
f 220//1 221//1 1171//1
f 1171//1 221//1 1172//1
f 1171//1 1172//1 1173//1
f 1173//1 1172//1 1174//1
f 1173//1 1174//1 1127//1
f 1127//1 1174//1 1129//1
f 221//1 223//1 1172//1
f 1172//1 223//1 173//1
f 1172//1 173//1 801//1
f 801//1 173//1 172//1
f 195//1 197//1 791//1
f 791//1 197//1 199//1
f 1175//1 1176//1 1177//1
f 1177//1 1176//1 1178//1
f 1177//1 1178//1 1179//1
f 1179//1 1178//1 1180//1
f 1179//1 1180//1 551//1
f 551//1 1180//1 1181//1
f 551//1 1181//1 560//1
f 560//1 1181//1 1182//1
f 560//1 1182//1 564//1
f 564//1 1182//1 565//1
f 1178//1 1183//1 1180//1
f 1180//1 1183//1 1184//1
f 1180//1 1184//1 1185//1
f 1185//1 1186//1 1180//1
f 1180//1 1186//1 1187//1
f 1180//1 1187//1 1188//1
f 1180//1 1188//1 1181//1
f 1181//1 1188//1 1189//1
f 1181//1 1189//1 1190//1
f 1190//1 1191//1 1181//1
f 1181//1 1191//1 1182//1
f 1192//1 1193//1 1191//1
f 1191//1 1193//1 1194//1
f 1191//1 1194//1 1182//1
f 1182//1 1194//1 1195//1
f 1182//1 1195//1 565//1
f 565//1 1195//1 1196//1
f 565//1 1196//1 566//1
f 566//1 1196//1 568//1
f 1192//1 1197//1 1193//1
f 1193//1 1197//1 1194//1
f 1197//1 1198//1 1194//1
f 1194//1 1198//1 1199//1
f 1194//1 1199//1 1200//1
f 1200//1 1199//1 1201//1
f 1200//1 1201//1 1202//1
f 1202//1 1203//1 1200//1
f 1200//1 1203//1 1204//1
f 1200//1 1204//1 1205//1
f 1205//1 1204//1 1206//1
f 1205//1 1206//1 1207//1
f 1207//1 1206//1 1208//1
f 1207//1 1208//1 1209//1
f 1209//1 1208//1 1210//1
f 1209//1 1210//1 1211//1
f 1211//1 1210//1 1212//1
f 1211//1 1212//1 1213//1
f 1213//1 1212//1 1214//1
f 1213//1 1214//1 1215//1
f 1215//1 1214//1 1216//1
f 1215//1 1216//1 1217//1
f 1217//1 1216//1 1218//1
f 1217//1 1218//1 1219//1
f 1219//1 1218//1 1220//1
f 1219//1 1220//1 1221//1
f 1221//1 1220//1 1222//1
f 1221//1 1222//1 1223//1
f 1223//1 1222//1 1224//1
f 1223//1 1224//1 1225//1
f 1225//1 1224//1 1226//1
f 1225//1 1226//1 1227//1
f 1227//1 1226//1 1228//1
f 1227//1 1228//1 1229//1
f 1229//1 1228//1 1230//1
f 1229//1 1230//1 1231//1
f 1231//1 1230//1 1232//1
f 1231//1 1232//1 1233//1
f 1233//1 1232//1 1234//1
f 1233//1 1234//1 1235//1
f 1235//1 1234//1 1236//1
f 1235//1 1236//1 1237//1
f 1237//1 1236//1 1238//1
f 1237//1 1238//1 1239//1
f 1239//1 1238//1 1240//1
f 1239//1 1240//1 1241//1
f 1241//1 1240//1 1242//1
f 1241//1 1242//1 1243//1
f 1243//1 1242//1 1244//1
f 1243//1 1244//1 757//1
f 757//1 1244//1 754//1
f 1203//1 1245//1 1204//1
f 1204//1 1245//1 1246//1
f 1204//1 1246//1 1247//1
f 1247//1 1248//1 1204//1
f 1204//1 1248//1 1249//1
f 1204//1 1249//1 1175//1
f 1250//1 1251//1 1252//1
f 1252//1 1251//1 1253//1
f 1252//1 1253//1 1254//1
f 1254//1 1253//1 1255//1
f 1254//1 1255//1 664//1
f 664//1 1255//1 666//1
f 1250//1 1256//1 1251//1
f 1251//1 1256//1 1257//1
f 1251//1 1257//1 1258//1
f 1251//1 1258//1 1259//1
f 1259//1 1258//1 1260//1
f 1259//1 1260//1 1261//1
f 1261//1 1262//1 1259//1
f 1259//1 1262//1 1263//1
f 1259//1 1263//1 1264//1
f 1264//1 1263//1 1265//1
f 1264//1 1265//1 1266//1
f 1264//1 1266//1 1070//1
f 1070//1 1266//1 1267//1
f 1070//1 1267//1 1268//1
f 1268//1 1269//1 1070//1
f 1070//1 1269//1 1270//1
f 1070//1 1270//1 1071//1
f 658//1 1072//1 660//1
f 660//1 1072//1 1271//1
f 660//1 1271//1 1272//1
f 1272//1 1273//1 660//1
f 660//1 1273//1 1274//1
f 660//1 1274//1 1275//1
f 660//1 1275//1 662//1
f 662//1 1275//1 1276//1
f 662//1 1276//1 1254//1
f 1254//1 1276//1 1277//1
f 1254//1 1277//1 1252//1
f 279//1 490//1 549//1
f 549//1 490//1 1278//1
f 549//1 1278//1 547//1
f 547//1 1278//1 1279//1
f 547//1 1279//1 545//1
f 545//1 1279//1 1280//1
f 545//1 1280//1 543//1
f 543//1 1280//1 1281//1
f 543//1 1281//1 541//1
f 541//1 1281//1 745//1
f 490//1 488//1 1278//1
f 1278//1 488//1 1282//1
f 1278//1 1282//1 1279//1
f 1279//1 1282//1 1283//1
f 1279//1 1283//1 1280//1
f 1280//1 1283//1 1284//1
f 1280//1 1284//1 1281//1
f 1281//1 1284//1 1285//1
f 1281//1 1285//1 745//1
f 745//1 1285//1 743//1
f 488//1 486//1 1282//1
f 1282//1 486//1 1286//1
f 1282//1 1286//1 1283//1
f 1283//1 1286//1 1287//1
f 1283//1 1287//1 1284//1
f 1284//1 1287//1 1288//1
f 1284//1 1288//1 1285//1
f 1285//1 1288//1 1289//1
f 1285//1 1289//1 743//1
f 743//1 1289//1 741//1
f 486//1 484//1 1286//1
f 1286//1 484//1 1290//1
f 1286//1 1290//1 1287//1
f 1287//1 1290//1 1291//1
f 1287//1 1291//1 1288//1
f 1288//1 1291//1 1292//1
f 1288//1 1292//1 1289//1
f 1289//1 1292//1 1293//1
f 1289//1 1293//1 741//1
f 741//1 1293//1 739//1
f 484//1 482//1 1290//1
f 1290//1 482//1 1294//1
f 1290//1 1294//1 1291//1
f 1291//1 1294//1 1295//1
f 1291//1 1295//1 1292//1
f 1292//1 1295//1 1296//1
f 1292//1 1296//1 1293//1
f 1293//1 1296//1 1297//1
f 1293//1 1297//1 739//1
f 739//1 1297//1 737//1
f 482//1 480//1 1294//1
f 1294//1 480//1 1298//1
f 1294//1 1298//1 1295//1
f 1295//1 1298//1 1299//1
f 1295//1 1299//1 1296//1
f 1296//1 1299//1 1300//1
f 1296//1 1300//1 1297//1
f 1297//1 1300//1 1301//1
f 1297//1 1301//1 737//1
f 737//1 1301//1 735//1
f 480//1 478//1 1298//1
f 1298//1 478//1 1302//1
f 1298//1 1302//1 1299//1
f 1299//1 1302//1 1303//1
f 1299//1 1303//1 1300//1
f 1300//1 1303//1 1304//1
f 1300//1 1304//1 1301//1
f 1301//1 1304//1 1305//1
f 1301//1 1305//1 735//1
f 735//1 1305//1 733//1
f 478//1 476//1 1302//1
f 1302//1 476//1 1306//1
f 1302//1 1306//1 1303//1
f 1303//1 1306//1 1307//1
f 1303//1 1307//1 1304//1
f 1304//1 1307//1 1308//1
f 1304//1 1308//1 1305//1
f 1305//1 1308//1 1309//1
f 1305//1 1309//1 733//1
f 733//1 1309//1 731//1
f 476//1 474//1 1306//1
f 1306//1 474//1 1310//1
f 1306//1 1310//1 1307//1
f 1307//1 1310//1 1311//1
f 1307//1 1311//1 1308//1
f 1308//1 1311//1 1312//1
f 1308//1 1312//1 1309//1
f 1309//1 1312//1 1313//1
f 1309//1 1313//1 731//1
f 731//1 1313//1 729//1
f 474//1 472//1 1310//1
f 1310//1 472//1 1314//1
f 1310//1 1314//1 1311//1
f 1311//1 1314//1 1315//1
f 1311//1 1315//1 1312//1
f 1312//1 1315//1 1316//1
f 1312//1 1316//1 1313//1
f 1313//1 1316//1 1317//1
f 1313//1 1317//1 729//1
f 729//1 1317//1 727//1
f 472//1 470//1 1314//1
f 1314//1 470//1 1318//1
f 1314//1 1318//1 1315//1
f 1315//1 1318//1 1319//1
f 1315//1 1319//1 1316//1
f 1316//1 1319//1 1320//1
f 1316//1 1320//1 1317//1
f 1317//1 1320//1 1321//1
f 1317//1 1321//1 727//1
f 727//1 1321//1 725//1
f 470//1 468//1 1318//1
f 1318//1 468//1 1322//1
f 1318//1 1322//1 1319//1
f 1319//1 1322//1 1323//1
f 1319//1 1323//1 1320//1
f 1320//1 1323//1 1324//1
f 1320//1 1324//1 1321//1
f 1321//1 1324//1 1325//1
f 1321//1 1325//1 725//1
f 725//1 1325//1 723//1
f 468//1 466//1 1322//1
f 1322//1 466//1 1326//1
f 1322//1 1326//1 1323//1
f 1323//1 1326//1 1327//1
f 1323//1 1327//1 1324//1
f 1324//1 1327//1 1328//1
f 1324//1 1328//1 1325//1
f 1325//1 1328//1 1329//1
f 1325//1 1329//1 723//1
f 723//1 1329//1 721//1
f 466//1 464//1 1326//1
f 1326//1 464//1 1330//1
f 1326//1 1330//1 1327//1
f 1327//1 1330//1 1331//1
f 1327//1 1331//1 1328//1
f 1328//1 1331//1 1332//1
f 1328//1 1332//1 1329//1
f 1329//1 1332//1 1333//1
f 1329//1 1333//1 721//1
f 721//1 1333//1 719//1
f 464//1 462//1 1330//1
f 1330//1 462//1 1334//1
f 1330//1 1334//1 1331//1
f 1331//1 1334//1 1335//1
f 1331//1 1335//1 1332//1
f 1332//1 1335//1 1336//1
f 1332//1 1336//1 1333//1
f 1333//1 1336//1 1337//1
f 1333//1 1337//1 719//1
f 719//1 1337//1 717//1
f 462//1 460//1 1334//1
f 1334//1 460//1 1338//1
f 1334//1 1338//1 1335//1
f 1335//1 1338//1 1339//1
f 1335//1 1339//1 1336//1
f 1336//1 1339//1 1340//1
f 1336//1 1340//1 1337//1
f 1337//1 1340//1 1341//1
f 1337//1 1341//1 717//1
f 717//1 1341//1 715//1
f 460//1 458//1 1338//1
f 1338//1 458//1 1342//1
f 1338//1 1342//1 1339//1
f 1339//1 1342//1 1343//1
f 1339//1 1343//1 1340//1
f 1340//1 1343//1 1344//1
f 1340//1 1344//1 1341//1
f 1341//1 1344//1 1345//1
f 1341//1 1345//1 715//1
f 715//1 1345//1 713//1
f 458//1 456//1 1342//1
f 1342//1 456//1 1346//1
f 1342//1 1346//1 1343//1
f 1343//1 1346//1 1347//1
f 1343//1 1347//1 1344//1
f 1344//1 1347//1 1348//1
f 1344//1 1348//1 1345//1
f 1345//1 1348//1 1349//1
f 1345//1 1349//1 713//1
f 713//1 1349//1 711//1
f 456//1 454//1 1346//1
f 1346//1 454//1 1350//1
f 1346//1 1350//1 1347//1
f 1347//1 1350//1 1351//1
f 1347//1 1351//1 1348//1
f 1348//1 1351//1 1352//1
f 1348//1 1352//1 1349//1
f 1349//1 1352//1 1353//1
f 1349//1 1353//1 711//1
f 711//1 1353//1 709//1
f 454//1 452//1 1350//1
f 1350//1 452//1 1351//1
f 1351//1 452//1 1352//1
f 1352//1 452//1 450//1
f 1352//1 450//1 1354//1
f 1354//1 450//1 448//1
f 1354//1 448//1 1355//1
f 1355//1 448//1 446//1
f 1355//1 446//1 1356//1
f 1356//1 446//1 444//1
f 1356//1 444//1 1357//1
f 1357//1 444//1 442//1
f 1357//1 442//1 1358//1
f 1358//1 442//1 440//1
f 1358//1 440//1 1359//1
f 1359//1 440//1 438//1
f 1359//1 438//1 1360//1
f 1360//1 438//1 436//1
f 1360//1 436//1 1361//1
f 1361//1 436//1 434//1
f 1361//1 434//1 1362//1
f 1362//1 434//1 432//1
f 1362//1 432//1 1363//1
f 1363//1 432//1 430//1
f 1363//1 430//1 1364//1
f 1364//1 430//1 428//1
f 1364//1 428//1 1365//1
f 1365//1 428//1 426//1
f 1365//1 426//1 1366//1
f 1366//1 426//1 424//1
f 1366//1 424//1 1367//1
f 1367//1 424//1 422//1
f 1367//1 422//1 1368//1
f 1368//1 422//1 420//1
f 1368//1 420//1 1369//1
f 1369//1 420//1 418//1
f 1369//1 418//1 1370//1
f 1370//1 418//1 416//1
f 1370//1 416//1 1371//1
f 1371//1 416//1 414//1
f 1371//1 414//1 1372//1
f 1372//1 414//1 412//1
f 1372//1 412//1 1373//1
f 1373//1 412//1 410//1
f 1373//1 410//1 1374//1
f 1374//1 410//1 408//1
f 1374//1 408//1 1375//1
f 1375//1 408//1 406//1
f 1375//1 406//1 1376//1
f 1376//1 406//1 404//1
f 1376//1 404//1 1377//1
f 1377//1 404//1 663//1
f 1377//1 663//1 665//1
f 404//1 402//1 663//1
f 663//1 402//1 661//1
f 402//1 400//1 661//1
f 661//1 400//1 659//1
f 400//1 398//1 659//1
f 659//1 398//1 657//1
f 398//1 396//1 657//1
f 657//1 396//1 655//1
f 396//1 394//1 655//1
f 655//1 394//1 653//1
f 394//1 392//1 653//1
f 653//1 392//1 651//1
f 392//1 390//1 651//1
f 651//1 390//1 649//1
f 390//1 388//1 649//1
f 649//1 388//1 647//1
f 388//1 386//1 647//1
f 647//1 386//1 645//1
f 386//1 384//1 645//1
f 645//1 384//1 643//1
f 384//1 382//1 643//1
f 643//1 382//1 641//1
f 382//1 380//1 641//1
f 641//1 380//1 639//1
f 380//1 378//1 639//1
f 639//1 378//1 637//1
f 378//1 376//1 637//1
f 637//1 376//1 635//1
f 376//1 374//1 635//1
f 635//1 374//1 633//1
f 374//1 372//1 633//1
f 633//1 372//1 631//1
f 372//1 370//1 631//1
f 631//1 370//1 629//1
f 370//1 368//1 629//1
f 629//1 368//1 627//1
f 368//1 366//1 627//1
f 627//1 366//1 625//1
f 366//1 364//1 625//1
f 625//1 364//1 623//1
f 364//1 362//1 623//1
f 623//1 362//1 621//1
f 362//1 360//1 621//1
f 621//1 360//1 619//1
f 360//1 358//1 619//1
f 619//1 358//1 617//1
f 358//1 356//1 617//1
f 617//1 356//1 615//1
f 356//1 354//1 615//1
f 615//1 354//1 613//1
f 354//1 352//1 613//1
f 613//1 352//1 611//1
f 352//1 350//1 611//1
f 611//1 350//1 609//1
f 350//1 348//1 609//1
f 609//1 348//1 607//1
f 348//1 346//1 607//1
f 607//1 346//1 605//1
f 346//1 344//1 605//1
f 605//1 344//1 603//1
f 344//1 342//1 603//1
f 603//1 342//1 601//1
f 342//1 340//1 601//1
f 601//1 340//1 599//1
f 340//1 338//1 599//1
f 599//1 338//1 597//1
f 338//1 336//1 597//1
f 597//1 336//1 595//1
f 336//1 334//1 595//1
f 595//1 334//1 593//1
f 334//1 332//1 593//1
f 593//1 332//1 591//1
f 332//1 330//1 591//1
f 591//1 330//1 589//1
f 330//1 328//1 589//1
f 589//1 328//1 587//1
f 328//1 326//1 587//1
f 587//1 326//1 585//1
f 326//1 324//1 585//1
f 585//1 324//1 583//1
f 324//1 322//1 583//1
f 583//1 322//1 581//1
f 322//1 320//1 581//1
f 581//1 320//1 579//1
f 320//1 318//1 579//1
f 579//1 318//1 577//1
f 318//1 316//1 577//1
f 577//1 316//1 575//1
f 316//1 314//1 575//1
f 575//1 314//1 573//1
f 314//1 312//1 573//1
f 573//1 312//1 571//1
f 312//1 310//1 571//1
f 571//1 310//1 569//1
f 310//1 308//1 569//1
f 569//1 308//1 567//1
f 308//1 306//1 567//1
f 1378//1 498//1 847//1
f 846//1 498//1 1379//1
f 1379//1 498//1 1380//1
f 1380//1 498//1 1381//1
f 1381//1 498//1 1382//1
f 1382//1 498//1 1383//1
f 1383//1 498//1 1384//1
f 1384//1 498//1 1385//1
f 1385//1 498//1 1386//1
f 1386//1 498//1 1387//1
f 1387//1 498//1 1388//1
f 1388//1 498//1 1389//1
f 1389//1 498//1 1390//1
f 1390//1 498//1 1391//1
f 1391//1 498//1 1392//1
f 1392//1 498//1 1393//1
f 1393//1 498//1 1394//1
f 1394//1 498//1 1395//1
f 1395//1 498//1 1396//1
f 1396//1 498//1 1397//1
f 1397//1 498//1 1398//1
f 1398//1 498//1 1399//1
f 1399//1 498//1 1400//1
f 1400//1 498//1 1401//1
f 1401//1 498//1 1402//1
f 1402//1 498//1 1403//1
f 1403//1 498//1 1404//1
f 1404//1 498//1 1405//1
f 1405//1 498//1 1406//1
f 1406//1 498//1 1407//1
f 1407//1 498//1 1408//1
f 1408//1 498//1 1409//1
f 1410//1 498//1 1411//1
f 1411//1 498//1 1412//1
f 1412//1 498//1 1413//1
f 1413//1 498//1 1414//1
f 1414//1 498//1 1415//1
f 1415//1 498//1 1416//1
f 1416//1 498//1 1417//1
f 1417//1 498//1 1418//1
f 1418//1 498//1 1419//1
f 1419//1 498//1 1420//1
f 1420//1 498//1 1421//1
f 1421//1 498//1 1422//1
f 1422//1 498//1 1117//1
f 1114//1 498//1 1423//1
f 1423//1 498//1 1424//1
f 1425//1 498//1 1426//1
f 1426//1 498//1 1427//1
f 1427//1 498//1 1428//1
f 1428//1 498//1 1429//1
f 1429//1 498//1 1430//1
f 1430//1 498//1 1431//1
f 1431//1 498//1 1432//1
f 1432//1 498//1 1433//1
f 1433//1 498//1 1434//1
f 1434//1 498//1 1435//1
f 1435//1 498//1 1436//1
f 1436//1 498//1 1437//1
f 1437//1 498//1 1438//1
f 1439//1 498//1 1440//1
f 1440//1 498//1 1441//1
f 1441//1 498//1 1442//1
f 1442//1 498//1 1443//1
f 1443//1 498//1 1444//1
f 1444//1 498//1 1445//1
f 1445//1 498//1 1446//1
f 1446//1 498//1 1447//1
f 1447//1 498//1 1448//1
f 1449//1 498//1 1450//1
f 1450//1 498//1 1451//1
f 1451//1 498//1 1452//1
f 1452//1 498//1 1453//1
f 1453//1 498//1 1454//1
f 1454//1 498//1 1455//1
f 1455//1 498//1 1456//1
f 1456//1 498//1 1457//1
f 1457//1 498//1 1458//1
f 1458//1 498//1 1459//1
f 1459//1 498//1 1460//1
f 1460//1 498//1 1461//1
f 1461//1 498//1 1462//1
f 1462//1 498//1 1463//1
f 1463//1 498//1 1464//1
f 1464//1 498//1 1465//1
f 1465//1 498//1 496//1
f 497//1 498//1 1466//1
f 1466//1 498//1 1378//1
f 500//1 746//1 502//1
f 502//1 746//1 1467//1
f 502//1 1467//1 504//1
f 504//1 1467//1 752//1
f 504//1 752//1 506//1
f 503//1 1468//1 1469//1
f 1469//1 1468//1 1470//1
f 1469//1 1470//1 1471//1
f 1471//1 1470//1 1472//1
f 1471//1 1472//1 1473//1
f 1473//1 1472//1 1474//1
f 1473//1 1474//1 1475//1
f 1475//1 1474//1 1476//1
f 1475//1 1476//1 1477//1
f 1477//1 1476//1 1478//1
f 1477//1 1478//1 1479//1
f 1479//1 1478//1 1480//1
f 1479//1 1480//1 1481//1
f 1481//1 1480//1 1482//1
f 1481//1 1482//1 1483//1
f 1483//1 1482//1 1484//1
f 1483//1 1484//1 1485//1
f 1485//1 1484//1 1486//1
f 1485//1 1486//1 1487//1
f 1487//1 1486//1 1488//1
f 1487//1 1488//1 1489//1
f 1489//1 1488//1 1490//1
f 1489//1 1490//1 1491//1
f 1491//1 1490//1 1492//1
f 1491//1 1492//1 1493//1
f 1493//1 1492//1 1494//1
f 1493//1 1494//1 1495//1
f 1495//1 1494//1 1496//1
f 1495//1 1496//1 1497//1
f 1497//1 1496//1 1498//1
f 1497//1 1498//1 1499//1
f 1499//1 1498//1 869//1
f 1499//1 869//1 867//1
f 1468//1 1500//1 1470//1
f 1470//1 1500//1 1501//1
f 1470//1 1501//1 1472//1
f 1472//1 1501//1 1502//1
f 1472//1 1502//1 1474//1
f 1474//1 1502//1 1503//1
f 1474//1 1503//1 1476//1
f 1476//1 1503//1 1504//1
f 1476//1 1504//1 1478//1
f 1478//1 1504//1 1505//1
f 1478//1 1505//1 1480//1
f 1480//1 1505//1 1506//1
f 1480//1 1506//1 1482//1
f 1482//1 1506//1 1507//1
f 1482//1 1507//1 1484//1
f 1484//1 1507//1 1508//1
f 1484//1 1508//1 1486//1
f 1486//1 1508//1 1509//1
f 1486//1 1509//1 1488//1
f 1488//1 1509//1 1510//1
f 1488//1 1510//1 1490//1
f 1490//1 1510//1 1511//1
f 1490//1 1511//1 1492//1
f 1492//1 1511//1 1512//1
f 1492//1 1512//1 1494//1
f 1494//1 1512//1 1513//1
f 1494//1 1513//1 1496//1
f 1496//1 1513//1 1514//1
f 1496//1 1514//1 1498//1
f 1498//1 1514//1 871//1
f 1498//1 871//1 869//1
f 503//1 505//1 1468//1
f 1468//1 505//1 1515//1
f 1468//1 1515//1 1500//1
f 1500//1 1515//1 1516//1
f 1500//1 1516//1 1517//1
f 1517//1 1516//1 1518//1
f 1517//1 1518//1 1519//1
f 1519//1 1518//1 1520//1
f 1519//1 1520//1 1521//1
f 1521//1 1520//1 1522//1
f 1521//1 1522//1 1523//1
f 1523//1 1522//1 1524//1
f 1523//1 1524//1 1525//1
f 1525//1 1524//1 1526//1
f 1525//1 1526//1 1527//1
f 1527//1 1526//1 1528//1
f 1527//1 1528//1 1529//1
f 1529//1 1528//1 1530//1
f 1529//1 1530//1 1531//1
f 1531//1 1530//1 1532//1
f 1531//1 1532//1 1533//1
f 1533//1 1532//1 1534//1
f 1533//1 1534//1 1535//1
f 1535//1 1534//1 1536//1
f 1535//1 1536//1 1537//1
f 1537//1 1536//1 1538//1
f 1537//1 1538//1 1539//1
f 1539//1 1538//1 1540//1
f 1539//1 1540//1 1541//1
f 1541//1 1540//1 1542//1
f 1541//1 1542//1 1543//1
f 1543//1 1542//1 1544//1
f 1543//1 1544//1 901//1
f 901//1 1544//1 712//1
f 1500//1 1517//1 1501//1
f 1501//1 1517//1 1545//1
f 1501//1 1545//1 1502//1
f 1502//1 1545//1 1546//1
f 1502//1 1546//1 1503//1
f 1503//1 1546//1 1547//1
f 1503//1 1547//1 1504//1
f 1504//1 1547//1 1548//1
f 1504//1 1548//1 1505//1
f 1505//1 1548//1 1549//1
f 1505//1 1549//1 1506//1
f 1506//1 1549//1 1550//1
f 1506//1 1550//1 1507//1
f 1507//1 1550//1 1551//1
f 1507//1 1551//1 1508//1
f 1508//1 1551//1 1552//1
f 1508//1 1552//1 1509//1
f 1509//1 1552//1 1553//1
f 1509//1 1553//1 1510//1
f 1510//1 1553//1 1554//1
f 1510//1 1554//1 1511//1
f 1511//1 1554//1 1555//1
f 1511//1 1555//1 1512//1
f 1512//1 1555//1 1556//1
f 1512//1 1556//1 1513//1
f 1513//1 1556//1 1557//1
f 1513//1 1557//1 1514//1
f 1514//1 1557//1 873//1
f 1514//1 873//1 871//1
f 1517//1 1519//1 1545//1
f 1545//1 1519//1 1558//1
f 1545//1 1558//1 1546//1
f 1546//1 1558//1 1559//1
f 1546//1 1559//1 1547//1
f 1547//1 1559//1 1560//1
f 1547//1 1560//1 1548//1
f 1548//1 1560//1 1561//1
f 1548//1 1561//1 1549//1
f 1549//1 1561//1 1562//1
f 1549//1 1562//1 1550//1
f 1550//1 1562//1 1563//1
f 1550//1 1563//1 1551//1
f 1551//1 1563//1 1564//1
f 1551//1 1564//1 1552//1
f 1552//1 1564//1 1565//1
f 1552//1 1565//1 1553//1
f 1553//1 1565//1 1566//1
f 1553//1 1566//1 1554//1
f 1554//1 1566//1 1567//1
f 1554//1 1567//1 1555//1
f 1555//1 1567//1 1568//1
f 1555//1 1568//1 1556//1
f 1556//1 1568//1 1569//1
f 1556//1 1569//1 1557//1
f 1557//1 1569//1 875//1
f 1557//1 875//1 873//1
f 1519//1 1521//1 1558//1
f 1558//1 1521//1 1570//1
f 1558//1 1570//1 1559//1
f 1559//1 1570//1 1571//1
f 1559//1 1571//1 1560//1
f 1560//1 1571//1 1572//1
f 1560//1 1572//1 1561//1
f 1561//1 1572//1 1573//1
f 1561//1 1573//1 1562//1
f 1562//1 1573//1 1574//1
f 1562//1 1574//1 1563//1
f 1563//1 1574//1 1575//1
f 1563//1 1575//1 1564//1
f 1564//1 1575//1 1576//1
f 1564//1 1576//1 1565//1
f 1565//1 1576//1 1577//1
f 1565//1 1577//1 1566//1
f 1566//1 1577//1 1578//1
f 1566//1 1578//1 1567//1
f 1567//1 1578//1 1579//1
f 1567//1 1579//1 1568//1
f 1568//1 1579//1 1580//1
f 1568//1 1580//1 1569//1
f 1569//1 1580//1 877//1
f 1569//1 877//1 875//1
f 1521//1 1523//1 1570//1
f 1570//1 1523//1 1581//1
f 1570//1 1581//1 1571//1
f 1571//1 1581//1 1582//1
f 1571//1 1582//1 1572//1
f 1572//1 1582//1 1583//1
f 1572//1 1583//1 1573//1
f 1573//1 1583//1 1584//1
f 1573//1 1584//1 1574//1
f 1574//1 1584//1 1585//1
f 1574//1 1585//1 1575//1
f 1575//1 1585//1 1586//1
f 1575//1 1586//1 1576//1
f 1576//1 1586//1 1587//1
f 1576//1 1587//1 1577//1
f 1577//1 1587//1 1588//1
f 1577//1 1588//1 1578//1
f 1578//1 1588//1 1589//1
f 1578//1 1589//1 1579//1
f 1579//1 1589//1 1590//1
f 1579//1 1590//1 1580//1
f 1580//1 1590//1 879//1
f 1580//1 879//1 877//1
f 1523//1 1525//1 1581//1
f 1581//1 1525//1 1591//1
f 1581//1 1591//1 1582//1
f 1582//1 1591//1 1592//1
f 1582//1 1592//1 1583//1
f 1583//1 1592//1 1593//1
f 1583//1 1593//1 1584//1
f 1584//1 1593//1 1594//1
f 1584//1 1594//1 1585//1
f 1585//1 1594//1 1595//1
f 1585//1 1595//1 1586//1
f 1586//1 1595//1 1596//1
f 1586//1 1596//1 1587//1
f 1587//1 1596//1 1597//1
f 1587//1 1597//1 1588//1
f 1588//1 1597//1 1598//1
f 1588//1 1598//1 1589//1
f 1589//1 1598//1 1599//1
f 1589//1 1599//1 1590//1
f 1590//1 1599//1 881//1
f 1590//1 881//1 879//1
f 1525//1 1527//1 1591//1
f 1591//1 1527//1 1600//1
f 1591//1 1600//1 1592//1
f 1592//1 1600//1 1601//1
f 1592//1 1601//1 1593//1
f 1593//1 1601//1 1602//1
f 1593//1 1602//1 1594//1
f 1594//1 1602//1 1603//1
f 1594//1 1603//1 1595//1
f 1595//1 1603//1 1604//1
f 1595//1 1604//1 1596//1
f 1596//1 1604//1 1605//1
f 1596//1 1605//1 1597//1
f 1597//1 1605//1 1606//1
f 1597//1 1606//1 1598//1
f 1598//1 1606//1 1607//1
f 1598//1 1607//1 1599//1
f 1599//1 1607//1 883//1
f 1599//1 883//1 881//1
f 1527//1 1529//1 1600//1
f 1600//1 1529//1 1608//1
f 1600//1 1608//1 1601//1
f 1601//1 1608//1 1609//1
f 1601//1 1609//1 1602//1
f 1602//1 1609//1 1610//1
f 1602//1 1610//1 1603//1
f 1603//1 1610//1 1611//1
f 1603//1 1611//1 1604//1
f 1604//1 1611//1 1612//1
f 1604//1 1612//1 1605//1
f 1605//1 1612//1 1613//1
f 1605//1 1613//1 1606//1
f 1606//1 1613//1 1614//1
f 1606//1 1614//1 1607//1
f 1607//1 1614//1 885//1
f 1607//1 885//1 883//1
f 1529//1 1531//1 1608//1
f 1608//1 1531//1 1615//1
f 1608//1 1615//1 1609//1
f 1609//1 1615//1 1616//1
f 1609//1 1616//1 1610//1
f 1610//1 1616//1 1617//1
f 1610//1 1617//1 1611//1
f 1611//1 1617//1 1618//1
f 1611//1 1618//1 1612//1
f 1612//1 1618//1 1619//1
f 1612//1 1619//1 1613//1
f 1613//1 1619//1 1620//1
f 1613//1 1620//1 1614//1
f 1614//1 1620//1 887//1
f 1614//1 887//1 885//1
f 1531//1 1533//1 1615//1
f 1615//1 1533//1 1621//1
f 1615//1 1621//1 1616//1
f 1616//1 1621//1 1622//1
f 1616//1 1622//1 1617//1
f 1617//1 1622//1 1623//1
f 1617//1 1623//1 1618//1
f 1618//1 1623//1 1624//1
f 1618//1 1624//1 1619//1
f 1619//1 1624//1 1625//1
f 1619//1 1625//1 1620//1
f 1620//1 1625//1 889//1
f 1620//1 889//1 887//1
f 1533//1 1535//1 1621//1
f 1621//1 1535//1 1626//1
f 1621//1 1626//1 1622//1
f 1622//1 1626//1 1627//1
f 1622//1 1627//1 1623//1
f 1623//1 1627//1 1628//1
f 1623//1 1628//1 1624//1
f 1624//1 1628//1 1629//1
f 1624//1 1629//1 1625//1
f 1625//1 1629//1 891//1
f 1625//1 891//1 889//1
f 1535//1 1537//1 1626//1
f 1626//1 1537//1 1630//1
f 1626//1 1630//1 1627//1
f 1627//1 1630//1 1631//1
f 1627//1 1631//1 1628//1
f 1628//1 1631//1 1632//1
f 1628//1 1632//1 1629//1
f 1629//1 1632//1 893//1
f 1629//1 893//1 891//1
f 1537//1 1539//1 1630//1
f 1630//1 1539//1 1633//1
f 1630//1 1633//1 1631//1
f 1631//1 1633//1 1634//1
f 1631//1 1634//1 1632//1
f 1632//1 1634//1 895//1
f 1632//1 895//1 893//1
f 1539//1 1541//1 1633//1
f 1633//1 1541//1 1635//1
f 1633//1 1635//1 1634//1
f 1634//1 1635//1 897//1
f 1634//1 897//1 895//1
f 1541//1 1543//1 1635//1
f 1635//1 1543//1 899//1
f 1635//1 899//1 897//1
f 1543//1 901//1 899//1
f 709//1 1636//1 707//1
f 707//1 1636//1 1637//1
f 707//1 1637//1 705//1
f 705//1 1637//1 1638//1
f 705//1 1638//1 703//1
f 703//1 1638//1 1639//1
f 703//1 1639//1 701//1
f 701//1 1639//1 1640//1
f 701//1 1640//1 699//1
f 699//1 1640//1 1641//1
f 699//1 1641//1 697//1
f 697//1 1641//1 1642//1
f 697//1 1642//1 695//1
f 695//1 1642//1 1643//1
f 695//1 1643//1 693//1
f 693//1 1643//1 1644//1
f 693//1 1644//1 691//1
f 691//1 1644//1 1645//1
f 691//1 1645//1 689//1
f 689//1 1645//1 1646//1
f 689//1 1646//1 687//1
f 687//1 1646//1 1647//1
f 687//1 1647//1 685//1
f 685//1 1647//1 1648//1
f 685//1 1648//1 683//1
f 683//1 1648//1 1649//1
f 683//1 1649//1 681//1
f 681//1 1649//1 1650//1
f 681//1 1650//1 679//1
f 679//1 1650//1 1651//1
f 679//1 1651//1 677//1
f 677//1 1651//1 1652//1
f 677//1 1652//1 675//1
f 675//1 1652//1 1653//1
f 675//1 1653//1 673//1
f 673//1 1653//1 1654//1
f 673//1 1654//1 671//1
f 671//1 1654//1 1655//1
f 671//1 1655//1 669//1
f 669//1 1655//1 1656//1
f 669//1 1656//1 667//1
f 667//1 1656//1 1657//1
f 667//1 1657//1 665//1
f 665//1 1657//1 1377//1
f 1636//1 1355//1 1637//1
f 1637//1 1355//1 1356//1
f 1637//1 1356//1 1638//1
f 1638//1 1356//1 1357//1
f 1638//1 1357//1 1639//1
f 1639//1 1357//1 1358//1
f 1639//1 1358//1 1640//1
f 1640//1 1358//1 1359//1
f 1640//1 1359//1 1641//1
f 1641//1 1359//1 1360//1
f 1641//1 1360//1 1642//1
f 1642//1 1360//1 1361//1
f 1642//1 1361//1 1643//1
f 1643//1 1361//1 1362//1
f 1643//1 1362//1 1644//1
f 1644//1 1362//1 1363//1
f 1644//1 1363//1 1645//1
f 1645//1 1363//1 1364//1
f 1645//1 1364//1 1646//1
f 1646//1 1364//1 1365//1
f 1646//1 1365//1 1647//1
f 1647//1 1365//1 1366//1
f 1647//1 1366//1 1648//1
f 1648//1 1366//1 1367//1
f 1648//1 1367//1 1649//1
f 1649//1 1367//1 1368//1
f 1649//1 1368//1 1650//1
f 1650//1 1368//1 1369//1
f 1650//1 1369//1 1651//1
f 1651//1 1369//1 1370//1
f 1651//1 1370//1 1652//1
f 1652//1 1370//1 1371//1
f 1652//1 1371//1 1653//1
f 1653//1 1371//1 1372//1
f 1653//1 1372//1 1654//1
f 1654//1 1372//1 1373//1
f 1654//1 1373//1 1655//1
f 1655//1 1373//1 1374//1
f 1655//1 1374//1 1656//1
f 1656//1 1374//1 1375//1
f 1656//1 1375//1 1657//1
f 1657//1 1375//1 1376//1
f 1657//1 1376//1 1377//1
f 709//1 1353//1 1636//1
f 1636//1 1353//1 1354//1
f 1636//1 1354//1 1355//1
f 849//1 1378//1 848//1
f 848//1 1378//1 847//1
f 848//1 847//1 845//1
f 1378//1 849//1 1466//1
f 1466//1 849//1 850//1
f 1466//1 850//1 497//1
f 497//1 850//1 495//1
f 498//1 1658//1 1448//1
f 1448//1 1658//1 858//1
f 1448//1 858//1 857//1
f 498//1 1659//1 1424//1
f 1424//1 1659//1 1074//1
f 1424//1 1074//1 1111//1
f 704//1 1660//1 706//1
f 706//1 1660//1 978//1
f 706//1 978//1 708//1
f 978//1 1660//1 977//1
f 977//1 1660//1 1661//1
f 977//1 1661//1 976//1
f 976//1 1661//1 1662//1
f 976//1 1662//1 975//1
f 975//1 1662//1 1663//1
f 975//1 1663//1 974//1
f 974//1 1663//1 1664//1
f 974//1 1664//1 973//1
f 973//1 1664//1 1665//1
f 973//1 1665//1 972//1
f 972//1 1665//1 1666//1
f 972//1 1666//1 971//1
f 971//1 1666//1 1667//1
f 971//1 1667//1 970//1
f 970//1 1667//1 1668//1
f 970//1 1668//1 969//1
f 969//1 1668//1 1669//1
f 969//1 1669//1 968//1
f 968//1 1669//1 1670//1
f 968//1 1670//1 967//1
f 967//1 1670//1 1671//1
f 967//1 1671//1 966//1
f 966//1 1671//1 1672//1
f 966//1 1672//1 965//1
f 965//1 1672//1 1673//1
f 965//1 1673//1 964//1
f 964//1 1673//1 1674//1
f 964//1 1674//1 963//1
f 963//1 1674//1 1675//1
f 963//1 1675//1 962//1
f 962//1 1675//1 1676//1
f 962//1 1676//1 961//1
f 961//1 1676//1 1677//1
f 961//1 1677//1 960//1
f 960//1 1677//1 1678//1
f 960//1 1678//1 959//1
f 959//1 1678//1 952//1
f 959//1 952//1 950//1
f 1660//1 704//1 1679//1
f 1679//1 704//1 702//1
f 1679//1 702//1 1680//1
f 1680//1 702//1 700//1
f 1680//1 700//1 1681//1
f 1681//1 700//1 698//1
f 1681//1 698//1 944//1
f 1473//1 1682//1 1471//1
f 1471//1 1682//1 1683//1
f 1471//1 1683//1 1469//1
f 1469//1 1683//1 501//1
f 1469//1 501//1 503//1
f 1682//1 492//1 1683//1
f 1683//1 492//1 499//1
f 1683//1 499//1 501//1
f 1682//1 1473//1 1684//1
f 1684//1 1473//1 1475//1
f 1684//1 1475//1 1685//1
f 1685//1 1475//1 1477//1
f 1685//1 1477//1 1686//1
f 1686//1 1477//1 1479//1
f 1686//1 1479//1 1687//1
f 1687//1 1479//1 1481//1
f 1687//1 1481//1 1688//1
f 1688//1 1481//1 1483//1
f 1688//1 1483//1 1689//1
f 1689//1 1483//1 1485//1
f 1689//1 1485//1 1690//1
f 1690//1 1485//1 1487//1
f 1690//1 1487//1 1691//1
f 1691//1 1487//1 1489//1
f 1691//1 1489//1 1692//1
f 1692//1 1489//1 1491//1
f 1692//1 1491//1 1693//1
f 1693//1 1491//1 1493//1
f 1693//1 1493//1 1694//1
f 1694//1 1493//1 1495//1
f 1694//1 1495//1 1695//1
f 1695//1 1495//1 1497//1
f 1695//1 1497//1 1696//1
f 1696//1 1497//1 1499//1
f 1696//1 1499//1 1697//1
f 1697//1 1499//1 867//1
f 1697//1 867//1 865//1
f 492//1 1682//1 1698//1
f 1698//1 1682//1 1684//1
f 1698//1 1684//1 1699//1
f 1699//1 1684//1 1685//1
f 1699//1 1685//1 1700//1
f 1700//1 1685//1 1686//1
f 1700//1 1686//1 1701//1
f 1701//1 1686//1 1687//1
f 1701//1 1687//1 1702//1
f 1702//1 1687//1 1688//1
f 1702//1 1688//1 1703//1
f 1703//1 1688//1 1689//1
f 1703//1 1689//1 1704//1
f 1704//1 1689//1 1690//1
f 1704//1 1690//1 1705//1
f 1705//1 1690//1 1691//1
f 1705//1 1691//1 1706//1
f 1706//1 1691//1 1692//1
f 1706//1 1692//1 1707//1
f 1707//1 1692//1 1693//1
f 1707//1 1693//1 1708//1
f 1708//1 1693//1 1694//1
f 1708//1 1694//1 1709//1
f 1709//1 1694//1 1695//1
f 1709//1 1695//1 1710//1
f 1710//1 1695//1 1696//1
f 1710//1 1696//1 1711//1
f 1711//1 1696//1 1697//1
f 1711//1 1697//1 1712//1
f 1712//1 1697//1 865//1
f 1712//1 865//1 863//1
f 493//1 492//1 1713//1
f 1713//1 492//1 1698//1
f 1713//1 1698//1 1714//1
f 1714//1 1698//1 1699//1
f 1714//1 1699//1 1715//1
f 1715//1 1699//1 1700//1
f 1715//1 1700//1 1716//1
f 1716//1 1700//1 1701//1
f 1716//1 1701//1 1717//1
f 1717//1 1701//1 1702//1
f 1717//1 1702//1 1718//1
f 1718//1 1702//1 1703//1
f 1718//1 1703//1 1719//1
f 1719//1 1703//1 1704//1
f 1719//1 1704//1 1720//1
f 1720//1 1704//1 1705//1
f 1720//1 1705//1 1721//1
f 1721//1 1705//1 1706//1
f 1721//1 1706//1 1722//1
f 1722//1 1706//1 1707//1
f 1722//1 1707//1 1723//1
f 1723//1 1707//1 1708//1
f 1723//1 1708//1 1724//1
f 1724//1 1708//1 1709//1
f 1724//1 1709//1 1725//1
f 1725//1 1709//1 1710//1
f 1725//1 1710//1 1726//1
f 1726//1 1710//1 1711//1
f 1726//1 1711//1 1727//1
f 1727//1 1711//1 1712//1
f 1727//1 1712//1 1728//1
f 1728//1 1712//1 863//1
f 1728//1 863//1 861//1
f 1465//1 496//1 494//1
f 494//1 493//1 1729//1
f 1729//1 493//1 1713//1
f 1729//1 1713//1 1730//1
f 1730//1 1713//1 1714//1
f 1730//1 1714//1 1731//1
f 1731//1 1714//1 1715//1
f 1731//1 1715//1 1732//1
f 1732//1 1715//1 1716//1
f 1732//1 1716//1 1733//1
f 1733//1 1716//1 1717//1
f 1733//1 1717//1 1734//1
f 1734//1 1717//1 1718//1
f 1734//1 1718//1 1735//1
f 1735//1 1718//1 1719//1
f 1735//1 1719//1 1736//1
f 1736//1 1719//1 1720//1
f 1736//1 1720//1 1737//1
f 1737//1 1720//1 1721//1
f 1737//1 1721//1 1738//1
f 1738//1 1721//1 1722//1
f 1738//1 1722//1 1739//1
f 1739//1 1722//1 1723//1
f 1739//1 1723//1 1740//1
f 1740//1 1723//1 1724//1
f 1740//1 1724//1 1741//1
f 1741//1 1724//1 1725//1
f 1741//1 1725//1 1742//1
f 1742//1 1725//1 1726//1
f 1742//1 1726//1 1743//1
f 1743//1 1726//1 1727//1
f 1743//1 1727//1 1744//1
f 1744//1 1727//1 1728//1
f 1744//1 1728//1 1745//1
f 1745//1 1728//1 861//1
f 1745//1 861//1 859//1
f 746//1 747//1 1467//1
f 1467//1 747//1 750//1
f 1467//1 750//1 752//1
f 748//1 750//1 747//1
f 505//1 507//1 1515//1
f 1515//1 507//1 1746//1
f 1515//1 1746//1 1516//1
f 1516//1 1746//1 1747//1
f 1516//1 1747//1 1518//1
f 1518//1 1747//1 1748//1
f 1518//1 1748//1 1520//1
f 1520//1 1748//1 1749//1
f 1520//1 1749//1 1522//1
f 1522//1 1749//1 1750//1
f 1522//1 1750//1 1524//1
f 1524//1 1750//1 1751//1
f 1524//1 1751//1 1526//1
f 1526//1 1751//1 1752//1
f 1526//1 1752//1 1528//1
f 1528//1 1752//1 1753//1
f 1528//1 1753//1 1530//1
f 1530//1 1753//1 1754//1
f 1530//1 1754//1 1532//1
f 1532//1 1754//1 1755//1
f 1532//1 1755//1 1534//1
f 1534//1 1755//1 1756//1
f 1534//1 1756//1 1536//1
f 1536//1 1756//1 1757//1
f 1536//1 1757//1 1538//1
f 1538//1 1757//1 1758//1
f 1538//1 1758//1 1540//1
f 1540//1 1758//1 1759//1
f 1540//1 1759//1 1542//1
f 1542//1 1759//1 1760//1
f 1542//1 1760//1 1544//1
f 1544//1 1760//1 714//1
f 1544//1 714//1 712//1
f 1352//1 1354//1 1353//1
f 507//1 509//1 1746//1
f 1746//1 509//1 1761//1
f 1746//1 1761//1 1747//1
f 1747//1 1761//1 1762//1
f 1747//1 1762//1 1748//1
f 1748//1 1762//1 1763//1
f 1748//1 1763//1 1749//1
f 1749//1 1763//1 1764//1
f 1749//1 1764//1 1750//1
f 1750//1 1764//1 1765//1
f 1750//1 1765//1 1751//1
f 1751//1 1765//1 1766//1
f 1751//1 1766//1 1752//1
f 1752//1 1766//1 1767//1
f 1752//1 1767//1 1753//1
f 1753//1 1767//1 1768//1
f 1753//1 1768//1 1754//1
f 1754//1 1768//1 1769//1
f 1754//1 1769//1 1755//1
f 1755//1 1769//1 1770//1
f 1755//1 1770//1 1756//1
f 1756//1 1770//1 1771//1
f 1756//1 1771//1 1757//1
f 1757//1 1771//1 1772//1
f 1757//1 1772//1 1758//1
f 1758//1 1772//1 1773//1
f 1758//1 1773//1 1759//1
f 1759//1 1773//1 1774//1
f 1759//1 1774//1 1760//1
f 1760//1 1774//1 716//1
f 1760//1 716//1 714//1
f 751//1 749//1 1775//1
f 1775//1 749//1 754//1
f 1775//1 754//1 1244//1
f 753//1 751//1 1776//1
f 1776//1 751//1 1775//1
f 1776//1 1775//1 1777//1
f 1777//1 1775//1 1244//1
f 1777//1 1244//1 1242//1
f 508//1 753//1 1778//1
f 1778//1 753//1 1776//1
f 1778//1 1776//1 1779//1
f 1779//1 1776//1 1777//1
f 1779//1 1777//1 1780//1
f 1780//1 1777//1 1242//1
f 1780//1 1242//1 1240//1
f 509//1 511//1 1761//1
f 1761//1 511//1 1781//1
f 1761//1 1781//1 1762//1
f 1762//1 1781//1 1782//1
f 1762//1 1782//1 1763//1
f 1763//1 1782//1 1783//1
f 1763//1 1783//1 1764//1
f 1764//1 1783//1 1784//1
f 1764//1 1784//1 1765//1
f 1765//1 1784//1 1785//1
f 1765//1 1785//1 1766//1
f 1766//1 1785//1 1786//1
f 1766//1 1786//1 1767//1
f 1767//1 1786//1 1787//1
f 1767//1 1787//1 1768//1
f 1768//1 1787//1 1788//1
f 1768//1 1788//1 1769//1
f 1769//1 1788//1 1789//1
f 1769//1 1789//1 1770//1
f 1770//1 1789//1 1790//1
f 1770//1 1790//1 1771//1
f 1771//1 1790//1 1791//1
f 1771//1 1791//1 1772//1
f 1772//1 1791//1 1792//1
f 1772//1 1792//1 1773//1
f 1773//1 1792//1 1793//1
f 1773//1 1793//1 1774//1
f 1774//1 1793//1 718//1
f 1774//1 718//1 716//1
f 758//1 756//1 1379//1
f 1379//1 756//1 846//1
f 758//1 1379//1 1380//1
f 508//1 1778//1 510//1
f 510//1 1778//1 1794//1
f 510//1 1794//1 512//1
f 512//1 1794//1 1795//1
f 512//1 1795//1 514//1
f 514//1 1795//1 1796//1
f 514//1 1796//1 516//1
f 516//1 1796//1 1797//1
f 516//1 1797//1 518//1
f 518//1 1797//1 1798//1
f 518//1 1798//1 520//1
f 520//1 1798//1 1799//1
f 520//1 1799//1 522//1
f 522//1 1799//1 1800//1
f 522//1 1800//1 524//1
f 524//1 1800//1 1801//1
f 524//1 1801//1 526//1
f 526//1 1801//1 1802//1
f 526//1 1802//1 528//1
f 528//1 1802//1 1803//1
f 528//1 1803//1 530//1
f 530//1 1803//1 1804//1
f 530//1 1804//1 532//1
f 532//1 1804//1 1805//1
f 532//1 1805//1 534//1
f 534//1 1805//1 1806//1
f 534//1 1806//1 536//1
f 536//1 1806//1 1807//1
f 536//1 1807//1 538//1
f 538//1 1807//1 1808//1
f 538//1 1808//1 540//1
f 540//1 1808//1 1809//1
f 540//1 1809//1 542//1
f 542//1 1809//1 1810//1
f 542//1 1810//1 544//1
f 544//1 1810//1 1811//1
f 544//1 1811//1 546//1
f 546//1 1811//1 1812//1
f 546//1 1812//1 548//1
f 548//1 1812//1 1179//1
f 548//1 1179//1 550//1
f 550//1 1179//1 551//1
f 1794//1 1778//1 1779//1
f 511//1 513//1 1781//1
f 1781//1 513//1 1813//1
f 1781//1 1813//1 1782//1
f 1782//1 1813//1 1814//1
f 1782//1 1814//1 1783//1
f 1783//1 1814//1 1815//1
f 1783//1 1815//1 1784//1
f 1784//1 1815//1 1816//1
f 1784//1 1816//1 1785//1
f 1785//1 1816//1 1817//1
f 1785//1 1817//1 1786//1
f 1786//1 1817//1 1818//1
f 1786//1 1818//1 1787//1
f 1787//1 1818//1 1819//1
f 1787//1 1819//1 1788//1
f 1788//1 1819//1 1820//1
f 1788//1 1820//1 1789//1
f 1789//1 1820//1 1821//1
f 1789//1 1821//1 1790//1
f 1790//1 1821//1 1822//1
f 1790//1 1822//1 1791//1
f 1791//1 1822//1 1823//1
f 1791//1 1823//1 1792//1
f 1792//1 1823//1 1824//1
f 1792//1 1824//1 1793//1
f 1793//1 1824//1 720//1
f 1793//1 720//1 718//1
f 654//1 1825//1 656//1
f 656//1 1825//1 1069//1
f 656//1 1069//1 658//1
f 1069//1 1825//1 1067//1
f 1067//1 1825//1 1826//1
f 1067//1 1826//1 1065//1
f 1065//1 1826//1 1827//1
f 1065//1 1827//1 1063//1
f 1063//1 1827//1 1828//1
f 1063//1 1828//1 1061//1
f 1061//1 1828//1 1829//1
f 1061//1 1829//1 1059//1
f 1059//1 1829//1 1830//1
f 1059//1 1830//1 1057//1
f 1057//1 1830//1 1831//1
f 1057//1 1831//1 1055//1
f 1055//1 1831//1 1832//1
f 1055//1 1832//1 1053//1
f 1053//1 1832//1 1833//1
f 1053//1 1833//1 1051//1
f 1051//1 1833//1 1834//1
f 1051//1 1834//1 1049//1
f 1049//1 1834//1 1835//1
f 1049//1 1835//1 1047//1
f 1047//1 1835//1 1836//1
f 1047//1 1836//1 1045//1
f 1045//1 1836//1 1837//1
f 1045//1 1837//1 1043//1
f 1043//1 1837//1 1838//1
f 1043//1 1838//1 1041//1
f 1041//1 1838//1 1839//1
f 1041//1 1839//1 1039//1
f 1039//1 1839//1 1840//1
f 1039//1 1840//1 1037//1
f 1037//1 1840//1 1841//1
f 1037//1 1841//1 1035//1
f 1035//1 1841//1 1842//1
f 1035//1 1842//1 1033//1
f 1033//1 1842//1 1843//1
f 1033//1 1843//1 1031//1
f 1031//1 1843//1 1844//1
f 1031//1 1844//1 1029//1
f 1029//1 1844//1 1845//1
f 1029//1 1845//1 1027//1
f 1027//1 1845//1 1026//1
f 1826//1 1825//1 1025//1
f 1025//1 1825//1 654//1
f 1066//1 1846//1 1847//1
f 1847//1 1846//1 1848//1
f 1847//1 1848//1 1849//1
f 1849//1 1848//1 1850//1
f 1849//1 1850//1 1851//1
f 1851//1 1850//1 1852//1
f 1851//1 1852//1 1853//1
f 1853//1 1852//1 1854//1
f 1853//1 1854//1 1855//1
f 1855//1 1854//1 1856//1
f 1855//1 1856//1 1857//1
f 1857//1 1856//1 1858//1
f 1857//1 1858//1 1859//1
f 1859//1 1858//1 1860//1
f 1859//1 1860//1 1861//1
f 1861//1 1860//1 1862//1
f 1861//1 1862//1 1863//1
f 1863//1 1862//1 1864//1
f 1863//1 1864//1 1865//1
f 1865//1 1864//1 1866//1
f 1865//1 1866//1 1867//1
f 1867//1 1866//1 1868//1
f 1867//1 1868//1 1869//1
f 1869//1 1868//1 1870//1
f 1869//1 1870//1 1871//1
f 1871//1 1870//1 1872//1
f 1871//1 1872//1 1873//1
f 1873//1 1872//1 1874//1
f 1873//1 1874//1 1875//1
f 1875//1 1874//1 1876//1
f 1875//1 1876//1 1877//1
f 1877//1 1876//1 1878//1
f 1877//1 1878//1 1879//1
f 1879//1 1878//1 1880//1
f 1879//1 1880//1 1881//1
f 1881//1 1880//1 937//1
f 1881//1 937//1 939//1
f 1846//1 1882//1 1848//1
f 1848//1 1882//1 1883//1
f 1848//1 1883//1 1850//1
f 1850//1 1883//1 1884//1
f 1850//1 1884//1 1852//1
f 1852//1 1884//1 1885//1
f 1852//1 1885//1 1854//1
f 1854//1 1885//1 1886//1
f 1854//1 1886//1 1856//1
f 1856//1 1886//1 1887//1
f 1856//1 1887//1 1858//1
f 1858//1 1887//1 1888//1
f 1858//1 1888//1 1860//1
f 1860//1 1888//1 1889//1
f 1860//1 1889//1 1862//1
f 1862//1 1889//1 1890//1
f 1862//1 1890//1 1864//1
f 1864//1 1890//1 1891//1
f 1864//1 1891//1 1866//1
f 1866//1 1891//1 1892//1
f 1866//1 1892//1 1868//1
f 1868//1 1892//1 1893//1
f 1868//1 1893//1 1870//1
f 1870//1 1893//1 1894//1
f 1870//1 1894//1 1872//1
f 1872//1 1894//1 1895//1
f 1872//1 1895//1 1874//1
f 1874//1 1895//1 1896//1
f 1874//1 1896//1 1876//1
f 1876//1 1896//1 1897//1
f 1876//1 1897//1 1878//1
f 1878//1 1897//1 1898//1
f 1878//1 1898//1 1880//1
f 1880//1 1898//1 935//1
f 1880//1 935//1 937//1
f 1066//1 1064//1 1846//1
f 1846//1 1064//1 1899//1
f 1846//1 1899//1 1882//1
f 1882//1 1899//1 1900//1
f 1882//1 1900//1 1901//1
f 1901//1 1900//1 1902//1
f 1901//1 1902//1 1903//1
f 1903//1 1902//1 1904//1
f 1903//1 1904//1 1905//1
f 1905//1 1904//1 1906//1
f 1905//1 1906//1 1907//1
f 1907//1 1906//1 1908//1
f 1907//1 1908//1 1909//1
f 1909//1 1908//1 1910//1
f 1909//1 1910//1 1911//1
f 1911//1 1910//1 1912//1
f 1911//1 1912//1 1913//1
f 1913//1 1912//1 1914//1
f 1913//1 1914//1 1915//1
f 1915//1 1914//1 1916//1
f 1915//1 1916//1 1917//1
f 1917//1 1916//1 1918//1
f 1917//1 1918//1 1919//1
f 1919//1 1918//1 1920//1
f 1919//1 1920//1 1921//1
f 1921//1 1920//1 1922//1
f 1921//1 1922//1 1923//1
f 1923//1 1922//1 1924//1
f 1923//1 1924//1 1925//1
f 1925//1 1924//1 1926//1
f 1925//1 1926//1 1927//1
f 1927//1 1926//1 1928//1
f 1927//1 1928//1 1929//1
f 1929//1 1928//1 1930//1
f 1929//1 1930//1 1931//1
f 1931//1 1930//1 1932//1
f 1931//1 1932//1 851//1
f 851//1 1932//1 1109//1
f 851//1 1109//1 852//1
f 1882//1 1901//1 1883//1
f 1883//1 1901//1 1933//1
f 1883//1 1933//1 1884//1
f 1884//1 1933//1 1934//1
f 1884//1 1934//1 1885//1
f 1885//1 1934//1 1935//1
f 1885//1 1935//1 1886//1
f 1886//1 1935//1 1936//1
f 1886//1 1936//1 1887//1
f 1887//1 1936//1 1937//1
f 1887//1 1937//1 1888//1
f 1888//1 1937//1 1938//1
f 1888//1 1938//1 1889//1
f 1889//1 1938//1 1939//1
f 1889//1 1939//1 1890//1
f 1890//1 1939//1 1940//1
f 1890//1 1940//1 1891//1
f 1891//1 1940//1 1941//1
f 1891//1 1941//1 1892//1
f 1892//1 1941//1 1942//1
f 1892//1 1942//1 1893//1
f 1893//1 1942//1 1943//1
f 1893//1 1943//1 1894//1
f 1894//1 1943//1 1944//1
f 1894//1 1944//1 1895//1
f 1895//1 1944//1 1945//1
f 1895//1 1945//1 1896//1
f 1896//1 1945//1 1946//1
f 1896//1 1946//1 1897//1
f 1897//1 1946//1 1947//1
f 1897//1 1947//1 1898//1
f 1898//1 1947//1 933//1
f 1898//1 933//1 935//1
f 1901//1 1903//1 1933//1
f 1933//1 1903//1 1948//1
f 1933//1 1948//1 1934//1
f 1934//1 1948//1 1949//1
f 1934//1 1949//1 1935//1
f 1935//1 1949//1 1950//1
f 1935//1 1950//1 1936//1
f 1936//1 1950//1 1951//1
f 1936//1 1951//1 1937//1
f 1937//1 1951//1 1952//1
f 1937//1 1952//1 1938//1
f 1938//1 1952//1 1953//1
f 1938//1 1953//1 1939//1
f 1939//1 1953//1 1954//1
f 1939//1 1954//1 1940//1
f 1940//1 1954//1 1955//1
f 1940//1 1955//1 1941//1
f 1941//1 1955//1 1956//1
f 1941//1 1956//1 1942//1
f 1942//1 1956//1 1957//1
f 1942//1 1957//1 1943//1
f 1943//1 1957//1 1958//1
f 1943//1 1958//1 1944//1
f 1944//1 1958//1 1959//1
f 1944//1 1959//1 1945//1
f 1945//1 1959//1 1960//1
f 1945//1 1960//1 1946//1
f 1946//1 1960//1 1961//1
f 1946//1 1961//1 1947//1
f 1947//1 1961//1 931//1
f 1947//1 931//1 933//1
f 1903//1 1905//1 1948//1
f 1948//1 1905//1 1962//1
f 1948//1 1962//1 1949//1
f 1949//1 1962//1 1963//1
f 1949//1 1963//1 1950//1
f 1950//1 1963//1 1964//1
f 1950//1 1964//1 1951//1
f 1951//1 1964//1 1965//1
f 1951//1 1965//1 1952//1
f 1952//1 1965//1 1966//1
f 1952//1 1966//1 1953//1
f 1953//1 1966//1 1967//1
f 1953//1 1967//1 1954//1
f 1954//1 1967//1 1968//1
f 1954//1 1968//1 1955//1
f 1955//1 1968//1 1969//1
f 1955//1 1969//1 1956//1
f 1956//1 1969//1 1970//1
f 1956//1 1970//1 1957//1
f 1957//1 1970//1 1971//1
f 1957//1 1971//1 1958//1
f 1958//1 1971//1 1972//1
f 1958//1 1972//1 1959//1
f 1959//1 1972//1 1973//1
f 1959//1 1973//1 1960//1
f 1960//1 1973//1 1974//1
f 1960//1 1974//1 1961//1
f 1961//1 1974//1 929//1
f 1961//1 929//1 931//1
f 1905//1 1907//1 1962//1
f 1962//1 1907//1 1975//1
f 1962//1 1975//1 1963//1
f 1963//1 1975//1 1976//1
f 1963//1 1976//1 1964//1
f 1964//1 1976//1 1977//1
f 1964//1 1977//1 1965//1
f 1965//1 1977//1 1978//1
f 1965//1 1978//1 1966//1
f 1966//1 1978//1 1979//1
f 1966//1 1979//1 1967//1
f 1967//1 1979//1 1980//1
f 1967//1 1980//1 1968//1
f 1968//1 1980//1 1981//1
f 1968//1 1981//1 1969//1
f 1969//1 1981//1 1982//1
f 1969//1 1982//1 1970//1
f 1970//1 1982//1 1983//1
f 1970//1 1983//1 1971//1
f 1971//1 1983//1 1984//1
f 1971//1 1984//1 1972//1
f 1972//1 1984//1 1985//1
f 1972//1 1985//1 1973//1
f 1973//1 1985//1 1986//1
f 1973//1 1986//1 1974//1
f 1974//1 1986//1 927//1
f 1974//1 927//1 929//1
f 1907//1 1909//1 1975//1
f 1975//1 1909//1 1987//1
f 1975//1 1987//1 1976//1
f 1976//1 1987//1 1988//1
f 1976//1 1988//1 1977//1
f 1977//1 1988//1 1989//1
f 1977//1 1989//1 1978//1
f 1978//1 1989//1 1990//1
f 1978//1 1990//1 1979//1
f 1979//1 1990//1 1991//1
f 1979//1 1991//1 1980//1
f 1980//1 1991//1 1992//1
f 1980//1 1992//1 1981//1
f 1981//1 1992//1 1993//1
f 1981//1 1993//1 1982//1
f 1982//1 1993//1 1994//1
f 1982//1 1994//1 1983//1
f 1983//1 1994//1 1995//1
f 1983//1 1995//1 1984//1
f 1984//1 1995//1 1996//1
f 1984//1 1996//1 1985//1
f 1985//1 1996//1 1997//1
f 1985//1 1997//1 1986//1
f 1986//1 1997//1 925//1
f 1986//1 925//1 927//1
f 1909//1 1911//1 1987//1
f 1987//1 1911//1 1998//1
f 1987//1 1998//1 1988//1
f 1988//1 1998//1 1999//1
f 1988//1 1999//1 1989//1
f 1989//1 1999//1 2000//1
f 1989//1 2000//1 1990//1
f 1990//1 2000//1 2001//1
f 1990//1 2001//1 1991//1
f 1991//1 2001//1 2002//1
f 1991//1 2002//1 1992//1
f 1992//1 2002//1 2003//1
f 1992//1 2003//1 1993//1
f 1993//1 2003//1 2004//1
f 1993//1 2004//1 1994//1
f 1994//1 2004//1 2005//1
f 1994//1 2005//1 1995//1
f 1995//1 2005//1 2006//1
f 1995//1 2006//1 1996//1
f 1996//1 2006//1 2007//1
f 1996//1 2007//1 1997//1
f 1997//1 2007//1 923//1
f 1997//1 923//1 925//1
f 1911//1 1913//1 1998//1
f 1998//1 1913//1 2008//1
f 1998//1 2008//1 1999//1
f 1999//1 2008//1 2009//1
f 1999//1 2009//1 2000//1
f 2000//1 2009//1 2010//1
f 2000//1 2010//1 2001//1
f 2001//1 2010//1 2011//1
f 2001//1 2011//1 2002//1
f 2002//1 2011//1 2012//1
f 2002//1 2012//1 2003//1
f 2003//1 2012//1 2013//1
f 2003//1 2013//1 2004//1
f 2004//1 2013//1 2014//1
f 2004//1 2014//1 2005//1
f 2005//1 2014//1 2015//1
f 2005//1 2015//1 2006//1
f 2006//1 2015//1 2016//1
f 2006//1 2016//1 2007//1
f 2007//1 2016//1 921//1
f 2007//1 921//1 923//1
f 1913//1 1915//1 2008//1
f 2008//1 1915//1 2017//1
f 2008//1 2017//1 2009//1
f 2009//1 2017//1 2018//1
f 2009//1 2018//1 2010//1
f 2010//1 2018//1 2019//1
f 2010//1 2019//1 2011//1
f 2011//1 2019//1 2020//1
f 2011//1 2020//1 2012//1
f 2012//1 2020//1 2021//1
f 2012//1 2021//1 2013//1
f 2013//1 2021//1 2022//1
f 2013//1 2022//1 2014//1
f 2014//1 2022//1 2023//1
f 2014//1 2023//1 2015//1
f 2015//1 2023//1 2024//1
f 2015//1 2024//1 2016//1
f 2016//1 2024//1 919//1
f 2016//1 919//1 921//1
f 1915//1 1917//1 2017//1
f 2017//1 1917//1 2025//1
f 2017//1 2025//1 2018//1
f 2018//1 2025//1 2026//1
f 2018//1 2026//1 2019//1
f 2019//1 2026//1 2027//1
f 2019//1 2027//1 2020//1
f 2020//1 2027//1 2028//1
f 2020//1 2028//1 2021//1
f 2021//1 2028//1 2029//1
f 2021//1 2029//1 2022//1
f 2022//1 2029//1 2030//1
f 2022//1 2030//1 2023//1
f 2023//1 2030//1 2031//1
f 2023//1 2031//1 2024//1
f 2024//1 2031//1 917//1
f 2024//1 917//1 919//1
f 1917//1 1919//1 2025//1
f 2025//1 1919//1 2032//1
f 2025//1 2032//1 2026//1
f 2026//1 2032//1 2033//1
f 2026//1 2033//1 2027//1
f 2027//1 2033//1 2034//1
f 2027//1 2034//1 2028//1
f 2028//1 2034//1 2035//1
f 2028//1 2035//1 2029//1
f 2029//1 2035//1 2036//1
f 2029//1 2036//1 2030//1
f 2030//1 2036//1 2037//1
f 2030//1 2037//1 2031//1
f 2031//1 2037//1 915//1
f 2031//1 915//1 917//1
f 1919//1 1921//1 2032//1
f 2032//1 1921//1 2038//1
f 2032//1 2038//1 2033//1
f 2033//1 2038//1 2039//1
f 2033//1 2039//1 2034//1
f 2034//1 2039//1 2040//1
f 2034//1 2040//1 2035//1
f 2035//1 2040//1 2041//1
f 2035//1 2041//1 2036//1
f 2036//1 2041//1 2042//1
f 2036//1 2042//1 2037//1
f 2037//1 2042//1 913//1
f 2037//1 913//1 915//1
f 1921//1 1923//1 2038//1
f 2038//1 1923//1 2043//1
f 2038//1 2043//1 2039//1
f 2039//1 2043//1 2044//1
f 2039//1 2044//1 2040//1
f 2040//1 2044//1 2045//1
f 2040//1 2045//1 2041//1
f 2041//1 2045//1 2046//1
f 2041//1 2046//1 2042//1
f 2042//1 2046//1 911//1
f 2042//1 911//1 913//1
f 1923//1 1925//1 2043//1
f 2043//1 1925//1 2047//1
f 2043//1 2047//1 2044//1
f 2044//1 2047//1 2048//1
f 2044//1 2048//1 2045//1
f 2045//1 2048//1 2049//1
f 2045//1 2049//1 2046//1
f 2046//1 2049//1 909//1
f 2046//1 909//1 911//1
f 1925//1 1927//1 2047//1
f 2047//1 1927//1 2050//1
f 2047//1 2050//1 2048//1
f 2048//1 2050//1 2051//1
f 2048//1 2051//1 2049//1
f 2049//1 2051//1 907//1
f 2049//1 907//1 909//1
f 1927//1 1929//1 2050//1
f 2050//1 1929//1 2052//1
f 2050//1 2052//1 2051//1
f 2051//1 2052//1 905//1
f 2051//1 905//1 907//1
f 1929//1 1931//1 2052//1
f 2052//1 1931//1 903//1
f 2052//1 903//1 905//1
f 1931//1 851//1 903//1
f 853//1 1443//1 854//1
f 854//1 1443//1 1444//1
f 854//1 1444//1 855//1
f 855//1 1444//1 1445//1
f 855//1 1445//1 856//1
f 856//1 1445//1 1446//1
f 856//1 1446//1 857//1
f 857//1 1446//1 1447//1
f 857//1 1447//1 1448//1
f 1443//1 853//1 1442//1
f 1442//1 853//1 1110//1
f 1442//1 1110//1 1441//1
f 1441//1 1110//1 1108//1
f 1441//1 1108//1 1440//1
f 1440//1 1108//1 1106//1
f 1440//1 1106//1 1439//1
f 1439//1 1106//1 1104//1
f 1439//1 1104//1 1438//1
f 1438//1 1104//1 1102//1
f 1438//1 1102//1 1437//1
f 1437//1 1102//1 1100//1
f 1437//1 1100//1 1436//1
f 1436//1 1100//1 1098//1
f 1436//1 1098//1 1435//1
f 1435//1 1098//1 1096//1
f 1435//1 1096//1 1434//1
f 1434//1 1096//1 1094//1
f 1434//1 1094//1 1433//1
f 1433//1 1094//1 1092//1
f 1433//1 1092//1 1432//1
f 1432//1 1092//1 1090//1
f 1432//1 1090//1 1431//1
f 1431//1 1090//1 1088//1
f 1431//1 1088//1 1430//1
f 1430//1 1088//1 1086//1
f 1430//1 1086//1 1429//1
f 1429//1 1086//1 1084//1
f 1429//1 1084//1 1428//1
f 1428//1 1084//1 1082//1
f 1428//1 1082//1 1427//1
f 1427//1 1082//1 1080//1
f 1427//1 1080//1 1426//1
f 1426//1 1080//1 1078//1
f 1426//1 1078//1 1425//1
f 1425//1 1078//1 1076//1
f 1425//1 1076//1 1659//1
f 1659//1 1076//1 1074//1
f 1066//1 1847//1 1068//1
f 1068//1 1847//1 1264//1
f 1068//1 1264//1 1070//1
f 1264//1 1847//1 1849//1
f 902//1 945//1 904//1
f 904//1 945//1 2053//1
f 904//1 2053//1 906//1
f 906//1 2053//1 2054//1
f 906//1 2054//1 908//1
f 908//1 2054//1 2055//1
f 908//1 2055//1 910//1
f 910//1 2055//1 957//1
f 910//1 957//1 912//1
f 1259//1 1264//1 1849//1
f 1259//1 1849//1 1851//1
f 945//1 946//1 2053//1
f 2053//1 946//1 2056//1
f 2053//1 2056//1 2054//1
f 2054//1 2056//1 2057//1
f 2054//1 2057//1 2055//1
f 2055//1 2057//1 955//1
f 2055//1 955//1 957//1
f 1251//1 1259//1 1851//1
f 1251//1 1851//1 1853//1
f 946//1 947//1 2056//1
f 2056//1 947//1 2058//1
f 2056//1 2058//1 2057//1
f 2057//1 2058//1 953//1
f 2057//1 953//1 955//1
f 2058//1 947//1 948//1
f 1253//1 1251//1 1853//1
f 1253//1 1853//1 1855//1
f 949//1 951//1 948//1
f 948//1 951//1 2058//1
f 951//1 953//1 2058//1
f 1253//1 1855//1 2059//1
f 2059//1 1855//1 1857//1
f 2059//1 1857//1 2060//1
f 2060//1 1857//1 1859//1
f 2060//1 1859//1 2061//1
f 2061//1 1859//1 1861//1
f 2061//1 1861//1 2062//1
f 2062//1 1861//1 1863//1
f 2062//1 1863//1 2063//1
f 2063//1 1863//1 1865//1
f 2063//1 1865//1 2064//1
f 2064//1 1865//1 1867//1
f 2064//1 1867//1 2065//1
f 2065//1 1867//1 1869//1
f 2065//1 1869//1 2066//1
f 2066//1 1869//1 1871//1
f 2066//1 1871//1 2067//1
f 2067//1 1871//1 1873//1
f 2067//1 1873//1 2068//1
f 2068//1 1873//1 1875//1
f 2068//1 1875//1 2069//1
f 2069//1 1875//1 1877//1
f 2069//1 1877//1 2070//1
f 2070//1 1877//1 1879//1
f 2070//1 1879//1 2071//1
f 2071//1 1879//1 1881//1
f 2071//1 1881//1 2072//1
f 2072//1 1881//1 939//1
f 2072//1 939//1 941//1
f 664//1 662//1 1254//1
f 1253//1 2059//1 1255//1
f 1255//1 2059//1 2073//1
f 1255//1 2073//1 666//1
f 666//1 2073//1 668//1
f 2073//1 2059//1 2060//1
f 952//1 1678//1 954//1
f 954//1 1678//1 2074//1
f 954//1 2074//1 956//1
f 956//1 2074//1 2075//1
f 956//1 2075//1 958//1
f 958//1 2075//1 2076//1
f 958//1 2076//1 914//1
f 914//1 2076//1 916//1
f 2073//1 2060//1 2077//1
f 2077//1 2060//1 2061//1
f 2077//1 2061//1 2078//1
f 2078//1 2061//1 2062//1
f 2078//1 2062//1 2079//1
f 2079//1 2062//1 2063//1
f 2079//1 2063//1 2080//1
f 2080//1 2063//1 2064//1
f 2080//1 2064//1 2081//1
f 2081//1 2064//1 2065//1
f 2081//1 2065//1 2082//1
f 2082//1 2065//1 2066//1
f 2082//1 2066//1 2083//1
f 2083//1 2066//1 2067//1
f 2083//1 2067//1 2084//1
f 2084//1 2067//1 2068//1
f 2084//1 2068//1 2085//1
f 2085//1 2068//1 2069//1
f 2085//1 2069//1 2086//1
f 2086//1 2069//1 2070//1
f 2086//1 2070//1 2087//1
f 2087//1 2070//1 2071//1
f 2087//1 2071//1 2088//1
f 2088//1 2071//1 2072//1
f 2088//1 2072//1 2089//1
f 2089//1 2072//1 941//1
f 2089//1 941//1 943//1
f 1745//1 859//1 1658//1
f 1658//1 859//1 858//1
f 1745//1 1658//1 1449//1
f 1449//1 1658//1 498//1
f 1678//1 1677//1 2074//1
f 2074//1 1677//1 2090//1
f 2074//1 2090//1 2075//1
f 2075//1 2090//1 2091//1
f 2075//1 2091//1 2076//1
f 2076//1 2091//1 2092//1
f 2076//1 2092//1 916//1
f 916//1 2092//1 918//1
f 670//1 668//1 2077//1
f 2077//1 668//1 2073//1
f 670//1 2077//1 2078//1
f 1168//1 606//1 604//1
f 1169//1 2093//1 2094//1
f 2094//1 2093//1 841//1
f 2094//1 841//1 843//1
f 841//1 2093//1 839//1
f 839//1 2093//1 2095//1
f 839//1 2095//1 837//1
f 837//1 2095//1 2096//1
f 837//1 2096//1 835//1
f 835//1 2096//1 2097//1
f 835//1 2097//1 833//1
f 833//1 2097//1 2098//1
f 833//1 2098//1 831//1
f 831//1 2098//1 2099//1
f 831//1 2099//1 829//1
f 829//1 2099//1 2100//1
f 829//1 2100//1 827//1
f 827//1 2100//1 2101//1
f 827//1 2101//1 825//1
f 825//1 2101//1 2102//1
f 825//1 2102//1 823//1
f 823//1 2102//1 2103//1
f 823//1 2103//1 821//1
f 821//1 2103//1 2104//1
f 821//1 2104//1 819//1
f 819//1 2104//1 2105//1
f 819//1 2105//1 817//1
f 817//1 2105//1 2106//1
f 817//1 2106//1 815//1
f 815//1 2106//1 2107//1
f 815//1 2107//1 813//1
f 813//1 2107//1 2108//1
f 813//1 2108//1 811//1
f 811//1 2108//1 2109//1
f 811//1 2109//1 809//1
f 809//1 2109//1 2110//1
f 809//1 2110//1 807//1
f 807//1 2110//1 2111//1
f 807//1 2111//1 805//1
f 805//1 2111//1 2112//1
f 805//1 2112//1 803//1
f 803//1 2112//1 2113//1
f 803//1 2113//1 801//1
f 801//1 2113//1 1174//1
f 801//1 1174//1 1172//1
f 2095//1 2093//1 1167//1
f 1167//1 2093//1 1169//1
f 838//1 2114//1 2115//1
f 2115//1 2114//1 2116//1
f 2115//1 2116//1 2117//1
f 2117//1 2116//1 2118//1
f 2117//1 2118//1 2119//1
f 2119//1 2118//1 2120//1
f 2119//1 2120//1 2121//1
f 2121//1 2120//1 2122//1
f 2121//1 2122//1 2123//1
f 2123//1 2122//1 2124//1
f 2123//1 2124//1 2125//1
f 2125//1 2124//1 2126//1
f 2125//1 2126//1 2127//1
f 2127//1 2126//1 2128//1
f 2127//1 2128//1 2129//1
f 2129//1 2128//1 2130//1
f 2129//1 2130//1 2131//1
f 2131//1 2130//1 2132//1
f 2131//1 2132//1 2133//1
f 2133//1 2132//1 2134//1
f 2133//1 2134//1 2135//1
f 2135//1 2134//1 2136//1
f 2135//1 2136//1 2137//1
f 2137//1 2136//1 2138//1
f 2137//1 2138//1 2139//1
f 2139//1 2138//1 2140//1
f 2139//1 2140//1 2141//1
f 2141//1 2140//1 2142//1
f 2141//1 2142//1 2143//1
f 2143//1 2142//1 2144//1
f 2143//1 2144//1 2145//1
f 2145//1 2144//1 2146//1
f 2145//1 2146//1 2147//1
f 2147//1 2146//1 2148//1
f 2147//1 2148//1 2149//1
f 2149//1 2148//1 1016//1
f 2149//1 1016//1 1018//1
f 2114//1 2150//1 2116//1
f 2116//1 2150//1 2151//1
f 2116//1 2151//1 2118//1
f 2118//1 2151//1 2152//1
f 2118//1 2152//1 2120//1
f 2120//1 2152//1 2153//1
f 2120//1 2153//1 2122//1
f 2122//1 2153//1 2154//1
f 2122//1 2154//1 2124//1
f 2124//1 2154//1 2155//1
f 2124//1 2155//1 2126//1
f 2126//1 2155//1 2156//1
f 2126//1 2156//1 2128//1
f 2128//1 2156//1 2157//1
f 2128//1 2157//1 2130//1
f 2130//1 2157//1 2158//1
f 2130//1 2158//1 2132//1
f 2132//1 2158//1 2159//1
f 2132//1 2159//1 2134//1
f 2134//1 2159//1 2160//1
f 2134//1 2160//1 2136//1
f 2136//1 2160//1 2161//1
f 2136//1 2161//1 2138//1
f 2138//1 2161//1 2162//1
f 2138//1 2162//1 2140//1
f 2140//1 2162//1 2163//1
f 2140//1 2163//1 2142//1
f 2142//1 2163//1 2164//1
f 2142//1 2164//1 2144//1
f 2144//1 2164//1 2165//1
f 2144//1 2165//1 2146//1
f 2146//1 2165//1 2166//1
f 2146//1 2166//1 2148//1
f 2148//1 2166//1 1014//1
f 2148//1 1014//1 1016//1
f 838//1 836//1 2114//1
f 2114//1 836//1 2167//1
f 2114//1 2167//1 2150//1
f 2150//1 2167//1 2168//1
f 2150//1 2168//1 2169//1
f 2169//1 2168//1 2170//1
f 2169//1 2170//1 2171//1
f 2171//1 2170//1 2172//1
f 2171//1 2172//1 2173//1
f 2173//1 2172//1 2174//1
f 2173//1 2174//1 2175//1
f 2175//1 2174//1 2176//1
f 2175//1 2176//1 2177//1
f 2177//1 2176//1 2178//1
f 2177//1 2178//1 2179//1
f 2179//1 2178//1 2180//1
f 2179//1 2180//1 2181//1
f 2181//1 2180//1 2182//1
f 2181//1 2182//1 2183//1
f 2183//1 2182//1 2184//1
f 2183//1 2184//1 2185//1
f 2185//1 2184//1 2186//1
f 2185//1 2186//1 2187//1
f 2187//1 2186//1 2188//1
f 2187//1 2188//1 2189//1
f 2189//1 2188//1 2190//1
f 2189//1 2190//1 2191//1
f 2191//1 2190//1 2192//1
f 2191//1 2192//1 2193//1
f 2193//1 2192//1 2194//1
f 2193//1 2194//1 2195//1
f 2195//1 2194//1 2196//1
f 2195//1 2196//1 2197//1
f 2197//1 2196//1 2198//1
f 2197//1 2198//1 981//1
f 981//1 2198//1 2199//1
f 981//1 2199//1 980//1
f 980//1 2199//1 2200//1
f 980//1 2200//1 1119//1
f 1119//1 2200//1 1421//1
f 1119//1 1421//1 1422//1
f 2150//1 2169//1 2151//1
f 2151//1 2169//1 2201//1
f 2151//1 2201//1 2152//1
f 2152//1 2201//1 2202//1
f 2152//1 2202//1 2153//1
f 2153//1 2202//1 2203//1
f 2153//1 2203//1 2154//1
f 2154//1 2203//1 2204//1
f 2154//1 2204//1 2155//1
f 2155//1 2204//1 2205//1
f 2155//1 2205//1 2156//1
f 2156//1 2205//1 2206//1
f 2156//1 2206//1 2157//1
f 2157//1 2206//1 2207//1
f 2157//1 2207//1 2158//1
f 2158//1 2207//1 2208//1
f 2158//1 2208//1 2159//1
f 2159//1 2208//1 2209//1
f 2159//1 2209//1 2160//1
f 2160//1 2209//1 2210//1
f 2160//1 2210//1 2161//1
f 2161//1 2210//1 2211//1
f 2161//1 2211//1 2162//1
f 2162//1 2211//1 2212//1
f 2162//1 2212//1 2163//1
f 2163//1 2212//1 2213//1
f 2163//1 2213//1 2164//1
f 2164//1 2213//1 2214//1
f 2164//1 2214//1 2165//1
f 2165//1 2214//1 2215//1
f 2165//1 2215//1 2166//1
f 2166//1 2215//1 1012//1
f 2166//1 1012//1 1014//1
f 2169//1 2171//1 2201//1
f 2201//1 2171//1 2216//1
f 2201//1 2216//1 2202//1
f 2202//1 2216//1 2217//1
f 2202//1 2217//1 2203//1
f 2203//1 2217//1 2218//1
f 2203//1 2218//1 2204//1
f 2204//1 2218//1 2219//1
f 2204//1 2219//1 2205//1
f 2205//1 2219//1 2220//1
f 2205//1 2220//1 2206//1
f 2206//1 2220//1 2221//1
f 2206//1 2221//1 2207//1
f 2207//1 2221//1 2222//1
f 2207//1 2222//1 2208//1
f 2208//1 2222//1 2223//1
f 2208//1 2223//1 2209//1
f 2209//1 2223//1 2224//1
f 2209//1 2224//1 2210//1
f 2210//1 2224//1 2225//1
f 2210//1 2225//1 2211//1
f 2211//1 2225//1 2226//1
f 2211//1 2226//1 2212//1
f 2212//1 2226//1 2227//1
f 2212//1 2227//1 2213//1
f 2213//1 2227//1 2228//1
f 2213//1 2228//1 2214//1
f 2214//1 2228//1 2229//1
f 2214//1 2229//1 2215//1
f 2215//1 2229//1 1010//1
f 2215//1 1010//1 1012//1
f 2171//1 2173//1 2216//1
f 2216//1 2173//1 2230//1
f 2216//1 2230//1 2217//1
f 2217//1 2230//1 2231//1
f 2217//1 2231//1 2218//1
f 2218//1 2231//1 2232//1
f 2218//1 2232//1 2219//1
f 2219//1 2232//1 2233//1
f 2219//1 2233//1 2220//1
f 2220//1 2233//1 2234//1
f 2220//1 2234//1 2221//1
f 2221//1 2234//1 2235//1
f 2221//1 2235//1 2222//1
f 2222//1 2235//1 2236//1
f 2222//1 2236//1 2223//1
f 2223//1 2236//1 2237//1
f 2223//1 2237//1 2224//1
f 2224//1 2237//1 2238//1
f 2224//1 2238//1 2225//1
f 2225//1 2238//1 2239//1
f 2225//1 2239//1 2226//1
f 2226//1 2239//1 2240//1
f 2226//1 2240//1 2227//1
f 2227//1 2240//1 2241//1
f 2227//1 2241//1 2228//1
f 2228//1 2241//1 2242//1
f 2228//1 2242//1 2229//1
f 2229//1 2242//1 1008//1
f 2229//1 1008//1 1010//1
f 2173//1 2175//1 2230//1
f 2230//1 2175//1 2243//1
f 2230//1 2243//1 2231//1
f 2231//1 2243//1 2244//1
f 2231//1 2244//1 2232//1
f 2232//1 2244//1 2245//1
f 2232//1 2245//1 2233//1
f 2233//1 2245//1 2246//1
f 2233//1 2246//1 2234//1
f 2234//1 2246//1 2247//1
f 2234//1 2247//1 2235//1
f 2235//1 2247//1 2248//1
f 2235//1 2248//1 2236//1
f 2236//1 2248//1 2249//1
f 2236//1 2249//1 2237//1
f 2237//1 2249//1 2250//1
f 2237//1 2250//1 2238//1
f 2238//1 2250//1 2251//1
f 2238//1 2251//1 2239//1
f 2239//1 2251//1 2252//1
f 2239//1 2252//1 2240//1
f 2240//1 2252//1 2253//1
f 2240//1 2253//1 2241//1
f 2241//1 2253//1 2254//1
f 2241//1 2254//1 2242//1
f 2242//1 2254//1 1006//1
f 2242//1 1006//1 1008//1
f 2175//1 2177//1 2243//1
f 2243//1 2177//1 2255//1
f 2243//1 2255//1 2244//1
f 2244//1 2255//1 2256//1
f 2244//1 2256//1 2245//1
f 2245//1 2256//1 2257//1
f 2245//1 2257//1 2246//1
f 2246//1 2257//1 2258//1
f 2246//1 2258//1 2247//1
f 2247//1 2258//1 2259//1
f 2247//1 2259//1 2248//1
f 2248//1 2259//1 2260//1
f 2248//1 2260//1 2249//1
f 2249//1 2260//1 2261//1
f 2249//1 2261//1 2250//1
f 2250//1 2261//1 2262//1
f 2250//1 2262//1 2251//1
f 2251//1 2262//1 2263//1
f 2251//1 2263//1 2252//1
f 2252//1 2263//1 2264//1
f 2252//1 2264//1 2253//1
f 2253//1 2264//1 2265//1
f 2253//1 2265//1 2254//1
f 2254//1 2265//1 1004//1
f 2254//1 1004//1 1006//1
f 2177//1 2179//1 2255//1
f 2255//1 2179//1 2266//1
f 2255//1 2266//1 2256//1
f 2256//1 2266//1 2267//1
f 2256//1 2267//1 2257//1
f 2257//1 2267//1 2268//1
f 2257//1 2268//1 2258//1
f 2258//1 2268//1 2269//1
f 2258//1 2269//1 2259//1
f 2259//1 2269//1 2270//1
f 2259//1 2270//1 2260//1
f 2260//1 2270//1 2271//1
f 2260//1 2271//1 2261//1
f 2261//1 2271//1 2272//1
f 2261//1 2272//1 2262//1
f 2262//1 2272//1 2273//1
f 2262//1 2273//1 2263//1
f 2263//1 2273//1 2274//1
f 2263//1 2274//1 2264//1
f 2264//1 2274//1 2275//1
f 2264//1 2275//1 2265//1
f 2265//1 2275//1 1002//1
f 2265//1 1002//1 1004//1
f 2179//1 2181//1 2266//1
f 2266//1 2181//1 2276//1
f 2266//1 2276//1 2267//1
f 2267//1 2276//1 2277//1
f 2267//1 2277//1 2268//1
f 2268//1 2277//1 2278//1
f 2268//1 2278//1 2269//1
f 2269//1 2278//1 2279//1
f 2269//1 2279//1 2270//1
f 2270//1 2279//1 2280//1
f 2270//1 2280//1 2271//1
f 2271//1 2280//1 2281//1
f 2271//1 2281//1 2272//1
f 2272//1 2281//1 2282//1
f 2272//1 2282//1 2273//1
f 2273//1 2282//1 2283//1
f 2273//1 2283//1 2274//1
f 2274//1 2283//1 2284//1
f 2274//1 2284//1 2275//1
f 2275//1 2284//1 1000//1
f 2275//1 1000//1 1002//1
f 2181//1 2183//1 2276//1
f 2276//1 2183//1 2285//1
f 2276//1 2285//1 2277//1
f 2277//1 2285//1 2286//1
f 2277//1 2286//1 2278//1
f 2278//1 2286//1 2287//1
f 2278//1 2287//1 2279//1
f 2279//1 2287//1 2288//1
f 2279//1 2288//1 2280//1
f 2280//1 2288//1 2289//1
f 2280//1 2289//1 2281//1
f 2281//1 2289//1 2290//1
f 2281//1 2290//1 2282//1
f 2282//1 2290//1 2291//1
f 2282//1 2291//1 2283//1
f 2283//1 2291//1 2292//1
f 2283//1 2292//1 2284//1
f 2284//1 2292//1 998//1
f 2284//1 998//1 1000//1
f 2183//1 2185//1 2285//1
f 2285//1 2185//1 2293//1
f 2285//1 2293//1 2286//1
f 2286//1 2293//1 2294//1
f 2286//1 2294//1 2287//1
f 2287//1 2294//1 2295//1
f 2287//1 2295//1 2288//1
f 2288//1 2295//1 2296//1
f 2288//1 2296//1 2289//1
f 2289//1 2296//1 2297//1
f 2289//1 2297//1 2290//1
f 2290//1 2297//1 2298//1
f 2290//1 2298//1 2291//1
f 2291//1 2298//1 2299//1
f 2291//1 2299//1 2292//1
f 2292//1 2299//1 996//1
f 2292//1 996//1 998//1
f 2185//1 2187//1 2293//1
f 2293//1 2187//1 2300//1
f 2293//1 2300//1 2294//1
f 2294//1 2300//1 2301//1
f 2294//1 2301//1 2295//1
f 2295//1 2301//1 2302//1
f 2295//1 2302//1 2296//1
f 2296//1 2302//1 2303//1
f 2296//1 2303//1 2297//1
f 2297//1 2303//1 2304//1
f 2297//1 2304//1 2298//1
f 2298//1 2304//1 2305//1
f 2298//1 2305//1 2299//1
f 2299//1 2305//1 994//1
f 2299//1 994//1 996//1
f 2187//1 2189//1 2300//1
f 2300//1 2189//1 2306//1
f 2300//1 2306//1 2301//1
f 2301//1 2306//1 2307//1
f 2301//1 2307//1 2302//1
f 2302//1 2307//1 2308//1
f 2302//1 2308//1 2303//1
f 2303//1 2308//1 2309//1
f 2303//1 2309//1 2304//1
f 2304//1 2309//1 2310//1
f 2304//1 2310//1 2305//1
f 2305//1 2310//1 992//1
f 2305//1 992//1 994//1
f 2189//1 2191//1 2306//1
f 2306//1 2191//1 2311//1
f 2306//1 2311//1 2307//1
f 2307//1 2311//1 2312//1
f 2307//1 2312//1 2308//1
f 2308//1 2312//1 2313//1
f 2308//1 2313//1 2309//1
f 2309//1 2313//1 2314//1
f 2309//1 2314//1 2310//1
f 2310//1 2314//1 990//1
f 2310//1 990//1 992//1
f 2191//1 2193//1 2311//1
f 2311//1 2193//1 2315//1
f 2311//1 2315//1 2312//1
f 2312//1 2315//1 2316//1
f 2312//1 2316//1 2313//1
f 2313//1 2316//1 2317//1
f 2313//1 2317//1 2314//1
f 2314//1 2317//1 988//1
f 2314//1 988//1 990//1
f 2193//1 2195//1 2315//1
f 2315//1 2195//1 2318//1
f 2315//1 2318//1 2316//1
f 2316//1 2318//1 2319//1
f 2316//1 2319//1 2317//1
f 2317//1 2319//1 986//1
f 2317//1 986//1 988//1
f 2195//1 2197//1 2318//1
f 2318//1 2197//1 2320//1
f 2318//1 2320//1 2319//1
f 2319//1 2320//1 984//1
f 2319//1 984//1 986//1
f 2197//1 981//1 2320//1
f 2320//1 981//1 982//1
f 2320//1 982//1 984//1
f 1119//1 1422//1 1118//1
f 1118//1 1422//1 1117//1
f 1118//1 1117//1 1116//1
f 838//1 2115//1 840//1
f 840//1 2115//1 2321//1
f 840//1 2321//1 842//1
f 842//1 2321//1 2322//1
f 842//1 2322//1 844//1
f 844//1 2322//1 2323//1
f 844//1 2323//1 614//1
f 614//1 2323//1 616//1
f 2321//1 2115//1 2117//1
f 610//1 608//1 2094//1
f 2094//1 608//1 1169//1
f 610//1 2094//1 843//1
f 2321//1 2117//1 2324//1
f 2324//1 2117//1 2119//1
f 2324//1 2119//1 2325//1
f 2325//1 2119//1 2121//1
f 2325//1 2121//1 2326//1
f 2326//1 2121//1 2123//1
f 2326//1 2123//1 2327//1
f 2327//1 2123//1 2125//1
f 2327//1 2125//1 2328//1
f 2328//1 2125//1 2127//1
f 2328//1 2127//1 2329//1
f 2329//1 2127//1 2129//1
f 2329//1 2129//1 2330//1
f 2330//1 2129//1 2131//1
f 2330//1 2131//1 2331//1
f 2331//1 2131//1 2133//1
f 2331//1 2133//1 2332//1
f 2332//1 2133//1 2135//1
f 2332//1 2135//1 2333//1
f 2333//1 2135//1 2137//1
f 2333//1 2137//1 2334//1
f 2334//1 2137//1 2139//1
f 2334//1 2139//1 2335//1
f 2335//1 2139//1 2141//1
f 2335//1 2141//1 2336//1
f 2336//1 2141//1 2143//1
f 2336//1 2143//1 2337//1
f 2337//1 2143//1 2145//1
f 2337//1 2145//1 2338//1
f 2338//1 2145//1 2147//1
f 2338//1 2147//1 2339//1
f 2339//1 2147//1 2149//1
f 2339//1 2149//1 2340//1
f 2340//1 2149//1 1018//1
f 2340//1 1018//1 1020//1
f 612//1 610//1 843//1
f 983//1 1026//1 985//1
f 985//1 1026//1 1845//1
f 985//1 1845//1 987//1
f 987//1 1845//1 1844//1
f 987//1 1844//1 989//1
f 989//1 1844//1 1843//1
f 989//1 1843//1 991//1
f 991//1 1843//1 1842//1
f 991//1 1842//1 993//1
f 993//1 1842//1 1841//1
f 993//1 1841//1 995//1
f 995//1 1841//1 1840//1
f 995//1 1840//1 997//1
f 997//1 1840//1 1839//1
f 997//1 1839//1 999//1
f 999//1 1839//1 1838//1
f 999//1 1838//1 1001//1
f 1001//1 1838//1 1837//1
f 1001//1 1837//1 1003//1
f 1003//1 1837//1 1836//1
f 1003//1 1836//1 1005//1
f 1005//1 1836//1 1835//1
f 1005//1 1835//1 1007//1
f 1007//1 1835//1 1834//1
f 1007//1 1834//1 1009//1
f 1009//1 1834//1 1833//1
f 1009//1 1833//1 1011//1
f 1011//1 1833//1 1832//1
f 1011//1 1832//1 1013//1
f 1013//1 1832//1 1831//1
f 1013//1 1831//1 1015//1
f 1015//1 1831//1 1830//1
f 1015//1 1830//1 1017//1
f 1017//1 1830//1 1829//1
f 1017//1 1829//1 1019//1
f 1019//1 1829//1 1828//1
f 1019//1 1828//1 1021//1
f 1021//1 1828//1 1827//1
f 1021//1 1827//1 1023//1
f 1023//1 1827//1 1826//1
f 1023//1 1826//1 1025//1
f 2321//1 2324//1 2322//1
f 2322//1 2324//1 2341//1
f 2322//1 2341//1 2323//1
f 2323//1 2341//1 2342//1
f 2323//1 2342//1 616//1
f 616//1 2342//1 618//1
f 2341//1 2324//1 2325//1
f 2341//1 2325//1 2343//1
f 2343//1 2325//1 2326//1
f 2343//1 2326//1 2344//1
f 2344//1 2326//1 2327//1
f 2344//1 2327//1 2345//1
f 2345//1 2327//1 2328//1
f 2345//1 2328//1 2346//1
f 2346//1 2328//1 2329//1
f 2346//1 2329//1 2347//1
f 2347//1 2329//1 2330//1
f 2347//1 2330//1 2348//1
f 2348//1 2330//1 2331//1
f 2348//1 2331//1 2349//1
f 2349//1 2331//1 2332//1
f 2349//1 2332//1 2350//1
f 2350//1 2332//1 2333//1
f 2350//1 2333//1 2351//1
f 2351//1 2333//1 2334//1
f 2351//1 2334//1 2352//1
f 2352//1 2334//1 2335//1
f 2352//1 2335//1 2353//1
f 2353//1 2335//1 2336//1
f 2353//1 2336//1 2354//1
f 2354//1 2336//1 2337//1
f 2354//1 2337//1 2355//1
f 2355//1 2337//1 2338//1
f 2355//1 2338//1 2356//1
f 2356//1 2338//1 2339//1
f 2356//1 2339//1 2357//1
f 2357//1 2339//1 2340//1
f 2357//1 2340//1 2358//1
f 2358//1 2340//1 1020//1
f 2358//1 1020//1 1022//1
f 1659//1 498//1 1425//1
f 1028//1 1073//1 2359//1
f 2359//1 1073//1 1075//1
f 2359//1 1075//1 2360//1
f 2360//1 1075//1 1077//1
f 2360//1 1077//1 2361//1
f 2361//1 1077//1 1079//1
f 2361//1 1079//1 2362//1
f 2362//1 1079//1 1081//1
f 2362//1 1081//1 2363//1
f 2363//1 1081//1 1083//1
f 2363//1 1083//1 2364//1
f 2364//1 1083//1 1085//1
f 2364//1 1085//1 2365//1
f 2365//1 1085//1 1087//1
f 2365//1 1087//1 2366//1
f 2366//1 1087//1 1089//1
f 2366//1 1089//1 2367//1
f 2367//1 1089//1 1091//1
f 2367//1 1091//1 2368//1
f 2368//1 1091//1 1093//1
f 2368//1 1093//1 2369//1
f 2369//1 1093//1 1095//1
f 2369//1 1095//1 2370//1
f 2370//1 1095//1 1097//1
f 2370//1 1097//1 2371//1
f 2371//1 1097//1 1099//1
f 2371//1 1099//1 2372//1
f 2372//1 1099//1 1101//1
f 2372//1 1101//1 2373//1
f 2373//1 1101//1 1103//1
f 2373//1 1103//1 2374//1
f 2374//1 1103//1 1105//1
f 2374//1 1105//1 2375//1
f 2375//1 1105//1 1107//1
f 2375//1 1107//1 1932//1
f 1932//1 1107//1 1109//1
f 2341//1 2343//1 2342//1
f 2342//1 2343//1 2376//1
f 2342//1 2376//1 618//1
f 618//1 2376//1 620//1
f 2376//1 2343//1 2344//1
f 1423//1 1424//1 1111//1
f 1114//1 1423//1 1112//1
f 1112//1 1423//1 1111//1
f 1811//1 2377//1 2378//1
f 2378//1 2377//1 2379//1
f 2378//1 2379//1 2380//1
f 2380//1 2379//1 1206//1
f 2380//1 1206//1 1204//1
f 2377//1 2381//1 2379//1
f 2379//1 2381//1 1208//1
f 2379//1 1208//1 1206//1
f 1811//1 1810//1 2377//1
f 2377//1 1810//1 2382//1
f 2377//1 2382//1 2381//1
f 2381//1 2382//1 2383//1
f 2381//1 2383//1 1210//1
f 1210//1 2383//1 1212//1
f 2381//1 1210//1 1208//1
f 1211//1 2384//1 2385//1
f 2385//1 2384//1 2386//1
f 2385//1 2386//1 2387//1
f 2387//1 2386//1 2388//1
f 2387//1 2388//1 2389//1
f 2389//1 2388//1 2390//1
f 2389//1 2390//1 2391//1
f 2391//1 2390//1 2392//1
f 2391//1 2392//1 2393//1
f 2393//1 2392//1 2394//1
f 2393//1 2394//1 2395//1
f 2395//1 2394//1 2396//1
f 2395//1 2396//1 2397//1
f 2397//1 2396//1 2398//1
f 2397//1 2398//1 2399//1
f 2399//1 2398//1 2400//1
f 2399//1 2400//1 2401//1
f 2401//1 2400//1 2402//1
f 2401//1 2402//1 2403//1
f 2403//1 2402//1 2404//1
f 2403//1 2404//1 2405//1
f 2405//1 2404//1 2406//1
f 2405//1 2406//1 2407//1
f 2407//1 2406//1 2408//1
f 2407//1 2408//1 2409//1
f 2409//1 2408//1 2410//1
f 2409//1 2410//1 2411//1
f 2411//1 2410//1 2412//1
f 2411//1 2412//1 2413//1
f 2413//1 2412//1 2414//1
f 2413//1 2414//1 2415//1
f 2415//1 2414//1 2416//1
f 2415//1 2416//1 2417//1
f 2417//1 2416//1 1152//1
f 2417//1 1152//1 1154//1
f 2384//1 2418//1 2386//1
f 2386//1 2418//1 2419//1
f 2386//1 2419//1 2388//1
f 2388//1 2419//1 2420//1
f 2388//1 2420//1 2390//1
f 2390//1 2420//1 2421//1
f 2390//1 2421//1 2392//1
f 2392//1 2421//1 2422//1
f 2392//1 2422//1 2394//1
f 2394//1 2422//1 2423//1
f 2394//1 2423//1 2396//1
f 2396//1 2423//1 2424//1
f 2396//1 2424//1 2398//1
f 2398//1 2424//1 2425//1
f 2398//1 2425//1 2400//1
f 2400//1 2425//1 2426//1
f 2400//1 2426//1 2402//1
f 2402//1 2426//1 2427//1
f 2402//1 2427//1 2404//1
f 2404//1 2427//1 2428//1
f 2404//1 2428//1 2406//1
f 2406//1 2428//1 2429//1
f 2406//1 2429//1 2408//1
f 2408//1 2429//1 2430//1
f 2408//1 2430//1 2410//1
f 2410//1 2430//1 2431//1
f 2410//1 2431//1 2412//1
f 2412//1 2431//1 2432//1
f 2412//1 2432//1 2414//1
f 2414//1 2432//1 2433//1
f 2414//1 2433//1 2416//1
f 2416//1 2433//1 1150//1
f 2416//1 1150//1 1152//1
f 1211//1 1213//1 2384//1
f 2384//1 1213//1 2434//1
f 2384//1 2434//1 2418//1
f 2418//1 2434//1 2435//1
f 2418//1 2435//1 2436//1
f 2436//1 2435//1 2437//1
f 2436//1 2437//1 2438//1
f 2438//1 2437//1 2439//1
f 2438//1 2439//1 2440//1
f 2440//1 2439//1 2441//1
f 2440//1 2441//1 2442//1
f 2442//1 2441//1 2443//1
f 2442//1 2443//1 2444//1
f 2444//1 2443//1 2445//1
f 2444//1 2445//1 2446//1
f 2446//1 2445//1 2447//1
f 2446//1 2447//1 2448//1
f 2448//1 2447//1 2449//1
f 2448//1 2449//1 2450//1
f 2450//1 2449//1 2451//1
f 2450//1 2451//1 2452//1
f 2452//1 2451//1 2453//1
f 2452//1 2453//1 2454//1
f 2454//1 2453//1 2455//1
f 2454//1 2455//1 2456//1
f 2456//1 2455//1 2457//1
f 2456//1 2457//1 2458//1
f 2458//1 2457//1 2459//1
f 2458//1 2459//1 2460//1
f 2460//1 2459//1 2461//1
f 2460//1 2461//1 1121//1
f 1121//1 2461//1 789//1
f 2418//1 2436//1 2419//1
f 2419//1 2436//1 2462//1
f 2419//1 2462//1 2420//1
f 2420//1 2462//1 2463//1
f 2420//1 2463//1 2421//1
f 2421//1 2463//1 2464//1
f 2421//1 2464//1 2422//1
f 2422//1 2464//1 2465//1
f 2422//1 2465//1 2423//1
f 2423//1 2465//1 2466//1
f 2423//1 2466//1 2424//1
f 2424//1 2466//1 2467//1
f 2424//1 2467//1 2425//1
f 2425//1 2467//1 2468//1
f 2425//1 2468//1 2426//1
f 2426//1 2468//1 2469//1
f 2426//1 2469//1 2427//1
f 2427//1 2469//1 2470//1
f 2427//1 2470//1 2428//1
f 2428//1 2470//1 2471//1
f 2428//1 2471//1 2429//1
f 2429//1 2471//1 2472//1
f 2429//1 2472//1 2430//1
f 2430//1 2472//1 2473//1
f 2430//1 2473//1 2431//1
f 2431//1 2473//1 2474//1
f 2431//1 2474//1 2432//1
f 2432//1 2474//1 2475//1
f 2432//1 2475//1 2433//1
f 2433//1 2475//1 1148//1
f 2433//1 1148//1 1150//1
f 2436//1 2438//1 2462//1
f 2462//1 2438//1 2476//1
f 2462//1 2476//1 2463//1
f 2463//1 2476//1 2477//1
f 2463//1 2477//1 2464//1
f 2464//1 2477//1 2478//1
f 2464//1 2478//1 2465//1
f 2465//1 2478//1 2479//1
f 2465//1 2479//1 2466//1
f 2466//1 2479//1 2480//1
f 2466//1 2480//1 2467//1
f 2467//1 2480//1 2481//1
f 2467//1 2481//1 2468//1
f 2468//1 2481//1 2482//1
f 2468//1 2482//1 2469//1
f 2469//1 2482//1 2483//1
f 2469//1 2483//1 2470//1
f 2470//1 2483//1 2484//1
f 2470//1 2484//1 2471//1
f 2471//1 2484//1 2485//1
f 2471//1 2485//1 2472//1
f 2472//1 2485//1 2486//1
f 2472//1 2486//1 2473//1
f 2473//1 2486//1 2487//1
f 2473//1 2487//1 2474//1
f 2474//1 2487//1 2488//1
f 2474//1 2488//1 2475//1
f 2475//1 2488//1 1146//1
f 2475//1 1146//1 1148//1
f 2438//1 2440//1 2476//1
f 2476//1 2440//1 2489//1
f 2476//1 2489//1 2477//1
f 2477//1 2489//1 2490//1
f 2477//1 2490//1 2478//1
f 2478//1 2490//1 2491//1
f 2478//1 2491//1 2479//1
f 2479//1 2491//1 2492//1
f 2479//1 2492//1 2480//1
f 2480//1 2492//1 2493//1
f 2480//1 2493//1 2481//1
f 2481//1 2493//1 2494//1
f 2481//1 2494//1 2482//1
f 2482//1 2494//1 2495//1
f 2482//1 2495//1 2483//1
f 2483//1 2495//1 2496//1
f 2483//1 2496//1 2484//1
f 2484//1 2496//1 2497//1
f 2484//1 2497//1 2485//1
f 2485//1 2497//1 2498//1
f 2485//1 2498//1 2486//1
f 2486//1 2498//1 2499//1
f 2486//1 2499//1 2487//1
f 2487//1 2499//1 2500//1
f 2487//1 2500//1 2488//1
f 2488//1 2500//1 1144//1
f 2488//1 1144//1 1146//1
f 2440//1 2442//1 2489//1
f 2489//1 2442//1 2501//1
f 2489//1 2501//1 2490//1
f 2490//1 2501//1 2502//1
f 2490//1 2502//1 2491//1
f 2491//1 2502//1 2503//1
f 2491//1 2503//1 2492//1
f 2492//1 2503//1 2504//1
f 2492//1 2504//1 2493//1
f 2493//1 2504//1 2505//1
f 2493//1 2505//1 2494//1
f 2494//1 2505//1 2506//1
f 2494//1 2506//1 2495//1
f 2495//1 2506//1 2507//1
f 2495//1 2507//1 2496//1
f 2496//1 2507//1 2508//1
f 2496//1 2508//1 2497//1
f 2497//1 2508//1 2509//1
f 2497//1 2509//1 2498//1
f 2498//1 2509//1 2510//1
f 2498//1 2510//1 2499//1
f 2499//1 2510//1 2511//1
f 2499//1 2511//1 2500//1
f 2500//1 2511//1 1142//1
f 2500//1 1142//1 1144//1
f 2442//1 2444//1 2501//1
f 2501//1 2444//1 2512//1
f 2501//1 2512//1 2502//1
f 2502//1 2512//1 2513//1
f 2502//1 2513//1 2503//1
f 2503//1 2513//1 2514//1
f 2503//1 2514//1 2504//1
f 2504//1 2514//1 2515//1
f 2504//1 2515//1 2505//1
f 2505//1 2515//1 2516//1
f 2505//1 2516//1 2506//1
f 2506//1 2516//1 2517//1
f 2506//1 2517//1 2507//1
f 2507//1 2517//1 2518//1
f 2507//1 2518//1 2508//1
f 2508//1 2518//1 2519//1
f 2508//1 2519//1 2509//1
f 2509//1 2519//1 2520//1
f 2509//1 2520//1 2510//1
f 2510//1 2520//1 2521//1
f 2510//1 2521//1 2511//1
f 2511//1 2521//1 1140//1
f 2511//1 1140//1 1142//1
f 2444//1 2446//1 2512//1
f 2512//1 2446//1 2522//1
f 2512//1 2522//1 2513//1
f 2513//1 2522//1 2523//1
f 2513//1 2523//1 2514//1
f 2514//1 2523//1 2524//1
f 2514//1 2524//1 2515//1
f 2515//1 2524//1 2525//1
f 2515//1 2525//1 2516//1
f 2516//1 2525//1 2526//1
f 2516//1 2526//1 2517//1
f 2517//1 2526//1 2527//1
f 2517//1 2527//1 2518//1
f 2518//1 2527//1 2528//1
f 2518//1 2528//1 2519//1
f 2519//1 2528//1 2529//1
f 2519//1 2529//1 2520//1
f 2520//1 2529//1 2530//1
f 2520//1 2530//1 2521//1
f 2521//1 2530//1 1138//1
f 2521//1 1138//1 1140//1
f 2446//1 2448//1 2522//1
f 2522//1 2448//1 2531//1
f 2522//1 2531//1 2523//1
f 2523//1 2531//1 2532//1
f 2523//1 2532//1 2524//1
f 2524//1 2532//1 2533//1
f 2524//1 2533//1 2525//1
f 2525//1 2533//1 2534//1
f 2525//1 2534//1 2526//1
f 2526//1 2534//1 2535//1
f 2526//1 2535//1 2527//1
f 2527//1 2535//1 2536//1
f 2527//1 2536//1 2528//1
f 2528//1 2536//1 2537//1
f 2528//1 2537//1 2529//1
f 2529//1 2537//1 2538//1
f 2529//1 2538//1 2530//1
f 2530//1 2538//1 1136//1
f 2530//1 1136//1 1138//1
f 2448//1 2450//1 2531//1
f 2531//1 2450//1 2539//1
f 2531//1 2539//1 2532//1
f 2532//1 2539//1 2540//1
f 2532//1 2540//1 2533//1
f 2533//1 2540//1 2541//1
f 2533//1 2541//1 2534//1
f 2534//1 2541//1 2542//1
f 2534//1 2542//1 2535//1
f 2535//1 2542//1 2543//1
f 2535//1 2543//1 2536//1
f 2536//1 2543//1 2544//1
f 2536//1 2544//1 2537//1
f 2537//1 2544//1 2545//1
f 2537//1 2545//1 2538//1
f 2538//1 2545//1 1134//1
f 2538//1 1134//1 1136//1
f 2450//1 2452//1 2539//1
f 2539//1 2452//1 2546//1
f 2539//1 2546//1 2540//1
f 2540//1 2546//1 2547//1
f 2540//1 2547//1 2541//1
f 2541//1 2547//1 2548//1
f 2541//1 2548//1 2542//1
f 2542//1 2548//1 2549//1
f 2542//1 2549//1 2543//1
f 2543//1 2549//1 2550//1
f 2543//1 2550//1 2544//1
f 2544//1 2550//1 2551//1
f 2544//1 2551//1 2545//1
f 2545//1 2551//1 1132//1
f 2545//1 1132//1 1134//1
f 2452//1 2454//1 2546//1
f 2546//1 2454//1 2552//1
f 2546//1 2552//1 2547//1
f 2547//1 2552//1 2553//1
f 2547//1 2553//1 2548//1
f 2548//1 2553//1 2554//1
f 2548//1 2554//1 2549//1
f 2549//1 2554//1 2555//1
f 2549//1 2555//1 2550//1
f 2550//1 2555//1 2556//1
f 2550//1 2556//1 2551//1
f 2551//1 2556//1 1130//1
f 2551//1 1130//1 1132//1
f 2454//1 2456//1 2552//1
f 2552//1 2456//1 2557//1
f 2552//1 2557//1 2553//1
f 2553//1 2557//1 2558//1
f 2553//1 2558//1 2554//1
f 2554//1 2558//1 2559//1
f 2554//1 2559//1 2555//1
f 2555//1 2559//1 2560//1
f 2555//1 2560//1 2556//1
f 2556//1 2560//1 1128//1
f 2556//1 1128//1 1130//1
f 2456//1 2458//1 2557//1
f 2557//1 2458//1 2561//1
f 2557//1 2561//1 2558//1
f 2558//1 2561//1 2562//1
f 2558//1 2562//1 2559//1
f 2559//1 2562//1 2563//1
f 2559//1 2563//1 2560//1
f 2560//1 2563//1 1126//1
f 2560//1 1126//1 1128//1
f 2458//1 2460//1 2561//1
f 2561//1 2460//1 2564//1
f 2561//1 2564//1 2562//1
f 2562//1 2564//1 2565//1
f 2562//1 2565//1 2563//1
f 2563//1 2565//1 1124//1
f 2563//1 1124//1 1126//1
f 2460//1 1121//1 2564//1
f 2564//1 1121//1 1120//1
f 2564//1 1120//1 2565//1
f 2565//1 1120//1 1122//1
f 2565//1 1122//1 1124//1
f 792//1 1397//1 793//1
f 793//1 1397//1 1398//1
f 793//1 1398//1 794//1
f 794//1 1398//1 1399//1
f 794//1 1399//1 795//1
f 795//1 1399//1 1400//1
f 795//1 1400//1 796//1
f 796//1 1400//1 1401//1
f 796//1 1401//1 797//1
f 797//1 1401//1 1402//1
f 797//1 1402//1 798//1
f 798//1 1402//1 1403//1
f 798//1 1403//1 2566//1
f 2566//1 1403//1 1404//1
f 2566//1 1404//1 2567//1
f 2567//1 1404//1 1405//1
f 2567//1 1405//1 2568//1
f 2568//1 1405//1 1406//1
f 2568//1 1406//1 2569//1
f 2569//1 1406//1 1407//1
f 2569//1 1407//1 2570//1
f 2570//1 1407//1 1408//1
f 2570//1 1408//1 2571//1
f 2571//1 1408//1 1409//1
f 2571//1 1409//1 2572//1
f 2572//1 1409//1 1410//1
f 2572//1 1410//1 2573//1
f 2573//1 1410//1 1411//1
f 2573//1 1411//1 2574//1
f 2574//1 1411//1 1412//1
f 2574//1 1412//1 2575//1
f 2575//1 1412//1 1413//1
f 2575//1 1413//1 2576//1
f 2576//1 1413//1 1414//1
f 2576//1 1414//1 2577//1
f 2577//1 1414//1 1415//1
f 2577//1 1415//1 2578//1
f 2578//1 1415//1 1416//1
f 2578//1 1416//1 2579//1
f 2579//1 1416//1 1417//1
f 2579//1 1417//1 2580//1
f 2580//1 1417//1 1418//1
f 2580//1 1418//1 2581//1
f 2581//1 1418//1 1419//1
f 2581//1 1419//1 2582//1
f 2582//1 1419//1 1420//1
f 2582//1 1420//1 2200//1
f 2200//1 1420//1 1421//1
f 1397//1 792//1 1396//1
f 1396//1 792//1 790//1
f 1396//1 790//1 1395//1
f 1395//1 790//1 788//1
f 1395//1 788//1 1394//1
f 1394//1 788//1 786//1
f 1394//1 786//1 1393//1
f 1393//1 786//1 784//1
f 1393//1 784//1 1392//1
f 1392//1 784//1 782//1
f 1392//1 782//1 1391//1
f 1391//1 782//1 780//1
f 1391//1 780//1 1390//1
f 1390//1 780//1 778//1
f 1390//1 778//1 1389//1
f 1389//1 778//1 776//1
f 1389//1 776//1 1388//1
f 1388//1 776//1 774//1
f 1388//1 774//1 1387//1
f 1387//1 774//1 772//1
f 1387//1 772//1 1386//1
f 1386//1 772//1 770//1
f 1386//1 770//1 1385//1
f 1385//1 770//1 768//1
f 1385//1 768//1 1384//1
f 1384//1 768//1 766//1
f 1384//1 766//1 1383//1
f 1383//1 766//1 764//1
f 1383//1 764//1 1382//1
f 1382//1 764//1 762//1
f 1382//1 762//1 1381//1
f 1381//1 762//1 760//1
f 1381//1 760//1 1380//1
f 1380//1 760//1 758//1
f 1211//1 2385//1 1209//1
f 1209//1 2385//1 2583//1
f 1209//1 2583//1 1207//1
f 1207//1 2583//1 2584//1
f 1207//1 2584//1 1205//1
f 1205//1 2584//1 2585//1
f 1205//1 2585//1 1200//1
f 1200//1 2585//1 2586//1
f 1200//1 2586//1 2587//1
f 2587//1 2586//1 2588//1
f 2587//1 2588//1 2589//1
f 2589//1 2588//1 2590//1
f 2589//1 2590//1 2591//1
f 2591//1 2590//1 2592//1
f 2591//1 2592//1 570//1
f 570//1 2592//1 572//1
f 2583//1 2385//1 2387//1
f 1811//1 2378//1 1812//1
f 1812//1 2378//1 1177//1
f 1812//1 1177//1 1179//1
f 1177//1 2378//1 2380//1
f 2583//1 2387//1 2593//1
f 2593//1 2387//1 2389//1
f 2593//1 2389//1 2594//1
f 2594//1 2389//1 2391//1
f 2594//1 2391//1 2595//1
f 2595//1 2391//1 2393//1
f 2595//1 2393//1 2596//1
f 2596//1 2393//1 2395//1
f 2596//1 2395//1 2597//1
f 2597//1 2395//1 2397//1
f 2597//1 2397//1 2598//1
f 2598//1 2397//1 2399//1
f 2598//1 2399//1 2599//1
f 2599//1 2399//1 2401//1
f 2599//1 2401//1 2600//1
f 2600//1 2401//1 2403//1
f 2600//1 2403//1 2601//1
f 2601//1 2403//1 2405//1
f 2601//1 2405//1 2602//1
f 2602//1 2405//1 2407//1
f 2602//1 2407//1 2603//1
f 2603//1 2407//1 2409//1
f 2603//1 2409//1 2604//1
f 2604//1 2409//1 2411//1
f 2604//1 2411//1 2605//1
f 2605//1 2411//1 2413//1
f 2605//1 2413//1 2606//1
f 2606//1 2413//1 2415//1
f 2606//1 2415//1 2607//1
f 2607//1 2415//1 2417//1
f 2607//1 2417//1 2608//1
f 2608//1 2417//1 1154//1
f 2608//1 1154//1 1156//1
f 1175//1 1177//1 2380//1
f 1175//1 2380//1 1204//1
f 2583//1 2593//1 2584//1
f 2584//1 2593//1 2609//1
f 2584//1 2609//1 2585//1
f 2585//1 2609//1 2610//1
f 2585//1 2610//1 2586//1
f 2586//1 2610//1 2611//1
f 2586//1 2611//1 2588//1
f 2588//1 2611//1 2612//1
f 2588//1 2612//1 2590//1
f 2590//1 2612//1 2613//1
f 2590//1 2613//1 2592//1
f 2592//1 2613//1 2614//1
f 2592//1 2614//1 572//1
f 572//1 2614//1 574//1
f 2609//1 2593//1 2594//1
f 1123//1 1170//1 1125//1
f 1125//1 1170//1 1173//1
f 1125//1 1173//1 1127//1
f 1171//1 1173//1 1170//1
f 2609//1 2594//1 2615//1
f 2615//1 2594//1 2595//1
f 2615//1 2595//1 2616//1
f 2616//1 2595//1 2596//1
f 2616//1 2596//1 2617//1
f 2617//1 2596//1 2597//1
f 2617//1 2597//1 2618//1
f 2618//1 2597//1 2598//1
f 2618//1 2598//1 2619//1
f 2619//1 2598//1 2599//1
f 2619//1 2599//1 2620//1
f 2620//1 2599//1 2600//1
f 2620//1 2600//1 2621//1
f 2621//1 2600//1 2601//1
f 2621//1 2601//1 2622//1
f 2622//1 2601//1 2602//1
f 2622//1 2602//1 2623//1
f 2623//1 2602//1 2603//1
f 2623//1 2603//1 2624//1
f 2624//1 2603//1 2604//1
f 2624//1 2604//1 2625//1
f 2625//1 2604//1 2605//1
f 2625//1 2605//1 2626//1
f 2626//1 2605//1 2606//1
f 2626//1 2606//1 2627//1
f 2627//1 2606//1 2607//1
f 2627//1 2607//1 2628//1
f 2628//1 2607//1 2608//1
f 2628//1 2608//1 2629//1
f 2629//1 2608//1 1156//1
f 2629//1 1156//1 1158//1
f 1195//1 1194//1 2587//1
f 2587//1 1194//1 1200//1
f 2609//1 2615//1 2610//1
f 2610//1 2615//1 2630//1
f 2610//1 2630//1 2611//1
f 2611//1 2630//1 2631//1
f 2611//1 2631//1 2612//1
f 2612//1 2631//1 2632//1
f 2612//1 2632//1 2613//1
f 2613//1 2632//1 2633//1
f 2613//1 2633//1 2614//1
f 2614//1 2633//1 2634//1
f 2614//1 2634//1 574//1
f 574//1 2634//1 576//1
f 2630//1 2615//1 2616//1
f 1196//1 1195//1 2589//1
f 2589//1 1195//1 2587//1
f 1131//1 1129//1 2113//1
f 2113//1 1129//1 1174//1
f 2630//1 2616//1 2635//1
f 2635//1 2616//1 2617//1
f 2635//1 2617//1 2636//1
f 2636//1 2617//1 2618//1
f 2636//1 2618//1 2637//1
f 2637//1 2618//1 2619//1
f 2637//1 2619//1 2638//1
f 2638//1 2619//1 2620//1
f 2638//1 2620//1 2639//1
f 2639//1 2620//1 2621//1
f 2639//1 2621//1 2640//1
f 2640//1 2621//1 2622//1
f 2640//1 2622//1 2641//1
f 2641//1 2622//1 2623//1
f 2641//1 2623//1 2642//1
f 2642//1 2623//1 2624//1
f 2642//1 2624//1 2643//1
f 2643//1 2624//1 2625//1
f 2643//1 2625//1 2644//1
f 2644//1 2625//1 2626//1
f 2644//1 2626//1 2645//1
f 2645//1 2626//1 2627//1
f 2645//1 2627//1 2646//1
f 2646//1 2627//1 2628//1
f 2646//1 2628//1 2647//1
f 2647//1 2628//1 2629//1
f 2647//1 2629//1 2648//1
f 2648//1 2629//1 1158//1
f 2648//1 1158//1 1160//1
f 568//1 1196//1 2591//1
f 2591//1 1196//1 2589//1
f 799//1 798//1 2649//1
f 2649//1 798//1 2566//1
f 2649//1 2566//1 2650//1
f 2650//1 2566//1 2567//1
f 2650//1 2567//1 2651//1
f 2651//1 2567//1 2568//1
f 2651//1 2568//1 2652//1
f 2652//1 2568//1 2569//1
f 2652//1 2569//1 2653//1
f 2653//1 2569//1 2570//1
f 2653//1 2570//1 2654//1
f 2654//1 2570//1 2571//1
f 2654//1 2571//1 2655//1
f 2655//1 2571//1 2572//1
f 2655//1 2572//1 2656//1
f 2656//1 2572//1 2573//1
f 2656//1 2573//1 2657//1
f 2657//1 2573//1 2574//1
f 2657//1 2574//1 2658//1
f 2658//1 2574//1 2575//1
f 2658//1 2575//1 2659//1
f 2659//1 2575//1 2576//1
f 2659//1 2576//1 2660//1
f 2660//1 2576//1 2577//1
f 2660//1 2577//1 2661//1
f 2661//1 2577//1 2578//1
f 2661//1 2578//1 2662//1
f 2662//1 2578//1 2579//1
f 2662//1 2579//1 2663//1
f 2663//1 2579//1 2580//1
f 2663//1 2580//1 2664//1
f 2664//1 2580//1 2581//1
f 2664//1 2581//1 2665//1
f 2665//1 2581//1 2582//1
f 2665//1 2582//1 2199//1
f 2199//1 2582//1 2200//1
f 1133//1 1131//1 2112//1
f 2112//1 1131//1 2113//1
f 2630//1 2635//1 2631//1
f 2631//1 2635//1 2666//1
f 2631//1 2666//1 2632//1
f 2632//1 2666//1 2667//1
f 2632//1 2667//1 2633//1
f 2633//1 2667//1 2668//1
f 2633//1 2668//1 2634//1
f 2634//1 2668//1 2669//1
f 2634//1 2669//1 576//1
f 576//1 2669//1 578//1
f 2666//1 2635//1 2636//1
f 570//1 568//1 2591//1
f 1810//1 1809//1 2382//1
f 2382//1 1809//1 2670//1
f 2382//1 2670//1 2383//1
f 2383//1 2670//1 2671//1
f 2383//1 2671//1 1212//1
f 1212//1 2671//1 1214//1
f 1213//1 1215//1 2434//1
f 2434//1 1215//1 2672//1
f 2434//1 2672//1 2435//1
f 2435//1 2672//1 2673//1
f 2435//1 2673//1 2437//1
f 2437//1 2673//1 2674//1
f 2437//1 2674//1 2439//1
f 2439//1 2674//1 2675//1
f 2439//1 2675//1 2441//1
f 2441//1 2675//1 2676//1
f 2441//1 2676//1 2443//1
f 2443//1 2676//1 2677//1
f 2443//1 2677//1 2445//1
f 2445//1 2677//1 2678//1
f 2445//1 2678//1 2447//1
f 2447//1 2678//1 2679//1
f 2447//1 2679//1 2449//1
f 2449//1 2679//1 2680//1
f 2449//1 2680//1 2451//1
f 2451//1 2680//1 2681//1
f 2451//1 2681//1 2453//1
f 2453//1 2681//1 2682//1
f 2453//1 2682//1 2455//1
f 2455//1 2682//1 2683//1
f 2455//1 2683//1 2457//1
f 2457//1 2683//1 2684//1
f 2457//1 2684//1 2459//1
f 2459//1 2684//1 2685//1
f 2459//1 2685//1 2461//1
f 2461//1 2685//1 787//1
f 2461//1 787//1 789//1
f 1809//1 1808//1 2670//1
f 2670//1 1808//1 2686//1
f 2670//1 2686//1 2671//1
f 2671//1 2686//1 2687//1
f 2671//1 2687//1 1214//1
f 1214//1 2687//1 1216//1
f 1215//1 1217//1 2672//1
f 2672//1 1217//1 2688//1
f 2672//1 2688//1 2673//1
f 2673//1 2688//1 2689//1
f 2673//1 2689//1 2674//1
f 2674//1 2689//1 2690//1
f 2674//1 2690//1 2675//1
f 2675//1 2690//1 2691//1
f 2675//1 2691//1 2676//1
f 2676//1 2691//1 2692//1
f 2676//1 2692//1 2677//1
f 2677//1 2692//1 2693//1
f 2677//1 2693//1 2678//1
f 2678//1 2693//1 2694//1
f 2678//1 2694//1 2679//1
f 2679//1 2694//1 2695//1
f 2679//1 2695//1 2680//1
f 2680//1 2695//1 2696//1
f 2680//1 2696//1 2681//1
f 2681//1 2696//1 2697//1
f 2681//1 2697//1 2682//1
f 2682//1 2697//1 2698//1
f 2682//1 2698//1 2683//1
f 2683//1 2698//1 2699//1
f 2683//1 2699//1 2684//1
f 2684//1 2699//1 2700//1
f 2684//1 2700//1 2685//1
f 2685//1 2700//1 785//1
f 2685//1 785//1 787//1
f 1808//1 1807//1 2686//1
f 2686//1 1807//1 2701//1
f 2686//1 2701//1 2687//1
f 2687//1 2701//1 2702//1
f 2687//1 2702//1 1216//1
f 1216//1 2702//1 1218//1
f 1217//1 1219//1 2688//1
f 2688//1 1219//1 2703//1
f 2688//1 2703//1 2689//1
f 2689//1 2703//1 2704//1
f 2689//1 2704//1 2690//1
f 2690//1 2704//1 2705//1
f 2690//1 2705//1 2691//1
f 2691//1 2705//1 2706//1
f 2691//1 2706//1 2692//1
f 2692//1 2706//1 2707//1
f 2692//1 2707//1 2693//1
f 2693//1 2707//1 2708//1
f 2693//1 2708//1 2694//1
f 2694//1 2708//1 2709//1
f 2694//1 2709//1 2695//1
f 2695//1 2709//1 2710//1
f 2695//1 2710//1 2696//1
f 2696//1 2710//1 2711//1
f 2696//1 2711//1 2697//1
f 2697//1 2711//1 2712//1
f 2697//1 2712//1 2698//1
f 2698//1 2712//1 2713//1
f 2698//1 2713//1 2699//1
f 2699//1 2713//1 2714//1
f 2699//1 2714//1 2700//1
f 2700//1 2714//1 783//1
f 2700//1 783//1 785//1
f 537//1 539//1 744//1
f 1807//1 1806//1 2701//1
f 2701//1 1806//1 2715//1
f 2701//1 2715//1 2702//1
f 2702//1 2715//1 2716//1
f 2702//1 2716//1 1218//1
f 1218//1 2716//1 1220//1
f 1219//1 1221//1 2703//1
f 2703//1 1221//1 2717//1
f 2703//1 2717//1 2704//1
f 2704//1 2717//1 2718//1
f 2704//1 2718//1 2705//1
f 2705//1 2718//1 2719//1
f 2705//1 2719//1 2706//1
f 2706//1 2719//1 2720//1
f 2706//1 2720//1 2707//1
f 2707//1 2720//1 2721//1
f 2707//1 2721//1 2708//1
f 2708//1 2721//1 2722//1
f 2708//1 2722//1 2709//1
f 2709//1 2722//1 2723//1
f 2709//1 2723//1 2710//1
f 2710//1 2723//1 2724//1
f 2710//1 2724//1 2711//1
f 2711//1 2724//1 2725//1
f 2711//1 2725//1 2712//1
f 2712//1 2725//1 2726//1
f 2712//1 2726//1 2713//1
f 2713//1 2726//1 2727//1
f 2713//1 2727//1 2714//1
f 2714//1 2727//1 781//1
f 2714//1 781//1 783//1
f 537//1 744//1 2728//1
f 2728//1 744//1 742//1
f 2728//1 742//1 2729//1
f 2729//1 742//1 740//1
f 2729//1 740//1 2730//1
f 2730//1 740//1 738//1
f 2730//1 738//1 2731//1
f 2731//1 738//1 736//1
f 2731//1 736//1 2732//1
f 2732//1 736//1 734//1
f 2732//1 734//1 2733//1
f 2733//1 734//1 732//1
f 2733//1 732//1 2734//1
f 2734//1 732//1 730//1
f 2734//1 730//1 2735//1
f 2735//1 730//1 728//1
f 2735//1 728//1 2736//1
f 2736//1 728//1 726//1
f 2736//1 726//1 2737//1
f 2737//1 726//1 724//1
f 2737//1 724//1 2738//1
f 2738//1 724//1 722//1
f 2738//1 722//1 1824//1
f 1824//1 722//1 720//1
f 1806//1 1805//1 2715//1
f 2715//1 1805//1 2739//1
f 2715//1 2739//1 2716//1
f 2716//1 2739//1 2740//1
f 2716//1 2740//1 1220//1
f 1220//1 2740//1 1222//1
f 1221//1 1223//1 2717//1
f 2717//1 1223//1 2741//1
f 2717//1 2741//1 2718//1
f 2718//1 2741//1 2742//1
f 2718//1 2742//1 2719//1
f 2719//1 2742//1 2743//1
f 2719//1 2743//1 2720//1
f 2720//1 2743//1 2744//1
f 2720//1 2744//1 2721//1
f 2721//1 2744//1 2745//1
f 2721//1 2745//1 2722//1
f 2722//1 2745//1 2746//1
f 2722//1 2746//1 2723//1
f 2723//1 2746//1 2747//1
f 2723//1 2747//1 2724//1
f 2724//1 2747//1 2748//1
f 2724//1 2748//1 2725//1
f 2725//1 2748//1 2749//1
f 2725//1 2749//1 2726//1
f 2726//1 2749//1 2750//1
f 2726//1 2750//1 2727//1
f 2727//1 2750//1 779//1
f 2727//1 779//1 781//1
f 537//1 2728//1 535//1
f 535//1 2728//1 2751//1
f 535//1 2751//1 533//1
f 533//1 2751//1 2752//1
f 533//1 2752//1 531//1
f 531//1 2752//1 2753//1
f 531//1 2753//1 529//1
f 529//1 2753//1 2754//1
f 529//1 2754//1 527//1
f 527//1 2754//1 2755//1
f 527//1 2755//1 525//1
f 525//1 2755//1 2756//1
f 525//1 2756//1 523//1
f 523//1 2756//1 2757//1
f 523//1 2757//1 521//1
f 521//1 2757//1 2758//1
f 521//1 2758//1 519//1
f 519//1 2758//1 2759//1
f 519//1 2759//1 517//1
f 517//1 2759//1 2760//1
f 517//1 2760//1 515//1
f 515//1 2760//1 1813//1
f 515//1 1813//1 513//1
f 2751//1 2728//1 2729//1
f 1805//1 1804//1 2739//1
f 2739//1 1804//1 2761//1
f 2739//1 2761//1 2740//1
f 2740//1 2761//1 2762//1
f 2740//1 2762//1 1222//1
f 1222//1 2762//1 1224//1
f 1223//1 1225//1 2741//1
f 2741//1 1225//1 2763//1
f 2741//1 2763//1 2742//1
f 2742//1 2763//1 2764//1
f 2742//1 2764//1 2743//1
f 2743//1 2764//1 2765//1
f 2743//1 2765//1 2744//1
f 2744//1 2765//1 2766//1
f 2744//1 2766//1 2745//1
f 2745//1 2766//1 2767//1
f 2745//1 2767//1 2746//1
f 2746//1 2767//1 2768//1
f 2746//1 2768//1 2747//1
f 2747//1 2768//1 2769//1
f 2747//1 2769//1 2748//1
f 2748//1 2769//1 2770//1
f 2748//1 2770//1 2749//1
f 2749//1 2770//1 2771//1
f 2749//1 2771//1 2750//1
f 2750//1 2771//1 777//1
f 2750//1 777//1 779//1
f 2751//1 2729//1 2772//1
f 2772//1 2729//1 2730//1
f 2772//1 2730//1 2773//1
f 2773//1 2730//1 2731//1
f 2773//1 2731//1 2774//1
f 2774//1 2731//1 2732//1
f 2774//1 2732//1 2775//1
f 2775//1 2732//1 2733//1
f 2775//1 2733//1 2776//1
f 2776//1 2733//1 2734//1
f 2776//1 2734//1 2777//1
f 2777//1 2734//1 2735//1
f 2777//1 2735//1 2778//1
f 2778//1 2735//1 2736//1
f 2778//1 2736//1 2779//1
f 2779//1 2736//1 2737//1
f 2779//1 2737//1 2780//1
f 2780//1 2737//1 2738//1
f 2780//1 2738//1 1823//1
f 1823//1 2738//1 1824//1
f 1804//1 1803//1 2761//1
f 2761//1 1803//1 2781//1
f 2761//1 2781//1 2762//1
f 2762//1 2781//1 2782//1
f 2762//1 2782//1 1224//1
f 1224//1 2782//1 1226//1
f 1225//1 1227//1 2763//1
f 2763//1 1227//1 2783//1
f 2763//1 2783//1 2764//1
f 2764//1 2783//1 2784//1
f 2764//1 2784//1 2765//1
f 2765//1 2784//1 2785//1
f 2765//1 2785//1 2766//1
f 2766//1 2785//1 2786//1
f 2766//1 2786//1 2767//1
f 2767//1 2786//1 2787//1
f 2767//1 2787//1 2768//1
f 2768//1 2787//1 2788//1
f 2768//1 2788//1 2769//1
f 2769//1 2788//1 2789//1
f 2769//1 2789//1 2770//1
f 2770//1 2789//1 2790//1
f 2770//1 2790//1 2771//1
f 2771//1 2790//1 775//1
f 2771//1 775//1 777//1
f 2751//1 2772//1 2752//1
f 2752//1 2772//1 2791//1
f 2752//1 2791//1 2753//1
f 2753//1 2791//1 2792//1
f 2753//1 2792//1 2754//1
f 2754//1 2792//1 2793//1
f 2754//1 2793//1 2755//1
f 2755//1 2793//1 2794//1
f 2755//1 2794//1 2756//1
f 2756//1 2794//1 2795//1
f 2756//1 2795//1 2757//1
f 2757//1 2795//1 2796//1
f 2757//1 2796//1 2758//1
f 2758//1 2796//1 2797//1
f 2758//1 2797//1 2759//1
f 2759//1 2797//1 2798//1
f 2759//1 2798//1 2760//1
f 2760//1 2798//1 1814//1
f 2760//1 1814//1 1813//1
f 2791//1 2772//1 2773//1
f 1803//1 1802//1 2781//1
f 2781//1 1802//1 2799//1
f 2781//1 2799//1 2782//1
f 2782//1 2799//1 2800//1
f 2782//1 2800//1 1226//1
f 1226//1 2800//1 1228//1
f 1227//1 1229//1 2783//1
f 2783//1 1229//1 2801//1
f 2783//1 2801//1 2784//1
f 2784//1 2801//1 2802//1
f 2784//1 2802//1 2785//1
f 2785//1 2802//1 2803//1
f 2785//1 2803//1 2786//1
f 2786//1 2803//1 2804//1
f 2786//1 2804//1 2787//1
f 2787//1 2804//1 2805//1
f 2787//1 2805//1 2788//1
f 2788//1 2805//1 2806//1
f 2788//1 2806//1 2789//1
f 2789//1 2806//1 2807//1
f 2789//1 2807//1 2790//1
f 2790//1 2807//1 773//1
f 2790//1 773//1 775//1
f 2791//1 2773//1 2808//1
f 2808//1 2773//1 2774//1
f 2808//1 2774//1 2809//1
f 2809//1 2774//1 2775//1
f 2809//1 2775//1 2810//1
f 2810//1 2775//1 2776//1
f 2810//1 2776//1 2811//1
f 2811//1 2776//1 2777//1
f 2811//1 2777//1 2812//1
f 2812//1 2777//1 2778//1
f 2812//1 2778//1 2813//1
f 2813//1 2778//1 2779//1
f 2813//1 2779//1 2814//1
f 2814//1 2779//1 2780//1
f 2814//1 2780//1 1822//1
f 1822//1 2780//1 1823//1
f 1802//1 1801//1 2799//1
f 2799//1 1801//1 2815//1
f 2799//1 2815//1 2800//1
f 2800//1 2815//1 2816//1
f 2800//1 2816//1 1228//1
f 1228//1 2816//1 1230//1
f 1229//1 1231//1 2801//1
f 2801//1 1231//1 2817//1
f 2801//1 2817//1 2802//1
f 2802//1 2817//1 2818//1
f 2802//1 2818//1 2803//1
f 2803//1 2818//1 2819//1
f 2803//1 2819//1 2804//1
f 2804//1 2819//1 2820//1
f 2804//1 2820//1 2805//1
f 2805//1 2820//1 2821//1
f 2805//1 2821//1 2806//1
f 2806//1 2821//1 2822//1
f 2806//1 2822//1 2807//1
f 2807//1 2822//1 771//1
f 2807//1 771//1 773//1
f 2791//1 2808//1 2792//1
f 2792//1 2808//1 2823//1
f 2792//1 2823//1 2793//1
f 2793//1 2823//1 2824//1
f 2793//1 2824//1 2794//1
f 2794//1 2824//1 2825//1
f 2794//1 2825//1 2795//1
f 2795//1 2825//1 2826//1
f 2795//1 2826//1 2796//1
f 2796//1 2826//1 2827//1
f 2796//1 2827//1 2797//1
f 2797//1 2827//1 2828//1
f 2797//1 2828//1 2798//1
f 2798//1 2828//1 1815//1
f 2798//1 1815//1 1814//1
f 2823//1 2808//1 2809//1
f 1801//1 1800//1 2815//1
f 2815//1 1800//1 2829//1
f 2815//1 2829//1 2816//1
f 2816//1 2829//1 2830//1
f 2816//1 2830//1 1230//1
f 1230//1 2830//1 1232//1
f 1231//1 1233//1 2817//1
f 2817//1 1233//1 2831//1
f 2817//1 2831//1 2818//1
f 2818//1 2831//1 2832//1
f 2818//1 2832//1 2819//1
f 2819//1 2832//1 2833//1
f 2819//1 2833//1 2820//1
f 2820//1 2833//1 2834//1
f 2820//1 2834//1 2821//1
f 2821//1 2834//1 2835//1
f 2821//1 2835//1 2822//1
f 2822//1 2835//1 769//1
f 2822//1 769//1 771//1
f 2823//1 2809//1 2836//1
f 2836//1 2809//1 2810//1
f 2836//1 2810//1 2837//1
f 2837//1 2810//1 2811//1
f 2837//1 2811//1 2838//1
f 2838//1 2811//1 2812//1
f 2838//1 2812//1 2839//1
f 2839//1 2812//1 2813//1
f 2839//1 2813//1 2840//1
f 2840//1 2813//1 2814//1
f 2840//1 2814//1 1821//1
f 1821//1 2814//1 1822//1
f 1800//1 1799//1 2829//1
f 2829//1 1799//1 2841//1
f 2829//1 2841//1 2830//1
f 2830//1 2841//1 2842//1
f 2830//1 2842//1 1232//1
f 1232//1 2842//1 1234//1
f 1233//1 1235//1 2831//1
f 2831//1 1235//1 2843//1
f 2831//1 2843//1 2832//1
f 2832//1 2843//1 2844//1
f 2832//1 2844//1 2833//1
f 2833//1 2844//1 2845//1
f 2833//1 2845//1 2834//1
f 2834//1 2845//1 2846//1
f 2834//1 2846//1 2835//1
f 2835//1 2846//1 767//1
f 2835//1 767//1 769//1
f 2823//1 2836//1 2824//1
f 2824//1 2836//1 2847//1
f 2824//1 2847//1 2825//1
f 2825//1 2847//1 2848//1
f 2825//1 2848//1 2826//1
f 2826//1 2848//1 2849//1
f 2826//1 2849//1 2827//1
f 2827//1 2849//1 2850//1
f 2827//1 2850//1 2828//1
f 2828//1 2850//1 1816//1
f 2828//1 1816//1 1815//1
f 2847//1 2836//1 2837//1
f 1799//1 1798//1 2841//1
f 2841//1 1798//1 2851//1
f 2841//1 2851//1 2842//1
f 2842//1 2851//1 2852//1
f 2842//1 2852//1 1234//1
f 1234//1 2852//1 1236//1
f 1235//1 1237//1 2843//1
f 2843//1 1237//1 2853//1
f 2843//1 2853//1 2844//1
f 2844//1 2853//1 2854//1
f 2844//1 2854//1 2845//1
f 2845//1 2854//1 2855//1
f 2845//1 2855//1 2846//1
f 2846//1 2855//1 765//1
f 2846//1 765//1 767//1
f 2847//1 2837//1 2856//1
f 2856//1 2837//1 2838//1
f 2856//1 2838//1 2857//1
f 2857//1 2838//1 2839//1
f 2857//1 2839//1 2858//1
f 2858//1 2839//1 2840//1
f 2858//1 2840//1 1820//1
f 1820//1 2840//1 1821//1
f 1798//1 1797//1 2851//1
f 2851//1 1797//1 2859//1
f 2851//1 2859//1 2852//1
f 2852//1 2859//1 2860//1
f 2852//1 2860//1 1236//1
f 1236//1 2860//1 1238//1
f 1237//1 1239//1 2853//1
f 2853//1 1239//1 2861//1
f 2853//1 2861//1 2854//1
f 2854//1 2861//1 2862//1
f 2854//1 2862//1 2855//1
f 2855//1 2862//1 763//1
f 2855//1 763//1 765//1
f 2847//1 2856//1 2848//1
f 2848//1 2856//1 2863//1
f 2848//1 2863//1 2849//1
f 2849//1 2863//1 2864//1
f 2849//1 2864//1 2850//1
f 2850//1 2864//1 1817//1
f 2850//1 1817//1 1816//1
f 2863//1 2856//1 2857//1
f 1797//1 1796//1 2859//1
f 2859//1 1796//1 2865//1
f 2859//1 2865//1 2860//1
f 2860//1 2865//1 2866//1
f 2860//1 2866//1 1238//1
f 1238//1 2866//1 1240//1
f 1239//1 1241//1 2861//1
f 2861//1 1241//1 2867//1
f 2861//1 2867//1 2862//1
f 2862//1 2867//1 761//1
f 2862//1 761//1 763//1
f 2863//1 2857//1 2868//1
f 2868//1 2857//1 2858//1
f 2868//1 2858//1 1819//1
f 1819//1 2858//1 1820//1
f 1796//1 1795//1 2865//1
f 2865//1 1795//1 2869//1
f 2865//1 2869//1 2866//1
f 2866//1 2869//1 1780//1
f 2866//1 1780//1 1240//1
f 759//1 761//1 2867//1
f 759//1 2867//1 1243//1
f 1243//1 2867//1 1241//1
f 2863//1 2868//1 2864//1
f 2864//1 2868//1 1818//1
f 2864//1 1818//1 1817//1
f 1818//1 2868//1 1819//1
f 1779//1 1780//1 2869//1
f 1779//1 2869//1 1794//1
f 1794//1 2869//1 1795//1
f 757//1 759//1 1243//1
f 1660//1 1679//1 1661//1
f 1661//1 1679//1 2870//1
f 1661//1 2870//1 1662//1
f 1662//1 2870//1 2871//1
f 1662//1 2871//1 1663//1
f 1663//1 2871//1 2872//1
f 1663//1 2872//1 1664//1
f 1664//1 2872//1 2873//1
f 1664//1 2873//1 1665//1
f 1665//1 2873//1 2874//1
f 1665//1 2874//1 1666//1
f 1666//1 2874//1 2875//1
f 1666//1 2875//1 1667//1
f 1667//1 2875//1 2876//1
f 1667//1 2876//1 1668//1
f 1668//1 2876//1 2877//1
f 1668//1 2877//1 1669//1
f 1669//1 2877//1 2878//1
f 1669//1 2878//1 1670//1
f 1670//1 2878//1 2879//1
f 1670//1 2879//1 1671//1
f 1671//1 2879//1 2880//1
f 1671//1 2880//1 1672//1
f 1672//1 2880//1 2881//1
f 1672//1 2881//1 1673//1
f 1673//1 2881//1 2882//1
f 1673//1 2882//1 1674//1
f 1674//1 2882//1 2883//1
f 1674//1 2883//1 1675//1
f 1675//1 2883//1 2884//1
f 1675//1 2884//1 1676//1
f 1676//1 2884//1 2090//1
f 1676//1 2090//1 1677//1
f 2870//1 1679//1 1680//1
f 1464//1 1465//1 1729//1
f 1729//1 1465//1 494//1
f 1464//1 1729//1 1730//1
f 2870//1 1680//1 2885//1
f 2885//1 1680//1 1681//1
f 2885//1 1681//1 2886//1
f 2886//1 1681//1 944//1
f 2886//1 944//1 942//1
f 1463//1 1464//1 1730//1
f 1463//1 1730//1 1731//1
f 2870//1 2885//1 2871//1
f 2871//1 2885//1 2887//1
f 2871//1 2887//1 2872//1
f 2872//1 2887//1 2888//1
f 2872//1 2888//1 2873//1
f 2873//1 2888//1 2889//1
f 2873//1 2889//1 2874//1
f 2874//1 2889//1 2890//1
f 2874//1 2890//1 2875//1
f 2875//1 2890//1 2891//1
f 2875//1 2891//1 2876//1
f 2876//1 2891//1 2892//1
f 2876//1 2892//1 2877//1
f 2877//1 2892//1 2893//1
f 2877//1 2893//1 2878//1
f 2878//1 2893//1 2894//1
f 2878//1 2894//1 2879//1
f 2879//1 2894//1 2895//1
f 2879//1 2895//1 2880//1
f 2880//1 2895//1 2896//1
f 2880//1 2896//1 2881//1
f 2881//1 2896//1 2897//1
f 2881//1 2897//1 2882//1
f 2882//1 2897//1 2898//1
f 2882//1 2898//1 2883//1
f 2883//1 2898//1 2899//1
f 2883//1 2899//1 2884//1
f 2884//1 2899//1 2091//1
f 2884//1 2091//1 2090//1
f 2887//1 2885//1 2886//1
f 1462//1 1463//1 1731//1
f 1462//1 1731//1 1732//1
f 943//1 696//1 694//1
f 2887//1 2886//1 2900//1
f 2900//1 2886//1 942//1
f 2900//1 942//1 940//1
f 1461//1 1462//1 1732//1
f 1461//1 1732//1 1733//1
f 2089//1 943//1 694//1
f 2089//1 694//1 692//1
f 2887//1 2900//1 2888//1
f 2888//1 2900//1 2901//1
f 2888//1 2901//1 2889//1
f 2889//1 2901//1 2902//1
f 2889//1 2902//1 2890//1
f 2890//1 2902//1 2903//1
f 2890//1 2903//1 2891//1
f 2891//1 2903//1 2904//1
f 2891//1 2904//1 2892//1
f 2892//1 2904//1 2905//1
f 2892//1 2905//1 2893//1
f 2893//1 2905//1 2906//1
f 2893//1 2906//1 2894//1
f 2894//1 2906//1 2907//1
f 2894//1 2907//1 2895//1
f 2895//1 2907//1 2908//1
f 2895//1 2908//1 2896//1
f 2896//1 2908//1 2909//1
f 2896//1 2909//1 2897//1
f 2897//1 2909//1 2910//1
f 2897//1 2910//1 2898//1
f 2898//1 2910//1 2911//1
f 2898//1 2911//1 2899//1
f 2899//1 2911//1 2092//1
f 2899//1 2092//1 2091//1
f 2901//1 2900//1 940//1
f 1460//1 1461//1 1733//1
f 1460//1 1733//1 1734//1
f 2088//1 2089//1 692//1
f 2088//1 692//1 690//1
f 2902//1 2901//1 938//1
f 938//1 2901//1 940//1
f 1459//1 1460//1 1734//1
f 1459//1 1734//1 1735//1
f 2087//1 2088//1 690//1
f 2087//1 690//1 688//1
f 2903//1 2902//1 936//1
f 936//1 2902//1 938//1
f 1458//1 1459//1 1735//1
f 1458//1 1735//1 1736//1
f 2086//1 2087//1 688//1
f 2086//1 688//1 686//1
f 2904//1 2903//1 934//1
f 934//1 2903//1 936//1
f 1457//1 1458//1 1736//1
f 1457//1 1736//1 1737//1
f 2085//1 2086//1 686//1
f 2085//1 686//1 684//1
f 2905//1 2904//1 932//1
f 932//1 2904//1 934//1
f 1456//1 1457//1 1737//1
f 1456//1 1737//1 1738//1
f 2084//1 2085//1 684//1
f 2084//1 684//1 682//1
f 2906//1 2905//1 930//1
f 930//1 2905//1 932//1
f 1455//1 1456//1 1738//1
f 1455//1 1738//1 1739//1
f 2083//1 2084//1 682//1
f 2083//1 682//1 680//1
f 2907//1 2906//1 928//1
f 928//1 2906//1 930//1
f 1454//1 1455//1 1739//1
f 1454//1 1739//1 1740//1
f 2082//1 2083//1 680//1
f 2082//1 680//1 678//1
f 2908//1 2907//1 926//1
f 926//1 2907//1 928//1
f 1453//1 1454//1 1740//1
f 1453//1 1740//1 1741//1
f 2081//1 2082//1 678//1
f 2081//1 678//1 676//1
f 2909//1 2908//1 924//1
f 924//1 2908//1 926//1
f 1452//1 1453//1 1741//1
f 1452//1 1741//1 1742//1
f 2080//1 2081//1 676//1
f 2080//1 676//1 674//1
f 2910//1 2909//1 922//1
f 922//1 2909//1 924//1
f 1451//1 1452//1 1742//1
f 1451//1 1742//1 1743//1
f 2079//1 2080//1 674//1
f 2079//1 674//1 672//1
f 2911//1 2910//1 920//1
f 920//1 2910//1 922//1
f 1450//1 1451//1 1743//1
f 1450//1 1743//1 1744//1
f 2078//1 2079//1 672//1
f 2078//1 672//1 670//1
f 2092//1 2911//1 918//1
f 918//1 2911//1 920//1
f 1449//1 1450//1 1744//1
f 1449//1 1744//1 1745//1
f 1024//1 652//1 650//1
f 1064//1 1062//1 1899//1
f 1899//1 1062//1 2912//1
f 1899//1 2912//1 1900//1
f 1900//1 2912//1 2913//1
f 1900//1 2913//1 1902//1
f 1902//1 2913//1 2914//1
f 1902//1 2914//1 1904//1
f 1904//1 2914//1 2915//1
f 1904//1 2915//1 1906//1
f 1906//1 2915//1 2916//1
f 1906//1 2916//1 1908//1
f 1908//1 2916//1 2917//1
f 1908//1 2917//1 1910//1
f 1910//1 2917//1 2918//1
f 1910//1 2918//1 1912//1
f 1912//1 2918//1 2919//1
f 1912//1 2919//1 1914//1
f 1914//1 2919//1 2920//1
f 1914//1 2920//1 1916//1
f 1916//1 2920//1 2921//1
f 1916//1 2921//1 1918//1
f 1918//1 2921//1 2922//1
f 1918//1 2922//1 1920//1
f 1920//1 2922//1 2923//1
f 1920//1 2923//1 1922//1
f 1922//1 2923//1 2924//1
f 1922//1 2924//1 1924//1
f 1924//1 2924//1 2925//1
f 1924//1 2925//1 1926//1
f 1926//1 2925//1 2926//1
f 1926//1 2926//1 1928//1
f 1928//1 2926//1 2927//1
f 1928//1 2927//1 1930//1
f 1930//1 2927//1 2375//1
f 1930//1 2375//1 1932//1
f 1024//1 650//1 2928//1
f 2928//1 650//1 648//1
f 2928//1 648//1 2929//1
f 2929//1 648//1 646//1
f 2929//1 646//1 2930//1
f 2930//1 646//1 644//1
f 2930//1 644//1 2931//1
f 2931//1 644//1 642//1
f 2931//1 642//1 2932//1
f 2932//1 642//1 640//1
f 2932//1 640//1 2933//1
f 2933//1 640//1 638//1
f 2933//1 638//1 2934//1
f 2934//1 638//1 636//1
f 2934//1 636//1 2935//1
f 2935//1 636//1 634//1
f 2935//1 634//1 2936//1
f 2936//1 634//1 632//1
f 2936//1 632//1 2937//1
f 2937//1 632//1 630//1
f 2937//1 630//1 2938//1
f 2938//1 630//1 628//1
f 2938//1 628//1 2939//1
f 2939//1 628//1 626//1
f 2939//1 626//1 2940//1
f 2940//1 626//1 624//1
f 2940//1 624//1 2941//1
f 2941//1 624//1 622//1
f 2941//1 622//1 2942//1
f 2942//1 622//1 620//1
f 2942//1 620//1 2376//1
f 1062//1 1060//1 2912//1
f 2912//1 1060//1 2943//1
f 2912//1 2943//1 2913//1
f 2913//1 2943//1 2944//1
f 2913//1 2944//1 2914//1
f 2914//1 2944//1 2945//1
f 2914//1 2945//1 2915//1
f 2915//1 2945//1 2946//1
f 2915//1 2946//1 2916//1
f 2916//1 2946//1 2947//1
f 2916//1 2947//1 2917//1
f 2917//1 2947//1 2948//1
f 2917//1 2948//1 2918//1
f 2918//1 2948//1 2949//1
f 2918//1 2949//1 2919//1
f 2919//1 2949//1 2950//1
f 2919//1 2950//1 2920//1
f 2920//1 2950//1 2951//1
f 2920//1 2951//1 2921//1
f 2921//1 2951//1 2952//1
f 2921//1 2952//1 2922//1
f 2922//1 2952//1 2953//1
f 2922//1 2953//1 2923//1
f 2923//1 2953//1 2954//1
f 2923//1 2954//1 2924//1
f 2924//1 2954//1 2955//1
f 2924//1 2955//1 2925//1
f 2925//1 2955//1 2956//1
f 2925//1 2956//1 2926//1
f 2926//1 2956//1 2957//1
f 2926//1 2957//1 2927//1
f 2927//1 2957//1 2374//1
f 2927//1 2374//1 2375//1
f 2358//1 1022//1 2928//1
f 2928//1 1022//1 1024//1
f 2358//1 2928//1 2929//1
f 1060//1 1058//1 2943//1
f 2943//1 1058//1 2958//1
f 2943//1 2958//1 2944//1
f 2944//1 2958//1 2959//1
f 2944//1 2959//1 2945//1
f 2945//1 2959//1 2960//1
f 2945//1 2960//1 2946//1
f 2946//1 2960//1 2961//1
f 2946//1 2961//1 2947//1
f 2947//1 2961//1 2962//1
f 2947//1 2962//1 2948//1
f 2948//1 2962//1 2963//1
f 2948//1 2963//1 2949//1
f 2949//1 2963//1 2964//1
f 2949//1 2964//1 2950//1
f 2950//1 2964//1 2965//1
f 2950//1 2965//1 2951//1
f 2951//1 2965//1 2966//1
f 2951//1 2966//1 2952//1
f 2952//1 2966//1 2967//1
f 2952//1 2967//1 2953//1
f 2953//1 2967//1 2968//1
f 2953//1 2968//1 2954//1
f 2954//1 2968//1 2969//1
f 2954//1 2969//1 2955//1
f 2955//1 2969//1 2970//1
f 2955//1 2970//1 2956//1
f 2956//1 2970//1 2971//1
f 2956//1 2971//1 2957//1
f 2957//1 2971//1 2373//1
f 2957//1 2373//1 2374//1
f 2357//1 2358//1 2929//1
f 2357//1 2929//1 2930//1
f 1058//1 1056//1 2958//1
f 2958//1 1056//1 2972//1
f 2958//1 2972//1 2959//1
f 2959//1 2972//1 2973//1
f 2959//1 2973//1 2960//1
f 2960//1 2973//1 2974//1
f 2960//1 2974//1 2961//1
f 2961//1 2974//1 2975//1
f 2961//1 2975//1 2962//1
f 2962//1 2975//1 2976//1
f 2962//1 2976//1 2963//1
f 2963//1 2976//1 2977//1
f 2963//1 2977//1 2964//1
f 2964//1 2977//1 2978//1
f 2964//1 2978//1 2965//1
f 2965//1 2978//1 2979//1
f 2965//1 2979//1 2966//1
f 2966//1 2979//1 2980//1
f 2966//1 2980//1 2967//1
f 2967//1 2980//1 2981//1
f 2967//1 2981//1 2968//1
f 2968//1 2981//1 2982//1
f 2968//1 2982//1 2969//1
f 2969//1 2982//1 2983//1
f 2969//1 2983//1 2970//1
f 2970//1 2983//1 2984//1
f 2970//1 2984//1 2971//1
f 2971//1 2984//1 2372//1
f 2971//1 2372//1 2373//1
f 498//1 1439//1 1438//1
f 2356//1 2357//1 2930//1
f 2356//1 2930//1 2931//1
f 1056//1 1054//1 2972//1
f 2972//1 1054//1 2985//1
f 2972//1 2985//1 2973//1
f 2973//1 2985//1 2986//1
f 2973//1 2986//1 2974//1
f 2974//1 2986//1 2987//1
f 2974//1 2987//1 2975//1
f 2975//1 2987//1 2988//1
f 2975//1 2988//1 2976//1
f 2976//1 2988//1 2989//1
f 2976//1 2989//1 2977//1
f 2977//1 2989//1 2990//1
f 2977//1 2990//1 2978//1
f 2978//1 2990//1 2991//1
f 2978//1 2991//1 2979//1
f 2979//1 2991//1 2992//1
f 2979//1 2992//1 2980//1
f 2980//1 2992//1 2993//1
f 2980//1 2993//1 2981//1
f 2981//1 2993//1 2994//1
f 2981//1 2994//1 2982//1
f 2982//1 2994//1 2995//1
f 2982//1 2995//1 2983//1
f 2983//1 2995//1 2996//1
f 2983//1 2996//1 2984//1
f 2984//1 2996//1 2371//1
f 2984//1 2371//1 2372//1
f 2355//1 2356//1 2931//1
f 2355//1 2931//1 2932//1
f 1054//1 1052//1 2985//1
f 2985//1 1052//1 2997//1
f 2985//1 2997//1 2986//1
f 2986//1 2997//1 2998//1
f 2986//1 2998//1 2987//1
f 2987//1 2998//1 2999//1
f 2987//1 2999//1 2988//1
f 2988//1 2999//1 3000//1
f 2988//1 3000//1 2989//1
f 2989//1 3000//1 3001//1
f 2989//1 3001//1 2990//1
f 2990//1 3001//1 3002//1
f 2990//1 3002//1 2991//1
f 2991//1 3002//1 3003//1
f 2991//1 3003//1 2992//1
f 2992//1 3003//1 3004//1
f 2992//1 3004//1 2993//1
f 2993//1 3004//1 3005//1
f 2993//1 3005//1 2994//1
f 2994//1 3005//1 3006//1
f 2994//1 3006//1 2995//1
f 2995//1 3006//1 3007//1
f 2995//1 3007//1 2996//1
f 2996//1 3007//1 2370//1
f 2996//1 2370//1 2371//1
f 2354//1 2355//1 2932//1
f 2354//1 2932//1 2933//1
f 1052//1 1050//1 2997//1
f 2997//1 1050//1 3008//1
f 2997//1 3008//1 2998//1
f 2998//1 3008//1 3009//1
f 2998//1 3009//1 2999//1
f 2999//1 3009//1 3010//1
f 2999//1 3010//1 3000//1
f 3000//1 3010//1 3011//1
f 3000//1 3011//1 3001//1
f 3001//1 3011//1 3012//1
f 3001//1 3012//1 3002//1
f 3002//1 3012//1 3013//1
f 3002//1 3013//1 3003//1
f 3003//1 3013//1 3014//1
f 3003//1 3014//1 3004//1
f 3004//1 3014//1 3015//1
f 3004//1 3015//1 3005//1
f 3005//1 3015//1 3016//1
f 3005//1 3016//1 3006//1
f 3006//1 3016//1 3017//1
f 3006//1 3017//1 3007//1
f 3007//1 3017//1 2369//1
f 3007//1 2369//1 2370//1
f 2353//1 2354//1 2933//1
f 2353//1 2933//1 2934//1
f 1050//1 1048//1 3008//1
f 3008//1 1048//1 3018//1
f 3008//1 3018//1 3009//1
f 3009//1 3018//1 3019//1
f 3009//1 3019//1 3010//1
f 3010//1 3019//1 3020//1
f 3010//1 3020//1 3011//1
f 3011//1 3020//1 3021//1
f 3011//1 3021//1 3012//1
f 3012//1 3021//1 3022//1
f 3012//1 3022//1 3013//1
f 3013//1 3022//1 3023//1
f 3013//1 3023//1 3014//1
f 3014//1 3023//1 3024//1
f 3014//1 3024//1 3015//1
f 3015//1 3024//1 3025//1
f 3015//1 3025//1 3016//1
f 3016//1 3025//1 3026//1
f 3016//1 3026//1 3017//1
f 3017//1 3026//1 2368//1
f 3017//1 2368//1 2369//1
f 2352//1 2353//1 2934//1
f 2352//1 2934//1 2935//1
f 1048//1 1046//1 3018//1
f 3018//1 1046//1 3027//1
f 3018//1 3027//1 3019//1
f 3019//1 3027//1 3028//1
f 3019//1 3028//1 3020//1
f 3020//1 3028//1 3029//1
f 3020//1 3029//1 3021//1
f 3021//1 3029//1 3030//1
f 3021//1 3030//1 3022//1
f 3022//1 3030//1 3031//1
f 3022//1 3031//1 3023//1
f 3023//1 3031//1 3032//1
f 3023//1 3032//1 3024//1
f 3024//1 3032//1 3033//1
f 3024//1 3033//1 3025//1
f 3025//1 3033//1 3034//1
f 3025//1 3034//1 3026//1
f 3026//1 3034//1 2367//1
f 3026//1 2367//1 2368//1
f 2351//1 2352//1 2935//1
f 2351//1 2935//1 2936//1
f 1046//1 1044//1 3027//1
f 3027//1 1044//1 3035//1
f 3027//1 3035//1 3028//1
f 3028//1 3035//1 3036//1
f 3028//1 3036//1 3029//1
f 3029//1 3036//1 3037//1
f 3029//1 3037//1 3030//1
f 3030//1 3037//1 3038//1
f 3030//1 3038//1 3031//1
f 3031//1 3038//1 3039//1
f 3031//1 3039//1 3032//1
f 3032//1 3039//1 3040//1
f 3032//1 3040//1 3033//1
f 3033//1 3040//1 3041//1
f 3033//1 3041//1 3034//1
f 3034//1 3041//1 2366//1
f 3034//1 2366//1 2367//1
f 2350//1 2351//1 2936//1
f 2350//1 2936//1 2937//1
f 1044//1 1042//1 3035//1
f 3035//1 1042//1 3042//1
f 3035//1 3042//1 3036//1
f 3036//1 3042//1 3043//1
f 3036//1 3043//1 3037//1
f 3037//1 3043//1 3044//1
f 3037//1 3044//1 3038//1
f 3038//1 3044//1 3045//1
f 3038//1 3045//1 3039//1
f 3039//1 3045//1 3046//1
f 3039//1 3046//1 3040//1
f 3040//1 3046//1 3047//1
f 3040//1 3047//1 3041//1
f 3041//1 3047//1 2365//1
f 3041//1 2365//1 2366//1
f 2349//1 2350//1 2937//1
f 2349//1 2937//1 2938//1
f 1042//1 1040//1 3042//1
f 3042//1 1040//1 3048//1
f 3042//1 3048//1 3043//1
f 3043//1 3048//1 3049//1
f 3043//1 3049//1 3044//1
f 3044//1 3049//1 3050//1
f 3044//1 3050//1 3045//1
f 3045//1 3050//1 3051//1
f 3045//1 3051//1 3046//1
f 3046//1 3051//1 3052//1
f 3046//1 3052//1 3047//1
f 3047//1 3052//1 2364//1
f 3047//1 2364//1 2365//1
f 2348//1 2349//1 2938//1
f 2348//1 2938//1 2939//1
f 1040//1 1038//1 3048//1
f 3048//1 1038//1 3053//1
f 3048//1 3053//1 3049//1
f 3049//1 3053//1 3054//1
f 3049//1 3054//1 3050//1
f 3050//1 3054//1 3055//1
f 3050//1 3055//1 3051//1
f 3051//1 3055//1 3056//1
f 3051//1 3056//1 3052//1
f 3052//1 3056//1 2363//1
f 3052//1 2363//1 2364//1
f 2347//1 2348//1 2939//1
f 2347//1 2939//1 2940//1
f 1038//1 1036//1 3053//1
f 3053//1 1036//1 3057//1
f 3053//1 3057//1 3054//1
f 3054//1 3057//1 3058//1
f 3054//1 3058//1 3055//1
f 3055//1 3058//1 3059//1
f 3055//1 3059//1 3056//1
f 3056//1 3059//1 2362//1
f 3056//1 2362//1 2363//1
f 2346//1 2347//1 2940//1
f 2346//1 2940//1 2941//1
f 1036//1 1034//1 3057//1
f 3057//1 1034//1 3060//1
f 3057//1 3060//1 3058//1
f 3058//1 3060//1 3061//1
f 3058//1 3061//1 3059//1
f 3059//1 3061//1 2361//1
f 3059//1 2361//1 2362//1
f 2345//1 2346//1 2941//1
f 2345//1 2941//1 2942//1
f 1034//1 1032//1 3060//1
f 3060//1 1032//1 3062//1
f 3060//1 3062//1 3061//1
f 3061//1 3062//1 2360//1
f 3061//1 2360//1 2361//1
f 2344//1 2345//1 2942//1
f 2344//1 2942//1 2376//1
f 2359//1 2360//1 3062//1
f 2359//1 3062//1 1030//1
f 1030//1 3062//1 1032//1
f 1028//1 2359//1 1030//1
f 1168//1 604//1 3063//1
f 3063//1 604//1 602//1
f 3063//1 602//1 3064//1
f 3064//1 602//1 600//1
f 3064//1 600//1 3065//1
f 3065//1 600//1 598//1
f 3065//1 598//1 3066//1
f 3066//1 598//1 596//1
f 3066//1 596//1 3067//1
f 3067//1 596//1 594//1
f 3067//1 594//1 3068//1
f 3068//1 594//1 592//1
f 3068//1 592//1 3069//1
f 3069//1 592//1 590//1
f 3069//1 590//1 3070//1
f 3070//1 590//1 588//1
f 3070//1 588//1 3071//1
f 3071//1 588//1 586//1
f 3071//1 586//1 3072//1
f 3072//1 586//1 584//1
f 3072//1 584//1 3073//1
f 3073//1 584//1 582//1
f 3073//1 582//1 3074//1
f 3074//1 582//1 580//1
f 3074//1 580//1 3075//1
f 3075//1 580//1 578//1
f 3075//1 578//1 2669//1
f 2096//1 2095//1 1165//1
f 1165//1 2095//1 1167//1
f 836//1 834//1 2167//1
f 2167//1 834//1 3076//1
f 2167//1 3076//1 2168//1
f 2168//1 3076//1 3077//1
f 2168//1 3077//1 2170//1
f 2170//1 3077//1 3078//1
f 2170//1 3078//1 2172//1
f 2172//1 3078//1 3079//1
f 2172//1 3079//1 2174//1
f 2174//1 3079//1 3080//1
f 2174//1 3080//1 2176//1
f 2176//1 3080//1 3081//1
f 2176//1 3081//1 2178//1
f 2178//1 3081//1 3082//1
f 2178//1 3082//1 2180//1
f 2180//1 3082//1 3083//1
f 2180//1 3083//1 2182//1
f 2182//1 3083//1 3084//1
f 2182//1 3084//1 2184//1
f 2184//1 3084//1 3085//1
f 2184//1 3085//1 2186//1
f 2186//1 3085//1 3086//1
f 2186//1 3086//1 2188//1
f 2188//1 3086//1 3087//1
f 2188//1 3087//1 2190//1
f 2190//1 3087//1 3088//1
f 2190//1 3088//1 2192//1
f 2192//1 3088//1 3089//1
f 2192//1 3089//1 2194//1
f 2194//1 3089//1 3090//1
f 2194//1 3090//1 2196//1
f 2196//1 3090//1 3091//1
f 2196//1 3091//1 2198//1
f 2198//1 3091//1 2665//1
f 2198//1 2665//1 2199//1
f 1168//1 3063//1 1166//1
f 1166//1 3063//1 3092//1
f 1166//1 3092//1 1164//1
f 1164//1 3092//1 3093//1
f 1164//1 3093//1 1162//1
f 1162//1 3093//1 3094//1
f 1162//1 3094//1 1160//1
f 1160//1 3094//1 2648//1
f 3092//1 3063//1 3064//1
f 2097//1 2096//1 1163//1
f 1163//1 2096//1 1165//1
f 834//1 832//1 3076//1
f 3076//1 832//1 3095//1
f 3076//1 3095//1 3077//1
f 3077//1 3095//1 3096//1
f 3077//1 3096//1 3078//1
f 3078//1 3096//1 3097//1
f 3078//1 3097//1 3079//1
f 3079//1 3097//1 3098//1
f 3079//1 3098//1 3080//1
f 3080//1 3098//1 3099//1
f 3080//1 3099//1 3081//1
f 3081//1 3099//1 3100//1
f 3081//1 3100//1 3082//1
f 3082//1 3100//1 3101//1
f 3082//1 3101//1 3083//1
f 3083//1 3101//1 3102//1
f 3083//1 3102//1 3084//1
f 3084//1 3102//1 3103//1
f 3084//1 3103//1 3085//1
f 3085//1 3103//1 3104//1
f 3085//1 3104//1 3086//1
f 3086//1 3104//1 3105//1
f 3086//1 3105//1 3087//1
f 3087//1 3105//1 3106//1
f 3087//1 3106//1 3088//1
f 3088//1 3106//1 3107//1
f 3088//1 3107//1 3089//1
f 3089//1 3107//1 3108//1
f 3089//1 3108//1 3090//1
f 3090//1 3108//1 3109//1
f 3090//1 3109//1 3091//1
f 3091//1 3109//1 2664//1
f 3091//1 2664//1 2665//1
f 3092//1 3064//1 3110//1
f 3110//1 3064//1 3065//1
f 3110//1 3065//1 3111//1
f 3111//1 3065//1 3066//1
f 3111//1 3066//1 3112//1
f 3112//1 3066//1 3067//1
f 3112//1 3067//1 3113//1
f 3113//1 3067//1 3068//1
f 3113//1 3068//1 3114//1
f 3114//1 3068//1 3069//1
f 3114//1 3069//1 3115//1
f 3115//1 3069//1 3070//1
f 3115//1 3070//1 3116//1
f 3116//1 3070//1 3071//1
f 3116//1 3071//1 3117//1
f 3117//1 3071//1 3072//1
f 3117//1 3072//1 3118//1
f 3118//1 3072//1 3073//1
f 3118//1 3073//1 3119//1
f 3119//1 3073//1 3074//1
f 3119//1 3074//1 3120//1
f 3120//1 3074//1 3075//1
f 3120//1 3075//1 3121//1
f 3121//1 3075//1 2669//1
f 3121//1 2669//1 2668//1
f 2098//1 2097//1 1161//1
f 1161//1 2097//1 1163//1
f 832//1 830//1 3095//1
f 3095//1 830//1 3122//1
f 3095//1 3122//1 3096//1
f 3096//1 3122//1 3123//1
f 3096//1 3123//1 3097//1
f 3097//1 3123//1 3124//1
f 3097//1 3124//1 3098//1
f 3098//1 3124//1 3125//1
f 3098//1 3125//1 3099//1
f 3099//1 3125//1 3126//1
f 3099//1 3126//1 3100//1
f 3100//1 3126//1 3127//1
f 3100//1 3127//1 3101//1
f 3101//1 3127//1 3128//1
f 3101//1 3128//1 3102//1
f 3102//1 3128//1 3129//1
f 3102//1 3129//1 3103//1
f 3103//1 3129//1 3130//1
f 3103//1 3130//1 3104//1
f 3104//1 3130//1 3131//1
f 3104//1 3131//1 3105//1
f 3105//1 3131//1 3132//1
f 3105//1 3132//1 3106//1
f 3106//1 3132//1 3133//1
f 3106//1 3133//1 3107//1
f 3107//1 3133//1 3134//1
f 3107//1 3134//1 3108//1
f 3108//1 3134//1 3135//1
f 3108//1 3135//1 3109//1
f 3109//1 3135//1 2663//1
f 3109//1 2663//1 2664//1
f 3092//1 3110//1 3093//1
f 3093//1 3110//1 3136//1
f 3093//1 3136//1 3094//1
f 3094//1 3136//1 3137//1
f 3094//1 3137//1 2648//1
f 2648//1 3137//1 2647//1
f 3136//1 3110//1 3111//1
f 2099//1 2098//1 1159//1
f 1159//1 2098//1 1161//1
f 830//1 828//1 3122//1
f 3122//1 828//1 3138//1
f 3122//1 3138//1 3123//1
f 3123//1 3138//1 3139//1
f 3123//1 3139//1 3124//1
f 3124//1 3139//1 3140//1
f 3124//1 3140//1 3125//1
f 3125//1 3140//1 3141//1
f 3125//1 3141//1 3126//1
f 3126//1 3141//1 3142//1
f 3126//1 3142//1 3127//1
f 3127//1 3142//1 3143//1
f 3127//1 3143//1 3128//1
f 3128//1 3143//1 3144//1
f 3128//1 3144//1 3129//1
f 3129//1 3144//1 3145//1
f 3129//1 3145//1 3130//1
f 3130//1 3145//1 3146//1
f 3130//1 3146//1 3131//1
f 3131//1 3146//1 3147//1
f 3131//1 3147//1 3132//1
f 3132//1 3147//1 3148//1
f 3132//1 3148//1 3133//1
f 3133//1 3148//1 3149//1
f 3133//1 3149//1 3134//1
f 3134//1 3149//1 3150//1
f 3134//1 3150//1 3135//1
f 3135//1 3150//1 2662//1
f 3135//1 2662//1 2663//1
f 3136//1 3111//1 3151//1
f 3151//1 3111//1 3112//1
f 3151//1 3112//1 3152//1
f 3152//1 3112//1 3113//1
f 3152//1 3113//1 3153//1
f 3153//1 3113//1 3114//1
f 3153//1 3114//1 3154//1
f 3154//1 3114//1 3115//1
f 3154//1 3115//1 3155//1
f 3155//1 3115//1 3116//1
f 3155//1 3116//1 3156//1
f 3156//1 3116//1 3117//1
f 3156//1 3117//1 3157//1
f 3157//1 3117//1 3118//1
f 3157//1 3118//1 3158//1
f 3158//1 3118//1 3119//1
f 3158//1 3119//1 3159//1
f 3159//1 3119//1 3120//1
f 3159//1 3120//1 3160//1
f 3160//1 3120//1 3121//1
f 3160//1 3121//1 3161//1
f 3161//1 3121//1 2668//1
f 3161//1 2668//1 2667//1
f 2100//1 2099//1 1157//1
f 1157//1 2099//1 1159//1
f 828//1 826//1 3138//1
f 3138//1 826//1 3162//1
f 3138//1 3162//1 3139//1
f 3139//1 3162//1 3163//1
f 3139//1 3163//1 3140//1
f 3140//1 3163//1 3164//1
f 3140//1 3164//1 3141//1
f 3141//1 3164//1 3165//1
f 3141//1 3165//1 3142//1
f 3142//1 3165//1 3166//1
f 3142//1 3166//1 3143//1
f 3143//1 3166//1 3167//1
f 3143//1 3167//1 3144//1
f 3144//1 3167//1 3168//1
f 3144//1 3168//1 3145//1
f 3145//1 3168//1 3169//1
f 3145//1 3169//1 3146//1
f 3146//1 3169//1 3170//1
f 3146//1 3170//1 3147//1
f 3147//1 3170//1 3171//1
f 3147//1 3171//1 3148//1
f 3148//1 3171//1 3172//1
f 3148//1 3172//1 3149//1
f 3149//1 3172//1 3173//1
f 3149//1 3173//1 3150//1
f 3150//1 3173//1 2661//1
f 3150//1 2661//1 2662//1
f 3136//1 3151//1 3137//1
f 3137//1 3151//1 3174//1
f 3137//1 3174//1 2647//1
f 2647//1 3174//1 2646//1
f 3174//1 3151//1 3152//1
f 2101//1 2100//1 1155//1
f 1155//1 2100//1 1157//1
f 826//1 824//1 3162//1
f 3162//1 824//1 3175//1
f 3162//1 3175//1 3163//1
f 3163//1 3175//1 3176//1
f 3163//1 3176//1 3164//1
f 3164//1 3176//1 3177//1
f 3164//1 3177//1 3165//1
f 3165//1 3177//1 3178//1
f 3165//1 3178//1 3166//1
f 3166//1 3178//1 3179//1
f 3166//1 3179//1 3167//1
f 3167//1 3179//1 3180//1
f 3167//1 3180//1 3168//1
f 3168//1 3180//1 3181//1
f 3168//1 3181//1 3169//1
f 3169//1 3181//1 3182//1
f 3169//1 3182//1 3170//1
f 3170//1 3182//1 3183//1
f 3170//1 3183//1 3171//1
f 3171//1 3183//1 3184//1
f 3171//1 3184//1 3172//1
f 3172//1 3184//1 3185//1
f 3172//1 3185//1 3173//1
f 3173//1 3185//1 2660//1
f 3173//1 2660//1 2661//1
f 3174//1 3152//1 3186//1
f 3186//1 3152//1 3153//1
f 3186//1 3153//1 3187//1
f 3187//1 3153//1 3154//1
f 3187//1 3154//1 3188//1
f 3188//1 3154//1 3155//1
f 3188//1 3155//1 3189//1
f 3189//1 3155//1 3156//1
f 3189//1 3156//1 3190//1
f 3190//1 3156//1 3157//1
f 3190//1 3157//1 3191//1
f 3191//1 3157//1 3158//1
f 3191//1 3158//1 3192//1
f 3192//1 3158//1 3159//1
f 3192//1 3159//1 3193//1
f 3193//1 3159//1 3160//1
f 3193//1 3160//1 3194//1
f 3194//1 3160//1 3161//1
f 3194//1 3161//1 3195//1
f 3195//1 3161//1 2667//1
f 3195//1 2667//1 2666//1
f 2102//1 2101//1 1153//1
f 1153//1 2101//1 1155//1
f 824//1 822//1 3175//1
f 3175//1 822//1 3196//1
f 3175//1 3196//1 3176//1
f 3176//1 3196//1 3197//1
f 3176//1 3197//1 3177//1
f 3177//1 3197//1 3198//1
f 3177//1 3198//1 3178//1
f 3178//1 3198//1 3199//1
f 3178//1 3199//1 3179//1
f 3179//1 3199//1 3200//1
f 3179//1 3200//1 3180//1
f 3180//1 3200//1 3201//1
f 3180//1 3201//1 3181//1
f 3181//1 3201//1 3202//1
f 3181//1 3202//1 3182//1
f 3182//1 3202//1 3203//1
f 3182//1 3203//1 3183//1
f 3183//1 3203//1 3204//1
f 3183//1 3204//1 3184//1
f 3184//1 3204//1 3205//1
f 3184//1 3205//1 3185//1
f 3185//1 3205//1 2659//1
f 3185//1 2659//1 2660//1
f 2645//1 2646//1 3186//1
f 3186//1 2646//1 3174//1
f 2645//1 3186//1 3187//1
f 2103//1 2102//1 1151//1
f 1151//1 2102//1 1153//1
f 822//1 820//1 3196//1
f 3196//1 820//1 3206//1
f 3196//1 3206//1 3197//1
f 3197//1 3206//1 3207//1
f 3197//1 3207//1 3198//1
f 3198//1 3207//1 3208//1
f 3198//1 3208//1 3199//1
f 3199//1 3208//1 3209//1
f 3199//1 3209//1 3200//1
f 3200//1 3209//1 3210//1
f 3200//1 3210//1 3201//1
f 3201//1 3210//1 3211//1
f 3201//1 3211//1 3202//1
f 3202//1 3211//1 3212//1
f 3202//1 3212//1 3203//1
f 3203//1 3212//1 3213//1
f 3203//1 3213//1 3204//1
f 3204//1 3213//1 3214//1
f 3204//1 3214//1 3205//1
f 3205//1 3214//1 2658//1
f 3205//1 2658//1 2659//1
f 2644//1 2645//1 3187//1
f 2644//1 3187//1 3188//1
f 2104//1 2103//1 1149//1
f 1149//1 2103//1 1151//1
f 820//1 818//1 3206//1
f 3206//1 818//1 3215//1
f 3206//1 3215//1 3207//1
f 3207//1 3215//1 3216//1
f 3207//1 3216//1 3208//1
f 3208//1 3216//1 3217//1
f 3208//1 3217//1 3209//1
f 3209//1 3217//1 3218//1
f 3209//1 3218//1 3210//1
f 3210//1 3218//1 3219//1
f 3210//1 3219//1 3211//1
f 3211//1 3219//1 3220//1
f 3211//1 3220//1 3212//1
f 3212//1 3220//1 3221//1
f 3212//1 3221//1 3213//1
f 3213//1 3221//1 3222//1
f 3213//1 3222//1 3214//1
f 3214//1 3222//1 2657//1
f 3214//1 2657//1 2658//1
f 2643//1 2644//1 3188//1
f 2643//1 3188//1 3189//1
f 2105//1 2104//1 1147//1
f 1147//1 2104//1 1149//1
f 818//1 816//1 3215//1
f 3215//1 816//1 3223//1
f 3215//1 3223//1 3216//1
f 3216//1 3223//1 3224//1
f 3216//1 3224//1 3217//1
f 3217//1 3224//1 3225//1
f 3217//1 3225//1 3218//1
f 3218//1 3225//1 3226//1
f 3218//1 3226//1 3219//1
f 3219//1 3226//1 3227//1
f 3219//1 3227//1 3220//1
f 3220//1 3227//1 3228//1
f 3220//1 3228//1 3221//1
f 3221//1 3228//1 3229//1
f 3221//1 3229//1 3222//1
f 3222//1 3229//1 2656//1
f 3222//1 2656//1 2657//1
f 2642//1 2643//1 3189//1
f 2642//1 3189//1 3190//1
f 2106//1 2105//1 1145//1
f 1145//1 2105//1 1147//1
f 816//1 814//1 3223//1
f 3223//1 814//1 3230//1
f 3223//1 3230//1 3224//1
f 3224//1 3230//1 3231//1
f 3224//1 3231//1 3225//1
f 3225//1 3231//1 3232//1
f 3225//1 3232//1 3226//1
f 3226//1 3232//1 3233//1
f 3226//1 3233//1 3227//1
f 3227//1 3233//1 3234//1
f 3227//1 3234//1 3228//1
f 3228//1 3234//1 3235//1
f 3228//1 3235//1 3229//1
f 3229//1 3235//1 2655//1
f 3229//1 2655//1 2656//1
f 2641//1 2642//1 3190//1
f 2641//1 3190//1 3191//1
f 2107//1 2106//1 1143//1
f 1143//1 2106//1 1145//1
f 814//1 812//1 3230//1
f 3230//1 812//1 3236//1
f 3230//1 3236//1 3231//1
f 3231//1 3236//1 3237//1
f 3231//1 3237//1 3232//1
f 3232//1 3237//1 3238//1
f 3232//1 3238//1 3233//1
f 3233//1 3238//1 3239//1
f 3233//1 3239//1 3234//1
f 3234//1 3239//1 3240//1
f 3234//1 3240//1 3235//1
f 3235//1 3240//1 2654//1
f 3235//1 2654//1 2655//1
f 498//1 1410//1 1409//1
f 2640//1 2641//1 3191//1
f 2640//1 3191//1 3192//1
f 2108//1 2107//1 1141//1
f 1141//1 2107//1 1143//1
f 812//1 810//1 3236//1
f 3236//1 810//1 3241//1
f 3236//1 3241//1 3237//1
f 3237//1 3241//1 3242//1
f 3237//1 3242//1 3238//1
f 3238//1 3242//1 3243//1
f 3238//1 3243//1 3239//1
f 3239//1 3243//1 3244//1
f 3239//1 3244//1 3240//1
f 3240//1 3244//1 2653//1
f 3240//1 2653//1 2654//1
f 2639//1 2640//1 3192//1
f 2639//1 3192//1 3193//1
f 2109//1 2108//1 1139//1
f 1139//1 2108//1 1141//1
f 810//1 808//1 3241//1
f 3241//1 808//1 3245//1
f 3241//1 3245//1 3242//1
f 3242//1 3245//1 3246//1
f 3242//1 3246//1 3243//1
f 3243//1 3246//1 3247//1
f 3243//1 3247//1 3244//1
f 3244//1 3247//1 2652//1
f 3244//1 2652//1 2653//1
f 2638//1 2639//1 3193//1
f 2638//1 3193//1 3194//1
f 2110//1 2109//1 1137//1
f 1137//1 2109//1 1139//1
f 808//1 806//1 3245//1
f 3245//1 806//1 3248//1
f 3245//1 3248//1 3246//1
f 3246//1 3248//1 3249//1
f 3246//1 3249//1 3247//1
f 3247//1 3249//1 2651//1
f 3247//1 2651//1 2652//1
f 2637//1 2638//1 3194//1
f 2637//1 3194//1 3195//1
f 2111//1 2110//1 1135//1
f 1135//1 2110//1 1137//1
f 806//1 804//1 3248//1
f 3248//1 804//1 3250//1
f 3248//1 3250//1 3249//1
f 3249//1 3250//1 2650//1
f 3249//1 2650//1 2651//1
f 2636//1 2637//1 3195//1
f 2636//1 3195//1 2666//1
f 2112//1 2111//1 1133//1
f 1133//1 2111//1 1135//1
f 2649//1 2650//1 3250//1
f 2649//1 3250//1 802//1
f 802//1 3250//1 804//1
f 799//1 2649//1 802//1
f 3251//1 3252//1 3253//1
f 3253//1 3252//1 3254//1
f 3253//1 3254//1 3255//1
f 3255//1 3254//1 3256//1
f 3257//1 3258//1 3256//1
f 3256//1 3258//1 3259//1
f 3256//1 3259//1 3255//1
f 3255//1 3259//1 3253//1
f 3253//1 3259//1 3251//1
f 3251//1 3259//1 3260//1
f 3251//1 3260//1 3261//1
f 3261//1 3260//1 3262//1
f 3261//1 3262//1 3263//1
f 3263//1 3262//1 3264//1
f 3264//1 3262//1 3265//1
f 3264//1 3265//1 3266//1
f 3266//1 3265//1 3267//1
f 3266//1 3267//1 3268//1
f 3268//1 3267//1 3269//1
f 3268//1 3269//1 3270//1
f 3270//1 3269//1 3271//1
f 3271//1 3269//1 3272//1
f 3271//1 3272//1 3273//1
f 3273//1 3272//1 3274//1
f 3273//1 3274//1 3275//1
f 3275//1 3274//1 3276//1
f 3276//1 3274//1 3277//1
f 3276//1 3277//1 3278//1
f 3278//1 3277//1 3279//1
f 3278//1 3279//1 3280//1
f 3280//1 3279//1 3281//1
f 3281//1 3279//1 3282//1
f 3281//1 3282//1 3283//1
f 3283//1 3282//1 3284//1
f 3283//1 3284//1 3285//1
f 3285//1 3284//1 3286//1
f 3285//1 3286//1 3287//1
f 3287//1 3286//1 3288//1
f 3288//1 3286//1 3289//1
f 3288//1 3289//1 3290//1
f 3290//1 3289//1 3291//1
f 3290//1 3291//1 3292//1
f 3292//1 3291//1 3293//1
f 3293//1 3291//1 3294//1
f 3293//1 3294//1 3295//1
f 3295//1 3294//1 3296//1
f 3295//1 3296//1 3297//1
f 3297//1 3296//1 3298//1
f 3297//1 3298//1 3299//1
f 3299//1 3298//1 3300//1
f 3300//1 3298//1 3301//1
f 3300//1 3301//1 3302//1
f 3302//1 3301//1 3303//1
f 3302//1 3303//1 3304//1
f 3304//1 3303//1 3305//1
f 3305//1 3303//1 3306//1
f 3305//1 3306//1 3307//1
f 3307//1 3306//1 3308//1
f 3307//1 3308//1 3309//1
f 3309//1 3308//1 3310//1
f 3309//1 3310//1 3311//1
f 3311//1 3310//1 3257//1
f 3257//1 3310//1 3258//1
f 3312//1 3303//1 3313//1
f 3313//1 3303//1 3301//1
f 3313//1 3301//1 3314//1
f 3314//1 3301//1 3298//1
f 3314//1 3298//1 3315//1
f 3315//1 3298//1 3296//1
f 3315//1 3296//1 3316//1
f 3316//1 3296//1 3294//1
f 3316//1 3294//1 3317//1
f 3317//1 3294//1 3291//1
f 3317//1 3291//1 3318//1
f 3318//1 3291//1 3289//1
f 3318//1 3289//1 3319//1
f 3319//1 3289//1 3286//1
f 3319//1 3286//1 3284//1
f 3312//1 3320//1 3303//1
f 3303//1 3320//1 3306//1
f 3306//1 3320//1 3321//1
f 3306//1 3321//1 3308//1
f 3308//1 3321//1 3322//1
f 3308//1 3322//1 3310//1
f 3310//1 3322//1 3323//1
f 3310//1 3323//1 3258//1
f 3258//1 3323//1 3324//1
f 3258//1 3324//1 3259//1
f 3259//1 3324//1 3260//1
f 3260//1 3324//1 3325//1
f 3260//1 3325//1 3262//1
f 3262//1 3325//1 3326//1
f 3262//1 3326//1 3265//1
f 3265//1 3326//1 3327//1
f 3265//1 3327//1 3267//1
f 3267//1 3327//1 3328//1
f 3267//1 3328//1 3269//1
f 3269//1 3328//1 3329//1
f 3269//1 3329//1 3272//1
f 3272//1 3329//1 3330//1
f 3272//1 3330//1 3331//1
f 3272//1 3331//1 3274//1
f 3274//1 3331//1 3332//1
f 3274//1 3332//1 3277//1
f 3277//1 3332//1 3333//1
f 3277//1 3333//1 3279//1
f 3279//1 3333//1 3334//1
f 3279//1 3334//1 3282//1
f 3282//1 3334//1 3335//1
f 3282//1 3335//1 3284//1
f 3284//1 3335//1 3319//1
f 563//1 304//1 3328//1
f 3328//1 304//1 303//1
f 3328//1 303//1 3329//1
f 3329//1 303//1 301//1
f 3329//1 301//1 3330//1
f 3330//1 301//1 300//1
f 3330//1 300//1 299//1
f 3330//1 299//1 3331//1
f 3331//1 299//1 298//1
f 3331//1 298//1 3332//1
f 3332//1 298//1 297//1
f 3332//1 297//1 3333//1
f 3333//1 297//1 296//1
f 3333//1 296//1 295//1
f 3333//1 295//1 3334//1
f 3334//1 295//1 293//1
f 3334//1 293//1 3335//1
f 3335//1 293//1 292//1
f 3335//1 292//1 3319//1
f 3319//1 292//1 291//1
f 3319//1 291//1 290//1
f 3319//1 290//1 3318//1
f 3318//1 290//1 289//1
f 3318//1 289//1 3317//1
f 3317//1 289//1 288//1
f 3317//1 288//1 3316//1
f 3316//1 288//1 287//1
f 3316//1 287//1 3315//1
f 3315//1 287//1 286//1
f 3315//1 286//1 285//1
f 3315//1 285//1 3314//1
f 3314//1 285//1 283//1
f 3314//1 283//1 3313//1
f 3313//1 283//1 281//1
f 3313//1 281//1 280//1
f 3313//1 280//1 3312//1
f 3312//1 280//1 278//1
f 3312//1 278//1 3320//1
f 3320//1 278//1 277//1
f 3320//1 277//1 3321//1
f 3321//1 277//1 552//1
f 3321//1 552//1 553//1
f 3321//1 553//1 3322//1
f 3322//1 553//1 554//1
f 3322//1 554//1 3323//1
f 3323//1 554//1 555//1
f 3323//1 555//1 556//1
f 3323//1 556//1 3324//1
f 3324//1 556//1 557//1
f 3324//1 557//1 558//1
f 3324//1 558//1 3325//1
f 3325//1 558//1 559//1
f 3325//1 559//1 561//1
f 3325//1 561//1 3326//1
f 3326//1 561//1 562//1
f 3326//1 562//1 3327//1
f 3327//1 562//1 563//1
f 3327//1 563//1 3328//1
f 449//1 3336//1 447//1
f 447//1 3336//1 3337//1
f 447//1 3337//1 445//1
f 445//1 3337//1 3338//1
f 445//1 3338//1 443//1
f 443//1 3338//1 3339//1
f 443//1 3339//1 441//1
f 441//1 3339//1 3340//1
f 441//1 3340//1 439//1
f 439//1 3340//1 3341//1
f 439//1 3341//1 437//1
f 437//1 3341//1 3342//1
f 437//1 3342//1 435//1
f 435//1 3342//1 3343//1
f 435//1 3343//1 433//1
f 433//1 3343//1 3344//1
f 433//1 3344//1 431//1
f 431//1 3344//1 3345//1
f 431//1 3345//1 429//1
f 429//1 3345//1 3346//1
f 429//1 3346//1 427//1
f 427//1 3346//1 3347//1
f 427//1 3347//1 425//1
f 425//1 3347//1 3348//1
f 425//1 3348//1 423//1
f 423//1 3348//1 3349//1
f 423//1 3349//1 421//1
f 421//1 3349//1 3350//1
f 421//1 3350//1 419//1
f 419//1 3350//1 3351//1
f 419//1 3351//1 417//1
f 417//1 3351//1 3352//1
f 417//1 3352//1 415//1
f 415//1 3352//1 3353//1
f 415//1 3353//1 413//1
f 413//1 3353//1 3354//1
f 413//1 3354//1 411//1
f 411//1 3354//1 3355//1
f 411//1 3355//1 409//1
f 409//1 3355//1 3356//1
f 409//1 3356//1 407//1
f 407//1 3356//1 3357//1
f 407//1 3357//1 405//1
f 405//1 3357//1 3358//1
f 405//1 3358//1 403//1
f 403//1 3358//1 3359//1
f 403//1 3359//1 401//1
f 401//1 3359//1 3360//1
f 401//1 3360//1 399//1
f 399//1 3360//1 3361//1
f 399//1 3361//1 397//1
f 397//1 3361//1 3362//1
f 397//1 3362//1 395//1
f 395//1 3362//1 3363//1
f 395//1 3363//1 393//1
f 393//1 3363//1 3364//1
f 393//1 3364//1 391//1
f 391//1 3364//1 3365//1
f 391//1 3365//1 389//1
f 389//1 3365//1 3366//1
f 389//1 3366//1 387//1
f 387//1 3366//1 3367//1
f 387//1 3367//1 385//1
f 385//1 3367//1 3368//1
f 385//1 3368//1 383//1
f 383//1 3368//1 3369//1
f 383//1 3369//1 381//1
f 381//1 3369//1 3370//1
f 381//1 3370//1 379//1
f 379//1 3370//1 3371//1
f 379//1 3371//1 377//1
f 377//1 3371//1 3372//1
f 377//1 3372//1 375//1
f 375//1 3372//1 3373//1
f 375//1 3373//1 3374//1
f 3336//1 449//1 3375//1
f 3375//1 449//1 451//1
f 3375//1 451//1 3376//1
f 3376//1 451//1 453//1
f 3376//1 453//1 3377//1
f 3377//1 453//1 455//1
f 3377//1 455//1 3378//1
f 3378//1 455//1 457//1
f 3378//1 457//1 3379//1
f 3379//1 457//1 459//1
f 3379//1 459//1 3380//1
f 3380//1 459//1 461//1
f 3380//1 461//1 3381//1
f 3381//1 461//1 463//1
f 3381//1 463//1 3382//1
f 3382//1 463//1 465//1
f 3382//1 465//1 3383//1
f 3383//1 465//1 467//1
f 3383//1 467//1 3384//1
f 3384//1 467//1 469//1
f 3384//1 469//1 3385//1
f 3385//1 469//1 471//1
f 3385//1 471//1 3386//1
f 3386//1 471//1 3387//1
f 3387//1 471//1 473//1
f 3387//1 473//1 3388//1
f 3388//1 473//1 475//1
f 3388//1 475//1 3389//1
f 3389//1 475//1 477//1
f 3389//1 477//1 3390//1
f 3390//1 477//1 479//1
f 3390//1 479//1 3391//1
f 3391//1 479//1 481//1
f 3391//1 481//1 3392//1
f 3392//1 481//1 483//1
f 3392//1 483//1 3393//1
f 3393//1 483//1 485//1
f 3393//1 485//1 3394//1
f 3394//1 485//1 487//1
f 3394//1 487//1 3395//1
f 3395//1 487//1 489//1
f 3395//1 489//1 3396//1
f 3396//1 489//1 491//1
f 3396//1 491//1 3397//1
f 3397//1 491//1 282//1
f 3397//1 282//1 3398//1
f 3398//1 282//1 284//1
f 3398//1 284//1 3399//1
f 3399//1 284//1 294//1
f 3399//1 294//1 3400//1
f 3400//1 294//1 305//1
f 3400//1 305//1 3401//1
f 3401//1 305//1 307//1
f 3401//1 307//1 3402//1
f 3402//1 307//1 309//1
f 3402//1 309//1 3403//1
f 3403//1 309//1 311//1
f 3403//1 311//1 3404//1
f 3404//1 311//1 313//1
f 3404//1 313//1 3405//1
f 3405//1 313//1 315//1
f 3405//1 315//1 3406//1
f 3406//1 315//1 317//1
f 3406//1 317//1 3407//1
f 3407//1 317//1 319//1
f 3407//1 319//1 3408//1
f 3408//1 319//1 321//1
f 3408//1 321//1 3409//1
f 3409//1 321//1 323//1
f 3409//1 323//1 3410//1
f 3410//1 323//1 325//1
f 3410//1 325//1 3411//1
f 3411//1 325//1 327//1
f 3411//1 327//1 3412//1
f 3412//1 327//1 329//1
f 3412//1 329//1 3413//1
f 3413//1 329//1 331//1
f 3413//1 331//1 3414//1
f 3414//1 331//1 333//1
f 3414//1 333//1 3415//1
f 3415//1 333//1 335//1
f 3415//1 335//1 3416//1
f 3416//1 335//1 337//1
f 3416//1 337//1 3417//1
f 3417//1 337//1 339//1
f 3417//1 339//1 3418//1
f 3418//1 339//1 341//1
f 3418//1 341//1 3419//1
f 3419//1 341//1 343//1
f 3419//1 343//1 3420//1
f 3420//1 343//1 345//1
f 3420//1 345//1 3421//1
f 3421//1 345//1 347//1
f 3421//1 347//1 3422//1
f 3422//1 347//1 349//1
f 3422//1 349//1 3423//1
f 3423//1 349//1 351//1
f 3423//1 351//1 3424//1
f 3424//1 351//1 353//1
f 3424//1 353//1 3425//1
f 3425//1 353//1 355//1
f 3425//1 355//1 3426//1
f 3426//1 355//1 357//1
f 3426//1 357//1 3427//1
f 3427//1 357//1 359//1
f 3427//1 359//1 3428//1
f 3428//1 359//1 361//1
f 3428//1 361//1 3429//1
f 3429//1 361//1 363//1
f 3429//1 363//1 3430//1
f 3430//1 363//1 365//1
f 3430//1 365//1 3431//1
f 3431//1 365//1 367//1
f 3431//1 367//1 3432//1
f 3432//1 367//1 369//1
f 3432//1 369//1 3433//1
f 3433//1 369//1 371//1
f 3433//1 371//1 3434//1
f 3434//1 371//1 373//1
f 3434//1 373//1 3374//1
f 3374//1 373//1 375//1
f 252//1 3435//1 251//1
f 251//1 3435//1 3436//1
f 251//1 3436//1 3437//1
f 3437//1 3436//1 3438//1
f 3437//1 3438//1 3439//1
f 3439//1 3438//1 3440//1
f 3439//1 3440//1 3441//1
f 3441//1 3440//1 3442//1
f 3441//1 3442//1 3443//1
f 3443//1 3442//1 3444//1
f 3443//1 3444//1 3445//1
f 3445//1 3444//1 3446//1
f 3445//1 3446//1 3447//1
f 3447//1 3446//1 3448//1
f 3447//1 3448//1 3449//1
f 3449//1 3448//1 3450//1
f 3449//1 3450//1 3451//1
f 3451//1 3450//1 3452//1
f 3451//1 3452//1 3453//1
f 3453//1 3452//1 3454//1
f 3453//1 3454//1 3455//1
f 3455//1 3454//1 3456//1
f 3455//1 3456//1 3457//1
f 3457//1 3456//1 3458//1
f 3457//1 3458//1 3459//1
f 3459//1 3458//1 3460//1
f 3459//1 3460//1 3461//1
f 3461//1 3460//1 3462//1
f 3461//1 3462//1 3463//1
f 3463//1 3462//1 3464//1
f 3463//1 3464//1 3465//1
f 3465//1 3464//1 3466//1
f 3465//1 3466//1 3467//1
f 3467//1 3466//1 3468//1
f 3467//1 3468//1 3469//1
f 3469//1 3468//1 3470//1
f 3469//1 3470//1 3471//1
f 3471//1 3470//1 3472//1
f 3471//1 3472//1 3473//1
f 3473//1 3472//1 3474//1
f 3473//1 3474//1 3475//1
f 3475//1 3474//1 3476//1
f 3475//1 3476//1 3477//1
f 253//1 3478//1 252//1
f 252//1 3478//1 3479//1
f 252//1 3479//1 3435//1
f 3435//1 3479//1 3480//1
f 3435//1 3480//1 3481//1
f 3481//1 3480//1 3482//1
f 3481//1 3482//1 3483//1
f 3483//1 3482//1 3484//1
f 3483//1 3484//1 3485//1
f 3485//1 3484//1 3486//1
f 3485//1 3486//1 3487//1
f 3487//1 3486//1 3488//1
f 3487//1 3488//1 3489//1
f 3489//1 3488//1 3490//1
f 3489//1 3490//1 3491//1
f 3491//1 3490//1 3492//1
f 3491//1 3492//1 3493//1
f 3493//1 3492//1 3494//1
f 3493//1 3494//1 3495//1
f 3495//1 3494//1 3496//1
f 3495//1 3496//1 3497//1
f 3497//1 3496//1 3498//1
f 3497//1 3498//1 3499//1
f 3499//1 3498//1 3500//1
f 3499//1 3500//1 3501//1
f 3501//1 3500//1 3502//1
f 3501//1 3502//1 3503//1
f 3503//1 3502//1 3504//1
f 3503//1 3504//1 3505//1
f 3505//1 3504//1 3506//1
f 3505//1 3506//1 3507//1
f 3507//1 3506//1 3508//1
f 3507//1 3508//1 3509//1
f 3509//1 3508//1 3510//1
f 3509//1 3510//1 3511//1
f 3511//1 3510//1 3512//1
f 3511//1 3512//1 3513//1
f 3513//1 3512//1 3514//1
f 3513//1 3514//1 3515//1
f 3515//1 3514//1 3516//1
f 3515//1 3516//1 3517//1
f 3517//1 3516//1 3518//1
f 3517//1 3518//1 3519//1
f 3519//1 3518//1 3520//1
f 3519//1 3520//1 3521//1
f 254//1 3522//1 253//1
f 253//1 3522//1 3523//1
f 253//1 3523//1 3478//1
f 3478//1 3523//1 3524//1
f 3478//1 3524//1 3525//1
f 3525//1 3524//1 3526//1
f 3525//1 3526//1 3527//1
f 3527//1 3526//1 3528//1
f 3527//1 3528//1 3529//1
f 3529//1 3528//1 3530//1
f 3529//1 3530//1 3531//1
f 3531//1 3530//1 3532//1
f 3531//1 3532//1 3533//1
f 3533//1 3532//1 3534//1
f 3533//1 3534//1 3535//1
f 3535//1 3534//1 3536//1
f 3535//1 3536//1 3537//1
f 3537//1 3536//1 3538//1
f 3537//1 3538//1 3539//1
f 3539//1 3538//1 3540//1
f 3539//1 3540//1 3541//1
f 3541//1 3540//1 3542//1
f 3541//1 3542//1 3543//1
f 3543//1 3542//1 3544//1
f 3543//1 3544//1 3545//1
f 3545//1 3544//1 3546//1
f 3545//1 3546//1 3547//1
f 3547//1 3546//1 3548//1
f 3547//1 3548//1 3549//1
f 3549//1 3548//1 3550//1
f 3549//1 3550//1 3551//1
f 3551//1 3550//1 3552//1
f 3551//1 3552//1 3553//1
f 3553//1 3552//1 3554//1
f 3553//1 3554//1 3555//1
f 3555//1 3554//1 3556//1
f 3555//1 3556//1 3557//1
f 3557//1 3556//1 3558//1
f 3557//1 3558//1 3559//1
f 3559//1 3558//1 3560//1
f 3559//1 3560//1 3561//1
f 3561//1 3560//1 3562//1
f 3561//1 3562//1 3563//1
f 3563//1 3562//1 3564//1
f 3563//1 3564//1 3565//1
f 3565//1 3564//1 3566//1
f 3565//1 3566//1 3567//1
f 3567//1 3566//1 3568//1
f 3567//1 3568//1 3569//1
f 3569//1 3568//1 3570//1
f 3569//1 3570//1 3571//1
f 3571//1 3570//1 3364//1
f 3571//1 3364//1 3363//1
f 255//1 3572//1 254//1
f 254//1 3572//1 3573//1
f 254//1 3573//1 3522//1
f 3522//1 3573//1 3574//1
f 3522//1 3574//1 3575//1
f 3575//1 3574//1 3576//1
f 3575//1 3576//1 3577//1
f 3577//1 3576//1 3578//1
f 3577//1 3578//1 3579//1
f 3579//1 3578//1 3580//1
f 3579//1 3580//1 3581//1
f 3581//1 3580//1 3582//1
f 3581//1 3582//1 3583//1
f 3583//1 3582//1 3584//1
f 3583//1 3584//1 3585//1
f 3585//1 3584//1 3586//1
f 3585//1 3586//1 3587//1
f 3587//1 3586//1 3588//1
f 3587//1 3588//1 3589//1
f 3589//1 3588//1 3590//1
f 3589//1 3590//1 3591//1
f 3591//1 3590//1 3592//1
f 3591//1 3592//1 3593//1
f 3593//1 3592//1 3594//1
f 3593//1 3594//1 3595//1
f 3595//1 3594//1 3596//1
f 3595//1 3596//1 3597//1
f 3597//1 3596//1 3598//1
f 3597//1 3598//1 3599//1
f 3599//1 3598//1 3600//1
f 3599//1 3600//1 3601//1
f 3601//1 3600//1 3602//1
f 3601//1 3602//1 3603//1
f 3603//1 3602//1 3604//1
f 3603//1 3604//1 3605//1
f 3605//1 3604//1 3606//1
f 3605//1 3606//1 3607//1
f 3607//1 3606//1 3608//1
f 3607//1 3608//1 3609//1
f 3609//1 3608//1 3610//1
f 3609//1 3610//1 3611//1
f 3611//1 3610//1 3612//1
f 3611//1 3612//1 3613//1
f 3613//1 3612//1 3614//1
f 3613//1 3614//1 3615//1
f 3615//1 3614//1 3616//1
f 3615//1 3616//1 3617//1
f 3617//1 3616//1 3618//1
f 3617//1 3618//1 3619//1
f 3619//1 3618//1 3620//1
f 3619//1 3620//1 3621//1
f 3621//1 3620//1 3366//1
f 3621//1 3366//1 3365//1
f 256//1 3622//1 255//1
f 255//1 3622//1 3623//1
f 255//1 3623//1 3572//1
f 3572//1 3623//1 3624//1
f 3572//1 3624//1 3625//1
f 3625//1 3624//1 3626//1
f 3625//1 3626//1 3627//1
f 3627//1 3626//1 3628//1
f 3627//1 3628//1 3629//1
f 3629//1 3628//1 3630//1
f 3629//1 3630//1 3631//1
f 3631//1 3630//1 3632//1
f 3631//1 3632//1 3633//1
f 3633//1 3632//1 3634//1
f 3633//1 3634//1 3635//1
f 3635//1 3634//1 3636//1
f 3635//1 3636//1 3637//1
f 3637//1 3636//1 3638//1
f 3637//1 3638//1 3639//1
f 3639//1 3638//1 3640//1
f 3639//1 3640//1 3641//1
f 3641//1 3640//1 3642//1
f 3641//1 3642//1 3643//1
f 3643//1 3642//1 3644//1
f 3643//1 3644//1 3645//1
f 3645//1 3644//1 3646//1
f 3645//1 3646//1 3647//1
f 3647//1 3646//1 3648//1
f 3647//1 3648//1 3649//1
f 3649//1 3648//1 3650//1
f 3649//1 3650//1 3651//1
f 3651//1 3650//1 3652//1
f 3651//1 3652//1 3653//1
f 3653//1 3652//1 3654//1
f 3653//1 3654//1 3655//1
f 3655//1 3654//1 3656//1
f 3655//1 3656//1 3657//1
f 3657//1 3656//1 3658//1
f 3657//1 3658//1 3659//1
f 3659//1 3658//1 3660//1
f 3659//1 3660//1 3661//1
f 3661//1 3660//1 3662//1
f 3661//1 3662//1 3663//1
f 3663//1 3662//1 3664//1
f 3663//1 3664//1 3665//1
f 3665//1 3664//1 3666//1
f 3665//1 3666//1 3667//1
f 3667//1 3666//1 3668//1
f 3667//1 3668//1 3669//1
f 3669//1 3668//1 3670//1
f 3669//1 3670//1 3671//1
f 3671//1 3670//1 3368//1
f 3671//1 3368//1 3367//1
f 257//1 3672//1 256//1
f 256//1 3672//1 3673//1
f 256//1 3673//1 3622//1
f 3622//1 3673//1 3674//1
f 3622//1 3674//1 3675//1
f 3675//1 3674//1 3676//1
f 3675//1 3676//1 3677//1
f 3677//1 3676//1 3678//1
f 3677//1 3678//1 3679//1
f 3679//1 3678//1 3680//1
f 3679//1 3680//1 3681//1
f 3681//1 3680//1 3682//1
f 3681//1 3682//1 3683//1
f 3683//1 3682//1 3684//1
f 3683//1 3684//1 3685//1
f 3685//1 3684//1 3686//1
f 3685//1 3686//1 3687//1
f 3687//1 3686//1 3688//1
f 3687//1 3688//1 3689//1
f 3689//1 3688//1 3690//1
f 3689//1 3690//1 3691//1
f 3691//1 3690//1 3692//1
f 3691//1 3692//1 3693//1
f 3693//1 3692//1 3694//1
f 3693//1 3694//1 3695//1
f 3695//1 3694//1 3696//1
f 3695//1 3696//1 3697//1
f 3697//1 3696//1 3698//1
f 3697//1 3698//1 3699//1
f 3699//1 3698//1 3700//1
f 3699//1 3700//1 3701//1
f 3701//1 3700//1 3702//1
f 3701//1 3702//1 3703//1
f 3703//1 3702//1 3704//1
f 3703//1 3704//1 3705//1
f 3705//1 3704//1 3706//1
f 3705//1 3706//1 3707//1
f 3707//1 3706//1 3708//1
f 3707//1 3708//1 3709//1
f 3709//1 3708//1 3710//1
f 3709//1 3710//1 3711//1
f 3711//1 3710//1 3712//1
f 3711//1 3712//1 3713//1
f 3713//1 3712//1 3714//1
f 3713//1 3714//1 3715//1
f 3715//1 3714//1 3716//1
f 3715//1 3716//1 3717//1
f 3717//1 3716//1 3718//1
f 3717//1 3718//1 3719//1
f 3719//1 3718//1 3720//1
f 3719//1 3720//1 3721//1
f 3721//1 3720//1 3370//1
f 3721//1 3370//1 3369//1
f 258//1 3722//1 257//1
f 257//1 3722//1 3723//1
f 257//1 3723//1 3672//1
f 3672//1 3723//1 3724//1
f 3672//1 3724//1 3725//1
f 3725//1 3724//1 3726//1
f 3725//1 3726//1 3727//1
f 3727//1 3726//1 3728//1
f 3727//1 3728//1 3729//1
f 3729//1 3728//1 3730//1
f 3729//1 3730//1 3731//1
f 3731//1 3730//1 3732//1
f 3731//1 3732//1 3733//1
f 3733//1 3732//1 3734//1
f 3733//1 3734//1 3735//1
f 3735//1 3734//1 3736//1
f 3735//1 3736//1 3737//1
f 3737//1 3736//1 3738//1
f 3737//1 3738//1 3739//1
f 3739//1 3738//1 3740//1
f 3739//1 3740//1 3741//1
f 3741//1 3740//1 3742//1
f 3741//1 3742//1 3743//1
f 3743//1 3742//1 3744//1
f 3743//1 3744//1 3745//1
f 3745//1 3744//1 3746//1
f 3745//1 3746//1 3747//1
f 3747//1 3746//1 3748//1
f 3747//1 3748//1 3749//1
f 3749//1 3748//1 3750//1
f 3749//1 3750//1 3751//1
f 3751//1 3750//1 3752//1
f 3751//1 3752//1 3753//1
f 3753//1 3752//1 3754//1
f 3753//1 3754//1 3755//1
f 3755//1 3754//1 3756//1
f 3755//1 3756//1 3757//1
f 3757//1 3756//1 3758//1
f 3757//1 3758//1 3759//1
f 3759//1 3758//1 3760//1
f 3759//1 3760//1 3761//1
f 3761//1 3760//1 3762//1
f 3761//1 3762//1 3763//1
f 3763//1 3762//1 3764//1
f 3763//1 3764//1 3765//1
f 3765//1 3764//1 3766//1
f 3765//1 3766//1 3767//1
f 3767//1 3766//1 3768//1
f 3767//1 3768//1 3769//1
f 3769//1 3768//1 3770//1
f 3769//1 3770//1 3771//1
f 3771//1 3770//1 3372//1
f 3771//1 3372//1 3371//1
f 260//1 3772//1 258//1
f 258//1 3772//1 3773//1
f 258//1 3773//1 3722//1
f 3722//1 3773//1 3774//1
f 3722//1 3774//1 3775//1
f 3775//1 3774//1 3776//1
f 3775//1 3776//1 3777//1
f 3777//1 3776//1 3778//1
f 3777//1 3778//1 3779//1
f 3779//1 3778//1 3780//1
f 3779//1 3780//1 3781//1
f 3781//1 3780//1 3782//1
f 3781//1 3782//1 3783//1
f 3783//1 3782//1 3784//1
f 3783//1 3784//1 3785//1
f 3785//1 3784//1 3786//1
f 3785//1 3786//1 3787//1
f 3787//1 3786//1 3788//1
f 3787//1 3788//1 3789//1
f 3789//1 3788//1 3790//1
f 3789//1 3790//1 3791//1
f 3791//1 3790//1 3792//1
f 3791//1 3792//1 3793//1
f 3793//1 3792//1 3794//1
f 3793//1 3794//1 3795//1
f 3795//1 3794//1 3796//1
f 3795//1 3796//1 3797//1
f 3797//1 3796//1 3798//1
f 3797//1 3798//1 3799//1
f 3799//1 3798//1 3800//1
f 3799//1 3800//1 3801//1
f 3801//1 3800//1 3802//1
f 3801//1 3802//1 3803//1
f 3803//1 3802//1 3804//1
f 3803//1 3804//1 3805//1
f 3805//1 3804//1 3806//1
f 3805//1 3806//1 3807//1
f 3807//1 3806//1 3808//1
f 3807//1 3808//1 3809//1
f 3809//1 3808//1 3810//1
f 3809//1 3810//1 3811//1
f 3811//1 3810//1 3812//1
f 3811//1 3812//1 3813//1
f 3813//1 3812//1 3814//1
f 3813//1 3814//1 3815//1
f 3815//1 3814//1 3816//1
f 3815//1 3816//1 3817//1
f 3817//1 3816//1 3818//1
f 3817//1 3818//1 3819//1
f 3819//1 3818//1 3820//1
f 3819//1 3820//1 3821//1
f 3821//1 3820//1 3374//1
f 3821//1 3374//1 3373//1
f 259//1 3822//1 260//1
f 260//1 3822//1 3823//1
f 260//1 3823//1 3772//1
f 3772//1 3823//1 3824//1
f 3772//1 3824//1 3825//1
f 3825//1 3824//1 3826//1
f 3825//1 3826//1 3827//1
f 3827//1 3826//1 3828//1
f 3827//1 3828//1 3829//1
f 3829//1 3828//1 3830//1
f 3829//1 3830//1 3831//1
f 3831//1 3830//1 3832//1
f 3831//1 3832//1 3833//1
f 3833//1 3832//1 3834//1
f 3833//1 3834//1 3835//1
f 3835//1 3834//1 3836//1
f 3835//1 3836//1 3837//1
f 3837//1 3836//1 3838//1
f 3837//1 3838//1 3839//1
f 3839//1 3838//1 3840//1
f 3839//1 3840//1 3841//1
f 3841//1 3840//1 3842//1
f 3841//1 3842//1 3843//1
f 3843//1 3842//1 3844//1
f 3843//1 3844//1 3845//1
f 3845//1 3844//1 3846//1
f 3845//1 3846//1 3847//1
f 3847//1 3846//1 3848//1
f 3847//1 3848//1 3849//1
f 3849//1 3848//1 3850//1
f 3849//1 3850//1 3851//1
f 3851//1 3850//1 3852//1
f 3851//1 3852//1 3853//1
f 3853//1 3852//1 3854//1
f 3853//1 3854//1 3855//1
f 3855//1 3854//1 3856//1
f 3855//1 3856//1 3857//1
f 3857//1 3856//1 3858//1
f 3857//1 3858//1 3859//1
f 3859//1 3858//1 3860//1
f 3859//1 3860//1 3861//1
f 3861//1 3860//1 3862//1
f 3861//1 3862//1 3863//1
f 3863//1 3862//1 3864//1
f 3863//1 3864//1 3865//1
f 3865//1 3864//1 3866//1
f 3865//1 3866//1 3867//1
f 3867//1 3866//1 3868//1
f 3867//1 3868//1 3869//1
f 3869//1 3868//1 3870//1
f 3869//1 3870//1 3871//1
f 3871//1 3870//1 3433//1
f 3871//1 3433//1 3434//1
f 261//1 3872//1 259//1
f 259//1 3872//1 3873//1
f 259//1 3873//1 3822//1
f 3822//1 3873//1 3874//1
f 3822//1 3874//1 3875//1
f 3875//1 3874//1 3876//1
f 3875//1 3876//1 3877//1
f 3877//1 3876//1 3878//1
f 3877//1 3878//1 3879//1
f 3879//1 3878//1 3880//1
f 3879//1 3880//1 3881//1
f 3881//1 3880//1 3882//1
f 3881//1 3882//1 3883//1
f 3883//1 3882//1 3884//1
f 3883//1 3884//1 3885//1
f 3885//1 3884//1 3886//1
f 3885//1 3886//1 3887//1
f 3887//1 3886//1 3888//1
f 3887//1 3888//1 3889//1
f 3889//1 3888//1 3890//1
f 3889//1 3890//1 3891//1
f 3891//1 3890//1 3892//1
f 3891//1 3892//1 3893//1
f 3893//1 3892//1 3894//1
f 3893//1 3894//1 3895//1
f 3895//1 3894//1 3896//1
f 3895//1 3896//1 3897//1
f 3897//1 3896//1 3898//1
f 3897//1 3898//1 3899//1
f 3899//1 3898//1 3900//1
f 3899//1 3900//1 3901//1
f 3901//1 3900//1 3902//1
f 3901//1 3902//1 3903//1
f 3903//1 3902//1 3904//1
f 3903//1 3904//1 3905//1
f 3905//1 3904//1 3906//1
f 3905//1 3906//1 3907//1
f 3907//1 3906//1 3908//1
f 3907//1 3908//1 3909//1
f 3909//1 3908//1 3910//1
f 3909//1 3910//1 3911//1
f 3911//1 3910//1 3912//1
f 3911//1 3912//1 3913//1
f 3913//1 3912//1 3914//1
f 3913//1 3914//1 3915//1
f 3915//1 3914//1 3916//1
f 3915//1 3916//1 3917//1
f 3917//1 3916//1 3918//1
f 3917//1 3918//1 3919//1
f 3919//1 3918//1 3920//1
f 3919//1 3920//1 3921//1
f 3921//1 3920//1 3431//1
f 3921//1 3431//1 3432//1
f 262//1 3922//1 261//1
f 261//1 3922//1 3923//1
f 261//1 3923//1 3872//1
f 3872//1 3923//1 3924//1
f 3872//1 3924//1 3925//1
f 3925//1 3924//1 3926//1
f 3925//1 3926//1 3927//1
f 3927//1 3926//1 3928//1
f 3927//1 3928//1 3929//1
f 3929//1 3928//1 3930//1
f 3929//1 3930//1 3931//1
f 3931//1 3930//1 3932//1
f 3931//1 3932//1 3933//1
f 3933//1 3932//1 3934//1
f 3933//1 3934//1 3935//1
f 3935//1 3934//1 3936//1
f 3935//1 3936//1 3937//1
f 3937//1 3936//1 3938//1
f 3937//1 3938//1 3939//1
f 3939//1 3938//1 3940//1
f 3939//1 3940//1 3941//1
f 3941//1 3940//1 3942//1
f 3941//1 3942//1 3943//1
f 3943//1 3942//1 3944//1
f 3943//1 3944//1 3945//1
f 3945//1 3944//1 3946//1
f 3945//1 3946//1 3947//1
f 3947//1 3946//1 3948//1
f 3947//1 3948//1 3949//1
f 3949//1 3948//1 3950//1
f 3949//1 3950//1 3951//1
f 3951//1 3950//1 3952//1
f 3951//1 3952//1 3953//1
f 3953//1 3952//1 3954//1
f 3953//1 3954//1 3955//1
f 3955//1 3954//1 3956//1
f 3955//1 3956//1 3957//1
f 3957//1 3956//1 3958//1
f 3957//1 3958//1 3959//1
f 3959//1 3958//1 3960//1
f 3959//1 3960//1 3961//1
f 3961//1 3960//1 3962//1
f 3961//1 3962//1 3963//1
f 3963//1 3962//1 3964//1
f 3963//1 3964//1 3965//1
f 3965//1 3964//1 3966//1
f 3965//1 3966//1 3967//1
f 3967//1 3966//1 3968//1
f 3967//1 3968//1 3969//1
f 3969//1 3968//1 3970//1
f 3969//1 3970//1 3971//1
f 3971//1 3970//1 3429//1
f 3971//1 3429//1 3430//1
f 263//1 3972//1 262//1
f 262//1 3972//1 3973//1
f 262//1 3973//1 3922//1
f 3922//1 3973//1 3974//1
f 3922//1 3974//1 3975//1
f 3975//1 3974//1 3976//1
f 3975//1 3976//1 3977//1
f 3977//1 3976//1 3978//1
f 3977//1 3978//1 3979//1
f 3979//1 3978//1 3980//1
f 3979//1 3980//1 3981//1
f 3981//1 3980//1 3982//1
f 3981//1 3982//1 3983//1
f 3983//1 3982//1 3984//1
f 3983//1 3984//1 3985//1
f 3985//1 3984//1 3986//1
f 3985//1 3986//1 3987//1
f 3987//1 3986//1 3988//1
f 3987//1 3988//1 3989//1
f 3989//1 3988//1 3990//1
f 3989//1 3990//1 3991//1
f 3991//1 3990//1 3992//1
f 3991//1 3992//1 3993//1
f 3993//1 3992//1 3994//1
f 3993//1 3994//1 3995//1
f 3995//1 3994//1 3996//1
f 3995//1 3996//1 3997//1
f 3997//1 3996//1 3998//1
f 3997//1 3998//1 3999//1
f 3999//1 3998//1 4000//1
f 3999//1 4000//1 4001//1
f 4001//1 4000//1 4002//1
f 4001//1 4002//1 4003//1
f 4003//1 4002//1 4004//1
f 4003//1 4004//1 4005//1
f 4005//1 4004//1 4006//1
f 4005//1 4006//1 4007//1
f 4007//1 4006//1 4008//1
f 4007//1 4008//1 4009//1
f 4009//1 4008//1 4010//1
f 4009//1 4010//1 4011//1
f 4011//1 4010//1 4012//1
f 4011//1 4012//1 4013//1
f 4013//1 4012//1 4014//1
f 4013//1 4014//1 4015//1
f 4015//1 4014//1 4016//1
f 4015//1 4016//1 4017//1
f 4017//1 4016//1 4018//1
f 4017//1 4018//1 4019//1
f 4019//1 4018//1 4020//1
f 4019//1 4020//1 4021//1
f 4021//1 4020//1 3427//1
f 4021//1 3427//1 3428//1
f 264//1 4022//1 263//1
f 263//1 4022//1 4023//1
f 263//1 4023//1 3972//1
f 3972//1 4023//1 4024//1
f 3972//1 4024//1 4025//1
f 4025//1 4024//1 4026//1
f 4025//1 4026//1 4027//1
f 4027//1 4026//1 4028//1
f 4027//1 4028//1 4029//1
f 4029//1 4028//1 4030//1
f 4029//1 4030//1 4031//1
f 4031//1 4030//1 4032//1
f 4031//1 4032//1 4033//1
f 4033//1 4032//1 4034//1
f 4033//1 4034//1 4035//1
f 4035//1 4034//1 4036//1
f 4035//1 4036//1 4037//1
f 4037//1 4036//1 4038//1
f 4037//1 4038//1 4039//1
f 4039//1 4038//1 4040//1
f 4039//1 4040//1 4041//1
f 4041//1 4040//1 4042//1
f 4041//1 4042//1 4043//1
f 4043//1 4042//1 4044//1
f 4043//1 4044//1 4045//1
f 4045//1 4044//1 4046//1
f 4045//1 4046//1 4047//1
f 4047//1 4046//1 4048//1
f 4047//1 4048//1 4049//1
f 4049//1 4048//1 4050//1
f 4049//1 4050//1 4051//1
f 4051//1 4050//1 4052//1
f 4051//1 4052//1 4053//1
f 4053//1 4052//1 4054//1
f 4053//1 4054//1 4055//1
f 4055//1 4054//1 4056//1
f 4055//1 4056//1 4057//1
f 4057//1 4056//1 4058//1
f 4057//1 4058//1 4059//1
f 4059//1 4058//1 4060//1
f 4059//1 4060//1 4061//1
f 4061//1 4060//1 4062//1
f 4061//1 4062//1 4063//1
f 4063//1 4062//1 4064//1
f 4063//1 4064//1 4065//1
f 4065//1 4064//1 4066//1
f 4065//1 4066//1 4067//1
f 4067//1 4066//1 4068//1
f 4067//1 4068//1 4069//1
f 4069//1 4068//1 4070//1
f 4069//1 4070//1 4071//1
f 4071//1 4070//1 3425//1
f 4071//1 3425//1 3426//1
f 4022//1 264//1 4072//1
f 4072//1 264//1 265//1
f 4072//1 265//1 4073//1
f 4073//1 265//1 4074//1
f 4073//1 4074//1 4075//1
f 4075//1 4074//1 4076//1
f 4075//1 4076//1 4077//1
f 4077//1 4076//1 4078//1
f 4077//1 4078//1 4079//1
f 4079//1 4078//1 4080//1
f 4079//1 4080//1 4081//1
f 4081//1 4080//1 4082//1
f 4081//1 4082//1 4083//1
f 4083//1 4082//1 4084//1
f 4083//1 4084//1 4085//1
f 4085//1 4084//1 4086//1
f 4085//1 4086//1 4087//1
f 4087//1 4086//1 4088//1
f 4087//1 4088//1 4089//1
f 4089//1 4088//1 4090//1
f 4089//1 4090//1 4091//1
f 4091//1 4090//1 4092//1
f 4091//1 4092//1 4093//1
f 4093//1 4092//1 4094//1
f 4093//1 4094//1 4095//1
f 4095//1 4094//1 4096//1
f 4095//1 4096//1 4097//1
f 4097//1 4096//1 4098//1
f 4097//1 4098//1 4099//1
f 4099//1 4098//1 4100//1
f 4099//1 4100//1 4101//1
f 4101//1 4100//1 4102//1
f 4101//1 4102//1 4103//1
f 4103//1 4102//1 4104//1
f 4103//1 4104//1 4105//1
f 4105//1 4104//1 4106//1
f 4105//1 4106//1 4107//1
f 4107//1 4106//1 4108//1
f 4107//1 4108//1 4109//1
f 4109//1 4108//1 4110//1
f 4109//1 4110//1 4111//1
f 4111//1 4110//1 4112//1
f 4111//1 4112//1 4113//1
f 4113//1 4112//1 4114//1
f 4113//1 4114//1 4115//1
f 4115//1 4114//1 4116//1
f 4115//1 4116//1 4117//1
f 4117//1 4116//1 4118//1
f 4117//1 4118//1 4119//1
f 4119//1 4118//1 4120//1
f 4119//1 4120//1 3266//1
f 3266//1 4120//1 3264//1
f 3264//1 4120//1 3263//1
f 3263//1 4120//1 3261//1
f 3261//1 4120//1 4121//1
f 3261//1 4121//1 3251//1
f 3251//1 4121//1 4122//1
f 3251//1 4122//1 3252//1
f 3252//1 4122//1 3254//1
f 3254//1 4122//1 3256//1
f 3256//1 4122//1 3257//1
f 3257//1 4122//1 4123//1
f 3257//1 4123//1 4124//1
f 4124//1 4123//1 4125//1
f 4124//1 4125//1 4126//1
f 4126//1 4125//1 4127//1
f 4126//1 4127//1 3396//1
f 3396//1 4127//1 3395//1
f 3395//1 4127//1 4128//1
f 3395//1 4128//1 3394//1
f 3394//1 4128//1 4129//1
f 3394//1 4129//1 3393//1
f 3393//1 4129//1 4130//1
f 3393//1 4130//1 3392//1
f 3392//1 4130//1 4131//1
f 3392//1 4131//1 3391//1
f 3391//1 4131//1 4132//1
f 3391//1 4132//1 3390//1
f 3390//1 4132//1 4133//1
f 3390//1 4133//1 3389//1
f 3389//1 4133//1 4134//1
f 3389//1 4134//1 3388//1
f 3388//1 4134//1 4135//1
f 3388//1 4135//1 3387//1
f 3387//1 4135//1 4136//1
f 3387//1 4136//1 3386//1
f 3386//1 4136//1 4137//1
f 3386//1 4137//1 3385//1
f 3385//1 4137//1 4138//1
f 3385//1 4138//1 3384//1
f 3384//1 4138//1 4139//1
f 3384//1 4139//1 3383//1
f 3383//1 4139//1 4140//1
f 3383//1 4140//1 3382//1
f 3382//1 4140//1 4141//1
f 3382//1 4141//1 3381//1
f 3381//1 4141//1 4142//1
f 3381//1 4142//1 3380//1
f 3380//1 4142//1 4143//1
f 3380//1 4143//1 3379//1
f 3379//1 4143//1 4144//1
f 3379//1 4144//1 3378//1
f 3378//1 4144//1 4145//1
f 3378//1 4145//1 3377//1
f 3377//1 4145//1 4146//1
f 3377//1 4146//1 3376//1
f 3376//1 4146//1 4147//1
f 3376//1 4147//1 3375//1
f 3375//1 4147//1 4148//1
f 3375//1 4148//1 3336//1
f 3336//1 4148//1 4149//1
f 3336//1 4149//1 3337//1
f 3337//1 4149//1 4150//1
f 3337//1 4150//1 3338//1
f 3338//1 4150//1 4151//1
f 3338//1 4151//1 3339//1
f 3339//1 4151//1 4152//1
f 3339//1 4152//1 3340//1
f 3340//1 4152//1 4153//1
f 3340//1 4153//1 3341//1
f 3341//1 4153//1 4154//1
f 3341//1 4154//1 3342//1
f 3342//1 4154//1 4155//1
f 3342//1 4155//1 3343//1
f 3343//1 4155//1 4156//1
f 3343//1 4156//1 3344//1
f 3344//1 4156//1 4157//1
f 3344//1 4157//1 3345//1
f 3345//1 4157//1 4158//1
f 3345//1 4158//1 3346//1
f 3346//1 4158//1 4159//1
f 3346//1 4159//1 3347//1
f 3347//1 4159//1 4160//1
f 3347//1 4160//1 3348//1
f 3348//1 4160//1 4161//1
f 3348//1 4161//1 3349//1
f 3349//1 4161//1 4162//1
f 3349//1 4162//1 4163//1
f 4163//1 4162//1 4164//1
f 4163//1 4164//1 4165//1
f 4165//1 4164//1 4166//1
f 4165//1 4166//1 4167//1
f 4167//1 4166//1 4168//1
f 4167//1 4168//1 4169//1
f 4169//1 4168//1 4170//1
f 4169//1 4170//1 4171//1
f 4171//1 4170//1 4172//1
f 4171//1 4172//1 4173//1
f 4173//1 4172//1 4174//1
f 4173//1 4174//1 4175//1
f 4175//1 4174//1 4176//1
f 4175//1 4176//1 4177//1
f 4177//1 4176//1 4178//1
f 4177//1 4178//1 4179//1
f 4179//1 4178//1 4180//1
f 4179//1 4180//1 4181//1
f 4181//1 4180//1 4182//1
f 4181//1 4182//1 4183//1
f 4183//1 4182//1 4184//1
f 4183//1 4184//1 4185//1
f 4185//1 4184//1 4186//1
f 4185//1 4186//1 4187//1
f 4187//1 4186//1 4188//1
f 4187//1 4188//1 4189//1
f 4189//1 4188//1 4190//1
f 4189//1 4190//1 4191//1
f 4191//1 4190//1 4192//1
f 4191//1 4192//1 4193//1
f 4193//1 4192//1 4194//1
f 4193//1 4194//1 4195//1
f 265//1 266//1 4074//1
f 4074//1 266//1 4196//1
f 4074//1 4196//1 4076//1
f 4076//1 4196//1 4197//1
f 4076//1 4197//1 4078//1
f 4078//1 4197//1 4198//1
f 4078//1 4198//1 4080//1
f 4080//1 4198//1 4199//1
f 4080//1 4199//1 4082//1
f 4082//1 4199//1 4200//1
f 4082//1 4200//1 4084//1
f 4084//1 4200//1 4201//1
f 4084//1 4201//1 4086//1
f 4086//1 4201//1 4202//1
f 4086//1 4202//1 4088//1
f 4088//1 4202//1 4203//1
f 4088//1 4203//1 4090//1
f 4090//1 4203//1 4204//1
f 4090//1 4204//1 4092//1
f 4092//1 4204//1 4205//1
f 4092//1 4205//1 4094//1
f 4094//1 4205//1 4206//1
f 4094//1 4206//1 4096//1
f 4096//1 4206//1 4207//1
f 4096//1 4207//1 4098//1
f 4098//1 4207//1 4208//1
f 4098//1 4208//1 4100//1
f 4100//1 4208//1 4209//1
f 4100//1 4209//1 4102//1
f 4102//1 4209//1 4210//1
f 4102//1 4210//1 4104//1
f 4104//1 4210//1 4211//1
f 4104//1 4211//1 4106//1
f 4106//1 4211//1 4212//1
f 4106//1 4212//1 4108//1
f 4108//1 4212//1 4213//1
f 4108//1 4213//1 4110//1
f 4110//1 4213//1 4214//1
f 4110//1 4214//1 4112//1
f 4112//1 4214//1 4215//1
f 4112//1 4215//1 4114//1
f 4114//1 4215//1 4216//1
f 4114//1 4216//1 4116//1
f 4116//1 4216//1 4217//1
f 4116//1 4217//1 4218//1
f 4218//1 4217//1 4219//1
f 4218//1 4219//1 4220//1
f 4196//1 266//1 4221//1
f 4221//1 266//1 267//1
f 4221//1 267//1 4222//1
f 4222//1 267//1 4223//1
f 4222//1 4223//1 4224//1
f 4224//1 4223//1 4225//1
f 4224//1 4225//1 4226//1
f 4226//1 4225//1 4227//1
f 4226//1 4227//1 4228//1
f 4228//1 4227//1 4229//1
f 4228//1 4229//1 4230//1
f 4230//1 4229//1 4231//1
f 4230//1 4231//1 4232//1
f 4232//1 4231//1 4233//1
f 4232//1 4233//1 4234//1
f 4234//1 4233//1 4235//1
f 4234//1 4235//1 4236//1
f 4236//1 4235//1 4237//1
f 4236//1 4237//1 4238//1
f 4238//1 4237//1 4239//1
f 4238//1 4239//1 4240//1
f 4240//1 4239//1 4241//1
f 4240//1 4241//1 4242//1
f 4242//1 4241//1 4243//1
f 4242//1 4243//1 4244//1
f 4244//1 4243//1 4245//1
f 4244//1 4245//1 4246//1
f 4246//1 4245//1 4247//1
f 4246//1 4247//1 4248//1
f 4248//1 4247//1 4249//1
f 4248//1 4249//1 4250//1
f 4250//1 4249//1 4251//1
f 4250//1 4251//1 4252//1
f 4252//1 4251//1 4253//1
f 4252//1 4253//1 4254//1
f 4254//1 4253//1 4255//1
f 4254//1 4255//1 4256//1
f 4256//1 4255//1 4257//1
f 4256//1 4257//1 4258//1
f 4258//1 4257//1 4259//1
f 4258//1 4259//1 4260//1
f 4260//1 4259//1 4261//1
f 4260//1 4261//1 4262//1
f 4262//1 4261//1 4263//1
f 4263//1 4261//1 4264//1
f 4264//1 4261//1 4265//1
f 4265//1 4261//1 4266//1
f 4266//1 4261//1 4267//1
f 4266//1 4267//1 4268//1
f 4268//1 4267//1 4269//1
f 4268//1 4269//1 4270//1
f 4270//1 4269//1 4271//1
f 4270//1 4271//1 4272//1
f 4272//1 4271//1 4273//1
f 4272//1 4273//1 4274//1
f 4274//1 4273//1 4275//1
f 4274//1 4275//1 4129//1
f 4129//1 4275//1 4130//1
f 267//1 268//1 4223//1
f 4223//1 268//1 4276//1
f 4223//1 4276//1 4225//1
f 4225//1 4276//1 4277//1
f 4225//1 4277//1 4227//1
f 4227//1 4277//1 4278//1
f 4227//1 4278//1 4229//1
f 4229//1 4278//1 4279//1
f 4229//1 4279//1 4231//1
f 4231//1 4279//1 4280//1
f 4231//1 4280//1 4233//1
f 4233//1 4280//1 4281//1
f 4233//1 4281//1 4235//1
f 4235//1 4281//1 4282//1
f 4235//1 4282//1 4237//1
f 4237//1 4282//1 4283//1
f 4237//1 4283//1 4239//1
f 4239//1 4283//1 4284//1
f 4239//1 4284//1 4241//1
f 4241//1 4284//1 4285//1
f 4241//1 4285//1 4243//1
f 4243//1 4285//1 4286//1
f 4243//1 4286//1 4245//1
f 4245//1 4286//1 4287//1
f 4245//1 4287//1 4247//1
f 4247//1 4287//1 4288//1
f 4247//1 4288//1 4249//1
f 4249//1 4288//1 4289//1
f 4249//1 4289//1 4251//1
f 4251//1 4289//1 4290//1
f 4251//1 4290//1 4253//1
f 4253//1 4290//1 4291//1
f 4253//1 4291//1 4255//1
f 4255//1 4291//1 4292//1
f 4255//1 4292//1 4257//1
f 4257//1 4292//1 4293//1
f 4257//1 4293//1 4259//1
f 4259//1 4293//1 4294//1
f 4259//1 4294//1 4261//1
f 4261//1 4294//1 4267//1
f 4276//1 268//1 4295//1
f 4295//1 268//1 269//1
f 4295//1 269//1 4296//1
f 4296//1 269//1 4297//1
f 4296//1 4297//1 4298//1
f 4298//1 4297//1 4299//1
f 4298//1 4299//1 4300//1
f 4300//1 4299//1 4301//1
f 4300//1 4301//1 4302//1
f 4302//1 4301//1 4303//1
f 4302//1 4303//1 4304//1
f 4304//1 4303//1 4305//1
f 4304//1 4305//1 4306//1
f 4306//1 4305//1 4307//1
f 4306//1 4307//1 4308//1
f 4308//1 4307//1 4309//1
f 4308//1 4309//1 4310//1
f 4310//1 4309//1 4311//1
f 4310//1 4311//1 4312//1
f 4312//1 4311//1 4313//1
f 4312//1 4313//1 4314//1
f 4314//1 4313//1 4315//1
f 4314//1 4315//1 4316//1
f 4316//1 4315//1 4317//1
f 4316//1 4317//1 4318//1
f 4318//1 4317//1 4319//1
f 4318//1 4319//1 4320//1
f 4320//1 4319//1 4321//1
f 4320//1 4321//1 4322//1
f 4322//1 4321//1 4323//1
f 4322//1 4323//1 4324//1
f 4324//1 4323//1 4325//1
f 4324//1 4325//1 4326//1
f 4326//1 4325//1 4327//1
f 4326//1 4327//1 4328//1
f 4328//1 4327//1 4329//1
f 4328//1 4329//1 4330//1
f 4330//1 4329//1 4331//1
f 4330//1 4331//1 4332//1
f 4332//1 4331//1 4333//1
f 4332//1 4333//1 4334//1
f 4334//1 4333//1 4335//1
f 4334//1 4335//1 4336//1
f 4336//1 4335//1 4337//1
f 4336//1 4337//1 4338//1
f 4338//1 4337//1 4339//1
f 4338//1 4339//1 4340//1
f 4340//1 4339//1 4341//1
f 4340//1 4341//1 4342//1
f 4342//1 4341//1 4343//1
f 4342//1 4343//1 4132//1
f 4132//1 4343//1 4133//1
f 269//1 238//1 4297//1
f 4297//1 238//1 4344//1
f 4297//1 4344//1 4299//1
f 4299//1 4344//1 4345//1
f 4299//1 4345//1 4301//1
f 4301//1 4345//1 4346//1
f 4301//1 4346//1 4303//1
f 4303//1 4346//1 4347//1
f 4303//1 4347//1 4305//1
f 4305//1 4347//1 4348//1
f 4305//1 4348//1 4307//1
f 4307//1 4348//1 4349//1
f 4307//1 4349//1 4309//1
f 4309//1 4349//1 4350//1
f 4309//1 4350//1 4311//1
f 4311//1 4350//1 4351//1
f 4311//1 4351//1 4313//1
f 4313//1 4351//1 4352//1
f 4313//1 4352//1 4315//1
f 4315//1 4352//1 4353//1
f 4315//1 4353//1 4317//1
f 4317//1 4353//1 4354//1
f 4317//1 4354//1 4319//1
f 4319//1 4354//1 4355//1
f 4319//1 4355//1 4321//1
f 4321//1 4355//1 4356//1
f 4321//1 4356//1 4323//1
f 4323//1 4356//1 4357//1
f 4323//1 4357//1 4325//1
f 4325//1 4357//1 4358//1
f 4325//1 4358//1 4327//1
f 4327//1 4358//1 4359//1
f 4327//1 4359//1 4329//1
f 4329//1 4359//1 4360//1
f 4329//1 4360//1 4331//1
f 4331//1 4360//1 4361//1
f 4331//1 4361//1 4333//1
f 4333//1 4361//1 4362//1
f 4333//1 4362//1 4335//1
f 4335//1 4362//1 4363//1
f 4335//1 4363//1 4337//1
f 4337//1 4363//1 4364//1
f 4337//1 4364//1 4339//1
f 4339//1 4364//1 4365//1
f 4339//1 4365//1 4341//1
f 4341//1 4365//1 4366//1
f 4341//1 4366//1 4343//1
f 4343//1 4366//1 4367//1
f 4343//1 4367//1 4133//1
f 4133//1 4367//1 4134//1
f 4344//1 238//1 4368//1
f 4368//1 238//1 239//1
f 4368//1 239//1 4369//1
f 4369//1 239//1 4370//1
f 4369//1 4370//1 4371//1
f 4371//1 4370//1 4372//1
f 4371//1 4372//1 4373//1
f 4373//1 4372//1 4374//1
f 4373//1 4374//1 4375//1
f 4375//1 4374//1 4376//1
f 4375//1 4376//1 4377//1
f 4377//1 4376//1 4378//1
f 4377//1 4378//1 4379//1
f 4379//1 4378//1 4380//1
f 4379//1 4380//1 4381//1
f 4381//1 4380//1 4382//1
f 4381//1 4382//1 4383//1
f 4383//1 4382//1 4384//1
f 4383//1 4384//1 4385//1
f 4385//1 4384//1 4386//1
f 4385//1 4386//1 4387//1
f 4387//1 4386//1 4388//1
f 4387//1 4388//1 4389//1
f 4389//1 4388//1 4390//1
f 4389//1 4390//1 4391//1
f 4391//1 4390//1 4392//1
f 4391//1 4392//1 4393//1
f 4393//1 4392//1 4394//1
f 4393//1 4394//1 4395//1
f 4395//1 4394//1 4396//1
f 4395//1 4396//1 4397//1
f 4397//1 4396//1 4398//1
f 4397//1 4398//1 4399//1
f 4399//1 4398//1 4400//1
f 4399//1 4400//1 4401//1
f 4401//1 4400//1 4402//1
f 4401//1 4402//1 4403//1
f 4403//1 4402//1 4404//1
f 4403//1 4404//1 4405//1
f 4405//1 4404//1 4406//1
f 4405//1 4406//1 4407//1
f 4407//1 4406//1 4408//1
f 4407//1 4408//1 4409//1
f 4409//1 4408//1 4410//1
f 4409//1 4410//1 4411//1
f 4411//1 4410//1 4412//1
f 4411//1 4412//1 4413//1
f 4413//1 4412//1 4414//1
f 4413//1 4414//1 4415//1
f 4415//1 4414//1 4416//1
f 4415//1 4416//1 4136//1
f 4136//1 4416//1 4137//1
f 239//1 240//1 4370//1
f 4370//1 240//1 4417//1
f 4370//1 4417//1 4372//1
f 4372//1 4417//1 4418//1
f 4372//1 4418//1 4374//1
f 4374//1 4418//1 4419//1
f 4374//1 4419//1 4376//1
f 4376//1 4419//1 4420//1
f 4376//1 4420//1 4378//1
f 4378//1 4420//1 4421//1
f 4378//1 4421//1 4380//1
f 4380//1 4421//1 4422//1
f 4380//1 4422//1 4382//1
f 4382//1 4422//1 4423//1
f 4382//1 4423//1 4384//1
f 4384//1 4423//1 4424//1
f 4384//1 4424//1 4386//1
f 4386//1 4424//1 4425//1
f 4386//1 4425//1 4388//1
f 4388//1 4425//1 4426//1
f 4388//1 4426//1 4390//1
f 4390//1 4426//1 4427//1
f 4390//1 4427//1 4392//1
f 4392//1 4427//1 4428//1
f 4392//1 4428//1 4394//1
f 4394//1 4428//1 4429//1
f 4394//1 4429//1 4396//1
f 4396//1 4429//1 4430//1
f 4396//1 4430//1 4398//1
f 4398//1 4430//1 4431//1
f 4398//1 4431//1 4400//1
f 4400//1 4431//1 4432//1
f 4400//1 4432//1 4402//1
f 4402//1 4432//1 4433//1
f 4402//1 4433//1 4404//1
f 4404//1 4433//1 4434//1
f 4404//1 4434//1 4406//1
f 4406//1 4434//1 4435//1
f 4406//1 4435//1 4408//1
f 4408//1 4435//1 4436//1
f 4408//1 4436//1 4410//1
f 4410//1 4436//1 4437//1
f 4410//1 4437//1 4412//1
f 4412//1 4437//1 4438//1
f 4412//1 4438//1 4414//1
f 4414//1 4438//1 4439//1
f 4414//1 4439//1 4416//1
f 4416//1 4439//1 4440//1
f 4416//1 4440//1 4137//1
f 4137//1 4440//1 4138//1
f 4417//1 240//1 4441//1
f 4441//1 240//1 241//1
f 4441//1 241//1 4442//1
f 4442//1 241//1 4443//1
f 4442//1 4443//1 4444//1
f 4444//1 4443//1 4445//1
f 4444//1 4445//1 4446//1
f 4446//1 4445//1 4447//1
f 4446//1 4447//1 4448//1
f 4448//1 4447//1 4449//1
f 4448//1 4449//1 4450//1
f 4450//1 4449//1 4451//1
f 4450//1 4451//1 4452//1
f 4452//1 4451//1 4453//1
f 4452//1 4453//1 4454//1
f 4454//1 4453//1 4455//1
f 4454//1 4455//1 4456//1
f 4456//1 4455//1 4457//1
f 4456//1 4457//1 4458//1
f 4458//1 4457//1 4459//1
f 4458//1 4459//1 4460//1
f 4460//1 4459//1 4461//1
f 4460//1 4461//1 4462//1
f 4462//1 4461//1 4463//1
f 4462//1 4463//1 4464//1
f 4464//1 4463//1 4465//1
f 4464//1 4465//1 4466//1
f 4466//1 4465//1 4467//1
f 4466//1 4467//1 4468//1
f 4468//1 4467//1 4469//1
f 4468//1 4469//1 4470//1
f 4470//1 4469//1 4471//1
f 4470//1 4471//1 4472//1
f 4472//1 4471//1 4473//1
f 4472//1 4473//1 4474//1
f 4474//1 4473//1 4475//1
f 4474//1 4475//1 4476//1
f 4476//1 4475//1 4477//1
f 4476//1 4477//1 4478//1
f 4478//1 4477//1 4479//1
f 4478//1 4479//1 4480//1
f 4480//1 4479//1 4481//1
f 4480//1 4481//1 4482//1
f 4482//1 4481//1 4483//1
f 4482//1 4483//1 4484//1
f 4484//1 4483//1 4485//1
f 4484//1 4485//1 4486//1
f 4486//1 4485//1 4487//1
f 4486//1 4487//1 4488//1
f 4488//1 4487//1 4489//1
f 4488//1 4489//1 4140//1
f 4140//1 4489//1 4141//1
f 241//1 242//1 4443//1
f 4443//1 242//1 4490//1
f 4443//1 4490//1 4445//1
f 4445//1 4490//1 4491//1
f 4445//1 4491//1 4447//1
f 4447//1 4491//1 4492//1
f 4447//1 4492//1 4449//1
f 4449//1 4492//1 4493//1
f 4449//1 4493//1 4451//1
f 4451//1 4493//1 4494//1
f 4451//1 4494//1 4453//1
f 4453//1 4494//1 4495//1
f 4453//1 4495//1 4455//1
f 4455//1 4495//1 4496//1
f 4455//1 4496//1 4457//1
f 4457//1 4496//1 4497//1
f 4457//1 4497//1 4459//1
f 4459//1 4497//1 4498//1
f 4459//1 4498//1 4461//1
f 4461//1 4498//1 4499//1
f 4461//1 4499//1 4463//1
f 4463//1 4499//1 4500//1
f 4463//1 4500//1 4465//1
f 4465//1 4500//1 4501//1
f 4465//1 4501//1 4467//1
f 4467//1 4501//1 4502//1
f 4467//1 4502//1 4469//1
f 4469//1 4502//1 4503//1
f 4469//1 4503//1 4471//1
f 4471//1 4503//1 4504//1
f 4471//1 4504//1 4473//1
f 4473//1 4504//1 4505//1
f 4473//1 4505//1 4475//1
f 4475//1 4505//1 4506//1
f 4475//1 4506//1 4477//1
f 4477//1 4506//1 4507//1
f 4477//1 4507//1 4479//1
f 4479//1 4507//1 4508//1
f 4479//1 4508//1 4481//1
f 4481//1 4508//1 4509//1
f 4481//1 4509//1 4483//1
f 4483//1 4509//1 4510//1
f 4483//1 4510//1 4485//1
f 4485//1 4510//1 4511//1
f 4485//1 4511//1 4487//1
f 4487//1 4511//1 4512//1
f 4487//1 4512//1 4489//1
f 4489//1 4512//1 4513//1
f 4489//1 4513//1 4141//1
f 4141//1 4513//1 4142//1
f 4490//1 242//1 4514//1
f 4514//1 242//1 243//1
f 4514//1 243//1 4515//1
f 4515//1 243//1 4516//1
f 4515//1 4516//1 4517//1
f 4517//1 4516//1 4518//1
f 4517//1 4518//1 4519//1
f 4519//1 4518//1 4520//1
f 4519//1 4520//1 4521//1
f 4521//1 4520//1 4522//1
f 4521//1 4522//1 4523//1
f 4523//1 4522//1 4524//1
f 4523//1 4524//1 4525//1
f 4525//1 4524//1 4526//1
f 4525//1 4526//1 4527//1
f 4527//1 4526//1 4528//1
f 4527//1 4528//1 4529//1
f 4529//1 4528//1 4530//1
f 4529//1 4530//1 4531//1
f 4531//1 4530//1 4532//1
f 4531//1 4532//1 4533//1
f 4533//1 4532//1 4534//1
f 4533//1 4534//1 4535//1
f 4535//1 4534//1 4536//1
f 4535//1 4536//1 4537//1
f 4537//1 4536//1 4538//1
f 4537//1 4538//1 4539//1
f 4539//1 4538//1 4540//1
f 4539//1 4540//1 4541//1
f 4541//1 4540//1 4542//1
f 4541//1 4542//1 4543//1
f 4543//1 4542//1 4544//1
f 4543//1 4544//1 4545//1
f 4545//1 4544//1 4546//1
f 4545//1 4546//1 4547//1
f 4547//1 4546//1 4548//1
f 4547//1 4548//1 4549//1
f 4549//1 4548//1 4550//1
f 4549//1 4550//1 4551//1
f 4551//1 4550//1 4552//1
f 4551//1 4552//1 4553//1
f 4553//1 4552//1 4554//1
f 4553//1 4554//1 4555//1
f 4555//1 4554//1 4556//1
f 4555//1 4556//1 4557//1
f 4557//1 4556//1 4558//1
f 4557//1 4558//1 4559//1
f 4559//1 4558//1 4560//1
f 4559//1 4560//1 4561//1
f 4561//1 4560//1 4562//1
f 4561//1 4562//1 4144//1
f 4144//1 4562//1 4145//1
f 243//1 244//1 4516//1
f 4516//1 244//1 4563//1
f 4516//1 4563//1 4518//1
f 4518//1 4563//1 4564//1
f 4518//1 4564//1 4520//1
f 4520//1 4564//1 4565//1
f 4520//1 4565//1 4522//1
f 4522//1 4565//1 4566//1
f 4522//1 4566//1 4524//1
f 4524//1 4566//1 4567//1
f 4524//1 4567//1 4526//1
f 4526//1 4567//1 4568//1
f 4526//1 4568//1 4528//1
f 4528//1 4568//1 4569//1
f 4528//1 4569//1 4530//1
f 4530//1 4569//1 4570//1
f 4530//1 4570//1 4532//1
f 4532//1 4570//1 4571//1
f 4532//1 4571//1 4534//1
f 4534//1 4571//1 4572//1
f 4534//1 4572//1 4536//1
f 4536//1 4572//1 4573//1
f 4536//1 4573//1 4538//1
f 4538//1 4573//1 4574//1
f 4538//1 4574//1 4540//1
f 4540//1 4574//1 4575//1
f 4540//1 4575//1 4542//1
f 4542//1 4575//1 4576//1
f 4542//1 4576//1 4544//1
f 4544//1 4576//1 4577//1
f 4544//1 4577//1 4546//1
f 4546//1 4577//1 4578//1
f 4546//1 4578//1 4548//1
f 4548//1 4578//1 4579//1
f 4548//1 4579//1 4550//1
f 4550//1 4579//1 4580//1
f 4550//1 4580//1 4552//1
f 4552//1 4580//1 4581//1
f 4552//1 4581//1 4554//1
f 4554//1 4581//1 4582//1
f 4554//1 4582//1 4556//1
f 4556//1 4582//1 4583//1
f 4556//1 4583//1 4558//1
f 4558//1 4583//1 4584//1
f 4558//1 4584//1 4560//1
f 4560//1 4584//1 4585//1
f 4560//1 4585//1 4562//1
f 4562//1 4585//1 4586//1
f 4562//1 4586//1 4145//1
f 4145//1 4586//1 4146//1
f 4563//1 244//1 4587//1
f 4587//1 244//1 270//1
f 4587//1 270//1 4588//1
f 4588//1 270//1 4589//1
f 4588//1 4589//1 4590//1
f 4590//1 4589//1 4591//1
f 4590//1 4591//1 4592//1
f 4592//1 4591//1 4593//1
f 4592//1 4593//1 4594//1
f 4594//1 4593//1 4595//1
f 4594//1 4595//1 4596//1
f 4596//1 4595//1 4597//1
f 4596//1 4597//1 4598//1
f 4598//1 4597//1 4599//1
f 4598//1 4599//1 4600//1
f 4600//1 4599//1 4601//1
f 4600//1 4601//1 4602//1
f 4602//1 4601//1 4603//1
f 4602//1 4603//1 4604//1
f 4604//1 4603//1 4605//1
f 4604//1 4605//1 4606//1
f 4606//1 4605//1 4607//1
f 4606//1 4607//1 4608//1
f 4608//1 4607//1 4609//1
f 4608//1 4609//1 4610//1
f 4610//1 4609//1 4611//1
f 4610//1 4611//1 4612//1
f 4612//1 4611//1 4613//1
f 4612//1 4613//1 4614//1
f 4614//1 4613//1 4615//1
f 4614//1 4615//1 4616//1
f 4616//1 4615//1 4617//1
f 4616//1 4617//1 4618//1
f 4618//1 4617//1 4619//1
f 4618//1 4619//1 4620//1
f 4620//1 4619//1 4621//1
f 4620//1 4621//1 4622//1
f 4622//1 4621//1 4623//1
f 4622//1 4623//1 4624//1
f 4624//1 4623//1 4625//1
f 4624//1 4625//1 4626//1
f 4626//1 4625//1 4627//1
f 4626//1 4627//1 4628//1
f 4628//1 4627//1 4629//1
f 4628//1 4629//1 4630//1
f 4630//1 4629//1 4631//1
f 4630//1 4631//1 4632//1
f 4632//1 4631//1 4633//1
f 4632//1 4633//1 4634//1
f 4634//1 4633//1 4635//1
f 4634//1 4635//1 4148//1
f 4148//1 4635//1 4149//1
f 270//1 271//1 4589//1
f 4589//1 271//1 4636//1
f 4589//1 4636//1 4591//1
f 4591//1 4636//1 4637//1
f 4591//1 4637//1 4593//1
f 4593//1 4637//1 4638//1
f 4593//1 4638//1 4595//1
f 4595//1 4638//1 4639//1
f 4595//1 4639//1 4597//1
f 4597//1 4639//1 4640//1
f 4597//1 4640//1 4599//1
f 4599//1 4640//1 4641//1
f 4599//1 4641//1 4601//1
f 4601//1 4641//1 4642//1
f 4601//1 4642//1 4603//1
f 4603//1 4642//1 4643//1
f 4603//1 4643//1 4605//1
f 4605//1 4643//1 4644//1
f 4605//1 4644//1 4607//1
f 4607//1 4644//1 4645//1
f 4607//1 4645//1 4609//1
f 4609//1 4645//1 4646//1
f 4609//1 4646//1 4611//1
f 4611//1 4646//1 4647//1
f 4611//1 4647//1 4613//1
f 4613//1 4647//1 4648//1
f 4613//1 4648//1 4615//1
f 4615//1 4648//1 4649//1
f 4615//1 4649//1 4617//1
f 4617//1 4649//1 4650//1
f 4617//1 4650//1 4619//1
f 4619//1 4650//1 4651//1
f 4619//1 4651//1 4621//1
f 4621//1 4651//1 4652//1
f 4621//1 4652//1 4623//1
f 4623//1 4652//1 4653//1
f 4623//1 4653//1 4625//1
f 4625//1 4653//1 4654//1
f 4625//1 4654//1 4627//1
f 4627//1 4654//1 4655//1
f 4627//1 4655//1 4629//1
f 4629//1 4655//1 4656//1
f 4629//1 4656//1 4631//1
f 4631//1 4656//1 4657//1
f 4631//1 4657//1 4633//1
f 4633//1 4657//1 4658//1
f 4633//1 4658//1 4635//1
f 4635//1 4658//1 4659//1
f 4635//1 4659//1 4149//1
f 4149//1 4659//1 4150//1
f 4636//1 271//1 4660//1
f 4660//1 271//1 272//1
f 4660//1 272//1 4661//1
f 4661//1 272//1 4662//1
f 4661//1 4662//1 4663//1
f 4663//1 4662//1 4664//1
f 4663//1 4664//1 4665//1
f 4665//1 4664//1 4666//1
f 4665//1 4666//1 4667//1
f 4667//1 4666//1 4668//1
f 4667//1 4668//1 4669//1
f 4669//1 4668//1 4670//1
f 4669//1 4670//1 4671//1
f 4671//1 4670//1 4672//1
f 4671//1 4672//1 4673//1
f 4673//1 4672//1 4674//1
f 4673//1 4674//1 4675//1
f 4675//1 4674//1 4676//1
f 4675//1 4676//1 4677//1
f 4677//1 4676//1 4678//1
f 4677//1 4678//1 4679//1
f 4679//1 4678//1 4680//1
f 4679//1 4680//1 4681//1
f 4681//1 4680//1 4682//1
f 4681//1 4682//1 4683//1
f 4683//1 4682//1 4684//1
f 4683//1 4684//1 4685//1
f 4685//1 4684//1 4686//1
f 4685//1 4686//1 4687//1
f 4687//1 4686//1 4688//1
f 4687//1 4688//1 4689//1
f 4689//1 4688//1 4690//1
f 4689//1 4690//1 4691//1
f 4691//1 4690//1 4692//1
f 4691//1 4692//1 4693//1
f 4693//1 4692//1 4694//1
f 4693//1 4694//1 4695//1
f 4695//1 4694//1 4696//1
f 4695//1 4696//1 4697//1
f 4697//1 4696//1 4698//1
f 4697//1 4698//1 4699//1
f 4699//1 4698//1 4700//1
f 4699//1 4700//1 4701//1
f 4701//1 4700//1 4702//1
f 4701//1 4702//1 4703//1
f 4703//1 4702//1 4704//1
f 4703//1 4704//1 4705//1
f 4705//1 4704//1 4706//1
f 4705//1 4706//1 4707//1
f 4707//1 4706//1 4708//1
f 4707//1 4708//1 4152//1
f 4152//1 4708//1 4153//1
f 272//1 273//1 4662//1
f 4662//1 273//1 4709//1
f 4662//1 4709//1 4664//1
f 4664//1 4709//1 4710//1
f 4664//1 4710//1 4666//1
f 4666//1 4710//1 4711//1
f 4666//1 4711//1 4668//1
f 4668//1 4711//1 4712//1
f 4668//1 4712//1 4670//1
f 4670//1 4712//1 4713//1
f 4670//1 4713//1 4672//1
f 4672//1 4713//1 4714//1
f 4672//1 4714//1 4674//1
f 4674//1 4714//1 4715//1
f 4674//1 4715//1 4676//1
f 4676//1 4715//1 4716//1
f 4676//1 4716//1 4678//1
f 4678//1 4716//1 4717//1
f 4678//1 4717//1 4680//1
f 4680//1 4717//1 4718//1
f 4680//1 4718//1 4682//1
f 4682//1 4718//1 4719//1
f 4682//1 4719//1 4684//1
f 4684//1 4719//1 4720//1
f 4684//1 4720//1 4686//1
f 4686//1 4720//1 4721//1
f 4686//1 4721//1 4688//1
f 4688//1 4721//1 4722//1
f 4688//1 4722//1 4690//1
f 4690//1 4722//1 4723//1
f 4690//1 4723//1 4692//1
f 4692//1 4723//1 4724//1
f 4692//1 4724//1 4694//1
f 4694//1 4724//1 4725//1
f 4694//1 4725//1 4696//1
f 4696//1 4725//1 4726//1
f 4696//1 4726//1 4698//1
f 4698//1 4726//1 4727//1
f 4698//1 4727//1 4700//1
f 4700//1 4727//1 4728//1
f 4700//1 4728//1 4702//1
f 4702//1 4728//1 4729//1
f 4702//1 4729//1 4704//1
f 4704//1 4729//1 4730//1
f 4704//1 4730//1 4706//1
f 4706//1 4730//1 4731//1
f 4706//1 4731//1 4708//1
f 4708//1 4731//1 4732//1
f 4708//1 4732//1 4153//1
f 4153//1 4732//1 4154//1
f 4709//1 273//1 4733//1
f 4733//1 273//1 274//1
f 4733//1 274//1 4734//1
f 4734//1 274//1 275//1
f 4734//1 275//1 4735//1
f 4735//1 275//1 4736//1
f 4735//1 4736//1 4737//1
f 4737//1 4736//1 4738//1
f 4737//1 4738//1 4739//1
f 4739//1 4738//1 4740//1
f 4739//1 4740//1 4741//1
f 4741//1 4740//1 4742//1
f 4741//1 4742//1 4743//1
f 4743//1 4742//1 4744//1
f 4743//1 4744//1 4745//1
f 4745//1 4744//1 4746//1
f 4745//1 4746//1 4747//1
f 4747//1 4746//1 4748//1
f 4747//1 4748//1 4749//1
f 4749//1 4748//1 4750//1
f 4749//1 4750//1 4751//1
f 4751//1 4750//1 4752//1
f 4751//1 4752//1 4753//1
f 4753//1 4752//1 4754//1
f 4753//1 4754//1 4755//1
f 4755//1 4754//1 4756//1
f 4755//1 4756//1 4757//1
f 4757//1 4756//1 4758//1
f 4757//1 4758//1 4759//1
f 4759//1 4758//1 4760//1
f 4759//1 4760//1 4761//1
f 4761//1 4760//1 4762//1
f 4761//1 4762//1 4763//1
f 4763//1 4762//1 4764//1
f 4763//1 4764//1 4765//1
f 4765//1 4764//1 4766//1
f 4765//1 4766//1 4767//1
f 4767//1 4766//1 4768//1
f 4767//1 4768//1 4769//1
f 4769//1 4768//1 4770//1
f 4769//1 4770//1 4771//1
f 4771//1 4770//1 4772//1
f 4771//1 4772//1 4773//1
f 4773//1 4772//1 4774//1
f 4773//1 4774//1 4775//1
f 4775//1 4774//1 4776//1
f 4775//1 4776//1 4777//1
f 4777//1 4776//1 4778//1
f 4777//1 4778//1 4779//1
f 4779//1 4778//1 4780//1
f 4779//1 4780//1 4781//1
f 4781//1 4780//1 4782//1
f 4781//1 4782//1 4157//1
f 4157//1 4782//1 4158//1
f 275//1 276//1 4736//1
f 4736//1 276//1 4783//1
f 4736//1 4783//1 4738//1
f 4738//1 4783//1 4784//1
f 4738//1 4784//1 4740//1
f 4740//1 4784//1 4785//1
f 4740//1 4785//1 4742//1
f 4742//1 4785//1 4786//1
f 4742//1 4786//1 4744//1
f 4744//1 4786//1 4787//1
f 4744//1 4787//1 4746//1
f 4746//1 4787//1 4788//1
f 4746//1 4788//1 4748//1
f 4748//1 4788//1 4789//1
f 4748//1 4789//1 4750//1
f 4750//1 4789//1 4790//1
f 4750//1 4790//1 4752//1
f 4752//1 4790//1 4791//1
f 4752//1 4791//1 4754//1
f 4754//1 4791//1 4792//1
f 4754//1 4792//1 4756//1
f 4756//1 4792//1 4793//1
f 4756//1 4793//1 4758//1
f 4758//1 4793//1 4794//1
f 4758//1 4794//1 4760//1
f 4760//1 4794//1 4795//1
f 4760//1 4795//1 4762//1
f 4762//1 4795//1 4796//1
f 4762//1 4796//1 4764//1
f 4764//1 4796//1 4797//1
f 4764//1 4797//1 4766//1
f 4766//1 4797//1 4798//1
f 4766//1 4798//1 4768//1
f 4768//1 4798//1 4799//1
f 4768//1 4799//1 4770//1
f 4770//1 4799//1 4800//1
f 4770//1 4800//1 4772//1
f 4772//1 4800//1 4801//1
f 4772//1 4801//1 4774//1
f 4774//1 4801//1 4802//1
f 4774//1 4802//1 4776//1
f 4776//1 4802//1 4803//1
f 4776//1 4803//1 4778//1
f 4778//1 4803//1 4804//1
f 4778//1 4804//1 4780//1
f 4780//1 4804//1 4805//1
f 4780//1 4805//1 4782//1
f 4782//1 4805//1 4806//1
f 4782//1 4806//1 4158//1
f 4158//1 4806//1 4159//1
f 4783//1 276//1 4807//1
f 4807//1 276//1 227//1
f 4807//1 227//1 4808//1
f 4808//1 227//1 4809//1
f 4808//1 4809//1 4810//1
f 4810//1 4809//1 4811//1
f 4810//1 4811//1 4812//1
f 4812//1 4811//1 4813//1
f 4812//1 4813//1 4814//1
f 4814//1 4813//1 4815//1
f 4814//1 4815//1 4816//1
f 4816//1 4815//1 4817//1
f 4816//1 4817//1 4818//1
f 4818//1 4817//1 4819//1
f 4818//1 4819//1 4820//1
f 4820//1 4819//1 4821//1
f 4820//1 4821//1 4822//1
f 4822//1 4821//1 4823//1
f 4822//1 4823//1 4824//1
f 4824//1 4823//1 4825//1
f 4824//1 4825//1 4826//1
f 4826//1 4825//1 4827//1
f 4826//1 4827//1 4828//1
f 4828//1 4827//1 4829//1
f 4828//1 4829//1 4830//1
f 4830//1 4829//1 4831//1
f 4830//1 4831//1 4832//1
f 4832//1 4831//1 4833//1
f 4832//1 4833//1 4834//1
f 4834//1 4833//1 4835//1
f 4834//1 4835//1 4836//1
f 4836//1 4835//1 4837//1
f 4836//1 4837//1 4838//1
f 4838//1 4837//1 4839//1
f 4838//1 4839//1 4840//1
f 4840//1 4839//1 4841//1
f 4840//1 4841//1 4842//1
f 4842//1 4841//1 4843//1
f 4842//1 4843//1 4844//1
f 4844//1 4843//1 4845//1
f 4844//1 4845//1 4846//1
f 4846//1 4845//1 4847//1
f 4846//1 4847//1 4848//1
f 4848//1 4847//1 4849//1
f 4848//1 4849//1 4850//1
f 4850//1 4849//1 4851//1
f 4850//1 4851//1 4852//1
f 4852//1 4851//1 4853//1
f 4852//1 4853//1 4854//1
f 4854//1 4853//1 4855//1
f 4854//1 4855//1 4161//1
f 4161//1 4855//1 4856//1
f 4161//1 4856//1 4162//1
f 4162//1 4856//1 4164//1
f 227//1 226//1 4809//1
f 4809//1 226//1 4857//1
f 4809//1 4857//1 4811//1
f 4811//1 4857//1 4858//1
f 4811//1 4858//1 4813//1
f 4813//1 4858//1 4859//1
f 4813//1 4859//1 4815//1
f 4815//1 4859//1 4860//1
f 4815//1 4860//1 4817//1
f 4817//1 4860//1 4861//1
f 4817//1 4861//1 4819//1
f 4819//1 4861//1 4862//1
f 4819//1 4862//1 4821//1
f 4821//1 4862//1 4863//1
f 4821//1 4863//1 4823//1
f 4823//1 4863//1 4864//1
f 4823//1 4864//1 4825//1
f 4825//1 4864//1 4865//1
f 4825//1 4865//1 4827//1
f 4827//1 4865//1 4866//1
f 4827//1 4866//1 4829//1
f 4829//1 4866//1 4867//1
f 4829//1 4867//1 4831//1
f 4831//1 4867//1 4868//1
f 4831//1 4868//1 4833//1
f 4833//1 4868//1 4869//1
f 4833//1 4869//1 4835//1
f 4835//1 4869//1 4870//1
f 4835//1 4870//1 4837//1
f 4837//1 4870//1 4871//1
f 4837//1 4871//1 4839//1
f 4839//1 4871//1 4872//1
f 4839//1 4872//1 4841//1
f 4841//1 4872//1 4873//1
f 4841//1 4873//1 4843//1
f 4843//1 4873//1 4874//1
f 4843//1 4874//1 4845//1
f 4845//1 4874//1 4875//1
f 4845//1 4875//1 4847//1
f 4847//1 4875//1 4876//1
f 4847//1 4876//1 4849//1
f 4849//1 4876//1 4877//1
f 4849//1 4877//1 4851//1
f 4851//1 4877//1 4878//1
f 4851//1 4878//1 4853//1
f 4853//1 4878//1 4879//1
f 4853//1 4879//1 4855//1
f 4855//1 4879//1 4880//1
f 4855//1 4880//1 4856//1
f 4856//1 4880//1 4881//1
f 4856//1 4881//1 4164//1
f 4164//1 4881//1 4166//1
f 4857//1 226//1 4882//1
f 4882//1 226//1 225//1
f 4882//1 225//1 4883//1
f 4883//1 225//1 4884//1
f 4883//1 4884//1 4885//1
f 4885//1 4884//1 4886//1
f 4885//1 4886//1 4887//1
f 4887//1 4886//1 4888//1
f 4887//1 4888//1 4889//1
f 4889//1 4888//1 4890//1
f 4889//1 4890//1 4891//1
f 4891//1 4890//1 4892//1
f 4891//1 4892//1 4893//1
f 4893//1 4892//1 4894//1
f 4893//1 4894//1 4895//1
f 4895//1 4894//1 4896//1
f 4895//1 4896//1 4897//1
f 4897//1 4896//1 4898//1
f 4897//1 4898//1 4899//1
f 4899//1 4898//1 4900//1
f 4899//1 4900//1 4901//1
f 4901//1 4900//1 4902//1
f 4901//1 4902//1 4903//1
f 4903//1 4902//1 4904//1
f 4903//1 4904//1 4905//1
f 4905//1 4904//1 4906//1
f 4905//1 4906//1 4907//1
f 4907//1 4906//1 4908//1
f 4907//1 4908//1 4909//1
f 4909//1 4908//1 4910//1
f 4909//1 4910//1 4911//1
f 4911//1 4910//1 4912//1
f 4911//1 4912//1 4913//1
f 4913//1 4912//1 4914//1
f 4913//1 4914//1 4915//1
f 4915//1 4914//1 4916//1
f 4915//1 4916//1 4917//1
f 4917//1 4916//1 4918//1
f 4917//1 4918//1 4919//1
f 4919//1 4918//1 4920//1
f 4919//1 4920//1 4921//1
f 4921//1 4920//1 4922//1
f 4921//1 4922//1 4923//1
f 4923//1 4922//1 4924//1
f 4923//1 4924//1 4925//1
f 4925//1 4924//1 4926//1
f 4925//1 4926//1 4927//1
f 4927//1 4926//1 4928//1
f 4927//1 4928//1 4929//1
f 4929//1 4928//1 4930//1
f 4929//1 4930//1 4931//1
f 4931//1 4930//1 4932//1
f 4931//1 4932//1 4170//1
f 4170//1 4932//1 4172//1
f 225//1 228//1 4884//1
f 4884//1 228//1 4933//1
f 4884//1 4933//1 4886//1
f 4886//1 4933//1 4934//1
f 4886//1 4934//1 4888//1
f 4888//1 4934//1 4935//1
f 4888//1 4935//1 4890//1
f 4890//1 4935//1 4936//1
f 4890//1 4936//1 4892//1
f 4892//1 4936//1 4937//1
f 4892//1 4937//1 4894//1
f 4894//1 4937//1 4938//1
f 4894//1 4938//1 4896//1
f 4896//1 4938//1 4939//1
f 4896//1 4939//1 4898//1
f 4898//1 4939//1 4940//1
f 4898//1 4940//1 4900//1
f 4900//1 4940//1 4941//1
f 4900//1 4941//1 4902//1
f 4902//1 4941//1 4942//1
f 4902//1 4942//1 4904//1
f 4904//1 4942//1 4943//1
f 4904//1 4943//1 4906//1
f 4906//1 4943//1 4944//1
f 4906//1 4944//1 4908//1
f 4908//1 4944//1 4945//1
f 4908//1 4945//1 4910//1
f 4910//1 4945//1 4946//1
f 4910//1 4946//1 4912//1
f 4912//1 4946//1 4947//1
f 4912//1 4947//1 4914//1
f 4914//1 4947//1 4948//1
f 4914//1 4948//1 4916//1
f 4916//1 4948//1 4949//1
f 4916//1 4949//1 4918//1
f 4918//1 4949//1 4950//1
f 4918//1 4950//1 4920//1
f 4920//1 4950//1 4951//1
f 4920//1 4951//1 4922//1
f 4922//1 4951//1 4952//1
f 4922//1 4952//1 4924//1
f 4924//1 4952//1 4953//1
f 4924//1 4953//1 4926//1
f 4926//1 4953//1 4954//1
f 4926//1 4954//1 4928//1
f 4928//1 4954//1 4955//1
f 4928//1 4955//1 4930//1
f 4930//1 4955//1 4956//1
f 4930//1 4956//1 4932//1
f 4932//1 4956//1 4957//1
f 4932//1 4957//1 4172//1
f 4172//1 4957//1 4174//1
f 4933//1 228//1 4958//1
f 4958//1 228//1 229//1
f 4958//1 229//1 4959//1
f 4959//1 229//1 4960//1
f 4959//1 4960//1 4961//1
f 4961//1 4960//1 4962//1
f 4961//1 4962//1 4963//1
f 4963//1 4962//1 4964//1
f 4963//1 4964//1 4965//1
f 4965//1 4964//1 4966//1
f 4965//1 4966//1 4967//1
f 4967//1 4966//1 4968//1
f 4967//1 4968//1 4969//1
f 4969//1 4968//1 4970//1
f 4969//1 4970//1 4971//1
f 4971//1 4970//1 4972//1
f 4971//1 4972//1 4973//1
f 4973//1 4972//1 4974//1
f 4973//1 4974//1 4975//1
f 4975//1 4974//1 4976//1
f 4975//1 4976//1 4977//1
f 4977//1 4976//1 4978//1
f 4977//1 4978//1 4979//1
f 4979//1 4978//1 4980//1
f 4979//1 4980//1 4981//1
f 4981//1 4980//1 4982//1
f 4981//1 4982//1 4983//1
f 4983//1 4982//1 4984//1
f 4983//1 4984//1 4985//1
f 4985//1 4984//1 4986//1
f 4985//1 4986//1 4987//1
f 4987//1 4986//1 4988//1
f 4987//1 4988//1 4989//1
f 4989//1 4988//1 4990//1
f 4989//1 4990//1 4991//1
f 4991//1 4990//1 4992//1
f 4991//1 4992//1 4993//1
f 4993//1 4992//1 4994//1
f 4993//1 4994//1 4995//1
f 4995//1 4994//1 4996//1
f 4995//1 4996//1 4997//1
f 4997//1 4996//1 4998//1
f 4997//1 4998//1 4999//1
f 4999//1 4998//1 5000//1
f 4999//1 5000//1 5001//1
f 5001//1 5000//1 5002//1
f 5001//1 5002//1 5003//1
f 5003//1 5002//1 5004//1
f 5003//1 5004//1 5005//1
f 5005//1 5004//1 5006//1
f 5005//1 5006//1 5007//1
f 5007//1 5006//1 5008//1
f 5007//1 5008//1 4178//1
f 4178//1 5008//1 4180//1
f 229//1 230//1 4960//1
f 4960//1 230//1 5009//1
f 4960//1 5009//1 4962//1
f 4962//1 5009//1 5010//1
f 4962//1 5010//1 4964//1
f 4964//1 5010//1 5011//1
f 4964//1 5011//1 4966//1
f 4966//1 5011//1 5012//1
f 4966//1 5012//1 4968//1
f 4968//1 5012//1 5013//1
f 4968//1 5013//1 4970//1
f 4970//1 5013//1 5014//1
f 4970//1 5014//1 4972//1
f 4972//1 5014//1 5015//1
f 4972//1 5015//1 4974//1
f 4974//1 5015//1 5016//1
f 4974//1 5016//1 4976//1
f 4976//1 5016//1 5017//1
f 4976//1 5017//1 4978//1
f 4978//1 5017//1 5018//1
f 4978//1 5018//1 4980//1
f 4980//1 5018//1 5019//1
f 4980//1 5019//1 4982//1
f 4982//1 5019//1 5020//1
f 4982//1 5020//1 4984//1
f 4984//1 5020//1 5021//1
f 4984//1 5021//1 4986//1
f 4986//1 5021//1 5022//1
f 4986//1 5022//1 4988//1
f 4988//1 5022//1 5023//1
f 4988//1 5023//1 4990//1
f 4990//1 5023//1 5024//1
f 4990//1 5024//1 4992//1
f 4992//1 5024//1 5025//1
f 4992//1 5025//1 4994//1
f 4994//1 5025//1 5026//1
f 4994//1 5026//1 4996//1
f 4996//1 5026//1 5027//1
f 4996//1 5027//1 4998//1
f 4998//1 5027//1 5028//1
f 4998//1 5028//1 5000//1
f 5000//1 5028//1 5029//1
f 5000//1 5029//1 5002//1
f 5002//1 5029//1 5030//1
f 5002//1 5030//1 5004//1
f 5004//1 5030//1 5031//1
f 5004//1 5031//1 5006//1
f 5006//1 5031//1 5032//1
f 5006//1 5032//1 5008//1
f 5008//1 5032//1 5033//1
f 5008//1 5033//1 4180//1
f 4180//1 5033//1 4182//1
f 5009//1 230//1 5034//1
f 5034//1 230//1 231//1
f 5034//1 231//1 5035//1
f 5035//1 231//1 5036//1
f 5035//1 5036//1 5037//1
f 5037//1 5036//1 5038//1
f 5037//1 5038//1 5039//1
f 5039//1 5038//1 5040//1
f 5039//1 5040//1 5041//1
f 5041//1 5040//1 5042//1
f 5041//1 5042//1 5043//1
f 5043//1 5042//1 5044//1
f 5043//1 5044//1 5045//1
f 5045//1 5044//1 5046//1
f 5045//1 5046//1 5047//1
f 5047//1 5046//1 5048//1
f 5047//1 5048//1 5049//1
f 5049//1 5048//1 5050//1
f 5049//1 5050//1 5051//1
f 5051//1 5050//1 5052//1
f 5051//1 5052//1 5053//1
f 5053//1 5052//1 5054//1
f 5053//1 5054//1 5055//1
f 5055//1 5054//1 5056//1
f 5055//1 5056//1 5057//1
f 5057//1 5056//1 5058//1
f 5057//1 5058//1 5059//1
f 5059//1 5058//1 5060//1
f 5059//1 5060//1 5061//1
f 5061//1 5060//1 5062//1
f 5061//1 5062//1 5063//1
f 5063//1 5062//1 5064//1
f 5063//1 5064//1 5065//1
f 5065//1 5064//1 5066//1
f 5065//1 5066//1 5067//1
f 5067//1 5066//1 5068//1
f 5067//1 5068//1 5069//1
f 5069//1 5068//1 5070//1
f 5069//1 5070//1 5071//1
f 5071//1 5070//1 5072//1
f 5071//1 5072//1 5073//1
f 5073//1 5072//1 5074//1
f 5073//1 5074//1 5075//1
f 5075//1 5074//1 5076//1
f 5075//1 5076//1 5077//1
f 5077//1 5076//1 5078//1
f 5077//1 5078//1 5079//1
f 5079//1 5078//1 5080//1
f 5079//1 5080//1 5081//1
f 5081//1 5080//1 5082//1
f 5081//1 5082//1 5083//1
f 5083//1 5082//1 5084//1
f 5083//1 5084//1 4186//1
f 4186//1 5084//1 4188//1
f 231//1 232//1 5036//1
f 5036//1 232//1 5085//1
f 5036//1 5085//1 5038//1
f 5038//1 5085//1 5086//1
f 5038//1 5086//1 5040//1
f 5040//1 5086//1 5087//1
f 5040//1 5087//1 5042//1
f 5042//1 5087//1 5088//1
f 5042//1 5088//1 5044//1
f 5044//1 5088//1 5089//1
f 5044//1 5089//1 5046//1
f 5046//1 5089//1 5090//1
f 5046//1 5090//1 5048//1
f 5048//1 5090//1 5091//1
f 5048//1 5091//1 5050//1
f 5050//1 5091//1 5092//1
f 5050//1 5092//1 5052//1
f 5052//1 5092//1 5093//1
f 5052//1 5093//1 5054//1
f 5054//1 5093//1 5094//1
f 5054//1 5094//1 5056//1
f 5056//1 5094//1 5095//1
f 5056//1 5095//1 5058//1
f 5058//1 5095//1 5096//1
f 5058//1 5096//1 5060//1
f 5060//1 5096//1 5097//1
f 5060//1 5097//1 5062//1
f 5062//1 5097//1 5098//1
f 5062//1 5098//1 5064//1
f 5064//1 5098//1 5099//1
f 5064//1 5099//1 5066//1
f 5066//1 5099//1 5100//1
f 5066//1 5100//1 5068//1
f 5068//1 5100//1 5101//1
f 5068//1 5101//1 5070//1
f 5070//1 5101//1 5102//1
f 5070//1 5102//1 5072//1
f 5072//1 5102//1 5103//1
f 5072//1 5103//1 5074//1
f 5074//1 5103//1 5104//1
f 5074//1 5104//1 5076//1
f 5076//1 5104//1 5105//1
f 5076//1 5105//1 5078//1
f 5078//1 5105//1 5106//1
f 5078//1 5106//1 5080//1
f 5080//1 5106//1 5107//1
f 5080//1 5107//1 5082//1
f 5082//1 5107//1 5108//1
f 5082//1 5108//1 5109//1
f 5109//1 5108//1 5110//1
f 5109//1 5110//1 5111//1
f 5085//1 232//1 5112//1
f 5112//1 232//1 233//1
f 5112//1 233//1 5113//1
f 5113//1 233//1 5114//1
f 5113//1 5114//1 5115//1
f 5115//1 5114//1 5116//1
f 5115//1 5116//1 5117//1
f 5117//1 5116//1 5118//1
f 5117//1 5118//1 5119//1
f 5119//1 5118//1 5120//1
f 5119//1 5120//1 5121//1
f 5121//1 5120//1 5122//1
f 5121//1 5122//1 5123//1
f 5123//1 5122//1 5124//1
f 5123//1 5124//1 5125//1
f 5125//1 5124//1 5126//1
f 5125//1 5126//1 5127//1
f 5127//1 5126//1 5128//1
f 5127//1 5128//1 5129//1
f 5129//1 5128//1 5130//1
f 5129//1 5130//1 5131//1
f 5131//1 5130//1 5132//1
f 5131//1 5132//1 5133//1
f 5133//1 5132//1 5134//1
f 5133//1 5134//1 5135//1
f 5135//1 5134//1 5136//1
f 5135//1 5136//1 5137//1
f 5137//1 5136//1 5138//1
f 5137//1 5138//1 5139//1
f 5139//1 5138//1 5140//1
f 5139//1 5140//1 5141//1
f 5141//1 5140//1 5142//1
f 5141//1 5142//1 5143//1
f 5143//1 5142//1 5144//1
f 5143//1 5144//1 5145//1
f 5145//1 5144//1 5146//1
f 5145//1 5146//1 5147//1
f 5147//1 5146//1 5148//1
f 5147//1 5148//1 5149//1
f 5149//1 5148//1 5150//1
f 5149//1 5150//1 5151//1
f 5151//1 5150//1 3471//1
f 5151//1 3471//1 3473//1
f 233//1 234//1 5114//1
f 5114//1 234//1 5152//1
f 5114//1 5152//1 5116//1
f 5116//1 5152//1 5153//1
f 5116//1 5153//1 5118//1
f 5118//1 5153//1 5154//1
f 5118//1 5154//1 5120//1
f 5120//1 5154//1 5155//1
f 5120//1 5155//1 5122//1
f 5122//1 5155//1 5156//1
f 5122//1 5156//1 5124//1
f 5124//1 5156//1 5157//1
f 5124//1 5157//1 5126//1
f 5126//1 5157//1 5158//1
f 5126//1 5158//1 5128//1
f 5128//1 5158//1 5159//1
f 5128//1 5159//1 5130//1
f 5130//1 5159//1 5160//1
f 5130//1 5160//1 5132//1
f 5132//1 5160//1 5161//1
f 5132//1 5161//1 5134//1
f 5134//1 5161//1 5162//1
f 5134//1 5162//1 5136//1
f 5136//1 5162//1 5163//1
f 5136//1 5163//1 5138//1
f 5138//1 5163//1 5164//1
f 5138//1 5164//1 5140//1
f 5140//1 5164//1 5165//1
f 5140//1 5165//1 5142//1
f 5142//1 5165//1 5166//1
f 5142//1 5166//1 5144//1
f 5144//1 5166//1 5167//1
f 5144//1 5167//1 5146//1
f 5146//1 5167//1 5168//1
f 5146//1 5168//1 5148//1
f 5148//1 5168//1 5169//1
f 5148//1 5169//1 5150//1
f 5150//1 5169//1 3469//1
f 5150//1 3469//1 3471//1
f 5152//1 234//1 5170//1
f 5170//1 234//1 235//1
f 5170//1 235//1 5171//1
f 5171//1 235//1 5172//1
f 5171//1 5172//1 5173//1
f 5173//1 5172//1 5174//1
f 5173//1 5174//1 5175//1
f 5175//1 5174//1 5176//1
f 5175//1 5176//1 5177//1
f 5177//1 5176//1 5178//1
f 5177//1 5178//1 5179//1
f 5179//1 5178//1 5180//1
f 5179//1 5180//1 5181//1
f 5181//1 5180//1 5182//1
f 5181//1 5182//1 5183//1
f 5183//1 5182//1 5184//1
f 5183//1 5184//1 5185//1
f 5185//1 5184//1 5186//1
f 5185//1 5186//1 5187//1
f 5187//1 5186//1 5188//1
f 5187//1 5188//1 5189//1
f 5189//1 5188//1 5190//1
f 5189//1 5190//1 5191//1
f 5191//1 5190//1 5192//1
f 5191//1 5192//1 5193//1
f 5193//1 5192//1 5194//1
f 5193//1 5194//1 5195//1
f 5195//1 5194//1 5196//1
f 5195//1 5196//1 5197//1
f 5197//1 5196//1 5198//1
f 5197//1 5198//1 5199//1
f 5199//1 5198//1 5200//1
f 5199//1 5200//1 5201//1
f 5201//1 5200//1 3463//1
f 5201//1 3463//1 3465//1
f 235//1 236//1 5172//1
f 5172//1 236//1 5202//1
f 5172//1 5202//1 5174//1
f 5174//1 5202//1 5203//1
f 5174//1 5203//1 5176//1
f 5176//1 5203//1 5204//1
f 5176//1 5204//1 5178//1
f 5178//1 5204//1 5205//1
f 5178//1 5205//1 5180//1
f 5180//1 5205//1 5206//1
f 5180//1 5206//1 5182//1
f 5182//1 5206//1 5207//1
f 5182//1 5207//1 5184//1
f 5184//1 5207//1 5208//1
f 5184//1 5208//1 5186//1
f 5186//1 5208//1 5209//1
f 5186//1 5209//1 5188//1
f 5188//1 5209//1 5210//1
f 5188//1 5210//1 5190//1
f 5190//1 5210//1 5211//1
f 5190//1 5211//1 5192//1
f 5192//1 5211//1 5212//1
f 5192//1 5212//1 5194//1
f 5194//1 5212//1 5213//1
f 5194//1 5213//1 5196//1
f 5196//1 5213//1 5214//1
f 5196//1 5214//1 5198//1
f 5198//1 5214//1 5215//1
f 5198//1 5215//1 5200//1
f 5200//1 5215//1 3461//1
f 5200//1 3461//1 3463//1
f 5202//1 236//1 5216//1
f 5216//1 236//1 237//1
f 5216//1 237//1 5217//1
f 5217//1 237//1 5218//1
f 5217//1 5218//1 5219//1
f 5219//1 5218//1 5220//1
f 5219//1 5220//1 5204//1
f 5204//1 5220//1 5205//1
f 237//1 247//1 5218//1
f 5218//1 247//1 5221//1
f 5218//1 5221//1 5220//1
f 5220//1 5221//1 5222//1
f 5220//1 5222//1 5205//1
f 5205//1 5222//1 5206//1
f 5221//1 247//1 5223//1
f 5223//1 247//1 246//1
f 5223//1 246//1 5224//1
f 5224//1 246//1 5225//1
f 5224//1 5225//1 5226//1
f 5226//1 5225//1 5227//1
f 5226//1 5227//1 5228//1
f 5228//1 5227//1 5229//1
f 5228//1 5229//1 5230//1
f 5230//1 5229//1 5231//1
f 5230//1 5231//1 5232//1
f 5232//1 5231//1 5233//1
f 5232//1 5233//1 5234//1
f 5234//1 5233//1 5235//1
f 5234//1 5235//1 5236//1
f 5236//1 5235//1 5237//1
f 5236//1 5237//1 5238//1
f 5238//1 5237//1 3451//1
f 5238//1 3451//1 3453//1
f 246//1 245//1 5225//1
f 5225//1 245//1 5239//1
f 5225//1 5239//1 5227//1
f 5227//1 5239//1 5240//1
f 5227//1 5240//1 5229//1
f 5229//1 5240//1 5241//1
f 5229//1 5241//1 5231//1
f 5231//1 5241//1 5242//1
f 5231//1 5242//1 5233//1
f 5233//1 5242//1 5243//1
f 5233//1 5243//1 5235//1
f 5235//1 5243//1 5244//1
f 5235//1 5244//1 5237//1
f 5237//1 5244//1 3449//1
f 5237//1 3449//1 3451//1
f 245//1 248//1 5239//1
f 5239//1 248//1 5245//1
f 5239//1 5245//1 5240//1
f 5240//1 5245//1 5246//1
f 5240//1 5246//1 5241//1
f 5241//1 5246//1 5247//1
f 5241//1 5247//1 5242//1
f 5242//1 5247//1 5248//1
f 5242//1 5248//1 5243//1
f 5243//1 5248//1 5249//1
f 5243//1 5249//1 5244//1
f 5244//1 5249//1 3447//1
f 5244//1 3447//1 3449//1
f 5245//1 248//1 5250//1
f 5250//1 248//1 249//1
f 5250//1 249//1 5251//1
f 5251//1 249//1 5252//1
f 5251//1 5252//1 5253//1
f 5253//1 5252//1 5254//1
f 5253//1 5254//1 5255//1
f 5255//1 5254//1 3441//1
f 5255//1 3441//1 3443//1
f 249//1 250//1 5252//1
f 5252//1 250//1 5256//1
f 5252//1 5256//1 5254//1
f 5254//1 5256//1 3439//1
f 5254//1 3439//1 3441//1
f 5256//1 250//1 3437//1
f 3437//1 250//1 251//1
f 3266//1 3268//1 4119//1
f 4119//1 3268//1 3270//1
f 4119//1 3270//1 3271//1
f 3273//1 5257//1 3271//1
f 3271//1 5257//1 5258//1
f 3271//1 5258//1 5259//1
f 5259//1 5258//1 5260//1
f 5259//1 5260//1 5261//1
f 5261//1 5260//1 5262//1
f 5261//1 5262//1 5263//1
f 5263//1 5262//1 5264//1
f 5263//1 5264//1 5265//1
f 5265//1 5264//1 5266//1
f 5265//1 5266//1 5267//1
f 5267//1 5266//1 5268//1
f 5267//1 5268//1 5269//1
f 5269//1 5268//1 5270//1
f 5269//1 5270//1 5271//1
f 5271//1 5270//1 5272//1
f 5271//1 5272//1 5273//1
f 5273//1 5272//1 5274//1
f 5273//1 5274//1 5275//1
f 5275//1 5274//1 5276//1
f 5275//1 5276//1 5277//1
f 5277//1 5276//1 5278//1
f 5277//1 5278//1 5279//1
f 5279//1 5278//1 5280//1
f 5279//1 5280//1 5281//1
f 5281//1 5280//1 5282//1
f 5281//1 5282//1 5283//1
f 5283//1 5282//1 5284//1
f 5283//1 5284//1 5285//1
f 5285//1 5284//1 5286//1
f 5285//1 5286//1 5287//1
f 5287//1 5286//1 5288//1
f 5287//1 5288//1 5289//1
f 5289//1 5288//1 5290//1
f 5289//1 5290//1 5291//1
f 5291//1 5290//1 5292//1
f 5291//1 5292//1 5293//1
f 5293//1 5292//1 5294//1
f 5293//1 5294//1 5295//1
f 5295//1 5294//1 5296//1
f 5295//1 5296//1 5297//1
f 5297//1 5296//1 5298//1
f 5297//1 5298//1 5299//1
f 5299//1 5298//1 5300//1
f 5299//1 5300//1 5301//1
f 5301//1 5300//1 5302//1
f 5301//1 5302//1 5303//1
f 5303//1 5302//1 5304//1
f 5303//1 5304//1 4072//1
f 4072//1 5304//1 4022//1
f 3273//1 3275//1 5257//1
f 5257//1 3275//1 3276//1
f 5257//1 3276//1 3400//1
f 3400//1 3276//1 3278//1
f 3400//1 3278//1 3280//1
f 3400//1 3280//1 3399//1
f 3399//1 3280//1 3281//1
f 3399//1 3281//1 3283//1
f 3283//1 3285//1 3399//1
f 3399//1 3285//1 3287//1
f 3399//1 3287//1 3398//1
f 3398//1 3287//1 3288//1
f 3398//1 3288//1 3290//1
f 3290//1 3292//1 3398//1
f 3398//1 3292//1 3293//1
f 3398//1 3293//1 3295//1
f 3295//1 3297//1 3398//1
f 3398//1 3297//1 3299//1
f 3398//1 3299//1 3397//1
f 3397//1 3299//1 5305//1
f 3397//1 5305//1 4126//1
f 4126//1 5305//1 4124//1
f 3299//1 3300//1 5305//1
f 5305//1 3300//1 3302//1
f 5305//1 3302//1 3304//1
f 5305//1 3304//1 4124//1
f 4124//1 3304//1 3305//1
f 4124//1 3305//1 3307//1
f 3307//1 3309//1 4124//1
f 4124//1 3309//1 3311//1
f 4124//1 3311//1 3257//1
f 5306//1 5307//1 4122//1
f 4122//1 5307//1 5308//1
f 4122//1 5308//1 5309//1
f 5309//1 5310//1 4122//1
f 4122//1 5310//1 4123//1
f 4123//1 5310//1 5311//1
f 5311//1 5310//1 5312//1
f 5311//1 5312//1 5313//1
f 5313//1 5314//1 5311//1
f 5311//1 5314//1 4268//1
f 5311//1 4268//1 4270//1
f 5314//1 5315//1 4268//1
f 4268//1 5315//1 5316//1
f 4268//1 5316//1 4266//1
f 4262//1 5317//1 4260//1
f 4260//1 5317//1 5318//1
f 4260//1 5318//1 5319//1
f 5319//1 5318//1 4216//1
f 5319//1 4216//1 4215//1
f 5317//1 5320//1 5318//1
f 5318//1 5320//1 5321//1
f 5318//1 5321//1 5322//1
f 5318//1 5322//1 4216//1
f 4216//1 5322//1 4217//1
f 4220//1 5323//1 4218//1
f 4218//1 5323//1 4118//1
f 4218//1 4118//1 4116//1
f 4118//1 5323//1 4121//1
f 4121//1 5323//1 5324//1
f 4121//1 5324//1 5306//1
f 4121//1 5306//1 4122//1
f 3360//1 4187//1 3361//1
f 3361//1 4187//1 5325//1
f 3361//1 5325//1 3362//1
f 3362//1 5325//1 5326//1
f 3362//1 5326//1 3363//1
f 3363//1 5326//1 3571//1
f 3359//1 4183//1 3360//1
f 3360//1 4183//1 4185//1
f 3360//1 4185//1 4187//1
f 4183//1 3359//1 4181//1
f 4181//1 3359//1 3358//1
f 4181//1 3358//1 4179//1
f 4179//1 3358//1 3357//1
f 4179//1 3357//1 4177//1
f 4177//1 3357//1 3356//1
f 4177//1 3356//1 4175//1
f 4175//1 3356//1 3355//1
f 4175//1 3355//1 4173//1
f 4173//1 3355//1 3354//1
f 4173//1 3354//1 4171//1
f 4171//1 3354//1 3353//1
f 4171//1 3353//1 4169//1
f 4169//1 3353//1 3352//1
f 4169//1 3352//1 4167//1
f 4167//1 3352//1 3351//1
f 4167//1 3351//1 4165//1
f 4165//1 3351//1 3350//1
f 4165//1 3350//1 4163//1
f 4163//1 3350//1 3349//1
f 3396//1 3397//1 4126//1
f 5257//1 3400//1 5258//1
f 5258//1 3400//1 3401//1
f 5258//1 3401//1 5327//1
f 5327//1 3401//1 3402//1
f 5327//1 3402//1 5328//1
f 5328//1 3402//1 3403//1
f 5328//1 3403//1 5329//1
f 5329//1 3403//1 3404//1
f 5329//1 3404//1 5330//1
f 5330//1 3404//1 3405//1
f 5330//1 3405//1 5331//1
f 5331//1 3405//1 3406//1
f 5331//1 3406//1 5332//1
f 5332//1 3406//1 3407//1
f 5332//1 3407//1 5333//1
f 5333//1 3407//1 3408//1
f 5333//1 3408//1 5334//1
f 5334//1 3408//1 3409//1
f 5334//1 3409//1 5335//1
f 5335//1 3409//1 3410//1
f 5335//1 3410//1 5336//1
f 5336//1 3410//1 3411//1
f 5336//1 3411//1 5337//1
f 5337//1 3411//1 5338//1
f 5337//1 5338//1 5339//1
f 5339//1 5338//1 5340//1
f 5339//1 5340//1 5341//1
f 5341//1 5340//1 5342//1
f 5341//1 5342//1 5343//1
f 5343//1 5342//1 5344//1
f 5343//1 5344//1 5345//1
f 5345//1 5344//1 5346//1
f 5345//1 5346//1 5347//1
f 5347//1 5346//1 5348//1
f 5347//1 5348//1 5349//1
f 5349//1 5348//1 5350//1
f 5349//1 5350//1 5351//1
f 5351//1 5350//1 5352//1
f 5351//1 5352//1 5353//1
f 5353//1 5352//1 5354//1
f 5353//1 5354//1 5355//1
f 5355//1 5354//1 5356//1
f 5355//1 5356//1 5357//1
f 5357//1 5356//1 5358//1
f 5357//1 5358//1 5359//1
f 5359//1 5358//1 5360//1
f 5359//1 5360//1 5361//1
f 5361//1 5360//1 5362//1
f 5361//1 5362//1 5363//1
f 5363//1 5362//1 4044//1
f 5363//1 4044//1 4042//1
f 3411//1 3412//1 5338//1
f 5338//1 3412//1 5364//1
f 5338//1 5364//1 5340//1
f 5340//1 5364//1 5365//1
f 5340//1 5365//1 5342//1
f 5342//1 5365//1 5366//1
f 5342//1 5366//1 5344//1
f 5344//1 5366//1 5367//1
f 5344//1 5367//1 5346//1
f 5346//1 5367//1 5368//1
f 5346//1 5368//1 5348//1
f 5348//1 5368//1 5369//1
f 5348//1 5369//1 5350//1
f 5350//1 5369//1 5370//1
f 5350//1 5370//1 5352//1
f 5352//1 5370//1 5371//1
f 5352//1 5371//1 5354//1
f 5354//1 5371//1 5372//1
f 5354//1 5372//1 5356//1
f 5356//1 5372//1 5373//1
f 5356//1 5373//1 5358//1
f 5358//1 5373//1 5374//1
f 5358//1 5374//1 5360//1
f 5360//1 5374//1 5375//1
f 5360//1 5375//1 5362//1
f 5362//1 5375//1 4046//1
f 5362//1 4046//1 4044//1
f 3412//1 3413//1 5364//1
f 5364//1 3413//1 5376//1
f 5364//1 5376//1 5365//1
f 5365//1 5376//1 5377//1
f 5365//1 5377//1 5366//1
f 5366//1 5377//1 5378//1
f 5366//1 5378//1 5367//1
f 5367//1 5378//1 5379//1
f 5367//1 5379//1 5368//1
f 5368//1 5379//1 5380//1
f 5368//1 5380//1 5369//1
f 5369//1 5380//1 5381//1
f 5369//1 5381//1 5370//1
f 5370//1 5381//1 5382//1
f 5370//1 5382//1 5371//1
f 5371//1 5382//1 5383//1
f 5371//1 5383//1 5372//1
f 5372//1 5383//1 5384//1
f 5372//1 5384//1 5373//1
f 5373//1 5384//1 5385//1
f 5373//1 5385//1 5374//1
f 5374//1 5385//1 5386//1
f 5374//1 5386//1 5375//1
f 5375//1 5386//1 4048//1
f 5375//1 4048//1 4046//1
f 3413//1 3414//1 5376//1
f 5376//1 3414//1 5387//1
f 5376//1 5387//1 5377//1
f 5377//1 5387//1 5388//1
f 5377//1 5388//1 5378//1
f 5378//1 5388//1 5389//1
f 5378//1 5389//1 5379//1
f 5379//1 5389//1 5390//1
f 5379//1 5390//1 5380//1
f 5380//1 5390//1 5391//1
f 5380//1 5391//1 5381//1
f 5381//1 5391//1 5392//1
f 5381//1 5392//1 5382//1
f 5382//1 5392//1 5393//1
f 5382//1 5393//1 5383//1
f 5383//1 5393//1 5394//1
f 5383//1 5394//1 5384//1
f 5384//1 5394//1 5395//1
f 5384//1 5395//1 5385//1
f 5385//1 5395//1 5396//1
f 5385//1 5396//1 5386//1
f 5386//1 5396//1 4050//1
f 5386//1 4050//1 4048//1
f 3414//1 3415//1 5387//1
f 5387//1 3415//1 5397//1
f 5387//1 5397//1 5388//1
f 5388//1 5397//1 5398//1
f 5388//1 5398//1 5389//1
f 5389//1 5398//1 5399//1
f 5389//1 5399//1 5390//1
f 5390//1 5399//1 5400//1
f 5390//1 5400//1 5391//1
f 5391//1 5400//1 5401//1
f 5391//1 5401//1 5392//1
f 5392//1 5401//1 5402//1
f 5392//1 5402//1 5393//1
f 5393//1 5402//1 5403//1
f 5393//1 5403//1 5394//1
f 5394//1 5403//1 5404//1
f 5394//1 5404//1 5395//1
f 5395//1 5404//1 5405//1
f 5395//1 5405//1 5396//1
f 5396//1 5405//1 4052//1
f 5396//1 4052//1 4050//1
f 3415//1 3416//1 5397//1
f 5397//1 3416//1 5406//1
f 5397//1 5406//1 5398//1
f 5398//1 5406//1 5407//1
f 5398//1 5407//1 5399//1
f 5399//1 5407//1 5408//1
f 5399//1 5408//1 5400//1
f 5400//1 5408//1 5409//1
f 5400//1 5409//1 5401//1
f 5401//1 5409//1 5410//1
f 5401//1 5410//1 5402//1
f 5402//1 5410//1 5411//1
f 5402//1 5411//1 5403//1
f 5403//1 5411//1 5412//1
f 5403//1 5412//1 5404//1
f 5404//1 5412//1 5413//1
f 5404//1 5413//1 5405//1
f 5405//1 5413//1 4054//1
f 5405//1 4054//1 4052//1
f 3416//1 3417//1 5406//1
f 5406//1 3417//1 5414//1
f 5406//1 5414//1 5407//1
f 5407//1 5414//1 5415//1
f 5407//1 5415//1 5408//1
f 5408//1 5415//1 5416//1
f 5408//1 5416//1 5409//1
f 5409//1 5416//1 5417//1
f 5409//1 5417//1 5410//1
f 5410//1 5417//1 5418//1
f 5410//1 5418//1 5411//1
f 5411//1 5418//1 5419//1
f 5411//1 5419//1 5412//1
f 5412//1 5419//1 5420//1
f 5412//1 5420//1 5413//1
f 5413//1 5420//1 4056//1
f 5413//1 4056//1 4054//1
f 3417//1 3418//1 5414//1
f 5414//1 3418//1 5421//1
f 5414//1 5421//1 5415//1
f 5415//1 5421//1 5422//1
f 5415//1 5422//1 5416//1
f 5416//1 5422//1 5423//1
f 5416//1 5423//1 5417//1
f 5417//1 5423//1 5424//1
f 5417//1 5424//1 5418//1
f 5418//1 5424//1 5425//1
f 5418//1 5425//1 5419//1
f 5419//1 5425//1 5426//1
f 5419//1 5426//1 5420//1
f 5420//1 5426//1 4058//1
f 5420//1 4058//1 4056//1
f 3418//1 3419//1 5421//1
f 5421//1 3419//1 5427//1
f 5421//1 5427//1 5422//1
f 5422//1 5427//1 5428//1
f 5422//1 5428//1 5423//1
f 5423//1 5428//1 5429//1
f 5423//1 5429//1 5424//1
f 5424//1 5429//1 5430//1
f 5424//1 5430//1 5425//1
f 5425//1 5430//1 5431//1
f 5425//1 5431//1 5426//1
f 5426//1 5431//1 4060//1
f 5426//1 4060//1 4058//1
f 3419//1 3420//1 5427//1
f 5427//1 3420//1 5432//1
f 5427//1 5432//1 5428//1
f 5428//1 5432//1 5433//1
f 5428//1 5433//1 5429//1
f 5429//1 5433//1 5434//1
f 5429//1 5434//1 5430//1
f 5430//1 5434//1 5435//1
f 5430//1 5435//1 5431//1
f 5431//1 5435//1 4062//1
f 5431//1 4062//1 4060//1
f 3420//1 3421//1 5432//1
f 5432//1 3421//1 5436//1
f 5432//1 5436//1 5433//1
f 5433//1 5436//1 5437//1
f 5433//1 5437//1 5434//1
f 5434//1 5437//1 5438//1
f 5434//1 5438//1 5435//1
f 5435//1 5438//1 4064//1
f 5435//1 4064//1 4062//1
f 3421//1 3422//1 5436//1
f 5436//1 3422//1 5439//1
f 5436//1 5439//1 5437//1
f 5437//1 5439//1 5440//1
f 5437//1 5440//1 5438//1
f 5438//1 5440//1 4066//1
f 5438//1 4066//1 4064//1
f 3422//1 3423//1 5439//1
f 5439//1 3423//1 5441//1
f 5439//1 5441//1 5440//1
f 5440//1 5441//1 4068//1
f 5440//1 4068//1 4066//1
f 3423//1 3424//1 5441//1
f 5441//1 3424//1 4070//1
f 5441//1 4070//1 4068//1
f 3424//1 3425//1 4070//1
f 4071//1 3426//1 4020//1
f 4020//1 3426//1 3427//1
f 4021//1 3428//1 3970//1
f 3970//1 3428//1 3429//1
f 3971//1 3430//1 3920//1
f 3920//1 3430//1 3431//1
f 3921//1 3432//1 3870//1
f 3870//1 3432//1 3433//1
f 3871//1 3434//1 3820//1
f 3820//1 3434//1 3374//1
f 3821//1 3373//1 3770//1
f 3770//1 3373//1 3372//1
f 3771//1 3371//1 3720//1
f 3720//1 3371//1 3370//1
f 3721//1 3369//1 3670//1
f 3670//1 3369//1 3368//1
f 3671//1 3367//1 3620//1
f 3620//1 3367//1 3366//1
f 3621//1 3365//1 3570//1
f 3570//1 3365//1 3364//1
f 5442//1 5443//1 5444//1
f 5444//1 5443//1 5445//1
f 5444//1 5445//1 4190//1
f 4190//1 5445//1 5446//1
f 4190//1 5446//1 5447//1
f 5447//1 4192//1 4190//1
f 4193//1 4195//1 3518//1
f 3518//1 4195//1 3520//1
f 3521//1 5448//1 3519//1
f 3519//1 5448//1 5449//1
f 3519//1 5449//1 3517//1
f 3517//1 5449//1 5450//1
f 3517//1 5450//1 3474//1
f 3474//1 5450//1 5451//1
f 3474//1 5451//1 5452//1
f 5452//1 3476//1 3474//1
f 3475//1 3477//1 5107//1
f 5107//1 3477//1 5453//1
f 5107//1 5453//1 5454//1
f 5454//1 5108//1 5107//1
f 5111//1 5455//1 5109//1
f 5109//1 5455//1 5084//1
f 5109//1 5084//1 5082//1
f 5455//1 5456//1 5084//1
f 5084//1 5456//1 5444//1
f 5084//1 5444//1 4188//1
f 4188//1 5444//1 4190//1
f 5456//1 5442//1 5444//1
f 5035//1 5457//1 5034//1
f 5034//1 5457//1 5010//1
f 5034//1 5010//1 5009//1
f 5010//1 5457//1 5011//1
f 5011//1 5457//1 5458//1
f 5011//1 5458//1 5012//1
f 5012//1 5458//1 5459//1
f 5012//1 5459//1 5013//1
f 5013//1 5459//1 5460//1
f 5013//1 5460//1 5014//1
f 5014//1 5460//1 5461//1
f 5014//1 5461//1 5015//1
f 5015//1 5461//1 5462//1
f 5015//1 5462//1 5016//1
f 5016//1 5462//1 5463//1
f 5016//1 5463//1 5017//1
f 5017//1 5463//1 5464//1
f 5017//1 5464//1 5018//1
f 5018//1 5464//1 5465//1
f 5018//1 5465//1 5019//1
f 5019//1 5465//1 5466//1
f 5019//1 5466//1 5020//1
f 5020//1 5466//1 5467//1
f 5020//1 5467//1 5021//1
f 5021//1 5467//1 5468//1
f 5021//1 5468//1 5022//1
f 5022//1 5468//1 5469//1
f 5022//1 5469//1 5023//1
f 5023//1 5469//1 5470//1
f 5023//1 5470//1 5024//1
f 5024//1 5470//1 5471//1
f 5024//1 5471//1 5025//1
f 5025//1 5471//1 5472//1
f 5025//1 5472//1 5026//1
f 5026//1 5472//1 5473//1
f 5026//1 5473//1 5027//1
f 5027//1 5473//1 5474//1
f 5027//1 5474//1 5028//1
f 5028//1 5474//1 5475//1
f 5028//1 5475//1 5029//1
f 5029//1 5475//1 5476//1
f 5029//1 5476//1 5030//1
f 5030//1 5476//1 5477//1
f 5030//1 5477//1 5031//1
f 5031//1 5477//1 5478//1
f 5031//1 5478//1 5032//1
f 5032//1 5478//1 5479//1
f 5032//1 5479//1 5033//1
f 5033//1 5479//1 5480//1
f 5033//1 5480//1 4182//1
f 4182//1 5480//1 4184//1
f 5458//1 5457//1 5037//1
f 5037//1 5457//1 5035//1
f 4967//1 5481//1 5482//1
f 5482//1 5481//1 4938//1
f 5482//1 4938//1 4937//1
f 4938//1 5481//1 4939//1
f 4939//1 5481//1 5483//1
f 4939//1 5483//1 4940//1
f 4940//1 5483//1 5484//1
f 4940//1 5484//1 4941//1
f 4941//1 5484//1 5485//1
f 4941//1 5485//1 4942//1
f 4942//1 5485//1 5486//1
f 4942//1 5486//1 4943//1
f 4943//1 5486//1 5487//1
f 4943//1 5487//1 4944//1
f 4944//1 5487//1 5488//1
f 4944//1 5488//1 4945//1
f 4945//1 5488//1 5489//1
f 4945//1 5489//1 4946//1
f 4946//1 5489//1 5490//1
f 4946//1 5490//1 4947//1
f 4947//1 5490//1 5491//1
f 4947//1 5491//1 4948//1
f 4948//1 5491//1 5492//1
f 4948//1 5492//1 4949//1
f 4949//1 5492//1 5493//1
f 4949//1 5493//1 4950//1
f 4950//1 5493//1 5494//1
f 4950//1 5494//1 4951//1
f 4951//1 5494//1 5495//1
f 4951//1 5495//1 4952//1
f 4952//1 5495//1 5496//1
f 4952//1 5496//1 4953//1
f 4953//1 5496//1 5497//1
f 4953//1 5497//1 4954//1
f 4954//1 5497//1 5498//1
f 4954//1 5498//1 4955//1
f 4955//1 5498//1 5499//1
f 4955//1 5499//1 4956//1
f 4956//1 5499//1 5500//1
f 4956//1 5500//1 4957//1
f 4957//1 5500//1 5501//1
f 4957//1 5501//1 4174//1
f 4174//1 5501//1 4176//1
f 5483//1 5481//1 4969//1
f 4969//1 5481//1 4967//1
f 4899//1 5502//1 5503//1
f 5503//1 5502//1 4866//1
f 5503//1 4866//1 4865//1
f 4866//1 5502//1 4867//1
f 4867//1 5502//1 5504//1
f 4867//1 5504//1 4868//1
f 4868//1 5504//1 5505//1
f 4868//1 5505//1 4869//1
f 4869//1 5505//1 5506//1
f 4869//1 5506//1 4870//1
f 4870//1 5506//1 5507//1
f 4870//1 5507//1 4871//1
f 4871//1 5507//1 5508//1
f 4871//1 5508//1 4872//1
f 4872//1 5508//1 5509//1
f 4872//1 5509//1 4873//1
f 4873//1 5509//1 5510//1
f 4873//1 5510//1 4874//1
f 4874//1 5510//1 5511//1
f 4874//1 5511//1 4875//1
f 4875//1 5511//1 5512//1
f 4875//1 5512//1 4876//1
f 4876//1 5512//1 5513//1
f 4876//1 5513//1 4877//1
f 4877//1 5513//1 5514//1
f 4877//1 5514//1 4878//1
f 4878//1 5514//1 5515//1
f 4878//1 5515//1 4879//1
f 4879//1 5515//1 5516//1
f 4879//1 5516//1 4880//1
f 4880//1 5516//1 5517//1
f 4880//1 5517//1 4881//1
f 4881//1 5517//1 5518//1
f 4881//1 5518//1 4166//1
f 4166//1 5518//1 4168//1
f 5504//1 5502//1 4901//1
f 4901//1 5502//1 4899//1
f 4832//1 5519//1 5520//1
f 5520//1 5519//1 4796//1
f 5520//1 4796//1 4795//1
f 4796//1 5519//1 4797//1
f 4797//1 5519//1 5521//1
f 4797//1 5521//1 4798//1
f 4798//1 5521//1 5522//1
f 4798//1 5522//1 4799//1
f 4799//1 5522//1 5523//1
f 4799//1 5523//1 4800//1
f 4800//1 5523//1 5524//1
f 4800//1 5524//1 4801//1
f 4801//1 5524//1 5525//1
f 4801//1 5525//1 4802//1
f 4802//1 5525//1 5526//1
f 4802//1 5526//1 4803//1
f 4803//1 5526//1 5527//1
f 4803//1 5527//1 4804//1
f 4804//1 5527//1 5528//1
f 4804//1 5528//1 4805//1
f 4805//1 5528//1 5529//1
f 4805//1 5529//1 4806//1
f 4806//1 5529//1 5530//1
f 4806//1 5530//1 4159//1
f 4159//1 5530//1 4160//1
f 5521//1 5519//1 4834//1
f 4834//1 5519//1 4832//1
f 4767//1 5531//1 5532//1
f 5532//1 5531//1 5533//1
f 5532//1 5533//1 5534//1
f 5534//1 5533//1 4726//1
f 5534//1 4726//1 4725//1
f 5531//1 5535//1 5533//1
f 5533//1 5535//1 4727//1
f 5533//1 4727//1 4726//1
f 4767//1 4769//1 5531//1
f 5531//1 4769//1 5536//1
f 5531//1 5536//1 5535//1
f 5535//1 5536//1 5537//1
f 5535//1 5537//1 4728//1
f 4728//1 5537//1 4729//1
f 5535//1 4728//1 4727//1
f 4703//1 5538//1 5539//1
f 5539//1 5538//1 4658//1
f 5539//1 4658//1 4657//1
f 4658//1 5538//1 4659//1
f 4659//1 5538//1 5540//1
f 4659//1 5540//1 4150//1
f 4150//1 5540//1 4151//1
f 5540//1 5538//1 4705//1
f 4705//1 5538//1 4703//1
f 5303//1 4072//1 4073//1
f 3438//1 3436//1 3481//1
f 3481//1 3436//1 3435//1
f 3440//1 3438//1 3483//1
f 3483//1 3438//1 3481//1
f 3442//1 3440//1 3485//1
f 3485//1 3440//1 3483//1
f 3444//1 3442//1 3487//1
f 3487//1 3442//1 3485//1
f 3446//1 3444//1 3489//1
f 3489//1 3444//1 3487//1
f 3448//1 3446//1 3491//1
f 3491//1 3446//1 3489//1
f 3450//1 3448//1 3493//1
f 3493//1 3448//1 3491//1
f 3452//1 3450//1 3495//1
f 3495//1 3450//1 3493//1
f 3454//1 3452//1 3497//1
f 3497//1 3452//1 3495//1
f 3456//1 3454//1 3499//1
f 3499//1 3454//1 3497//1
f 3458//1 3456//1 3501//1
f 3501//1 3456//1 3499//1
f 3460//1 3458//1 3503//1
f 3503//1 3458//1 3501//1
f 3462//1 3460//1 3505//1
f 3505//1 3460//1 3503//1
f 3464//1 3462//1 3507//1
f 3507//1 3462//1 3505//1
f 3466//1 3464//1 3509//1
f 3509//1 3464//1 3507//1
f 3468//1 3466//1 3511//1
f 3511//1 3466//1 3509//1
f 3470//1 3468//1 3513//1
f 3513//1 3468//1 3511//1
f 3472//1 3470//1 3515//1
f 3515//1 3470//1 3513//1
f 3474//1 3472//1 3517//1
f 3517//1 3472//1 3515//1
f 3480//1 3479//1 3525//1
f 3525//1 3479//1 3478//1
f 3482//1 3480//1 3527//1
f 3527//1 3480//1 3525//1
f 3484//1 3482//1 3529//1
f 3529//1 3482//1 3527//1
f 3486//1 3484//1 3531//1
f 3531//1 3484//1 3529//1
f 3488//1 3486//1 3533//1
f 3533//1 3486//1 3531//1
f 3490//1 3488//1 3535//1
f 3535//1 3488//1 3533//1
f 3492//1 3490//1 3537//1
f 3537//1 3490//1 3535//1
f 3494//1 3492//1 3539//1
f 3539//1 3492//1 3537//1
f 3496//1 3494//1 3541//1
f 3541//1 3494//1 3539//1
f 3498//1 3496//1 3543//1
f 3543//1 3496//1 3541//1
f 3500//1 3498//1 3545//1
f 3545//1 3498//1 3543//1
f 3502//1 3500//1 3547//1
f 3547//1 3500//1 3545//1
f 3504//1 3502//1 3549//1
f 3549//1 3502//1 3547//1
f 3506//1 3504//1 3551//1
f 3551//1 3504//1 3549//1
f 3508//1 3506//1 3553//1
f 3553//1 3506//1 3551//1
f 3510//1 3508//1 3555//1
f 3555//1 3508//1 3553//1
f 3512//1 3510//1 3557//1
f 3557//1 3510//1 3555//1
f 3514//1 3512//1 3559//1
f 3559//1 3512//1 3557//1
f 3516//1 3514//1 3561//1
f 3561//1 3514//1 3559//1
f 3518//1 3516//1 3563//1
f 3563//1 3516//1 3561//1
f 4193//1 3518//1 3565//1
f 3565//1 3518//1 3563//1
f 4191//1 4193//1 3567//1
f 3567//1 4193//1 3565//1
f 3567//1 3569//1 4191//1
f 4191//1 3569//1 5541//1
f 4191//1 5541//1 4189//1
f 4189//1 5541//1 5325//1
f 4189//1 5325//1 4187//1
f 3569//1 3571//1 5541//1
f 5541//1 3571//1 5326//1
f 5541//1 5326//1 5325//1
f 3524//1 3523//1 3575//1
f 3575//1 3523//1 3522//1
f 3526//1 3524//1 3577//1
f 3577//1 3524//1 3575//1
f 3528//1 3526//1 3579//1
f 3579//1 3526//1 3577//1
f 3530//1 3528//1 3581//1
f 3581//1 3528//1 3579//1
f 3532//1 3530//1 3583//1
f 3583//1 3530//1 3581//1
f 3534//1 3532//1 3585//1
f 3585//1 3532//1 3583//1
f 3536//1 3534//1 3587//1
f 3587//1 3534//1 3585//1
f 3538//1 3536//1 3589//1
f 3589//1 3536//1 3587//1
f 3540//1 3538//1 3591//1
f 3591//1 3538//1 3589//1
f 3542//1 3540//1 3593//1
f 3593//1 3540//1 3591//1
f 3544//1 3542//1 3595//1
f 3595//1 3542//1 3593//1
f 3546//1 3544//1 3597//1
f 3597//1 3544//1 3595//1
f 3548//1 3546//1 3599//1
f 3599//1 3546//1 3597//1
f 3550//1 3548//1 3601//1
f 3601//1 3548//1 3599//1
f 3552//1 3550//1 3603//1
f 3603//1 3550//1 3601//1
f 3554//1 3552//1 3605//1
f 3605//1 3552//1 3603//1
f 3556//1 3554//1 3607//1
f 3607//1 3554//1 3605//1
f 3558//1 3556//1 3609//1
f 3609//1 3556//1 3607//1
f 3560//1 3558//1 3611//1
f 3611//1 3558//1 3609//1
f 3562//1 3560//1 3613//1
f 3613//1 3560//1 3611//1
f 3564//1 3562//1 3615//1
f 3615//1 3562//1 3613//1
f 3566//1 3564//1 3617//1
f 3617//1 3564//1 3615//1
f 3568//1 3566//1 3619//1
f 3619//1 3566//1 3617//1
f 3570//1 3568//1 3621//1
f 3621//1 3568//1 3619//1
f 3574//1 3573//1 3625//1
f 3625//1 3573//1 3572//1
f 3576//1 3574//1 3627//1
f 3627//1 3574//1 3625//1
f 3578//1 3576//1 3629//1
f 3629//1 3576//1 3627//1
f 3580//1 3578//1 3631//1
f 3631//1 3578//1 3629//1
f 3582//1 3580//1 3633//1
f 3633//1 3580//1 3631//1
f 3584//1 3582//1 3635//1
f 3635//1 3582//1 3633//1
f 3586//1 3584//1 3637//1
f 3637//1 3584//1 3635//1
f 3588//1 3586//1 3639//1
f 3639//1 3586//1 3637//1
f 3590//1 3588//1 3641//1
f 3641//1 3588//1 3639//1
f 3592//1 3590//1 3643//1
f 3643//1 3590//1 3641//1
f 3594//1 3592//1 3645//1
f 3645//1 3592//1 3643//1
f 3596//1 3594//1 3647//1
f 3647//1 3594//1 3645//1
f 3598//1 3596//1 3649//1
f 3649//1 3596//1 3647//1
f 3600//1 3598//1 3651//1
f 3651//1 3598//1 3649//1
f 3602//1 3600//1 3653//1
f 3653//1 3600//1 3651//1
f 3604//1 3602//1 3655//1
f 3655//1 3602//1 3653//1
f 3606//1 3604//1 3657//1
f 3657//1 3604//1 3655//1
f 3608//1 3606//1 3659//1
f 3659//1 3606//1 3657//1
f 3610//1 3608//1 3661//1
f 3661//1 3608//1 3659//1
f 3612//1 3610//1 3663//1
f 3663//1 3610//1 3661//1
f 3614//1 3612//1 3665//1
f 3665//1 3612//1 3663//1
f 3616//1 3614//1 3667//1
f 3667//1 3614//1 3665//1
f 3618//1 3616//1 3669//1
f 3669//1 3616//1 3667//1
f 3620//1 3618//1 3671//1
f 3671//1 3618//1 3669//1
f 3624//1 3623//1 3675//1
f 3675//1 3623//1 3622//1
f 3626//1 3624//1 3677//1
f 3677//1 3624//1 3675//1
f 3628//1 3626//1 3679//1
f 3679//1 3626//1 3677//1
f 3630//1 3628//1 3681//1
f 3681//1 3628//1 3679//1
f 3632//1 3630//1 3683//1
f 3683//1 3630//1 3681//1
f 3634//1 3632//1 3685//1
f 3685//1 3632//1 3683//1
f 3636//1 3634//1 3687//1
f 3687//1 3634//1 3685//1
f 3638//1 3636//1 3689//1
f 3689//1 3636//1 3687//1
f 3640//1 3638//1 3691//1
f 3691//1 3638//1 3689//1
f 3642//1 3640//1 3693//1
f 3693//1 3640//1 3691//1
f 3644//1 3642//1 3695//1
f 3695//1 3642//1 3693//1
f 3646//1 3644//1 3697//1
f 3697//1 3644//1 3695//1
f 3648//1 3646//1 3699//1
f 3699//1 3646//1 3697//1
f 3650//1 3648//1 3701//1
f 3701//1 3648//1 3699//1
f 3652//1 3650//1 3703//1
f 3703//1 3650//1 3701//1
f 3654//1 3652//1 3705//1
f 3705//1 3652//1 3703//1
f 3656//1 3654//1 3707//1
f 3707//1 3654//1 3705//1
f 3658//1 3656//1 3709//1
f 3709//1 3656//1 3707//1
f 3660//1 3658//1 3711//1
f 3711//1 3658//1 3709//1
f 3662//1 3660//1 3713//1
f 3713//1 3660//1 3711//1
f 3664//1 3662//1 3715//1
f 3715//1 3662//1 3713//1
f 3666//1 3664//1 3717//1
f 3717//1 3664//1 3715//1
f 3668//1 3666//1 3719//1
f 3719//1 3666//1 3717//1
f 3670//1 3668//1 3721//1
f 3721//1 3668//1 3719//1
f 3672//1 3725//1 3673//1
f 3673//1 3725//1 3674//1
f 3725//1 3727//1 3674//1
f 3674//1 3727//1 3676//1
f 3727//1 3729//1 3676//1
f 3676//1 3729//1 3678//1
f 3729//1 3731//1 3678//1
f 3678//1 3731//1 3680//1
f 3731//1 3733//1 3680//1
f 3680//1 3733//1 3682//1
f 3733//1 3735//1 3682//1
f 3682//1 3735//1 3684//1
f 3735//1 3737//1 3684//1
f 3684//1 3737//1 3686//1
f 3737//1 3739//1 3686//1
f 3686//1 3739//1 3688//1
f 3739//1 3741//1 3688//1
f 3688//1 3741//1 3690//1
f 3741//1 3743//1 3690//1
f 3690//1 3743//1 3692//1
f 3743//1 3745//1 3692//1
f 3692//1 3745//1 3694//1
f 3745//1 3747//1 3694//1
f 3694//1 3747//1 3696//1
f 3747//1 3749//1 3696//1
f 3696//1 3749//1 3698//1
f 3749//1 3751//1 3698//1
f 3698//1 3751//1 3700//1
f 3751//1 3753//1 3700//1
f 3700//1 3753//1 3702//1
f 3753//1 3755//1 3702//1
f 3702//1 3755//1 3704//1
f 3755//1 3757//1 3704//1
f 3704//1 3757//1 3706//1
f 3757//1 3759//1 3706//1
f 3706//1 3759//1 3708//1
f 3759//1 3761//1 3708//1
f 3708//1 3761//1 3710//1
f 3761//1 3763//1 3710//1
f 3710//1 3763//1 3712//1
f 3763//1 3765//1 3712//1
f 3712//1 3765//1 3714//1
f 3765//1 3767//1 3714//1
f 3714//1 3767//1 3716//1
f 3771//1 3720//1 3718//1
f 3767//1 3769//1 3716//1
f 3716//1 3769//1 3718//1
f 3769//1 3771//1 3718//1
f 3722//1 3775//1 3723//1
f 3723//1 3775//1 3724//1
f 3775//1 3777//1 3724//1
f 3724//1 3777//1 3726//1
f 3777//1 3779//1 3726//1
f 3726//1 3779//1 3728//1
f 3779//1 3781//1 3728//1
f 3728//1 3781//1 3730//1
f 3781//1 3783//1 3730//1
f 3730//1 3783//1 3732//1
f 3783//1 3785//1 3732//1
f 3732//1 3785//1 3734//1
f 3785//1 3787//1 3734//1
f 3734//1 3787//1 3736//1
f 3787//1 3789//1 3736//1
f 3736//1 3789//1 3738//1
f 3789//1 3791//1 3738//1
f 3738//1 3791//1 3740//1
f 3791//1 3793//1 3740//1
f 3740//1 3793//1 3742//1
f 3793//1 3795//1 3742//1
f 3742//1 3795//1 3744//1
f 3795//1 3797//1 3744//1
f 3744//1 3797//1 3746//1
f 3797//1 3799//1 3746//1
f 3746//1 3799//1 3748//1
f 3799//1 3801//1 3748//1
f 3748//1 3801//1 3750//1
f 3801//1 3803//1 3750//1
f 3750//1 3803//1 3752//1
f 3803//1 3805//1 3752//1
f 3752//1 3805//1 3754//1
f 3805//1 3807//1 3754//1
f 3754//1 3807//1 3756//1
f 3807//1 3809//1 3756//1
f 3756//1 3809//1 3758//1
f 3809//1 3811//1 3758//1
f 3758//1 3811//1 3760//1
f 3811//1 3813//1 3760//1
f 3760//1 3813//1 3762//1
f 3813//1 3815//1 3762//1
f 3762//1 3815//1 3764//1
f 3815//1 3817//1 3764//1
f 3764//1 3817//1 3766//1
f 3821//1 3770//1 3768//1
f 3817//1 3819//1 3766//1
f 3766//1 3819//1 3768//1
f 3819//1 3821//1 3768//1
f 3772//1 3825//1 3773//1
f 3773//1 3825//1 3774//1
f 3825//1 3827//1 3774//1
f 3774//1 3827//1 3776//1
f 3827//1 3829//1 3776//1
f 3776//1 3829//1 3778//1
f 3829//1 3831//1 3778//1
f 3778//1 3831//1 3780//1
f 3831//1 3833//1 3780//1
f 3780//1 3833//1 3782//1
f 3833//1 3835//1 3782//1
f 3782//1 3835//1 3784//1
f 3835//1 3837//1 3784//1
f 3784//1 3837//1 3786//1
f 3837//1 3839//1 3786//1
f 3786//1 3839//1 3788//1
f 3839//1 3841//1 3788//1
f 3788//1 3841//1 3790//1
f 3841//1 3843//1 3790//1
f 3790//1 3843//1 3792//1
f 3843//1 3845//1 3792//1
f 3792//1 3845//1 3794//1
f 3845//1 3847//1 3794//1
f 3794//1 3847//1 3796//1
f 3847//1 3849//1 3796//1
f 3796//1 3849//1 3798//1
f 3849//1 3851//1 3798//1
f 3798//1 3851//1 3800//1
f 3851//1 3853//1 3800//1
f 3800//1 3853//1 3802//1
f 3853//1 3855//1 3802//1
f 3802//1 3855//1 3804//1
f 3855//1 3857//1 3804//1
f 3804//1 3857//1 3806//1
f 3857//1 3859//1 3806//1
f 3806//1 3859//1 3808//1
f 3859//1 3861//1 3808//1
f 3808//1 3861//1 3810//1
f 3861//1 3863//1 3810//1
f 3810//1 3863//1 3812//1
f 3863//1 3865//1 3812//1
f 3812//1 3865//1 3814//1
f 3865//1 3867//1 3814//1
f 3814//1 3867//1 3816//1
f 3871//1 3820//1 3818//1
f 3867//1 3869//1 3816//1
f 3816//1 3869//1 3818//1
f 3869//1 3871//1 3818//1
f 3822//1 3875//1 3823//1
f 3823//1 3875//1 3824//1
f 3875//1 3877//1 3824//1
f 3824//1 3877//1 3826//1
f 3877//1 3879//1 3826//1
f 3826//1 3879//1 3828//1
f 3879//1 3881//1 3828//1
f 3828//1 3881//1 3830//1
f 3881//1 3883//1 3830//1
f 3830//1 3883//1 3832//1
f 3883//1 3885//1 3832//1
f 3832//1 3885//1 3834//1
f 3885//1 3887//1 3834//1
f 3834//1 3887//1 3836//1
f 3887//1 3889//1 3836//1
f 3836//1 3889//1 3838//1
f 3889//1 3891//1 3838//1
f 3838//1 3891//1 3840//1
f 3891//1 3893//1 3840//1
f 3840//1 3893//1 3842//1
f 3893//1 3895//1 3842//1
f 3842//1 3895//1 3844//1
f 3895//1 3897//1 3844//1
f 3844//1 3897//1 3846//1
f 3897//1 3899//1 3846//1
f 3846//1 3899//1 3848//1
f 3899//1 3901//1 3848//1
f 3848//1 3901//1 3850//1
f 3901//1 3903//1 3850//1
f 3850//1 3903//1 3852//1
f 3903//1 3905//1 3852//1
f 3852//1 3905//1 3854//1
f 3905//1 3907//1 3854//1
f 3854//1 3907//1 3856//1
f 3907//1 3909//1 3856//1
f 3856//1 3909//1 3858//1
f 3909//1 3911//1 3858//1
f 3858//1 3911//1 3860//1
f 3911//1 3913//1 3860//1
f 3860//1 3913//1 3862//1
f 3913//1 3915//1 3862//1
f 3862//1 3915//1 3864//1
f 3915//1 3917//1 3864//1
f 3864//1 3917//1 3866//1
f 3921//1 3870//1 3868//1
f 3917//1 3919//1 3866//1
f 3866//1 3919//1 3868//1
f 3919//1 3921//1 3868//1
f 3872//1 3925//1 3873//1
f 3873//1 3925//1 3874//1
f 3925//1 3927//1 3874//1
f 3874//1 3927//1 3876//1
f 3927//1 3929//1 3876//1
f 3876//1 3929//1 3878//1
f 3929//1 3931//1 3878//1
f 3878//1 3931//1 3880//1
f 3931//1 3933//1 3880//1
f 3880//1 3933//1 3882//1
f 3933//1 3935//1 3882//1
f 3882//1 3935//1 3884//1
f 3935//1 3937//1 3884//1
f 3884//1 3937//1 3886//1
f 3937//1 3939//1 3886//1
f 3886//1 3939//1 3888//1
f 3939//1 3941//1 3888//1
f 3888//1 3941//1 3890//1
f 3941//1 3943//1 3890//1
f 3890//1 3943//1 3892//1
f 3943//1 3945//1 3892//1
f 3892//1 3945//1 3894//1
f 3945//1 3947//1 3894//1
f 3894//1 3947//1 3896//1
f 3947//1 3949//1 3896//1
f 3896//1 3949//1 3898//1
f 3949//1 3951//1 3898//1
f 3898//1 3951//1 3900//1
f 3951//1 3953//1 3900//1
f 3900//1 3953//1 3902//1
f 3953//1 3955//1 3902//1
f 3902//1 3955//1 3904//1
f 3955//1 3957//1 3904//1
f 3904//1 3957//1 3906//1
f 3957//1 3959//1 3906//1
f 3906//1 3959//1 3908//1
f 3959//1 3961//1 3908//1
f 3908//1 3961//1 3910//1
f 3961//1 3963//1 3910//1
f 3910//1 3963//1 3912//1
f 3963//1 3965//1 3912//1
f 3912//1 3965//1 3914//1
f 3965//1 3967//1 3914//1
f 3914//1 3967//1 3916//1
f 3971//1 3920//1 3918//1
f 3967//1 3969//1 3916//1
f 3916//1 3969//1 3918//1
f 3969//1 3971//1 3918//1
f 3922//1 3975//1 3923//1
f 3923//1 3975//1 3924//1
f 3975//1 3977//1 3924//1
f 3924//1 3977//1 3926//1
f 3977//1 3979//1 3926//1
f 3926//1 3979//1 3928//1
f 3979//1 3981//1 3928//1
f 3928//1 3981//1 3930//1
f 3981//1 3983//1 3930//1
f 3930//1 3983//1 3932//1
f 3983//1 3985//1 3932//1
f 3932//1 3985//1 3934//1
f 3985//1 3987//1 3934//1
f 3934//1 3987//1 3936//1
f 3987//1 3989//1 3936//1
f 3936//1 3989//1 3938//1
f 3989//1 3991//1 3938//1
f 3938//1 3991//1 3940//1
f 3991//1 3993//1 3940//1
f 3940//1 3993//1 3942//1
f 3993//1 3995//1 3942//1
f 3942//1 3995//1 3944//1
f 3995//1 3997//1 3944//1
f 3944//1 3997//1 3946//1
f 3997//1 3999//1 3946//1
f 3946//1 3999//1 3948//1
f 3999//1 4001//1 3948//1
f 3948//1 4001//1 3950//1
f 4001//1 4003//1 3950//1
f 3950//1 4003//1 3952//1
f 4003//1 4005//1 3952//1
f 3952//1 4005//1 3954//1
f 4005//1 4007//1 3954//1
f 3954//1 4007//1 3956//1
f 4007//1 4009//1 3956//1
f 3956//1 4009//1 3958//1
f 4009//1 4011//1 3958//1
f 3958//1 4011//1 3960//1
f 4011//1 4013//1 3960//1
f 3960//1 4013//1 3962//1
f 4013//1 4015//1 3962//1
f 3962//1 4015//1 3964//1
f 4015//1 4017//1 3964//1
f 3964//1 4017//1 3966//1
f 4021//1 3970//1 3968//1
f 4017//1 4019//1 3966//1
f 3966//1 4019//1 3968//1
f 4019//1 4021//1 3968//1
f 3972//1 4025//1 3973//1
f 3973//1 4025//1 3974//1
f 4025//1 4027//1 3974//1
f 3974//1 4027//1 3976//1
f 4027//1 4029//1 3976//1
f 3976//1 4029//1 3978//1
f 4029//1 4031//1 3978//1
f 3978//1 4031//1 3980//1
f 4031//1 4033//1 3980//1
f 3980//1 4033//1 3982//1
f 4033//1 4035//1 3982//1
f 3982//1 4035//1 3984//1
f 4035//1 4037//1 3984//1
f 3984//1 4037//1 3986//1
f 4037//1 4039//1 3986//1
f 3986//1 4039//1 3988//1
f 4039//1 4041//1 3988//1
f 3988//1 4041//1 3990//1
f 4041//1 4043//1 3990//1
f 3990//1 4043//1 3992//1
f 4043//1 4045//1 3992//1
f 3992//1 4045//1 3994//1
f 4045//1 4047//1 3994//1
f 3994//1 4047//1 3996//1
f 4047//1 4049//1 3996//1
f 3996//1 4049//1 3998//1
f 4049//1 4051//1 3998//1
f 3998//1 4051//1 4000//1
f 4051//1 4053//1 4000//1
f 4000//1 4053//1 4002//1
f 4053//1 4055//1 4002//1
f 4002//1 4055//1 4004//1
f 4055//1 4057//1 4004//1
f 4004//1 4057//1 4006//1
f 4057//1 4059//1 4006//1
f 4006//1 4059//1 4008//1
f 4059//1 4061//1 4008//1
f 4008//1 4061//1 4010//1
f 4061//1 4063//1 4010//1
f 4010//1 4063//1 4012//1
f 4063//1 4065//1 4012//1
f 4012//1 4065//1 4014//1
f 4065//1 4067//1 4014//1
f 4014//1 4067//1 4016//1
f 4071//1 4020//1 4018//1
f 4067//1 4069//1 4016//1
f 4016//1 4069//1 4018//1
f 4069//1 4071//1 4018//1
f 4024//1 4023//1 5542//1
f 5542//1 4023//1 4022//1
f 5542//1 4022//1 5304//1
f 4026//1 4024//1 5543//1
f 5543//1 4024//1 5542//1
f 5543//1 5542//1 5544//1
f 5544//1 5542//1 5304//1
f 5544//1 5304//1 5302//1
f 4028//1 4026//1 5545//1
f 5545//1 4026//1 5543//1
f 5545//1 5543//1 5546//1
f 5546//1 5543//1 5544//1
f 5546//1 5544//1 5547//1
f 5547//1 5544//1 5302//1
f 5547//1 5302//1 5300//1
f 4030//1 4028//1 5548//1
f 5548//1 4028//1 5545//1
f 5548//1 5545//1 5549//1
f 5549//1 5545//1 5546//1
f 5549//1 5546//1 5550//1
f 5550//1 5546//1 5547//1
f 5550//1 5547//1 5551//1
f 5551//1 5547//1 5300//1
f 5551//1 5300//1 5298//1
f 4032//1 4030//1 5552//1
f 5552//1 4030//1 5548//1
f 5552//1 5548//1 5553//1
f 5553//1 5548//1 5549//1
f 5553//1 5549//1 5554//1
f 5554//1 5549//1 5550//1
f 5554//1 5550//1 5555//1
f 5555//1 5550//1 5551//1
f 5555//1 5551//1 5556//1
f 5556//1 5551//1 5298//1
f 5556//1 5298//1 5296//1
f 4034//1 4032//1 5557//1
f 5557//1 4032//1 5552//1
f 5557//1 5552//1 5558//1
f 5558//1 5552//1 5553//1
f 5558//1 5553//1 5559//1
f 5559//1 5553//1 5554//1
f 5559//1 5554//1 5560//1
f 5560//1 5554//1 5555//1
f 5560//1 5555//1 5561//1
f 5561//1 5555//1 5556//1
f 5561//1 5556//1 5562//1
f 5562//1 5556//1 5296//1
f 5562//1 5296//1 5294//1
f 4036//1 4034//1 5563//1
f 5563//1 4034//1 5557//1
f 5563//1 5557//1 5564//1
f 5564//1 5557//1 5558//1
f 5564//1 5558//1 5565//1
f 5565//1 5558//1 5559//1
f 5565//1 5559//1 5566//1
f 5566//1 5559//1 5560//1
f 5566//1 5560//1 5567//1
f 5567//1 5560//1 5561//1
f 5567//1 5561//1 5568//1
f 5568//1 5561//1 5562//1
f 5568//1 5562//1 5569//1
f 5569//1 5562//1 5294//1
f 5569//1 5294//1 5292//1
f 4038//1 4036//1 5570//1
f 5570//1 4036//1 5563//1
f 5570//1 5563//1 5571//1
f 5571//1 5563//1 5564//1
f 5571//1 5564//1 5572//1
f 5572//1 5564//1 5565//1
f 5572//1 5565//1 5573//1
f 5573//1 5565//1 5566//1
f 5573//1 5566//1 5574//1
f 5574//1 5566//1 5567//1
f 5574//1 5567//1 5575//1
f 5575//1 5567//1 5568//1
f 5575//1 5568//1 5576//1
f 5576//1 5568//1 5569//1
f 5576//1 5569//1 5577//1
f 5577//1 5569//1 5292//1
f 5577//1 5292//1 5290//1
f 4040//1 4038//1 5578//1
f 5578//1 4038//1 5570//1
f 5578//1 5570//1 5579//1
f 5579//1 5570//1 5571//1
f 5579//1 5571//1 5580//1
f 5580//1 5571//1 5572//1
f 5580//1 5572//1 5581//1
f 5581//1 5572//1 5573//1
f 5581//1 5573//1 5582//1
f 5582//1 5573//1 5574//1
f 5582//1 5574//1 5583//1
f 5583//1 5574//1 5575//1
f 5583//1 5575//1 5584//1
f 5584//1 5575//1 5576//1
f 5584//1 5576//1 5585//1
f 5585//1 5576//1 5577//1
f 5585//1 5577//1 5586//1
f 5586//1 5577//1 5290//1
f 5586//1 5290//1 5288//1
f 4042//1 4040//1 5587//1
f 5587//1 4040//1 5578//1
f 5587//1 5578//1 5588//1
f 5588//1 5578//1 5579//1
f 5588//1 5579//1 5589//1
f 5589//1 5579//1 5580//1
f 5589//1 5580//1 5590//1
f 5590//1 5580//1 5581//1
f 5590//1 5581//1 5591//1
f 5591//1 5581//1 5582//1
f 5591//1 5582//1 5592//1
f 5592//1 5582//1 5583//1
f 5592//1 5583//1 5593//1
f 5593//1 5583//1 5584//1
f 5593//1 5584//1 5594//1
f 5594//1 5584//1 5585//1
f 5594//1 5585//1 5595//1
f 5595//1 5585//1 5586//1
f 5595//1 5586//1 5596//1
f 5596//1 5586//1 5288//1
f 5596//1 5288//1 5286//1
f 5588//1 5597//1 5587//1
f 5587//1 5597//1 5363//1
f 5587//1 5363//1 4042//1
f 5363//1 5597//1 5361//1
f 5361//1 5597//1 5598//1
f 5361//1 5598//1 5359//1
f 5359//1 5598//1 5599//1
f 5359//1 5599//1 5357//1
f 5357//1 5599//1 5600//1
f 5357//1 5600//1 5355//1
f 5355//1 5600//1 5601//1
f 5355//1 5601//1 5353//1
f 5353//1 5601//1 5602//1
f 5353//1 5602//1 5351//1
f 5351//1 5602//1 5603//1
f 5351//1 5603//1 5349//1
f 5349//1 5603//1 5604//1
f 5349//1 5604//1 5347//1
f 5347//1 5604//1 5605//1
f 5347//1 5605//1 5345//1
f 5345//1 5605//1 5606//1
f 5345//1 5606//1 5343//1
f 5343//1 5606//1 5607//1
f 5343//1 5607//1 5341//1
f 5341//1 5607//1 5608//1
f 5341//1 5608//1 5339//1
f 5339//1 5608//1 5609//1
f 5339//1 5609//1 5337//1
f 5337//1 5609//1 5336//1
f 5597//1 5588//1 5610//1
f 5610//1 5588//1 5589//1
f 5610//1 5589//1 5611//1
f 5611//1 5589//1 5590//1
f 5611//1 5590//1 5612//1
f 5612//1 5590//1 5591//1
f 5612//1 5591//1 5613//1
f 5613//1 5591//1 5592//1
f 5613//1 5592//1 5614//1
f 5614//1 5592//1 5593//1
f 5614//1 5593//1 5615//1
f 5615//1 5593//1 5594//1
f 5615//1 5594//1 5616//1
f 5616//1 5594//1 5595//1
f 5616//1 5595//1 5617//1
f 5617//1 5595//1 5596//1
f 5617//1 5596//1 5618//1
f 5618//1 5596//1 5286//1
f 5618//1 5286//1 5284//1
f 5303//1 4073//1 4075//1
f 5303//1 4075//1 5301//1
f 5301//1 4075//1 4077//1
f 5301//1 4077//1 5299//1
f 5299//1 4077//1 4079//1
f 5299//1 4079//1 5297//1
f 5297//1 4079//1 4081//1
f 5297//1 4081//1 5295//1
f 5295//1 4081//1 4083//1
f 5295//1 4083//1 5293//1
f 5293//1 4083//1 4085//1
f 5293//1 4085//1 5291//1
f 5291//1 4085//1 4087//1
f 5291//1 4087//1 5289//1
f 5289//1 4087//1 4089//1
f 5289//1 4089//1 5287//1
f 5287//1 4089//1 4091//1
f 5287//1 4091//1 5285//1
f 5285//1 4091//1 4093//1
f 5285//1 4093//1 5283//1
f 5283//1 4093//1 4095//1
f 5283//1 4095//1 5281//1
f 5281//1 4095//1 4097//1
f 5281//1 4097//1 5279//1
f 5279//1 4097//1 4099//1
f 5279//1 4099//1 5277//1
f 5277//1 4099//1 4101//1
f 5277//1 4101//1 5275//1
f 5275//1 4101//1 4103//1
f 5275//1 4103//1 5273//1
f 5273//1 4103//1 4105//1
f 5273//1 4105//1 5271//1
f 5271//1 4105//1 4107//1
f 5271//1 4107//1 5269//1
f 5269//1 4107//1 4109//1
f 5269//1 4109//1 5267//1
f 5267//1 4109//1 4111//1
f 5267//1 4111//1 5265//1
f 5265//1 4111//1 4113//1
f 5265//1 4113//1 5263//1
f 5263//1 4113//1 4115//1
f 5263//1 4115//1 5261//1
f 5261//1 4115//1 4117//1
f 5261//1 4117//1 5259//1
f 5259//1 4117//1 4119//1
f 5259//1 4119//1 3271//1
f 5611//1 5619//1 5610//1
f 5610//1 5619//1 5598//1
f 5610//1 5598//1 5597//1
f 5598//1 5619//1 5599//1
f 5599//1 5619//1 5620//1
f 5599//1 5620//1 5600//1
f 5600//1 5620//1 5621//1
f 5600//1 5621//1 5601//1
f 5601//1 5621//1 5622//1
f 5601//1 5622//1 5602//1
f 5602//1 5622//1 5623//1
f 5602//1 5623//1 5603//1
f 5603//1 5623//1 5624//1
f 5603//1 5624//1 5604//1
f 5604//1 5624//1 5625//1
f 5604//1 5625//1 5605//1
f 5605//1 5625//1 5626//1
f 5605//1 5626//1 5606//1
f 5606//1 5626//1 5627//1
f 5606//1 5627//1 5607//1
f 5607//1 5627//1 5628//1
f 5607//1 5628//1 5608//1
f 5608//1 5628//1 5629//1
f 5608//1 5629//1 5609//1
f 5609//1 5629//1 5630//1
f 5609//1 5630//1 5336//1
f 5336//1 5630//1 5335//1
f 5619//1 5611//1 5631//1
f 5631//1 5611//1 5612//1
f 5631//1 5612//1 5632//1
f 5632//1 5612//1 5613//1
f 5632//1 5613//1 5633//1
f 5633//1 5613//1 5614//1
f 5633//1 5614//1 5634//1
f 5634//1 5614//1 5615//1
f 5634//1 5615//1 5635//1
f 5635//1 5615//1 5616//1
f 5635//1 5616//1 5636//1
f 5636//1 5616//1 5617//1
f 5636//1 5617//1 5637//1
f 5637//1 5617//1 5618//1
f 5637//1 5618//1 5638//1
f 5638//1 5618//1 5284//1
f 5638//1 5284//1 5282//1
f 4196//1 4221//1 4197//1
f 4197//1 4221//1 5639//1
f 4197//1 5639//1 4198//1
f 4198//1 5639//1 5640//1
f 4198//1 5640//1 4199//1
f 4199//1 5640//1 5641//1
f 4199//1 5641//1 4200//1
f 4200//1 5641//1 5642//1
f 4200//1 5642//1 4201//1
f 4201//1 5642//1 5643//1
f 4201//1 5643//1 4202//1
f 4202//1 5643//1 5644//1
f 4202//1 5644//1 4203//1
f 4203//1 5644//1 5645//1
f 4203//1 5645//1 4204//1
f 4204//1 5645//1 5646//1
f 4204//1 5646//1 4205//1
f 4205//1 5646//1 5647//1
f 4205//1 5647//1 4206//1
f 4206//1 5647//1 5648//1
f 4206//1 5648//1 4207//1
f 4207//1 5648//1 5649//1
f 4207//1 5649//1 4208//1
f 4208//1 5649//1 5650//1
f 4208//1 5650//1 4209//1
f 4209//1 5650//1 5651//1
f 4209//1 5651//1 4210//1
f 4210//1 5651//1 5652//1
f 4210//1 5652//1 4211//1
f 4211//1 5652//1 5653//1
f 4211//1 5653//1 4212//1
f 4212//1 5653//1 5654//1
f 4212//1 5654//1 4213//1
f 4213//1 5654//1 5655//1
f 4213//1 5655//1 4214//1
f 4214//1 5655//1 5656//1
f 4214//1 5656//1 4215//1
f 4215//1 5656//1 5319//1
f 5632//1 5657//1 5631//1
f 5631//1 5657//1 5620//1
f 5631//1 5620//1 5619//1
f 5620//1 5657//1 5621//1
f 5621//1 5657//1 5658//1
f 5621//1 5658//1 5622//1
f 5622//1 5658//1 5659//1
f 5622//1 5659//1 5623//1
f 5623//1 5659//1 5660//1
f 5623//1 5660//1 5624//1
f 5624//1 5660//1 5661//1
f 5624//1 5661//1 5625//1
f 5625//1 5661//1 5662//1
f 5625//1 5662//1 5626//1
f 5626//1 5662//1 5663//1
f 5626//1 5663//1 5627//1
f 5627//1 5663//1 5664//1
f 5627//1 5664//1 5628//1
f 5628//1 5664//1 5665//1
f 5628//1 5665//1 5629//1
f 5629//1 5665//1 5666//1
f 5629//1 5666//1 5630//1
f 5630//1 5666//1 5667//1
f 5630//1 5667//1 5335//1
f 5335//1 5667//1 5334//1
f 5657//1 5632//1 5668//1
f 5668//1 5632//1 5633//1
f 5668//1 5633//1 5669//1
f 5669//1 5633//1 5634//1
f 5669//1 5634//1 5670//1
f 5670//1 5634//1 5635//1
f 5670//1 5635//1 5671//1
f 5671//1 5635//1 5636//1
f 5671//1 5636//1 5672//1
f 5672//1 5636//1 5637//1
f 5672//1 5637//1 5673//1
f 5673//1 5637//1 5638//1
f 5673//1 5638//1 5674//1
f 5674//1 5638//1 5282//1
f 5674//1 5282//1 5280//1
f 4222//1 4224//1 5639//1
f 5639//1 4224//1 5640//1
f 5641//1 5640//1 4226//1
f 4226//1 5640//1 4224//1
f 5669//1 5675//1 5668//1
f 5668//1 5675//1 5658//1
f 5668//1 5658//1 5657//1
f 5658//1 5675//1 5659//1
f 5659//1 5675//1 5676//1
f 5659//1 5676//1 5660//1
f 5660//1 5676//1 5677//1
f 5660//1 5677//1 5661//1
f 5661//1 5677//1 5678//1
f 5661//1 5678//1 5662//1
f 5662//1 5678//1 5679//1
f 5662//1 5679//1 5663//1
f 5663//1 5679//1 5680//1
f 5663//1 5680//1 5664//1
f 5664//1 5680//1 5681//1
f 5664//1 5681//1 5665//1
f 5665//1 5681//1 5682//1
f 5665//1 5682//1 5666//1
f 5666//1 5682//1 5683//1
f 5666//1 5683//1 5667//1
f 5667//1 5683//1 5684//1
f 5667//1 5684//1 5334//1
f 5334//1 5684//1 5333//1
f 5675//1 5669//1 5685//1
f 5685//1 5669//1 5670//1
f 5685//1 5670//1 5686//1
f 5686//1 5670//1 5671//1
f 5686//1 5671//1 5687//1
f 5687//1 5671//1 5672//1
f 5687//1 5672//1 5688//1
f 5688//1 5672//1 5673//1
f 5688//1 5673//1 5689//1
f 5689//1 5673//1 5674//1
f 5689//1 5674//1 5690//1
f 5690//1 5674//1 5280//1
f 5690//1 5280//1 5278//1
f 4221//1 4222//1 5639//1
f 4276//1 4295//1 4277//1
f 4277//1 4295//1 5691//1
f 4277//1 5691//1 4278//1
f 4278//1 5691//1 5692//1
f 4278//1 5692//1 4279//1
f 4279//1 5692//1 5693//1
f 4279//1 5693//1 4280//1
f 4280//1 5693//1 5694//1
f 4280//1 5694//1 4281//1
f 4281//1 5694//1 5695//1
f 4281//1 5695//1 4282//1
f 4282//1 5695//1 5696//1
f 4282//1 5696//1 4283//1
f 4283//1 5696//1 5697//1
f 4283//1 5697//1 4284//1
f 4284//1 5697//1 5698//1
f 4284//1 5698//1 4285//1
f 4285//1 5698//1 5699//1
f 4285//1 5699//1 4286//1
f 4286//1 5699//1 5700//1
f 4286//1 5700//1 4287//1
f 4287//1 5700//1 5701//1
f 4287//1 5701//1 4288//1
f 4288//1 5701//1 5702//1
f 4288//1 5702//1 4289//1
f 4289//1 5702//1 5703//1
f 4289//1 5703//1 4290//1
f 4290//1 5703//1 5704//1
f 4290//1 5704//1 4291//1
f 4291//1 5704//1 5705//1
f 4291//1 5705//1 4292//1
f 4292//1 5705//1 5706//1
f 4292//1 5706//1 4293//1
f 4293//1 5706//1 5707//1
f 4293//1 5707//1 4294//1
f 4294//1 5707//1 5708//1
f 4294//1 5708//1 4267//1
f 4267//1 5708//1 5709//1
f 4267//1 5709//1 4269//1
f 4269//1 5709//1 5710//1
f 4269//1 5710//1 4271//1
f 4271//1 5710//1 5711//1
f 4271//1 5711//1 4273//1
f 4273//1 5711//1 5712//1
f 4273//1 5712//1 4275//1
f 4275//1 5712//1 5713//1
f 4275//1 5713//1 4130//1
f 4130//1 5713//1 4131//1
f 5641//1 4226//1 4228//1
f 5641//1 4228//1 5642//1
f 5642//1 4228//1 4230//1
f 5642//1 4230//1 5643//1
f 5643//1 4230//1 4232//1
f 5643//1 4232//1 5644//1
f 5644//1 4232//1 4234//1
f 5644//1 4234//1 5645//1
f 5645//1 4234//1 4236//1
f 5645//1 4236//1 5646//1
f 5646//1 4236//1 4238//1
f 5646//1 4238//1 5647//1
f 5647//1 4238//1 4240//1
f 5647//1 4240//1 5648//1
f 5648//1 4240//1 4242//1
f 5648//1 4242//1 5649//1
f 5649//1 4242//1 4244//1
f 5649//1 4244//1 5650//1
f 5650//1 4244//1 4246//1
f 5650//1 4246//1 5651//1
f 5651//1 4246//1 4248//1
f 5651//1 4248//1 5652//1
f 5652//1 4248//1 4250//1
f 5652//1 4250//1 5653//1
f 5653//1 4250//1 4252//1
f 5653//1 4252//1 5654//1
f 5654//1 4252//1 4254//1
f 5654//1 4254//1 5655//1
f 5655//1 4254//1 4256//1
f 5655//1 4256//1 5656//1
f 5656//1 4256//1 4258//1
f 5656//1 4258//1 5319//1
f 5319//1 4258//1 4260//1
f 5686//1 5714//1 5685//1
f 5685//1 5714//1 5676//1
f 5685//1 5676//1 5675//1
f 5676//1 5714//1 5677//1
f 5677//1 5714//1 5715//1
f 5677//1 5715//1 5678//1
f 5678//1 5715//1 5716//1
f 5678//1 5716//1 5679//1
f 5679//1 5716//1 5717//1
f 5679//1 5717//1 5680//1
f 5680//1 5717//1 5718//1
f 5680//1 5718//1 5681//1
f 5681//1 5718//1 5719//1
f 5681//1 5719//1 5682//1
f 5682//1 5719//1 5720//1
f 5682//1 5720//1 5683//1
f 5683//1 5720//1 5721//1
f 5683//1 5721//1 5684//1
f 5684//1 5721//1 5722//1
f 5684//1 5722//1 5333//1
f 5333//1 5722//1 5332//1
f 5714//1 5686//1 5723//1
f 5723//1 5686//1 5687//1
f 5723//1 5687//1 5724//1
f 5724//1 5687//1 5688//1
f 5724//1 5688//1 5725//1
f 5725//1 5688//1 5689//1
f 5725//1 5689//1 5726//1
f 5726//1 5689//1 5690//1
f 5726//1 5690//1 5727//1
f 5727//1 5690//1 5278//1
f 5727//1 5278//1 5276//1
f 4296//1 4298//1 5691//1
f 5691//1 4298//1 5692//1
f 5693//1 5692//1 4300//1
f 4300//1 5692//1 4298//1
f 5724//1 5728//1 5723//1
f 5723//1 5728//1 5715//1
f 5723//1 5715//1 5714//1
f 5715//1 5728//1 5716//1
f 5716//1 5728//1 5729//1
f 5716//1 5729//1 5717//1
f 5717//1 5729//1 5730//1
f 5717//1 5730//1 5718//1
f 5718//1 5730//1 5731//1
f 5718//1 5731//1 5719//1
f 5719//1 5731//1 5732//1
f 5719//1 5732//1 5720//1
f 5720//1 5732//1 5733//1
f 5720//1 5733//1 5721//1
f 5721//1 5733//1 5734//1
f 5721//1 5734//1 5722//1
f 5722//1 5734//1 5735//1
f 5722//1 5735//1 5332//1
f 5332//1 5735//1 5331//1
f 5728//1 5724//1 5736//1
f 5736//1 5724//1 5725//1
f 5736//1 5725//1 5737//1
f 5737//1 5725//1 5726//1
f 5737//1 5726//1 5738//1
f 5738//1 5726//1 5727//1
f 5738//1 5727//1 5739//1
f 5739//1 5727//1 5276//1
f 5739//1 5276//1 5274//1
f 4295//1 4296//1 5691//1
f 4344//1 4368//1 4345//1
f 4345//1 4368//1 5740//1
f 4345//1 5740//1 4346//1
f 4346//1 5740//1 5741//1
f 4346//1 5741//1 4347//1
f 4347//1 5741//1 5742//1
f 4347//1 5742//1 4348//1
f 4348//1 5742//1 5743//1
f 4348//1 5743//1 4349//1
f 4349//1 5743//1 5744//1
f 4349//1 5744//1 4350//1
f 4350//1 5744//1 5745//1
f 4350//1 5745//1 4351//1
f 4351//1 5745//1 5746//1
f 4351//1 5746//1 4352//1
f 4352//1 5746//1 5747//1
f 4352//1 5747//1 4353//1
f 4353//1 5747//1 5748//1
f 4353//1 5748//1 4354//1
f 4354//1 5748//1 5749//1
f 4354//1 5749//1 4355//1
f 4355//1 5749//1 5750//1
f 4355//1 5750//1 4356//1
f 4356//1 5750//1 5751//1
f 4356//1 5751//1 4357//1
f 4357//1 5751//1 5752//1
f 4357//1 5752//1 4358//1
f 4358//1 5752//1 5753//1
f 4358//1 5753//1 4359//1
f 4359//1 5753//1 5754//1
f 4359//1 5754//1 4360//1
f 4360//1 5754//1 5755//1
f 4360//1 5755//1 4361//1
f 4361//1 5755//1 5756//1
f 4361//1 5756//1 4362//1
f 4362//1 5756//1 5757//1
f 4362//1 5757//1 4363//1
f 4363//1 5757//1 5758//1
f 4363//1 5758//1 4364//1
f 4364//1 5758//1 5759//1
f 4364//1 5759//1 4365//1
f 4365//1 5759//1 5760//1
f 4365//1 5760//1 4366//1
f 4366//1 5760//1 5761//1
f 4366//1 5761//1 4367//1
f 4367//1 5761//1 5762//1
f 4367//1 5762//1 4134//1
f 4134//1 5762//1 4135//1
f 5693//1 4300//1 4302//1
f 5693//1 4302//1 5694//1
f 5694//1 4302//1 4304//1
f 5694//1 4304//1 5695//1
f 5695//1 4304//1 4306//1
f 5695//1 4306//1 5696//1
f 5696//1 4306//1 4308//1
f 5696//1 4308//1 5697//1
f 5697//1 4308//1 4310//1
f 5697//1 4310//1 5698//1
f 5698//1 4310//1 4312//1
f 5698//1 4312//1 5699//1
f 5699//1 4312//1 4314//1
f 5699//1 4314//1 5700//1
f 5700//1 4314//1 4316//1
f 5700//1 4316//1 5701//1
f 5701//1 4316//1 4318//1
f 5701//1 4318//1 5702//1
f 5702//1 4318//1 4320//1
f 5702//1 4320//1 5703//1
f 5703//1 4320//1 4322//1
f 5703//1 4322//1 5704//1
f 5704//1 4322//1 4324//1
f 5704//1 4324//1 5705//1
f 5705//1 4324//1 4326//1
f 5705//1 4326//1 5706//1
f 5706//1 4326//1 4328//1
f 5706//1 4328//1 5707//1
f 5707//1 4328//1 4330//1
f 5707//1 4330//1 5708//1
f 5708//1 4330//1 4332//1
f 5708//1 4332//1 5709//1
f 5709//1 4332//1 4334//1
f 5709//1 4334//1 5710//1
f 5710//1 4334//1 4336//1
f 5710//1 4336//1 5711//1
f 5711//1 4336//1 4338//1
f 5711//1 4338//1 5712//1
f 5712//1 4338//1 4340//1
f 5712//1 4340//1 5713//1
f 5713//1 4340//1 4342//1
f 5713//1 4342//1 4131//1
f 4131//1 4342//1 4132//1
f 5737//1 5763//1 5736//1
f 5736//1 5763//1 5729//1
f 5736//1 5729//1 5728//1
f 5729//1 5763//1 5730//1
f 5730//1 5763//1 5764//1
f 5730//1 5764//1 5731//1
f 5731//1 5764//1 5765//1
f 5731//1 5765//1 5732//1
f 5732//1 5765//1 5766//1
f 5732//1 5766//1 5733//1
f 5733//1 5766//1 5767//1
f 5733//1 5767//1 5734//1
f 5734//1 5767//1 5768//1
f 5734//1 5768//1 5735//1
f 5735//1 5768//1 5769//1
f 5735//1 5769//1 5331//1
f 5331//1 5769//1 5330//1
f 5763//1 5737//1 5770//1
f 5770//1 5737//1 5738//1
f 5770//1 5738//1 5771//1
f 5771//1 5738//1 5739//1
f 5771//1 5739//1 5772//1
f 5772//1 5739//1 5274//1
f 5772//1 5274//1 5272//1
f 4369//1 4371//1 5740//1
f 5740//1 4371//1 5741//1
f 5742//1 5741//1 4373//1
f 4373//1 5741//1 4371//1
f 5771//1 5773//1 5770//1
f 5770//1 5773//1 5764//1
f 5770//1 5764//1 5763//1
f 5764//1 5773//1 5765//1
f 5765//1 5773//1 5774//1
f 5765//1 5774//1 5766//1
f 5766//1 5774//1 5775//1
f 5766//1 5775//1 5767//1
f 5767//1 5775//1 5776//1
f 5767//1 5776//1 5768//1
f 5768//1 5776//1 5777//1
f 5768//1 5777//1 5769//1
f 5769//1 5777//1 5778//1
f 5769//1 5778//1 5330//1
f 5330//1 5778//1 5329//1
f 5773//1 5771//1 5779//1
f 5779//1 5771//1 5772//1
f 5779//1 5772//1 5780//1
f 5780//1 5772//1 5272//1
f 5780//1 5272//1 5270//1
f 4368//1 4369//1 5740//1
f 4417//1 4441//1 4418//1
f 4418//1 4441//1 5781//1
f 4418//1 5781//1 4419//1
f 4419//1 5781//1 5782//1
f 4419//1 5782//1 4420//1
f 4420//1 5782//1 5783//1
f 4420//1 5783//1 4421//1
f 4421//1 5783//1 5784//1
f 4421//1 5784//1 4422//1
f 4422//1 5784//1 5785//1
f 4422//1 5785//1 4423//1
f 4423//1 5785//1 5786//1
f 4423//1 5786//1 4424//1
f 4424//1 5786//1 5787//1
f 4424//1 5787//1 4425//1
f 4425//1 5787//1 5788//1
f 4425//1 5788//1 4426//1
f 4426//1 5788//1 5789//1
f 4426//1 5789//1 4427//1
f 4427//1 5789//1 5790//1
f 4427//1 5790//1 4428//1
f 4428//1 5790//1 5791//1
f 4428//1 5791//1 4429//1
f 4429//1 5791//1 5792//1
f 4429//1 5792//1 4430//1
f 4430//1 5792//1 5793//1
f 4430//1 5793//1 4431//1
f 4431//1 5793//1 5794//1
f 4431//1 5794//1 4432//1
f 4432//1 5794//1 5795//1
f 4432//1 5795//1 4433//1
f 4433//1 5795//1 5796//1
f 4433//1 5796//1 4434//1
f 4434//1 5796//1 5797//1
f 4434//1 5797//1 4435//1
f 4435//1 5797//1 5798//1
f 4435//1 5798//1 4436//1
f 4436//1 5798//1 5799//1
f 4436//1 5799//1 4437//1
f 4437//1 5799//1 5800//1
f 4437//1 5800//1 4438//1
f 4438//1 5800//1 5801//1
f 4438//1 5801//1 4439//1
f 4439//1 5801//1 5802//1
f 4439//1 5802//1 4440//1
f 4440//1 5802//1 5803//1
f 4440//1 5803//1 4138//1
f 4138//1 5803//1 4139//1
f 5742//1 4373//1 4375//1
f 5742//1 4375//1 5743//1
f 5743//1 4375//1 4377//1
f 5743//1 4377//1 5744//1
f 5744//1 4377//1 4379//1
f 5744//1 4379//1 5745//1
f 5745//1 4379//1 4381//1
f 5745//1 4381//1 5746//1
f 5746//1 4381//1 4383//1
f 5746//1 4383//1 5747//1
f 5747//1 4383//1 4385//1
f 5747//1 4385//1 5748//1
f 5748//1 4385//1 4387//1
f 5748//1 4387//1 5749//1
f 5749//1 4387//1 4389//1
f 5749//1 4389//1 5750//1
f 5750//1 4389//1 4391//1
f 5750//1 4391//1 5751//1
f 5751//1 4391//1 4393//1
f 5751//1 4393//1 5752//1
f 5752//1 4393//1 4395//1
f 5752//1 4395//1 5753//1
f 5753//1 4395//1 4397//1
f 5753//1 4397//1 5754//1
f 5754//1 4397//1 4399//1
f 5754//1 4399//1 5755//1
f 5755//1 4399//1 4401//1
f 5755//1 4401//1 5756//1
f 5756//1 4401//1 4403//1
f 5756//1 4403//1 5757//1
f 5757//1 4403//1 4405//1
f 5757//1 4405//1 5758//1
f 5758//1 4405//1 4407//1
f 5758//1 4407//1 5759//1
f 5759//1 4407//1 4409//1
f 5759//1 4409//1 5760//1
f 5760//1 4409//1 4411//1
f 5760//1 4411//1 5761//1
f 5761//1 4411//1 4413//1
f 5761//1 4413//1 5762//1
f 5762//1 4413//1 4415//1
f 5762//1 4415//1 4135//1
f 4135//1 4415//1 4136//1
f 5780//1 5804//1 5779//1
f 5779//1 5804//1 5774//1
f 5779//1 5774//1 5773//1
f 5774//1 5804//1 5775//1
f 5775//1 5804//1 5805//1
f 5775//1 5805//1 5776//1
f 5776//1 5805//1 5806//1
f 5776//1 5806//1 5777//1
f 5777//1 5806//1 5807//1
f 5777//1 5807//1 5778//1
f 5778//1 5807//1 5808//1
f 5778//1 5808//1 5329//1
f 5329//1 5808//1 5328//1
f 5804//1 5780//1 5809//1
f 5809//1 5780//1 5270//1
f 5809//1 5270//1 5268//1
f 4441//1 4442//1 5781//1
f 5781//1 4442//1 4444//1
f 5781//1 4444//1 5782//1
f 5782//1 4444//1 4446//1
f 5782//1 4446//1 5783//1
f 5783//1 4446//1 4448//1
f 5783//1 4448//1 5784//1
f 5784//1 4448//1 4450//1
f 5784//1 4450//1 5785//1
f 5785//1 4450//1 4452//1
f 5785//1 4452//1 5786//1
f 5786//1 4452//1 4454//1
f 5786//1 4454//1 5787//1
f 5787//1 4454//1 4456//1
f 5787//1 4456//1 5788//1
f 5788//1 4456//1 4458//1
f 5788//1 4458//1 5789//1
f 5789//1 4458//1 4460//1
f 5789//1 4460//1 5790//1
f 5790//1 4460//1 4462//1
f 5790//1 4462//1 5791//1
f 5791//1 4462//1 4464//1
f 5791//1 4464//1 5792//1
f 5792//1 4464//1 4466//1
f 5792//1 4466//1 5793//1
f 5793//1 4466//1 4468//1
f 5793//1 4468//1 5794//1
f 5794//1 4468//1 4470//1
f 5794//1 4470//1 5795//1
f 5795//1 4470//1 4472//1
f 5795//1 4472//1 5796//1
f 5796//1 4472//1 4474//1
f 5796//1 4474//1 5797//1
f 5797//1 4474//1 4476//1
f 5797//1 4476//1 5798//1
f 5798//1 4476//1 4478//1
f 5798//1 4478//1 5799//1
f 5799//1 4478//1 4480//1
f 5799//1 4480//1 5800//1
f 5800//1 4480//1 4482//1
f 5800//1 4482//1 5801//1
f 5801//1 4482//1 4484//1
f 5801//1 4484//1 5802//1
f 5802//1 4484//1 4486//1
f 5802//1 4486//1 5803//1
f 5803//1 4486//1 4488//1
f 5803//1 4488//1 4139//1
f 4139//1 4488//1 4140//1
f 5804//1 5809//1 5805//1
f 5805//1 5809//1 5810//1
f 5805//1 5810//1 5806//1
f 5806//1 5810//1 5811//1
f 5806//1 5811//1 5807//1
f 5807//1 5811//1 5812//1
f 5807//1 5812//1 5808//1
f 5808//1 5812//1 5813//1
f 5808//1 5813//1 5328//1
f 5328//1 5813//1 5327//1
f 5810//1 5809//1 5268//1
f 5810//1 5268//1 5266//1
f 5810//1 5266//1 5811//1
f 5811//1 5266//1 5264//1
f 5811//1 5264//1 5812//1
f 5812//1 5264//1 5262//1
f 5812//1 5262//1 5813//1
f 5813//1 5262//1 5260//1
f 5813//1 5260//1 5327//1
f 5327//1 5260//1 5258//1
f 4515//1 5814//1 4514//1
f 4514//1 5814//1 4491//1
f 4514//1 4491//1 4490//1
f 4491//1 5814//1 4492//1
f 4492//1 5814//1 5815//1
f 4492//1 5815//1 4493//1
f 4493//1 5815//1 5816//1
f 4493//1 5816//1 4494//1
f 4494//1 5816//1 5817//1
f 4494//1 5817//1 4495//1
f 4495//1 5817//1 5818//1
f 4495//1 5818//1 4496//1
f 4496//1 5818//1 5819//1
f 4496//1 5819//1 4497//1
f 4497//1 5819//1 5820//1
f 4497//1 5820//1 4498//1
f 4498//1 5820//1 5821//1
f 4498//1 5821//1 4499//1
f 4499//1 5821//1 5822//1
f 4499//1 5822//1 4500//1
f 4500//1 5822//1 5823//1
f 4500//1 5823//1 4501//1
f 4501//1 5823//1 5824//1
f 4501//1 5824//1 4502//1
f 4502//1 5824//1 5825//1
f 4502//1 5825//1 4503//1
f 4503//1 5825//1 5826//1
f 4503//1 5826//1 4504//1
f 4504//1 5826//1 5827//1
f 4504//1 5827//1 4505//1
f 4505//1 5827//1 5828//1
f 4505//1 5828//1 4506//1
f 4506//1 5828//1 5829//1
f 4506//1 5829//1 4507//1
f 4507//1 5829//1 5830//1
f 4507//1 5830//1 4508//1
f 4508//1 5830//1 5831//1
f 4508//1 5831//1 4509//1
f 4509//1 5831//1 5832//1
f 4509//1 5832//1 4510//1
f 4510//1 5832//1 5833//1
f 4510//1 5833//1 4511//1
f 4511//1 5833//1 5834//1
f 4511//1 5834//1 4512//1
f 4512//1 5834//1 5835//1
f 4512//1 5835//1 4513//1
f 4513//1 5835//1 5836//1
f 4513//1 5836//1 4142//1
f 4142//1 5836//1 4143//1
f 5815//1 5814//1 4517//1
f 4517//1 5814//1 4515//1
f 5815//1 4517//1 4519//1
f 5815//1 4519//1 5816//1
f 5816//1 4519//1 4521//1
f 5816//1 4521//1 5817//1
f 5817//1 4521//1 4523//1
f 5817//1 4523//1 5818//1
f 5818//1 4523//1 4525//1
f 5818//1 4525//1 5819//1
f 5819//1 4525//1 4527//1
f 5819//1 4527//1 5820//1
f 5820//1 4527//1 4529//1
f 5820//1 4529//1 5821//1
f 5821//1 4529//1 4531//1
f 5821//1 4531//1 5822//1
f 5822//1 4531//1 4533//1
f 5822//1 4533//1 5823//1
f 5823//1 4533//1 4535//1
f 5823//1 4535//1 5824//1
f 5824//1 4535//1 4537//1
f 5824//1 4537//1 5825//1
f 5825//1 4537//1 4539//1
f 5825//1 4539//1 5826//1
f 5826//1 4539//1 4541//1
f 5826//1 4541//1 5827//1
f 5827//1 4541//1 4543//1
f 5827//1 4543//1 5828//1
f 5828//1 4543//1 4545//1
f 5828//1 4545//1 5829//1
f 5829//1 4545//1 4547//1
f 5829//1 4547//1 5830//1
f 5830//1 4547//1 4549//1
f 5830//1 4549//1 5831//1
f 5831//1 4549//1 4551//1
f 5831//1 4551//1 5832//1
f 5832//1 4551//1 4553//1
f 5832//1 4553//1 5833//1
f 5833//1 4553//1 4555//1
f 5833//1 4555//1 5834//1
f 5834//1 4555//1 4557//1
f 5834//1 4557//1 5835//1
f 5835//1 4557//1 4559//1
f 5835//1 4559//1 5836//1
f 5836//1 4559//1 4561//1
f 5836//1 4561//1 4143//1
f 4143//1 4561//1 4144//1
f 4588//1 5837//1 4587//1
f 4587//1 5837//1 4564//1
f 4587//1 4564//1 4563//1
f 4564//1 5837//1 4565//1
f 4565//1 5837//1 5838//1
f 4565//1 5838//1 4566//1
f 4566//1 5838//1 5839//1
f 4566//1 5839//1 4567//1
f 4567//1 5839//1 5840//1
f 4567//1 5840//1 4568//1
f 4568//1 5840//1 5841//1
f 4568//1 5841//1 4569//1
f 4569//1 5841//1 5842//1
f 4569//1 5842//1 4570//1
f 4570//1 5842//1 5843//1
f 4570//1 5843//1 4571//1
f 4571//1 5843//1 5844//1
f 4571//1 5844//1 4572//1
f 4572//1 5844//1 5845//1
f 4572//1 5845//1 4573//1
f 4573//1 5845//1 5846//1
f 4573//1 5846//1 4574//1
f 4574//1 5846//1 5847//1
f 4574//1 5847//1 4575//1
f 4575//1 5847//1 5848//1
f 4575//1 5848//1 4576//1
f 4576//1 5848//1 5849//1
f 4576//1 5849//1 4577//1
f 4577//1 5849//1 5850//1
f 4577//1 5850//1 4578//1
f 4578//1 5850//1 5851//1
f 4578//1 5851//1 4579//1
f 4579//1 5851//1 5852//1
f 4579//1 5852//1 4580//1
f 4580//1 5852//1 5853//1
f 4580//1 5853//1 4581//1
f 4581//1 5853//1 5854//1
f 4581//1 5854//1 4582//1
f 4582//1 5854//1 5855//1
f 4582//1 5855//1 4583//1
f 4583//1 5855//1 5856//1
f 4583//1 5856//1 4584//1
f 4584//1 5856//1 5857//1
f 4584//1 5857//1 4585//1
f 4585//1 5857//1 5858//1
f 4585//1 5858//1 4586//1
f 4586//1 5858//1 5859//1
f 4586//1 5859//1 4146//1
f 4146//1 5859//1 4147//1
f 5838//1 5837//1 4590//1
f 4590//1 5837//1 4588//1
f 5838//1 4590//1 4592//1
f 5838//1 4592//1 5839//1
f 5839//1 4592//1 4594//1
f 5839//1 4594//1 5840//1
f 5840//1 4594//1 4596//1
f 5840//1 4596//1 5841//1
f 5841//1 4596//1 4598//1
f 5841//1 4598//1 5842//1
f 5842//1 4598//1 4600//1
f 5842//1 4600//1 5843//1
f 5843//1 4600//1 4602//1
f 5843//1 4602//1 5844//1
f 5844//1 4602//1 4604//1
f 5844//1 4604//1 5845//1
f 5845//1 4604//1 4606//1
f 5845//1 4606//1 5846//1
f 5846//1 4606//1 4608//1
f 5846//1 4608//1 5847//1
f 5847//1 4608//1 4610//1
f 5847//1 4610//1 5848//1
f 5848//1 4610//1 4612//1
f 5848//1 4612//1 5849//1
f 5849//1 4612//1 4614//1
f 5849//1 4614//1 5850//1
f 5850//1 4614//1 4616//1
f 5850//1 4616//1 5851//1
f 5851//1 4616//1 4618//1
f 5851//1 4618//1 5852//1
f 5852//1 4618//1 4620//1
f 5852//1 4620//1 5853//1
f 5853//1 4620//1 4622//1
f 5853//1 4622//1 5854//1
f 5854//1 4622//1 4624//1
f 5854//1 4624//1 5855//1
f 5855//1 4624//1 4626//1
f 5855//1 4626//1 5856//1
f 5856//1 4626//1 4628//1
f 5856//1 4628//1 5857//1
f 5857//1 4628//1 4630//1
f 5857//1 4630//1 5858//1
f 5858//1 4630//1 4632//1
f 5858//1 4632//1 5859//1
f 5859//1 4632//1 4634//1
f 5859//1 4634//1 4147//1
f 4147//1 4634//1 4148//1
f 4123//1 5311//1 5860//1
f 5860//1 5311//1 4270//1
f 5860//1 4270//1 4272//1
f 4123//1 5860//1 4125//1
f 4125//1 5860//1 5861//1
f 4125//1 5861//1 4127//1
f 4127//1 5861//1 4128//1
f 5861//1 5860//1 4272//1
f 4661//1 5862//1 4660//1
f 4660//1 5862//1 4637//1
f 4660//1 4637//1 4636//1
f 4637//1 5862//1 4638//1
f 4638//1 5862//1 5863//1
f 4638//1 5863//1 4639//1
f 4639//1 5863//1 5864//1
f 4639//1 5864//1 4640//1
f 4640//1 5864//1 5865//1
f 4640//1 5865//1 4641//1
f 4641//1 5865//1 5866//1
f 4641//1 5866//1 4642//1
f 4642//1 5866//1 5867//1
f 4642//1 5867//1 4643//1
f 4643//1 5867//1 5868//1
f 4643//1 5868//1 4644//1
f 4644//1 5868//1 5869//1
f 4644//1 5869//1 4645//1
f 4645//1 5869//1 5870//1
f 4645//1 5870//1 4646//1
f 4646//1 5870//1 5871//1
f 4646//1 5871//1 4647//1
f 4647//1 5871//1 5872//1
f 4647//1 5872//1 4648//1
f 4648//1 5872//1 5873//1
f 4648//1 5873//1 4649//1
f 4649//1 5873//1 5874//1
f 4649//1 5874//1 4650//1
f 4650//1 5874//1 5875//1
f 4650//1 5875//1 4651//1
f 4651//1 5875//1 5876//1
f 4651//1 5876//1 4652//1
f 4652//1 5876//1 5877//1
f 4652//1 5877//1 4653//1
f 4653//1 5877//1 5878//1
f 4653//1 5878//1 4654//1
f 4654//1 5878//1 5879//1
f 4654//1 5879//1 4655//1
f 4655//1 5879//1 5880//1
f 4655//1 5880//1 4656//1
f 4656//1 5880//1 5881//1
f 4656//1 5881//1 4657//1
f 4657//1 5881//1 5539//1
f 5863//1 5862//1 4663//1
f 4663//1 5862//1 4661//1
f 5861//1 4272//1 4274//1
f 4129//1 4128//1 4274//1
f 4274//1 4128//1 5861//1
f 5863//1 4663//1 4665//1
f 5863//1 4665//1 5864//1
f 5864//1 4665//1 4667//1
f 5864//1 4667//1 5865//1
f 5865//1 4667//1 4669//1
f 5865//1 4669//1 5866//1
f 5866//1 4669//1 4671//1
f 5866//1 4671//1 5867//1
f 5867//1 4671//1 4673//1
f 5867//1 4673//1 5868//1
f 5868//1 4673//1 4675//1
f 5868//1 4675//1 5869//1
f 5869//1 4675//1 4677//1
f 5869//1 4677//1 5870//1
f 5870//1 4677//1 4679//1
f 5870//1 4679//1 5871//1
f 5871//1 4679//1 4681//1
f 5871//1 4681//1 5872//1
f 5872//1 4681//1 4683//1
f 5872//1 4683//1 5873//1
f 5873//1 4683//1 4685//1
f 5873//1 4685//1 5874//1
f 5874//1 4685//1 4687//1
f 5874//1 4687//1 5875//1
f 5875//1 4687//1 4689//1
f 5875//1 4689//1 5876//1
f 5876//1 4689//1 4691//1
f 5876//1 4691//1 5877//1
f 5877//1 4691//1 4693//1
f 5877//1 4693//1 5878//1
f 5878//1 4693//1 4695//1
f 5878//1 4695//1 5879//1
f 5879//1 4695//1 4697//1
f 5879//1 4697//1 5880//1
f 5880//1 4697//1 4699//1
f 5880//1 4699//1 5881//1
f 5881//1 4699//1 4701//1
f 5881//1 4701//1 5539//1
f 5539//1 4701//1 4703//1
f 4734//1 5882//1 4733//1
f 4733//1 5882//1 4710//1
f 4733//1 4710//1 4709//1
f 4710//1 5882//1 4711//1
f 4711//1 5882//1 5883//1
f 4711//1 5883//1 4712//1
f 4712//1 5883//1 5884//1
f 4712//1 5884//1 4713//1
f 4713//1 5884//1 5885//1
f 4713//1 5885//1 4714//1
f 4714//1 5885//1 5886//1
f 4714//1 5886//1 4715//1
f 4715//1 5886//1 5887//1
f 4715//1 5887//1 4716//1
f 4716//1 5887//1 5888//1
f 4716//1 5888//1 4717//1
f 4717//1 5888//1 5889//1
f 4717//1 5889//1 4718//1
f 4718//1 5889//1 5890//1
f 4718//1 5890//1 4719//1
f 4719//1 5890//1 5891//1
f 4719//1 5891//1 4720//1
f 4720//1 5891//1 5892//1
f 4720//1 5892//1 4721//1
f 4721//1 5892//1 5893//1
f 4721//1 5893//1 4722//1
f 4722//1 5893//1 5894//1
f 4722//1 5894//1 4723//1
f 4723//1 5894//1 5895//1
f 4723//1 5895//1 4724//1
f 4724//1 5895//1 5896//1
f 4724//1 5896//1 4725//1
f 4725//1 5896//1 5534//1
f 5882//1 4734//1 5897//1
f 5897//1 4734//1 4735//1
f 5897//1 4735//1 4737//1
f 4737//1 5898//1 5897//1
f 5897//1 5898//1 5883//1
f 5897//1 5883//1 5882//1
f 5883//1 5898//1 5884//1
f 5884//1 5898//1 5899//1
f 5884//1 5899//1 5885//1
f 5885//1 5899//1 5900//1
f 5885//1 5900//1 5886//1
f 5886//1 5900//1 5901//1
f 5886//1 5901//1 5887//1
f 5887//1 5901//1 5902//1
f 5887//1 5902//1 5888//1
f 5888//1 5902//1 5903//1
f 5888//1 5903//1 5889//1
f 5889//1 5903//1 5904//1
f 5889//1 5904//1 5890//1
f 5890//1 5904//1 5905//1
f 5890//1 5905//1 5891//1
f 5891//1 5905//1 5906//1
f 5891//1 5906//1 5892//1
f 5892//1 5906//1 5907//1
f 5892//1 5907//1 5893//1
f 5893//1 5907//1 5908//1
f 5893//1 5908//1 5894//1
f 5894//1 5908//1 5909//1
f 5894//1 5909//1 5895//1
f 5895//1 5909//1 5910//1
f 5895//1 5910//1 5896//1
f 5896//1 5910//1 5911//1
f 5896//1 5911//1 5534//1
f 5534//1 5911//1 5532//1
f 5899//1 5898//1 4739//1
f 4739//1 5898//1 4737//1
f 4783//1 4807//1 4784//1
f 4784//1 4807//1 5912//1
f 4784//1 5912//1 4785//1
f 4785//1 5912//1 5913//1
f 4785//1 5913//1 4786//1
f 4786//1 5913//1 5914//1
f 4786//1 5914//1 4787//1
f 4787//1 5914//1 5915//1
f 4787//1 5915//1 4788//1
f 4788//1 5915//1 5916//1
f 4788//1 5916//1 4789//1
f 4789//1 5916//1 5917//1
f 4789//1 5917//1 4790//1
f 4790//1 5917//1 5918//1
f 4790//1 5918//1 4791//1
f 4791//1 5918//1 5919//1
f 4791//1 5919//1 4792//1
f 4792//1 5919//1 5920//1
f 4792//1 5920//1 4793//1
f 4793//1 5920//1 5921//1
f 4793//1 5921//1 4794//1
f 4794//1 5921//1 5922//1
f 4794//1 5922//1 4795//1
f 4795//1 5922//1 5520//1
f 5899//1 4739//1 4741//1
f 5899//1 4741//1 5900//1
f 5900//1 4741//1 4743//1
f 5900//1 4743//1 5901//1
f 5901//1 4743//1 4745//1
f 5901//1 4745//1 5902//1
f 5902//1 4745//1 4747//1
f 5902//1 4747//1 5903//1
f 5903//1 4747//1 4749//1
f 5903//1 4749//1 5904//1
f 5904//1 4749//1 4751//1
f 5904//1 4751//1 5905//1
f 5905//1 4751//1 4753//1
f 5905//1 4753//1 5906//1
f 5906//1 4753//1 4755//1
f 5906//1 4755//1 5907//1
f 5907//1 4755//1 4757//1
f 5907//1 4757//1 5908//1
f 5908//1 4757//1 4759//1
f 5908//1 4759//1 5909//1
f 5909//1 4759//1 4761//1
f 5909//1 4761//1 5910//1
f 5910//1 4761//1 4763//1
f 5910//1 4763//1 5911//1
f 5911//1 4763//1 4765//1
f 5911//1 4765//1 5532//1
f 5532//1 4765//1 4767//1
f 4808//1 4810//1 5912//1
f 5912//1 4810//1 5913//1
f 5914//1 5913//1 4812//1
f 4812//1 5913//1 4810//1
f 4807//1 4808//1 5912//1
f 4857//1 4882//1 4858//1
f 4858//1 4882//1 5923//1
f 4858//1 5923//1 4859//1
f 4859//1 5923//1 5924//1
f 4859//1 5924//1 4860//1
f 4860//1 5924//1 5925//1
f 4860//1 5925//1 4861//1
f 4861//1 5925//1 5926//1
f 4861//1 5926//1 4862//1
f 4862//1 5926//1 5927//1
f 4862//1 5927//1 4863//1
f 4863//1 5927//1 5928//1
f 4863//1 5928//1 4864//1
f 4864//1 5928//1 5929//1
f 4864//1 5929//1 4865//1
f 4865//1 5929//1 5503//1
f 5914//1 4812//1 4814//1
f 5914//1 4814//1 5915//1
f 5915//1 4814//1 4816//1
f 5915//1 4816//1 5916//1
f 5916//1 4816//1 4818//1
f 5916//1 4818//1 5917//1
f 5917//1 4818//1 4820//1
f 5917//1 4820//1 5918//1
f 5918//1 4820//1 4822//1
f 5918//1 4822//1 5919//1
f 5919//1 4822//1 4824//1
f 5919//1 4824//1 5920//1
f 5920//1 4824//1 4826//1
f 5920//1 4826//1 5921//1
f 5921//1 4826//1 4828//1
f 5921//1 4828//1 5922//1
f 5922//1 4828//1 4830//1
f 5922//1 4830//1 5520//1
f 5520//1 4830//1 4832//1
f 4883//1 4885//1 5923//1
f 5923//1 4885//1 5924//1
f 5925//1 5924//1 4887//1
f 4887//1 5924//1 4885//1
f 4882//1 4883//1 5923//1
f 4933//1 4958//1 4934//1
f 4934//1 4958//1 5930//1
f 4934//1 5930//1 4935//1
f 4935//1 5930//1 5931//1
f 4935//1 5931//1 4936//1
f 4936//1 5931//1 5932//1
f 4936//1 5932//1 4937//1
f 4937//1 5932//1 5482//1
f 5925//1 4887//1 4889//1
f 5925//1 4889//1 5926//1
f 5926//1 4889//1 4891//1
f 5926//1 4891//1 5927//1
f 5927//1 4891//1 4893//1
f 5927//1 4893//1 5928//1
f 5928//1 4893//1 4895//1
f 5928//1 4895//1 5929//1
f 5929//1 4895//1 4897//1
f 5929//1 4897//1 5503//1
f 5503//1 4897//1 4899//1
f 4959//1 4961//1 5930//1
f 5930//1 4961//1 5931//1
f 5932//1 5931//1 4963//1
f 4963//1 5931//1 4961//1
f 4958//1 4959//1 5930//1
f 5932//1 4963//1 4965//1
f 4967//1 5482//1 4965//1
f 4965//1 5482//1 5932//1
f 5459//1 5458//1 5039//1
f 5039//1 5458//1 5037//1
f 5484//1 5483//1 4971//1
f 4971//1 5483//1 4969//1
f 5505//1 5504//1 4903//1
f 4903//1 5504//1 4901//1
f 5522//1 5521//1 4836//1
f 4836//1 5521//1 4834//1
f 4769//1 4771//1 5536//1
f 5536//1 4771//1 5933//1
f 5536//1 5933//1 5537//1
f 5537//1 5933//1 5934//1
f 5537//1 5934//1 4729//1
f 4729//1 5934//1 4730//1
f 4151//1 5540//1 4707//1
f 4707//1 5540//1 4705//1
f 5460//1 5459//1 5041//1
f 5041//1 5459//1 5039//1
f 5485//1 5484//1 4973//1
f 4973//1 5484//1 4971//1
f 5506//1 5505//1 4905//1
f 4905//1 5505//1 4903//1
f 5523//1 5522//1 4838//1
f 4838//1 5522//1 4836//1
f 4771//1 4773//1 5933//1
f 5933//1 4773//1 5935//1
f 5933//1 5935//1 5934//1
f 5934//1 5935//1 5936//1
f 5934//1 5936//1 4730//1
f 4730//1 5936//1 4731//1
f 4152//1 4151//1 4707//1
f 5113//1 5937//1 5112//1
f 5112//1 5937//1 5086//1
f 5112//1 5086//1 5085//1
f 5086//1 5937//1 5087//1
f 5087//1 5937//1 5938//1
f 5087//1 5938//1 5088//1
f 5088//1 5938//1 5939//1
f 5088//1 5939//1 5089//1
f 5089//1 5939//1 5940//1
f 5089//1 5940//1 5090//1
f 5090//1 5940//1 5941//1
f 5090//1 5941//1 5091//1
f 5091//1 5941//1 5942//1
f 5091//1 5942//1 5092//1
f 5092//1 5942//1 5943//1
f 5092//1 5943//1 5093//1
f 5093//1 5943//1 5944//1
f 5093//1 5944//1 5094//1
f 5094//1 5944//1 5945//1
f 5094//1 5945//1 5095//1
f 5095//1 5945//1 5946//1
f 5095//1 5946//1 5096//1
f 5096//1 5946//1 5947//1
f 5096//1 5947//1 5097//1
f 5097//1 5947//1 5948//1
f 5097//1 5948//1 5098//1
f 5098//1 5948//1 5949//1
f 5098//1 5949//1 5099//1
f 5099//1 5949//1 5950//1
f 5099//1 5950//1 5100//1
f 5100//1 5950//1 5951//1
f 5100//1 5951//1 5101//1
f 5101//1 5951//1 5952//1
f 5101//1 5952//1 5102//1
f 5102//1 5952//1 5953//1
f 5102//1 5953//1 5103//1
f 5103//1 5953//1 5954//1
f 5103//1 5954//1 5104//1
f 5104//1 5954//1 5955//1
f 5104//1 5955//1 5105//1
f 5105//1 5955//1 5956//1
f 5105//1 5956//1 5106//1
f 5106//1 5956//1 3475//1
f 5106//1 3475//1 5107//1
f 5938//1 5937//1 5115//1
f 5115//1 5937//1 5113//1
f 5460//1 5041//1 5043//1
f 5460//1 5043//1 5461//1
f 5461//1 5043//1 5045//1
f 5461//1 5045//1 5462//1
f 5462//1 5045//1 5047//1
f 5462//1 5047//1 5463//1
f 5463//1 5047//1 5049//1
f 5463//1 5049//1 5464//1
f 5464//1 5049//1 5051//1
f 5464//1 5051//1 5465//1
f 5465//1 5051//1 5053//1
f 5465//1 5053//1 5466//1
f 5466//1 5053//1 5055//1
f 5466//1 5055//1 5467//1
f 5467//1 5055//1 5057//1
f 5467//1 5057//1 5468//1
f 5468//1 5057//1 5059//1
f 5468//1 5059//1 5469//1
f 5469//1 5059//1 5061//1
f 5469//1 5061//1 5470//1
f 5470//1 5061//1 5063//1
f 5470//1 5063//1 5471//1
f 5471//1 5063//1 5065//1
f 5471//1 5065//1 5472//1
f 5472//1 5065//1 5067//1
f 5472//1 5067//1 5473//1
f 5473//1 5067//1 5069//1
f 5473//1 5069//1 5474//1
f 5474//1 5069//1 5071//1
f 5474//1 5071//1 5475//1
f 5475//1 5071//1 5073//1
f 5475//1 5073//1 5476//1
f 5476//1 5073//1 5075//1
f 5476//1 5075//1 5477//1
f 5477//1 5075//1 5077//1
f 5477//1 5077//1 5478//1
f 5478//1 5077//1 5079//1
f 5478//1 5079//1 5479//1
f 5479//1 5079//1 5081//1
f 5479//1 5081//1 5480//1
f 5480//1 5081//1 5083//1
f 5480//1 5083//1 4184//1
f 4184//1 5083//1 4186//1
f 5485//1 4973//1 4975//1
f 5485//1 4975//1 5486//1
f 5486//1 4975//1 4977//1
f 5486//1 4977//1 5487//1
f 5487//1 4977//1 4979//1
f 5487//1 4979//1 5488//1
f 5488//1 4979//1 4981//1
f 5488//1 4981//1 5489//1
f 5489//1 4981//1 4983//1
f 5489//1 4983//1 5490//1
f 5490//1 4983//1 4985//1
f 5490//1 4985//1 5491//1
f 5491//1 4985//1 4987//1
f 5491//1 4987//1 5492//1
f 5492//1 4987//1 4989//1
f 5492//1 4989//1 5493//1
f 5493//1 4989//1 4991//1
f 5493//1 4991//1 5494//1
f 5494//1 4991//1 4993//1
f 5494//1 4993//1 5495//1
f 5495//1 4993//1 4995//1
f 5495//1 4995//1 5496//1
f 5496//1 4995//1 4997//1
f 5496//1 4997//1 5497//1
f 5497//1 4997//1 4999//1
f 5497//1 4999//1 5498//1
f 5498//1 4999//1 5001//1
f 5498//1 5001//1 5499//1
f 5499//1 5001//1 5003//1
f 5499//1 5003//1 5500//1
f 5500//1 5003//1 5005//1
f 5500//1 5005//1 5501//1
f 5501//1 5005//1 5007//1
f 5501//1 5007//1 4176//1
f 4176//1 5007//1 4178//1
f 5506//1 4905//1 4907//1
f 5506//1 4907//1 5507//1
f 5507//1 4907//1 4909//1
f 5507//1 4909//1 5508//1
f 5508//1 4909//1 4911//1
f 5508//1 4911//1 5509//1
f 5509//1 4911//1 4913//1
f 5509//1 4913//1 5510//1
f 5510//1 4913//1 4915//1
f 5510//1 4915//1 5511//1
f 5511//1 4915//1 4917//1
f 5511//1 4917//1 5512//1
f 5512//1 4917//1 4919//1
f 5512//1 4919//1 5513//1
f 5513//1 4919//1 4921//1
f 5513//1 4921//1 5514//1
f 5514//1 4921//1 4923//1
f 5514//1 4923//1 5515//1
f 5515//1 4923//1 4925//1
f 5515//1 4925//1 5516//1
f 5516//1 4925//1 4927//1
f 5516//1 4927//1 5517//1
f 5517//1 4927//1 4929//1
f 5517//1 4929//1 5518//1
f 5518//1 4929//1 4931//1
f 5518//1 4931//1 4168//1
f 4168//1 4931//1 4170//1
f 5523//1 4838//1 4840//1
f 5523//1 4840//1 5524//1
f 5524//1 4840//1 4842//1
f 5524//1 4842//1 5525//1
f 5525//1 4842//1 4844//1
f 5525//1 4844//1 5526//1
f 5526//1 4844//1 4846//1
f 5526//1 4846//1 5527//1
f 5527//1 4846//1 4848//1
f 5527//1 4848//1 5528//1
f 5528//1 4848//1 4850//1
f 5528//1 4850//1 5529//1
f 5529//1 4850//1 4852//1
f 5529//1 4852//1 5530//1
f 5530//1 4852//1 4854//1
f 5530//1 4854//1 4160//1
f 4160//1 4854//1 4161//1
f 5935//1 4773//1 4775//1
f 5936//1 5935//1 5957//1
f 5957//1 5935//1 4775//1
f 5957//1 4775//1 4777//1
f 4731//1 5936//1 5958//1
f 5958//1 5936//1 5957//1
f 5958//1 5957//1 5959//1
f 5959//1 5957//1 4777//1
f 5959//1 4777//1 4779//1
f 4731//1 5958//1 4732//1
f 4732//1 5958//1 5960//1
f 4732//1 5960//1 4154//1
f 4154//1 5960//1 4155//1
f 5960//1 5958//1 5959//1
f 5938//1 5115//1 5117//1
f 5938//1 5117//1 5939//1
f 5939//1 5117//1 5119//1
f 5939//1 5119//1 5940//1
f 5940//1 5119//1 5121//1
f 5940//1 5121//1 5941//1
f 5941//1 5121//1 5123//1
f 5941//1 5123//1 5942//1
f 5942//1 5123//1 5125//1
f 5942//1 5125//1 5943//1
f 5943//1 5125//1 5127//1
f 5943//1 5127//1 5944//1
f 5944//1 5127//1 5129//1
f 5944//1 5129//1 5945//1
f 5945//1 5129//1 5131//1
f 5945//1 5131//1 5946//1
f 5946//1 5131//1 5133//1
f 5946//1 5133//1 5947//1
f 5947//1 5133//1 5135//1
f 5947//1 5135//1 5948//1
f 5948//1 5135//1 5137//1
f 5948//1 5137//1 5949//1
f 5949//1 5137//1 5139//1
f 5949//1 5139//1 5950//1
f 5950//1 5139//1 5141//1
f 5950//1 5141//1 5951//1
f 5951//1 5141//1 5143//1
f 5951//1 5143//1 5952//1
f 5952//1 5143//1 5145//1
f 5952//1 5145//1 5953//1
f 5953//1 5145//1 5147//1
f 5953//1 5147//1 5954//1
f 5954//1 5147//1 5149//1
f 5954//1 5149//1 5955//1
f 5955//1 5149//1 5151//1
f 5955//1 5151//1 5956//1
f 5956//1 5151//1 3473//1
f 5956//1 3473//1 3475//1
f 5960//1 5959//1 5961//1
f 5961//1 5959//1 4779//1
f 5961//1 4779//1 4781//1
f 4156//1 4155//1 5961//1
f 5961//1 4155//1 5960//1
f 4156//1 5961//1 4781//1
f 5171//1 5962//1 5170//1
f 5170//1 5962//1 5153//1
f 5170//1 5153//1 5152//1
f 5153//1 5962//1 5154//1
f 5154//1 5962//1 5963//1
f 5154//1 5963//1 5155//1
f 5155//1 5963//1 5964//1
f 5155//1 5964//1 5156//1
f 5156//1 5964//1 5965//1
f 5156//1 5965//1 5157//1
f 5157//1 5965//1 5966//1
f 5157//1 5966//1 5158//1
f 5158//1 5966//1 5967//1
f 5158//1 5967//1 5159//1
f 5159//1 5967//1 5968//1
f 5159//1 5968//1 5160//1
f 5160//1 5968//1 5969//1
f 5160//1 5969//1 5161//1
f 5161//1 5969//1 5970//1
f 5161//1 5970//1 5162//1
f 5162//1 5970//1 5971//1
f 5162//1 5971//1 5163//1
f 5163//1 5971//1 5972//1
f 5163//1 5972//1 5164//1
f 5164//1 5972//1 5973//1
f 5164//1 5973//1 5165//1
f 5165//1 5973//1 5974//1
f 5165//1 5974//1 5166//1
f 5166//1 5974//1 5975//1
f 5166//1 5975//1 5167//1
f 5167//1 5975//1 5976//1
f 5167//1 5976//1 5168//1
f 5168//1 5976//1 5977//1
f 5168//1 5977//1 5169//1
f 5169//1 5977//1 3467//1
f 5169//1 3467//1 3469//1
f 5963//1 5962//1 5173//1
f 5173//1 5962//1 5171//1
f 4156//1 4781//1 4157//1
f 5963//1 5173//1 5175//1
f 5963//1 5175//1 5964//1
f 5964//1 5175//1 5177//1
f 5964//1 5177//1 5965//1
f 5965//1 5177//1 5179//1
f 5965//1 5179//1 5966//1
f 5966//1 5179//1 5181//1
f 5966//1 5181//1 5967//1
f 5967//1 5181//1 5183//1
f 5967//1 5183//1 5968//1
f 5968//1 5183//1 5185//1
f 5968//1 5185//1 5969//1
f 5969//1 5185//1 5187//1
f 5969//1 5187//1 5970//1
f 5970//1 5187//1 5189//1
f 5970//1 5189//1 5971//1
f 5971//1 5189//1 5191//1
f 5971//1 5191//1 5972//1
f 5972//1 5191//1 5193//1
f 5972//1 5193//1 5973//1
f 5973//1 5193//1 5195//1
f 5973//1 5195//1 5974//1
f 5974//1 5195//1 5197//1
f 5974//1 5197//1 5975//1
f 5975//1 5197//1 5199//1
f 5975//1 5199//1 5976//1
f 5976//1 5199//1 5201//1
f 5976//1 5201//1 5977//1
f 5977//1 5201//1 3465//1
f 5977//1 3465//1 3467//1
f 5217//1 5219//1 5216//1
f 5216//1 5219//1 5203//1
f 5216//1 5203//1 5202//1
f 5219//1 5204//1 5203//1
f 5222//1 5221//1 5978//1
f 5978//1 5221//1 5223//1
f 5978//1 5223//1 5979//1
f 5979//1 5223//1 5224//1
f 5979//1 5224//1 5226//1
f 5206//1 5222//1 5980//1
f 5980//1 5222//1 5978//1
f 5980//1 5978//1 5981//1
f 5981//1 5978//1 5979//1
f 5981//1 5979//1 5982//1
f 5982//1 5979//1 5226//1
f 5982//1 5226//1 5228//1
f 5981//1 5983//1 5980//1
f 5980//1 5983//1 5207//1
f 5980//1 5207//1 5206//1
f 5207//1 5983//1 5208//1
f 5208//1 5983//1 5984//1
f 5208//1 5984//1 5209//1
f 5209//1 5984//1 5985//1
f 5209//1 5985//1 5210//1
f 5210//1 5985//1 5986//1
f 5210//1 5986//1 5211//1
f 5211//1 5986//1 5987//1
f 5211//1 5987//1 5212//1
f 5212//1 5987//1 5988//1
f 5212//1 5988//1 5213//1
f 5213//1 5988//1 5989//1
f 5213//1 5989//1 5214//1
f 5214//1 5989//1 5990//1
f 5214//1 5990//1 5215//1
f 5215//1 5990//1 3459//1
f 5215//1 3459//1 3461//1
f 5983//1 5981//1 5991//1
f 5991//1 5981//1 5982//1
f 5991//1 5982//1 5992//1
f 5992//1 5982//1 5228//1
f 5992//1 5228//1 5230//1
f 5992//1 5993//1 5991//1
f 5991//1 5993//1 5984//1
f 5991//1 5984//1 5983//1
f 5984//1 5993//1 5985//1
f 5985//1 5993//1 5994//1
f 5985//1 5994//1 5986//1
f 5986//1 5994//1 5995//1
f 5986//1 5995//1 5987//1
f 5987//1 5995//1 5996//1
f 5987//1 5996//1 5988//1
f 5988//1 5996//1 5997//1
f 5988//1 5997//1 5989//1
f 5989//1 5997//1 5998//1
f 5989//1 5998//1 5990//1
f 5990//1 5998//1 3457//1
f 5990//1 3457//1 3459//1
f 5993//1 5992//1 5999//1
f 5999//1 5992//1 5230//1
f 5999//1 5230//1 5232//1
f 5245//1 5250//1 5246//1
f 5246//1 5250//1 6000//1
f 5246//1 6000//1 5247//1
f 5247//1 6000//1 6001//1
f 5247//1 6001//1 5248//1
f 5248//1 6001//1 6002//1
f 5248//1 6002//1 5249//1
f 5249//1 6002//1 3445//1
f 5249//1 3445//1 3447//1
f 5232//1 6003//1 5999//1
f 5999//1 6003//1 5994//1
f 5999//1 5994//1 5993//1
f 5994//1 6003//1 5995//1
f 5995//1 6003//1 6004//1
f 5995//1 6004//1 5996//1
f 5996//1 6004//1 6005//1
f 5996//1 6005//1 5997//1
f 5997//1 6005//1 6006//1
f 5997//1 6006//1 5998//1
f 5998//1 6006//1 3455//1
f 5998//1 3455//1 3457//1
f 6004//1 6003//1 5234//1
f 5234//1 6003//1 5232//1
f 5251//1 5253//1 6000//1
f 6000//1 5253//1 6001//1
f 6002//1 6001//1 5255//1
f 5255//1 6001//1 5253//1
f 6004//1 5234//1 5236//1
f 6004//1 5236//1 6005//1
f 6005//1 5236//1 5238//1
f 6005//1 5238//1 6006//1
f 6006//1 5238//1 3453//1
f 6006//1 3453//1 3455//1
f 5250//1 5251//1 6000//1
f 3437//1 3439//1 5256//1
f 6002//1 5255//1 3443//1
f 3443//1 3445//1 6002//1
f 4118//1 4121//1 4120//1
f 6007//1 6008//1 6009//1
f 6009//1 6008//1 6010//1
f 6009//1 6010//1 6011//1
f 6011//1 6010//1 6012//1
f 6011//1 6012//1 6013//1
f 6013//1 6012//1 6014//1
f 6013//1 6014//1 6015//1
f 6015//1 6014//1 6016//1
f 6015//1 6016//1 6017//1
f 6017//1 6016//1 6018//1
f 6017//1 6018//1 6019//1
f 6019//1 6018//1 6020//1
f 6019//1 6020//1 6021//1
f 6021//1 6020//1 6022//1
f 6022//1 6020//1 6023//1
f 6022//1 6023//1 6024//1
f 6024//1 6023//1 6025//1
f 6024//1 6025//1 6026//1
f 6026//1 6025//1 6027//1
f 6026//1 6027//1 6028//1
f 6028//1 6027//1 6029//1
f 6028//1 6029//1 6030//1
f 6030//1 6029//1 6031//1
f 6030//1 6031//1 6032//1
f 6032//1 6031//1 6033//1
f 6032//1 6033//1 6034//1
f 6032//1 6034//1 6035//1
f 6035//1 6034//1 6036//1
f 6035//1 6036//1 6037//1
f 6037//1 6036//1 6038//1
f 6037//1 6038//1 6039//1
f 6039//1 6038//1 6040//1
f 6039//1 6040//1 6041//1
f 6041//1 6040//1 6042//1
f 6041//1 6042//1 6043//1
f 6043//1 6042//1 6044//1
f 6044//1 6042//1 6045//1
f 6044//1 6045//1 6046//1
f 6046//1 6045//1 6047//1
f 6046//1 6047//1 6048//1
f 6048//1 6047//1 6049//1
f 6048//1 6049//1 6050//1
f 6050//1 6049//1 6051//1
f 6050//1 6051//1 6052//1
f 6052//1 6051//1 6053//1
f 6052//1 6053//1 6054//1
f 6054//1 6053//1 6007//1
f 6054//1 6007//1 6009//1
f 5306//1 6055//1 5307//1
f 5307//1 6055//1 6056//1
f 5307//1 6056//1 5308//1
f 5308//1 6056//1 6057//1
f 5308//1 6057//1 5309//1
f 5309//1 6057//1 6058//1
f 5309//1 6058//1 5310//1
f 5310//1 6058//1 6059//1
f 5310//1 6059//1 5312//1
f 5312//1 6059//1 6060//1
f 5312//1 6060//1 5313//1
f 5313//1 6060//1 6061//1
f 5313//1 6061//1 5314//1
f 5314//1 6061//1 6062//1
f 5314//1 6062//1 5315//1
f 5315//1 6062//1 6063//1
f 5315//1 6063//1 5316//1
f 5316//1 6063//1 6064//1
f 5316//1 6064//1 4266//1
f 4266//1 6064//1 6065//1
f 4266//1 6065//1 4265//1
f 4265//1 6065//1 6066//1
f 4265//1 6066//1 4264//1
f 4264//1 6066//1 6067//1
f 4264//1 6067//1 4263//1
f 4263//1 6067//1 6068//1
f 4263//1 6068//1 4262//1
f 4262//1 6068//1 6069//1
f 4262//1 6069//1 5317//1
f 5317//1 6069//1 6070//1
f 5317//1 6070//1 5320//1
f 5320//1 6070//1 6071//1
f 5320//1 6071//1 5321//1
f 5321//1 6071//1 6072//1
f 5321//1 6072//1 5322//1
f 5322//1 6072//1 6073//1
f 5322//1 6073//1 4217//1
f 4217//1 6073//1 6074//1
f 4217//1 6074//1 4219//1
f 4219//1 6074//1 6075//1
f 4219//1 6075//1 4220//1
f 4220//1 6075//1 6076//1
f 4220//1 6076//1 5323//1
f 5323//1 6076//1 6077//1
f 5323//1 6077//1 5324//1
f 5324//1 6077//1 6078//1
f 5324//1 6078//1 5306//1
f 5306//1 6078//1 6055//1
f 6057//1 6056//1 6079//1
f 6079//1 6056//1 6055//1
f 6079//1 6055//1 6080//1
f 6080//1 6055//1 6078//1
f 6080//1 6078//1 6081//1
f 6081//1 6078//1 6077//1
f 6081//1 6077//1 6082//1
f 6082//1 6077//1 6076//1
f 6082//1 6076//1 6083//1
f 6083//1 6076//1 6075//1
f 6083//1 6075//1 6084//1
f 6084//1 6075//1 6074//1
f 6084//1 6074//1 6085//1
f 6085//1 6074//1 6086//1
f 6086//1 6074//1 6073//1
f 6086//1 6073//1 6087//1
f 6087//1 6073//1 6072//1
f 6087//1 6072//1 6088//1
f 6088//1 6072//1 6071//1
f 6088//1 6071//1 6089//1
f 6089//1 6071//1 6070//1
f 6089//1 6070//1 6090//1
f 6090//1 6070//1 6069//1
f 6090//1 6069//1 6091//1
f 6091//1 6069//1 6068//1
f 6091//1 6068//1 6067//1
f 6091//1 6067//1 6092//1
f 6092//1 6067//1 6066//1
f 6092//1 6066//1 6093//1
f 6093//1 6066//1 6065//1
f 6093//1 6065//1 6094//1
f 6094//1 6065//1 6064//1
f 6094//1 6064//1 6095//1
f 6095//1 6064//1 6063//1
f 6095//1 6063//1 6096//1
f 6096//1 6063//1 6097//1
f 6097//1 6063//1 6062//1
f 6097//1 6062//1 6098//1
f 6098//1 6062//1 6061//1
f 6098//1 6061//1 6099//1
f 6099//1 6061//1 6060//1
f 6099//1 6060//1 6100//1
f 6100//1 6060//1 6059//1
f 6100//1 6059//1 6101//1
f 6101//1 6059//1 6058//1
f 6101//1 6058//1 6102//1
f 6102//1 6058//1 6057//1
f 6102//1 6057//1 6079//1
f 1175//1 6096//1 1176//1
f 1176//1 6096//1 6097//1
f 1176//1 6097//1 1178//1
f 1178//1 6097//1 6098//1
f 1178//1 6098//1 1183//1
f 1183//1 6098//1 6099//1
f 1183//1 6099//1 1184//1
f 1184//1 6099//1 6100//1
f 1184//1 6100//1 1185//1
f 1185//1 6100//1 6101//1
f 1185//1 6101//1 1186//1
f 1186//1 6101//1 6102//1
f 1186//1 6102//1 1187//1
f 1187//1 6102//1 6079//1
f 1187//1 6079//1 1188//1
f 1188//1 6079//1 6080//1
f 1188//1 6080//1 1189//1
f 1189//1 6080//1 6081//1
f 1189//1 6081//1 1190//1
f 1190//1 6081//1 6082//1
f 1190//1 6082//1 1191//1
f 1191//1 6082//1 6083//1
f 1191//1 6083//1 1192//1
f 1192//1 6083//1 6084//1
f 1192//1 6084//1 1197//1
f 1197//1 6084//1 6085//1
f 1197//1 6085//1 1198//1
f 1198//1 6085//1 6086//1
f 1198//1 6086//1 1199//1
f 1199//1 6086//1 6087//1
f 1199//1 6087//1 1201//1
f 1201//1 6087//1 6088//1
f 1201//1 6088//1 1202//1
f 1202//1 6088//1 6089//1
f 1202//1 6089//1 1203//1
f 1203//1 6089//1 6090//1
f 1203//1 6090//1 1245//1
f 1245//1 6090//1 6091//1
f 1245//1 6091//1 1246//1
f 1246//1 6091//1 6092//1
f 1246//1 6092//1 1247//1
f 1247//1 6092//1 6093//1
f 1247//1 6093//1 1248//1
f 1248//1 6093//1 6094//1
f 1248//1 6094//1 1249//1
f 1249//1 6094//1 6095//1
f 1249//1 6095//1 1175//1
f 1175//1 6095//1 6096//1
f 6022//1 1250//1 6021//1
f 6021//1 1250//1 1252//1
f 6021//1 1252//1 6019//1
f 6019//1 1252//1 1277//1
f 6019//1 1277//1 6017//1
f 6017//1 1277//1 1276//1
f 6017//1 1276//1 6015//1
f 6015//1 1276//1 1275//1
f 6015//1 1275//1 6013//1
f 6013//1 1275//1 1274//1
f 6013//1 1274//1 6011//1
f 6011//1 1274//1 1273//1
f 6011//1 1273//1 6009//1
f 6009//1 1273//1 1272//1
f 6009//1 1272//1 6054//1
f 6054//1 1272//1 1271//1
f 6054//1 1271//1 6052//1
f 6052//1 1271//1 1072//1
f 6052//1 1072//1 6050//1
f 6050//1 1072//1 1071//1
f 6050//1 1071//1 6048//1
f 6048//1 1071//1 1270//1
f 6048//1 1270//1 6046//1
f 6046//1 1270//1 1269//1
f 6046//1 1269//1 6044//1
f 6044//1 1269//1 1268//1
f 6044//1 1268//1 6043//1
f 6043//1 1268//1 1267//1
f 6043//1 1267//1 6041//1
f 6041//1 1267//1 1266//1
f 6041//1 1266//1 6039//1
f 6039//1 1266//1 1265//1
f 6039//1 1265//1 6037//1
f 6037//1 1265//1 1263//1
f 6037//1 1263//1 6035//1
f 6035//1 1263//1 1262//1
f 6035//1 1262//1 6032//1
f 6032//1 1262//1 1261//1
f 6032//1 1261//1 6030//1
f 6030//1 1261//1 1260//1
f 6030//1 1260//1 6028//1
f 6028//1 1260//1 1258//1
f 6028//1 1258//1 6026//1
f 6026//1 1258//1 1257//1
f 6026//1 1257//1 6024//1
f 6024//1 1257//1 1256//1
f 6024//1 1256//1 6022//1
f 6022//1 1256//1 1250//1
f 5442//1 6010//1 5443//1
f 5443//1 6010//1 6008//1
f 5443//1 6008//1 5445//1
f 5445//1 6008//1 6007//1
f 5445//1 6007//1 5446//1
f 5446//1 6007//1 6053//1
f 5446//1 6053//1 5447//1
f 5447//1 6053//1 6051//1
f 5447//1 6051//1 4192//1
f 4192//1 6051//1 6049//1
f 4192//1 6049//1 4194//1
f 4194//1 6049//1 6047//1
f 4194//1 6047//1 4195//1
f 4195//1 6047//1 6045//1
f 4195//1 6045//1 3520//1
f 3520//1 6045//1 6042//1
f 3520//1 6042//1 3521//1
f 3521//1 6042//1 6040//1
f 3521//1 6040//1 5448//1
f 5448//1 6040//1 6038//1
f 5448//1 6038//1 5449//1
f 5449//1 6038//1 6036//1
f 5449//1 6036//1 5450//1
f 5450//1 6036//1 6034//1
f 5450//1 6034//1 5451//1
f 5451//1 6034//1 6033//1
f 5451//1 6033//1 5452//1
f 5452//1 6033//1 6031//1
f 5452//1 6031//1 3476//1
f 3476//1 6031//1 6029//1
f 3476//1 6029//1 3477//1
f 3477//1 6029//1 6027//1
f 3477//1 6027//1 5453//1
f 5453//1 6027//1 6025//1
f 5453//1 6025//1 5454//1
f 5454//1 6025//1 6023//1
f 5454//1 6023//1 5108//1
f 5108//1 6023//1 6020//1
f 5108//1 6020//1 5110//1
f 5110//1 6020//1 6018//1
f 5110//1 6018//1 5111//1
f 5111//1 6018//1 6016//1
f 5111//1 6016//1 5455//1
f 5455//1 6016//1 6014//1
f 5455//1 6014//1 5456//1
f 5456//1 6014//1 6012//1
f 5456//1 6012//1 5442//1
f 5442//1 6012//1 6010//1
# Vertices: 6102, normals: 1, texture coordinates: 0, faces: 12228

