# File generated by FabConvert.com - Free Image and 3D model conversion tools

o obj1
v -4.19999981 6.19999981 62.51451874
v -1.40110278 6.19999981 62.65064621
v -4.19999981 6.19999981 63.5228157
v -1.40106523 6.19999981 63.65660095
v 1.40110278 6.19999981 62.65064621
v 1.40106523 6.19999981 63.65660095
v 4.19999981 6.19999981 63.5228157
v 4.19999981 6.19999981 62.51451874
v -4.19999981 -6.19999981 62.51451874
v -4.19999981 -3.10447383 62.76436996
v -4.19999981 -6.19999981 63.5228157
v -4.19999981 -3.10432196 63.76838684
v -4.19999981 0 62.84773254
v -4.19999981 0 63.85031891
v -4.19999981 3.10432196 63.76838684
v -4.19999981 3.10447383 62.76436996
v -1.47167373 -4.28803539 63.82555389
v -1.5 -4 63.84513474
v -1.59749115 -3.39484143 63.88058472
v -1.47167361 -3.71196389 63.86471176
v -1.40941429 -3.47713637 63.88058472
v -1.38604271 -3.42651463 63.88410568
v 0 0 64
v -1.40106523 -6.19999981 63.65660095
v -1.38604343 -4.57348394 63.8061409
v -1.24489975 -4.83606911 63.78827667
v -1.06119931 -5.06012058 63.77302933
v -0.83732218 -5.24405718 63.76050949
v -0.57457 -5.38559341 63.75087357
v -0.28866315 -5.47154999 63.74502182
v -3.86E-06 -5.5 63.74308395
v 1.40106523 -6.19999981 63.65660095
v 0.28865522 -5.47155142 63.74502182
v 0.57456243 -5.38559675 63.75087357
v 0.83731544 -5.24406147 63.76050949
v 1.06119382 -5.0601263 63.77302933
v 1.24489522 -4.83607578 63.78827667
v 1.38604021 -4.57349157 63.8061409
v 1.47167218 -4.2880435 63.82555389
v 1.5 -4.00000763 63.84513474
v 1.47167516 -3.711972 63.86471176
v 4.19999981 -6.19999981 63.5228157
v 2.01038098 -3.16785336 63.88058472
v 2.20532489 -3.0353694 63.88058472
v 1.38604581 -3.42652202 63.88410568
v 1.59749115 -3.39484143 63.88058472
v 1.80750263 -3.28783512 63.88058472
v 1.24490249 -3.16393495 63.90193939
v 1.06120145 -2.93988156 63.9171524
v 0.83732355 -2.75594378 63.92963791
v 0.57457066 -2.61440682 63.93924713
v 0.28866333 -2.52845025 63.9450798
v -0.2886554 -2.52844858 63.9450798
v 3.86E-06 -2.5 63.94701004
v -0.57456309 -2.61440372 63.93924713
v -0.83731687 -2.75593925 63.92964172
v -1.24489796 -3.16392827 63.90193939
v -1.06119597 -2.93987608 63.9171524
v -1.47167373 4.28803539 63.82555389
v -1.5 4 63.84513474
v -1.47167361 3.71196389 63.86471176
v -2.01038098 3.16785336 63.88058472
v -2.20532489 3.0353694 63.88058472
v -1.38604271 3.42651463 63.88410568
v -1.59749115 3.39484143 63.88058472
v -1.80750263 3.28783512 63.88058472
v -1.24489796 3.16392827 63.90193939
v -1.06119597 2.93987608 63.9171524
v -0.83731687 2.75593925 63.92964172
v -0.57456309 2.61440372 63.93924713
v -0.2886554 2.52844858 63.9450798
v 0.28866333 2.52845025 63.9450798
v 3.86E-06 2.5 63.94701004
v 0.83732355 2.75594378 63.92963791
v 0.57457066 2.61440682 63.93924713
v 1.24490249 3.16393495 63.90193939
v 1.06120145 2.93988156 63.9171524
v 1.38604581 3.42652202 63.88410568
v 1.47167516 3.711972 63.86471176
v 1.40941393 3.47713661 63.88058472
v 1.59749115 3.39484143 63.88058472
v 1.5 4.00000763 63.84513474
v 1.47167218 4.2880435 63.82555389
v 1.38604021 4.57349157 63.8061409
v 1.24489522 4.83607578 63.78827667
v 1.06119382 5.0601263 63.77302933
v 0.83731544 5.24406147 63.76050949
v 0.57456243 5.38559675 63.75087357
v 0.28865522 5.47155142 63.74502182
v -3.86E-06 5.5 63.74308395
v -0.28866315 5.47154999 63.74502182
v -0.57457 5.38559341 63.75087357
v -0.83732218 5.24405718 63.76050949
v -1.06119931 5.06012058 63.77302933
v -1.24489975 4.83606911 63.78827667
v -1.38604343 4.57348394 63.8061409
v -2.20532489 -3.0353694 63.88058472
v -2.01038098 -3.16785336 63.88058472
v -1.80750263 -3.28783512 63.88058472
v -3.39484143 -1.59749115 63.88058472
v -3.28783512 -1.80750263 63.88058472
v -3.16785336 -2.01038098 63.88058472
v -3.63404942 0.9330653 63.88058472
v -3.68546605 0.70304024 63.88058472
v -3.72233796 0.47024065 63.88058472
v -2.73503423 2.56836796 63.88058472
v -2.89090633 2.3915658 63.88058472
v -3.0353694 2.20532489 63.88058472
v 4.19999981 3.10432196 63.76838684
v 2.20532489 3.0353694 63.88058472
v 2.01038098 3.16785336 63.88058472
v 1.80750263 3.28783512 63.88058472
v 4.19999981 0 63.85031891
v 3.39484143 1.59749115 63.88058472
v 3.28783512 1.80750263 63.88058472
v 3.16785336 2.01038098 63.88058472
v 4.19999981 -3.10432196 63.76838684
v 3.63404942 -0.9330653 63.88058472
v 3.68546605 -0.70304024 63.88058472
v 3.72233796 -0.47024065 63.88058472
v 2.73503423 -2.56836796 63.88058472
v 2.89090633 -2.3915658 63.88058472
v 3.0353694 -2.20532489 63.88058472
v -3.75192308 0 63.88058472
v -3.74451947 -0.2355852 63.88058472
v -3.72233796 -0.47024065 63.88058472
v -3.68546605 -0.70304024 63.88058472
v -3.63404942 -0.9330653 63.88058472
v -3.56829071 -1.15940797 63.88058472
v -3.48844981 -1.38117492 63.88058472
v -3.0353694 -2.20532489 63.88058472
v -2.89090633 -2.3915658 63.88058472
v -2.73503423 -2.56836796 63.88058472
v -2.56836796 -2.73503423 63.88058472
v -2.3915658 -2.89090633 63.88058472
v 2.3915658 -2.89090633 63.88058472
v 2.56836796 -2.73503423 63.88058472
v 3.16785336 -2.01038098 63.88058472
v 3.28783512 -1.80750263 63.88058472
v 3.39484143 -1.59749115 63.88058472
v 3.48844981 -1.38117492 63.88058472
v 3.56829071 -1.15940797 63.88058472
v 3.74451947 -0.2355852 63.88058472
v 3.75192308 0 63.88058472
v 3.74451947 0.2355852 63.88058472
v 3.72233796 0.47024065 63.88058472
v 3.68546605 0.70304024 63.88058472
v 3.63404942 0.9330653 63.88058472
v 3.56829071 1.15940797 63.88058472
v 3.48844981 1.38117492 63.88058472
v 3.0353694 2.20532489 63.88058472
v 2.89090633 2.3915658 63.88058472
v 2.73503423 2.56836796 63.88058472
v 2.56836796 2.73503423 63.88058472
v 2.3915658 2.89090633 63.88058472
v -2.3915658 2.89090633 63.88058472
v -2.56836796 2.73503423 63.88058472
v -3.16785336 2.01038098 63.88058472
v -3.28783512 1.80750263 63.88058472
v -3.39484143 1.59749115 63.88058472
v -3.48844981 1.38117492 63.88058472
v -3.56829071 1.15940797 63.88058472
v -3.74451947 0.2355852 63.88058472
v 4.19999981 -6.19999981 62.51451874
v 1.40110278 -6.19999981 62.65064621
v -1.40110278 -6.19999981 62.65064621
v 4.19999981 3.10447383 62.76436996
v 4.19999981 0 62.84773254
v 4.19999981 -3.10447383 62.76436996
v -1.5 -4 65
v -1.44888878 -3.61177135 65
v -1.29903805 -3.25 65
v -1.06066012 -2.93933988 65
v -0.75 -2.70096183 65
v -0.38822857 -2.55111122 65
v 0 -2.5 65
v 0.38822857 -2.55111122 65
v 0.75 -2.70096183 65
v 1.06066012 -2.93933988 65
v 1.29903805 -3.25 65
v 1.44888878 -3.61177135 65
v 1.5 -4 65
v 1.44888878 -4.38822842 65
v 1.29903805 -4.75 65
v 1.06066012 -5.06066036 65
v 0.75 -5.29903793 65
v 0.38822857 -5.44888878 65
v 0 -5.5 65
v -0.38822857 -5.44888878 65
v -0.75 -5.29903793 65
v -1.06066012 -5.06066036 65
v -1.29903805 -4.75 65
v -1.44888878 -4.38822842 65
v -1.5 4 65
v -1.44888878 4.38822842 65
v -1.29903805 4.75 65
v -1.06066012 5.06066036 65
v -0.75 5.29903793 65
v -0.38822857 5.44888878 65
v 0 5.5 65
v 0.38822857 5.44888878 65
v 0.75 5.29903793 65
v 1.06066012 5.06066036 65
v 1.29903805 4.75 65
v 1.44888878 4.38822842 65
v 1.5 4 65
v 1.44888878 3.61177135 65
v 1.29903805 3.25 65
v 1.06066012 2.93933988 65
v 0.75 2.70096183 65
v 0.38822857 2.55111122 65
v 0 2.5 65
v -0.38822857 2.55111122 65
v -0.75 2.70096183 65
v -1.06066012 2.93933988 65
v -1.29903805 3.25 65
v -1.44888878 3.61177135 65
v -5 -6 65.49793243
v -5 -6 62.47173309
v -7.00848532 -6 65.29826355
v -7.00941563 -6 62.26140213
v -9.00922298 -6 65.03193665
v -9.01023388 -6 61.98083496
v -11 -6 64.69924927
v -11 -6 61.63037872
v -5 6 62.47173309
v -5 3.00406241 62.70594025
v -5 6 65.49793243
v -5 3.00366831 65.7204895
v -5 -0 62.78408051
v -5 0 65.79473877
v -5 -3.00366831 65.7204895
v -5 -3.00406241 62.70594025
v -11 6 61.63037872
v -9.01023388 6 61.98083496
v -11 6 64.69924927
v -9.00922298 6 65.03193665
v -7.00941563 6 62.26140213
v -7.00848532 6 65.29826355
v -11 -3.00418305 61.86804962
v -11 -3.00376654 64.92475891
v -11 -0 61.94734573
v -11 0 65
v -11 3.00376654 64.92475891
v -11 3.00418305 61.86804962
v 2.89777756 -4.77645731 65
v 2.94333434 -4.57613754 65.75682068
v 3 -4 65
v 3 -4.00002718 65.79473877
v 2.94334483 -3.4239161 65.83262634
v 2.77204823 -5.14706087 65.71922302
v 2.59807611 -5.5 65
v 2.48973227 -5.67223835 65.68461609
v 2.12132025 -6.12132025 65
v 2.12231421 -6.12032604 65.65506744
v 1.67454612 -6.48818016 65.63080597
v 1.5 -6.59807634 65
v 1.14905035 -6.77122402 65.61212921
v 0.77645713 -6.89777756 65
v 0.57726496 -6.9431119 65.6007843
v 0 -7 65
v -1.354E-05 -7 65.59703064
v -0.5772928 -6.94310617 65.6007843
v -0.77645713 -6.89777756 65
v -1.14907694 -6.77121305 65.61212921
v -1.5 -6.59807634 65
v -1.67456961 -6.48816442 65.63080597
v -2.12132025 -6.12132025 65
v -2.12233329 -6.12030649 65.65507507
v -2.489748 -5.67221498 65.68461609
v -2.59807611 -5.5 65
v -2.7720592 -5.14703465 65.71922302
v -2.89777756 -4.77645731 65
v -2.94333982 -4.57610989 65.75682068
v -3 -4 65
v -3 -4 65.79473877
v -2.94333935 -3.42388844 65.83262634
v -2.89777756 -3.22354293 65
v -2.77205682 -2.85295987 65.87016296
v -2.59807611 -2.5 65
v -2.4897418 -2.32777572 65.90466309
v -2.12132025 -1.87867963 65
v -2.12232184 -1.87968171 65.93408203
v -1.67455101 -1.51182294 65.95822144
v -1.5 -1.40192378 65
v -1.14905274 -1.22877693 65.97679138
v -0.77645713 -1.10222256 65
v -0.57726556 -1.05688834 65.98806763
v 0 -1 65
v 1.354E-05 -1 65.99180603
v 0.57729346 -1.05689383 65.98806763
v 0.77645713 -1.10222256 65
v 1.14907932 -1.2287879 65.97679138
v 1.5 -1.40192378 65
v 1.67457449 -1.51183879 65.95822144
v 2.12132025 -1.87867963 65
v 2.12234092 -1.8797009 65.93408203
v 2.48975754 -2.32779932 65.90466309
v 2.59807611 -2.5 65
v 2.77206779 -2.85298634 65.87016296
v 2.89777756 -3.22354293 65
v 2.89777756 3.22354293 65
v 2.94334483 3.4239161 65.83262634
v 3 4 65
v 3 4.00002718 65.79473877
v 2.94333434 4.57613754 65.75682068
v 2.77206779 2.85298634 65.87016296
v 2.59807611 2.5 65
v 2.48975754 2.32779932 65.90466309
v 2.12132025 1.87867963 65
v 2.12234092 1.8797009 65.93408203
v 1.67457449 1.51183879 65.95822144
v 1.5 1.40192378 65
v 1.14907932 1.2287879 65.97679138
v 0.77645713 1.10222256 65
v 0.57729346 1.05689383 65.98806763
v 0 1 65
v 1.354E-05 1 65.99180603
v -0.57726556 1.05688834 65.98806763
v -0.77645713 1.10222256 65
v -1.14905274 1.22877693 65.97679138
v -1.5 1.40192378 65
v -1.67455101 1.51182294 65.95822144
v -2.12132025 1.87867963 65
v -2.12232184 1.87968171 65.93408203
v -2.4897418 2.32777572 65.90466309
v -2.59807611 2.5 65
v -2.77205682 2.85295987 65.87016296
v -2.89777756 3.22354293 65
v -2.94333935 3.42388844 65.83262634
v -3 4 65
v -3 4 65.79473877
v -2.94333982 4.57610989 65.75682068
v -2.89777756 4.77645731 65
v -2.7720592 5.14703465 65.71922302
v -2.59807611 5.5 65
v -2.489748 5.67221498 65.68461609
v -2.12132025 6.12132025 65
v -2.12233329 6.12030649 65.65507507
v -1.67456961 6.48816442 65.63080597
v -1.5 6.59807634 65
v -1.14907694 6.77121305 65.61212921
v -0.77645713 6.89777756 65
v -0.5772928 6.94310617 65.6007843
v 0 7 65
v -1.354E-05 7 65.59703064
v 0.57726496 6.9431119 65.6007843
v 0.77645713 6.89777756 65
v 1.14905035 6.77122402 65.61212921
v 1.5 6.59807634 65
v 1.67454612 6.48818016 65.63080597
v 2.12132025 6.12132025 65
v 2.12231421 6.12032604 65.65506744
v 2.48973227 5.67223835 65.68461609
v 2.59807611 5.5 65
v 2.77204823 5.14706087 65.71922302
v 2.89777756 4.77645731 65
v 3.66489291 -57.66774368 0
v 3.74257898 -60.6794281 0
v 0 -57.78408051 0
v -0 -60.79473495 0
v -3.74257898 -60.6794281 0
v 7.47096109 -60.33394241 0
v 7.31502867 -57.31919861 0
v 11.17100334 -59.75959015 0
v 10.935709 -56.73984909 0
v 14.8286705 -58.9585495 0
v 14.5123558 -55.93202591 0
v 18.43008614 -57.93385696 0
v 18.03056526 -54.89898682 0
v 21.96159172 -56.68940353 0
v 21.4761734 -53.64488602 0
v 25.40978813 -55.22990799 0
v 24.83530426 -52.1747818 0
v 28.76159859 -53.56090546 0
v 28.09443092 -50.49458313 0
v 32.00430298 -51.68872833 0
v 31.24043274 -48.6110611 0
v 35.12560654 -49.62047577 0
v 34.26063919 -46.53180313 0
v 38.11366653 -47.36399841 0
v 37.14289093 -44.26517487 0
v 40.95714951 -44.92785263 0
v 39.87557983 -41.82030487 0
v 43.64526749 -42.32128143 0
v 42.44770813 -39.20704269 0
v 46.16782379 -39.5541687 0
v 44.84891129 -36.43590546 0
v 48.51524734 -36.63701248 0
v 47.06952286 -33.51805496 0
v 50.67863846 -33.58088303 0
v 49.1006012 -30.46523857 0
v 52.6497879 -30.39736748 0
v 50.93397141 -27.28974915 0
v 54.42121506 -27.09854507 0
v 52.56224823 -24.00437546 0
v 55.98620987 -23.69692993 0
v 53.97887421 -20.62234306 0
v 57.33882523 -20.20542336 0
v 55.17815018 -17.15727043 0
v 58.47393799 -16.63726997 0
v 56.15523911 -13.62311363 0
v 59.38723755 -13.00600529 0
v 56.90621185 -10.03410053 0
v 60.07526016 -9.32540512 0
v 57.42804337 -6.40468359 0
v 60.53539658 -5.60943079 0
v 57.71863174 -2.74947739 0
v 60.76590347 -1.87217748 0
v 57.77680588 0.91680014 0
v 60.76590347 1.87217748 0
v 57.60233688 4.57938576 0
v 60.53539658 5.60943079 0
v 57.19592285 8.22353172 0
v 60.07526016 9.32540512 0
v 56.55920029 11.83456516 0
v 59.38723755 13.00600529 0
v 55.69473267 15.39794445 0
v 58.47393799 16.63726997 0
v 54.60600281 18.89932251 0
v 57.33882523 20.20542336 0
v 53.2973938 22.32459831 0
v 55.98620987 23.69692993 0
v 51.77417755 25.65998077 0
v 54.42121506 27.09854507 0
v 50.04248047 28.89204025 0
v 52.6497879 30.39736748 0
v 50.67863846 33.58088303 0
v 48.10928345 32.00776291 0
v 48.51524734 36.63701248 0
v 45.98236465 34.99459839 0
v 46.16782379 39.5541687 0
v 43.67029572 37.84052658 0
v 43.64526749 42.32128143 0
v 41.18237686 40.53408051 0
v 40.95714951 44.92785263 0
v 38.52863312 43.06442261 0
v 38.11366653 47.36399841 0
v 35.71974945 45.4213562 0
v 35.12560654 49.62047577 0
v 32.76703262 47.59539413 0
v 32.00430298 51.68872833 0
v 29.68237686 49.57778168 0
v 28.76159859 53.56090546 0
v 26.47819901 51.36053848 0
v 25.40978813 55.22990799 0
v 23.16740227 52.93648529 0
v 21.96159172 56.68940353 0
v 19.76331902 54.29927444 0
v 18.43008614 57.93385696 0
v 16.27965736 55.44342041 0
v 14.8286705 58.9585495 0
v 12.73044205 56.36431503 0
v 11.17100334 59.75959015 0
v 9.12996578 57.05825043 0
v 7.47096109 60.33394241 0
v 5.49272633 57.52243042 0
v 3.74257898 60.6794281 0
v 1.83336949 57.75498962 0
v 0 60.79473495 0
v -1.83336949 57.75498962 0
v -3.74257898 60.6794281 0
v -5.49272633 57.52243042 0
v -7.47096109 60.33394241 0
v -9.12996578 57.05825043 0
v -11.17100334 59.75959015 0
v -12.73044205 56.36431503 0
v -14.8286705 58.9585495 0
v -16.27965736 55.44342041 0
v -18.43008614 57.93385696 0
v -19.76331902 54.29927444 0
v -21.96159172 56.68940353 0
v -23.16740227 52.93648529 0
v -25.40978813 55.22990799 0
v -26.47819901 51.36053848 0
v -28.76159859 53.56090546 0
v -29.68237686 49.57778168 0
v -32.00430298 51.68872833 0
v -32.76703262 47.59539413 0
v -35.12560654 49.62047577 0
v -35.71974945 45.4213562 0
v -38.11366653 47.36399841 0
v -38.52863312 43.06442261 0
v -40.95714951 44.92785263 0
v -41.18237686 40.53408051 0
v -43.64526749 42.32128143 0
v -43.67029572 37.84052658 0
v -46.16782379 39.5541687 0
v -45.98236465 34.99459839 0
v -48.51524734 36.63701248 0
v -48.10928345 32.00776291 0
v -50.67863846 33.58088303 0
v -50.04248047 28.89204025 0
v -52.6497879 30.39736748 0
v -54.42121506 27.09854507 0
v -51.77417755 25.65998077 0
v -55.98620987 23.69692993 0
v -53.2973938 22.32459831 0
v -57.33882523 20.20542336 0
v -54.60600281 18.89932251 0
v -58.47393799 16.63726997 0
v -55.69473267 15.39794445 0
v -59.38723755 13.00600529 0
v -56.55920029 11.83456516 0
v -60.07526016 9.32540512 0
v -57.19592285 8.22353172 0
v -60.53539658 5.60943079 0
v -57.60233688 4.57938576 0
v -60.76590347 1.87217748 0
v -57.77680588 0.91680014 0
v -60.76590347 -1.87217748 0
v -57.71863174 -2.74947739 0
v -60.53539658 -5.60943079 0
v -57.42804337 -6.40468359 0
v -60.07526016 -9.32540512 0
v -56.90621185 -10.03410053 0
v -59.38723755 -13.00600529 0
v -56.15523911 -13.62311363 0
v -58.47393799 -16.63726997 0
v -55.17815018 -17.15727043 0
v -57.33882523 -20.20542336 0
v -53.97887421 -20.62234306 0
v -55.98620987 -23.69692993 0
v -52.56224823 -24.00437546 0
v -54.42121506 -27.09854507 0
v -50.93397141 -27.28974915 0
v -52.6497879 -30.39736748 0
v -49.1006012 -30.46523857 0
v -50.67863846 -33.58088303 0
v -47.06952286 -33.51805496 0
v -48.51524734 -36.63701248 0
v -44.84891129 -36.43590546 0
v -46.16782379 -39.5541687 0
v -42.44770813 -39.20704269 0
v -43.64526749 -42.32128143 0
v -39.87557983 -41.82030487 0
v -40.95714951 -44.92785263 0
v -37.14289093 -44.26517487 0
v -38.11366653 -47.36399841 0
v -34.26063919 -46.53180313 0
v -35.12560654 -49.62047577 0
v -31.24043274 -48.6110611 0
v -32.00430298 -51.68872833 0
v -28.09443092 -50.49458313 0
v -28.76159859 -53.56090546 0
v -24.83530426 -52.1747818 0
v -25.40978813 -55.22990799 0
v -21.4761734 -53.64488602 0
v -21.96159172 -56.68940353 0
v -18.03056526 -54.89898682 0
v -18.43008614 -57.93385696 0
v -14.5123558 -55.93202591 0
v -14.8286705 -58.9585495 0
v -10.935709 -56.73984909 0
v -11.17100334 -59.75959015 0
v -7.31502867 -57.31919861 0
v -7.47096109 -60.33394241 0
v -3.66489291 -57.66774368 0
v -3.66539907 -6.84115219 62.47837448
v -4.09191227 -6.5949049 62.47837448
v -4.50194836 -6.32210207 62.47837448
v -6.00529766 -9.67869473 61.87054825
v -6.60706806 -9.2783289 61.87054825
v -7.89451218 -12.72352695 61.03381729
v -8.68559361 -12.19721031 61.03381729
v -9.75195026 -15.71714687 59.97154617
v -10.72915936 -15.06699657 59.97154617
v -11.57013702 -18.64750481 58.68801117
v -12.72953987 -17.87613869 58.68801117
v -13.34175301 -21.50280571 57.1883812
v -14.67868423 -20.61332703 57.1883812
v -15.05966759 -24.27155685 55.47868729
v -16.56874466 -23.26754761 55.47868729
v -16.71696663 -26.9426136 53.56581879
v -18.39211655 -25.82811356 53.56581879
v -18.30697823 -29.50522423 51.45746613
v -20.14145851 -28.28471947 51.45746613
v -19.82330513 -31.9490757 49.16212463
v -21.80973053 -30.62747955 49.16212463
v -21.25984192 -34.26433182 46.68902588
v -23.39021683 -32.84696198 46.68902588
v -22.61080551 -36.44166946 44.04812622
v -24.8765564 -34.93423462 44.04812622
v -23.87075996 -38.47232819 41.25005722
v -26.26276588 -36.88089371 41.25005722
v -25.03463364 -40.3481369 38.30607986
v -27.5432682 -38.67910767 38.30607986
v -26.09774208 -42.06154251 35.2280426
v -28.71290779 -40.3216362 35.2280426
v -27.05580711 -43.60564423 32.02833557
v -29.7669754 -41.80186844 32.02833557
v -27.90496826 -44.97423553 28.71984291
v -30.7012291 -43.11384583 28.71984291
v -28.64181328 -46.16180038 25.3158741
v -31.51190948 -44.252285 25.3158741
v -29.26337242 -47.16356277 21.83013153
v -32.195755 -45.21260834 21.83013153
v -29.76714516 -47.97549057 18.27664948
v -32.75000763 -45.99095154 18.27664948
v -30.15110397 -48.59431458 14.66972733
v -33.17244339 -46.58417511 14.66972733
v -30.41370392 -49.01754379 11.02388191
v -33.4613533 -46.98989868 11.02388191
v -30.55388641 -49.24347305 7.35379219
v -33.61558533 -47.20648193 7.35379219
v -30.57108688 -49.27119827 3.67422867
v -33.63451004 -47.23306274 3.67422867
v 0.12313921 -7.76024151 62.47837448
v -0.36929366 -7.75242758 62.47837448
v -0.86023951 -7.7133975 62.47837448
v -0.54197603 -11.37747765 61.87054825
v -1.26248908 -11.32019711 61.87054825
v -0.71247697 -14.95673275 61.03381729
v -1.65965712 -14.88143158 61.03381729
v -0.88011014 -18.47578621 59.97154617
v -2.05014491 -18.38276863 59.97154617
v -1.0442009 -21.9204731 58.68801117
v -2.43238091 -21.81011391 58.68801117
v -1.20408857 -25.27692986 57.1883812
v -2.80482626 -25.14967155 57.1883812
v -1.35912979 -28.53164482 55.47868729
v -3.16598225 -28.38800049 55.47868729
v -1.50870049 -31.67152023 53.56581879
v -3.514395 -31.51206779 53.56581879
v -1.65219855 -34.68391418 51.45746613
v -3.8486619 -34.50929642 51.45746613
v -1.78904641 -37.55670547 49.16212463
v -4.16743803 -37.36762238 49.16212463
v -1.9186933 -40.27832794 46.68902588
v -4.46943998 -40.07554626 46.68902588
v -2.04061747 -42.83782959 44.04812622
v -4.7534523 -42.62216187 44.04812622
v -2.15432787 -45.22490692 41.25005722
v -5.01833153 -44.99721909 41.25005722
v -2.25936699 -47.42995071 38.30607986
v -5.26301146 -47.19116211 38.30607986
v -2.35531235 -49.44408798 35.2280426
v -5.48650789 -49.19515991 35.2280426
v -2.44177723 -51.25920868 32.02833557
v -5.68792105 -51.00114059 32.02833557
v -2.51841378 -52.86801147 28.71984291
v -5.86643982 -52.60184479 28.71984291
v -2.58491373 -54.2640152 25.3158741
v -6.02134609 -53.99082184 25.3158741
v -2.64100933 -55.44160461 21.83013153
v -6.15201616 -55.16248322 21.83013153
v -2.68647456 -56.39604187 18.27664948
v -6.2579236 -56.11211014 18.27664948
v -2.72112679 -57.12347794 14.66972733
v -6.33864307 -56.83588791 14.66972733
v -2.74482608 -57.62099075 11.02388191
v -6.39384937 -57.33089447 11.02388191
v -2.75747752 -57.88657761 7.35379219
v -6.42331982 -57.59514236 7.35379219
v -2.7590301 -57.91917038 3.67422867
v -6.42693615 -57.62757111 3.67422867
v 2.99850893 -7.15859318 62.47837448
v 2.53844595 -7.33435774 62.47837448
v 2.06816149 -7.48058987 62.47837448
v 3.7254281 -10.76391792 61.87054825
v 3.03523779 -10.97852707 61.87054825
v 4.89741516 -14.15015221 61.03381729
v 3.99009705 -14.43227577 61.03381729
v 6.04968977 -17.47943115 59.97154617
v 4.92889595 -17.82793427 59.97154617
v 7.17761421 -20.73835564 58.68801117
v 5.84785557 -21.15183449 58.68801117
v 8.27664852 -23.91380501 57.1883812
v 6.74327755 -24.39059639 57.1883812
v 9.34236908 -26.99300194 55.47868729
v 7.61155796 -27.53118706 55.47868729
v 10.37048626 -29.96355057 53.56581879
v 8.44920063 -30.56096077 53.56581879
v 11.35686111 -32.81349564 51.45746613
v 9.25283527 -33.46772766 51.45746613
v 12.29752445 -35.53136444 49.16212463
v 10.01922703 -36.23978424 49.16212463
v 13.18868923 -38.10621643 46.68902588
v 10.74529076 -38.86597443 46.68902588
v 14.02676964 -40.52769089 44.04812622
v 11.4281044 -41.33572769 44.04812622
v 14.80839157 -42.78603745 41.25005722
v 12.06491947 -43.63909912 41.25005722
v 15.53040886 -44.87216949 38.30607986
v 12.65317154 -45.76682663 38.30607986
v 16.1899147 -46.77768707 35.2280426
v 13.19049549 -47.71033478 35.2280426
v 16.78425598 -48.49492264 32.02833557
v 13.67472649 -49.46181107 32.02833557
v 17.31104088 -50.01696777 28.71984291
v 14.10391521 -51.01420212 28.71984291
v 17.76814651 -51.33768845 25.3158741
v 14.47633648 -52.36125565 25.3158741
v 18.15373611 -52.4517746 21.83013153
v 14.7904892 -53.49755096 21.83013153
v 18.46625519 -53.35473633 18.27664948
v 15.0451088 -54.41851807 18.27664948
v 18.70444489 -54.04294586 14.66972733
v 15.23917198 -55.12044907 14.66972733
v 18.86735153 -54.51362991 11.02388191
v 15.37189674 -55.60051727 11.02388191
v 18.95431328 -54.76489258 7.35379219
v 15.44274902 -55.85679245 7.35379219
v 18.96498489 -54.79572678 3.67422867
v 15.45144272 -55.888237 3.67422867
v 4.70026922 -6.17608166 62.47837448
v 4.29909468 -6.46175671 62.47837448
v 3.88060927 -6.72141266 62.47837448
v 6.30935955 -9.4832859 61.87054825
v 5.69518948 -9.86435795 61.87054825
v 8.29422855 -12.46664524 61.03381729
v 7.48684645 -12.96759796 61.03381729
v 10.24571323 -15.3998251 59.97154617
v 9.24836826 -16.01864433 59.97154617
v 12.15595818 -18.27102089 58.68801117
v 10.97266483 -19.00521278 58.68801117
v 14.01727581 -21.06867409 57.1883812
v 12.65279675 -21.91528511 57.1883812
v 15.82217216 -23.78152466 55.47868729
v 14.28199959 -24.73714828 55.47868729
v 17.5633831 -26.39865303 53.56581879
v 15.85371685 -27.45944405 53.56581879
v 19.23390198 -28.90952682 51.45746613
v 17.36162186 -30.07121277 51.45746613
v 20.82700348 -31.304039 49.16212463
v 18.79964638 -32.56194305 49.16212463
v 22.3362751 -33.57254791 46.68902588
v 20.16200066 -34.92161179 46.68902588
v 23.75564003 -35.7059288 44.04812622
v 21.44320297 -37.14071655 44.04812622
v 25.07938957 -37.69559097 41.25005722
v 22.63809586 -39.21033096 41.25005722
v 26.30219269 -39.53352737 38.30607986
v 23.74186707 -41.1221199 38.30607986
v 27.41912842 -41.21233749 35.2280426
v 24.7500782 -42.86839294 35.2280426
v 28.42570114 -42.7252655 32.02833557
v 25.65866852 -44.44211578 32.02833557
v 29.31785965 -44.06622314 28.71984291
v 26.46397972 -45.83695984 28.71984291
v 30.09201241 -45.22981262 25.3158741
v 27.16277504 -47.04730606 25.3158741
v 30.7450428 -46.2113533 21.83013153
v 27.75223732 -48.06828308 21.83013153
v 31.27432251 -47.00688553 18.27664948
v 28.22999573 -48.89578629 18.27664948
v 31.67772102 -47.6132164 14.66972733
v 28.59412766 -49.52648163 14.66972733
v 31.9536171 -48.0279007 11.02388191
v 28.84316635 -49.95782852 11.02388191
v 32.10089493 -48.24927139 7.35379219
v 28.97610855 -50.18809509 7.35379219
v 32.11896896 -48.27643585 3.67422867
v 28.9924221 -50.21635056 3.67422867
v 7.29315996 -2.65449309 62.47837448
v 7.11011791 -3.11170959 62.47837448
v 6.89844608 -3.55639625 62.47837448
v 10.43482208 -4.56675053 61.87054825
v 10.12417221 -5.2193737 61.87054825
v 13.71752644 -6.00341082 61.03381729
v 13.30914879 -6.86134291 61.03381729
v 16.94501686 -7.41590643 59.97154617
v 16.44055557 -8.47569561 59.97154617
v 20.10430336 -8.79855251 58.68801117
v 19.5057869 -10.05593204 58.68801117
v 23.18266678 -10.14578438 57.1883812
v 22.49250793 -11.59569359 57.1883812
v 26.16772079 -11.45217896 55.47868729
v 25.38869476 -13.08878231 55.47868729
v 29.04744911 -12.71247864 53.56581879
v 28.18269157 -14.5291872 53.56581879
v 31.81025887 -13.92160892 51.45746613
v 30.86325073 -15.91111183 51.45746613
v 34.44503021 -15.07470512 49.16212463
v 33.41958618 -17.22899437 49.16212463
v 36.94115829 -16.16712379 46.68902588
v 35.84140396 -18.47752762 46.68902588
v 39.28860092 -17.19446945 44.04812622
v 38.11895752 -19.65168953 44.04812622
v 41.47790146 -18.15260696 41.25005722
v 40.24308395 -20.74675179 41.25005722
v 43.50025177 -19.03767967 38.30607986
v 42.2052269 -21.7583065 38.30607986
v 45.34751129 -19.84612465 35.2280426
v 43.99749374 -22.6822834 35.2280426
v 47.01224518 -20.57468605 32.02833557
v 45.61266708 -23.51496506 32.02833557
v 48.48775101 -21.2204361 28.71984291
v 47.04424667 -24.25299644 28.71984291
v 49.76809311 -21.78077126 25.3158741
v 48.28647232 -24.89340782 25.3158741
v 50.84811783 -22.25343895 21.83013153
v 49.33434296 -25.43362236 21.83013153
v 51.72347641 -22.63653374 18.27664948
v 50.18364334 -25.87146568 18.27664948
v 52.39064407 -22.92851639 14.66972733
v 50.83094788 -26.2051754 14.66972733
v 52.84693527 -23.12821198 11.02388191
v 51.27365494 -26.43340683 11.02388191
v 53.09051895 -23.23481369 7.35379219
v 51.50998688 -26.55524445 7.35379219
v 53.1204071 -23.24789429 3.67422867
v 51.53898621 -26.57019424 3.67422867
v 7.57052374 1.70987821 62.47837448
v 7.66372919 1.22628331 62.47837448
v 7.72607517 0.73775071 62.47837448
v 11.24730301 1.79969573 61.87054825
v 11.33880234 1.08272433 61.87054825
v 14.78560638 2.36586428 61.03381729
v 14.90589046 1.42333996 61.03381729
v 18.26439667 2.92251015 59.97154617
v 18.41298103 1.75822663 59.97154617
v 21.66967201 3.46739268 58.68801117
v 21.84596062 2.08603621 58.68801117
v 24.98772621 3.99831891 57.1883812
v 25.19100761 2.40544939 57.1883812
v 28.20520401 4.51315165 55.47868729
v 28.43465805 2.71518064 55.47868729
v 31.3091526 5.00981903 53.56581879
v 31.56385994 3.01398325 53.56581879
v 34.28708267 5.48632097 51.45746613
v 34.56601715 3.30065417 51.45746613
v 37.12700272 5.94074106 49.16212463
v 37.429039 3.57404017 49.16212463
v 39.81748962 6.37124872 46.68902588
v 40.14141083 3.83304024 46.68902588
v 42.34770584 6.77611208 44.04812622
v 42.69221497 4.076612 44.04812622
v 44.70746994 7.15370131 41.25005722
v 45.07117462 4.30377531 41.25005722
v 46.88728714 7.50249624 38.30607986
v 47.26872635 4.51361609 38.30607986
v 48.87837982 7.82109356 35.2280426
v 49.27601624 4.70528889 35.2280426
v 50.67273331 8.10821056 32.02833557
v 51.08496857 4.87802267 32.02833557
v 52.26312637 8.36269188 28.71984291
v 52.68830109 5.03112268 28.71984291
v 53.64315796 8.58351231 25.3158741
v 54.07955933 5.1639719 25.3158741
v 54.80727768 8.76978397 21.83013153
v 55.25314713 5.27603579 21.83013153
v 55.75078964 8.92075729 18.27664948
v 56.20433426 5.36686325 18.27664948
v 56.46990585 9.03582382 14.66972733
v 56.92930222 5.43608904 14.66972733
v 56.96172714 9.11452103 11.02388191
v 57.42512512 5.4834342 11.02388191
v 57.22427368 9.15653133 7.35379219
v 57.68980789 5.50870848 7.35379219
v 57.25649261 9.1616869 3.67422867
v 57.72228622 5.51180983 3.67422867
v 6.10072994 4.79766703 62.47837448
v 6.39273405 4.40107536 62.47837448
v 6.65899658 3.98676252 62.47837448
v 9.38198853 6.45902681 61.87054825
v 9.77275658 5.85098028 61.87054825
v 12.33347988 8.49098015 61.03381729
v 12.84718037 7.69164753 61.03381729
v 15.23532867 10.48875713 59.97154617
v 15.86989307 9.50135517 59.97154617
v 18.07585526 12.44431591 58.68801117
v 18.82872963 11.27281952 58.68801117
v 20.84362411 14.3497858 57.1883812
v 21.71177864 12.9989109 57.1883812
v 23.52749634 16.19749832 55.47868729
v 24.50743675 14.67268085 55.47868729
v 26.11667061 17.98001289 53.56581879
v 27.20445251 16.28739166 53.56581879
v 28.60072327 19.69015884 51.45746613
v 29.79196739 17.83654594 51.45746613
v 30.9696579 21.32105064 49.16212463
v 32.25957108 19.31390762 49.16212463
v 33.21393585 22.8661232 46.68902588
v 34.59732437 20.71352768 46.68902588
v 35.32452774 24.31916046 44.04812622
v 36.79582596 22.02977753 44.04812622
v 37.29293823 25.67431068 41.25005722
v 38.84621811 23.25735474 41.25005722
v 39.11124039 26.92612076 38.30607986
v 40.74025726 24.39132118 38.30607986
v 40.77211761 28.06955147 35.2280426
v 42.47031403 25.42711067 35.2280426
v 42.26888657 29.10000229 32.02833557
v 44.02942276 26.36055565 32.02833557
v 43.59552383 30.01332283 28.71984291
v 45.4113121 27.18789673 28.71984291
v 44.74668121 30.80583763 25.3158741
v 46.61042023 27.90580559 25.3158741
v 45.71773529 31.47435951 21.83013153
v 47.62191772 28.51139259 21.83013153
v 46.50477219 32.01619339 18.27664948
v 48.44173431 29.00222015 18.27664948
v 47.1046257 32.42916489 14.66972733
v 49.0665741 29.37631226 14.66972733
v 47.51488113 32.71160507 11.02388191
v 49.49391556 29.632164 11.02388191
v 47.73388672 32.86237717 7.35379219
v 49.72204208 29.76874542 7.35379219
v 47.76076126 32.88087845 3.67422867
v 49.75003433 29.78550339 3.67422867
v 3.44649816 6.95400333 62.47837448
v 3.88060927 6.72141266 62.47837448
v 4.29909468 6.46175671 62.47837448
v 5.69518948 9.86435795 61.87054825
v 6.30935955 9.4832859 61.87054825
v 7.48684645 12.96759796 61.03381729
v 8.29422855 12.46664524 61.03381729
v 9.24836826 16.01864433 59.97154617
v 10.24571323 15.3998251 59.97154617
v 10.97266483 19.00521278 58.68801117
v 12.15595818 18.27102089 58.68801117
v 12.65279675 21.91528511 57.1883812
v 14.01727581 21.06867409 57.1883812
v 14.28199959 24.73714828 55.47868729
v 15.82217216 23.78152466 55.47868729
v 15.85371685 27.45944405 53.56581879
v 17.5633831 26.39865303 53.56581879
v 17.36162186 30.07121277 51.45746613
v 19.23390198 28.90952682 51.45746613
v 18.79964638 32.56194305 49.16212463
v 20.82700348 31.304039 49.16212463
v 20.16200066 34.92161179 46.68902588
v 22.3362751 33.57254791 46.68902588
v 21.44320297 37.14071655 44.04812622
v 23.75564003 35.7059288 44.04812622
v 22.63809586 39.21033096 41.25005722
v 25.07938957 37.69559097 41.25005722
v 23.74186707 41.1221199 38.30607986
v 26.30219269 39.53352737 38.30607986
v 24.7500782 42.86839294 35.2280426
v 27.41912842 41.21233749 35.2280426
v 25.65866852 44.44211578 32.02833557
v 28.42570114 42.7252655 32.02833557
v 26.46397972 45.83695984 28.71984291
v 29.31785965 44.06622314 28.71984291
v 27.16277504 47.04730606 25.3158741
v 30.09201241 45.22981262 25.3158741
v 27.75223732 48.06828308 21.83013153
v 30.7450428 46.2113533 21.83013153
v 28.22999573 48.89578629 18.27664948
v 31.27432251 47.00688553 18.27664948
v 28.59412766 49.52648163 14.66972733
v 31.67772102 47.6132164 14.66972733
v 28.84316635 49.95782852 11.02388191
v 31.9536171 48.0279007 11.02388191
v 28.97610855 50.18809509 7.35379219
v 32.10089493 48.24927139 7.35379219
v 28.9924221 50.21635056 3.67422867
v 32.11896896 48.27643585 3.67422867
v 0.12313921 7.76024151 62.47837448
v 0.61507624 7.73680782 62.47837448
v 1.10453653 7.68222046 62.47837448
v 0.90268707 11.35455418 61.87054825
v 1.62101996 11.27444172 61.87054825
v 1.18666446 14.92659664 61.03381729
v 2.13097858 14.82128239 61.03381729
v 1.46586561 18.43856049 59.97154617
v 2.63235998 18.30846596 59.97154617
v 1.7391665 21.87630653 58.68801117
v 3.12314606 21.72195816 58.68801117
v 2.00546718 25.22600174 57.1883812
v 3.60136127 25.0480175 57.1883812
v 2.26369572 28.47415924 55.47868729
v 4.06508112 28.27325821 55.47868729
v 2.51281285 31.60770607 53.56581879
v 4.5124383 31.38469887 53.56581879
v 2.75181556 34.61403275 51.45746613
v 4.94163322 34.36981201 51.45746613
v 2.97974229 37.48103333 49.16212463
v 5.35093737 37.21658707 49.16212463
v 3.19567537 40.19717407 46.68902588
v 5.73870373 39.91356277 46.68902588
v 3.39874578 42.75151825 44.04812622
v 6.1033721 42.44988632 44.04812622
v 3.5881362 45.13378525 41.25005722
v 6.44347382 44.81534195 41.25005722
v 3.76308393 47.33438873 38.30607986
v 6.75763988 47.00041962 38.30607986
v 3.92288518 49.34446716 35.2280426
v 7.04460669 48.996315 35.2280426
v 4.06689644 51.15592957 32.02833557
v 7.30321836 50.79499817 32.02833557
v 4.19453859 52.76148987 28.71984291
v 7.53243399 52.38923264 28.71984291
v 4.30529737 54.15468216 25.3158741
v 7.73133183 53.77259445 25.3158741
v 4.39872742 55.32989883 21.83013153
v 7.89911032 54.93951797 21.83013153
v 4.47445202 56.28241348 18.27664948
v 8.03509426 55.88531113 18.27664948
v 4.53216648 57.0083847 14.66972733
v 8.13873672 56.60615921 14.66972733
v 4.57163906 57.50489426 11.02388191
v 8.20962048 57.09916687 11.02388191
v 4.59271097 57.76994705 7.35379219
v 8.24746037 57.36235046 7.35379219
v 4.59529638 57.80247116 3.67422867
v 8.25210381 57.39464188 3.67422867
v -2.76987195 7.25012589 62.47837448
v -2.30446386 7.41120481 62.47837448
v -1.82977664 7.54244184 62.47837448
v -3.38203549 10.87669849 61.87054825
v -2.68538356 11.06930161 61.87054825
v -4.44599438 14.29841232 61.03381729
v -3.53018188 14.55160809 61.03381729
v -5.4920578 17.66257477 59.97154617
v -4.3607707 17.9753418 59.97154617
v -6.51601553 20.95564461 58.68801117
v -5.17380762 21.32672501 58.68801117
v -7.51374626 24.16436768 57.1883812
v -5.96601963 24.59226799 57.1883812
v -8.4812336 27.27582741 55.47868729
v -6.73421812 27.7588253 55.47868729
v -9.41458321 30.27750015 53.56581879
v -7.4753108 30.81365204 53.56581879
v -10.31003857 33.15730286 51.45746613
v -8.18631554 33.74444962 51.45746613
v -11.1639967 35.90364838 49.16212463
v -8.86436939 36.53942871 49.16212463
v -11.97301769 38.50548172 46.68902588
v -9.50674438 39.18733215 46.68902588
v -12.73384762 40.95232391 44.04812622
v -10.1108532 41.67750549 44.04812622
v -13.44342327 43.23433685 41.25005722
v -10.67426682 43.99992371 41.25005722
v -14.0988884 45.3423233 38.30607986
v -11.19471455 46.1452446 38.30607986
v -14.69760513 47.26781082 35.2280426
v -11.67010403 48.10482407 35.2280426
v -15.23716259 49.00304031 32.02833557
v -12.09852028 49.87078094 32.02833557
v -15.71539021 50.54102707 28.71984291
v -12.47824001 51.43600464 28.71984291
v -16.13036156 51.87558746 25.3158741
v -12.80773354 52.79419708 25.3158741
v -16.48040962 53.00134659 21.83013153
v -13.08567619 53.93989182 21.83013153
v -16.76412201 53.91377258 18.27664948
v -13.31094742 54.86847305 18.27664948
v -16.98035812 54.60919189 14.66972733
v -13.48264217 55.57620621 14.66972733
v -17.12824631 55.08480835 11.02388191
v -13.60006809 56.06024551 11.02388191
v -17.20719528 55.33870316 7.35379219
v -13.66275311 56.31863785 7.35379219
v -17.21688271 55.36985779 3.67422867
v -13.67044544 56.35034561 3.67422867
v -4.893857 6.02384233 62.47837448
v -4.50194836 6.32210207 62.47837448
v -4.09191227 6.5949049 62.47837448
v -6.60706806 9.2783289 61.87054825
v -6.00529766 9.67869473 61.87054825
v -8.68559361 12.19721031 61.03381729
v -7.89451218 12.72352695 61.03381729
v -10.72915936 15.06699657 59.97154617
v -9.75195026 15.71714687 59.97154617
v -12.72953987 17.87613869 58.68801117
v -11.57013702 18.64750481 58.68801117
v -14.67868423 20.61332703 57.1883812
v -13.34175301 21.50280571 57.1883812
v -16.56874466 23.26754761 55.47868729
v -15.05966759 24.27155685 55.47868729
v -18.39211655 25.82811356 53.56581879
v -16.71696663 26.9426136 53.56581879
v -20.14145851 28.28471947 51.45746613
v -18.30697823 29.50522423 51.45746613
v -21.80973053 30.62747955 49.16212463
v -19.82330513 31.9490757 49.16212463
v -23.39021683 32.84696198 46.68902588
v -21.25984192 34.26433182 46.68902588
v -24.8765564 34.93423462 44.04812622
v -22.61080551 36.44166946 44.04812622
v -26.26276588 36.88089371 41.25005722
v -23.87075996 38.47232819 41.25005722
v -27.5432682 38.67910767 38.30607986
v -25.03463364 40.3481369 38.30607986
v -28.71290779 40.3216362 35.2280426
v -26.09774208 42.06154251 35.2280426
v -29.7669754 41.80186844 32.02833557
v -27.05580711 43.60564423 32.02833557
v -30.7012291 43.11384583 28.71984291
v -27.90496826 44.97423553 28.71984291
v -31.51190948 44.252285 25.3158741
v -28.64181328 46.16180038 25.3158741
v -32.195755 45.21260834 21.83013153
v -29.26337242 47.16356277 21.83013153
v -32.75000763 45.99095154 18.27664948
v -29.76714516 47.97549057 18.27664948
v -33.17244339 46.58417511 14.66972733
v -30.15110397 48.59431458 14.66972733
v -33.4613533 46.98989868 11.02388191
v -30.41370392 49.01754379 11.02388191
v -33.61558533 47.20648193 7.35379219
v -30.55388641 49.24347305 7.35379219
v -33.63451004 47.23306274 3.67422867
v -30.57108688 49.27119827 3.67422867
v -7.18223381 8.84060192 61.87054825
v -4.893857 -6.02384233 62.47837448
v -7.72847939 8.3672781 61.87054825
v -8.24360466 7.86026144 61.87054825
v -8.72553635 7.32159472 61.87054825
v -11.4705143 9.62490368 61.03381729
v -12.05786896 8.87802124 61.03381729
v -14.89487171 10.96686172 59.97154617
v -15.56044483 10.0000906 59.97154617
v -18.461586 11.86454105 58.68801117
v -19.17691231 10.66974735 58.68801117
v -22.11327553 12.30349636 57.1883812
v -22.84909058 10.87621498 57.1883812
v -25.79119301 12.27666187 55.47868729
v -26.51790047 10.61616611 55.47868729
v -29.43616486 11.78446293 53.56581879
v -30.12431717 9.89377975 53.56581879
v -32.98955154 10.83481407 51.45746613
v -33.61032104 8.72067356 51.45746613
v -36.39418793 9.44298649 49.16212463
v -36.91982651 7.11571312 49.16212463
v -39.59529495 7.63136768 46.68902588
v -39.99958801 5.10471439 46.68902588
v -42.54137802 5.42909527 44.04812622
v -42.80006027 2.72002387 44.04812622
v -45.18503571 2.87159348 41.25005722
v -45.27619171 0 41.25005722
v -47.48373413 0 38.30607986
v -47.388134 -3.01160455 38.30607986
v -49.40049744 -3.13949394 35.2280426
v -49.10191727 -6.26634598 35.2280426
v -50.90447617 -6.49638748 32.02833557
v -50.38996506 -9.71186924 32.02833557
v -51.97148514 -10.01668262 28.71984291
v -51.23155212 -13.29275131 28.71984291
v -52.58434296 -13.6437521 25.3158741
v -51.61313629 -16.95138741 25.3158741
v -52.73319626 -17.31925201 21.83013153
v -51.52857208 -20.62892914 21.83013153
v -52.4156456 -20.98405838 18.27664948
v -50.97922516 -24.26621628 18.27664948
v -51.63679123 -24.57921982 14.66972733
v -49.97391891 -27.80474281 14.66972733
v -50.40916443 -28.04690552 11.02388191
v -48.52883148 -31.18758583 11.02388191
v -48.75251007 -31.33133507 7.35379219
v -46.66719818 -34.36032867 7.35379219
v -46.69347 -34.379673 3.67422867
v -44.4189682 -37.27194214 3.67422867
v -41.96560669 -40.01412582 3.67422867
v -39.34326172 -42.59518814 3.67422867
v -36.5625 -45.00473404 3.67422867
v -9.17233372 6.7534461 61.87054825
v -12.59667206 8.09538937 61.03381729
v -16.1633625 8.99305248 59.97154617
v -19.81502151 9.43199158 58.68801117
v -23.49290085 9.40513897 57.1883812
v -27.13783073 8.91292286 55.47868729
v -30.69116974 7.96325827 53.56581879
v -34.0957489 6.57141733 51.45746613
v -37.29679871 4.75978661 49.16212463
v -40.24281693 2.55750632 46.68902588
v -42.88640594 0 44.04812622
v -45.18503571 -2.87159348 41.25005722
v -47.1017189 -6.01108265 38.30607986
v -48.60562134 -9.3679657 35.2280426
v -49.6725502 -12.88824558 32.02833557
v -50.28532791 -16.51529503 28.71984291
v -50.43409729 -20.19076729 25.3158741
v -50.11646271 -23.85554123 21.83013153
v -49.33752823 -27.45066261 18.27664948
v -48.10982132 -30.91830444 14.66972733
v -46.45308685 -34.2026825 11.02388191
v -44.3939743 -37.25096893 7.35379219
v -9.58219624 6.15810394 61.87054825
v -13.08475208 7.28016043 61.03381729
v -16.70119476 7.94980335 59.97154617
v -20.37334061 8.15625477 58.68801117
v -24.04211235 7.89619112 57.1883812
v -27.64848518 7.17379093 55.47868729
v -31.13443947 6.00067139 53.56581879
v -34.44388962 4.39570093 51.45746613
v -37.5235939 2.38469458 49.16212463
v -40.32400131 0 46.68902588
v -42.80006027 -2.72002387 44.04812622
v -44.9119339 -5.73162413 41.25005722
v -46.62564087 -8.98635578 38.30607986
v -47.91361237 -12.43186474 35.2280426
v -48.75511932 -16.01272583 32.02833557
v -49.13662338 -19.67133522 28.71984291
v -49.05197906 -23.34884453 25.3158741
v -48.50255203 -26.98609352 21.83013153
v -47.49716568 -30.52457619 18.27664948
v -46.05200195 -33.90736771 14.66972733
v -44.19029236 -37.08005905 11.02388191
v -41.94199371 -39.99161148 7.35379219
v -13.90109634 5.56515932 61.03381729
v -13.52014446 6.43561697 61.03381729
v -11.18453979 2.15564346 61.87054825
v -14.49376678 3.76061273 61.03381729
v -14.22607327 4.67229271 61.03381729
v -17.90389252 4.64541817 59.97154617
v -17.57321548 5.77160025 59.97154617
v -21.2419529 5.51152563 58.68801117
v -20.84962463 6.84767675 58.68801117
v -24.49451637 6.35544872 57.1883812
v -11.18453979 -2.15564346 61.87054825
v -11.29874134 -1.44193602 61.87054825
v -11.3674469 -0.72242248 61.87054825
v -14.85322666 -1.89555645 61.03381729
v -14.94354534 -0.94969028 61.03381729
v -18.34792709 -2.34154725 59.97154617
v -18.45949745 -1.17313552 59.97154617
v -21.76877594 -2.77811313 58.68801117
v -21.90114784 -1.39185882 58.68801117
v -25.102005 -3.20349717 57.1883812
v -25.25464439 -1.60497987 57.1883812
v -28.33419609 -3.61598682 55.47868729
v -28.50649071 -1.81164074 55.47868729
v -31.45234108 -4.01392174 53.56581879
v -31.64359665 -2.01100969 53.56581879
v -34.44388962 -4.39570093 51.45746613
v -34.65333557 -2.20228434 51.45746613
v -37.29679871 -4.75978661 49.16212463
v -37.5235939 -2.38469458 49.16212463
v -39.99958801 -5.10471439 46.68902588
v -40.24281693 -2.55750632 46.68902588
v -42.54137802 -5.42909527 44.04812622
v -14.22607327 -4.67229271 61.03381729
v -14.49376678 -3.76061273 61.03381729
v -14.7030983 -2.83379006 61.03381729
v -9.58219624 -6.15810394 61.87054825
v -12.59667206 -8.09538937 61.03381729
v -13.08475208 -7.28016043 61.03381729
v -15.56044483 -10.0000906 59.97154617
v -16.1633625 -8.99305248 59.97154617
v -18.461586 -11.86454105 58.68801117
v -19.17691231 -10.66974735 58.68801117
v -21.28841972 -13.68123627 57.1883812
v -22.11327553 -12.30349636 57.1883812
v -24.02956581 -15.44286346 55.47868729
v -24.96063232 -13.88772297 55.47868729
v -26.67399025 -17.14233208 53.56581879
v -27.70752144 -15.41605091 53.56581879
v -29.21105194 -18.77280426 51.45746613
v -30.34288597 -16.88232803 51.45746613
v -31.63053894 -20.32771301 49.16212463
v -32.85611725 -18.280653 49.16212463
v -33.92271042 -21.80080223 46.68902588
v -35.23710632 -19.60539818 46.68902588
v -36.07834244 -23.18614197 44.04812622
v -37.47626114 -20.85123062 44.04812622
v -38.08875656 -24.47815704 41.25005722
v -39.56457138 -22.01313591 41.25005722
v -39.945858 -25.67164612 38.30607986
v -41.49363327 -23.08643723 38.30607986
v -41.6421814 -26.76180458 35.2280426
v -43.25568008 -24.06681442 35.2280426
v -43.17089081 -27.74424553 32.02833557
v -44.8436203 -24.9503212 32.02833557
v -44.52583313 -28.61501694 28.71984291
v -46.2510643 -25.73340225 28.71984291
v -45.70156097 -29.37060928 25.3158741
v -47.47234726 -26.41290474 25.3158741
v -46.69333649 -30.00798416 21.83013153
v -9.17233372 -6.7534461 61.87054825
v -8.72553635 -7.32159472 61.87054825
v -8.24360466 -7.86026144 61.87054825
v -10.83697128 -10.3330307 61.03381729
v -10.15979099 -10.99955082 61.03381729
v -12.55021 -13.58754921 59.97154617
v -11.66316605 -14.35617638 59.97154617
v -13.83768654 -17.03279114 58.68801117
v -7.72847939 -8.3672781 61.87054825
v -9.44170189 -11.62177849 61.03381729
v 0.91998547 -57.97754669 3.67422867
v 4.59529638 -57.80247116 3.67422867
v 8.25210381 -57.39464188 3.67422867
v 11.87568283 -56.7557106 3.67422867
v -10.06896305 -57.1039238 3.67422867
v -13.67044544 -56.35034561 3.67422867
v -17.21688271 -55.36985779 3.67422867
v -20.69399261 -54.16641998 3.67422867
v -24.08777618 -52.74486923 3.67422867
v -27.38456535 -51.11093903 3.67422867
v -48.77995682 -31.34897423 3.67422867
v -50.64151001 -28.17617989 7.35379219
v -52.08652115 -24.79329109 11.02388191
v -53.09173965 -21.25472641 14.66972733
v -53.64100647 -17.61740494 18.27664948
v -53.72548294 -13.9398365 21.83013153
v -53.34381485 -10.28117752 25.3158741
v -52.50214386 -6.70028067 28.71984291
v -51.21401596 -3.25474668 32.02833557
v -49.5001564 0 35.2280426
v -47.388134 3.01160455 38.30607986
v -44.9119339 5.73162413 41.25005722
v -42.11139297 8.11630535 44.04812622
v -39.03156662 10.12729168 46.68902588
v -35.72200394 11.73223686 49.16212463
v -32.23594666 12.90532684 51.45746613
v -28.62948418 13.62769413 53.56581879
v -24.96063232 13.88772297 55.47868729
v -21.28841972 13.68123627 57.1883812
v -17.67192078 13.01156044 58.68801117
v -14.16932201 11.88947296 59.97154617
v -10.83697128 10.3330307 61.03381729
v -50.67002106 -28.1920433 3.67422867
v -52.32659531 -24.90756798 7.35379219
v -53.554142 -21.43984413 11.02388191
v -54.33290863 -17.84464836 14.66972733
v -54.65037537 -14.17981339 18.27664948
v -54.50143433 -10.50429058 21.83013153
v -53.88848877 -6.87720442 25.3158741
v -52.82139969 -3.35689878 28.71984291
v -51.31733704 0 32.02833557
v -49.40049744 3.13949394 35.2280426
v -47.1017189 6.01108265 38.30607986
v -44.45798874 8.56857491 41.25005722
v -41.51184082 10.77083492 44.04812622
v -38.31066895 12.58243752 46.68902588
v -34.90597916 13.97424603 49.16212463
v -31.35253906 14.9238739 51.45746613
v -27.70752144 15.41605091 53.56581879
v -24.02956581 15.44286346 55.47868729
v -20.37784195 15.00388622 57.1883812
v -16.8110981 14.10618591 58.68801117
v -13.3867178 12.76420975 59.97154617
v -10.15979099 10.99955082 61.03381729
v -52.35605621 -24.92159081 3.67422867
v -53.80098343 -21.53866386 7.35379219
v -54.80611801 -18.00006485 11.02388191
v -55.35529709 -14.36271477 14.66972733
v -55.43968582 -10.68512344 18.27664948
v -55.05792999 -7.02644777 21.83013153
v -54.21617508 -3.44553924 25.3158741
v -52.92795944 0 28.71984291
v -51.21401596 3.25474668 32.02833557
v -49.10191727 6.26634598 35.2280426
v -46.62564087 8.98635578 38.30607986
v -43.82502747 11.37102413 41.25005722
v -40.74513626 13.38199329 44.04812622
v -37.43551254 14.9869175 46.68902588
v -33.94939804 16.15998459 49.16212463
v -30.34288597 16.88232803 51.45746613
v -26.67399025 17.14233208 53.56581879
v -23.0017395 16.93582153 55.47868729
v -19.38520813 16.26612091 57.1883812
v -15.88258266 15.1440115 58.68801117
v -12.55021 13.58754921 59.97154617
v -9.44170189 11.62177849 61.03381729
v -53.83127213 -21.55079079 3.67422867
v -55.05873108 -18.0830307 7.35379219
v -55.83740997 -14.48780632 11.02388191
v -56.15478897 -10.82294846 14.66972733
v -56.00576019 -7.14740896 18.27664948
v -55.3927269 -3.52031136 21.83013153
v -54.32555008 0 25.3158741
v -52.82139969 3.35689878 28.71984291
v -50.90447617 6.49638748 32.02833557
v -48.60562134 9.3679657 35.2280426
v -45.9618187 11.9254446 38.30607986
v -43.01560211 14.12768555 41.25005722
v -39.81436539 15.93926716 44.04812622
v -36.40961075 17.33105087 46.68902588
v -32.85611725 18.280653 49.16212463
v -29.21105194 18.77280426 51.45746613
v -25.53305435 18.79958916 53.56581879
v -21.88129234 18.36058426 55.47868729
v -18.31451797 17.4628582 57.1883812
v -14.89011288 16.12085724 58.68801117
v -11.66316605 14.35617638 59.97154617
v -55.08972549 -18.09321213 3.67422867
v -56.09477615 -14.55458355 7.35379219
v -56.64386368 -10.91720963 11.02388191
v -56.72816467 -7.23960161 14.66972733
v -56.34631729 -3.58091402 18.27664948
v -55.50447464 0 21.83013153
v -54.21617508 3.44553924 25.3158741
v -52.50214386 6.70028067 28.71984291
v -50.38996506 9.71186924 32.02833557
v -47.91361237 12.43186474 35.2280426
v -45.11292648 14.81651306 38.30607986
v -42.0329628 16.82745934 41.25005722
v -38.72327423 18.4323597 44.04812622
v -35.23710632 19.60539818 46.68902588
v -31.63053894 20.32771301 49.16212463
v -27.96159554 20.58768654 51.45746613
v -24.28930283 20.38114548 53.56581879
v -20.67273903 19.71141624 55.47868729
v -17.17008209 18.58927917 57.1883812
v -13.83768654 17.03279114 58.68801117
v -56.12635422 -14.56277752 3.67422867
v -56.90494537 -10.9675293 7.35379219
v -57.22223282 -7.30265427 11.02388191
v -57.0731163 -3.62710333 14.66972733
v -56.45999146 0 18.27664948
v -55.3927269 3.52031136 21.83013153
v -53.88848877 6.87720442 25.3158741
v -51.97148514 10.01668262 28.71984291
v -49.6725502 12.88824558 32.02833557
v -47.02866745 15.44570446 35.2280426
v -44.08237839 17.64792061 38.30607986
v -40.881073 19.45947647 41.25005722
v -37.47626114 20.85123062 44.04812622
v -33.92271042 21.80080223 46.68902588
v -30.27759361 22.29291916 49.16212463
v -26.59954834 22.31967163 51.45746613
v -22.94775009 21.88063431 53.56581879
v -19.38094139 20.98287773 55.47868729
v -15.95650864 19.64084625 57.1883812
v -56.93698502 -10.97370434 3.67422867
v -57.48598099 -7.33631372 7.35379219
v -57.57019043 -3.65869331 11.02388191
v -57.18825531 0 14.66972733
v -56.34631729 3.58091402 18.27664948
v -55.05792999 7.02644777 21.83013153
v -53.34381485 10.28117752 25.3158741
v -51.23155212 13.29275131 28.71984291
v -48.75511932 16.01272583 32.02833557
v -45.95435715 18.3973484 35.2280426
v -42.8743248 20.40826797 38.30607986
v -39.56457138 22.01313591 41.25005722
v -36.07834244 23.18614197 44.04812622
v -32.47172165 23.90842056 46.68902588
v -28.80273056 24.16835976 49.16212463
v -25.13039398 23.96178246 51.45746613
v -21.51379204 23.29201889 53.56581879
v -18.01110649 22.16984749 55.47868729
v -57.51834488 -7.34044409 3.67422867
v -57.83554077 -3.6755569 7.35379219
v -57.6863327 0 11.02388191
v -57.0731163 3.62710333 14.66972733
v -56.00576019 7.14740896 18.27664948
v -54.50143433 10.50429058 21.83013153
v -52.58434296 13.6437521 25.3158741
v -50.28532791 16.51529503 28.71984291
v -47.64136887 19.0727272 32.02833557
v -44.69500351 21.2749157 35.2280426
v -41.49363327 23.08643723 38.30607986
v -38.08875656 24.47815704 41.25005722
v -34.53514862 25.42769051 44.04812622
v -30.88997841 25.91976929 46.68902588
v -27.21188927 25.94648361 49.16212463
v -23.56004906 25.50740814 51.45746613
v -19.99320793 24.60961342 53.56581879
v -57.86810303 -3.67762613 3.67422867
v -57.9522171 0 7.35379219
v -57.57019043 3.65869331 11.02388191
v -56.72816467 7.23960161 14.66972733
v -55.43968582 10.68512344 18.27664948
v -53.72548294 13.9398365 21.83013153
v -51.61313629 16.95138741 25.3158741
v -49.13662338 19.67133522 28.71984291
v -46.33578491 22.05592918 32.02833557
v -43.25568008 24.06681442 35.2280426
v -39.945858 25.67164612 38.30607986
v -36.45956802 26.84461212 41.25005722
v -32.85289383 27.56685066 44.04812622
v -29.18385315 27.82674789 46.68902588
v -25.51147461 27.62012863 49.16212463
v -21.89483452 26.9503231 51.45746613
v -57.98484421 -0 3.67422867
v -57.83554077 3.6755569 7.35379219
v -57.22223282 7.30265427 11.02388191
v -56.15478897 10.82294846 14.66972733
v -54.65037537 14.17981339 18.27664948
v -52.73319626 17.31925201 21.83013153
v -50.43409729 20.19076729 25.3158741
v -47.79006195 22.74816895 28.71984291
v -44.8436203 24.9503212 32.02833557
v -41.6421814 26.76180458 35.2280426
v -38.23723984 28.15348244 38.30607986
v -34.68357468 29.10297394 41.25005722
v -31.03835106 29.59500885 44.04812622
v -27.36021614 29.6216774 46.68902588
v -23.70833397 29.18255806 49.16212463
v -57.86810303 3.67762613 3.67422867
v -57.48598099 7.33631372 7.35379219
v -56.64386368 10.91720963 11.02388191
v -55.35529709 14.36271477 14.66972733
v -53.64100647 17.61740494 18.27664948
v -51.52857208 20.62892914 21.83013153
v -49.05197906 23.34884453 25.3158741
v -46.2510643 25.73340225 28.71984291
v -43.17089081 27.74424553 32.02833557
v -39.86100388 29.34903526 35.2280426
v -36.37465286 30.52195549 38.30607986
v -32.76792145 31.24414825 41.25005722
v -29.09883118 31.5039978 44.04812622
v -25.42640686 31.29733276 46.68902588
v -57.51834488 7.34044409 3.67422867
v -56.90494537 10.9675293 7.35379219
v -55.83740997 14.48780632 11.02388191
v -54.33290863 17.84464836 14.66972733
v -52.4156456 20.98405838 18.27664948
v -50.11646271 23.85554123 21.83013153
v -47.47234726 26.41290474 25.3158741
v -44.52583313 28.61501694 28.71984291
v -41.32432556 30.42645454 32.02833557
v -37.91931915 31.81808662 35.2280426
v -34.36559677 32.76752853 38.30607986
v -30.72032166 33.25951385 41.25005722
v -27.04213715 33.28613281 44.04812622
v -56.93698502 10.97370434 3.67422867
v -56.09477615 14.55458355 7.35379219
v -54.80611801 18.00006485 11.02388191
v -53.09173965 21.25472641 14.66972733
v -50.97922516 24.26621628 18.27664948
v -48.50255203 26.98609352 21.83013153
v -45.70156097 29.37060928 25.3158741
v -42.62131119 31.38140869 28.71984291
v -39.31135941 32.98614883 32.02833557
v -35.82494736 34.15901947 35.2280426
v -32.21816254 34.88115692 38.30607986
v -28.54902267 35.14095306 41.25005722
v -56.12635422 14.56277752 3.67422867
v -55.05873108 18.0830307 7.35379219
v -53.554142 21.43984413 11.02388191
v -51.63679123 24.57921982 14.66972733
v -49.33752823 27.45066261 18.27664948
v -46.69333649 30.00798416 21.83013153
v -43.74674988 32.21004868 25.3158741
v -40.54516983 34.0214386 28.71984291
v -37.14010239 35.41301727 32.02833557
v -33.58632278 36.36240387 35.2280426
v -29.94099617 36.85433197 38.30607986
v -55.08972549 18.09321213 3.67422867
v -53.80098343 21.53866386 7.35379219
v -52.08652115 24.79329109 11.02388191
v -49.97391891 27.80474281 14.66972733
v -47.49716568 30.52457619 18.27664948
v -44.69610214 32.90904236 21.83013153
v -41.61578369 34.91978836 25.3158741
v -38.30576706 36.5244751 28.71984291
v -34.81929398 37.69728851 32.02833557
v -31.21245575 38.41936874 35.2280426
v -53.83127213 21.55079079 3.67422867
v -52.32659531 24.90756798 7.35379219
v -50.40916443 28.04690552 11.02388191
v -48.10982132 30.91830444 14.66972733
v -45.46555328 33.47557831 18.27664948
v -42.5188942 35.67758942 21.83013153
v -39.3172493 37.48892212 25.3158741
v -35.91212082 38.88043976 28.71984291
v -32.358284 39.82976913 32.02833557
v -52.35605621 24.92159081 3.67422867
v -50.64151001 28.17617989 7.35379219
v -48.52883148 31.18758583 11.02388191
v -46.05200195 33.90736771 14.66972733
v -43.25086212 36.29178238 18.27664948
v -40.17047882 38.30247116 21.83013153
v -36.86039734 39.90709686 25.3158741
v -33.37386703 41.07984924 28.71984291
v -50.67002106 28.1920433 3.67422867
v -48.75251007 31.33133507 7.35379219
v -46.45308685 34.2026825 11.02388191
v -43.80874252 36.75990295 14.66972733
v -40.86201859 38.96185303 18.27664948
v -37.66030884 40.77312469 21.83013153
v -34.25511932 42.1645813 25.3158741
v -48.77995682 31.34897423 3.67422867
v -46.66719818 34.36032867 7.35379219
v -44.19029236 37.08005905 11.02388191
v -41.38908768 39.46441269 14.66972733
v -38.30863571 41.47504044 18.27664948
v -34.99849319 43.07960129 21.83013153
v -46.69347 34.379673 3.67422867
v -44.3939743 37.25096893 7.35379219
v -41.74956131 39.80812836 11.02388191
v -38.80276871 42.0100174 14.66972733
v -35.60099792 43.82122421 18.27664948
v -44.4189682 37.27194214 3.67422867
v -41.94199371 39.99161148 7.35379219
v -39.14072037 42.37590027 11.02388191
v -36.06020737 44.38645935 14.66972733
v -41.96560669 40.01412582 3.67422867
v -39.32112503 42.5712204 7.35379219
v -36.37427139 44.77304077 11.02388191
v -39.34326172 42.59518814 3.67422867
v -36.54192734 44.97940826 7.35379219
v -36.5625 45.00473404 3.67422867
v -27.38456535 51.11093903 3.67422867
v -24.08777618 52.74486923 3.67422867
v -20.69399261 54.16641998 3.67422867
v -10.06896305 57.1039238 3.67422867
v -6.42693615 57.62757111 3.67422867
v -2.7590301 57.91917038 3.67422867
v 0.91998547 57.97754669 3.67422867
v 11.87568283 56.7557106 3.67422867
v 15.45144272 55.888237 3.67422867
v 18.96498489 54.79572678 3.67422867
v 22.40216255 53.48257065 3.67422867
v 25.74913406 51.9540596 3.67422867
v 35.11618423 46.14212799 3.67422867
v 37.97200012 43.82202148 3.67422867
v 40.6749115 41.32546234 3.67422867
v 43.21404266 38.66249847 3.67422867
v 45.57916641 35.843853 3.67422867
v 51.53898621 26.57019424 3.67422867
v 53.1204071 23.24789429 3.67422867
v 54.4879303 19.83198547 3.67422867
v 55.63605118 16.33621788 3.67422867
v 56.56014633 12.77467251 3.67422867
v 57.95565414 1.83973932 3.67422867
v 57.95565414 -1.83973932 3.67422867
v 57.72228622 -5.51180983 3.67422867
v 57.25649261 -9.1616869 3.67422867
v 56.56014633 -12.77467251 3.67422867
v 55.63605118 -16.33621788 3.67422867
v 54.4879303 -19.83198547 3.67422867
v 49.75003433 -29.78550339 3.67422867
v 47.76076126 -32.88087845 3.67422867
v 45.57916641 -35.843853 3.67422867
v 43.21404266 -38.66249847 3.67422867
v 40.6749115 -41.32546234 3.67422867
v 37.97200012 -43.82202148 3.67422867
v 35.11618423 -46.14212799 3.67422867
v 25.74913406 -51.9540596 3.67422867
v 22.40216255 -53.48257065 3.67422867
v -11.39037895 0 61.87054825
v -11.3674469 0.72242248 61.87054825
v -14.97369289 0 61.03381729
v -14.94354534 0.94969028 61.03381729
v -18.49673653 0 59.97154617
v -18.45949745 1.17313552 59.97154617
v -21.94532967 0 58.68801117
v -21.90114784 1.39185882 58.68801117
v -25.30559349 0 57.1883812
v -25.25464439 1.60497987 57.1883812
v -28.56399918 0 55.47868729
v -28.50649071 1.81164074 55.47868729
v -31.7074337 0 53.56581879
v -31.64359665 2.01100969 53.56581879
v -34.72324371 0 51.45746613
v -34.65333557 2.20228434 51.45746613
v -37.59929276 0 49.16212463
v -13.90109634 -5.56515932 61.03381729
v -13.52014446 -6.43561697 61.03381729
v -7.18223381 -8.84060192 61.87054825
v -3.22412682 -7.0598526 62.47837448
v -4.73173428 -10.36105347 61.87054825
v -5.37934637 -10.0400877 61.87054825
v -6.22029686 -13.62055016 61.03381729
v -7.07164192 -13.19861126 61.03381729
v -7.68382215 -16.82522392 59.97154617
v -8.73547363 -16.30401039 59.97154617
v -9.11641979 -19.96217346 58.68801117
v -10.36414433 -19.34378433 58.68801117
v -10.51232338 -23.01877594 57.1883812
v -11.9510994 -22.3057003 57.1883812
v -11.86591434 -25.98272705 55.47868729
v -13.48995018 -25.17783356 55.47868729
v -13.17174435 -28.84209633 53.56581879
v -14.97450352 -27.94862366 53.56581879
v -14.42455769 -31.58537483 51.45746613
v -16.39878464 -30.60692024 51.45746613
v -15.61931133 -34.20151901 49.16212463
v -17.7570591 -33.14202499 49.16212463
v -16.75119591 -36.68000412 46.68902588
v -19.04385948 -35.54372787 46.68902588
v -17.81565666 -39.010849 44.04812622
v -20.25400925 -37.80236816 44.04812622
v -18.80840874 -41.18466949 41.25005722
v -21.38263512 -39.90885162 41.25005722
v -19.72545624 -43.19272614 38.30607986
v -22.42519379 -41.85469818 38.30607986
v -20.56310844 -45.02692413 35.2280426
v -23.377491 -43.63208008 35.2280426
v -21.31799126 -46.67988968 32.02833557
v -24.23569298 -45.23383713 32.02833557
v -21.98707008 -48.14496613 28.71984291
v -24.99634552 -46.65353012 28.71984291
v -22.56764793 -49.41625595 25.3158741
v -25.65638542 -47.88543701 25.3158741
v -23.05739212 -50.48864746 21.83013153
v -26.21315765 -48.92460632 21.83013153
v -23.45432854 -51.35781479 18.27664948
v -26.66442108 -49.76684952 18.27664948
v -23.75685883 -52.02026749 14.66972733
v -27.008358 -50.40877914 14.66972733
v -23.96376801 -52.47333145 11.02388191
v -27.24358559 -50.84781265 11.02388191
v -24.07422256 -52.71519089 7.35379219
v -27.36915588 -51.08218002 7.35379219
v -2.30446386 -7.41120481 62.47837448
v -1.82977664 -7.54244184 62.47837448
v -1.34772146 -7.64330816 62.47837448
v -1.97791851 -11.21733379 61.87054825
v 1.10453653 -7.68222046 62.47837448
v 1.5895493 -7.59669971 62.47837448
v 5.08251715 -5.86553764 62.47837448
v 7.45911217 -8.60827446 61.87054825
v 6.89812374 -9.06402874 61.87054825
v 9.80568314 -11.31636143 61.03381729
v 9.06821346 -11.91549301 61.03381729
v 12.11278629 -13.97890091 59.97154617
v 11.20180321 -14.718997 59.97154617
v 14.37113476 -16.58517456 58.68801117
v 13.29030418 -17.46325684 58.68801117
v 16.57163811 -19.12469101 57.1883812
v 15.32531166 -20.1372242 57.1883812
v 18.70544052 -21.58723068 55.47868729
v 17.29863358 -22.73014069 55.47868729
v 20.76395416 -23.96287918 53.56581879
v 19.20232964 -25.23156548 53.56581879
v 22.73888969 -26.24207687 51.45746613
v 21.02873421 -27.63143349 51.45746613
v 24.6223011 -28.41564941 49.16212463
v 22.77049637 -29.92008209 49.16212463
v 26.40660667 -30.47484779 46.68902588
v 24.42060661 -32.08830261 46.68902588
v 28.08462334 -32.41138458 44.04812622
v 25.97242355 -34.12736511 44.04812622
v 29.64959908 -34.21746063 41.25005722
v 27.41969872 -36.02906418 41.25005722
v 31.09523392 -35.88581085 38.30607986
v 28.75660896 -37.78574371 38.30607986
v 32.41570663 -37.40972137 35.2280426
v 29.97777367 -39.39033508 35.2280426
v 33.60570908 -38.78305435 32.02833557
v 31.07827568 -40.83637619 32.02833557
v 34.66044235 -40.00028229 28.71984291
v 32.05368423 -42.11805344 28.71984291
v 35.57566833 -41.05651093 25.3158741
v 32.90007782 -43.23019791 25.3158741
v 36.34770203 -41.94748306 21.83013153
v 33.614048 -44.16834259 21.83013153
v 36.97343063 -42.66961288 18.27664948
v 34.19271851 -44.92870712 18.27664948
v 37.45034027 -43.21999741 14.66972733
v 34.63376236 -45.50823212 14.66972733
v 37.77651215 -43.59642029 11.02388191
v 34.93540192 -45.90458298 11.02388191
v 37.950634 -43.79736328 7.35379219
v 35.0964241 -46.11616516 7.35379219
v 5.78416014 -5.17494011 62.47837448
v 6.10072994 -4.79766703 62.47837448
v 6.39273405 -4.40107536 62.47837448
v 9.38198853 -6.45902681 61.87054825
v 9.77275658 -5.85098028 61.87054825
v 12.84718037 -7.69164753 61.03381729
v 6.65899658 -3.98676252 62.47837448
v 7.44683456 -2.18658805 62.47837448
v 7.57052374 -1.70987821 62.47837448
v 11.11051464 -2.50942039 61.87054825
v 11.24730301 -1.79969573 61.87054825
v 14.78560638 -2.36586428 61.03381729
v 14.90589046 -1.42333996 61.03381729
v 18.41298103 -1.75822663 59.97154617
v 18.48742485 -0.58686322 59.97154617
v 21.9342823 -0.69627994 58.68801117
v 21.9342823 0.69627994 58.68801117
v 25.2928524 0.80289418 57.1883812
v 7.72607517 -0.73775071 62.47837448
v 7.75731134 -0.24624743 62.47837448
v 7.75731134 0.24624743 62.47837448
v 11.38464451 0.36139318 61.87054825
v 7.44683456 2.18658805 62.47837448
v 7.29315996 2.65449309 62.47837448
v 7.11011791 3.11170959 62.47837448
v 10.43482208 4.56675053 61.87054825
v 10.12417221 5.2193737 61.87054825
v 13.30914879 6.86134291 61.03381729
v 5.78416014 5.17494011 62.47837448
v 8.48884487 7.59475183 61.87054825
v 8.95344257 7.04106522 61.87054825
v 11.15936089 9.98399448 61.03381729
v 11.77011776 9.25612259 61.03381729
v 13.78495979 12.33305073 59.97154617
v 14.53941727 11.43392372 59.97154617
v 16.35507393 14.63246536 58.68801117
v 17.25019455 13.56570339 58.68801117
v 18.85935783 16.87298393 57.1883812
v 19.89153862 15.64287949 57.1883812
v 21.28773308 19.04558945 55.47868729
v 22.45281982 17.65709305 55.47868729
v 23.63042259 21.14153481 53.56581879
v 24.92372704 19.60023499 53.56581879
v 25.87800026 23.1523838 51.45746613
v 27.29431343 21.46448517 51.45746613
v 28.02141762 25.07004356 49.16212463
v 29.55504036 23.242342 49.16212463
v 30.05204582 26.88679504 46.68902588
v 31.69680786 24.92664528 46.68902588
v 31.96171379 28.59532547 44.04812622
v 33.71099091 26.51061821 44.04812622
v 33.742733 30.18876076 41.25005722
v 35.58948898 27.98788452 41.25005722
v 35.38793945 31.66068268 38.30607986
v 37.32473755 29.3524971 38.30607986
v 36.89070511 33.00516891 35.2280426
v 38.90975189 30.5989666 35.2280426
v 38.24498749 34.21680832 32.02833557
v 40.33815002 31.72227287 32.02833557
v 39.44532776 35.29072189 28.71984291
v 41.60418701 32.71789551 28.71984291
v 40.48690033 36.2225914 25.3158741
v 42.70276642 33.58182526 25.3158741
v 41.36551285 37.00866318 21.83013153
v 43.6294632 34.31058884 21.83013153
v 42.07762527 37.64577103 18.27664948
v 44.38055038 34.90125275 18.27664948
v 42.62037277 38.13135529 14.66972733
v 44.95300293 35.3514328 14.66972733
v 42.99157333 38.46345901 11.02388191
v 45.34452057 35.65932465 11.02388191
v 43.18972778 38.64074326 7.35379219
v 45.5535202 35.82368469 7.35379219
v 5.08251715 5.86553764 62.47837448
v 4.70026922 6.17608166 62.47837448
v 2.53844595 7.33435774 62.47837448
v 2.06816149 7.48058987 62.47837448
v 1.5895493 7.59669971 62.47837448
v 2.33282566 11.14893055 61.87054825
v -0.86023951 7.7133975 62.47837448
v -1.34772146 7.64330816 62.47837448
v -3.66539907 6.84115219 62.47837448
v -5.37934637 10.0400877 61.87054825
v -7.07164192 13.19861126 61.03381729
v -8.73547363 16.30401039 59.97154617
v -10.36414433 19.34378433 58.68801117
v -11.9510994 22.3057003 57.1883812
v -13.48995018 25.17783356 55.47868729
v -14.97450352 27.94862366 53.56581879
v -16.39878464 30.60692024 51.45746613
v -17.7570591 33.14202499 49.16212463
v -19.04385948 35.54372787 46.68902588
v -20.25400925 37.80236816 44.04812622
v -21.38263512 39.90885162 41.25005722
v -22.42519379 41.85469818 38.30607986
v -23.377491 43.63208008 35.2280426
v -24.23569298 45.23383713 32.02833557
v -24.99634552 46.65353012 28.71984291
v -25.65638542 47.88543701 25.3158741
v -26.21315765 48.92460632 21.83013153
v -26.66442108 49.76684952 18.27664948
v -27.008358 50.40877914 14.66972733
v -27.24358559 50.84781265 11.02388191
v -27.36915588 51.08218002 7.35379219
v -17.17177773 6.87454271 59.97154617
v -11.29874134 1.44193602 61.87054825
v -14.85322666 1.89555645 61.03381729
v -18.34792709 2.34154725 59.97154617
v -21.76877594 2.77811313 58.68801117
v -25.102005 3.20349717 57.1883812
v -28.33419609 3.61598682 55.47868729
v -31.45234108 4.01392174 53.56581879
v -36.54192734 -44.97940826 7.35379219
v -39.32112503 -42.5712204 7.35379219
v -36.37427139 -44.77304077 11.02388191
v -39.14072037 -42.37590027 11.02388191
v -41.74956131 -39.80812836 11.02388191
v -36.06020737 -44.38645935 14.66972733
v -38.80276871 -42.0100174 14.66972733
v -41.38908768 -39.46441269 14.66972733
v -43.80874252 -36.75990295 14.66972733
v -35.60099792 -43.82122421 18.27664948
v -38.30863571 -41.47504044 18.27664948
v -40.86201859 -38.96185303 18.27664948
v -43.25086212 -36.29178238 18.27664948
v -45.46555328 -33.47557831 18.27664948
v -34.99849319 -43.07960129 21.83013153
v -37.66030884 -40.77312469 21.83013153
v -40.17047882 -38.30247116 21.83013153
v -42.5188942 -35.67758942 21.83013153
v -44.69610214 -32.90904236 21.83013153
v -34.25511932 -42.1645813 25.3158741
v -36.86039734 -39.90709686 25.3158741
v -39.3172493 -37.48892212 25.3158741
v -41.61578369 -34.91978836 25.3158741
v -43.74674988 -32.21004868 25.3158741
v -33.37386703 -41.07984924 28.71984291
v -35.91212082 -38.88043976 28.71984291
v -38.30576706 -36.5244751 28.71984291
v -40.54516983 -34.0214386 28.71984291
v -42.62131119 -31.38140869 28.71984291
v -32.358284 -39.82976913 32.02833557
v -34.81929398 -37.69728851 32.02833557
v -37.14010239 -35.41301727 32.02833557
v -39.31135941 -32.98614883 32.02833557
v -41.32432556 -30.42645454 32.02833557
v -31.21245575 -38.41936874 35.2280426
v -33.58632278 -36.36240387 35.2280426
v -35.82494736 -34.15901947 35.2280426
v -37.91931915 -31.81808662 35.2280426
v -39.86100388 -29.34903526 35.2280426
v -29.94099617 -36.85433197 38.30607986
v -32.21816254 -34.88115692 38.30607986
v -34.36559677 -32.76752853 38.30607986
v -36.37465286 -30.52195549 38.30607986
v -38.23723984 -28.15348244 38.30607986
v -28.54902267 -35.14095306 41.25005722
v -30.72032166 -33.25951385 41.25005722
v -32.76792145 -31.24414825 41.25005722
v -34.68357468 -29.10297394 41.25005722
v -36.45956802 -26.84461212 41.25005722
v -27.04213715 -33.28613281 44.04812622
v -29.09883118 -31.5039978 44.04812622
v -31.03835106 -29.59500885 44.04812622
v -32.85289383 -27.56685066 44.04812622
v -34.53514862 -25.42769051 44.04812622
v -25.42640686 -31.29733276 46.68902588
v -27.36021614 -29.6216774 46.68902588
v -29.18385315 -27.82674789 46.68902588
v -30.88997841 -25.91976929 46.68902588
v -32.47172165 -23.90842056 46.68902588
v -23.70833397 -29.18255806 49.16212463
v -25.51147461 -27.62012863 49.16212463
v -27.21188927 -25.94648361 49.16212463
v -28.80273056 -24.16835976 49.16212463
v -30.27759361 -22.29291916 49.16212463
v -21.89483452 -26.9503231 51.45746613
v -23.56004906 -25.50740814 51.45746613
v -25.13039398 -23.96178246 51.45746613
v -26.59954834 -22.31967163 51.45746613
v -27.96159554 -20.58768654 51.45746613
v -19.99320793 -24.60961342 53.56581879
v -21.51379204 -23.29201889 53.56581879
v -22.94775009 -21.88063431 53.56581879
v -24.28930283 -20.38114548 53.56581879
v -25.53305435 -18.79958916 53.56581879
v -18.01110649 -22.16984749 55.47868729
v -19.38094139 -20.98287773 55.47868729
v -20.67273903 -19.71141624 55.47868729
v -21.88129234 -18.36058426 55.47868729
v -23.0017395 -16.93582153 55.47868729
v -15.95650864 -19.64084625 57.1883812
v -17.17008209 -18.58927917 57.1883812
v -18.31451797 -17.4628582 57.1883812
v -19.38520813 -16.26612091 57.1883812
v -20.37784195 -15.00388622 57.1883812
v -2.6001544 -14.74620819 61.03381729
v -2.68538356 -11.06930161 61.87054825
v -3.53018188 -14.55160809 61.03381729
v -3.38203549 -10.87669849 61.87054825
v -4.44599438 -14.29841232 61.03381729
v -4.0650692 -10.64029789 61.87054825
v -5.3439045 -13.98764324 61.03381729
v -3.21192455 -18.21572876 59.97154617
v -4.3607707 -17.9753418 59.97154617
v -5.4920578 -17.66257477 59.97154617
v -6.60123014 -17.27868652 59.97154617
v -3.81076646 -21.61193085 58.68801117
v -4.39426994 -24.92114449 57.1883812
v -4.96008635 -28.13004684 55.47868729
v -5.50593805 -31.22572708 53.56581879
v -6.02962828 -34.19572067 51.45746613
v -6.52904892 -37.02807617 49.16212463
v -7.00218964 -39.71139145 46.68902588
v -7.44714642 -42.2348671 44.04812622
v -7.86212778 -44.58834457 41.25005722
v -8.24546432 -46.76235199 38.30607986
v -8.59561157 -48.74813843 35.2280426
v -8.91116142 -50.53770828 32.02833557
v -9.19084358 -52.12386703 28.71984291
v -9.43353271 -53.50022125 25.3158741
v -9.63825035 -54.66123581 21.83013153
v -9.80417442 -55.6022377 18.27664948
v -9.93063641 -56.31943512 14.66972733
v -10.01712608 -56.80994797 11.02388191
v -10.06329727 -57.0717926 7.35379219
v -5.17380762 -21.32672501 58.68801117
v -6.51601553 -20.95564461 58.68801117
v -7.83198595 -20.50018311 58.68801117
v -5.96601963 -24.59226799 57.1883812
v -7.51374626 -24.16436768 57.1883812
v -9.03121758 -23.63916588 57.1883812
v -6.73421812 -27.7588253 55.47868729
v -8.4812336 -27.27582741 55.47868729
v -10.19409752 -26.68299866 55.47868729
v -7.4753108 -30.81365204 53.56581879
v -9.41458321 -30.27750015 53.56581879
v -11.31594658 -29.61943245 53.56581879
v -8.18631554 -33.74444962 51.45746613
v -10.31003857 -33.15730286 51.45746613
v -12.39224815 -32.43664551 51.45746613
v -8.86436939 -36.53942871 49.16212463
v -11.1639967 -35.90364838 49.16212463
v -13.4186697 -35.12329865 49.16212463
v -9.50674438 -39.18733215 46.68902588
v -11.97301769 -38.50548172 46.68902588
v -14.39108086 -37.6685791 46.68902588
v -10.1108532 -41.67750549 44.04812622
v -12.73384762 -40.95232391 44.04812622
v -15.30556774 -40.06224442 44.04812622
v -10.67426682 -43.99992371 41.25005722
v -13.44342327 -43.23433685 41.25005722
v -16.15844917 -42.29465485 41.25005722
v -11.19471455 -46.1452446 38.30607986
v -14.0988884 -45.3423233 38.30607986
v -16.94629097 -44.3568306 38.30607986
v -11.67010403 -48.10482407 35.2280426
v -14.69760513 -47.26781082 35.2280426
v -17.66592407 -46.24046326 35.2280426
v -12.09852028 -49.87078094 32.02833557
v -15.23716259 -49.00304031 32.02833557
v -18.31444931 -47.93798065 32.02833557
v -12.47824001 -51.43600464 28.71984291
v -15.71539021 -50.54102707 28.71984291
v -18.88925934 -49.44254303 28.71984291
v -12.80773354 -52.79419708 25.3158741
v -16.13036156 -51.87558746 25.3158741
v -19.38804054 -50.74809647 25.3158741
v -13.08567619 -53.93989182 21.83013153
v -16.48040962 -53.00134659 21.83013153
v -19.80878258 -51.84938431 21.83013153
v -13.31094742 -54.86847305 18.27664948
v -16.76412201 -53.91377258 18.27664948
v -20.14979362 -52.74198151 18.27664948
v -13.48264217 -55.57620621 14.66972733
v -16.98035812 -54.60919189 14.66972733
v -20.40970039 -53.42228699 14.66972733
v -13.60006809 -56.06024551 11.02388191
v -17.12824631 -55.08480835 11.02388191
v -20.58745766 -53.8875618 11.02388191
v -13.66275311 -56.31863785 7.35379219
v -17.20719528 -55.33870316 7.35379219
v -20.68234825 -54.13594055 7.35379219
v -2.76987195 -7.25012589 62.47837448
v 11.86900043 -56.72377396 7.35379219
v 8.24746037 -57.36235046 7.35379219
v 4.59271097 -57.76994705 7.35379219
v 0.91946781 -57.9449234 7.35379219
v 11.81454563 -56.46352386 11.02388191
v 8.20962048 -57.09916687 11.02388191
v 4.57163906 -57.50489426 11.02388191
v 0.91524923 -57.67906952 11.02388191
v 11.71253586 -55.97600174 14.66972733
v 8.13873672 -56.60615921 14.66972733
v 4.53216648 -57.0083847 14.66972733
v 0.90734679 -57.18105698 14.66972733
v 11.5633831 -55.26317596 18.27664948
v 8.03509426 -55.88531113 18.27664948
v 4.47445202 -56.28241348 18.27664948
v 0.89579219 -56.45288467 18.27664948
v 11.36768627 -54.32791519 21.83013153
v 7.89911032 -54.93951797 21.83013153
v 4.39872742 -55.32989883 21.83013153
v 0.88063198 -55.49748611 21.83013153
v 11.12623501 -53.17398071 25.3158741
v 7.73133183 -53.77259445 25.3158741
v 4.30529737 -54.15468216 25.3158741
v 0.86192721 -54.31871033 25.3158741
v 10.8399992 -51.80601883 28.71984291
v 7.53243399 -52.38923264 28.71984291
v 4.19453859 -52.76148987 28.71984291
v 0.83975309 -52.92129898 28.71984291
v 10.51013279 -50.22953415 32.02833557
v 7.30321836 -50.79499817 32.02833557
v 4.06689644 -51.15592957 32.02833557
v 0.81419897 -51.31087494 32.02833557
v 10.13796234 -48.45087433 35.2280426
v 7.04460669 -48.996315 35.2280426
v 3.92288518 -49.34446716 35.2280426
v 0.78536767 -49.49392319 35.2280426
v 9.72498512 -46.47719574 38.30607986
v 6.75763988 -47.00041962 38.30607986
v 3.76308393 -47.33438873 38.30607986
v 0.75337523 -47.4777565 38.30607986
v 9.2728653 -44.3164444 41.25005722
v 6.44347382 -44.81534195 41.25005722
v 3.5881362 -45.13378525 41.25005722
v 0.71835041 -45.27049255 41.25005722
v 8.78342152 -41.97731781 44.04812622
v 6.1033721 -42.44988632 44.04812622
v 3.39874578 -42.75151825 44.04812622
v 0.68043417 -42.88100815 44.04812622
v 8.25862503 -39.46923447 46.68902588
v 5.73870373 -39.91356277 46.68902588
v 3.19567537 -40.19717407 46.68902588
v 0.63977915 -40.31892776 46.68902588
v 7.70058584 -36.80228043 49.16212463
v 5.35093737 -37.21658707 49.16212463
v 2.97974229 -37.48103333 49.16212463
v 0.59654903 -37.59456253 49.16212463
v 7.11155224 -33.98719788 51.45746613
v 4.94163322 -34.36981201 51.45746613
v 2.75181556 -34.61403275 51.45746613
v 0.55091774 -34.71887589 51.45746613
v 6.4938941 -31.03531456 53.56581879
v 4.5124383 -31.38469887 53.56581879
v 2.51281285 -31.60770607 53.56581879
v 0.50306898 -31.70344353 53.56581879
v 5.85009766 -27.95851135 55.47868729
v 4.06508112 -28.27325821 55.47868729
v 2.26369572 -28.47415924 55.47868729
v 0.45319536 -28.56040382 55.47868729
v 5.18275404 -24.76917648 57.1883812
v 3.60136127 -25.0480175 57.1883812
v 2.00546718 -25.22600174 57.1883812
v 0.4014976 -25.30240822 57.1883812
v 4.49454975 -21.48014259 58.68801117
v 3.12314606 -21.72195816 58.68801117
v 1.7391665 -21.87630653 58.68801117
v 0.34818381 -21.94256783 58.68801117
v 3.78825498 -18.1046505 59.97154617
v 2.63235998 -18.30846596 59.97154617
v 1.46586561 -18.43856049 59.97154617
v 0.29346856 -18.49440765 59.97154617
v 3.06671214 -14.65628719 61.03381729
v 2.13097858 -14.82128239 61.03381729
v 1.18666446 -14.92659664 61.03381729
v 0.23757206 -14.97180748 61.03381729
v 2.33282566 -11.14893055 61.87054825
v 1.62101996 -11.27444172 61.87054825
v 0.90268707 -11.35455418 61.87054825
v 0.18071935 -11.38894558 61.87054825
v 0.61507624 -7.73680782 62.47837448
v 3.44649816 -6.95400333 62.47837448
v 5.05808687 -10.2057085 61.87054825
v 6.64931679 -13.41633511 61.03381729
v 8.21378326 -16.5729599 59.97154617
v 9.74518871 -19.66287994 58.68801117
v 11.23736858 -22.67365265 57.1883812
v 12.68431854 -25.59316444 55.47868729
v 14.08021259 -28.40966415 53.56581879
v 15.41943359 -31.11181068 51.45746613
v 16.69659042 -33.68873215 49.16212463
v 17.90654373 -36.13005447 46.68902588
v 19.04442024 -38.42595291 44.04812622
v 20.10564423 -40.56718445 41.25005722
v 21.08594131 -42.54513168 38.30607986
v 21.98136711 -44.35182953 35.2280426
v 22.78831482 -45.9800148 32.02833557
v 23.50354004 -47.42312241 28.71984291
v 24.12416267 -48.675354 25.3158741
v 24.6476841 -49.73166275 21.83013153
v 25.07199669 -50.58779907 18.27664948
v 25.39539337 -51.2403183 14.66972733
v 25.61657333 -51.6865921 11.02388191
v 25.73464584 -51.92482758 7.35379219
v 12.33347988 -8.49098015 61.03381729
v 8.95344257 -7.04106522 61.87054825
v 11.77011776 -9.25612259 61.03381729
v 8.48884487 -7.59475183 61.87054825
v 11.15936089 -9.98399448 61.03381729
v 7.99006462 -8.11785698 61.87054825
v 10.50366974 -10.67166328 61.03381729
v 15.23532867 -10.48875713 59.97154617
v 14.53941727 -11.43392372 59.97154617
v 13.78495979 -12.33305073 59.97154617
v 12.97499657 -13.1825161 59.97154617
v 15.86989307 -9.50135517 59.97154617
v 18.82872963 -11.27281952 58.68801117
v 18.07585526 -12.44431591 58.68801117
v 21.71177864 -12.9989109 57.1883812
v 20.84362411 -14.3497858 57.1883812
v 24.50743675 -14.67268085 55.47868729
v 23.52749634 -16.19749832 55.47868729
v 27.20445251 -16.28739166 53.56581879
v 26.11667061 -17.98001289 53.56581879
v 29.79196739 -17.83654594 51.45746613
v 28.60072327 -19.69015884 51.45746613
v 32.25957108 -19.31390762 49.16212463
v 30.9696579 -21.32105064 49.16212463
v 34.59732437 -20.71352768 46.68902588
v 33.21393585 -22.8661232 46.68902588
v 36.79582596 -22.02977753 44.04812622
v 35.32452774 -24.31916046 44.04812622
v 38.84621811 -23.25735474 41.25005722
v 37.29293823 -25.67431068 41.25005722
v 40.74025726 -24.39132118 38.30607986
v 39.11124039 -26.92612076 38.30607986
v 42.47031403 -25.42711067 35.2280426
v 40.77211761 -28.06955147 35.2280426
v 44.02942276 -26.36055565 32.02833557
v 42.26888657 -29.10000229 32.02833557
v 45.4113121 -27.18789673 28.71984291
v 43.59552383 -30.01332283 28.71984291
v 46.61042023 -27.90580559 25.3158741
v 44.74668121 -30.80583763 25.3158741
v 47.62191772 -28.51139259 21.83013153
v 45.71773529 -31.47435951 21.83013153
v 48.44173431 -29.00222015 18.27664948
v 46.50477219 -32.01619339 18.27664948
v 49.0665741 -29.37631226 14.66972733
v 47.1046257 -32.42916489 14.66972733
v 49.49391556 -29.632164 11.02388191
v 47.51488113 -32.71160507 11.02388191
v 49.72204208 -29.76874542 7.35379219
v 47.73388672 -32.86237717 7.35379219
v 17.25019455 -13.56570339 58.68801117
v 16.35507393 -14.63246536 58.68801117
v 15.39409828 -15.64030838 58.68801117
v 19.89153862 -15.64287949 57.1883812
v 18.85935783 -16.87298393 57.1883812
v 17.75123787 -18.03514862 57.1883812
v 22.45281982 -17.65709305 55.47868729
v 21.28773308 -19.04558945 55.47868729
v 20.03692818 -20.35739517 55.47868729
v 24.92372704 -19.60023499 53.56581879
v 23.63042259 -21.14153481 53.56581879
v 22.24196815 -22.59770393 53.56581879
v 27.29431343 -21.46448517 51.45746613
v 25.87800026 -23.1523838 51.45746613
v 24.35748482 -24.74705505 51.45746613
v 29.55504036 -23.242342 49.16212463
v 28.02141762 -25.07004356 49.16212463
v 26.37495995 -26.7967968 49.16212463
v 31.69680786 -24.92664528 46.68902588
v 30.05204582 -26.88679504 46.68902588
v 28.28627586 -28.73868179 46.68902588
v 33.71099091 -26.51061821 44.04812622
v 31.96171379 -28.59532547 44.04812622
v 30.08373642 -30.56489182 44.04812622
v 35.58948898 -27.98788452 41.25005722
v 33.742733 -30.18876076 41.25005722
v 31.76011086 -32.26807785 41.25005722
v 37.32473755 -29.3524971 38.30607986
v 35.38793945 -31.66068268 38.30607986
v 33.30864716 -33.84138107 38.30607986
v 38.90975189 -30.5989666 35.2280426
v 36.89070511 -33.00516891 35.2280426
v 34.72311783 -35.2784729 35.2280426
v 40.33815002 -31.72227287 32.02833557
v 38.24498749 -34.21680832 32.02833557
v 35.99782181 -36.57356644 32.02833557
v 41.60418701 -32.71789551 28.71984291
v 39.44532776 -35.29072189 28.71984291
v 37.12763596 -37.72145081 28.71984291
v 42.70276642 -33.58182526 25.3158741
v 40.48690033 -36.2225914 25.3158741
v 38.10800934 -38.71750259 25.3158741
v 43.6294632 -34.31058884 21.83013153
v 41.36551285 -37.00866318 21.83013153
v 38.93499374 -39.55771637 21.83013153
v 44.38055038 -34.90125275 18.27664948
v 42.07762527 -37.64577103 18.27664948
v 39.60526657 -40.2387085 18.27664948
v 44.95300293 -35.3514328 14.66972733
v 42.62037277 -38.13135529 14.66972733
v 40.1161232 -40.75773621 14.66972733
v 45.34452057 -35.65932465 11.02388191
v 42.99157333 -38.46345901 11.02388191
v 40.46551132 -41.11271286 11.02388191
v 45.5535202 -35.82368469 7.35379219
v 43.18972778 -38.64074326 7.35379219
v 40.65202713 -41.30220795 7.35379219
v 5.4442997 -5.53137541 62.47837448
v 57.9230423 -1.83870411 7.35379219
v 57.9230423 1.83870411 7.35379219
v 57.6572876 -1.83026814 11.02388191
v 57.6572876 1.83026814 11.02388191
v 57.68980789 -5.50870848 7.35379219
v 57.22427368 -9.15653133 7.35379219
v 56.52832031 -12.76748466 7.35379219
v 55.60474777 -16.32702637 7.35379219
v 54.45727158 -19.82082558 7.35379219
v 57.15946198 -1.81446517 14.66972733
v 57.15946198 1.81446517 14.66972733
v 57.42512512 -5.4834342 11.02388191
v 56.96172714 -9.11452103 11.02388191
v 56.26896667 -12.70890617 11.02388191
v 55.34962845 -16.25211716 11.02388191
v 54.20742035 -19.72988701 11.02388191
v 56.43156433 -1.79135883 18.27664948
v 56.43156433 1.79135883 18.27664948
v 56.92930222 -5.43608904 14.66972733
v 56.46990585 -9.03582382 14.66972733
v 55.78312683 -12.5991745 14.66972733
v 54.87172699 -16.11179352 14.66972733
v 53.73937988 -19.55953407 14.66972733
v 55.47652817 -1.76104224 21.83013153
v 55.47652817 1.76104224 21.83013153
v 56.20433426 -5.36686325 18.27664948
v 55.75078964 -8.92075729 18.27664948
v 55.07275772 -12.43873119 18.27664948
v 54.172966 -15.90661812 18.27664948
v 53.05503845 -19.31045341 18.27664948
v 54.2981987 -1.72363746 25.3158741
v 54.2981987 1.72363746 25.3158741
v 55.25314713 -5.27603579 21.83013153
v 54.80727768 -8.76978397 21.83013153
v 54.14071655 -12.22821999 21.83013153
v 53.25615311 -15.63741779 21.83013153
v 52.15714645 -18.9836483 21.83013153
v 52.90131378 -1.67929482 28.71984291
v 52.90131378 1.67929482 28.71984291
v 54.07955933 -5.1639719 25.3158741
v 53.64315796 -8.58351231 25.3158741
v 52.99075699 -11.9684906 25.3158741
v 52.12498093 -15.30527592 25.3158741
v 51.04931641 -18.58043289 25.3158741
v 51.29150009 -1.62819302 32.02833557
v 51.29150009 1.62819302 32.02833557
v 52.68830109 -5.03112268 28.71984291
v 52.26312637 -8.36269188 28.71984291
v 51.62751007 -11.66058731 28.71984291
v 50.78400803 -14.91152954 28.71984291
v 49.73601532 -18.10242844 28.71984291
v 49.47523499 -1.57053769 35.2280426
v 49.47523499 1.57053769 35.2280426
v 51.08496857 -4.87802267 32.02833557
v 50.67273331 -8.10821056 32.02833557
v 50.05645752 -11.30574989 32.02833557
v 49.23862457 -14.45776463 32.02833557
v 48.22252274 -17.55156326 32.02833557
v 47.45982742 -1.5065608 38.30607986
v 47.45982742 1.5065608 38.30607986
v 49.27601624 -4.70528889 35.2280426
v 48.87837982 -7.82109356 35.2280426
v 48.28392792 -10.905406 35.2280426
v 47.49505234 -13.94580555 35.2280426
v 46.51493073 -16.9300499 35.2280426
v 45.25339508 -1.43651998 41.25005722
v 45.25339508 1.43651998 41.25005722
v 47.26872635 -4.51361609 38.30607986
v 46.88728714 -7.50249624 38.30607986
v 46.31705093 -10.46116734 38.30607986
v 45.56031036 -13.37771416 38.30607986
v 44.62011337 -16.24039459 38.30607986
v 42.86481476 -1.36069703 44.04812622
v 42.86481476 1.36069703 44.04812622
v 45.07117462 -4.30377531 41.25005722
v 44.70746994 -7.15370131 41.25005722
v 44.16374588 -9.97482109 41.25005722
v 43.44218445 -12.75577641 41.25005722
v 42.54570007 -15.48536873 41.25005722
v 40.30370331 -1.27939725 46.68902588
v 40.30370331 1.27939725 46.68902588
v 42.69221497 -4.076612 44.04812622
v 42.34770584 -6.77611208 44.04812622
v 41.83267975 -9.44832706 44.04812622
v 41.14920425 -12.08249664 44.04812622
v 40.3000412 -14.66801453 44.04812622
v 37.58036423 -1.19294786 49.16212463
v 37.58036423 1.19294786 49.16212463
v 40.14141083 -3.83304024 46.68902588
v 39.81748962 -6.37124872 46.68902588
v 39.33323288 -8.88380241 46.68902588
v 38.69059753 -11.36058426 46.68902588
v 37.89216614 -13.79162121 46.68902588
v 34.70576477 -1.10169685 51.45746613
v 34.70576477 1.10169685 51.45746613
v 37.429039 -3.57404017 49.16212463
v 37.12700272 -5.94074106 49.16212463
v 36.67547226 -8.2835207 49.16212463
v 36.07625961 -10.5929451 49.16212463
v 35.33177948 -12.85971546 49.16212463
v 31.6914711 -1.00601137 53.56581879
v 31.6914711 1.00601137 53.56581879
v 34.56601715 -3.30065417 51.45746613
v 34.28708267 -5.48632097 51.45746613
v 33.87008667 -7.64989662 51.45746613
v 33.31671143 -9.78266907 51.45746613
v 32.62917709 -11.87604904 51.45746613
v 28.54961777 -0.90627664 55.47868729
v 28.54961777 0.90627664 55.47868729
v 31.56385994 -3.01398325 53.56581879
v 31.3091526 -5.00981903 53.56581879
v 30.92837524 -6.98548174 53.56581879
v 30.42305946 -8.93301678 53.56581879
v 29.79524231 -10.84458065 53.56581879
v 25.2928524 -0.80289418 57.1883812
v 28.43465805 -2.71518064 55.47868729
v 28.20520401 -4.51315165 55.47868729
v 27.86217499 -6.29294968 55.47868729
v 27.40695572 -8.0474081 55.47868729
v 26.84137917 -9.76946259 55.47868729
v 21.84596062 -2.08603621 58.68801117
v 18.26439667 -2.92251015 59.97154617
v 14.60578537 -3.29886222 61.03381729
v 10.92898846 -3.20904064 61.87054825
v 25.19100761 -2.40544939 57.1883812
v 24.98772621 -3.99831891 57.1883812
v 24.68382835 -5.5750885 57.1883812
v 24.28053856 -7.12940931 57.1883812
v 23.77947807 -8.65502262 57.1883812
v 14.9661541 -0.47508433 61.03381729
v 18.48742485 0.58686322 59.97154617
v 14.9661541 0.47508433 61.03381729
v 11.38464451 -0.36139318 61.87054825
v 11.33880234 -1.08272433 61.87054825
v 7.66372919 -1.22628331 62.47837448
v 6.89844608 3.55639625 62.47837448
v 6.89812374 9.06402874 61.87054825
v 9.06821346 11.91549301 61.03381729
v 7.45911217 8.60827446 61.87054825
v 9.80568314 11.31636143 61.03381729
v 7.99006462 8.11785698 61.87054825
v 10.50366974 10.67166328 61.03381729
v 11.20180321 14.718997 59.97154617
v 12.11278629 13.97890091 59.97154617
v 12.97499657 13.1825161 59.97154617
v 13.29030418 17.46325684 58.68801117
v 14.37113476 16.58517456 58.68801117
v 15.39409828 15.64030838 58.68801117
v 15.32531166 20.1372242 57.1883812
v 16.57163811 19.12469101 57.1883812
v 17.75123787 18.03514862 57.1883812
v 17.29863358 22.73014069 55.47868729
v 18.70544052 21.58723068 55.47868729
v 20.03692818 20.35739517 55.47868729
v 19.20232964 25.23156548 53.56581879
v 20.76395416 23.96287918 53.56581879
v 22.24196815 22.59770393 53.56581879
v 21.02873421 27.63143349 51.45746613
v 22.73888969 26.24207687 51.45746613
v 24.35748482 24.74705505 51.45746613
v 22.77049637 29.92008209 49.16212463
v 24.6223011 28.41564941 49.16212463
v 26.37495995 26.7967968 49.16212463
v 24.42060661 32.08830261 46.68902588
v 26.40660667 30.47484779 46.68902588
v 28.28627586 28.73868179 46.68902588
v 25.97242355 34.12736511 44.04812622
v 28.08462334 32.41138458 44.04812622
v 30.08373642 30.56489182 44.04812622
v 27.41969872 36.02906418 41.25005722
v 29.64959908 34.21746063 41.25005722
v 31.76011086 32.26807785 41.25005722
v 28.75660896 37.78574371 38.30607986
v 31.09523392 35.88581085 38.30607986
v 33.30864716 33.84138107 38.30607986
v 29.97777367 39.39033508 35.2280426
v 32.41570663 37.40972137 35.2280426
v 34.72311783 35.2784729 35.2280426
v 31.07827568 40.83637619 32.02833557
v 33.60570908 38.78305435 32.02833557
v 35.99782181 36.57356644 32.02833557
v 32.05368423 42.11805344 28.71984291
v 34.66044235 40.00028229 28.71984291
v 37.12763596 37.72145081 28.71984291
v 32.90007782 43.23019791 25.3158741
v 35.57566833 41.05651093 25.3158741
v 38.10800934 38.71750259 25.3158741
v 33.614048 44.16834259 21.83013153
v 36.34770203 41.94748306 21.83013153
v 38.93499374 39.55771637 21.83013153
v 34.19271851 44.92870712 18.27664948
v 36.97343063 42.66961288 18.27664948
v 39.60526657 40.2387085 18.27664948
v 34.63376236 45.50823212 14.66972733
v 37.45034027 43.21999741 14.66972733
v 40.1161232 40.75773621 14.66972733
v 34.93540192 45.90458298 11.02388191
v 37.77651215 43.59642029 11.02388191
v 40.46551132 41.11271286 11.02388191
v 35.0964241 46.11616516 7.35379219
v 37.950634 43.79736328 7.35379219
v 40.65202713 41.30220795 7.35379219
v 5.4442997 5.53137541 62.47837448
v 3.06671214 14.65628719 61.03381729
v 3.03523779 10.97852707 61.87054825
v 3.99009705 14.43227577 61.03381729
v 3.7254281 10.76391792 61.87054825
v 4.89741516 14.15015221 61.03381729
v 4.4006176 10.50596523 61.87054825
v 5.7850132 13.81104946 61.03381729
v 5.05808687 10.2057085 61.87054825
v 6.64931679 13.41633511 61.03381729
v 3.78825498 18.1046505 59.97154617
v 4.92889595 17.82793427 59.97154617
v 6.04968977 17.47943115 59.97154617
v 7.14612389 17.06054497 59.97154617
v 8.21378326 16.5729599 59.97154617
v 4.49454975 21.48014259 58.68801117
v 5.18275404 24.76917648 57.1883812
v 5.85009766 27.95851135 55.47868729
v 6.4938941 31.03531456 53.56581879
v 7.11155224 33.98719788 51.45746613
v 7.70058584 36.80228043 49.16212463
v 8.25862503 39.46923447 46.68902588
v 8.78342152 41.97731781 44.04812622
v 9.2728653 44.3164444 41.25005722
v 9.72498512 46.47719574 38.30607986
v 10.13796234 48.45087433 35.2280426
v 10.51013279 50.22953415 32.02833557
v 10.8399992 51.80601883 28.71984291
v 11.12623501 53.17398071 25.3158741
v 11.36768627 54.32791519 21.83013153
v 11.5633831 55.26317596 18.27664948
v 11.71253586 55.97600174 14.66972733
v 11.81454563 56.46352386 11.02388191
v 11.86900043 56.72377396 7.35379219
v 5.84785557 21.15183449 58.68801117
v 7.17761421 20.73835564 58.68801117
v 8.4784708 20.24136925 58.68801117
v 9.74518871 19.66287994 58.68801117
v 6.74327755 24.39059639 57.1883812
v 8.27664852 23.91380501 57.1883812
v 9.77669239 23.34072113 57.1883812
v 11.23736858 22.67365265 57.1883812
v 7.61155796 27.53118706 55.47868729
v 9.34236908 26.99300194 55.47868729
v 11.03556156 26.34612656 55.47868729
v 12.68431854 25.59316444 55.47868729
v 8.44920063 30.56096077 53.56581879
v 10.37048626 29.96355057 53.56581879
v 12.2500124 29.24548721 53.56581879
v 14.08021259 28.40966415 53.56581879
v 9.25283527 33.46772766 51.45746613
v 11.35686111 32.81349564 51.45746613
v 13.41515636 32.02713394 51.45746613
v 15.41943359 31.11181068 51.45746613
v 10.01922703 36.23978424 49.16212463
v 12.29752445 35.53136444 49.16212463
v 14.52630329 34.67987061 49.16212463
v 16.69659042 33.68873215 49.16212463
v 10.74529076 38.86597443 46.68902588
v 13.18868923 38.10621643 46.68902588
v 15.57898235 37.19301605 46.68902588
v 17.90654373 36.13005447 46.68902588
v 11.4281044 41.33572769 44.04812622
v 14.02676964 40.52769089 44.04812622
v 16.56895447 39.55646133 44.04812622
v 19.04442024 38.42595291 44.04812622
v 12.06491947 43.63909912 41.25005722
v 14.80839157 42.78603745 41.25005722
v 17.49223518 41.76068878 41.25005722
v 20.10564423 40.56718445 41.25005722
v 12.65317154 45.76682663 38.30607986
v 15.53040886 44.87216949 38.30607986
v 18.34510994 43.79682541 38.30607986
v 21.08594131 42.54513168 38.30607986
v 13.19049549 47.71033478 35.2280426
v 16.1899147 46.77768707 35.2280426
v 19.1241436 45.65668106 35.2280426
v 21.98136711 44.35182953 35.2280426
v 13.67472649 49.46181107 32.02833557
v 16.78425598 48.49492264 32.02833557
v 19.82620239 47.33276367 32.02833557
v 22.78831482 45.9800148 32.02833557
v 14.10391521 51.01420212 28.71984291
v 17.31104088 50.01696777 28.71984291
v 20.44845963 48.81833267 28.71984291
v 23.50354004 47.42312241 28.71984291
v 14.47633648 52.36125565 25.3158741
v 17.76814651 51.33768845 25.3158741
v 20.98841095 50.1074028 25.3158741
v 24.12416267 48.675354 25.3158741
v 14.7904892 53.49755096 21.83013153
v 18.15373611 52.4517746 21.83013153
v 21.4438839 51.19478989 21.83013153
v 24.6476841 49.73166275 21.83013153
v 15.0451088 54.41851807 18.27664948
v 18.46625519 53.35473633 18.27664948
v 21.81304169 52.07611465 18.27664948
v 25.07199669 50.58779907 18.27664948
v 15.23917198 55.12044907 14.66972733
v 18.70444489 54.04294586 14.66972733
v 22.09440231 52.74783325 14.66972733
v 25.39539337 51.2403183 14.66972733
v 15.37189674 55.60051727 11.02388191
v 18.86735153 54.51362991 11.02388191
v 22.28683281 53.20723724 11.02388191
v 25.61657333 51.6865921 11.02388191
v 15.44274902 55.85679245 7.35379219
v 18.95431328 54.76489258 7.35379219
v 22.38955688 53.4524765 7.35379219
v 25.73464584 51.92482758 7.35379219
v 2.99850893 7.15859318 62.47837448
v -10.06329727 57.0717926 7.35379219
v -6.42331982 57.59514236 7.35379219
v -2.75747752 57.88657761 7.35379219
v 0.91946781 57.9449234 7.35379219
v -10.01712608 56.80994797 11.02388191
v -6.39384937 57.33089447 11.02388191
v -2.74482608 57.62099075 11.02388191
v 0.91524923 57.67906952 11.02388191
v -9.93063641 56.31943512 14.66972733
v -6.33864307 56.83588791 14.66972733
v -2.72112679 57.12347794 14.66972733
v 0.90734679 57.18105698 14.66972733
v -9.80417442 55.6022377 18.27664948
v -6.2579236 56.11211014 18.27664948
v -2.68647456 56.39604187 18.27664948
v 0.89579219 56.45288467 18.27664948
v -9.63825035 54.66123581 21.83013153
v -6.15201616 55.16248322 21.83013153
v -2.64100933 55.44160461 21.83013153
v 0.88063198 55.49748611 21.83013153
v -9.43353271 53.50022125 25.3158741
v -6.02134609 53.99082184 25.3158741
v -2.58491373 54.2640152 25.3158741
v 0.86192721 54.31871033 25.3158741
v -9.19084358 52.12386703 28.71984291
v -5.86643982 52.60184479 28.71984291
v -2.51841378 52.86801147 28.71984291
v 0.83975309 52.92129898 28.71984291
v -8.91116142 50.53770828 32.02833557
v -5.68792105 51.00114059 32.02833557
v -2.44177723 51.25920868 32.02833557
v 0.81419897 51.31087494 32.02833557
v -8.59561157 48.74813843 35.2280426
v -5.48650789 49.19515991 35.2280426
v -2.35531235 49.44408798 35.2280426
v 0.78536767 49.49392319 35.2280426
v -8.24546432 46.76235199 38.30607986
v -5.26301146 47.19116211 38.30607986
v -2.25936699 47.42995071 38.30607986
v 0.75337523 47.4777565 38.30607986
v -7.86212778 44.58834457 41.25005722
v -5.01833153 44.99721909 41.25005722
v -2.15432787 45.22490692 41.25005722
v 0.71835041 45.27049255 41.25005722
v -7.44714642 42.2348671 44.04812622
v -4.7534523 42.62216187 44.04812622
v -2.04061747 42.83782959 44.04812622
v 0.68043417 42.88100815 44.04812622
v -7.00218964 39.71139145 46.68902588
v -4.46943998 40.07554626 46.68902588
v -1.9186933 40.27832794 46.68902588
v 0.63977915 40.31892776 46.68902588
v -6.52904892 37.02807617 49.16212463
v -4.16743803 37.36762238 49.16212463
v -1.78904641 37.55670547 49.16212463
v 0.59654903 37.59456253 49.16212463
v -6.02962828 34.19572067 51.45746613
v -3.8486619 34.50929642 51.45746613
v -1.65219855 34.68391418 51.45746613
v 0.55091774 34.71887589 51.45746613
v -5.50593805 31.22572708 53.56581879
v -3.514395 31.51206779 53.56581879
v -1.50870049 31.67152023 53.56581879
v 0.50306898 31.70344353 53.56581879
v -4.96008635 28.13004684 55.47868729
v -3.16598225 28.38800049 55.47868729
v -1.35912979 28.53164482 55.47868729
v 0.45319536 28.56040382 55.47868729
v -4.39426994 24.92114449 57.1883812
v -2.80482626 25.14967155 57.1883812
v -1.20408857 25.27692986 57.1883812
v 0.4014976 25.30240822 57.1883812
v -3.81076646 21.61193085 58.68801117
v -2.43238091 21.81011391 58.68801117
v -1.0442009 21.9204731 58.68801117
v 0.34818381 21.94256783 58.68801117
v -3.21192455 18.21572876 59.97154617
v -2.05014491 18.38276863 59.97154617
v -0.88011014 18.47578621 59.97154617
v 0.29346856 18.49440765 59.97154617
v -2.6001544 14.74620819 61.03381729
v -1.65965712 14.88143158 61.03381729
v -0.71247697 14.95673275 61.03381729
v 0.23757206 14.97180748 61.03381729
v -1.97791851 11.21733379 61.87054825
v -1.26248908 11.32019711 61.87054825
v -0.54197603 11.37747765 61.87054825
v 0.18071935 11.38894558 61.87054825
v -0.36929366 7.75242758 62.47837448
v -3.22412682 7.0598526 62.47837448
v -4.73173428 10.36105347 61.87054825
v -6.22029686 13.62055016 61.03381729
v -7.68382215 16.82522392 59.97154617
v -9.11641979 19.96217346 58.68801117
v -10.51232338 23.01877594 57.1883812
v -11.86591434 25.98272705 55.47868729
v -13.17174435 28.84209633 53.56581879
v -14.42455769 31.58537483 51.45746613
v -15.61931133 34.20151901 49.16212463
v -16.75119591 36.68000412 46.68902588
v -17.81565666 39.010849 44.04812622
v -18.80840874 41.18466949 41.25005722
v -19.72545624 43.19272614 38.30607986
v -20.56310844 45.02692413 35.2280426
v -21.31799126 46.67988968 32.02833557
v -21.98707008 48.14496613 28.71984291
v -22.56764793 49.41625595 25.3158741
v -23.05739212 50.48864746 21.83013153
v -23.45432854 51.35781479 18.27664948
v -23.75685883 52.02026749 14.66972733
v -23.96376801 52.47333145 11.02388191
v -24.07422256 52.71519089 7.35379219
v -18.16247559 3.50053048 59.97154617
v -14.7030983 2.83379006 61.03381729
v -21.54874992 4.15318108 58.68801117
v -24.84828758 4.78911495 57.1883812
v -28.0478096 5.40577221 55.47868729
v -45.9618187 -11.9254446 38.30607986
v -47.02866745 -15.44570446 35.2280426
v -45.11292648 -14.81651306 38.30607986
v -45.95435715 -18.3973484 35.2280426
v -44.08237839 -17.64792061 38.30607986
v -44.69500351 -21.2749157 35.2280426
v -42.8743248 -20.40826797 38.30607986
v -43.82502747 -11.37102413 41.25005722
v -43.01560211 -14.12768555 41.25005722
v -42.0329628 -16.82745934 41.25005722
v -40.881073 -19.45947647 41.25005722
v -44.45798874 -8.56857491 41.25005722
v -42.11139297 -8.11630535 44.04812622
v -41.51184082 -10.77083492 44.04812622
v -39.59529495 -7.63136768 46.68902588
v -39.03156662 -10.12729168 46.68902588
v -36.91982651 -7.11571312 49.16212463
v -36.39418793 -9.44298649 49.16212463
v -34.0957489 -6.57141733 51.45746613
v -33.61032104 -8.72067356 51.45746613
v -31.13443947 -6.00067139 53.56581879
v -30.69116974 -7.96325827 53.56581879
v -28.0478096 -5.40577221 55.47868729
v -27.64848518 -7.17379093 55.47868729
v -24.84828758 -4.78911495 57.1883812
v -24.49451637 -6.35544872 57.1883812
v -21.54874992 -4.15318108 58.68801117
v -21.2419529 -5.51152563 58.68801117
v -18.16247559 -3.50053048 59.97154617
v -17.90389252 -4.64541817 59.97154617
v -40.74513626 -13.38199329 44.04812622
v -39.81436539 -15.93926716 44.04812622
v -38.72327423 -18.4323597 44.04812622
v -38.31066895 -12.58243752 46.68902588
v -37.43551254 -14.9869175 46.68902588
v -36.40961075 -17.33105087 46.68902588
v -35.72200394 -11.73223686 49.16212463
v -34.90597916 -13.97424603 49.16212463
v -33.94939804 -16.15998459 49.16212463
v -32.98955154 -10.83481407 51.45746613
v -32.23594666 -12.90532684 51.45746613
v -31.35253906 -14.9238739 51.45746613
v -30.12431717 -9.89377975 53.56581879
v -29.43616486 -11.78446293 53.56581879
v -28.62948418 -13.62769413 53.56581879
v -27.13783073 -8.91292286 55.47868729
v -26.51790047 -10.61616611 55.47868729
v -25.79119301 -12.27666187 55.47868729
v -24.04211235 -7.89619112 57.1883812
v -23.49290085 -9.40513897 57.1883812
v -22.84909058 -10.87621498 57.1883812
v -20.84962463 -6.84767675 58.68801117
v -20.37334061 -8.15625477 58.68801117
v -19.81502151 -9.43199158 58.68801117
v -17.57321548 -5.77160025 59.97154617
v -17.17177773 -6.87454271 59.97154617
v -16.70119476 -7.94980335 59.97154617
v -47.64136887 -19.0727272 32.02833557
v -47.79006195 -22.74816895 28.71984291
v -46.33578491 -22.05592918 32.02833557
v -12.05786896 -8.87802124 61.03381729
v -11.4705143 -9.62490368 61.03381729
v -14.89487171 -10.96686172 59.97154617
v -14.16932201 -11.88947296 59.97154617
v -13.3867178 -12.76420975 59.97154617
v -17.67192078 -13.01156044 58.68801117
v -16.8110981 -14.10618591 58.68801117
v -15.88258266 -15.1440115 58.68801117
v -14.89011288 -16.12085724 58.68801117
v -4.0650692 10.64029789 61.87054825
v -5.3439045 13.98764324 61.03381729
v -6.60123014 17.27868652 59.97154617
v -7.83198595 20.50018311 58.68801117
v -9.03121758 23.63916588 57.1883812
v -10.19409752 26.68299866 55.47868729
v -11.31594658 29.61943245 53.56581879
v -12.39224815 32.43664551 51.45746613
v -13.4186697 35.12329865 49.16212463
v -14.39108086 37.6685791 46.68902588
v -15.30556774 40.06224442 44.04812622
v -16.15844917 42.29465485 41.25005722
v -16.94629097 44.3568306 38.30607986
v -17.66592407 46.24046326 35.2280426
v -18.31444931 47.93798065 32.02833557
v -18.88925934 49.44254303 28.71984291
v -19.38804054 50.74809647 25.3158741
v -19.80878258 51.84938431 21.83013153
v -20.14979362 52.74198151 18.27664948
v -20.40970039 53.42228699 14.66972733
v -20.58745766 53.8875618 11.02388191
v -20.68234825 54.13594055 7.35379219
v 51.50998688 26.55524445 7.35379219
v 53.09051895 23.23481369 7.35379219
v 54.45727158 19.82082558 7.35379219
v 55.60474777 16.32702637 7.35379219
v 56.52832031 12.76748466 7.35379219
v 51.27365494 26.43340683 11.02388191
v 52.84693527 23.12821198 11.02388191
v 54.20742035 19.72988701 11.02388191
v 55.34962845 16.25211716 11.02388191
v 56.26896667 12.70890617 11.02388191
v 50.83094788 26.2051754 14.66972733
v 52.39064407 22.92851639 14.66972733
v 53.73937988 19.55953407 14.66972733
v 54.87172699 16.11179352 14.66972733
v 55.78312683 12.5991745 14.66972733
v 50.18364334 25.87146568 18.27664948
v 51.72347641 22.63653374 18.27664948
v 53.05503845 19.31045341 18.27664948
v 54.172966 15.90661812 18.27664948
v 55.07275772 12.43873119 18.27664948
v 49.33434296 25.43362236 21.83013153
v 50.84811783 22.25343895 21.83013153
v 52.15714645 18.9836483 21.83013153
v 53.25615311 15.63741779 21.83013153
v 54.14071655 12.22821999 21.83013153
v 48.28647232 24.89340782 25.3158741
v 49.76809311 21.78077126 25.3158741
v 51.04931641 18.58043289 25.3158741
v 52.12498093 15.30527592 25.3158741
v 52.99075699 11.9684906 25.3158741
v 47.04424667 24.25299644 28.71984291
v 48.48775101 21.2204361 28.71984291
v 49.73601532 18.10242844 28.71984291
v 50.78400803 14.91152954 28.71984291
v 51.62751007 11.66058731 28.71984291
v 45.61266708 23.51496506 32.02833557
v 47.01224518 20.57468605 32.02833557
v 48.22252274 17.55156326 32.02833557
v 49.23862457 14.45776463 32.02833557
v 50.05645752 11.30574989 32.02833557
v 43.99749374 22.6822834 35.2280426
v 45.34751129 19.84612465 35.2280426
v 46.51493073 16.9300499 35.2280426
v 47.49505234 13.94580555 35.2280426
v 48.28392792 10.905406 35.2280426
v 42.2052269 21.7583065 38.30607986
v 43.50025177 19.03767967 38.30607986
v 44.62011337 16.24039459 38.30607986
v 45.56031036 13.37771416 38.30607986
v 46.31705093 10.46116734 38.30607986
v 40.24308395 20.74675179 41.25005722
v 41.47790146 18.15260696 41.25005722
v 42.54570007 15.48536873 41.25005722
v 43.44218445 12.75577641 41.25005722
v 44.16374588 9.97482109 41.25005722
v 38.11895752 19.65168953 44.04812622
v 39.28860092 17.19446945 44.04812622
v 40.3000412 14.66801453 44.04812622
v 41.14920425 12.08249664 44.04812622
v 41.83267975 9.44832706 44.04812622
v 35.84140396 18.47752762 46.68902588
v 36.94115829 16.16712379 46.68902588
v 37.89216614 13.79162121 46.68902588
v 38.69059753 11.36058426 46.68902588
v 39.33323288 8.88380241 46.68902588
v 33.41958618 17.22899437 49.16212463
v 34.44503021 15.07470512 49.16212463
v 35.33177948 12.85971546 49.16212463
v 36.07625961 10.5929451 49.16212463
v 36.67547226 8.2835207 49.16212463
v 30.86325073 15.91111183 51.45746613
v 31.81025887 13.92160892 51.45746613
v 32.62917709 11.87604904 51.45746613
v 33.31671143 9.78266907 51.45746613
v 33.87008667 7.64989662 51.45746613
v 28.18269157 14.5291872 53.56581879
v 29.04744911 12.71247864 53.56581879
v 29.79524231 10.84458065 53.56581879
v 30.42305946 8.93301678 53.56581879
v 30.92837524 6.98548174 53.56581879
v 25.38869476 13.08878231 55.47868729
v 26.16772079 11.45217896 55.47868729
v 26.84137917 9.76946259 55.47868729
v 27.40695572 8.0474081 55.47868729
v 27.86217499 6.29294968 55.47868729
v 22.49250793 11.59569359 57.1883812
v 23.18266678 10.14578438 57.1883812
v 23.77947807 8.65502262 57.1883812
v 24.28053856 7.12940931 57.1883812
v 24.68382835 5.5750885 57.1883812
v 19.5057869 10.05593204 58.68801117
v 20.10430336 8.79855251 58.68801117
v 20.62186432 7.50574493 58.68801117
v 21.05639076 6.18271399 58.68801117
v 21.40612793 4.83478737 58.68801117
v 16.44055557 8.47569561 59.97154617
v 16.94501686 7.41590643 59.97154617
v 17.38124657 6.32625628 59.97154617
v 17.74748802 5.211133 59.97154617
v 18.04226685 4.07502604 59.97154617
v 13.71752644 6.00341082 61.03381729
v 10.70345497 3.89573908 61.87054825
v 10.92898846 3.20904064 61.87054825
v 11.11051464 2.50942039 61.87054825
v 14.36715317 4.21857691 61.03381729
v 14.60578537 3.29886222 61.03381729
v 14.07066822 5.12130451 61.03381729
v 21.66967201 -3.46739268 58.68801117
v 18.04226685 -4.07502604 59.97154617
v 14.36715317 -4.21857691 61.03381729
v 10.70345497 -3.89573908 61.87054825
v 21.40612793 -4.83478737 58.68801117
v 21.05639076 -6.18271399 58.68801117
v 20.62186432 -7.50574493 58.68801117
v 17.74748802 -5.211133 59.97154617
v 14.07066822 -5.12130451 61.03381729
v 17.38124657 -6.32625628 59.97154617
v 4.4006176 -10.50596523 61.87054825
v 5.7850132 -13.81104946 61.03381729
v 7.14612389 -17.06054497 59.97154617
v 8.4784708 -20.24136925 58.68801117
v 9.77669239 -23.34072113 57.1883812
v 11.03556156 -26.34612656 55.47868729
v 12.2500124 -29.24548721 53.56581879
v 13.41515636 -32.02713394 51.45746613
v 14.52630329 -34.67987061 49.16212463
v 15.57898235 -37.19301605 46.68902588
v 16.56895447 -39.55646133 44.04812622
v 17.49223518 -41.76068878 41.25005722
v 18.34510994 -43.79682541 38.30607986
v 19.1241436 -45.65668106 35.2280426
v 19.82620239 -47.33276367 32.02833557
v 20.44845963 -48.81833267 28.71984291
v 20.98841095 -50.1074028 25.3158741
v 21.4438839 -51.19478989 21.83013153
v 21.81304169 -52.07611465 18.27664948
v 22.09440231 -52.74783325 14.66972733
v 22.28683281 -53.20723724 11.02388191
v 22.38955688 -53.4524765 7.35379219
v -12.57309151 7.78492832 64.180336
v -13.02849102 6.99615192 64.180336
v -13.43447018 6.18083715 64.180336
v -16.19385529 8.69591713 63.16476822
v -16.69846916 7.68251514 63.16476822
v -19.29855156 10.36310387 61.93128967
v -19.89991188 9.15541172 61.93128967
v -22.33094978 11.99146748 60.4845314
v -23.02680206 10.5940094 60.4845314
v -25.27968979 13.57490635 58.82991028
v -26.06742477 11.99291897 58.82991028
v -28.13372231 15.10748959 56.97362137
v -29.01039124 13.34689808 56.97362137
v -30.88235474 16.58347511 54.9226265
v -31.84467506 14.65087509 54.9226265
v -33.51529312 17.99733353 52.68460083
v -34.55965805 15.89996624 52.68460083
v -36.02267456 19.34376717 50.26793289
v -37.1451683 17.08948898 50.26793289
v -38.39509964 20.617733 47.68167496
v -39.59152222 18.21499062 47.68167496
v -40.62368393 21.81445694 44.93552017
v -41.88955307 19.27225113 44.93552017
v -42.70007706 22.92945862 42.03975296
v -44.03064728 20.25731277 42.03975296
v -44.61650467 23.95855713 39.00522232
v -46.00679398 21.16648293 39.00522232
v -46.36578369 24.89789963 35.84329224
v -47.81057739 21.99635696 35.84329224
v -47.94135666 25.74396515 32.56581879
v -49.43524933 22.74382401 32.56581879
v -49.33732986 26.49358749 29.18507385
v -50.87472153 23.40608597 29.18507385
v -50.54846573 27.14395332 25.71372032
v -52.12360001 23.98066139 25.71372032
v -51.57023239 27.69263077 22.16476822
v -53.17720413 24.46539688 22.16476822
v -52.3987999 28.1375618 18.55151176
v -54.03158951 24.85847664 18.55151176
v -53.03106308 28.47707939 14.8874855
v -54.6835556 25.15842628 14.8874855
v -53.46465302 28.70991325 11.18641853
v -55.1306572 25.36412621 11.18641853
v -53.69794846 28.83518982 7.46217346
v -55.37121964 25.47480392 7.46217346
v -53.73007202 28.85243988 3.72870636
v -55.40434647 25.49004364 3.72870636
v -9.09228706 6.43629694 64.97419739
v -12.06999683 8.54417419 64.180336
v -15.00248814 10.62004185 63.16476822
v -15.62781239 9.67633247 63.16476822
v -17.87877464 12.65612316 61.93128967
v -18.6239872 11.5314846 61.93128967
v -20.68808174 14.64479065 60.4845314
v -21.55039024 13.34343719 60.4845314
v -23.41988564 16.5785923 58.82991028
v -24.39605904 15.10540009 58.82991028
v -26.06394768 18.45028687 56.97362137
v -27.15032959 16.81077194 56.97362137
v -28.61036873 20.25286102 54.9226265
v -29.80288887 18.45316696 54.9226265
v -31.04960442 21.97955894 52.68460083
v -32.34379578 20.02643013 52.68460083
v -33.37251663 23.62391472 50.26793289
v -34.76353073 21.52466583 50.26793289
v -35.57040405 25.17976952 47.68167496
v -37.05302811 22.94226456 47.68167496
v -37.63503647 26.64129066 44.93552017
v -39.20371628 24.27391243 44.93552017
v -39.55867004 28.00300407 42.03975296
v -41.20753098 25.51462364 42.03975296
v -41.33410645 29.25980949 39.00522232
v -43.0569725 26.65974808 39.00522232
v -42.95469284 30.40699768 35.84329224
v -44.74510574 27.70499611 35.84329224
v -44.41435623 31.44027138 32.56581879
v -46.26560593 28.64645195 32.56581879
v -45.70762634 32.35575867 29.18507385
v -47.61278534 29.48058701 29.18507385
v -46.82966232 33.15003204 25.71372032
v -48.78158569 30.20428085 25.71372032
v -47.77625656 33.82011032 22.16476822
v -49.76763916 30.81481743 22.16476822
v -48.5438652 34.36349106 18.55151176
v -50.56724167 31.30991173 18.55151176
v -49.12961578 34.77813339 14.8874855
v -51.17740631 31.6877079 14.8874855
v -49.53130722 35.06248474 11.18641853
v -51.59584045 31.9467926 11.18641853
v -49.74743652 35.2154808 7.46217346
v -51.82098007 32.08619308 7.46217346
v -49.77719879 35.23654938 3.72870636
v -51.85198212 32.10538864 3.72870636
v -7.75480747 7.9974103 64.97419739
v -8.23242664 7.50484896 64.97419739
v -8.67881775 6.98381901 64.97419739
v -10.92853355 9.96267509 64.180336
v -11.52111721 9.27100849 64.180336
v -13.58369827 12.3831768 63.16476822
v -14.32025433 11.52346516 63.16476822
v -16.18797302 14.75728798 61.93128967
v -17.06574249 13.73275185 61.93128967
v -18.73160362 17.07611275 60.4845314
v -19.74729729 15.89059067 60.4845314
v -21.20505905 19.33096504 58.82991028
v -22.35487175 17.98889923 58.82991028
v -23.59907341 21.51339722 56.97362137
v -24.87869835 20.01981354 56.97362137
v -25.90467644 23.61523247 54.9226265
v -27.30931854 21.97572708 54.9226265
v -28.11323357 25.62859726 52.68460083
v -29.63763046 23.84931374 52.68460083
v -30.2164669 27.54594994 50.26793289
v -31.8549099 25.63355064 50.26793289
v -32.20650101 29.36010551 47.68167496
v -33.95285034 27.32175636 47.68167496
v -34.07587814 31.06426811 44.93552017
v -35.92359161 28.90760612 44.93552017
v -35.81759644 32.65205383 42.03975296
v -37.75975037 30.38515854 42.03975296
v -37.42512894 34.11751175 39.00522232
v -39.4544487 31.74887848 39.00522232
v -38.89245605 35.45515823 35.84329224
v -41.00133896 32.99365616 35.84329224
v -40.214077 36.65997314 32.56581879
v -42.3946228 34.1148262 32.56581879
v -41.38504028 37.72745132 29.18507385
v -43.62908554 35.10819244 29.18507385
v -42.40096664 38.65358734 25.71372032
v -44.70009613 35.97003174 25.71372032
v -43.25804138 39.43491364 22.16476822
v -45.60364532 36.69711685 22.16476822
v -43.95305634 40.06850815 18.55151176
v -46.33634567 37.28672028 18.55151176
v -44.48340988 40.55198669 14.8874855
v -46.89545822 37.7366333 14.8874855
v -44.84711456 40.88354874 11.18641853
v -47.27888489 38.04517746 11.18641853
v -45.04280853 41.06194305 7.46217346
v -47.48518753 38.21118546 7.46217346
v -45.06975174 41.0865097 3.72870636
v -47.51359177 38.23404694 3.72870636
v -4.84698534 5.6574254 65.54338074
v -4.48951578 5.9450798 65.54338074
v -6.71324205 8.8897686 64.97419739
v -6.15324688 9.28618145 64.97419739
v -8.16842556 12.32739067 64.180336
v -7.39404726 12.80686569 64.180336
v -9.19048309 15.91838455 63.16476822
v -8.19310188 16.45396614 63.16476822
v -9.76388836 19.60853195 61.93128967
v -8.53825092 20.17241478 61.93128967
v -9.87987328 23.34212303 60.4845314
v -8.4241724 23.90606499 60.4845314
v -9.53656006 27.06279373 58.82991028
v -7.85246277 27.59854317 58.82991028
v -8.73899174 30.71437073 56.97362137
v -6.83161211 31.19409561 56.97362137
v -7.49905348 34.24172592 54.9226265
v -5.37687874 34.63842773 54.9226265
v -5.8352952 37.59159851 52.68460083
v -3.51005483 37.87952423 52.68460083
v -3.77265263 40.71340561 50.26793289
v -1.25914299 40.86843109 50.26793289
v -1.34206915 43.55999756 47.68167496
v 1.34206915 43.55999756 47.68167496
v 1.41996753 46.08837128 44.93552017
v 4.25451612 45.91353989 44.93552017
v 4.47197676 48.26031494 42.03975296
v 7.43444395 47.89348221 42.03975296
v 7.7681098 50.04299545 39.00522232
v 10.8340683 49.46986771 39.00522232
v 11.25883961 51.40943146 35.84329224
v 14.40229607 50.61882019 35.84329224
v 14.89170742 52.33892059 32.56581879
v 18.08549309 51.32290268 32.56581879
v 18.61211205 52.81734085 29.18507385
v 21.82829475 51.57138443 29.18507385
v 22.36413765 52.8373642 25.71372032
v 25.57443619 51.36039352 25.71372032
v 26.0913887 52.39857101 22.16476822
v 29.26760483 50.69297791 22.16476822
v 29.73784065 51.5074501 18.55151176
v 32.85228348 49.57906723 18.55151176
v 33.24869156 50.17730713 14.8874855
v 36.27458954 48.03532028 14.8874855
v 36.57117462 48.42806244 11.18641853
v 39.48308945 46.08485794 11.18641853
v 39.65537262 46.28594971 7.46217346
v 42.42956543 43.75693893 7.46217346
v 42.45494843 43.78311539 3.72870636
v 45.06975174 41.0865097 3.72870636
v 46.28876114 39.70811462 3.72870636
v 47.51359177 38.23404694 3.72870636
v 47.48518753 38.21118546 7.46217346
v 49.77719879 35.23654938 3.72870636
v 49.74743652 35.2154808 7.46217346
v 51.85198212 32.10538864 3.72870636
v 51.82098007 32.08619308 7.46217346
v 53.73007202 28.85243988 3.72870636
v 53.69794846 28.83518982 7.46217346
v 55.40434647 25.49004364 3.72870636
v 55.37121964 25.47480392 7.46217346
v 56.86845016 22.03095627 3.72870636
v 56.83444977 22.01778412 7.46217346
v 58.11683655 18.48829651 3.72870636
v 58.08208847 18.47724342 7.46217346
v 59.14476395 14.87550545 3.72870636
v 59.1094017 14.86661148 7.46217346
v 59.94833755 11.20628643 3.72870636
v 59.91249466 11.19958591 7.46217346
v 60.5245018 7.49455738 3.72870636
v 60.48831558 7.49007702 7.46217346
v 60.87107849 3.75439978 3.72870636
v 60.83468628 3.75215507 7.46217346
v 60.98675156 0 3.72870636
v 60.95028687 0 7.46217346
v 60.87107849 -3.75439978 3.72870636
v 60.83468628 -3.75215507 7.46217346
v 60.5245018 -7.49455738 3.72870636
v 60.48831558 -7.49007702 7.46217346
v 59.94833755 -11.20628643 3.72870636
v 59.91249466 -11.19958591 7.46217346
v 59.14476395 -14.87550545 3.72870636
v 59.1094017 -14.86661148 7.46217346
v 58.11683655 -18.48829651 3.72870636
v 58.08208847 -18.47724342 7.46217346
v 56.86845016 -22.03095627 3.72870636
v 56.83444977 -22.01778412 7.46217346
v 55.40434647 -25.49004364 3.72870636
v 55.37121964 -25.47480392 7.46217346
v 53.73007202 -28.85243988 3.72870636
v 53.69794846 -28.83518982 7.46217346
v 51.85198212 -32.10538864 3.72870636
v 51.82098007 -32.08619308 7.46217346
v 49.77719879 -35.23654938 3.72870636
v 49.74743652 -35.2154808 7.46217346
v 47.51359177 -38.23404694 3.72870636
v 47.48518753 -38.21118546 7.46217346
v 45.06975174 -41.0865097 3.72870636
v 45.04280853 -41.06194305 7.46217346
v 42.45494843 -43.78311539 3.72870636
v 42.42956543 -43.75693893 7.46217346
v 39.67909622 -46.31363678 3.72870636
v 39.65537262 -46.28594971 7.46217346
v 36.75272751 -48.66847992 3.72870636
v 36.73075485 -48.63938141 7.46217346
v 33.68694687 -50.83869934 3.72870636
v 33.66680527 -50.80830765 7.46217346
v 30.49337578 -52.81607437 3.72870636
v 30.47514343 -52.78450012 7.46217346
v 27.18413353 -54.5931015 3.72870636
v 27.16788101 -54.56046295 7.46217346
v 23.77177429 -56.16303635 3.72870636
v 23.75756073 -56.12945557 7.46217346
v 20.26923943 -57.51992416 3.72870636
v 20.25712013 -57.48553467 7.46217346
v 16.68981743 -58.65862274 3.72870636
v 16.67983818 -58.62355042 7.46217346
v 13.04708385 -59.57480621 3.72870636
v 13.0392828 -59.53918839 7.46217346
v 9.3548584 -60.2650032 3.72870636
v 9.34926605 -60.22896957 7.46217346
v 5.62714767 -60.72659302 3.72870636
v 5.62378311 -60.69028473 7.46217346
v 1.87809062 -60.95782471 3.72870636
v 1.87696767 -60.9213829 7.46217346
v -1.87809062 -60.95782471 3.72870636
v -1.87696767 -60.9213829 7.46217346
v -5.62714767 -60.72659302 3.72870636
v -5.62378311 -60.69028473 7.46217346
v -9.3548584 -60.2650032 3.72870636
v -9.34926605 -60.22896957 7.46217346
v -13.04708385 -59.57480621 3.72870636
v -13.0392828 -59.53918839 7.46217346
v -16.68981743 -58.65862274 3.72870636
v -16.67983818 -58.62355042 7.46217346
v -20.26923943 -57.51992416 3.72870636
v -20.25712013 -57.48553467 7.46217346
v -23.77177429 -56.16303635 3.72870636
v -23.75756073 -56.12945557 7.46217346
v -27.18413353 -54.5931015 3.72870636
v -27.16788101 -54.56046295 7.46217346
v -30.49337578 -52.81607437 3.72870636
v -30.47514343 -52.78450012 7.46217346
v -33.68694687 -50.83869934 3.72870636
v -33.66680527 -50.80830765 7.46217346
v -36.75272751 -48.66847992 3.72870636
v -36.73075485 -48.63938141 7.46217346
v -39.67909622 -46.31363678 3.72870636
v -39.65537262 -46.28594971 7.46217346
v -42.45494843 -43.78311539 3.72870636
v -42.42956543 -43.75693893 7.46217346
v -45.06975174 -41.0865097 3.72870636
v -45.04280853 -41.06194305 7.46217346
v -47.51359177 -38.23404694 3.72870636
v -47.48518753 -38.21118546 7.46217346
v -49.77719879 -35.23654938 3.72870636
v -49.74743652 -35.2154808 7.46217346
v -51.85198212 -32.10538864 3.72870636
v -51.82098007 -32.08619308 7.46217346
v -53.73007202 -28.85243988 3.72870636
v -53.69794846 -28.83518982 7.46217346
v -55.40434647 -25.49004364 3.72870636
v -55.37121964 -25.47480392 7.46217346
v -56.86845016 -22.03095627 3.72870636
v -56.83444977 -22.01778412 7.46217346
v -58.11683655 -18.48829651 3.72870636
v -58.08208847 -18.47724342 7.46217346
v -59.14476395 -14.87550545 3.72870636
v -59.1094017 -14.86661148 7.46217346
v -59.94833755 -11.20628643 3.72870636
v -59.91249466 -11.19958591 7.46217346
v -60.5245018 -7.49455738 3.72870636
v -60.48831558 -7.49007702 7.46217346
v -60.87107849 -3.75439978 3.72870636
v -60.83468628 -3.75215507 7.46217346
v -60.98675156 0 3.72870636
v -60.95028687 -0 7.46217346
v -60.87107849 3.75439978 3.72870636
v -60.83468628 3.75215507 7.46217346
v -60.5245018 7.49455738 3.72870636
v -60.48831558 7.49007702 7.46217346
v -59.94833755 11.20628643 3.72870636
v -59.91249466 11.19958591 7.46217346
v -59.14476395 14.87550545 3.72870636
v -59.1094017 14.86661148 7.46217346
v -58.11683655 18.48829651 3.72870636
v -58.08208847 18.47724342 7.46217346
v -56.86845016 22.03095627 3.72870636
v -56.83444977 22.01778412 7.46217346
v -3.39029932 1.55978513 65.88574219
v -3.28784704 1.76553667 65.88574219
v -3.17292309 1.96459079 65.88574219
v -0 0 66
v -3.61918259 -0.91026098 65.88574219
v -3.66835475 -0.68573433 65.88574219
v -3.70361161 -0.45860648 65.88574219
v -4.84698534 -5.6574254 65.54338074
v -2.90744877 -2.33961535 65.88574219
v -3.04596305 -2.15619278 65.88574219
v -7.24777126 -8.45963478 64.97419739
v -6.71324205 -8.8897686 64.97419739
v -4.48951578 -5.9450798 65.54338074
v -4.11501646 -6.21018267 65.54338074
v -3.72490692 -6.45172787 65.54338074
v -3.32066774 -6.66879988 65.54338074
v -2.9038322 -6.86057472 65.54338074
v -2.47598147 -7.02632523 65.54338074
v -2.03873825 -7.16542196 65.54338074
v -3.70237303 -10.50657177 64.97419739
v -3.0485568 -10.71456528 64.97419739
v -4.9148941 -13.94745636 64.180336
v -4.04695415 -14.22356796 64.180336
v -6.10900259 -17.33609009 63.16476822
v -5.03019047 -17.67928505 63.16476822
v -7.28022432 -20.65977669 61.93128967
v -5.9945817 -21.06876945 61.93128967
v -8.4241724 -23.90606499 60.4845314
v -6.93651533 -24.37932205 60.4845314
v -9.53656006 -27.06279373 58.82991028
v -7.85246277 -27.59854317 58.82991028
v -10.61322117 -30.11813545 56.97362137
v -8.73899174 -30.71437073 56.97362137
v -11.65012169 -33.06064224 54.9226265
v -9.59278202 -33.71512985 54.9226265
v -12.64337635 -35.87929535 52.68460083
v -10.41063404 -36.58958435 52.68460083
v -13.58926487 -38.56353378 50.26793289
v -11.1894846 -39.3269577 50.26793289
v -14.48424339 -41.10329819 47.68167496
v -11.92641544 -41.91700363 47.68167496
v -15.32495975 -43.48907852 44.93552017
v -12.6186657 -44.35000992 44.93552017
v -16.10826302 -45.71192932 42.03975296
v -13.26364326 -46.61687088 42.03975296
v -16.83121872 -47.76353073 39.00522232
v -13.85892963 -48.70908356 39.00522232
v -17.49111938 -49.63619614 35.84329224
v -14.40229607 -50.61882019 35.84329224
v -18.08549309 -51.32290268 32.56581879
v -14.89170742 -52.33892059 32.56581879
v -18.61211205 -52.81734085 29.18507385
v -15.32532883 -53.86294174 29.18507385
v -19.06900406 -54.11390686 25.71372032
v -15.70153618 -55.18517303 25.71372032
v -19.45445824 -55.20774078 22.16476822
v -16.0189209 -56.30066681 22.16476822
v -19.7670269 -56.09475327 18.55151176
v -16.2762928 -57.20523453 18.55151176
v -20.00554466 -56.77161026 14.8874855
v -16.47268867 -57.89549255 14.8874855
v -20.16911316 -57.23578644 11.18641853
v -16.60737228 -58.36885834 11.18641853
v -8.67881775 -6.98381901 64.97419739
v -8.23242664 -7.50484896 64.97419739
v -7.75480747 -7.9974103 64.97419739
v -10.92853355 -9.96267509 64.180336
v -10.29449463 -10.61654949 64.180336
v -13.58369827 -12.3831768 63.16476822
v -12.7956152 -13.19591522 63.16476822
v -16.18797302 -14.75728798 61.93128967
v -15.24879837 -15.72584438 61.93128967
v -18.73160362 -17.07611275 60.4845314
v -17.6448555 -18.19685936 60.4845314
v -21.20505905 -19.33096504 58.82991028
v -19.97480774 -20.59970284 58.82991028
v -23.59907341 -21.51339722 56.97362137
v -22.22992897 -22.92537308 56.97362137
v -25.90467644 -23.61523247 54.9226265
v -24.40176964 -25.16515732 54.9226265
v -28.11323357 -25.62859726 52.68460083
v -26.48219109 -27.31066513 52.68460083
v -30.2164669 -27.54594994 50.26793289
v -28.4634037 -29.35385704 50.26793289
v -32.20650101 -29.36010551 47.68167496
v -30.33798218 -31.28708076 47.68167496
v -34.07587814 -31.06426811 44.93552017
v -32.09890366 -33.10309219 44.93552017
v -35.81759644 -32.65205383 42.03975296
v -33.73957062 -34.79508591 42.03975296
v -37.42512894 -34.11751175 39.00522232
v -35.2538414 -36.3567276 39.00522232
v -38.89245605 -35.45515823 35.84329224
v -36.63603592 -37.78216553 35.84329224
v -40.214077 -36.65997314 32.56581879
v -37.88098145 -39.0660553 32.56581879
v -41.38504028 -37.72745132 29.18507385
v -38.9840126 -40.20359421 29.18507385
v -42.40096664 -38.65358734 25.71372032
v -39.94099426 -41.19051743 25.71372032
v -43.25804138 -39.43491364 22.16476822
v -40.74834442 -42.02312469 22.16476822
v -43.95305634 -40.06850815 18.55151176
v -41.40304184 -42.69829941 18.55151176
v -44.48340988 -40.55198669 14.8874855
v -41.90262222 -43.21351242 14.8874855
v -44.84711456 -40.88354874 11.18641853
v -42.24522781 -43.5668335 11.18641853
v -9.09228706 -6.43629694 64.97419739
v -12.57309151 -7.78492832 64.180336
v -13.02849102 -6.99615192 64.180336
v -16.19385529 -8.69591713 63.16476822
v -16.69846916 -7.68251514 63.16476822
v -19.89991188 -9.15541172 61.93128967
v -20.42578316 -7.91299057 61.93128967
v -23.6353035 -9.15636539 60.4845314
v -24.15415001 -7.68398809 60.4845314
v -27.34363747 -8.69863701 58.82991028
v -27.82727051 -6.99883938 58.82991028
v -30.96891975 -7.78899622 56.97362137
v -31.38968086 -5.86774826 56.97362137
v -34.45641708 -6.44102097 54.9226265
v -34.7875824 -4.30763626 54.9226265
v -37.75346756 -4.67489243 52.68460083
v -37.96965027 -2.34188795 52.68460083
v -40.81027603 -2.51709151 50.26793289
v -40.88782501 -0 50.26793289
v -43.58066559 -0 47.68167496
v -43.49800873 2.68286538 47.68167496
v -46.02278519 2.83858824 44.93552017
v -45.760746 5.66640854 44.93552017
v -48.09971237 5.95603514 42.03975296
v -47.64182281 8.90580082 42.03975296
v -49.78004074 9.30550289 39.00522232
v -49.11277008 12.35235786 39.00522232
v -51.03833389 12.83665562 35.84329224
v -50.15129471 15.95427513 35.84329224
v -51.8555069 16.49642372 32.56581879
v -50.74161911 19.65740776 32.56581879
v -52.21913147 20.22979927 29.18507385
v -13.78948689 -5.34207582 64.180336
v -13.43447018 -6.18083715 64.180336
v -11.1186924 -0.68577749 64.97419739
v -14.53629875 -2.71730518 64.180336
v -14.34144878 -3.60701919 64.180336
v -18.06799507 -3.37749386 63.16476822
v -17.82580566 -4.48336983 63.16476822
v -21.5320034 -4.02502918 61.93128967
v -21.24337959 -5.34292459 61.93128967
v -24.91534615 -4.65748549 60.4845314
v -24.58137131 -6.18246269 60.4845314
v -28.20534706 -5.27249289 58.82991028
v -11.1186924 0.68577749 64.97419739
v -11.13982105 -0 64.97419739
v -14.78809452 -0 64.180336
v -14.76004601 -0.9103685 64.180336
v -18.38096619 -0 63.16476822
v -18.34610367 -1.131549 63.16476822
v -21.9049778 -0 61.93128967
v -21.86343193 -1.34849024 61.93128967
v -25.34692574 -0 60.4845314
v -25.29885101 -1.56037974 60.4845314
v -28.69391441 -0 58.82991028
v -28.63949203 -1.76642334 58.82991028
v -31.93340683 -0 56.97362137
v -31.87284088 -1.96584952 56.97362137
v -35.05326843 -0 54.9226265
v -34.98678207 -2.15791082 54.9226265
v -38.04180527 -0 52.68460083
v -14.09219646 4.48305035 64.180336
v -14.34144878 3.60701919 64.180336
v -14.53629875 2.71730518 64.180336
v -17.82580566 4.48336983 63.16476822
v -18.06799507 3.37749386 63.16476822
v -21.24337959 5.34292459 61.93128967
v -21.5320034 4.02502918 61.93128967
v -24.58137131 6.18246269 60.4845314
v -24.91534615 4.65748549 60.4845314
v -27.82727051 6.99883938 58.82991028
v -28.20534706 5.27249289 58.82991028
v -30.96891975 7.78899622 56.97362137
v -31.38968086 5.86774826 56.97362137
v -33.9945488 8.54997253 54.9226265
v -34.45641708 6.44102097 54.9226265
v -36.89282608 9.27891827 52.68460083
v -37.39406967 6.99016333 52.68460083
v -39.65288925 9.97310162 50.26793289
v -40.19163132 7.51311827 50.26793289
v -42.26439667 10.62992287 47.68167496
v -42.83862305 8.00792599 47.68167496
v -44.71756744 11.24691963 44.93552017
v -45.32512665 8.47273445 44.93552017
v -47.00321579 11.82178307 42.03975296
v -2.75790548 -2.51416302 65.88574219
v 2.75790548 -2.51416302 65.88574219
v 2.90744877 -2.33961535 65.88574219
v 5.50547886 -5.01890707 65.54338074
v 5.80400515 -4.67046547 65.54338074
v 3.04596305 -2.15619278 65.88574219
v 6.08051491 -4.30430746 65.54338074
v 3.17292309 -1.96459079 65.88574219
v 6.33395958 -3.92182159 65.54338074
v 3.28784704 -1.76553667 65.88574219
v 6.5633769 -3.52445889 65.54338074
v 3.39029932 -1.55978513 65.88574219
v 6.76789713 -3.11372685 65.54338074
v 3.47989082 -1.34811687 65.88574219
v 6.94674444 -2.69118309 65.54338074
v 3.55628181 -1.13133466 65.88574219
v 7.09924078 -2.25843096 65.54338074
v 3.61918259 -0.91026098 65.88574219
v 7.22480679 -1.81711185 65.54338074
v 3.66835475 -0.68573433 65.88574219
v 7.32296658 -1.3688997 65.54338074
v 3.70361161 -0.45860648 65.88574219
v 7.39334822 -0.91549492 65.54338074
v 3.72481918 -0.22973898 65.88574219
v 7.4356842 -0.4586173 65.54338074
v 3.73189735 0 65.88574219
v 7.44981384 0 65.54338074
v 3.72481918 0.22973898 65.88574219
v 7.4356842 0.4586173 65.54338074
v 3.70361161 0.45860648 65.88574219
v 7.39334822 0.91549492 65.54338074
v 3.66835475 0.68573433 65.88574219
v 7.32296658 1.3688997 65.54338074
v 3.61918259 0.91026098 65.88574219
v 7.22480679 1.81711185 65.54338074
v 3.55628181 1.13133466 65.88574219
v 7.09924078 2.25843096 65.54338074
v 3.47989082 1.34811687 65.88574219
v 6.94674444 2.69118309 65.54338074
v 3.39029932 1.55978513 65.88574219
v 6.76789713 3.11372685 65.54338074
v 3.28784704 1.76553667 65.88574219
v 6.5633769 3.52445889 65.54338074
v 3.17292309 1.96459079 65.88574219
v 6.33395958 3.92182159 65.54338074
v 3.04596305 2.15619278 65.88574219
v 6.08051491 4.30430746 65.54338074
v 2.90744877 2.33961535 65.88574219
v 5.80400515 4.67046547 65.54338074
v 5.58079433 4.93502426 65.54338074
v 8.34967041 7.37418604 64.97419739
v 8.23242664 7.50484896 64.97419739
v 10.92853355 9.96267509 64.180336
v 7.75480747 7.9974103 64.97419739
v 10.29449463 10.61654949 64.180336
v 7.24777126 8.45963478 64.97419739
v 9.62140465 11.23015118 64.180336
v 6.71324205 8.8897686 64.97419739
v 8.91181755 11.80115414 64.180336
v 6.15324688 9.28618145 64.97419739
v 8.16842556 12.32739067 64.180336
v 5.56991053 9.64736748 64.97419739
v 7.39404726 12.80686569 64.180336
v 4.96544552 9.97195911 64.97419739
v 6.59162092 13.23775959 64.180336
v 4.34214497 10.25872231 64.97419739
v 5.7641902 13.61843777 64.180336
v 3.70237303 10.50657177 64.97419739
v 4.9148941 13.94745636 64.180336
v 3.0485568 10.71456528 64.97419739
v 4.04695415 14.22356796 64.180336
v 2.38317633 10.88191509 64.97419739
v 3.16366267 14.44572544 64.180336
v 1.70875561 11.00798607 64.97419739
v 2.26837015 14.61308384 64.180336
v 1.02785301 11.09230042 64.97419739
v 1.36447322 14.72501087 64.180336
v 0.34305143 11.1345377 64.97419739
v 0.45540023 14.78108025 64.180336
v -0.34305143 11.1345377 64.97419739
v -0.45540023 14.78108025 64.180336
v -1.02785301 11.09230042 64.97419739
v -1.36447322 14.72501087 64.180336
v -1.70875561 11.00798607 64.97419739
v -2.26837015 14.61308384 64.180336
v -2.38317633 10.88191509 64.97419739
v -3.16366267 14.44572544 64.180336
v -3.0485568 10.71456528 64.97419739
v -4.04695415 14.22356796 64.180336
v -3.70237303 10.50657177 64.97419739
v -4.9148941 13.94745636 64.180336
v -4.34214497 10.25872231 64.97419739
v -5.7641902 13.61843777 64.180336
v -4.96544552 9.97195911 64.97419739
v -6.59162092 13.23775959 64.180336
v -5.56991053 9.64736748 64.97419739
v 5.18606853 -5.34830999 65.54338074
v 4.84698534 -5.6574254 65.54338074
v 4.48951578 -5.9450798 65.54338074
v 4.11501646 -6.21018267 65.54338074
v 6.15324688 -9.28618145 64.97419739
v 5.56991053 -9.64736748 64.97419739
v 7.39404726 -12.80686569 64.180336
v 6.59162092 -13.23775959 64.180336
v 8.19310188 -16.45396614 63.16476822
v 7.16464138 -16.92713356 63.16476822
v 8.53825092 -20.17241478 61.93128967
v 7.28022432 -20.65977669 61.93128967
v 8.4241724 -23.90606499 60.4845314
v 6.93651533 -24.37932205 60.4845314
v 7.85246277 -27.59854317 58.82991028
v 6.13857746 -28.02960205 58.82991028
v 6.83161211 -31.19409561 56.97362137
v 4.89831829 -31.55549049 56.97362137
v 5.37687874 -34.63842773 54.9226265
v 3.23430753 -34.90373611 54.9226265
v 3.51005483 -37.87952423 52.68460083
v 1.17149961 -38.02376175 52.68460083
v 1.25914299 -40.86843109 50.26793289
v -1.25914299 -40.86843109 50.26793289
v -1.34206915 -43.55999756 47.68167496
v -4.02111673 -43.39476013 47.68167496
v -4.25451612 -45.91353989 44.93552017
v -7.07292604 -45.56454849 44.93552017
v -7.43444395 -47.89348221 42.03975296
v -10.36870956 -47.34497452 42.03975296
v -10.8340683 -49.46986771 39.00522232
v 3.72490692 -6.45172787 65.54338074
v 4.96544552 -9.97195911 64.97419739
v 5.7641902 -13.61843777 64.180336
v 6.10900259 -17.33609009 63.16476822
v 5.9945817 -21.06876945 61.93128967
v 5.42254591 -24.76010132 60.4845314
v 4.40140724 -28.35433578 58.82991028
v 2.94644308 -31.7971859 56.97362137
v 1.07946742 -35.03664017 54.9226265
v -1.17149961 -38.02376175 52.68460083
v -3.77265263 -40.71340561 50.26793289
v -6.6849103 -43.06491089 47.68167496
v -9.86450577 -45.04270935 44.93552017
v 3.32066774 -6.66879988 65.54338074
v 4.34214497 -10.25872231 64.97419739
v 4.9148941 -13.94745636 64.180336
v 5.03019047 -17.67928505 63.16476822
v 4.68619919 -21.3978405 61.93128967
v 3.88800693 -25.04695702 60.4845314
v 2.64754057 -28.57151222 58.82991028
v 0.98339117 -31.91826248 56.97362137
v -1.07946742 -35.03664017 54.9226265
v -3.51005483 -37.87952423 52.68460083
v -6.27185106 -40.40393829 50.26793289
v -9.32334614 -42.57170105 47.68167496
v 2.9038322 -6.86057472 65.54338074
v 3.70237303 -10.50657177 64.97419739
v 4.04695415 -14.22356796 64.180336
v 3.93229675 -17.95541573 63.16476822
v 3.36004066 -21.64574242 61.93128967
v 2.33871913 -25.23880005 60.4845314
v 0.88363081 -28.68030548 58.82991028
v -0.98339117 -31.91826248 56.97362137
v -3.23430753 -34.90373611 54.9226265
v -5.8352952 -37.59159851 52.68460083
v -8.74725819 -39.94120407 50.26793289
v 2.47598147 -7.02632523 65.54338074
v 3.0485568 -10.71456528 64.97419739
v 3.16366267 -14.44572544 64.180336
v 2.81948686 -18.16343689 63.16476822
v 2.02113628 -21.81153488 61.93128967
v 0.78056008 -25.33490372 60.4845314
v -0.88363081 -28.68030548 58.82991028
v -2.94644308 -31.7971859 56.97362137
v -5.37687874 -34.63842773 54.9226265
v -8.13840103 -37.16107178 52.68460083
v 2.03873825 -7.16542196 65.54338074
v 1.59376168 -7.27733803 65.54338074
v 1.1427393 -7.36164904 65.54338074
v 0.6873821 -7.41803408 65.54338074
v 0.22941746 -7.44628048 65.54338074
v 0.34305143 -11.1345377 64.97419739
v -0.34305143 -11.1345377 64.97419739
v -0.45540023 -14.78108025 64.180336
v -1.36447322 -14.72501087 64.180336
v -1.69598162 -18.30255699 63.16476822
v -2.81948686 -18.16343689 63.16476822
v -3.36004066 -21.64574242 61.93128967
v -4.68619919 -21.3978405 61.93128967
v -5.42254591 -24.76010132 60.4845314
v -0.22941746 -7.44628048 65.54338074
v -1.02785301 -11.09230042 64.97419739
v -2.26837015 -14.61308384 64.180336
v -3.93229675 -17.95541573 63.16476822
v -0.6873821 -7.41803408 65.54338074
v -1.70875561 -11.00798607 64.97419739
v -3.16366267 -14.44572544 64.180336
v -1.1427393 -7.36164904 65.54338074
v -1.59376168 -7.27733803 65.54338074
v -4.11501646 6.21018267 65.54338074
v -3.72490692 6.45172787 65.54338074
v -3.32066774 6.66879988 65.54338074
v -2.9038322 6.86057472 65.54338074
v -2.47598147 7.02632523 65.54338074
v -2.03873825 7.16542196 65.54338074
v -1.59376168 7.27733803 65.54338074
v -1.1427393 7.36164904 65.54338074
v -0.6873821 7.41803408 65.54338074
v -0.22941746 7.44628048 65.54338074
v 0.22941746 7.44628048 65.54338074
v 0.6873821 7.41803408 65.54338074
v 1.1427393 7.36164904 65.54338074
v 1.59376168 7.27733803 65.54338074
v 2.03873825 7.16542196 65.54338074
v 2.47598147 7.02632523 65.54338074
v 2.9038322 6.86057472 65.54338074
v 3.32066774 6.66879988 65.54338074
v 3.72490692 6.45172787 65.54338074
v 4.11501646 6.21018267 65.54338074
v 4.48951578 5.9450798 65.54338074
v 4.84698534 5.6574254 65.54338074
v 5.18606853 5.34830999 65.54338074
v 5.50547886 5.01890707 65.54338074
v 2.75790548 2.51416302 65.88574219
v 2.79408407 2.47389436 65.88574219
v -2.75790548 2.51416302 65.88574219
v -2.90744877 2.33961535 65.88574219
v -3.04596305 2.15619278 65.88574219
v 39.67909622 46.31363678 3.72870636
v 36.73075485 48.63938141 7.46217346
v 33.52053833 50.58756638 11.18641853
v 30.09666824 52.12895584 14.8874855
v 26.51059151 53.24044418 18.55151176
v 22.81619835 53.90539551 22.16476822
v 19.06900406 54.11390686 25.71372032
v 15.32532883 53.86294174 29.18507385
v 11.64143085 53.15639877 32.56581879
v 8.0726738 52.00502777 35.84329224
v 4.67268419 50.42629242 39.00522232
v 1.4925462 48.44408035 42.03975296
v -1.41996753 46.08837128 44.93552017
v -4.02111673 43.39476013 47.68167496
v -6.27185106 40.40393829 50.26793289
v -8.13840103 37.16107178 52.68460083
v -9.59278202 33.71512985 54.9226265
v -10.61322117 30.11813545 56.97362137
v -11.18448257 26.42438507 58.82991028
v -11.29809666 22.68963623 60.4845314
v -10.9524889 18.97026634 61.93128967
v -10.15300179 15.32241726 63.16476822
v -8.91181755 11.80115414 64.180336
v -9.45222187 11.37291718 64.180336
v -7.12622118 8.56227684 64.97419739
v -9.62140465 11.23015118 64.180336
v -7.24777126 8.45963478 64.97419739
v 36.75272751 48.66847992 3.72870636
v 33.66680527 50.80830765 7.46217346
v 30.34274292 52.55517197 11.18641853
v 26.83047867 53.88286591 14.8874855
v 23.18277931 54.77148056 18.55151176
v 19.45445824 55.20774078 22.16476822
v 15.70153618 55.18517303 25.71372032
v 11.98040962 54.70422363 29.18507385
v 8.34699535 53.77223587 32.56581879
v 4.85588598 52.40335464 35.84329224
v 1.55953336 50.61830521 39.00522232
v -1.4925462 48.44408035 42.03975296
v -4.25451612 45.91353989 44.93552017
v -6.6849103 43.06491089 47.68167496
v -8.74725819 39.94120407 50.26793289
v -10.41063404 36.58958435 52.68460083
v -11.65012169 33.06064224 54.9226265
v -12.44719124 29.4076519 56.97362137
v -12.78997803 25.68573952 58.82991028
v -12.67346287 21.95108032 60.4845314
v -12.09954262 18.26004219 61.93128967
v -11.07700729 14.66832829 63.16476822
v -11.73897362 14.14413071 63.16476822
v -11.95899296 13.95859623 63.16476822
v -10.29449463 10.61654949 64.180336
v 33.68694687 50.83869934 3.72870636
v 30.47514343 52.78450012 7.46217346
v 27.04984856 54.32341766 11.18641853
v 23.46251106 55.43237305 14.8874855
v 19.7670269 56.09475327 18.55151176
v 16.0189209 56.30066681 22.16476822
v 12.27450562 56.0471077 25.71372032
v 8.59004498 55.33799362 29.18507385
v 5.02089596 54.18409729 32.56581879
v 1.62067783 52.60289383 35.84329224
v -1.55953336 50.61830521 39.00522232
v -4.47197676 48.26031494 42.03975296
v -7.07292604 45.56454849 44.93552017
v -9.32334614 42.57170105 47.68167496
v -11.1894846 39.3269577 50.26793289
v -12.64337635 35.87929535 52.68460083
v -13.66326809 32.28074646 54.9226265
v -14.23394489 28.58561325 56.97362137
v -14.34695721 24.84965897 58.82991028
v -14.0007534 21.1292572 60.4845314
v -13.2006979 17.48054886 61.93128967
v -13.97797298 16.86547661 61.93128967
v -14.25177956 16.63474846 61.93128967
v -12.7956152 13.19591522 63.16476822
v 30.49337578 52.81607437 3.72870636
v 27.16788101 54.56046295 7.46217346
v 23.65434456 55.88559723 11.18641853
v 20.00554466 56.77161026 14.8874855
v 16.2762928 57.20523453 18.55151176
v 12.52261734 57.18001938 22.16476822
v 8.80091476 56.69643402 25.71372032
v 5.16709566 55.76184464 29.18507385
v 1.67575085 54.39041519 32.56581879
v -1.62067783 52.60289383 35.84329224
v -4.67268419 50.42629242 39.00522232
v -7.43444395 47.89348221 42.03975296
v -9.86450577 45.04270935 44.93552017
v -11.92641544 41.91700363 47.68167496
v -13.58926487 38.56353378 50.26793289
v -14.82815838 35.03290939 52.68460083
v -15.62458515 31.37839699 54.9226265
v -15.96670341 27.65514183 56.97362137
v -15.84951401 23.91931534 58.82991028
v -15.27493477 20.22728348 60.4845314
v -16.16090775 19.52669144 60.4845314
v -16.49117279 19.24857903 60.4845314
v -15.24879837 15.72584438 61.93128967
v 27.18413353 54.5931015 3.72870636
v 23.75756073 56.12945557 7.46217346
v 20.16911316 57.23578644 11.18641853
v 16.47268867 57.89549255 14.8874855
v 12.72381592 58.09871674 18.55151176
v 8.97881222 57.84247208 22.16476822
v 5.29393816 57.13069153 25.71372032
v 1.72454584 55.9741745 29.18507385
v -1.67575085 54.39041519 32.56581879
v -4.85588598 52.40335464 35.84329224
v -7.7681098 50.04299545 39.00522232
v -10.36870956 47.34497452 42.03975296
v -12.6186657 44.35000992 44.93552017
v -14.48424339 41.10329819 47.68167496
v -15.93749714 37.65382385 50.26793289
v -16.95669174 34.05362701 52.68460083
v -17.52663422 30.35701942 54.9226265
v -17.63889503 26.61976433 56.97362137
v -17.29194641 22.89823914 58.82991028
v -18.27968979 22.11772346 58.82991028
v -18.668787 21.79030037 58.82991028
v -17.6448555 18.19685936 60.4845314
v 23.77177429 56.16303635 3.72870636
v 20.25712013 57.48553467 7.46217346
v 16.60737228 58.36885834 11.18641853
v 12.87734604 58.79975891 14.8874855
v 9.12307262 58.77181244 18.55151176
v 5.40094757 58.2855072 22.16476822
v 1.76688015 57.34823227 25.71372032
v -1.72454584 55.9741745 29.18507385
v -5.02089596 54.18409729 32.56581879
v -8.0726738 52.00502777 35.84329224
v -10.8340683 49.46986771 39.00522232
v -13.26364326 46.61687088 42.03975296
v -15.32495975 43.48907852 44.93552017
v -16.9871273 40.13367462 47.68167496
v -18.22527122 36.60128021 50.26793289
v -19.02090263 32.94516754 52.68460083
v -19.36219597 29.22048759 54.9226265
v -19.24417686 25.48340988 56.97362137
v -20.32648849 24.62877083 56.97362137
v -20.77645874 24.25038719 56.97362137
v -19.97480774 20.59970284 58.82991028
v 20.26923943 57.51992416 3.72870636
v 16.67983818 58.62355042 7.46217346
v 12.98263359 59.28051376 11.18641853
v 9.23315525 59.4809761 14.8874855
v 5.48772335 59.22196579 18.55151176
v 1.80259514 58.50744629 22.16476822
v -1.76688015 57.34823227 25.71372032
v -5.16709566 55.76184464 29.18507385
v -8.34699535 53.77223587 32.56581879
v -11.25883961 51.40943146 35.84329224
v -13.85892963 48.70908356 39.00522232
v -16.10826302 45.71192932 42.03975296
v -17.97311974 42.46317291 44.93552017
v -19.42557526 39.01181412 47.68167496
v -20.44391251 35.40989685 50.26793289
v -21.01296043 31.71173859 52.68460083
v -21.12431335 27.9731102 54.9226265
v -22.29375267 27.05032539 54.9226265
v -22.8062973 26.61962318 54.9226265
v -22.22992897 22.92537308 56.97362137
v 16.68981743 58.65862274 3.72870636
v 13.0392828 59.53918839 7.46217346
v 9.30864716 59.96730042 11.18641853
v 5.5539403 59.93656158 14.8874855
v 1.83155704 59.44747162 18.55151176
v -1.80259514 58.50744629 22.16476822
v -5.29393816 57.13069153 25.71372032
v -8.59004498 55.33799362 29.18507385
v -11.64143085 53.15639877 32.56581879
v -14.40229607 50.61882019 35.84329224
v -16.83121872 47.76353073 39.00522232
v -18.89177895 44.6335907 42.03975296
v -20.55310249 41.27619553 44.93552017
v -21.79033279 37.74196243 47.68167496
v -22.5850029 34.08419037 50.26793289
v -22.92530823 30.35801506 52.68460083
v -24.17424011 29.37320137 52.68460083
v -24.75069427 28.88913345 52.68460083
v -24.40176964 25.16515732 54.9226265
v 13.04708385 59.57480621 3.72870636
v 9.34926605 60.22896957 7.46217346
v 5.59935045 60.42661285 11.18641853
v 1.85365725 60.16478729 14.8874855
v -1.83155704 59.44747162 18.55151176
v -5.40094757 58.2855072 22.16476822
v -8.80091476 56.69643402 25.71372032
v -11.98040962 54.70422363 29.18507385
v -14.89170742 52.33892059 32.56581879
v -17.49111938 49.63619614 35.84329224
v -19.73966217 46.63679504 39.00522232
v -21.60363197 43.38594055 42.03975296
v -23.05512047 39.93264008 44.93552017
v -24.07243347 36.32894897 47.68167496
v -24.64041901 32.62918854 50.26793289
v -25.96105194 31.58857346 50.26793289
v -26.6023674 31.05041504 50.26793289
v -26.48219109 27.31066513 52.68460083
v 9.3548584 60.2650032 3.72870636
v 5.62378311 60.69028473 7.46217346
v 1.86881316 60.65670395 11.18641853
v -1.85365725 60.16478729 14.8874855
v -5.48772335 59.22196579 18.55151176
v -8.97881222 57.84247208 22.16476822
v -12.27450562 56.0471077 25.71372032
v -15.32532883 53.86294174 29.18507385
v -18.08549309 51.32290268 32.56581879
v -20.51359367 48.46528244 35.84329224
v -22.57322693 45.33314896 39.00522232
v -24.23353386 41.97371292 42.03975296
v -25.46968079 38.43760681 44.93552017
v -26.26321983 34.77812195 47.68167496
v -27.64764786 33.68801117 47.68167496
v -28.35437965 33.09537125 47.68167496
v -28.4634037 29.35385704 50.26793289
v 5.62714767 60.72659302 3.72870636
v 1.87696767 60.9213829 7.46217346
v -1.86881316 60.65670395 11.18641853
v -5.5539403 59.93656158 14.8874855
v -9.12307262 58.77181244 18.55151176
v -12.52261734 57.18001938 22.16476822
v -15.70153618 55.18517303 25.71372032
v -18.61211205 52.81734085 29.18507385
v -21.21067619 50.11220169 32.56581879
v -23.45825386 47.11052322 35.84329224
v -25.32116127 43.85754013 39.00522232
v -26.77151108 40.40226364 42.03975296
v -27.78762817 36.79676437 44.93552017
v -29.22787285 35.66350555 44.93552017
v -30.00016594 35.01634216 44.93552017
v -30.33798218 31.28708076 47.68167496
v 1.87809062 60.95782471 3.72870636
v -1.87696767 60.9213829 7.46217346
v -5.59935045 60.42661285 11.18641853
v -9.23315525 59.4809761 14.8874855
v -12.72381592 58.09871674 18.55151176
v -16.0189209 56.30066681 22.16476822
v -19.06900406 54.11390686 25.71372032
v -21.82829475 51.57138443 29.18507385
v -24.2553997 48.71140671 32.56581879
v -26.3139286 45.5770607 35.84329224
v -27.97304535 42.21556091 39.00522232
v -29.20793343 38.67755508 42.03975296
v -30.6959877 37.50750732 42.03975296
v -31.53356171 36.80612946 42.03975296
v -32.09890366 33.10309219 44.93552017
v -1.87809062 60.95782471 3.72870636
v -5.62378311 60.69028473 7.46217346
v -9.30864716 59.96730042 11.18641853
v -12.87734604 58.79975891 14.8874855
v -16.2762928 57.20523453 18.55151176
v -19.45445824 55.20774078 22.16476822
v -22.36413765 52.8373642 25.71372032
v -24.96167564 50.1298027 29.18507385
v -27.20811272 47.12583542 32.56581879
v -29.06978416 43.87070465 35.84329224
v -30.5188179 40.41344833 39.00522232
v -32.04667664 39.21295166 39.00522232
v -32.94882202 38.4580307 39.00522232
v -33.73957062 34.79508591 42.03975296
v -5.62714767 60.72659302 3.72870636
v -9.34926605 60.22896957 7.46217346
v -12.98263359 59.28051376 11.18641853
v -16.47268867 57.89549255 14.8874855
v -19.7670269 56.09475327 18.55151176
v -22.81619835 53.90539551 22.16476822
v -25.57443619 51.36039352 25.71372032
v -28.00036812 48.49805832 29.18507385
v -30.05761719 45.36149597 32.56581879
v -31.71536827 41.99793625 35.84329224
v -33.27507401 40.77328491 35.84329224
v -34.24064636 39.96585083 35.84329224
v -35.2538414 36.3567276 39.00522232
v -9.3548584 60.2650032 3.72870636
v -13.0392828 59.53918839 7.46217346
v -16.60737228 58.36885834 11.18641853
v -20.00554466 56.77161026 14.8874855
v -23.18277931 54.77148056 18.55151176
v -26.0913887 52.39857101 22.16476822
v -28.68772316 49.68859482 25.71372032
v -30.93284416 46.68234634 29.18507385
v -32.79310226 43.42508698 32.56581879
v -34.37678146 42.1824913 32.56581879
v -35.40419388 41.32394791 32.56581879
v -36.63603592 37.78216553 35.84329224
v -13.04708385 59.57480621 3.72870636
v -16.67983818 58.62355042 7.46217346
v -20.16911316 57.23578644 11.18641853
v -23.46251106 55.43237305 14.8874855
v -26.51059151 53.24044418 18.55151176
v -29.26760483 50.69297791 22.16476822
v -31.69218636 47.82830811 25.71372032
v -33.74798203 44.68955231 29.18507385
v -35.34788895 43.435112 29.18507385
v -36.43510437 42.52723312 29.18507385
v -37.88098145 39.0660553 32.56581879
v -16.68981743 58.65862274 3.72870636
v -20.25712013 57.48553467 7.46217346
v -23.65434456 55.88559723 11.18641853
v -26.83047867 53.88286591 14.8874855
v -29.73784065 51.5074501 18.55151176
v -32.332798 48.79508972 22.16476822
v -34.57643127 45.78659439 25.71372032
v -36.18497467 44.52627563 25.71372032
v -37.32951355 43.5711937 25.71372032
v -38.9840126 40.20359421 29.18507385
v -20.26923943 57.51992416 3.72870636
v -23.75756073 56.12945557 7.46217346
v -27.04984856 54.32341766 11.18641853
v -30.09666824 52.12895584 14.8874855
v -32.85228348 49.57906723 18.55151176
v -35.27534485 46.7121048 22.16476822
v -36.88512802 45.45170975 22.16476822
v -38.08407974 44.45192719 22.16476822
v -39.94099426 41.19051743 25.71372032
v -23.77177429 56.16303635 3.72870636
v -27.16788101 54.56046295 7.46217346
v -30.34274292 52.55517197 11.18641853
v -33.24869156 50.17730713 14.8874855
v -35.84210587 47.46261597 18.55151176
v -37.44595718 46.20775604 18.55151176
v -38.69596481 45.16612244 18.55151176
v -40.74834442 42.02312469 22.16476822
v -27.18413353 54.5931015 3.72870636
v -30.47514343 52.78450012 7.46217346
v -33.52053833 50.58756638 11.18641853
v -36.27458954 48.03532028 14.8874855
v -37.86560059 46.79138947 14.8874855
v -39.16288376 45.71111298 14.8874855
v -41.40304184 42.69829941 18.55151176
v -30.49337578 52.81607437 3.72870636
v -33.66680527 50.80830765 7.46217346
v -36.57117462 48.42806244 11.18641853
v -38.14271545 47.20022583 11.18641853
v -39.48308945 46.08485794 11.18641853
v -41.90262222 43.21351242 14.8874855
v -33.68694687 50.83869934 3.72870636
v -36.73075485 48.63938141 7.46217346
v -38.27651596 47.43254089 7.46217346
v -39.65537262 46.28594971 7.46217346
v -42.24522781 43.5668335 11.18641853
v -36.75272751 48.66847992 3.72870636
v -38.26673889 47.48726654 3.72870636
v -39.67909622 46.31363678 3.72870636
v -42.42956543 43.75693893 7.46217346
v -42.45494843 43.78311539 3.72870636
v -3.73189735 -0 65.88574219
v -3.72481918 0.22973898 65.88574219
v -3.70361161 0.45860648 65.88574219
v -3.66835475 0.68573433 65.88574219
v -3.61918259 0.91026098 65.88574219
v -3.55628181 1.13133466 65.88574219
v -3.47989082 1.34811687 65.88574219
v -3.17292309 -1.96459079 65.88574219
v -3.28784704 -1.76553667 65.88574219
v -3.39029932 -1.55978513 65.88574219
v -3.47989082 -1.34811687 65.88574219
v -3.55628181 -1.13133466 65.88574219
v -3.72481918 -0.22973898 65.88574219
v -14.76004601 0.9103685 64.180336
v -14.67600822 1.81728363 64.180336
v -18.34610367 1.131549 63.16476822
v -18.24164772 2.25880551 63.16476822
v -21.86343193 1.34849024 61.93128967
v -21.73894882 2.69186521 61.93128967
v -25.29885101 1.56037974 60.4845314
v -25.15480804 3.11484027 60.4845314
v -28.63949203 1.76642334 58.82991028
v -28.47642899 3.52614617 58.82991028
v -31.87284088 1.96584952 56.97362137
v -31.6913681 3.92424178 56.97362137
v -34.98678207 2.15791082 54.9226265
v -34.7875824 4.30763626 54.9226265
v -37.96965027 2.34188795 52.68460083
v -37.75346756 4.67489243 52.68460083
v -40.81027603 2.51709151 50.26793289
v -40.57791519 5.02463484 50.26793289
v -46.11024094 -0 44.93552017
v -43.49800873 -2.68286538 47.68167496
v -46.02278519 -2.83858824 44.93552017
v -43.25034714 -5.35555363 47.68167496
v -45.760746 -5.66640854 44.93552017
v -42.83862305 -8.00792599 47.68167496
v -45.32512665 -8.47273445 44.93552017
v -42.26439667 -10.62992287 47.68167496
v -44.71756744 -11.24691963 44.93552017
v -41.52984619 -13.21159554 47.68167496
v -43.94038391 -13.97844219 44.93552017
v -40.63776016 -15.74315262 47.68167496
v -42.99651718 -16.65694046 44.93552017
v -39.59152222 -18.21499062 47.68167496
v -41.88955307 -19.27225113 44.93552017
v -38.39509964 -20.617733 47.68167496
v -40.62368393 -21.81445694 44.93552017
v -37.05302811 -22.94226456 47.68167496
v -39.20371628 -24.27391243 44.93552017
v -35.57040405 -25.17976952 47.68167496
v -37.63503647 -26.64129066 44.93552017
v -33.95285034 -27.32175636 47.68167496
v -35.92359161 -28.90760612 44.93552017
v -48.46706772 -0 42.03975296
v -48.37514114 -2.98367667 42.03975296
v -48.09971237 -5.95603514 42.03975296
v -47.64182281 -8.90580082 42.03975296
v -47.00321579 -11.82178307 42.03975296
v -46.186306 -14.69292164 42.03975296
v -45.19419479 -17.50832367 42.03975296
v -44.03064728 -20.25731277 42.03975296
v -42.70007706 -22.92945862 42.03975296
v -41.20753098 -25.51462364 42.03975296
v -39.55867004 -28.00300407 42.03975296
v -37.75975037 -30.38515854 42.03975296
v -48.37514114 2.98367667 42.03975296
v -50.54627228 3.11758733 39.00522232
v -50.64232254 -0 39.00522232
v -52.52803802 3.23981857 35.84329224
v -52.62785721 -0 35.84329224
v -54.31301498 3.34991217 32.56581879
v -54.41622543 -0 32.56581879
v -55.89451981 3.44745588 29.18507385
v -56.00073624 -0 29.18507385
v -57.26662445 3.53208447 25.71372032
v -57.37544632 -0 25.71372032
v -58.42418671 3.60348058 22.16476822
v -58.53520966 -0 22.16476822
v -59.36287308 3.66137671 18.55151176
v -59.4756813 -0 18.55151176
v -60.07917023 3.70555615 14.8874855
v -60.19333649 -0 14.8874855
v -60.57038498 3.73585343 11.18641853
v -60.68548584 -0 11.18641853
v -50.54627228 -3.11758733 39.00522232
v -50.25848007 -6.22334862 39.00522232
v -49.78004074 -9.30550289 39.00522232
v -49.11277008 -12.35235786 39.00522232
v -48.25919724 -15.35235596 39.00522232
v -47.22256088 -18.29411697 39.00522232
v -46.00679398 -21.16648293 39.00522232
v -44.61650467 -23.95855713 39.00522232
v -43.0569725 -26.65974808 39.00522232
v -41.33410645 -29.25980949 39.00522232
v -39.4544487 -31.74887848 39.00522232
v -52.52803802 -3.23981857 35.84329224
v -52.22896194 -6.46734715 35.84329224
v -51.73176575 -9.6703434 35.84329224
v -51.03833389 -12.83665562 35.84329224
v -50.15129471 -15.95427513 35.84329224
v -49.07401276 -19.01137352 35.84329224
v -47.81057739 -21.99635696 35.84329224
v -46.36578369 -24.89789963 35.84329224
v -44.74510574 -27.70499611 35.84329224
v -42.95469284 -30.40699768 35.84329224
v -41.00133896 -32.99365616 35.84329224
v -54.31301498 -3.34991217 32.56581879
v -54.00377655 -6.6871171 32.56581879
v -53.48968506 -9.99895477 32.56581879
v -52.77268982 -13.27286434 32.56581879
v -51.8555069 -16.49642372 32.56581879
v -50.74161911 -19.65740776 32.56581879
v -49.43524933 -22.74382401 32.56581879
v -47.94135666 -25.74396515 32.56581879
v -46.26560593 -28.64645195 32.56581879
v -44.41435623 -31.44027138 32.56581879
v -42.3946228 -34.1148262 32.56581879
v -55.89451981 -3.44745588 29.18507385
v -55.57627869 -6.88183451 29.18507385
v -55.04721451 -10.29010773 29.18507385
v -54.30934143 -13.65934753 29.18507385
v -53.36545181 -16.97677231 29.18507385
v -52.21913147 -20.22979927 29.18507385
v -50.87472153 -23.40608597 29.18507385
v -49.33732986 -26.49358749 29.18507385
v -47.61278534 -29.48058701 29.18507385
v -45.70762634 -32.35575867 29.18507385
v -43.62908554 -35.10819244 29.18507385
v -57.26662445 -3.53208447 25.71372032
v -56.94057083 -7.05077028 25.71372032
v -56.39852142 -10.5427103 25.71372032
v -55.64253235 -13.99465847 25.71372032
v -54.67547226 -17.39352036 25.71372032
v -53.50101089 -20.72640228 25.71372032
v -52.12360001 -23.98066139 25.71372032
v -50.54846573 -27.14395332 25.71372032
v -48.78158569 -30.20428085 25.71372032
v -46.82966232 -33.15003204 25.71372032
v -44.70009613 -35.97003174 25.71372032
v -58.42418671 -3.60348058 22.16476822
v -58.09154129 -7.19329166 22.16476822
v -57.53853607 -10.75581646 22.16476822
v -56.76726532 -14.27754021 22.16476822
v -55.78065872 -17.74510574 22.16476822
v -54.5824585 -21.14535713 22.16476822
v -53.17720413 -24.46539688 22.16476822
v -51.57023239 -27.69263077 22.16476822
v -49.76763916 -30.81481743 22.16476822
v -47.77625656 -33.82011032 22.16476822
v -45.60364532 -36.69711685 22.16476822
v -59.36287308 -3.66137671 18.55151176
v -59.02488327 -7.30886459 18.55151176
v -58.46299362 -10.92862797 18.55151176
v -57.67933273 -14.50693417 18.55151176
v -56.67687225 -18.0302124 18.55151176
v -55.45941925 -21.48509407 18.55151176
v -54.03158951 -24.85847664 18.55151176
v -52.3987999 -28.1375618 18.55151176
v -50.56724167 -31.30991173 18.55151176
v -48.5438652 -34.36349106 18.55151176
v -46.33634567 -37.28672028 18.55151176
v -60.07917023 -3.70555615 14.8874855
v -59.73710251 -7.3970561 14.8874855
v -59.16843033 -11.06049633 14.8874855
v -58.37531281 -14.68198013 14.8874855
v -57.36075592 -18.24777031 14.8874855
v -56.12861252 -21.7443409 14.8874855
v -54.6835556 -25.15842628 14.8874855
v -53.03106308 -28.47707939 14.8874855
v -51.17740631 -31.6877079 14.8874855
v -49.12961578 -34.77813339 14.8874855
v -46.89545822 -37.7366333 14.8874855
v -60.57038498 -3.73585343 11.18641853
v -60.22552109 -7.45753574 11.18641853
v -59.65219879 -11.1509285 11.18641853
v -58.8526001 -14.80202293 11.18641853
v -57.82975006 -18.39696693 11.18641853
v -56.58753204 -21.92212677 11.18641853
v -55.1306572 -25.36412621 11.18641853
v -53.46465302 -28.70991325 11.18641853
v -51.59584045 -31.9467926 11.18641853
v -49.53130722 -35.06248474 11.18641853
v -47.27888489 -38.04517746 11.18641853
v -14.09219646 -4.48305035 64.180336
v -13.78948689 5.34207582 64.180336
v -17.1397419 6.63997126 63.16476822
v -20.42578316 7.91299057 61.93128967
v -23.6353035 9.15636539 60.4845314
v -26.75627899 10.36543751 58.82991028
v -29.77701569 11.53567696 56.97362137
v -32.68619919 12.66270065 54.9226265
v -35.47292709 13.74228477 52.68460083
v -38.12676239 14.77038574 50.26793289
v -40.63776016 15.74315262 47.68167496
v -42.99651718 16.65694046 44.93552017
v -45.19419479 17.50832367 42.03975296
v -47.22256088 18.29411697 39.00522232
v -49.07401276 19.01137352 35.84329224
v -36.57117462 -48.42806244 11.18641853
v -39.48308945 -46.08485794 11.18641853
v -36.27458954 -48.03532028 14.8874855
v -39.16288376 -45.71111298 14.8874855
v -33.52053833 -50.58756638 11.18641853
v -30.34274292 -52.55517197 11.18641853
v -27.04984856 -54.32341766 11.18641853
v -23.65434456 -55.88559723 11.18641853
v -35.84210587 -47.46261597 18.55151176
v -38.69596481 -45.16612244 18.55151176
v -33.24869156 -50.17730713 14.8874855
v -30.09666824 -52.12895584 14.8874855
v -26.83047867 -53.88286591 14.8874855
v -23.46251106 -55.43237305 14.8874855
v -35.27534485 -46.7121048 22.16476822
v -38.08407974 -44.45192719 22.16476822
v -32.85228348 -49.57906723 18.55151176
v -29.73784065 -51.5074501 18.55151176
v -26.51059151 -53.24044418 18.55151176
v -23.18277931 -54.77148056 18.55151176
v -34.57643127 -45.78659439 25.71372032
v -37.32951355 -43.5711937 25.71372032
v -32.332798 -48.79508972 22.16476822
v -29.26760483 -50.69297791 22.16476822
v -26.0913887 -52.39857101 22.16476822
v -22.81619835 -53.90539551 22.16476822
v -33.74798203 -44.68955231 29.18507385
v -36.43510437 -42.52723312 29.18507385
v -31.69218636 -47.82830811 25.71372032
v -28.68772316 -49.68859482 25.71372032
v -25.57443619 -51.36039352 25.71372032
v -22.36413765 -52.8373642 25.71372032
v -32.79310226 -43.42508698 32.56581879
v -35.40419388 -41.32394791 32.56581879
v -30.93284416 -46.68234634 29.18507385
v -28.00036812 -48.49805832 29.18507385
v -24.96167564 -50.1298027 29.18507385
v -21.82829475 -51.57138443 29.18507385
v -31.71536827 -41.99793625 35.84329224
v -34.24064636 -39.96585083 35.84329224
v -30.05761719 -45.36149597 32.56581879
v -27.20811272 -47.12583542 32.56581879
v -24.2553997 -48.71140671 32.56581879
v -21.21067619 -50.11220169 32.56581879
v -30.5188179 -40.41344833 39.00522232
v -32.94882202 -38.4580307 39.00522232
v -29.06978416 -43.87070465 35.84329224
v -26.3139286 -45.5770607 35.84329224
v -23.45825386 -47.11052322 35.84329224
v -20.51359367 -48.46528244 35.84329224
v -29.20793343 -38.67755508 42.03975296
v -31.53356171 -36.80612946 42.03975296
v -27.97304535 -42.21556091 39.00522232
v -25.32116127 -43.85754013 39.00522232
v -22.57322693 -45.33314896 39.00522232
v -19.73966217 -46.63679504 39.00522232
v -27.78762817 -36.79676437 44.93552017
v -30.00016594 -35.01634216 44.93552017
v -26.77151108 -40.40226364 42.03975296
v -24.23353386 -41.97371292 42.03975296
v -21.60363197 -43.38594055 42.03975296
v -18.89177895 -44.6335907 42.03975296
v -26.26321983 -34.77812195 47.68167496
v -28.35437965 -33.09537125 47.68167496
v -25.46968079 -38.43760681 44.93552017
v -23.05512047 -39.93264008 44.93552017
v -20.55310249 -41.27619553 44.93552017
v -17.97311974 -42.46317291 44.93552017
v -24.64041901 -32.62918854 50.26793289
v -26.6023674 -31.05041504 50.26793289
v -24.07243347 -36.32894897 47.68167496
v -21.79033279 -37.74196243 47.68167496
v -19.42557526 -39.01181412 47.68167496
v -16.9871273 -40.13367462 47.68167496
v -22.92530823 -30.35801506 52.68460083
v -24.75069427 -28.88913345 52.68460083
v -22.5850029 -34.08419037 50.26793289
v -20.44391251 -35.40989685 50.26793289
v -18.22527122 -36.60128021 50.26793289
v -15.93749714 -37.65382385 50.26793289
v -21.12431335 -27.9731102 54.9226265
v -22.8062973 -26.61962318 54.9226265
v -21.01296043 -31.71173859 52.68460083
v -19.02090263 -32.94516754 52.68460083
v -16.95669174 -34.05362701 52.68460083
v -14.82815838 -35.03290939 52.68460083
v -19.24417686 -25.48340988 56.97362137
v -20.77645874 -24.25038719 56.97362137
v -19.36219597 -29.22048759 54.9226265
v -17.52663422 -30.35701942 54.9226265
v -15.62458515 -31.37839699 54.9226265
v -13.66326809 -32.28074646 54.9226265
v -17.29194641 -22.89823914 58.82991028
v -18.668787 -21.79030037 58.82991028
v -17.63889503 -26.61976433 56.97362137
v -15.96670341 -27.65514183 56.97362137
v -14.23394489 -28.58561325 56.97362137
v -12.44719124 -29.4076519 56.97362137
v -15.27493477 -20.22728348 60.4845314
v -16.49117279 -19.24857903 60.4845314
v -15.84951401 -23.91931534 58.82991028
v -14.34695721 -24.84965897 58.82991028
v -12.78997803 -25.68573952 58.82991028
v -11.18448257 -26.42438507 58.82991028
v -13.2006979 -17.48054886 61.93128967
v -14.25177956 -16.63474846 61.93128967
v -14.0007534 -21.1292572 60.4845314
v -12.67346287 -21.95108032 60.4845314
v -11.29809666 -22.68963623 60.4845314
v -9.87987328 -23.34212303 60.4845314
v -11.07700729 -14.66832829 63.16476822
v -11.95899296 -13.95859623 63.16476822
v -12.09954262 -18.26004219 61.93128967
v -10.9524889 -18.97026634 61.93128967
v -9.76388836 -19.60853195 61.93128967
v -8.53825092 -20.17241478 61.93128967
v -8.91181755 -11.80115414 64.180336
v -9.62140465 -11.23015118 64.180336
v -10.15300179 -15.32241726 63.16476822
v -9.19048309 -15.91838455 63.16476822
v -8.19310188 -16.45396614 63.16476822
v -7.16464138 -16.92713356 63.16476822
v -8.16842556 -12.32739067 64.180336
v -7.39404726 -12.80686569 64.180336
v -6.59162092 -13.23775959 64.180336
v -5.7641902 -13.61843777 64.180336
v -6.15324688 -9.28618145 64.97419739
v -5.56991053 -9.64736748 64.97419739
v -4.96544552 -9.97195911 64.97419739
v -4.34214497 -10.25872231 64.97419739
v -31.8549099 -25.63355064 50.26793289
v -33.37251663 -23.62391472 50.26793289
v -34.76353073 -21.52466583 50.26793289
v -36.02267456 -19.34376717 50.26793289
v -37.1451683 -17.08948898 50.26793289
v -38.12676239 -14.77038574 50.26793289
v -38.96372604 -12.39525318 50.26793289
v -39.65288925 -9.97310162 50.26793289
v -40.19163132 -7.51311827 50.26793289
v -40.57791519 -5.02463484 50.26793289
v -29.63763046 -23.84931374 52.68460083
v -31.04960442 -21.97955894 52.68460083
v -32.34379578 -20.02643013 52.68460083
v -33.51529312 -17.99733353 52.68460083
v -34.55965805 -15.89996624 52.68460083
v -35.47292709 -13.74228477 52.68460083
v -36.25163269 -11.53247452 52.68460083
v -36.89282608 -9.27891827 52.68460083
v -37.39406967 -6.99016333 52.68460083
v -27.30931854 -21.97572708 54.9226265
v -28.61036873 -20.25286102 54.9226265
v -29.80288887 -18.45316696 54.9226265
v -30.88235474 -16.58347511 54.9226265
v -31.84467506 -14.65087509 54.9226265
v -32.68619919 -12.66270065 54.9226265
v -33.40372849 -10.62649155 54.9226265
v -33.9945488 -8.54997253 54.9226265
v -24.87869835 -20.01981354 56.97362137
v -26.06394768 -18.45028687 56.97362137
v -27.15032959 -16.81077194 56.97362137
v -28.13372231 -15.10748959 56.97362137
v -29.01039124 -13.34689808 56.97362137
v -29.77701569 -11.53567696 56.97362137
v -30.43068504 -9.68069744 56.97362137
v -22.35487175 -17.98889923 58.82991028
v -23.41988564 -16.5785923 58.82991028
v -24.39605904 -15.10540009 58.82991028
v -25.27968979 -13.57490635 58.82991028
v -26.06742477 -11.99291897 58.82991028
v -26.75627899 -10.36543751 58.82991028
v -19.74729729 -15.89059067 60.4845314
v -20.68808174 -14.64479065 60.4845314
v -21.55039024 -13.34343719 60.4845314
v -22.33094978 -11.99146748 60.4845314
v -23.02680206 -10.5940094 60.4845314
v -17.06574249 -13.73275185 61.93128967
v -17.87877464 -12.65612316 61.93128967
v -18.6239872 -11.5314846 61.93128967
v -19.29855156 -10.36310387 61.93128967
v -14.32025433 -11.52346516 63.16476822
v -15.00248814 -10.62004185 63.16476822
v -15.62781239 -9.67633247 63.16476822
v -11.52111721 -9.27100849 64.180336
v -12.06999683 -8.54417419 64.180336
v -17.51599503 -5.5722394 63.16476822
v -20.87417412 -6.64055252 61.93128967
v -17.1397419 -6.63997126 63.16476822
v -43.25034714 5.35555363 47.68167496
v -50.25848007 6.22334862 39.00522232
v -52.22896194 6.46734715 35.84329224
v -54.00377655 6.6871171 32.56581879
v -55.57627869 6.88183451 29.18507385
v -56.94057083 7.05077028 25.71372032
v -58.09154129 7.19329166 22.16476822
v -59.02488327 7.30886459 18.55151176
v -59.73710251 7.3970561 14.8874855
v -60.22552109 7.45753574 11.18641853
v -58.8526001 14.80202293 11.18641853
v -57.82975006 18.39696693 11.18641853
v -56.58753204 21.92212677 11.18641853
v -58.37531281 14.68198013 14.8874855
v -57.36075592 18.24777031 14.8874855
v -56.12861252 21.7443409 14.8874855
v -59.65219879 11.1509285 11.18641853
v -57.67933273 14.50693417 18.55151176
v -56.67687225 18.0302124 18.55151176
v -55.45941925 21.48509407 18.55151176
v -59.16843033 11.06049633 14.8874855
v -56.76726532 14.27754021 22.16476822
v -55.78065872 17.74510574 22.16476822
v -54.5824585 21.14535713 22.16476822
v -58.46299362 10.92862797 18.55151176
v -55.64253235 13.99465847 25.71372032
v -54.67547226 17.39352036 25.71372032
v -53.50101089 20.72640228 25.71372032
v -57.53853607 10.75581646 22.16476822
v -54.30934143 13.65934753 29.18507385
v -53.36545181 16.97677231 29.18507385
v -56.39852142 10.5427103 25.71372032
v -52.77268982 13.27286434 32.56581879
v -55.04721451 10.29010773 29.18507385
v -51.73176575 9.6703434 35.84329224
v -53.48968506 9.99895477 32.56581879
v -48.25919724 15.35235596 39.00522232
v -46.186306 14.69292164 42.03975296
v -43.94038391 13.97844219 44.93552017
v -41.52984619 13.21159554 47.68167496
v -38.96372604 12.39525318 50.26793289
v -36.25163269 11.53247452 52.68460083
v -33.40372849 10.62649155 54.9226265
v -30.43068504 9.68069744 56.97362137
v -27.34363747 8.69863701 58.82991028
v -24.15415001 7.68398809 60.4845314
v -20.87417412 6.64055252 61.93128967
v -17.51599503 5.5722394 63.16476822
v 47.27888489 -38.04517746 11.18641853
v 44.84711456 -40.88354874 11.18641853
v 42.24522781 -43.5668335 11.18641853
v 39.48308945 -46.08485794 11.18641853
v 36.57117462 -48.42806244 11.18641853
v 33.52053833 -50.58756638 11.18641853
v 30.34274292 -52.55517197 11.18641853
v 27.04984856 -54.32341766 11.18641853
v 23.65434456 -55.88559723 11.18641853
v 20.16911316 -57.23578644 11.18641853
v 16.60737228 -58.36885834 11.18641853
v 12.98263359 -59.28051376 11.18641853
v 9.30864716 -59.96730042 11.18641853
v 5.59935045 -60.42661285 11.18641853
v 1.86881316 -60.65670395 11.18641853
v -1.86881316 -60.65670395 11.18641853
v -5.59935045 -60.42661285 11.18641853
v -9.30864716 -59.96730042 11.18641853
v -12.98263359 -59.28051376 11.18641853
v 46.89545822 -37.7366333 14.8874855
v 44.48340988 -40.55198669 14.8874855
v 41.90262222 -43.21351242 14.8874855
v 39.16288376 -45.71111298 14.8874855
v 36.27458954 -48.03532028 14.8874855
v 33.24869156 -50.17730713 14.8874855
v 30.09666824 -52.12895584 14.8874855
v 26.83047867 -53.88286591 14.8874855
v 23.46251106 -55.43237305 14.8874855
v 20.00554466 -56.77161026 14.8874855
v 16.47268867 -57.89549255 14.8874855
v 12.87734604 -58.79975891 14.8874855
v 9.23315525 -59.4809761 14.8874855
v 5.5539403 -59.93656158 14.8874855
v 1.85365725 -60.16478729 14.8874855
v -1.85365725 -60.16478729 14.8874855
v -5.5539403 -59.93656158 14.8874855
v -9.23315525 -59.4809761 14.8874855
v -12.87734604 -58.79975891 14.8874855
v 49.53130722 -35.06248474 11.18641853
v 51.59584045 -31.9467926 11.18641853
v 53.46465302 -28.70991325 11.18641853
v 55.1306572 -25.36412621 11.18641853
v 56.58753204 -21.92212677 11.18641853
v 57.82975006 -18.39696693 11.18641853
v 58.8526001 -14.80202293 11.18641853
v 59.65219879 -11.1509285 11.18641853
v 60.22552109 -7.45753574 11.18641853
v 60.57038498 -3.73585343 11.18641853
v 60.68548584 0 11.18641853
v 60.57038498 3.73585343 11.18641853
v 60.22552109 7.45753574 11.18641853
v 59.65219879 11.1509285 11.18641853
v 58.8526001 14.80202293 11.18641853
v 57.82975006 18.39696693 11.18641853
v 56.58753204 21.92212677 11.18641853
v 55.1306572 25.36412621 11.18641853
v 53.46465302 28.70991325 11.18641853
v 51.59584045 31.9467926 11.18641853
v 49.53130722 35.06248474 11.18641853
v 47.27888489 38.04517746 11.18641853
v 46.23620987 39.71335602 7.46217346
v 46.33634567 -37.28672028 18.55151176
v 43.95305634 -40.06850815 18.55151176
v 41.40304184 -42.69829941 18.55151176
v 38.69596481 -45.16612244 18.55151176
v 35.84210587 -47.46261597 18.55151176
v 32.85228348 -49.57906723 18.55151176
v 29.73784065 -51.5074501 18.55151176
v 26.51059151 -53.24044418 18.55151176
v 23.18277931 -54.77148056 18.55151176
v 19.7670269 -56.09475327 18.55151176
v 16.2762928 -57.20523453 18.55151176
v 12.72381592 -58.09871674 18.55151176
v 9.12307262 -58.77181244 18.55151176
v 5.48772335 -59.22196579 18.55151176
v 1.83155704 -59.44747162 18.55151176
v -1.83155704 -59.44747162 18.55151176
v -5.48772335 -59.22196579 18.55151176
v -9.12307262 -58.77181244 18.55151176
v -12.72381592 -58.09871674 18.55151176
v 49.12961578 -34.77813339 14.8874855
v 51.17740631 -31.6877079 14.8874855
v 53.03106308 -28.47707939 14.8874855
v 54.6835556 -25.15842628 14.8874855
v 56.12861252 -21.7443409 14.8874855
v 57.36075592 -18.24777031 14.8874855
v 58.37531281 -14.68198013 14.8874855
v 59.16843033 -11.06049633 14.8874855
v 59.73710251 -7.3970561 14.8874855
v 60.07917023 -3.70555615 14.8874855
v 60.19333649 0 14.8874855
v 60.07917023 3.70555615 14.8874855
v 59.73710251 7.3970561 14.8874855
v 59.16843033 11.06049633 14.8874855
v 58.37531281 14.68198013 14.8874855
v 57.36075592 18.24777031 14.8874855
v 56.12861252 21.7443409 14.8874855
v 54.6835556 25.15842628 14.8874855
v 53.03106308 28.47707939 14.8874855
v 51.17740631 31.6877079 14.8874855
v 49.12961578 34.77813339 14.8874855
v 46.89545822 37.7366333 14.8874855
v 46.01054382 39.56966019 11.18641853
v 45.04280853 41.06194305 7.46217346
v 45.60364532 -36.69711685 22.16476822
v 43.25804138 -39.43491364 22.16476822
v 40.74834442 -42.02312469 22.16476822
v 38.08407974 -44.45192719 22.16476822
v 35.27534485 -46.7121048 22.16476822
v 32.332798 -48.79508972 22.16476822
v 29.26760483 -50.69297791 22.16476822
v 26.0913887 -52.39857101 22.16476822
v 22.81619835 -53.90539551 22.16476822
v 19.45445824 -55.20774078 22.16476822
v 16.0189209 -56.30066681 22.16476822
v 12.52261734 -57.18001938 22.16476822
v 8.97881222 -57.84247208 22.16476822
v 5.40094757 -58.2855072 22.16476822
v 1.80259514 -58.50744629 22.16476822
v -1.80259514 -58.50744629 22.16476822
v -5.40094757 -58.2855072 22.16476822
v -8.97881222 -57.84247208 22.16476822
v -12.52261734 -57.18001938 22.16476822
v 48.5438652 -34.36349106 18.55151176
v 50.56724167 -31.30991173 18.55151176
v 52.3987999 -28.1375618 18.55151176
v 54.03158951 -24.85847664 18.55151176
v 55.45941925 -21.48509407 18.55151176
v 56.67687225 -18.0302124 18.55151176
v 57.67933273 -14.50693417 18.55151176
v 58.46299362 -10.92862797 18.55151176
v 59.02488327 -7.30886459 18.55151176
v 59.36287308 -3.66137671 18.55151176
v 59.4756813 0 18.55151176
v 59.36287308 3.66137671 18.55151176
v 59.02488327 7.30886459 18.55151176
v 58.46299362 10.92862797 18.55151176
v 57.67933273 14.50693417 18.55151176
v 56.67687225 18.0302124 18.55151176
v 55.45941925 21.48509407 18.55151176
v 54.03158951 24.85847664 18.55151176
v 52.3987999 28.1375618 18.55151176
v 50.56724167 31.30991173 18.55151176
v 48.5438652 34.36349106 18.55151176
v 46.33634567 37.28672028 18.55151176
v 45.61279678 39.27735138 14.8874855
v 44.84711456 40.88354874 11.18641853
v 42.24522781 43.5668335 11.18641853
v 44.70009613 -35.97003174 25.71372032
v 42.40096664 -38.65358734 25.71372032
v 39.94099426 -41.19051743 25.71372032
v 37.32951355 -43.5711937 25.71372032
v 34.57643127 -45.78659439 25.71372032
v 31.69218636 -47.82830811 25.71372032
v 28.68772316 -49.68859482 25.71372032
v 25.57443619 -51.36039352 25.71372032
v 22.36413765 -52.8373642 25.71372032
v 19.06900406 -54.11390686 25.71372032
v 15.70153618 -55.18517303 25.71372032
v 12.27450562 -56.0471077 25.71372032
v 8.80091476 -56.69643402 25.71372032
v 5.29393816 -57.13069153 25.71372032
v 1.76688015 -57.34823227 25.71372032
v -1.76688015 -57.34823227 25.71372032
v -5.29393816 -57.13069153 25.71372032
v -8.80091476 -56.69643402 25.71372032
v -12.27450562 -56.0471077 25.71372032
v 47.77625656 -33.82011032 22.16476822
v 49.76763916 -30.81481743 22.16476822
v 51.57023239 -27.69263077 22.16476822
v 53.17720413 -24.46539688 22.16476822
v 54.5824585 -21.14535713 22.16476822
v 55.78065872 -17.74510574 22.16476822
v 56.76726532 -14.27754021 22.16476822
v 57.53853607 -10.75581646 22.16476822
v 58.09154129 -7.19329166 22.16476822
v 58.42418671 -3.60348058 22.16476822
v 58.53520966 0 22.16476822
v 58.42418671 3.60348058 22.16476822
v 58.09154129 7.19329166 22.16476822
v 57.53853607 10.75581646 22.16476822
v 56.76726532 14.27754021 22.16476822
v 55.78065872 17.74510574 22.16476822
v 54.5824585 21.14535713 22.16476822
v 53.17720413 24.46539688 22.16476822
v 51.57023239 27.69263077 22.16476822
v 49.76763916 30.81481743 22.16476822
v 47.77625656 33.82011032 22.16476822
v 45.60364532 36.69711685 22.16476822
v 45.04464722 38.83730316 18.55151176
v 44.48340988 40.55198669 14.8874855
v 41.90262222 43.21351242 14.8874855
v 39.16288376 45.71111298 14.8874855
v 43.62908554 -35.10819244 29.18507385
v 41.38504028 -37.72745132 29.18507385
v 38.9840126 -40.20359421 29.18507385
v 36.43510437 -42.52723312 29.18507385
v 33.74798203 -44.68955231 29.18507385
v 30.93284416 -46.68234634 29.18507385
v 28.00036812 -48.49805832 29.18507385
v 24.96167564 -50.1298027 29.18507385
v 21.82829475 -51.57138443 29.18507385
v 18.61211205 -52.81734085 29.18507385
v 15.32532883 -53.86294174 29.18507385
v 11.98040962 -54.70422363 29.18507385
v 8.59004498 -55.33799362 29.18507385
v 5.16709566 -55.76184464 29.18507385
v 1.72454584 -55.9741745 29.18507385
v -1.72454584 -55.9741745 29.18507385
v -5.16709566 -55.76184464 29.18507385
v -8.59004498 -55.33799362 29.18507385
v -11.98040962 -54.70422363 29.18507385
v 46.82966232 -33.15003204 25.71372032
v 48.78158569 -30.20428085 25.71372032
v 50.54846573 -27.14395332 25.71372032
v 52.12360001 -23.98066139 25.71372032
v 53.50101089 -20.72640228 25.71372032
v 54.67547226 -17.39352036 25.71372032
v 55.64253235 -13.99465847 25.71372032
v 56.39852142 -10.5427103 25.71372032
v 56.94057083 -7.05077028 25.71372032
v 57.26662445 -3.53208447 25.71372032
v 57.37544632 0 25.71372032
v 57.26662445 3.53208447 25.71372032
v 56.94057083 7.05077028 25.71372032
v 56.39852142 10.5427103 25.71372032
v 55.64253235 13.99465847 25.71372032
v 54.67547226 17.39352036 25.71372032
v 53.50101089 20.72640228 25.71372032
v 52.12360001 23.98066139 25.71372032
v 50.54846573 27.14395332 25.71372032
v 48.78158569 30.20428085 25.71372032
v 46.82966232 33.15003204 25.71372032
v 44.70009613 35.97003174 25.71372032
v 44.30840683 38.25095749 22.16476822
v 43.95305634 40.06850815 18.55151176
v 41.40304184 42.69829941 18.55151176
v 38.69596481 45.16612244 18.55151176
v 35.84210587 47.46261597 18.55151176
v 42.3946228 -34.1148262 32.56581879
v 40.214077 -36.65997314 32.56581879
v 37.88098145 -39.0660553 32.56581879
v 35.40419388 -41.32394791 32.56581879
v 32.79310226 -43.42508698 32.56581879
v 30.05761719 -45.36149597 32.56581879
v 27.20811272 -47.12583542 32.56581879
v 24.2553997 -48.71140671 32.56581879
v 21.21067619 -50.11220169 32.56581879
v 18.08549309 -51.32290268 32.56581879
v 14.89170742 -52.33892059 32.56581879
v 11.64143085 -53.15639877 32.56581879
v 8.34699535 -53.77223587 32.56581879
v 5.02089596 -54.18409729 32.56581879
v 1.67575085 -54.39041519 32.56581879
v -1.67575085 -54.39041519 32.56581879
v -5.02089596 -54.18409729 32.56581879
v -8.34699535 -53.77223587 32.56581879
v -11.64143085 -53.15639877 32.56581879
v 45.70762634 -32.35575867 29.18507385
v 47.61278534 -29.48058701 29.18507385
v 49.33732986 -26.49358749 29.18507385
v 50.87472153 -23.40608597 29.18507385
v 52.21913147 -20.22979927 29.18507385
v 53.36545181 -16.97677231 29.18507385
v 54.30934143 -13.65934753 29.18507385
v 55.04721451 -10.29010773 29.18507385
v 55.57627869 -6.88183451 29.18507385
v 55.89451981 -3.44745588 29.18507385
v 56.00073624 0 29.18507385
v 55.89451981 3.44745588 29.18507385
v 55.57627869 6.88183451 29.18507385
v 55.04721451 10.29010773 29.18507385
v 54.30934143 13.65934753 29.18507385
v 53.36545181 16.97677231 29.18507385
v 52.21913147 20.22979927 29.18507385
v 50.87472153 23.40608597 29.18507385
v 49.33732986 26.49358749 29.18507385
v 47.61278534 29.48058701 29.18507385
v 45.70762634 32.35575867 29.18507385
v 43.62908554 35.10819244 29.18507385
v 43.40701675 37.520298 25.71372032
v 43.25804138 39.43491364 22.16476822
v 40.74834442 42.02312469 22.16476822
v 38.08407974 44.45192719 22.16476822
v 35.27534485 46.7121048 22.16476822
v 32.332798 48.79508972 22.16476822
v 41.00133896 -32.99365616 35.84329224
v 38.89245605 -35.45515823 35.84329224
v 36.63603592 -37.78216553 35.84329224
v 34.24064636 -39.96585083 35.84329224
v 31.71536827 -41.99793625 35.84329224
v 29.06978416 -43.87070465 35.84329224
v 26.3139286 -45.5770607 35.84329224
v 23.45825386 -47.11052322 35.84329224
v 20.51359367 -48.46528244 35.84329224
v 17.49111938 -49.63619614 35.84329224
v 14.40229607 -50.61882019 35.84329224
v 11.25883961 -51.40943146 35.84329224
v 8.0726738 -52.00502777 35.84329224
v 4.85588598 -52.40335464 35.84329224
v 1.62067783 -52.60289383 35.84329224
v -1.62067783 -52.60289383 35.84329224
v -4.85588598 -52.40335464 35.84329224
v -8.0726738 -52.00502777 35.84329224
v -11.25883961 -51.40943146 35.84329224
v 44.41435623 -31.44027138 32.56581879
v 46.26560593 -28.64645195 32.56581879
v 47.94135666 -25.74396515 32.56581879
v 49.43524933 -22.74382401 32.56581879
v 50.74161911 -19.65740776 32.56581879
v 51.8555069 -16.49642372 32.56581879
v 52.77268982 -13.27286434 32.56581879
v 53.48968506 -9.99895477 32.56581879
v 54.00377655 -6.6871171 32.56581879
v 54.31301498 -3.34991217 32.56581879
v 54.41622543 0 32.56581879
v 54.31301498 3.34991217 32.56581879
v 54.00377655 6.6871171 32.56581879
v 53.48968506 9.99895477 32.56581879
v 52.77268982 13.27286434 32.56581879
v 51.8555069 16.49642372 32.56581879
v 50.74161911 19.65740776 32.56581879
v 49.43524933 22.74382401 32.56581879
v 47.94135666 25.74396515 32.56581879
v 46.26560593 28.64645195 32.56581879
v 44.41435623 31.44027138 32.56581879
v 42.3946228 34.1148262 32.56581879
v 42.34402847 36.64785767 29.18507385
v 42.40096664 38.65358734 25.71372032
v 39.94099426 41.19051743 25.71372032
v 37.32951355 43.5711937 25.71372032
v 34.57643127 45.78659439 25.71372032
v 31.69218636 47.82830811 25.71372032
v 28.68772316 49.68859482 25.71372032
v 39.4544487 -31.74887848 39.00522232
v 37.42512894 -34.11751175 39.00522232
v 35.2538414 -36.3567276 39.00522232
v 32.94882202 -38.4580307 39.00522232
v 30.5188179 -40.41344833 39.00522232
v 27.97304535 -42.21556091 39.00522232
v 25.32116127 -43.85754013 39.00522232
v 22.57322693 -45.33314896 39.00522232
v 19.73966217 -46.63679504 39.00522232
v 16.83121872 -47.76353073 39.00522232
v 13.85892963 -48.70908356 39.00522232
v 10.8340683 -49.46986771 39.00522232
v 7.7681098 -50.04299545 39.00522232
v 4.67268419 -50.42629242 39.00522232
v 1.55953336 -50.61830521 39.00522232
v -1.55953336 -50.61830521 39.00522232
v -4.67268419 -50.42629242 39.00522232
v -7.7681098 -50.04299545 39.00522232
v 42.95469284 -30.40699768 35.84329224
v 44.74510574 -27.70499611 35.84329224
v 46.36578369 -24.89789963 35.84329224
v 47.81057739 -21.99635696 35.84329224
v 49.07401276 -19.01137352 35.84329224
v 50.15129471 -15.95427513 35.84329224
v 51.03833389 -12.83665562 35.84329224
v 51.73176575 -9.6703434 35.84329224
v 52.22896194 -6.46734715 35.84329224
v 52.52803802 -3.23981857 35.84329224
v 52.62785721 0 35.84329224
v 52.52803802 3.23981857 35.84329224
v 52.22896194 6.46734715 35.84329224
v 51.73176575 9.6703434 35.84329224
v 51.03833389 12.83665562 35.84329224
v 50.15129471 15.95427513 35.84329224
v 49.07401276 19.01137352 35.84329224
v 47.81057739 21.99635696 35.84329224
v 46.36578369 24.89789963 35.84329224
v 44.74510574 27.70499611 35.84329224
v 42.95469284 30.40699768 35.84329224
v 41.00133896 32.99365616 35.84329224
v 41.12360382 35.63670731 32.56581879
v 41.38504028 37.72745132 29.18507385
v 38.9840126 40.20359421 29.18507385
v 36.43510437 42.52723312 29.18507385
v 33.74798203 44.68955231 29.18507385
v 30.93284416 46.68234634 29.18507385
v 28.00036812 48.49805832 29.18507385
v 24.96167564 50.1298027 29.18507385
v 37.75975037 -30.38515854 42.03975296
v 35.81759644 -32.65205383 42.03975296
v 33.73957062 -34.79508591 42.03975296
v 31.53356171 -36.80612946 42.03975296
v 29.20793343 -38.67755508 42.03975296
v 26.77151108 -40.40226364 42.03975296
v 24.23353386 -41.97371292 42.03975296
v 21.60363197 -43.38594055 42.03975296
v 18.89177895 -44.6335907 42.03975296
v 16.10826302 -45.71192932 42.03975296
v 13.26364326 -46.61687088 42.03975296
v 10.36870956 -47.34497452 42.03975296
v 7.43444395 -47.89348221 42.03975296
v 4.47197676 -48.26031494 42.03975296
v 1.4925462 -48.44408035 42.03975296
v -1.4925462 -48.44408035 42.03975296
v -4.47197676 -48.26031494 42.03975296
v 41.33410645 -29.25980949 39.00522232
v 43.0569725 -26.65974808 39.00522232
v 44.61650467 -23.95855713 39.00522232
v 46.00679398 -21.16648293 39.00522232
v 47.22256088 -18.29411697 39.00522232
v 48.25919724 -15.35235596 39.00522232
v 49.11277008 -12.35235786 39.00522232
v 49.78004074 -9.30550289 39.00522232
v 50.25848007 -6.22334862 39.00522232
v 50.54627228 -3.11758733 39.00522232
v 50.64232254 0 39.00522232
v 50.54627228 3.11758733 39.00522232
v 50.25848007 6.22334862 39.00522232
v 49.78004074 9.30550289 39.00522232
v 49.11277008 12.35235786 39.00522232
v 48.25919724 15.35235596 39.00522232
v 47.22256088 18.29411697 39.00522232
v 46.00679398 21.16648293 39.00522232
v 44.61650467 23.95855713 39.00522232
v 43.0569725 26.65974808 39.00522232
v 41.33410645 29.25980949 39.00522232
v 39.4544487 31.74887848 39.00522232
v 39.75048447 34.49043655 35.84329224
v 40.214077 36.65997314 32.56581879
v 37.88098145 39.0660553 32.56581879
v 35.40419388 41.32394791 32.56581879
v 32.79310226 43.42508698 32.56581879
v 30.05761719 45.36149597 32.56581879
v 27.20811272 47.12583542 32.56581879
v 24.2553997 48.71140671 32.56581879
v 21.21067619 50.11220169 32.56581879
v 35.92359161 -28.90760612 44.93552017
v 34.07587814 -31.06426811 44.93552017
v 32.09890366 -33.10309219 44.93552017
v 30.00016594 -35.01634216 44.93552017
v 27.78762817 -36.79676437 44.93552017
v 25.46968079 -38.43760681 44.93552017
v 23.05512047 -39.93264008 44.93552017
v 20.55310249 -41.27619553 44.93552017
v 17.97311974 -42.46317291 44.93552017
v 15.32495975 -43.48907852 44.93552017
v 12.6186657 -44.35000992 44.93552017
v 9.86450577 -45.04270935 44.93552017
v 7.07292604 -45.56454849 44.93552017
v 4.25451612 -45.91353989 44.93552017
v 1.41996753 -46.08837128 44.93552017
v -1.41996753 -46.08837128 44.93552017
v 39.55867004 -28.00300407 42.03975296
v 41.20753098 -25.51462364 42.03975296
v 42.70007706 -22.92945862 42.03975296
v 44.03064728 -20.25731277 42.03975296
v 45.19419479 -17.50832367 42.03975296
v 46.186306 -14.69292164 42.03975296
v 47.00321579 -11.82178307 42.03975296
v 47.64182281 -8.90580082 42.03975296
v 48.09971237 -5.95603514 42.03975296
v 48.37514114 -2.98367667 42.03975296
v 48.46706772 0 42.03975296
v 48.37514114 2.98367667 42.03975296
v 48.09971237 5.95603514 42.03975296
v 47.64182281 8.90580082 42.03975296
v 47.00321579 11.82178307 42.03975296
v 46.186306 14.69292164 42.03975296
v 45.19419479 17.50832367 42.03975296
v 44.03064728 20.25731277 42.03975296
v 42.70007706 22.92945862 42.03975296
v 41.20753098 25.51462364 42.03975296
v 39.55867004 28.00300407 42.03975296
v 37.75975037 30.38515854 42.03975296
v 38.22998047 33.21315384 39.00522232
v 38.89245605 35.45515823 35.84329224
v 36.63603592 37.78216553 35.84329224
v 34.24064636 39.96585083 35.84329224
v 31.71536827 41.99793625 35.84329224
v 29.06978416 43.87070465 35.84329224
v 26.3139286 45.5770607 35.84329224
v 23.45825386 47.11052322 35.84329224
v 20.51359367 48.46528244 35.84329224
v 17.49111938 49.63619614 35.84329224
v 33.95285034 -27.32175636 47.68167496
v 32.20650101 -29.36010551 47.68167496
v 30.33798218 -31.28708076 47.68167496
v 28.35437965 -33.09537125 47.68167496
v 26.26321983 -34.77812195 47.68167496
v 24.07243347 -36.32894897 47.68167496
v 21.79033279 -37.74196243 47.68167496
v 19.42557526 -39.01181412 47.68167496
v 16.9871273 -40.13367462 47.68167496
v 14.48424339 -41.10329819 47.68167496
v 11.92641544 -41.91700363 47.68167496
v 9.32334614 -42.57170105 47.68167496
v 6.6849103 -43.06491089 47.68167496
v 4.02111673 -43.39476013 47.68167496
v 1.34206915 -43.55999756 47.68167496
v 37.63503647 -26.64129066 44.93552017
v 39.20371628 -24.27391243 44.93552017
v 40.62368393 -21.81445694 44.93552017
v 41.88955307 -19.27225113 44.93552017
v 42.99651718 -16.65694046 44.93552017
v 43.94038391 -13.97844219 44.93552017
v 44.71756744 -11.24691963 44.93552017
v 45.32512665 -8.47273445 44.93552017
v 45.760746 -5.66640854 44.93552017
v 46.02278519 -2.83858824 44.93552017
v 46.11024094 0 44.93552017
v 46.02278519 2.83858824 44.93552017
v 45.760746 5.66640854 44.93552017
v 45.32512665 8.47273445 44.93552017
v 44.71756744 11.24691963 44.93552017
v 43.94038391 13.97844219 44.93552017
v 42.99651718 16.65694046 44.93552017
v 41.88955307 19.27225113 44.93552017
v 40.62368393 21.81445694 44.93552017
v 39.20371628 24.27391243 44.93552017
v 37.63503647 26.64129066 44.93552017
v 35.92359161 28.90760612 44.93552017
v 36.56794739 31.8094635 42.03975296
v 37.42512894 34.11751175 39.00522232
v 35.2538414 36.3567276 39.00522232
v 32.94882202 38.4580307 39.00522232
v 30.5188179 40.41344833 39.00522232
v 27.97304535 42.21556091 39.00522232
v 25.32116127 43.85754013 39.00522232
v 22.57322693 45.33314896 39.00522232
v 19.73966217 46.63679504 39.00522232
v 16.83121872 47.76353073 39.00522232
v 13.85892963 48.70908356 39.00522232
v 31.8549099 -25.63355064 50.26793289
v 30.2164669 -27.54594994 50.26793289
v 28.4634037 -29.35385704 50.26793289
v 26.6023674 -31.05041504 50.26793289
v 24.64041901 -32.62918854 50.26793289
v 22.5850029 -34.08419037 50.26793289
v 20.44391251 -35.40989685 50.26793289
v 18.22527122 -36.60128021 50.26793289
v 15.93749714 -37.65382385 50.26793289
v 13.58926487 -38.56353378 50.26793289
v 11.1894846 -39.3269577 50.26793289
v 8.74725819 -39.94120407 50.26793289
v 6.27185106 -40.40393829 50.26793289
v 3.77265263 -40.71340561 50.26793289
v 35.57040405 -25.17976952 47.68167496
v 37.05302811 -22.94226456 47.68167496
v 38.39509964 -20.617733 47.68167496
v 39.59152222 -18.21499062 47.68167496
v 40.63776016 -15.74315262 47.68167496
v 41.52984619 -13.21159554 47.68167496
v 42.26439667 -10.62992287 47.68167496
v 42.83862305 -8.00792599 47.68167496
v 43.25034714 -5.35555363 47.68167496
v 43.49800873 -2.68286538 47.68167496
v 43.58066559 0 47.68167496
v 43.49800873 2.68286538 47.68167496
v 43.25034714 5.35555363 47.68167496
v 42.83862305 8.00792599 47.68167496
v 42.26439667 10.62992287 47.68167496
v 41.52984619 13.21159554 47.68167496
v 40.63776016 15.74315262 47.68167496
v 39.59152222 18.21499062 47.68167496
v 38.39509964 20.617733 47.68167496
v 37.05302811 22.94226456 47.68167496
v 35.57040405 25.17976952 47.68167496
v 33.95285034 27.32175636 47.68167496
v 34.77077103 30.28444672 44.93552017
v 35.81759644 32.65205383 42.03975296
v 33.73957062 34.79508591 42.03975296
v 31.53356171 36.80612946 42.03975296
v 29.20793343 38.67755508 42.03975296
v 26.77151108 40.40226364 42.03975296
v 24.23353386 41.97371292 42.03975296
v 21.60363197 43.38594055 42.03975296
v 18.89177895 44.6335907 42.03975296
v 16.10826302 45.71192932 42.03975296
v 13.26364326 46.61687088 42.03975296
v 10.36870956 47.34497452 42.03975296
v 29.63763046 -23.84931374 52.68460083
v 28.11323357 -25.62859726 52.68460083
v 26.48219109 -27.31066513 52.68460083
v 24.75069427 -28.88913345 52.68460083
v 22.92530823 -30.35801506 52.68460083
v 21.01296043 -31.71173859 52.68460083
v 19.02090263 -32.94516754 52.68460083
v 16.95669174 -34.05362701 52.68460083
v 14.82815838 -35.03290939 52.68460083
v 12.64337635 -35.87929535 52.68460083
v 10.41063404 -36.58958435 52.68460083
v 8.13840103 -37.16107178 52.68460083
v 5.8352952 -37.59159851 52.68460083
v 33.37251663 -23.62391472 50.26793289
v 34.76353073 -21.52466583 50.26793289
v 36.02267456 -19.34376717 50.26793289
v 37.1451683 -17.08948898 50.26793289
v 38.12676239 -14.77038574 50.26793289
v 38.96372604 -12.39525318 50.26793289
v 39.65288925 -9.97310162 50.26793289
v 40.19163132 -7.51311827 50.26793289
v 40.57791519 -5.02463484 50.26793289
v 40.81027603 -2.51709151 50.26793289
v 40.88782501 0 50.26793289
v 40.81027603 2.51709151 50.26793289
v 40.57791519 5.02463484 50.26793289
v 40.19163132 7.51311827 50.26793289
v 39.65288925 9.97310162 50.26793289
v 38.96372604 12.39525318 50.26793289
v 38.12676239 14.77038574 50.26793289
v 37.1451683 17.08948898 50.26793289
v 36.02267456 19.34376717 50.26793289
v 34.76353073 21.52466583 50.26793289
v 33.37251663 23.62391472 50.26793289
v 31.8549099 25.63355064 50.26793289
v 32.84532547 28.64365578 47.68167496
v 34.07587814 31.06426811 44.93552017
v 32.09890366 33.10309219 44.93552017
v 30.00016594 35.01634216 44.93552017
v 27.78762817 36.79676437 44.93552017
v 25.46968079 38.43760681 44.93552017
v 23.05512047 39.93264008 44.93552017
v 20.55310249 41.27619553 44.93552017
v 17.97311974 42.46317291 44.93552017
v 15.32495975 43.48907852 44.93552017
v 12.6186657 44.35000992 44.93552017
v 9.86450577 45.04270935 44.93552017
v 7.07292604 45.56454849 44.93552017
v 27.30931854 -21.97572708 54.9226265
v 25.90467644 -23.61523247 54.9226265
v 24.40176964 -25.16515732 54.9226265
v 22.8062973 -26.61962318 54.9226265
v 21.12431335 -27.9731102 54.9226265
v 19.36219597 -29.22048759 54.9226265
v 17.52663422 -30.35701942 54.9226265
v 15.62458515 -31.37839699 54.9226265
v 13.66326809 -32.28074646 54.9226265
v 11.65012169 -33.06064224 54.9226265
v 9.59278202 -33.71512985 54.9226265
v 7.49905348 -34.24172592 54.9226265
v 31.04960442 -21.97955894 52.68460083
v 32.34379578 -20.02643013 52.68460083
v 33.51529312 -17.99733353 52.68460083
v 34.55965805 -15.89996624 52.68460083
v 35.47292709 -13.74228477 52.68460083
v 36.25163269 -11.53247452 52.68460083
v 36.89282608 -9.27891827 52.68460083
v 37.39406967 -6.99016333 52.68460083
v 37.75346756 -4.67489243 52.68460083
v 37.96965027 -2.34188795 52.68460083
v 38.04180527 0 52.68460083
v 37.96965027 2.34188795 52.68460083
v 37.75346756 4.67489243 52.68460083
v 37.39406967 6.99016333 52.68460083
v 36.89282608 9.27891827 52.68460083
v 36.25163269 11.53247452 52.68460083
v 35.47292709 13.74228477 52.68460083
v 34.55965805 15.89996624 52.68460083
v 33.51529312 17.99733353 52.68460083
v 32.34379578 20.02643013 52.68460083
v 31.04960442 21.97955894 52.68460083
v 29.63763046 23.84931374 52.68460083
v 30.79897308 26.89307594 50.26793289
v 32.20650101 29.36010551 47.68167496
v 30.33798218 31.28708076 47.68167496
v 28.35437965 33.09537125 47.68167496
v 26.26321983 34.77812195 47.68167496
v 24.07243347 36.32894897 47.68167496
v 21.79033279 37.74196243 47.68167496
v 19.42557526 39.01181412 47.68167496
v 16.9871273 40.13367462 47.68167496
v 14.48424339 41.10329819 47.68167496
v 11.92641544 41.91700363 47.68167496
v 9.32334614 42.57170105 47.68167496
v 6.6849103 43.06491089 47.68167496
v 4.02111673 43.39476013 47.68167496
v 24.87869835 -20.01981354 56.97362137
v 23.59907341 -21.51339722 56.97362137
v 22.22992897 -22.92537308 56.97362137
v 20.77645874 -24.25038719 56.97362137
v 19.24417686 -25.48340988 56.97362137
v 17.63889503 -26.61976433 56.97362137
v 15.96670341 -27.65514183 56.97362137
v 14.23394489 -28.58561325 56.97362137
v 12.44719124 -29.4076519 56.97362137
v 10.61322117 -30.11813545 56.97362137
v 8.73899174 -30.71437073 56.97362137
v 28.61036873 -20.25286102 54.9226265
v 29.80288887 -18.45316696 54.9226265
v 30.88235474 -16.58347511 54.9226265
v 31.84467506 -14.65087509 54.9226265
v 32.68619919 -12.66270065 54.9226265
v 33.40372849 -10.62649155 54.9226265
v 33.9945488 -8.54997253 54.9226265
v 34.45641708 -6.44102097 54.9226265
v 34.7875824 -4.30763626 54.9226265
v 34.98678207 -2.15791082 54.9226265
v 35.05326843 0 54.9226265
v 34.98678207 2.15791082 54.9226265
v 34.7875824 4.30763626 54.9226265
v 34.45641708 6.44102097 54.9226265
v 33.9945488 8.54997253 54.9226265
v 33.40372849 10.62649155 54.9226265
v 32.68619919 12.66270065 54.9226265
v 31.84467506 14.65087509 54.9226265
v 30.88235474 16.58347511 54.9226265
v 29.80288887 18.45316696 54.9226265
v 28.61036873 20.25286102 54.9226265
v 27.30931854 21.97572708 54.9226265
v 28.63950539 25.03912163 52.68460083
v 30.2164669 27.54594994 50.26793289
v 28.4634037 29.35385704 50.26793289
v 26.6023674 31.05041504 50.26793289
v 24.64041901 32.62918854 50.26793289
v 22.5850029 34.08419037 50.26793289
v 20.44391251 35.40989685 50.26793289
v 18.22527122 36.60128021 50.26793289
v 15.93749714 37.65382385 50.26793289
v 13.58926487 38.56353378 50.26793289
v 11.1894846 39.3269577 50.26793289
v 8.74725819 39.94120407 50.26793289
v 6.27185106 40.40393829 50.26793289
v 3.77265263 40.71340561 50.26793289
v 1.25914299 40.86843109 50.26793289
v 22.35487175 -17.98889923 58.82991028
v 21.20505905 -19.33096504 58.82991028
v 19.97480774 -20.59970284 58.82991028
v 18.668787 -21.79030037 58.82991028
v 17.29194641 -22.89823914 58.82991028
v 15.84951401 -23.91931534 58.82991028
v 14.34695721 -24.84965897 58.82991028
v 12.78997803 -25.68573952 58.82991028
v 11.18448257 -26.42438507 58.82991028
v 9.53656006 -27.06279373 58.82991028
v 26.06394768 -18.45028687 56.97362137
v 27.15032959 -16.81077194 56.97362137
v 28.13372231 -15.10748959 56.97362137
v 29.01039124 -13.34689808 56.97362137
v 29.77701569 -11.53567696 56.97362137
v 30.43068504 -9.68069744 56.97362137
v 30.96891975 -7.78899622 56.97362137
v 31.38968086 -5.86774826 56.97362137
v 31.6913681 -3.92424178 56.97362137
v 31.87284088 -1.96584952 56.97362137
v 31.93340683 0 56.97362137
v 31.87284088 1.96584952 56.97362137
v 31.6913681 3.92424178 56.97362137
v 31.38968086 5.86774826 56.97362137
v 30.96891975 7.78899622 56.97362137
v 30.43068504 9.68069744 56.97362137
v 29.77701569 11.53567696 56.97362137
v 29.01039124 13.34689808 56.97362137
v 28.13372231 15.10748959 56.97362137
v 27.15032959 16.81077194 56.97362137
v 26.06394768 18.45028687 56.97362137
v 24.87869835 20.01981354 56.97362137
v 26.37514114 23.08859825 54.9226265
v 28.11323357 25.62859726 52.68460083
v 26.48219109 27.31066513 52.68460083
v 24.75069427 28.88913345 52.68460083
v 22.92530823 30.35801506 52.68460083
v 21.01296043 31.71173859 52.68460083
v 19.02090263 32.94516754 52.68460083
v 16.95669174 34.05362701 52.68460083
v 14.82815838 35.03290939 52.68460083
v 12.64337635 35.87929535 52.68460083
v 10.41063404 36.58958435 52.68460083
v 8.13840103 37.16107178 52.68460083
v 5.8352952 37.59159851 52.68460083
v 3.51005483 37.87952423 52.68460083
v 1.17149961 38.02376175 52.68460083
v -1.17149961 38.02376175 52.68460083
v 19.74729729 -15.89059067 60.4845314
v 18.73160362 -17.07611275 60.4845314
v 17.6448555 -18.19685936 60.4845314
v 16.49117279 -19.24857903 60.4845314
v 15.27493477 -20.22728348 60.4845314
v 14.0007534 -21.1292572 60.4845314
v 12.67346287 -21.95108032 60.4845314
v 11.29809666 -22.68963623 60.4845314
v 9.87987328 -23.34212303 60.4845314
v 23.41988564 -16.5785923 58.82991028
v 24.39605904 -15.10540009 58.82991028
v 25.27968979 -13.57490635 58.82991028
v 26.06742477 -11.99291897 58.82991028
v 26.75627899 -10.36543751 58.82991028
v 27.34363747 -8.69863701 58.82991028
v 27.82727051 -6.99883938 58.82991028
v 28.20534706 -5.27249289 58.82991028
v 28.47642899 -3.52614617 58.82991028
v 28.63949203 -1.76642334 58.82991028
v 28.69391441 0 58.82991028
v 28.63949203 1.76642334 58.82991028
v 28.47642899 3.52614617 58.82991028
v 28.20534706 5.27249289 58.82991028
v 27.82727051 6.99883938 58.82991028
v 27.34363747 8.69863701 58.82991028
v 26.75627899 10.36543751 58.82991028
v 26.06742477 11.99291897 58.82991028
v 25.27968979 13.57490635 58.82991028
v 24.39605904 15.10540009 58.82991028
v 23.41988564 16.5785923 58.82991028
v 22.35487175 17.98889923 58.82991028
v 24.01447868 21.04868889 56.97362137
v 25.90467644 23.61523247 54.9226265
v 24.40176964 25.16515732 54.9226265
v 22.8062973 26.61962318 54.9226265
v 21.12431335 27.9731102 54.9226265
v 19.36219597 29.22048759 54.9226265
v 17.52663422 30.35701942 54.9226265
v 15.62458515 31.37839699 54.9226265
v 13.66326809 32.28074646 54.9226265
v 11.65012169 33.06064224 54.9226265
v 9.59278202 33.71512985 54.9226265
v 7.49905348 34.24172592 54.9226265
v 5.37687874 34.63842773 54.9226265
v 3.23430753 34.90373611 54.9226265
v 1.07946742 35.03664017 54.9226265
v -1.07946742 35.03664017 54.9226265
v -3.23430753 34.90373611 54.9226265
v 17.06574249 -13.73275185 61.93128967
v 16.18797302 -14.75728798 61.93128967
v 15.24879837 -15.72584438 61.93128967
v 14.25177956 -16.63474846 61.93128967
v 13.2006979 -17.48054886 61.93128967
v 12.09954262 -18.26004219 61.93128967
v 10.9524889 -18.97026634 61.93128967
v 9.76388836 -19.60853195 61.93128967
v 20.68808174 -14.64479065 60.4845314
v 21.55039024 -13.34343719 60.4845314
v 22.33094978 -11.99146748 60.4845314
v 23.02680206 -10.5940094 60.4845314
v 23.6353035 -9.15636539 60.4845314
v 24.15415001 -7.68398809 60.4845314
v 24.58137131 -6.18246269 60.4845314
v 24.91534615 -4.65748549 60.4845314
v 25.15480804 -3.11484027 60.4845314
v 25.29885101 -1.56037974 60.4845314
v 25.34692574 0 60.4845314
v 25.29885101 1.56037974 60.4845314
v 25.15480804 3.11484027 60.4845314
v 24.91534615 4.65748549 60.4845314
v 24.58137131 6.18246269 60.4845314
v 24.15415001 7.68398809 60.4845314
v 23.6353035 9.15636539 60.4845314
v 23.02680206 10.5940094 60.4845314
v 22.33094978 11.99146748 60.4845314
v 21.55039024 13.34343719 60.4845314
v 20.68808174 14.64479065 60.4845314
v 19.74729729 15.89059067 60.4845314
v 21.56646729 18.92691994 58.82991028
v 23.59907341 21.51339722 56.97362137
v 22.22992897 22.92537308 56.97362137
v 20.77645874 24.25038719 56.97362137
v 19.24417686 25.48340988 56.97362137
v 17.63889503 26.61976433 56.97362137
v 15.96670341 27.65514183 56.97362137
v 14.23394489 28.58561325 56.97362137
v 12.44719124 29.4076519 56.97362137
v 10.61322117 30.11813545 56.97362137
v 8.73899174 30.71437073 56.97362137
v 6.83161211 31.19409561 56.97362137
v 4.89831829 31.55549049 56.97362137
v 2.94644308 31.7971859 56.97362137
v 0.98339117 31.91826248 56.97362137
v -0.98339117 31.91826248 56.97362137
v -2.94644308 31.7971859 56.97362137
v -4.89831829 31.55549049 56.97362137
v 14.32025433 -11.52346516 63.16476822
v 13.58369827 -12.3831768 63.16476822
v 12.7956152 -13.19591522 63.16476822
v 11.95899296 -13.95859623 63.16476822
v 11.07700729 -14.66832829 63.16476822
v 10.15300179 -15.32241726 63.16476822
v 9.19048309 -15.91838455 63.16476822
v 17.87877464 -12.65612316 61.93128967
v 18.6239872 -11.5314846 61.93128967
v 19.29855156 -10.36310387 61.93128967
v 19.89991188 -9.15541172 61.93128967
v 20.42578316 -7.91299057 61.93128967
v 20.87417412 -6.64055252 61.93128967
v 21.24337959 -5.34292459 61.93128967
v 21.5320034 -4.02502918 61.93128967
v 21.73894882 -2.69186521 61.93128967
v 21.86343193 -1.34849024 61.93128967
v 21.9049778 0 61.93128967
v 21.86343193 1.34849024 61.93128967
v 21.73894882 2.69186521 61.93128967
v 21.5320034 4.02502918 61.93128967
v 21.24337959 5.34292459 61.93128967
v 20.87417412 6.64055252 61.93128967
v 20.42578316 7.91299057 61.93128967
v 19.89991188 9.15541172 61.93128967
v 19.29855156 10.36310387 61.93128967
v 18.6239872 11.5314846 61.93128967
v 17.87877464 12.65612316 61.93128967
v 17.06574249 13.73275185 61.93128967
v 19.04037285 16.73113251 60.4845314
v 21.20505905 19.33096504 58.82991028
v 19.97480774 20.59970284 58.82991028
v 18.668787 21.79030037 58.82991028
v 17.29194641 22.89823914 58.82991028
v 15.84951401 23.91931534 58.82991028
v 14.34695721 24.84965897 58.82991028
v 12.78997803 25.68573952 58.82991028
v 11.18448257 26.42438507 58.82991028
v 9.53656006 27.06279373 58.82991028
v 7.85246277 27.59854317 58.82991028
v 6.13857746 28.02960205 58.82991028
v 4.40140724 28.35433578 58.82991028
v 2.64754057 28.57151222 58.82991028
v 0.88363081 28.68030548 58.82991028
v -0.88363081 28.68030548 58.82991028
v -2.64754057 28.57151222 58.82991028
v -4.40140724 28.35433578 58.82991028
v -6.13857746 28.02960205 58.82991028
v 11.52111721 -9.27100849 64.180336
v 10.92853355 -9.96267509 64.180336
v 10.29449463 -10.61654949 64.180336
v 9.62140465 -11.23015118 64.180336
v 8.91181755 -11.80115414 64.180336
v 8.16842556 -12.32739067 64.180336
v 15.00248814 -10.62004185 63.16476822
v 15.62781239 -9.67633247 63.16476822
v 16.19385529 -8.69591713 63.16476822
v 16.69846916 -7.68251514 63.16476822
v 17.1397419 -6.63997126 63.16476822
v 17.51599503 -5.5722394 63.16476822
v 17.82580566 -4.48336983 63.16476822
v 18.06799507 -3.37749386 63.16476822
v 18.24164772 -2.25880551 63.16476822
v 18.34610367 -1.131549 63.16476822
v 18.38096619 0 63.16476822
v 18.34610367 1.131549 63.16476822
v 18.24164772 2.25880551 63.16476822
v 18.06799507 3.37749386 63.16476822
v 17.82580566 4.48336983 63.16476822
v 17.51599503 5.5722394 63.16476822
v 17.1397419 6.63997126 63.16476822
v 16.69846916 7.68251514 63.16476822
v 16.19385529 8.69591713 63.16476822
v 15.62781239 9.67633247 63.16476822
v 15.00248814 10.62004185 63.16476822
v 14.32025433 11.52346516 63.16476822
v 16.44574928 14.46946335 61.93128967
v 18.73160362 17.07611275 60.4845314
v 17.6448555 18.19685936 60.4845314
v 16.49117279 19.24857903 60.4845314
v 15.27493477 20.22728348 60.4845314
v 14.0007534 21.1292572 60.4845314
v 12.67346287 21.95108032 60.4845314
v 11.29809666 22.68963623 60.4845314
v 9.87987328 23.34212303 60.4845314
v 8.4241724 23.90606499 60.4845314
v 6.93651533 24.37932205 60.4845314
v 5.42254591 24.76010132 60.4845314
v 3.88800693 25.04695702 60.4845314
v 2.33871913 25.23880005 60.4845314
v 0.78056008 25.33490372 60.4845314
v -0.78056008 25.33490372 60.4845314
v -2.33871913 25.23880005 60.4845314
v -3.88800693 25.04695702 60.4845314
v -5.42254591 24.76010132 60.4845314
v -6.93651533 24.37932205 60.4845314
v 8.67881775 -6.98381901 64.97419739
v 8.23242664 -7.50484896 64.97419739
v 7.75480747 -7.9974103 64.97419739
v 7.24777126 -8.45963478 64.97419739
v 6.71324205 -8.8897686 64.97419739
v 12.06999683 -8.54417419 64.180336
v 12.57309151 -7.78492832 64.180336
v 13.02849102 -6.99615192 64.180336
v 13.43447018 -6.18083715 64.180336
v 13.78948689 -5.34207582 64.180336
v 14.09219646 -4.48305035 64.180336
v 14.34144878 -3.60701919 64.180336
v 14.53629875 -2.71730518 64.180336
v 14.67600822 -1.81728363 64.180336
v 14.76004601 -0.9103685 64.180336
v 14.78809452 0 64.180336
v 14.76004601 0.9103685 64.180336
v 14.67600822 1.81728363 64.180336
v 14.53629875 2.71730518 64.180336
v 14.34144878 3.60701919 64.180336
v 14.09219646 4.48305035 64.180336
v 13.78948689 5.34207582 64.180336
v 13.43447018 6.18083715 64.180336
v 13.02849102 6.99615192 64.180336
v 12.57309151 7.78492832 64.180336
v 12.06999683 8.54417419 64.180336
v 11.52111721 9.27100849 64.180336
v 13.79239178 12.15030289 63.16476822
v 16.18797302 14.75728798 61.93128967
v 15.24879837 15.72584438 61.93128967
v 14.25177956 16.63474846 61.93128967
v 13.2006979 17.48054886 61.93128967
v 12.09954262 18.26004219 61.93128967
v 10.9524889 18.97026634 61.93128967
v 9.76388836 19.60853195 61.93128967
v 8.53825092 20.17241478 61.93128967
v 7.28022432 20.65977669 61.93128967
v 5.9945817 21.06876945 61.93128967
v 4.68619919 21.3978405 61.93128967
v 3.36004066 21.64574242 61.93128967
v 2.02113628 21.81153488 61.93128967
v 0.67456508 21.89458847 61.93128967
v -0.67456508 21.89458847 61.93128967
v -2.02113628 21.81153488 61.93128967
v -3.36004066 21.64574242 61.93128967
v -4.68619919 21.3978405 61.93128967
v -5.9945817 21.06876945 61.93128967
v -7.28022432 20.65977669 61.93128967
v 9.09228706 -6.43629694 64.97419739
v 9.47126675 -5.86435986 64.97419739
v 9.8143177 -5.27017736 64.97419739
v 10.12014008 -4.65600348 64.97419739
v 10.38757324 -4.02416754 64.97419739
v 10.61560345 -3.37706637 64.97419739
v 10.8033638 -2.71715522 64.97419739
v 10.95014381 -2.04693675 64.97419739
v 11.05538654 -1.36895359 64.97419739
v 11.1186924 -0.68577749 64.97419739
v 11.13982105 0 64.97419739
v 11.1186924 0.68577749 64.97419739
v 11.05538654 1.36895359 64.97419739
v 10.95014381 2.04693675 64.97419739
v 10.8033638 2.71715522 64.97419739
v 10.61560345 3.37706637 64.97419739
v 10.38757324 4.02416754 64.97419739
v 10.12014008 4.65600348 64.97419739
v 9.8143177 5.27017736 64.97419739
v 9.47126675 5.86435986 64.97419739
v 9.09228706 6.43629694 64.97419739
v 8.67881775 6.98381901 64.97419739
v 11.09030628 9.78227139 64.180336
v 13.58369827 12.3831768 63.16476822
v 12.7956152 13.19591522 63.16476822
v 11.95899296 13.95859623 63.16476822
v 11.07700729 14.66832829 63.16476822
v 10.15300179 15.32241726 63.16476822
v 9.19048309 15.91838455 63.16476822
v 8.19310188 16.45396614 63.16476822
v 7.16464138 16.92713356 63.16476822
v 6.10900259 17.33609009 63.16476822
v 5.03019047 17.67928505 63.16476822
v 3.93229675 17.95541573 63.16476822
v 2.81948686 18.16343689 63.16476822
v 1.69598162 18.30255699 63.16476822
v 0.56604296 18.3722496 63.16476822
v -0.56604296 18.3722496 63.16476822
v -1.69598162 18.30255699 63.16476822
v -2.81948686 18.16343689 63.16476822
v -3.93229675 17.95541573 63.16476822
v -5.03019047 17.67928505 63.16476822
v -6.10900259 17.33609009 63.16476822
v -7.16464138 16.92713356 63.16476822
v 2.38317633 -10.88191509 64.97419739
v 2.26837015 -14.61308384 64.180336
v 1.69598162 -18.30255699 63.16476822
v 0.67456508 -21.89458847 61.93128967
v -0.78056008 -25.33490372 60.4845314
v -2.64754057 -28.57151222 58.82991028
v -4.89831829 -31.55549049 56.97362137
v -7.49905348 -34.24172592 54.9226265
v 1.70875561 -11.00798607 64.97419739
v 1.36447322 -14.72501087 64.180336
v 0.56604296 -18.3722496 63.16476822
v -0.67456508 -21.89458847 61.93128967
v -2.33871913 -25.23880005 60.4845314
v -4.40140724 -28.35433578 58.82991028
v -6.83161211 -31.19409561 56.97362137
v 1.02785301 -11.09230042 64.97419739
v 0.45540023 -14.78108025 64.180336
v -0.56604296 -18.3722496 63.16476822
v -2.02113628 -21.81153488 61.93128967
v -3.88800693 -25.04695702 60.4845314
v -6.13857746 -28.02960205 58.82991028
v -2.38317633 -10.88191509 64.97419739
v -31.6913681 -3.92424178 56.97362137
v -28.47642899 -3.52614617 58.82991028
v -25.15480804 -3.11484027 60.4845314
v -21.73894882 -2.69186521 61.93128967
v -18.24164772 -2.25880551 63.16476822
v -14.67600822 -1.81728363 64.180336
vn 0 0 0
f 1//1 2//1 3//1
f 3//1 2//1 4//1
f 4//1 2//1 5//1
f 4//1 5//1 6//1
f 6//1 5//1 7//1
f 7//1 5//1 8//1
f 9//1 10//1 11//1
f 11//1 10//1 12//1
f 12//1 10//1 13//1
f 12//1 13//1 14//1
f 14//1 13//1 15//1
f 15//1 13//1 16//1
f 15//1 16//1 3//1
f 3//1 16//1 1//1
f 17//1 11//1 18//1
f 18//1 11//1 19//1
f 18//1 19//1 20//1
f 20//1 19//1 21//1
f 20//1 21//1 22//1
f 22//1 21//1 19//1
f 22//1 19//1 23//1
f 11//1 17//1 24//1
f 24//1 17//1 25//1
f 24//1 25//1 26//1
f 26//1 27//1 24//1
f 24//1 27//1 28//1
f 24//1 28//1 29//1
f 29//1 30//1 24//1
f 24//1 30//1 31//1
f 24//1 31//1 32//1
f 32//1 31//1 33//1
f 32//1 33//1 34//1
f 34//1 35//1 32//1
f 32//1 35//1 36//1
f 32//1 36//1 37//1
f 37//1 38//1 32//1
f 32//1 38//1 39//1
f 32//1 39//1 40//1
f 40//1 41//1 32//1
f 32//1 41//1 42//1
f 42//1 41//1 43//1
f 42//1 43//1 44//1
f 44//1 43//1 23//1
f 45//1 46//1 41//1
f 41//1 46//1 47//1
f 41//1 47//1 43//1
f 43//1 47//1 23//1
f 45//1 48//1 46//1
f 46//1 48//1 23//1
f 48//1 49//1 23//1
f 23//1 49//1 50//1
f 50//1 51//1 23//1
f 51//1 52//1 23//1
f 53//1 23//1 54//1
f 55//1 23//1 53//1
f 56//1 23//1 55//1
f 57//1 23//1 58//1
f 57//1 22//1 23//1
f 59//1 60//1 4//1
f 4//1 60//1 61//1
f 4//1 61//1 3//1
f 3//1 61//1 62//1
f 3//1 62//1 63//1
f 63//1 62//1 23//1
f 64//1 65//1 61//1
f 61//1 65//1 66//1
f 61//1 66//1 62//1
f 62//1 66//1 23//1
f 64//1 67//1 65//1
f 65//1 67//1 23//1
f 67//1 68//1 23//1
f 23//1 68//1 69//1
f 69//1 70//1 23//1
f 70//1 71//1 23//1
f 72//1 23//1 73//1
f 74//1 23//1 75//1
f 76//1 23//1 77//1
f 76//1 78//1 23//1
f 79//1 80//1 78//1
f 78//1 80//1 81//1
f 78//1 81//1 23//1
f 80//1 79//1 81//1
f 81//1 79//1 82//1
f 81//1 82//1 7//1
f 7//1 82//1 83//1
f 7//1 83//1 6//1
f 6//1 83//1 84//1
f 6//1 84//1 85//1
f 85//1 86//1 6//1
f 6//1 86//1 87//1
f 6//1 87//1 88//1
f 88//1 89//1 6//1
f 6//1 89//1 90//1
f 6//1 90//1 4//1
f 4//1 90//1 91//1
f 4//1 91//1 92//1
f 92//1 93//1 4//1
f 4//1 93//1 94//1
f 4//1 94//1 95//1
f 95//1 96//1 4//1
f 4//1 96//1 59//1
f 12//1 97//1 11//1
f 11//1 97//1 98//1
f 11//1 98//1 99//1
f 99//1 98//1 23//1
f 14//1 100//1 12//1
f 12//1 100//1 101//1
f 12//1 101//1 102//1
f 102//1 101//1 23//1
f 15//1 103//1 14//1
f 14//1 103//1 104//1
f 14//1 104//1 105//1
f 105//1 104//1 23//1
f 3//1 106//1 15//1
f 15//1 106//1 107//1
f 15//1 107//1 108//1
f 108//1 107//1 23//1
f 109//1 110//1 7//1
f 7//1 110//1 111//1
f 7//1 111//1 112//1
f 112//1 111//1 23//1
f 113//1 114//1 109//1
f 109//1 114//1 115//1
f 109//1 115//1 116//1
f 116//1 115//1 23//1
f 117//1 118//1 113//1
f 113//1 118//1 119//1
f 113//1 119//1 120//1
f 120//1 119//1 23//1
f 42//1 121//1 117//1
f 117//1 121//1 122//1
f 117//1 122//1 123//1
f 123//1 122//1 23//1
f 14//1 124//1 125//1
f 125//1 124//1 23//1
f 125//1 23//1 126//1
f 126//1 23//1 127//1
f 127//1 23//1 128//1
f 128//1 23//1 129//1
f 129//1 23//1 130//1
f 130//1 23//1 100//1
f 100//1 23//1 101//1
f 102//1 23//1 131//1
f 131//1 23//1 132//1
f 132//1 23//1 133//1
f 133//1 23//1 134//1
f 134//1 23//1 135//1
f 135//1 23//1 97//1
f 97//1 23//1 98//1
f 99//1 23//1 19//1
f 58//1 23//1 56//1
f 54//1 23//1 52//1
f 46//1 23//1 47//1
f 44//1 23//1 136//1
f 136//1 23//1 137//1
f 137//1 23//1 121//1
f 121//1 23//1 122//1
f 123//1 23//1 138//1
f 138//1 23//1 139//1
f 139//1 23//1 140//1
f 140//1 23//1 141//1
f 141//1 23//1 142//1
f 142//1 23//1 118//1
f 118//1 23//1 119//1
f 120//1 23//1 143//1
f 143//1 23//1 144//1
f 144//1 23//1 145//1
f 145//1 23//1 146//1
f 146//1 23//1 147//1
f 147//1 23//1 148//1
f 148//1 23//1 149//1
f 149//1 23//1 150//1
f 150//1 23//1 114//1
f 114//1 23//1 115//1
f 116//1 23//1 151//1
f 151//1 23//1 152//1
f 152//1 23//1 153//1
f 153//1 23//1 154//1
f 154//1 23//1 155//1
f 155//1 23//1 110//1
f 110//1 23//1 111//1
f 112//1 23//1 81//1
f 77//1 23//1 74//1
f 75//1 23//1 72//1
f 73//1 23//1 71//1
f 65//1 23//1 66//1
f 63//1 23//1 156//1
f 156//1 23//1 157//1
f 157//1 23//1 106//1
f 106//1 23//1 107//1
f 108//1 23//1 158//1
f 158//1 23//1 159//1
f 159//1 23//1 160//1
f 160//1 23//1 161//1
f 161//1 23//1 162//1
f 162//1 23//1 103//1
f 103//1 23//1 104//1
f 105//1 23//1 163//1
f 163//1 23//1 124//1
f 105//1 163//1 14//1
f 14//1 163//1 124//1
f 125//1 126//1 14//1
f 14//1 126//1 127//1
f 14//1 127//1 128//1
f 128//1 129//1 14//1
f 14//1 129//1 130//1
f 14//1 130//1 100//1
f 131//1 132//1 12//1
f 12//1 132//1 133//1
f 12//1 133//1 134//1
f 134//1 135//1 12//1
f 12//1 135//1 97//1
f 19//1 11//1 99//1
f 44//1 136//1 42//1
f 42//1 136//1 137//1
f 42//1 137//1 121//1
f 123//1 138//1 117//1
f 117//1 138//1 139//1
f 117//1 139//1 140//1
f 140//1 141//1 117//1
f 117//1 141//1 142//1
f 117//1 142//1 118//1
f 144//1 145//1 113//1
f 113//1 145//1 146//1
f 113//1 146//1 147//1
f 148//1 149//1 113//1
f 113//1 149//1 150//1
f 113//1 150//1 114//1
f 151//1 152//1 109//1
f 109//1 152//1 153//1
f 109//1 153//1 154//1
f 154//1 155//1 109//1
f 109//1 155//1 110//1
f 81//1 7//1 112//1
f 63//1 156//1 3//1
f 3//1 156//1 157//1
f 3//1 157//1 106//1
f 108//1 158//1 15//1
f 15//1 158//1 159//1
f 15//1 159//1 160//1
f 160//1 161//1 15//1
f 15//1 161//1 162//1
f 15//1 162//1 103//1
f 102//1 131//1 12//1
f 116//1 151//1 109//1
f 120//1 143//1 113//1
f 113//1 143//1 144//1
f 113//1 147//1 148//1
f 164//1 165//1 42//1
f 42//1 165//1 32//1
f 32//1 165//1 24//1
f 24//1 165//1 166//1
f 24//1 166//1 11//1
f 11//1 166//1 9//1
f 8//1 167//1 7//1
f 7//1 167//1 109//1
f 109//1 167//1 168//1
f 109//1 168//1 113//1
f 113//1 168//1 117//1
f 117//1 168//1 169//1
f 117//1 169//1 42//1
f 42//1 169//1 164//1
f 17//1 18//1 170//1
f 170//1 18//1 20//1
f 170//1 20//1 171//1
f 171//1 20//1 22//1
f 171//1 22//1 172//1
f 172//1 22//1 57//1
f 172//1 57//1 173//1
f 173//1 57//1 58//1
f 173//1 58//1 56//1
f 173//1 56//1 174//1
f 174//1 56//1 55//1
f 174//1 55//1 175//1
f 175//1 55//1 53//1
f 175//1 53//1 176//1
f 176//1 53//1 54//1
f 176//1 54//1 52//1
f 176//1 52//1 177//1
f 177//1 52//1 51//1
f 177//1 51//1 178//1
f 178//1 51//1 50//1
f 178//1 50//1 179//1
f 179//1 50//1 49//1
f 179//1 49//1 48//1
f 179//1 48//1 180//1
f 180//1 48//1 45//1
f 180//1 45//1 181//1
f 181//1 45//1 41//1
f 181//1 41//1 182//1
f 182//1 41//1 40//1
f 182//1 40//1 39//1
f 182//1 39//1 183//1
f 183//1 39//1 38//1
f 183//1 38//1 184//1
f 184//1 38//1 37//1
f 184//1 37//1 185//1
f 185//1 37//1 36//1
f 185//1 36//1 35//1
f 185//1 35//1 186//1
f 186//1 35//1 34//1
f 186//1 34//1 187//1
f 187//1 34//1 33//1
f 187//1 33//1 188//1
f 188//1 33//1 31//1
f 188//1 31//1 30//1
f 188//1 30//1 189//1
f 189//1 30//1 29//1
f 189//1 29//1 190//1
f 190//1 29//1 28//1
f 190//1 28//1 191//1
f 191//1 28//1 27//1
f 191//1 27//1 26//1
f 191//1 26//1 192//1
f 192//1 26//1 25//1
f 192//1 25//1 193//1
f 193//1 25//1 17//1
f 193//1 17//1 170//1
f 61//1 60//1 194//1
f 194//1 60//1 59//1
f 194//1 59//1 195//1
f 195//1 59//1 96//1
f 195//1 96//1 196//1
f 196//1 96//1 95//1
f 196//1 95//1 197//1
f 197//1 95//1 94//1
f 197//1 94//1 93//1
f 197//1 93//1 198//1
f 198//1 93//1 92//1
f 198//1 92//1 199//1
f 199//1 92//1 91//1
f 199//1 91//1 200//1
f 200//1 91//1 90//1
f 200//1 90//1 89//1
f 200//1 89//1 201//1
f 201//1 89//1 88//1
f 201//1 88//1 202//1
f 202//1 88//1 87//1
f 202//1 87//1 203//1
f 203//1 87//1 86//1
f 203//1 86//1 85//1
f 203//1 85//1 204//1
f 204//1 85//1 84//1
f 204//1 84//1 205//1
f 205//1 84//1 83//1
f 205//1 83//1 206//1
f 206//1 83//1 82//1
f 206//1 82//1 79//1
f 206//1 79//1 207//1
f 207//1 79//1 78//1
f 207//1 78//1 208//1
f 208//1 78//1 76//1
f 208//1 76//1 209//1
f 209//1 76//1 77//1
f 209//1 77//1 74//1
f 209//1 74//1 210//1
f 210//1 74//1 75//1
f 210//1 75//1 211//1
f 211//1 75//1 72//1
f 211//1 72//1 212//1
f 212//1 72//1 73//1
f 212//1 73//1 71//1
f 212//1 71//1 213//1
f 213//1 71//1 70//1
f 213//1 70//1 214//1
f 214//1 70//1 69//1
f 214//1 69//1 215//1
f 215//1 69//1 68//1
f 215//1 68//1 67//1
f 215//1 67//1 216//1
f 216//1 67//1 64//1
f 216//1 64//1 217//1
f 217//1 64//1 61//1
f 217//1 61//1 194//1
f 218//1 219//1 220//1
f 220//1 219//1 221//1
f 220//1 221//1 222//1
f 222//1 221//1 223//1
f 222//1 223//1 224//1
f 224//1 223//1 225//1
f 226//1 227//1 228//1
f 228//1 227//1 229//1
f 229//1 227//1 230//1
f 229//1 230//1 231//1
f 231//1 230//1 232//1
f 232//1 230//1 233//1
f 232//1 233//1 218//1
f 218//1 233//1 219//1
f 234//1 235//1 236//1
f 236//1 235//1 237//1
f 237//1 235//1 238//1
f 237//1 238//1 239//1
f 239//1 238//1 226//1
f 239//1 226//1 228//1
f 225//1 240//1 224//1
f 224//1 240//1 241//1
f 241//1 240//1 242//1
f 241//1 242//1 243//1
f 243//1 242//1 244//1
f 244//1 242//1 245//1
f 244//1 245//1 236//1
f 236//1 245//1 234//1
f 246//1 247//1 248//1
f 248//1 247//1 249//1
f 248//1 249//1 250//1
f 247//1 246//1 251//1
f 251//1 246//1 252//1
f 251//1 252//1 253//1
f 253//1 252//1 254//1
f 253//1 254//1 255//1
f 255//1 254//1 256//1
f 256//1 254//1 257//1
f 256//1 257//1 258//1
f 258//1 257//1 259//1
f 258//1 259//1 260//1
f 260//1 259//1 261//1
f 260//1 261//1 262//1
f 262//1 261//1 263//1
f 263//1 261//1 264//1
f 263//1 264//1 265//1
f 265//1 264//1 266//1
f 265//1 266//1 267//1
f 267//1 266//1 268//1
f 267//1 268//1 269//1
f 269//1 268//1 270//1
f 270//1 268//1 271//1
f 270//1 271//1 272//1
f 272//1 271//1 273//1
f 272//1 273//1 274//1
f 274//1 273//1 275//1
f 274//1 275//1 276//1
f 276//1 275//1 277//1
f 277//1 275//1 278//1
f 277//1 278//1 279//1
f 279//1 278//1 280//1
f 279//1 280//1 281//1
f 281//1 280//1 282//1
f 281//1 282//1 283//1
f 283//1 282//1 284//1
f 284//1 282//1 285//1
f 284//1 285//1 286//1
f 286//1 285//1 287//1
f 286//1 287//1 288//1
f 288//1 287//1 289//1
f 288//1 289//1 290//1
f 290//1 289//1 291//1
f 291//1 289//1 292//1
f 291//1 292//1 293//1
f 293//1 292//1 294//1
f 293//1 294//1 295//1
f 295//1 294//1 296//1
f 295//1 296//1 297//1
f 297//1 296//1 298//1
f 298//1 296//1 299//1
f 298//1 299//1 300//1
f 300//1 299//1 301//1
f 300//1 301//1 250//1
f 250//1 301//1 248//1
f 183//1 246//1 182//1
f 182//1 246//1 248//1
f 182//1 248//1 181//1
f 181//1 248//1 301//1
f 181//1 301//1 180//1
f 180//1 301//1 299//1
f 180//1 299//1 179//1
f 179//1 299//1 296//1
f 179//1 296//1 178//1
f 178//1 296//1 294//1
f 178//1 294//1 177//1
f 177//1 294//1 292//1
f 177//1 292//1 176//1
f 176//1 292//1 289//1
f 176//1 289//1 287//1
f 183//1 184//1 246//1
f 246//1 184//1 252//1
f 252//1 184//1 185//1
f 252//1 185//1 254//1
f 254//1 185//1 186//1
f 254//1 186//1 257//1
f 257//1 186//1 187//1
f 257//1 187//1 259//1
f 259//1 187//1 188//1
f 259//1 188//1 261//1
f 261//1 188//1 264//1
f 264//1 188//1 189//1
f 264//1 189//1 266//1
f 266//1 189//1 190//1
f 266//1 190//1 268//1
f 268//1 190//1 191//1
f 268//1 191//1 271//1
f 271//1 191//1 192//1
f 271//1 192//1 273//1
f 273//1 192//1 193//1
f 273//1 193//1 275//1
f 275//1 193//1 170//1
f 275//1 170//1 171//1
f 275//1 171//1 278//1
f 278//1 171//1 172//1
f 278//1 172//1 280//1
f 280//1 172//1 173//1
f 280//1 173//1 282//1
f 282//1 173//1 174//1
f 282//1 174//1 285//1
f 285//1 174//1 175//1
f 285//1 175//1 287//1
f 287//1 175//1 176//1
f 302//1 303//1 304//1
f 304//1 303//1 305//1
f 304//1 305//1 306//1
f 303//1 302//1 307//1
f 307//1 302//1 308//1
f 307//1 308//1 309//1
f 309//1 308//1 310//1
f 309//1 310//1 311//1
f 311//1 310//1 312//1
f 312//1 310//1 313//1
f 312//1 313//1 314//1
f 314//1 313//1 315//1
f 314//1 315//1 316//1
f 316//1 315//1 317//1
f 316//1 317//1 318//1
f 318//1 317//1 319//1
f 319//1 317//1 320//1
f 319//1 320//1 321//1
f 321//1 320//1 322//1
f 321//1 322//1 323//1
f 323//1 322//1 324//1
f 323//1 324//1 325//1
f 325//1 324//1 326//1
f 326//1 324//1 327//1
f 326//1 327//1 328//1
f 328//1 327//1 329//1
f 328//1 329//1 330//1
f 330//1 329//1 331//1
f 330//1 331//1 332//1
f 332//1 331//1 333//1
f 333//1 331//1 334//1
f 333//1 334//1 335//1
f 335//1 334//1 336//1
f 335//1 336//1 337//1
f 337//1 336//1 338//1
f 337//1 338//1 339//1
f 339//1 338//1 340//1
f 340//1 338//1 341//1
f 340//1 341//1 342//1
f 342//1 341//1 343//1
f 342//1 343//1 344//1
f 344//1 343//1 345//1
f 344//1 345//1 346//1
f 346//1 345//1 347//1
f 347//1 345//1 348//1
f 347//1 348//1 349//1
f 349//1 348//1 350//1
f 349//1 350//1 351//1
f 351//1 350//1 352//1
f 351//1 352//1 353//1
f 353//1 352//1 354//1
f 354//1 352//1 355//1
f 354//1 355//1 356//1
f 356//1 355//1 357//1
f 356//1 357//1 306//1
f 306//1 357//1 304//1
f 207//1 302//1 206//1
f 206//1 302//1 304//1
f 206//1 304//1 205//1
f 205//1 304//1 357//1
f 205//1 357//1 204//1
f 204//1 357//1 355//1
f 204//1 355//1 203//1
f 203//1 355//1 352//1
f 203//1 352//1 202//1
f 202//1 352//1 350//1
f 202//1 350//1 201//1
f 201//1 350//1 348//1
f 201//1 348//1 200//1
f 200//1 348//1 345//1
f 200//1 345//1 343//1
f 207//1 208//1 302//1
f 302//1 208//1 308//1
f 308//1 208//1 209//1
f 308//1 209//1 310//1
f 310//1 209//1 210//1
f 310//1 210//1 313//1
f 313//1 210//1 211//1
f 313//1 211//1 315//1
f 315//1 211//1 212//1
f 315//1 212//1 317//1
f 317//1 212//1 320//1
f 320//1 212//1 213//1
f 320//1 213//1 322//1
f 322//1 213//1 214//1
f 322//1 214//1 324//1
f 324//1 214//1 215//1
f 324//1 215//1 327//1
f 327//1 215//1 216//1
f 327//1 216//1 329//1
f 329//1 216//1 217//1
f 329//1 217//1 331//1
f 331//1 217//1 194//1
f 331//1 194//1 195//1
f 331//1 195//1 334//1
f 334//1 195//1 196//1
f 334//1 196//1 336//1
f 336//1 196//1 197//1
f 336//1 197//1 338//1
f 338//1 197//1 198//1
f 338//1 198//1 341//1
f 341//1 198//1 199//1
f 341//1 199//1 343//1
f 343//1 199//1 200//1
f 358//1 359//1 360//1
f 360//1 359//1 361//1
f 360//1 361//1 362//1
f 359//1 358//1 363//1
f 363//1 358//1 364//1
f 363//1 364//1 365//1
f 365//1 364//1 366//1
f 365//1 366//1 367//1
f 367//1 366//1 368//1
f 367//1 368//1 369//1
f 369//1 368//1 370//1
f 369//1 370//1 371//1
f 371//1 370//1 372//1
f 371//1 372//1 373//1
f 373//1 372//1 374//1
f 373//1 374//1 375//1
f 375//1 374//1 376//1
f 375//1 376//1 377//1
f 377//1 376//1 378//1
f 377//1 378//1 379//1
f 379//1 378//1 380//1
f 379//1 380//1 381//1
f 381//1 380//1 382//1
f 381//1 382//1 383//1
f 383//1 382//1 384//1
f 383//1 384//1 385//1
f 385//1 384//1 386//1
f 385//1 386//1 387//1
f 387//1 386//1 388//1
f 387//1 388//1 389//1
f 389//1 388//1 390//1
f 389//1 390//1 391//1
f 391//1 390//1 392//1
f 391//1 392//1 393//1
f 393//1 392//1 394//1
f 393//1 394//1 395//1
f 395//1 394//1 396//1
f 395//1 396//1 397//1
f 397//1 396//1 398//1
f 397//1 398//1 399//1
f 399//1 398//1 400//1
f 399//1 400//1 401//1
f 401//1 400//1 402//1
f 401//1 402//1 403//1
f 403//1 402//1 404//1
f 403//1 404//1 405//1
f 405//1 404//1 406//1
f 405//1 406//1 407//1
f 407//1 406//1 408//1
f 407//1 408//1 409//1
f 409//1 408//1 410//1
f 409//1 410//1 411//1
f 411//1 410//1 412//1
f 411//1 412//1 413//1
f 413//1 412//1 414//1
f 413//1 414//1 415//1
f 415//1 414//1 416//1
f 415//1 416//1 417//1
f 417//1 416//1 418//1
f 417//1 418//1 419//1
f 419//1 418//1 420//1
f 419//1 420//1 421//1
f 421//1 420//1 422//1
f 421//1 422//1 423//1
f 423//1 422//1 424//1
f 423//1 424//1 425//1
f 425//1 424//1 426//1
f 425//1 426//1 427//1
f 427//1 426//1 428//1
f 428//1 426//1 429//1
f 428//1 429//1 430//1
f 430//1 429//1 431//1
f 430//1 431//1 432//1
f 432//1 431//1 433//1
f 432//1 433//1 434//1
f 434//1 433//1 435//1
f 434//1 435//1 436//1
f 436//1 435//1 437//1
f 436//1 437//1 438//1
f 438//1 437//1 439//1
f 438//1 439//1 440//1
f 440//1 439//1 441//1
f 440//1 441//1 442//1
f 442//1 441//1 443//1
f 442//1 443//1 444//1
f 444//1 443//1 445//1
f 444//1 445//1 446//1
f 446//1 445//1 447//1
f 446//1 447//1 448//1
f 448//1 447//1 449//1
f 448//1 449//1 450//1
f 450//1 449//1 451//1
f 450//1 451//1 452//1
f 452//1 451//1 453//1
f 452//1 453//1 454//1
f 454//1 453//1 455//1
f 454//1 455//1 456//1
f 456//1 455//1 457//1
f 456//1 457//1 458//1
f 458//1 457//1 459//1
f 458//1 459//1 460//1
f 460//1 459//1 461//1
f 460//1 461//1 462//1
f 462//1 461//1 463//1
f 462//1 463//1 464//1
f 464//1 463//1 465//1
f 464//1 465//1 466//1
f 466//1 465//1 467//1
f 466//1 467//1 468//1
f 468//1 467//1 469//1
f 468//1 469//1 470//1
f 470//1 469//1 471//1
f 470//1 471//1 472//1
f 472//1 471//1 473//1
f 472//1 473//1 474//1
f 474//1 473//1 475//1
f 474//1 475//1 476//1
f 476//1 475//1 477//1
f 476//1 477//1 478//1
f 478//1 477//1 479//1
f 478//1 479//1 480//1
f 480//1 479//1 481//1
f 480//1 481//1 482//1
f 482//1 481//1 483//1
f 482//1 483//1 484//1
f 484//1 483//1 485//1
f 484//1 485//1 486//1
f 486//1 485//1 487//1
f 486//1 487//1 488//1
f 488//1 487//1 489//1
f 488//1 489//1 490//1
f 490//1 489//1 491//1
f 490//1 491//1 492//1
f 492//1 491//1 493//1
f 492//1 493//1 494//1
f 494//1 493//1 495//1
f 495//1 493//1 496//1
f 495//1 496//1 497//1
f 497//1 496//1 498//1
f 497//1 498//1 499//1
f 499//1 498//1 500//1
f 499//1 500//1 501//1
f 501//1 500//1 502//1
f 501//1 502//1 503//1
f 503//1 502//1 504//1
f 503//1 504//1 505//1
f 505//1 504//1 506//1
f 505//1 506//1 507//1
f 507//1 506//1 508//1
f 507//1 508//1 509//1
f 509//1 508//1 510//1
f 509//1 510//1 511//1
f 511//1 510//1 512//1
f 511//1 512//1 513//1
f 513//1 512//1 514//1
f 513//1 514//1 515//1
f 515//1 514//1 516//1
f 515//1 516//1 517//1
f 517//1 516//1 518//1
f 517//1 518//1 519//1
f 519//1 518//1 520//1
f 519//1 520//1 521//1
f 521//1 520//1 522//1
f 521//1 522//1 523//1
f 523//1 522//1 524//1
f 523//1 524//1 525//1
f 525//1 524//1 526//1
f 525//1 526//1 527//1
f 527//1 526//1 528//1
f 527//1 528//1 529//1
f 529//1 528//1 530//1
f 529//1 530//1 531//1
f 531//1 530//1 532//1
f 531//1 532//1 533//1
f 533//1 532//1 534//1
f 533//1 534//1 535//1
f 535//1 534//1 536//1
f 535//1 536//1 537//1
f 537//1 536//1 538//1
f 537//1 538//1 539//1
f 539//1 538//1 540//1
f 539//1 540//1 541//1
f 541//1 540//1 542//1
f 541//1 542//1 543//1
f 543//1 542//1 544//1
f 543//1 544//1 545//1
f 545//1 544//1 546//1
f 545//1 546//1 547//1
f 547//1 546//1 548//1
f 547//1 548//1 549//1
f 549//1 548//1 550//1
f 549//1 550//1 551//1
f 551//1 550//1 552//1
f 551//1 552//1 553//1
f 553//1 552//1 554//1
f 553//1 554//1 555//1
f 555//1 554//1 556//1
f 555//1 556//1 557//1
f 557//1 556//1 558//1
f 557//1 558//1 362//1
f 362//1 558//1 360//1
f 166//1 559//1 9//1
f 9//1 559//1 560//1
f 9//1 560//1 561//1
f 561//1 560//1 562//1
f 561//1 562//1 563//1
f 563//1 562//1 564//1
f 563//1 564//1 565//1
f 565//1 564//1 566//1
f 565//1 566//1 567//1
f 567//1 566//1 568//1
f 567//1 568//1 569//1
f 569//1 568//1 570//1
f 569//1 570//1 571//1
f 571//1 570//1 572//1
f 571//1 572//1 573//1
f 573//1 572//1 574//1
f 573//1 574//1 575//1
f 575//1 574//1 576//1
f 575//1 576//1 577//1
f 577//1 576//1 578//1
f 577//1 578//1 579//1
f 579//1 578//1 580//1
f 579//1 580//1 581//1
f 581//1 580//1 582//1
f 581//1 582//1 583//1
f 583//1 582//1 584//1
f 583//1 584//1 585//1
f 585//1 584//1 586//1
f 585//1 586//1 587//1
f 587//1 586//1 588//1
f 587//1 588//1 589//1
f 589//1 588//1 590//1
f 589//1 590//1 591//1
f 591//1 590//1 592//1
f 591//1 592//1 593//1
f 593//1 592//1 594//1
f 593//1 594//1 595//1
f 595//1 594//1 596//1
f 595//1 596//1 597//1
f 597//1 596//1 598//1
f 597//1 598//1 599//1
f 599//1 598//1 600//1
f 599//1 600//1 601//1
f 601//1 600//1 602//1
f 601//1 602//1 603//1
f 603//1 602//1 604//1
f 603//1 604//1 605//1
f 605//1 604//1 606//1
f 605//1 606//1 607//1
f 607//1 606//1 542//1
f 607//1 542//1 540//1
f 165//1 608//1 166//1
f 166//1 608//1 609//1
f 166//1 609//1 610//1
f 610//1 609//1 611//1
f 610//1 611//1 612//1
f 612//1 611//1 613//1
f 612//1 613//1 614//1
f 614//1 613//1 615//1
f 614//1 615//1 616//1
f 616//1 615//1 617//1
f 616//1 617//1 618//1
f 618//1 617//1 619//1
f 618//1 619//1 620//1
f 620//1 619//1 621//1
f 620//1 621//1 622//1
f 622//1 621//1 623//1
f 622//1 623//1 624//1
f 624//1 623//1 625//1
f 624//1 625//1 626//1
f 626//1 625//1 627//1
f 626//1 627//1 628//1
f 628//1 627//1 629//1
f 628//1 629//1 630//1
f 630//1 629//1 631//1
f 630//1 631//1 632//1
f 632//1 631//1 633//1
f 632//1 633//1 634//1
f 634//1 633//1 635//1
f 634//1 635//1 636//1
f 636//1 635//1 637//1
f 636//1 637//1 638//1
f 638//1 637//1 639//1
f 638//1 639//1 640//1
f 640//1 639//1 641//1
f 640//1 641//1 642//1
f 642//1 641//1 643//1
f 642//1 643//1 644//1
f 644//1 643//1 645//1
f 644//1 645//1 646//1
f 646//1 645//1 647//1
f 646//1 647//1 648//1
f 648//1 647//1 649//1
f 648//1 649//1 650//1
f 650//1 649//1 651//1
f 650//1 651//1 652//1
f 652//1 651//1 653//1
f 652//1 653//1 654//1
f 654//1 653//1 655//1
f 654//1 655//1 656//1
f 656//1 655//1 558//1
f 656//1 558//1 556//1
f 164//1 657//1 165//1
f 165//1 657//1 658//1
f 165//1 658//1 659//1
f 659//1 658//1 660//1
f 659//1 660//1 661//1
f 661//1 660//1 662//1
f 661//1 662//1 663//1
f 663//1 662//1 664//1
f 663//1 664//1 665//1
f 665//1 664//1 666//1
f 665//1 666//1 667//1
f 667//1 666//1 668//1
f 667//1 668//1 669//1
f 669//1 668//1 670//1
f 669//1 670//1 671//1
f 671//1 670//1 672//1
f 671//1 672//1 673//1
f 673//1 672//1 674//1
f 673//1 674//1 675//1
f 675//1 674//1 676//1
f 675//1 676//1 677//1
f 677//1 676//1 678//1
f 677//1 678//1 679//1
f 679//1 678//1 680//1
f 679//1 680//1 681//1
f 681//1 680//1 682//1
f 681//1 682//1 683//1
f 683//1 682//1 684//1
f 683//1 684//1 685//1
f 685//1 684//1 686//1
f 685//1 686//1 687//1
f 687//1 686//1 688//1
f 687//1 688//1 689//1
f 689//1 688//1 690//1
f 689//1 690//1 691//1
f 691//1 690//1 692//1
f 691//1 692//1 693//1
f 693//1 692//1 694//1
f 693//1 694//1 695//1
f 695//1 694//1 696//1
f 695//1 696//1 697//1
f 697//1 696//1 698//1
f 697//1 698//1 699//1
f 699//1 698//1 700//1
f 699//1 700//1 701//1
f 701//1 700//1 702//1
f 701//1 702//1 703//1
f 703//1 702//1 704//1
f 703//1 704//1 705//1
f 705//1 704//1 370//1
f 705//1 370//1 368//1
f 169//1 706//1 164//1
f 164//1 706//1 707//1
f 164//1 707//1 708//1
f 708//1 707//1 709//1
f 708//1 709//1 710//1
f 710//1 709//1 711//1
f 710//1 711//1 712//1
f 712//1 711//1 713//1
f 712//1 713//1 714//1
f 714//1 713//1 715//1
f 714//1 715//1 716//1
f 716//1 715//1 717//1
f 716//1 717//1 718//1
f 718//1 717//1 719//1
f 718//1 719//1 720//1
f 720//1 719//1 721//1
f 720//1 721//1 722//1
f 722//1 721//1 723//1
f 722//1 723//1 724//1
f 724//1 723//1 725//1
f 724//1 725//1 726//1
f 726//1 725//1 727//1
f 726//1 727//1 728//1
f 728//1 727//1 729//1
f 728//1 729//1 730//1
f 730//1 729//1 731//1
f 730//1 731//1 732//1
f 732//1 731//1 733//1
f 732//1 733//1 734//1
f 734//1 733//1 735//1
f 734//1 735//1 736//1
f 736//1 735//1 737//1
f 736//1 737//1 738//1
f 738//1 737//1 739//1
f 738//1 739//1 740//1
f 740//1 739//1 741//1
f 740//1 741//1 742//1
f 742//1 741//1 743//1
f 742//1 743//1 744//1
f 744//1 743//1 745//1
f 744//1 745//1 746//1
f 746//1 745//1 747//1
f 746//1 747//1 748//1
f 748//1 747//1 749//1
f 748//1 749//1 750//1
f 750//1 749//1 751//1
f 750//1 751//1 752//1
f 752//1 751//1 753//1
f 752//1 753//1 754//1
f 754//1 753//1 378//1
f 754//1 378//1 376//1
f 168//1 755//1 169//1
f 169//1 755//1 756//1
f 169//1 756//1 757//1
f 757//1 756//1 758//1
f 757//1 758//1 759//1
f 759//1 758//1 760//1
f 759//1 760//1 761//1
f 761//1 760//1 762//1
f 761//1 762//1 763//1
f 763//1 762//1 764//1
f 763//1 764//1 765//1
f 765//1 764//1 766//1
f 765//1 766//1 767//1
f 767//1 766//1 768//1
f 767//1 768//1 769//1
f 769//1 768//1 770//1
f 769//1 770//1 771//1
f 771//1 770//1 772//1
f 771//1 772//1 773//1
f 773//1 772//1 774//1
f 773//1 774//1 775//1
f 775//1 774//1 776//1
f 775//1 776//1 777//1
f 777//1 776//1 778//1
f 777//1 778//1 779//1
f 779//1 778//1 780//1
f 779//1 780//1 781//1
f 781//1 780//1 782//1
f 781//1 782//1 783//1
f 783//1 782//1 784//1
f 783//1 784//1 785//1
f 785//1 784//1 786//1
f 785//1 786//1 787//1
f 787//1 786//1 788//1
f 787//1 788//1 789//1
f 789//1 788//1 790//1
f 789//1 790//1 791//1
f 791//1 790//1 792//1
f 791//1 792//1 793//1
f 793//1 792//1 794//1
f 793//1 794//1 795//1
f 795//1 794//1 796//1
f 795//1 796//1 797//1
f 797//1 796//1 798//1
f 797//1 798//1 799//1
f 799//1 798//1 800//1
f 799//1 800//1 801//1
f 801//1 800//1 802//1
f 801//1 802//1 803//1
f 803//1 802//1 396//1
f 803//1 396//1 394//1
f 167//1 804//1 168//1
f 168//1 804//1 805//1
f 168//1 805//1 806//1
f 806//1 805//1 807//1
f 806//1 807//1 808//1
f 808//1 807//1 809//1
f 808//1 809//1 810//1
f 810//1 809//1 811//1
f 810//1 811//1 812//1
f 812//1 811//1 813//1
f 812//1 813//1 814//1
f 814//1 813//1 815//1
f 814//1 815//1 816//1
f 816//1 815//1 817//1
f 816//1 817//1 818//1
f 818//1 817//1 819//1
f 818//1 819//1 820//1
f 820//1 819//1 821//1
f 820//1 821//1 822//1
f 822//1 821//1 823//1
f 822//1 823//1 824//1
f 824//1 823//1 825//1
f 824//1 825//1 826//1
f 826//1 825//1 827//1
f 826//1 827//1 828//1
f 828//1 827//1 829//1
f 828//1 829//1 830//1
f 830//1 829//1 831//1
f 830//1 831//1 832//1
f 832//1 831//1 833//1
f 832//1 833//1 834//1
f 834//1 833//1 835//1
f 834//1 835//1 836//1
f 836//1 835//1 837//1
f 836//1 837//1 838//1
f 838//1 837//1 839//1
f 838//1 839//1 840//1
f 840//1 839//1 841//1
f 840//1 841//1 842//1
f 842//1 841//1 843//1
f 842//1 843//1 844//1
f 844//1 843//1 845//1
f 844//1 845//1 846//1
f 846//1 845//1 847//1
f 846//1 847//1 848//1
f 848//1 847//1 849//1
f 848//1 849//1 850//1
f 850//1 849//1 851//1
f 850//1 851//1 852//1
f 852//1 851//1 414//1
f 852//1 414//1 412//1
f 8//1 853//1 167//1
f 167//1 853//1 854//1
f 167//1 854//1 855//1
f 855//1 854//1 856//1
f 855//1 856//1 857//1
f 857//1 856//1 858//1
f 857//1 858//1 859//1
f 859//1 858//1 860//1
f 859//1 860//1 861//1
f 861//1 860//1 862//1
f 861//1 862//1 863//1
f 863//1 862//1 864//1
f 863//1 864//1 865//1
f 865//1 864//1 866//1
f 865//1 866//1 867//1
f 867//1 866//1 868//1
f 867//1 868//1 869//1
f 869//1 868//1 870//1
f 869//1 870//1 871//1
f 871//1 870//1 872//1
f 871//1 872//1 873//1
f 873//1 872//1 874//1
f 873//1 874//1 875//1
f 875//1 874//1 876//1
f 875//1 876//1 877//1
f 877//1 876//1 878//1
f 877//1 878//1 879//1
f 879//1 878//1 880//1
f 879//1 880//1 881//1
f 881//1 880//1 882//1
f 881//1 882//1 883//1
f 883//1 882//1 884//1
f 883//1 884//1 885//1
f 885//1 884//1 886//1
f 885//1 886//1 887//1
f 887//1 886//1 888//1
f 887//1 888//1 889//1
f 889//1 888//1 890//1
f 889//1 890//1 891//1
f 891//1 890//1 892//1
f 891//1 892//1 893//1
f 893//1 892//1 894//1
f 893//1 894//1 895//1
f 895//1 894//1 896//1
f 895//1 896//1 897//1
f 897//1 896//1 898//1
f 897//1 898//1 899//1
f 899//1 898//1 900//1
f 899//1 900//1 901//1
f 901//1 900//1 429//1
f 901//1 429//1 426//1
f 5//1 902//1 8//1
f 8//1 902//1 903//1
f 8//1 903//1 904//1
f 904//1 903//1 905//1
f 904//1 905//1 906//1
f 906//1 905//1 907//1
f 906//1 907//1 908//1
f 908//1 907//1 909//1
f 908//1 909//1 910//1
f 910//1 909//1 911//1
f 910//1 911//1 912//1
f 912//1 911//1 913//1
f 912//1 913//1 914//1
f 914//1 913//1 915//1
f 914//1 915//1 916//1
f 916//1 915//1 917//1
f 916//1 917//1 918//1
f 918//1 917//1 919//1
f 918//1 919//1 920//1
f 920//1 919//1 921//1
f 920//1 921//1 922//1
f 922//1 921//1 923//1
f 922//1 923//1 924//1
f 924//1 923//1 925//1
f 924//1 925//1 926//1
f 926//1 925//1 927//1
f 926//1 927//1 928//1
f 928//1 927//1 929//1
f 928//1 929//1 930//1
f 930//1 929//1 931//1
f 930//1 931//1 932//1
f 932//1 931//1 933//1
f 932//1 933//1 934//1
f 934//1 933//1 935//1
f 934//1 935//1 936//1
f 936//1 935//1 937//1
f 936//1 937//1 938//1
f 938//1 937//1 939//1
f 938//1 939//1 940//1
f 940//1 939//1 941//1
f 940//1 941//1 942//1
f 942//1 941//1 943//1
f 942//1 943//1 944//1
f 944//1 943//1 945//1
f 944//1 945//1 946//1
f 946//1 945//1 947//1
f 946//1 947//1 948//1
f 948//1 947//1 949//1
f 948//1 949//1 950//1
f 950//1 949//1 443//1
f 950//1 443//1 441//1
f 2//1 951//1 5//1
f 5//1 951//1 952//1
f 5//1 952//1 953//1
f 953//1 952//1 954//1
f 953//1 954//1 955//1
f 955//1 954//1 956//1
f 955//1 956//1 957//1
f 957//1 956//1 958//1
f 957//1 958//1 959//1
f 959//1 958//1 960//1
f 959//1 960//1 961//1
f 961//1 960//1 962//1
f 961//1 962//1 963//1
f 963//1 962//1 964//1
f 963//1 964//1 965//1
f 965//1 964//1 966//1
f 965//1 966//1 967//1
f 967//1 966//1 968//1
f 967//1 968//1 969//1
f 969//1 968//1 970//1
f 969//1 970//1 971//1
f 971//1 970//1 972//1
f 971//1 972//1 973//1
f 973//1 972//1 974//1
f 973//1 974//1 975//1
f 975//1 974//1 976//1
f 975//1 976//1 977//1
f 977//1 976//1 978//1
f 977//1 978//1 979//1
f 979//1 978//1 980//1
f 979//1 980//1 981//1
f 981//1 980//1 982//1
f 981//1 982//1 983//1
f 983//1 982//1 984//1
f 983//1 984//1 985//1
f 985//1 984//1 986//1
f 985//1 986//1 987//1
f 987//1 986//1 988//1
f 987//1 988//1 989//1
f 989//1 988//1 990//1
f 989//1 990//1 991//1
f 991//1 990//1 992//1
f 991//1 992//1 993//1
f 993//1 992//1 994//1
f 993//1 994//1 995//1
f 995//1 994//1 996//1
f 995//1 996//1 997//1
f 997//1 996//1 998//1
f 997//1 998//1 999//1
f 999//1 998//1 457//1
f 999//1 457//1 455//1
f 1//1 1000//1 2//1
f 2//1 1000//1 1001//1
f 2//1 1001//1 1002//1
f 1002//1 1001//1 1003//1
f 1002//1 1003//1 1004//1
f 1004//1 1003//1 1005//1
f 1004//1 1005//1 1006//1
f 1006//1 1005//1 1007//1
f 1006//1 1007//1 1008//1
f 1008//1 1007//1 1009//1
f 1008//1 1009//1 1010//1
f 1010//1 1009//1 1011//1
f 1010//1 1011//1 1012//1
f 1012//1 1011//1 1013//1
f 1012//1 1013//1 1014//1
f 1014//1 1013//1 1015//1
f 1014//1 1015//1 1016//1
f 1016//1 1015//1 1017//1
f 1016//1 1017//1 1018//1
f 1018//1 1017//1 1019//1
f 1018//1 1019//1 1020//1
f 1020//1 1019//1 1021//1
f 1020//1 1021//1 1022//1
f 1022//1 1021//1 1023//1
f 1022//1 1023//1 1024//1
f 1024//1 1023//1 1025//1
f 1024//1 1025//1 1026//1
f 1026//1 1025//1 1027//1
f 1026//1 1027//1 1028//1
f 1028//1 1027//1 1029//1
f 1028//1 1029//1 1030//1
f 1030//1 1029//1 1031//1
f 1030//1 1031//1 1032//1
f 1032//1 1031//1 1033//1
f 1032//1 1033//1 1034//1
f 1034//1 1033//1 1035//1
f 1034//1 1035//1 1036//1
f 1036//1 1035//1 1037//1
f 1036//1 1037//1 1038//1
f 1038//1 1037//1 1039//1
f 1038//1 1039//1 1040//1
f 1040//1 1039//1 1041//1
f 1040//1 1041//1 1042//1
f 1042//1 1041//1 1043//1
f 1042//1 1043//1 1044//1
f 1044//1 1043//1 1045//1
f 1044//1 1045//1 1046//1
f 1046//1 1045//1 1047//1
f 1046//1 1047//1 1048//1
f 1048//1 1047//1 469//1
f 1048//1 469//1 467//1
f 16//1 1049//1 1//1
f 1//1 1049//1 1050//1
f 1//1 1050//1 1051//1
f 1051//1 1050//1 1052//1
f 1051//1 1052//1 1053//1
f 1053//1 1052//1 1054//1
f 1053//1 1054//1 1055//1
f 1055//1 1054//1 1056//1
f 1055//1 1056//1 1057//1
f 1057//1 1056//1 1058//1
f 1057//1 1058//1 1059//1
f 1059//1 1058//1 1060//1
f 1059//1 1060//1 1061//1
f 1061//1 1060//1 1062//1
f 1061//1 1062//1 1063//1
f 1063//1 1062//1 1064//1
f 1063//1 1064//1 1065//1
f 1065//1 1064//1 1066//1
f 1065//1 1066//1 1067//1
f 1067//1 1066//1 1068//1
f 1067//1 1068//1 1069//1
f 1069//1 1068//1 1070//1
f 1069//1 1070//1 1071//1
f 1071//1 1070//1 1072//1
f 1071//1 1072//1 1073//1
f 1073//1 1072//1 1074//1
f 1073//1 1074//1 1075//1
f 1075//1 1074//1 1076//1
f 1075//1 1076//1 1077//1
f 1077//1 1076//1 1078//1
f 1077//1 1078//1 1079//1
f 1079//1 1078//1 1080//1
f 1079//1 1080//1 1081//1
f 1081//1 1080//1 1082//1
f 1081//1 1082//1 1083//1
f 1083//1 1082//1 1084//1
f 1083//1 1084//1 1085//1
f 1085//1 1084//1 1086//1
f 1085//1 1086//1 1087//1
f 1087//1 1086//1 1088//1
f 1087//1 1088//1 1089//1
f 1089//1 1088//1 1090//1
f 1089//1 1090//1 1091//1
f 1091//1 1090//1 1092//1
f 1091//1 1092//1 1093//1
f 1093//1 1092//1 1094//1
f 1093//1 1094//1 1095//1
f 1095//1 1094//1 1096//1
f 1095//1 1096//1 1097//1
f 1097//1 1096//1 479//1
f 1097//1 479//1 477//1
f 13//1 227//1 16//1
f 16//1 227//1 226//1
f 16//1 226//1 1049//1
f 1049//1 226//1 1098//1
f 1049//1 1098//1 1050//1
f 1050//1 1098//1 1052//1
f 10//1 233//1 13//1
f 13//1 233//1 230//1
f 13//1 230//1 227//1
f 9//1 1099//1 10//1
f 10//1 1099//1 219//1
f 10//1 219//1 233//1
f 1098//1 226//1 1100//1
f 1100//1 226//1 238//1
f 1100//1 238//1 1101//1
f 1101//1 238//1 1102//1
f 1101//1 1102//1 1103//1
f 1103//1 1102//1 1104//1
f 1103//1 1104//1 1105//1
f 1105//1 1104//1 1106//1
f 1105//1 1106//1 1107//1
f 1107//1 1106//1 1108//1
f 1107//1 1108//1 1109//1
f 1109//1 1108//1 1110//1
f 1109//1 1110//1 1111//1
f 1111//1 1110//1 1112//1
f 1111//1 1112//1 1113//1
f 1113//1 1112//1 1114//1
f 1113//1 1114//1 1115//1
f 1115//1 1114//1 1116//1
f 1115//1 1116//1 1117//1
f 1117//1 1116//1 1118//1
f 1117//1 1118//1 1119//1
f 1119//1 1118//1 1120//1
f 1119//1 1120//1 1121//1
f 1121//1 1120//1 1122//1
f 1121//1 1122//1 1123//1
f 1123//1 1122//1 1124//1
f 1123//1 1124//1 1125//1
f 1125//1 1124//1 1126//1
f 1125//1 1126//1 1127//1
f 1127//1 1126//1 1128//1
f 1127//1 1128//1 1129//1
f 1129//1 1128//1 1130//1
f 1129//1 1130//1 1131//1
f 1131//1 1130//1 1132//1
f 1131//1 1132//1 1133//1
f 1133//1 1132//1 1134//1
f 1133//1 1134//1 1135//1
f 1135//1 1134//1 1136//1
f 1135//1 1136//1 1137//1
f 1137//1 1136//1 1138//1
f 1137//1 1138//1 1139//1
f 1139//1 1138//1 1140//1
f 1139//1 1140//1 1141//1
f 1141//1 1140//1 1142//1
f 1141//1 1142//1 1143//1
f 1143//1 1142//1 1144//1
f 1143//1 1144//1 1145//1
f 1145//1 1144//1 1146//1
f 1145//1 1146//1 532//1
f 532//1 1146//1 534//1
f 534//1 1146//1 1147//1
f 534//1 1147//1 536//1
f 536//1 1147//1 1148//1
f 536//1 1148//1 538//1
f 538//1 1148//1 1149//1
f 538//1 1149//1 540//1
f 540//1 1149//1 607//1
f 238//1 235//1 1102//1
f 1102//1 235//1 1150//1
f 1102//1 1150//1 1104//1
f 1104//1 1150//1 1151//1
f 1104//1 1151//1 1106//1
f 1106//1 1151//1 1152//1
f 1106//1 1152//1 1108//1
f 1108//1 1152//1 1153//1
f 1108//1 1153//1 1110//1
f 1110//1 1153//1 1154//1
f 1110//1 1154//1 1112//1
f 1112//1 1154//1 1155//1
f 1112//1 1155//1 1114//1
f 1114//1 1155//1 1156//1
f 1114//1 1156//1 1116//1
f 1116//1 1156//1 1157//1
f 1116//1 1157//1 1118//1
f 1118//1 1157//1 1158//1
f 1118//1 1158//1 1120//1
f 1120//1 1158//1 1159//1
f 1120//1 1159//1 1122//1
f 1122//1 1159//1 1160//1
f 1122//1 1160//1 1124//1
f 1124//1 1160//1 1161//1
f 1124//1 1161//1 1126//1
f 1126//1 1161//1 1162//1
f 1126//1 1162//1 1128//1
f 1128//1 1162//1 1163//1
f 1128//1 1163//1 1130//1
f 1130//1 1163//1 1164//1
f 1130//1 1164//1 1132//1
f 1132//1 1164//1 1165//1
f 1132//1 1165//1 1134//1
f 1134//1 1165//1 1166//1
f 1134//1 1166//1 1136//1
f 1136//1 1166//1 1167//1
f 1136//1 1167//1 1138//1
f 1138//1 1167//1 1168//1
f 1138//1 1168//1 1140//1
f 1140//1 1168//1 1169//1
f 1140//1 1169//1 1142//1
f 1142//1 1169//1 1170//1
f 1142//1 1170//1 1144//1
f 1144//1 1170//1 1171//1
f 1144//1 1171//1 1146//1
f 1146//1 1171//1 1147//1
f 1150//1 235//1 1172//1
f 1172//1 235//1 234//1
f 1172//1 234//1 1151//1
f 1151//1 234//1 1173//1
f 1151//1 1173//1 1152//1
f 1152//1 1173//1 1174//1
f 1152//1 1174//1 1153//1
f 1153//1 1174//1 1175//1
f 1153//1 1175//1 1154//1
f 1154//1 1175//1 1176//1
f 1154//1 1176//1 1155//1
f 1155//1 1176//1 1177//1
f 1155//1 1177//1 1156//1
f 1156//1 1177//1 1178//1
f 1156//1 1178//1 1157//1
f 1157//1 1178//1 1179//1
f 1157//1 1179//1 1158//1
f 1158//1 1179//1 1180//1
f 1158//1 1180//1 1159//1
f 1159//1 1180//1 1181//1
f 1159//1 1181//1 1160//1
f 1160//1 1181//1 1182//1
f 1160//1 1182//1 1161//1
f 1161//1 1182//1 1183//1
f 1161//1 1183//1 1162//1
f 1162//1 1183//1 1184//1
f 1162//1 1184//1 1163//1
f 1163//1 1184//1 1185//1
f 1163//1 1185//1 1164//1
f 1164//1 1185//1 1186//1
f 1164//1 1186//1 1165//1
f 1165//1 1186//1 1187//1
f 1165//1 1187//1 1166//1
f 1166//1 1187//1 1188//1
f 1166//1 1188//1 1167//1
f 1167//1 1188//1 1189//1
f 1167//1 1189//1 1168//1
f 1168//1 1189//1 1190//1
f 1168//1 1190//1 1169//1
f 1169//1 1190//1 1191//1
f 1169//1 1191//1 1170//1
f 1170//1 1191//1 1192//1
f 1170//1 1192//1 1171//1
f 1171//1 1192//1 1193//1
f 1171//1 1193//1 1147//1
f 1147//1 1193//1 1148//1
f 245//1 1194//1 234//1
f 234//1 1194//1 1195//1
f 234//1 1195//1 1173//1
f 1173//1 1195//1 1174//1
f 242//1 1196//1 245//1
f 245//1 1196//1 1197//1
f 245//1 1197//1 1198//1
f 1198//1 1197//1 1199//1
f 1198//1 1199//1 1200//1
f 1200//1 1199//1 1201//1
f 1200//1 1201//1 1202//1
f 1202//1 1201//1 1203//1
f 1202//1 1203//1 1176//1
f 1176//1 1203//1 1177//1
f 240//1 1204//1 242//1
f 242//1 1204//1 1205//1
f 242//1 1205//1 1206//1
f 1206//1 1205//1 1207//1
f 1206//1 1207//1 1208//1
f 1208//1 1207//1 1209//1
f 1208//1 1209//1 1210//1
f 1210//1 1209//1 1211//1
f 1210//1 1211//1 1212//1
f 1212//1 1211//1 1213//1
f 1212//1 1213//1 1214//1
f 1214//1 1213//1 1215//1
f 1214//1 1215//1 1216//1
f 1216//1 1215//1 1217//1
f 1216//1 1217//1 1218//1
f 1218//1 1217//1 1219//1
f 1218//1 1219//1 1220//1
f 1220//1 1219//1 1221//1
f 1220//1 1221//1 1222//1
f 1222//1 1221//1 1223//1
f 1222//1 1223//1 1224//1
f 1224//1 1223//1 1225//1
f 1224//1 1225//1 1182//1
f 1182//1 1225//1 1183//1
f 225//1 1226//1 240//1
f 240//1 1226//1 1227//1
f 240//1 1227//1 1204//1
f 1204//1 1227//1 1228//1
f 1204//1 1228//1 1205//1
f 1205//1 1228//1 1207//1
f 223//1 1229//1 225//1
f 225//1 1229//1 1230//1
f 225//1 1230//1 1231//1
f 1231//1 1230//1 1232//1
f 1231//1 1232//1 1233//1
f 1233//1 1232//1 1234//1
f 1233//1 1234//1 1235//1
f 1235//1 1234//1 1236//1
f 1235//1 1236//1 1237//1
f 1237//1 1236//1 1238//1
f 1237//1 1238//1 1239//1
f 1239//1 1238//1 1240//1
f 1239//1 1240//1 1241//1
f 1241//1 1240//1 1242//1
f 1241//1 1242//1 1243//1
f 1243//1 1242//1 1244//1
f 1243//1 1244//1 1245//1
f 1245//1 1244//1 1246//1
f 1245//1 1246//1 1247//1
f 1247//1 1246//1 1248//1
f 1247//1 1248//1 1249//1
f 1249//1 1248//1 1250//1
f 1249//1 1250//1 1251//1
f 1251//1 1250//1 1252//1
f 1251//1 1252//1 1253//1
f 1253//1 1252//1 1254//1
f 1253//1 1254//1 1255//1
f 1255//1 1254//1 1256//1
f 1255//1 1256//1 1257//1
f 1257//1 1256//1 1258//1
f 1257//1 1258//1 1259//1
f 1259//1 1258//1 1260//1
f 1259//1 1260//1 1261//1
f 1261//1 1260//1 1262//1
f 1261//1 1262//1 1189//1
f 1189//1 1262//1 1190//1
f 1229//1 223//1 1263//1
f 1263//1 223//1 221//1
f 1263//1 221//1 1264//1
f 1264//1 221//1 1265//1
f 1264//1 1265//1 1266//1
f 1266//1 1265//1 1267//1
f 1266//1 1267//1 1268//1
f 1268//1 1267//1 1269//1
f 1268//1 1269//1 1270//1
f 1270//1 1269//1 569//1
f 1270//1 569//1 571//1
f 221//1 219//1 1265//1
f 1265//1 219//1 1271//1
f 1265//1 1271//1 1267//1
f 1267//1 1271//1 1272//1
f 1267//1 1272//1 1269//1
f 1269//1 1272//1 567//1
f 1269//1 567//1 569//1
f 558//1 655//1 360//1
f 360//1 655//1 1273//1
f 360//1 1273//1 358//1
f 358//1 1273//1 1274//1
f 358//1 1274//1 364//1
f 364//1 1274//1 1275//1
f 364//1 1275//1 366//1
f 366//1 1275//1 1276//1
f 366//1 1276//1 368//1
f 368//1 1276//1 705//1
f 656//1 556//1 1277//1
f 1277//1 556//1 554//1
f 1277//1 554//1 1278//1
f 1278//1 554//1 552//1
f 1278//1 552//1 1279//1
f 1279//1 552//1 550//1
f 1279//1 550//1 1280//1
f 1280//1 550//1 548//1
f 1280//1 548//1 1281//1
f 1281//1 548//1 546//1
f 1281//1 546//1 1282//1
f 1282//1 546//1 544//1
f 1282//1 544//1 606//1
f 606//1 544//1 542//1
f 532//1 530//1 1145//1
f 1145//1 530//1 1283//1
f 1145//1 1283//1 1143//1
f 1143//1 1283//1 1284//1
f 1143//1 1284//1 1141//1
f 1141//1 1284//1 1285//1
f 1141//1 1285//1 1139//1
f 1139//1 1285//1 1286//1
f 1139//1 1286//1 1137//1
f 1137//1 1286//1 1287//1
f 1137//1 1287//1 1135//1
f 1135//1 1287//1 1288//1
f 1135//1 1288//1 1133//1
f 1133//1 1288//1 1289//1
f 1133//1 1289//1 1131//1
f 1131//1 1289//1 1290//1
f 1131//1 1290//1 1129//1
f 1129//1 1290//1 1291//1
f 1129//1 1291//1 1127//1
f 1127//1 1291//1 1292//1
f 1127//1 1292//1 1125//1
f 1125//1 1292//1 1293//1
f 1125//1 1293//1 1123//1
f 1123//1 1293//1 1294//1
f 1123//1 1294//1 1121//1
f 1121//1 1294//1 1295//1
f 1121//1 1295//1 1119//1
f 1119//1 1295//1 1296//1
f 1119//1 1296//1 1117//1
f 1117//1 1296//1 1297//1
f 1117//1 1297//1 1115//1
f 1115//1 1297//1 1298//1
f 1115//1 1298//1 1113//1
f 1113//1 1298//1 1299//1
f 1113//1 1299//1 1111//1
f 1111//1 1299//1 1300//1
f 1111//1 1300//1 1109//1
f 1109//1 1300//1 1301//1
f 1109//1 1301//1 1107//1
f 1107//1 1301//1 1302//1
f 1107//1 1302//1 1105//1
f 1105//1 1302//1 1303//1
f 1105//1 1303//1 1103//1
f 1103//1 1303//1 1304//1
f 1103//1 1304//1 1101//1
f 1101//1 1304//1 1100//1
f 530//1 528//1 1283//1
f 1283//1 528//1 1305//1
f 1283//1 1305//1 1284//1
f 1284//1 1305//1 1306//1
f 1284//1 1306//1 1285//1
f 1285//1 1306//1 1307//1
f 1285//1 1307//1 1286//1
f 1286//1 1307//1 1308//1
f 1286//1 1308//1 1287//1
f 1287//1 1308//1 1309//1
f 1287//1 1309//1 1288//1
f 1288//1 1309//1 1310//1
f 1288//1 1310//1 1289//1
f 1289//1 1310//1 1311//1
f 1289//1 1311//1 1290//1
f 1290//1 1311//1 1312//1
f 1290//1 1312//1 1291//1
f 1291//1 1312//1 1313//1
f 1291//1 1313//1 1292//1
f 1292//1 1313//1 1314//1
f 1292//1 1314//1 1293//1
f 1293//1 1314//1 1315//1
f 1293//1 1315//1 1294//1
f 1294//1 1315//1 1316//1
f 1294//1 1316//1 1295//1
f 1295//1 1316//1 1317//1
f 1295//1 1317//1 1296//1
f 1296//1 1317//1 1318//1
f 1296//1 1318//1 1297//1
f 1297//1 1318//1 1319//1
f 1297//1 1319//1 1298//1
f 1298//1 1319//1 1320//1
f 1298//1 1320//1 1299//1
f 1299//1 1320//1 1321//1
f 1299//1 1321//1 1300//1
f 1300//1 1321//1 1322//1
f 1300//1 1322//1 1301//1
f 1301//1 1322//1 1323//1
f 1301//1 1323//1 1302//1
f 1302//1 1323//1 1324//1
f 1302//1 1324//1 1303//1
f 1303//1 1324//1 1325//1
f 1303//1 1325//1 1304//1
f 1304//1 1325//1 1326//1
f 1304//1 1326//1 1100//1
f 1100//1 1326//1 1098//1
f 528//1 526//1 1305//1
f 1305//1 526//1 1327//1
f 1305//1 1327//1 1306//1
f 1306//1 1327//1 1328//1
f 1306//1 1328//1 1307//1
f 1307//1 1328//1 1329//1
f 1307//1 1329//1 1308//1
f 1308//1 1329//1 1330//1
f 1308//1 1330//1 1309//1
f 1309//1 1330//1 1331//1
f 1309//1 1331//1 1310//1
f 1310//1 1331//1 1332//1
f 1310//1 1332//1 1311//1
f 1311//1 1332//1 1333//1
f 1311//1 1333//1 1312//1
f 1312//1 1333//1 1334//1
f 1312//1 1334//1 1313//1
f 1313//1 1334//1 1335//1
f 1313//1 1335//1 1314//1
f 1314//1 1335//1 1336//1
f 1314//1 1336//1 1315//1
f 1315//1 1336//1 1337//1
f 1315//1 1337//1 1316//1
f 1316//1 1337//1 1338//1
f 1316//1 1338//1 1317//1
f 1317//1 1338//1 1339//1
f 1317//1 1339//1 1318//1
f 1318//1 1339//1 1340//1
f 1318//1 1340//1 1319//1
f 1319//1 1340//1 1341//1
f 1319//1 1341//1 1320//1
f 1320//1 1341//1 1342//1
f 1320//1 1342//1 1321//1
f 1321//1 1342//1 1343//1
f 1321//1 1343//1 1322//1
f 1322//1 1343//1 1344//1
f 1322//1 1344//1 1323//1
f 1323//1 1344//1 1345//1
f 1323//1 1345//1 1324//1
f 1324//1 1345//1 1346//1
f 1324//1 1346//1 1325//1
f 1325//1 1346//1 1347//1
f 1325//1 1347//1 1326//1
f 1326//1 1347//1 1348//1
f 1326//1 1348//1 1098//1
f 1098//1 1348//1 1052//1
f 526//1 524//1 1327//1
f 1327//1 524//1 1349//1
f 1327//1 1349//1 1328//1
f 1328//1 1349//1 1350//1
f 1328//1 1350//1 1329//1
f 1329//1 1350//1 1351//1
f 1329//1 1351//1 1330//1
f 1330//1 1351//1 1352//1
f 1330//1 1352//1 1331//1
f 1331//1 1352//1 1353//1
f 1331//1 1353//1 1332//1
f 1332//1 1353//1 1354//1
f 1332//1 1354//1 1333//1
f 1333//1 1354//1 1355//1
f 1333//1 1355//1 1334//1
f 1334//1 1355//1 1356//1
f 1334//1 1356//1 1335//1
f 1335//1 1356//1 1357//1
f 1335//1 1357//1 1336//1
f 1336//1 1357//1 1358//1
f 1336//1 1358//1 1337//1
f 1337//1 1358//1 1359//1
f 1337//1 1359//1 1338//1
f 1338//1 1359//1 1360//1
f 1338//1 1360//1 1339//1
f 1339//1 1360//1 1361//1
f 1339//1 1361//1 1340//1
f 1340//1 1361//1 1362//1
f 1340//1 1362//1 1341//1
f 1341//1 1362//1 1363//1
f 1341//1 1363//1 1342//1
f 1342//1 1363//1 1364//1
f 1342//1 1364//1 1343//1
f 1343//1 1364//1 1365//1
f 1343//1 1365//1 1344//1
f 1344//1 1365//1 1366//1
f 1344//1 1366//1 1345//1
f 1345//1 1366//1 1367//1
f 1345//1 1367//1 1346//1
f 1346//1 1367//1 1368//1
f 1346//1 1368//1 1347//1
f 1347//1 1368//1 1369//1
f 1347//1 1369//1 1348//1
f 1348//1 1369//1 1054//1
f 1348//1 1054//1 1052//1
f 524//1 522//1 1349//1
f 1349//1 522//1 1370//1
f 1349//1 1370//1 1350//1
f 1350//1 1370//1 1371//1
f 1350//1 1371//1 1351//1
f 1351//1 1371//1 1372//1
f 1351//1 1372//1 1352//1
f 1352//1 1372//1 1373//1
f 1352//1 1373//1 1353//1
f 1353//1 1373//1 1374//1
f 1353//1 1374//1 1354//1
f 1354//1 1374//1 1375//1
f 1354//1 1375//1 1355//1
f 1355//1 1375//1 1376//1
f 1355//1 1376//1 1356//1
f 1356//1 1376//1 1377//1
f 1356//1 1377//1 1357//1
f 1357//1 1377//1 1378//1
f 1357//1 1378//1 1358//1
f 1358//1 1378//1 1379//1
f 1358//1 1379//1 1359//1
f 1359//1 1379//1 1380//1
f 1359//1 1380//1 1360//1
f 1360//1 1380//1 1381//1
f 1360//1 1381//1 1361//1
f 1361//1 1381//1 1382//1
f 1361//1 1382//1 1362//1
f 1362//1 1382//1 1383//1
f 1362//1 1383//1 1363//1
f 1363//1 1383//1 1384//1
f 1363//1 1384//1 1364//1
f 1364//1 1384//1 1385//1
f 1364//1 1385//1 1365//1
f 1365//1 1385//1 1386//1
f 1365//1 1386//1 1366//1
f 1366//1 1386//1 1387//1
f 1366//1 1387//1 1367//1
f 1367//1 1387//1 1388//1
f 1367//1 1388//1 1368//1
f 1368//1 1388//1 1389//1
f 1368//1 1389//1 1369//1
f 1369//1 1389//1 1056//1
f 1369//1 1056//1 1054//1
f 522//1 520//1 1370//1
f 1370//1 520//1 1390//1
f 1370//1 1390//1 1371//1
f 1371//1 1390//1 1391//1
f 1371//1 1391//1 1372//1
f 1372//1 1391//1 1392//1
f 1372//1 1392//1 1373//1
f 1373//1 1392//1 1393//1
f 1373//1 1393//1 1374//1
f 1374//1 1393//1 1394//1
f 1374//1 1394//1 1375//1
f 1375//1 1394//1 1395//1
f 1375//1 1395//1 1376//1
f 1376//1 1395//1 1396//1
f 1376//1 1396//1 1377//1
f 1377//1 1396//1 1397//1
f 1377//1 1397//1 1378//1
f 1378//1 1397//1 1398//1
f 1378//1 1398//1 1379//1
f 1379//1 1398//1 1399//1
f 1379//1 1399//1 1380//1
f 1380//1 1399//1 1400//1
f 1380//1 1400//1 1381//1
f 1381//1 1400//1 1401//1
f 1381//1 1401//1 1382//1
f 1382//1 1401//1 1402//1
f 1382//1 1402//1 1383//1
f 1383//1 1402//1 1403//1
f 1383//1 1403//1 1384//1
f 1384//1 1403//1 1404//1
f 1384//1 1404//1 1385//1
f 1385//1 1404//1 1405//1
f 1385//1 1405//1 1386//1
f 1386//1 1405//1 1406//1
f 1386//1 1406//1 1387//1
f 1387//1 1406//1 1407//1
f 1387//1 1407//1 1388//1
f 1388//1 1407//1 1408//1
f 1388//1 1408//1 1389//1
f 1389//1 1408//1 1058//1
f 1389//1 1058//1 1056//1
f 520//1 518//1 1390//1
f 1390//1 518//1 1409//1
f 1390//1 1409//1 1391//1
f 1391//1 1409//1 1410//1
f 1391//1 1410//1 1392//1
f 1392//1 1410//1 1411//1
f 1392//1 1411//1 1393//1
f 1393//1 1411//1 1412//1
f 1393//1 1412//1 1394//1
f 1394//1 1412//1 1413//1
f 1394//1 1413//1 1395//1
f 1395//1 1413//1 1414//1
f 1395//1 1414//1 1396//1
f 1396//1 1414//1 1415//1
f 1396//1 1415//1 1397//1
f 1397//1 1415//1 1416//1
f 1397//1 1416//1 1398//1
f 1398//1 1416//1 1417//1
f 1398//1 1417//1 1399//1
f 1399//1 1417//1 1418//1
f 1399//1 1418//1 1400//1
f 1400//1 1418//1 1419//1
f 1400//1 1419//1 1401//1
f 1401//1 1419//1 1420//1
f 1401//1 1420//1 1402//1
f 1402//1 1420//1 1421//1
f 1402//1 1421//1 1403//1
f 1403//1 1421//1 1422//1
f 1403//1 1422//1 1404//1
f 1404//1 1422//1 1423//1
f 1404//1 1423//1 1405//1
f 1405//1 1423//1 1424//1
f 1405//1 1424//1 1406//1
f 1406//1 1424//1 1425//1
f 1406//1 1425//1 1407//1
f 1407//1 1425//1 1426//1
f 1407//1 1426//1 1408//1
f 1408//1 1426//1 1060//1
f 1408//1 1060//1 1058//1
f 518//1 516//1 1409//1
f 1409//1 516//1 1427//1
f 1409//1 1427//1 1410//1
f 1410//1 1427//1 1428//1
f 1410//1 1428//1 1411//1
f 1411//1 1428//1 1429//1
f 1411//1 1429//1 1412//1
f 1412//1 1429//1 1430//1
f 1412//1 1430//1 1413//1
f 1413//1 1430//1 1431//1
f 1413//1 1431//1 1414//1
f 1414//1 1431//1 1432//1
f 1414//1 1432//1 1415//1
f 1415//1 1432//1 1433//1
f 1415//1 1433//1 1416//1
f 1416//1 1433//1 1434//1
f 1416//1 1434//1 1417//1
f 1417//1 1434//1 1435//1
f 1417//1 1435//1 1418//1
f 1418//1 1435//1 1436//1
f 1418//1 1436//1 1419//1
f 1419//1 1436//1 1437//1
f 1419//1 1437//1 1420//1
f 1420//1 1437//1 1438//1
f 1420//1 1438//1 1421//1
f 1421//1 1438//1 1439//1
f 1421//1 1439//1 1422//1
f 1422//1 1439//1 1440//1
f 1422//1 1440//1 1423//1
f 1423//1 1440//1 1441//1
f 1423//1 1441//1 1424//1
f 1424//1 1441//1 1442//1
f 1424//1 1442//1 1425//1
f 1425//1 1442//1 1443//1
f 1425//1 1443//1 1426//1
f 1426//1 1443//1 1062//1
f 1426//1 1062//1 1060//1
f 516//1 514//1 1427//1
f 1427//1 514//1 1444//1
f 1427//1 1444//1 1428//1
f 1428//1 1444//1 1445//1
f 1428//1 1445//1 1429//1
f 1429//1 1445//1 1446//1
f 1429//1 1446//1 1430//1
f 1430//1 1446//1 1447//1
f 1430//1 1447//1 1431//1
f 1431//1 1447//1 1448//1
f 1431//1 1448//1 1432//1
f 1432//1 1448//1 1449//1
f 1432//1 1449//1 1433//1
f 1433//1 1449//1 1450//1
f 1433//1 1450//1 1434//1
f 1434//1 1450//1 1451//1
f 1434//1 1451//1 1435//1
f 1435//1 1451//1 1452//1
f 1435//1 1452//1 1436//1
f 1436//1 1452//1 1453//1
f 1436//1 1453//1 1437//1
f 1437//1 1453//1 1454//1
f 1437//1 1454//1 1438//1
f 1438//1 1454//1 1455//1
f 1438//1 1455//1 1439//1
f 1439//1 1455//1 1456//1
f 1439//1 1456//1 1440//1
f 1440//1 1456//1 1457//1
f 1440//1 1457//1 1441//1
f 1441//1 1457//1 1458//1
f 1441//1 1458//1 1442//1
f 1442//1 1458//1 1459//1
f 1442//1 1459//1 1443//1
f 1443//1 1459//1 1064//1
f 1443//1 1064//1 1062//1
f 514//1 512//1 1444//1
f 1444//1 512//1 1460//1
f 1444//1 1460//1 1445//1
f 1445//1 1460//1 1461//1
f 1445//1 1461//1 1446//1
f 1446//1 1461//1 1462//1
f 1446//1 1462//1 1447//1
f 1447//1 1462//1 1463//1
f 1447//1 1463//1 1448//1
f 1448//1 1463//1 1464//1
f 1448//1 1464//1 1449//1
f 1449//1 1464//1 1465//1
f 1449//1 1465//1 1450//1
f 1450//1 1465//1 1466//1
f 1450//1 1466//1 1451//1
f 1451//1 1466//1 1467//1
f 1451//1 1467//1 1452//1
f 1452//1 1467//1 1468//1
f 1452//1 1468//1 1453//1
f 1453//1 1468//1 1469//1
f 1453//1 1469//1 1454//1
f 1454//1 1469//1 1470//1
f 1454//1 1470//1 1455//1
f 1455//1 1470//1 1471//1
f 1455//1 1471//1 1456//1
f 1456//1 1471//1 1472//1
f 1456//1 1472//1 1457//1
f 1457//1 1472//1 1473//1
f 1457//1 1473//1 1458//1
f 1458//1 1473//1 1474//1
f 1458//1 1474//1 1459//1
f 1459//1 1474//1 1066//1
f 1459//1 1066//1 1064//1
f 512//1 510//1 1460//1
f 1460//1 510//1 1475//1
f 1460//1 1475//1 1461//1
f 1461//1 1475//1 1476//1
f 1461//1 1476//1 1462//1
f 1462//1 1476//1 1477//1
f 1462//1 1477//1 1463//1
f 1463//1 1477//1 1478//1
f 1463//1 1478//1 1464//1
f 1464//1 1478//1 1479//1
f 1464//1 1479//1 1465//1
f 1465//1 1479//1 1480//1
f 1465//1 1480//1 1466//1
f 1466//1 1480//1 1481//1
f 1466//1 1481//1 1467//1
f 1467//1 1481//1 1482//1
f 1467//1 1482//1 1468//1
f 1468//1 1482//1 1483//1
f 1468//1 1483//1 1469//1
f 1469//1 1483//1 1484//1
f 1469//1 1484//1 1470//1
f 1470//1 1484//1 1485//1
f 1470//1 1485//1 1471//1
f 1471//1 1485//1 1486//1
f 1471//1 1486//1 1472//1
f 1472//1 1486//1 1487//1
f 1472//1 1487//1 1473//1
f 1473//1 1487//1 1488//1
f 1473//1 1488//1 1474//1
f 1474//1 1488//1 1068//1
f 1474//1 1068//1 1066//1
f 510//1 508//1 1475//1
f 1475//1 508//1 1489//1
f 1475//1 1489//1 1476//1
f 1476//1 1489//1 1490//1
f 1476//1 1490//1 1477//1
f 1477//1 1490//1 1491//1
f 1477//1 1491//1 1478//1
f 1478//1 1491//1 1492//1
f 1478//1 1492//1 1479//1
f 1479//1 1492//1 1493//1
f 1479//1 1493//1 1480//1
f 1480//1 1493//1 1494//1
f 1480//1 1494//1 1481//1
f 1481//1 1494//1 1495//1
f 1481//1 1495//1 1482//1
f 1482//1 1495//1 1496//1
f 1482//1 1496//1 1483//1
f 1483//1 1496//1 1497//1
f 1483//1 1497//1 1484//1
f 1484//1 1497//1 1498//1
f 1484//1 1498//1 1485//1
f 1485//1 1498//1 1499//1
f 1485//1 1499//1 1486//1
f 1486//1 1499//1 1500//1
f 1486//1 1500//1 1487//1
f 1487//1 1500//1 1501//1
f 1487//1 1501//1 1488//1
f 1488//1 1501//1 1070//1
f 1488//1 1070//1 1068//1
f 508//1 506//1 1489//1
f 1489//1 506//1 1502//1
f 1489//1 1502//1 1490//1
f 1490//1 1502//1 1503//1
f 1490//1 1503//1 1491//1
f 1491//1 1503//1 1504//1
f 1491//1 1504//1 1492//1
f 1492//1 1504//1 1505//1
f 1492//1 1505//1 1493//1
f 1493//1 1505//1 1506//1
f 1493//1 1506//1 1494//1
f 1494//1 1506//1 1507//1
f 1494//1 1507//1 1495//1
f 1495//1 1507//1 1508//1
f 1495//1 1508//1 1496//1
f 1496//1 1508//1 1509//1
f 1496//1 1509//1 1497//1
f 1497//1 1509//1 1510//1
f 1497//1 1510//1 1498//1
f 1498//1 1510//1 1511//1
f 1498//1 1511//1 1499//1
f 1499//1 1511//1 1512//1
f 1499//1 1512//1 1500//1
f 1500//1 1512//1 1513//1
f 1500//1 1513//1 1501//1
f 1501//1 1513//1 1072//1
f 1501//1 1072//1 1070//1
f 506//1 504//1 1502//1
f 1502//1 504//1 1514//1
f 1502//1 1514//1 1503//1
f 1503//1 1514//1 1515//1
f 1503//1 1515//1 1504//1
f 1504//1 1515//1 1516//1
f 1504//1 1516//1 1505//1
f 1505//1 1516//1 1517//1
f 1505//1 1517//1 1506//1
f 1506//1 1517//1 1518//1
f 1506//1 1518//1 1507//1
f 1507//1 1518//1 1519//1
f 1507//1 1519//1 1508//1
f 1508//1 1519//1 1520//1
f 1508//1 1520//1 1509//1
f 1509//1 1520//1 1521//1
f 1509//1 1521//1 1510//1
f 1510//1 1521//1 1522//1
f 1510//1 1522//1 1511//1
f 1511//1 1522//1 1523//1
f 1511//1 1523//1 1512//1
f 1512//1 1523//1 1524//1
f 1512//1 1524//1 1513//1
f 1513//1 1524//1 1074//1
f 1513//1 1074//1 1072//1
f 504//1 502//1 1514//1
f 1514//1 502//1 1525//1
f 1514//1 1525//1 1515//1
f 1515//1 1525//1 1526//1
f 1515//1 1526//1 1516//1
f 1516//1 1526//1 1527//1
f 1516//1 1527//1 1517//1
f 1517//1 1527//1 1528//1
f 1517//1 1528//1 1518//1
f 1518//1 1528//1 1529//1
f 1518//1 1529//1 1519//1
f 1519//1 1529//1 1530//1
f 1519//1 1530//1 1520//1
f 1520//1 1530//1 1531//1
f 1520//1 1531//1 1521//1
f 1521//1 1531//1 1532//1
f 1521//1 1532//1 1522//1
f 1522//1 1532//1 1533//1
f 1522//1 1533//1 1523//1
f 1523//1 1533//1 1534//1
f 1523//1 1534//1 1524//1
f 1524//1 1534//1 1076//1
f 1524//1 1076//1 1074//1
f 502//1 500//1 1525//1
f 1525//1 500//1 1535//1
f 1525//1 1535//1 1526//1
f 1526//1 1535//1 1536//1
f 1526//1 1536//1 1527//1
f 1527//1 1536//1 1537//1
f 1527//1 1537//1 1528//1
f 1528//1 1537//1 1538//1
f 1528//1 1538//1 1529//1
f 1529//1 1538//1 1539//1
f 1529//1 1539//1 1530//1
f 1530//1 1539//1 1540//1
f 1530//1 1540//1 1531//1
f 1531//1 1540//1 1541//1
f 1531//1 1541//1 1532//1
f 1532//1 1541//1 1542//1
f 1532//1 1542//1 1533//1
f 1533//1 1542//1 1543//1
f 1533//1 1543//1 1534//1
f 1534//1 1543//1 1078//1
f 1534//1 1078//1 1076//1
f 500//1 498//1 1535//1
f 1535//1 498//1 1544//1
f 1535//1 1544//1 1536//1
f 1536//1 1544//1 1545//1
f 1536//1 1545//1 1537//1
f 1537//1 1545//1 1546//1
f 1537//1 1546//1 1538//1
f 1538//1 1546//1 1547//1
f 1538//1 1547//1 1539//1
f 1539//1 1547//1 1548//1
f 1539//1 1548//1 1540//1
f 1540//1 1548//1 1549//1
f 1540//1 1549//1 1541//1
f 1541//1 1549//1 1550//1
f 1541//1 1550//1 1542//1
f 1542//1 1550//1 1551//1
f 1542//1 1551//1 1543//1
f 1543//1 1551//1 1080//1
f 1543//1 1080//1 1078//1
f 498//1 496//1 1544//1
f 1544//1 496//1 1552//1
f 1544//1 1552//1 1545//1
f 1545//1 1552//1 1553//1
f 1545//1 1553//1 1546//1
f 1546//1 1553//1 1554//1
f 1546//1 1554//1 1547//1
f 1547//1 1554//1 1555//1
f 1547//1 1555//1 1548//1
f 1548//1 1555//1 1556//1
f 1548//1 1556//1 1549//1
f 1549//1 1556//1 1557//1
f 1549//1 1557//1 1550//1
f 1550//1 1557//1 1558//1
f 1550//1 1558//1 1551//1
f 1551//1 1558//1 1082//1
f 1551//1 1082//1 1080//1
f 496//1 493//1 1552//1
f 1552//1 493//1 1559//1
f 1552//1 1559//1 1553//1
f 1553//1 1559//1 1560//1
f 1553//1 1560//1 1554//1
f 1554//1 1560//1 1561//1
f 1554//1 1561//1 1555//1
f 1555//1 1561//1 1562//1
f 1555//1 1562//1 1556//1
f 1556//1 1562//1 1563//1
f 1556//1 1563//1 1557//1
f 1557//1 1563//1 1564//1
f 1557//1 1564//1 1558//1
f 1558//1 1564//1 1084//1
f 1558//1 1084//1 1082//1
f 493//1 491//1 1559//1
f 1559//1 491//1 1565//1
f 1559//1 1565//1 1560//1
f 1560//1 1565//1 1566//1
f 1560//1 1566//1 1561//1
f 1561//1 1566//1 1567//1
f 1561//1 1567//1 1562//1
f 1562//1 1567//1 1568//1
f 1562//1 1568//1 1563//1
f 1563//1 1568//1 1569//1
f 1563//1 1569//1 1564//1
f 1564//1 1569//1 1086//1
f 1564//1 1086//1 1084//1
f 491//1 489//1 1565//1
f 1565//1 489//1 1570//1
f 1565//1 1570//1 1566//1
f 1566//1 1570//1 1571//1
f 1566//1 1571//1 1567//1
f 1567//1 1571//1 1572//1
f 1567//1 1572//1 1568//1
f 1568//1 1572//1 1573//1
f 1568//1 1573//1 1569//1
f 1569//1 1573//1 1088//1
f 1569//1 1088//1 1086//1
f 489//1 487//1 1570//1
f 1570//1 487//1 1574//1
f 1570//1 1574//1 1571//1
f 1571//1 1574//1 1575//1
f 1571//1 1575//1 1572//1
f 1572//1 1575//1 1576//1
f 1572//1 1576//1 1573//1
f 1573//1 1576//1 1090//1
f 1573//1 1090//1 1088//1
f 487//1 485//1 1574//1
f 1574//1 485//1 1577//1
f 1574//1 1577//1 1575//1
f 1575//1 1577//1 1578//1
f 1575//1 1578//1 1576//1
f 1576//1 1578//1 1092//1
f 1576//1 1092//1 1090//1
f 485//1 483//1 1577//1
f 1577//1 483//1 1579//1
f 1577//1 1579//1 1578//1
f 1578//1 1579//1 1094//1
f 1578//1 1094//1 1092//1
f 483//1 481//1 1579//1
f 1579//1 481//1 1096//1
f 1579//1 1096//1 1094//1
f 481//1 479//1 1096//1
f 1097//1 477//1 1580//1
f 1580//1 477//1 475//1
f 1580//1 475//1 1581//1
f 1581//1 475//1 473//1
f 1581//1 473//1 1582//1
f 1582//1 473//1 471//1
f 1582//1 471//1 1047//1
f 1047//1 471//1 469//1
f 1048//1 467//1 1583//1
f 1583//1 467//1 465//1
f 1583//1 465//1 1584//1
f 1584//1 465//1 463//1
f 1584//1 463//1 1585//1
f 1585//1 463//1 461//1
f 1585//1 461//1 1586//1
f 1586//1 461//1 459//1
f 1586//1 459//1 998//1
f 998//1 459//1 457//1
f 999//1 455//1 1587//1
f 1587//1 455//1 453//1
f 1587//1 453//1 1588//1
f 1588//1 453//1 451//1
f 1588//1 451//1 1589//1
f 1589//1 451//1 449//1
f 1589//1 449//1 1590//1
f 1590//1 449//1 447//1
f 1590//1 447//1 1591//1
f 1591//1 447//1 445//1
f 1591//1 445//1 949//1
f 949//1 445//1 443//1
f 950//1 441//1 1592//1
f 1592//1 441//1 439//1
f 1592//1 439//1 1593//1
f 1593//1 439//1 437//1
f 1593//1 437//1 1594//1
f 1594//1 437//1 435//1
f 1594//1 435//1 1595//1
f 1595//1 435//1 433//1
f 1595//1 433//1 1596//1
f 1596//1 433//1 431//1
f 1596//1 431//1 900//1
f 900//1 431//1 429//1
f 901//1 426//1 1597//1
f 1597//1 426//1 424//1
f 1597//1 424//1 1598//1
f 1598//1 424//1 422//1
f 1598//1 422//1 1599//1
f 1599//1 422//1 420//1
f 1599//1 420//1 1600//1
f 1600//1 420//1 418//1
f 1600//1 418//1 1601//1
f 1601//1 418//1 416//1
f 1601//1 416//1 851//1
f 851//1 416//1 414//1
f 852//1 412//1 1602//1
f 1602//1 412//1 410//1
f 1602//1 410//1 1603//1
f 1603//1 410//1 408//1
f 1603//1 408//1 1604//1
f 1604//1 408//1 406//1
f 1604//1 406//1 1605//1
f 1605//1 406//1 404//1
f 1605//1 404//1 1606//1
f 1606//1 404//1 402//1
f 1606//1 402//1 1607//1
f 1607//1 402//1 400//1
f 1607//1 400//1 1608//1
f 1608//1 400//1 398//1
f 1608//1 398//1 802//1
f 802//1 398//1 396//1
f 803//1 394//1 1609//1
f 1609//1 394//1 392//1
f 1609//1 392//1 1610//1
f 1610//1 392//1 390//1
f 1610//1 390//1 1611//1
f 1611//1 390//1 388//1
f 1611//1 388//1 1612//1
f 1612//1 388//1 386//1
f 1612//1 386//1 1613//1
f 1613//1 386//1 384//1
f 1613//1 384//1 1614//1
f 1614//1 384//1 382//1
f 1614//1 382//1 1615//1
f 1615//1 382//1 380//1
f 1615//1 380//1 753//1
f 753//1 380//1 378//1
f 754//1 376//1 1616//1
f 1616//1 376//1 374//1
f 1616//1 374//1 1617//1
f 1617//1 374//1 372//1
f 1617//1 372//1 704//1
f 704//1 372//1 370//1
f 242//1 1618//1 1619//1
f 1619//1 1618//1 1620//1
f 1619//1 1620//1 1621//1
f 1621//1 1620//1 1622//1
f 1621//1 1622//1 1623//1
f 1623//1 1622//1 1624//1
f 1623//1 1624//1 1625//1
f 1625//1 1624//1 1626//1
f 1625//1 1626//1 1627//1
f 1627//1 1626//1 1628//1
f 1627//1 1628//1 1629//1
f 1629//1 1628//1 1630//1
f 1629//1 1630//1 1631//1
f 1631//1 1630//1 1632//1
f 1631//1 1632//1 1633//1
f 1633//1 1632//1 1634//1
f 1633//1 1634//1 1180//1
f 1180//1 1634//1 1181//1
f 242//1 1206//1 1618//1
f 1618//1 1206//1 1208//1
f 1618//1 1208//1 1620//1
f 1620//1 1208//1 1210//1
f 1620//1 1210//1 1622//1
f 1622//1 1210//1 1212//1
f 1622//1 1212//1 1624//1
f 1624//1 1212//1 1214//1
f 1624//1 1214//1 1626//1
f 1626//1 1214//1 1216//1
f 1626//1 1216//1 1628//1
f 1628//1 1216//1 1218//1
f 1628//1 1218//1 1630//1
f 1630//1 1218//1 1220//1
f 1630//1 1220//1 1632//1
f 1632//1 1220//1 1222//1
f 1632//1 1222//1 1634//1
f 1634//1 1222//1 1224//1
f 1634//1 1224//1 1181//1
f 1181//1 1224//1 1182//1
f 1635//1 225//1 1636//1
f 1636//1 225//1 1231//1
f 1636//1 1231//1 1233//1
f 9//1 561//1 1099//1
f 1099//1 561//1 563//1
f 1099//1 563//1 1637//1
f 1637//1 563//1 565//1
f 1637//1 565//1 1272//1
f 1272//1 565//1 567//1
f 166//1 1638//1 559//1
f 559//1 1638//1 1639//1
f 559//1 1639//1 1640//1
f 1640//1 1639//1 1641//1
f 1640//1 1641//1 1642//1
f 1642//1 1641//1 1643//1
f 1642//1 1643//1 1644//1
f 1644//1 1643//1 1645//1
f 1644//1 1645//1 1646//1
f 1646//1 1645//1 1647//1
f 1646//1 1647//1 1648//1
f 1648//1 1647//1 1649//1
f 1648//1 1649//1 1650//1
f 1650//1 1649//1 1651//1
f 1650//1 1651//1 1652//1
f 1652//1 1651//1 1653//1
f 1652//1 1653//1 1654//1
f 1654//1 1653//1 1655//1
f 1654//1 1655//1 1656//1
f 1656//1 1655//1 1657//1
f 1656//1 1657//1 1658//1
f 1658//1 1657//1 1659//1
f 1658//1 1659//1 1660//1
f 1660//1 1659//1 1661//1
f 1660//1 1661//1 1662//1
f 1662//1 1661//1 1663//1
f 1662//1 1663//1 1664//1
f 1664//1 1663//1 1665//1
f 1664//1 1665//1 1666//1
f 1666//1 1665//1 1667//1
f 1666//1 1667//1 1668//1
f 1668//1 1667//1 1669//1
f 1668//1 1669//1 1670//1
f 1670//1 1669//1 1671//1
f 1670//1 1671//1 1672//1
f 1672//1 1671//1 1673//1
f 1672//1 1673//1 1674//1
f 1674//1 1673//1 1675//1
f 1674//1 1675//1 1676//1
f 1676//1 1675//1 1677//1
f 1676//1 1677//1 1678//1
f 1678//1 1677//1 1679//1
f 1678//1 1679//1 1680//1
f 1680//1 1679//1 1681//1
f 1680//1 1681//1 1682//1
f 1682//1 1681//1 1281//1
f 1682//1 1281//1 1282//1
f 1683//1 166//1 1684//1
f 1684//1 166//1 1685//1
f 1684//1 1685//1 1686//1
f 1686//1 1685//1 612//1
f 1686//1 612//1 614//1
f 1687//1 165//1 1688//1
f 1688//1 165//1 659//1
f 1688//1 659//1 661//1
f 169//1 1689//1 706//1
f 706//1 1689//1 1690//1
f 706//1 1690//1 1691//1
f 1691//1 1690//1 1692//1
f 1691//1 1692//1 1693//1
f 1693//1 1692//1 1694//1
f 1693//1 1694//1 1695//1
f 1695//1 1694//1 1696//1
f 1695//1 1696//1 1697//1
f 1697//1 1696//1 1698//1
f 1697//1 1698//1 1699//1
f 1699//1 1698//1 1700//1
f 1699//1 1700//1 1701//1
f 1701//1 1700//1 1702//1
f 1701//1 1702//1 1703//1
f 1703//1 1702//1 1704//1
f 1703//1 1704//1 1705//1
f 1705//1 1704//1 1706//1
f 1705//1 1706//1 1707//1
f 1707//1 1706//1 1708//1
f 1707//1 1708//1 1709//1
f 1709//1 1708//1 1710//1
f 1709//1 1710//1 1711//1
f 1711//1 1710//1 1712//1
f 1711//1 1712//1 1713//1
f 1713//1 1712//1 1714//1
f 1713//1 1714//1 1715//1
f 1715//1 1714//1 1716//1
f 1715//1 1716//1 1717//1
f 1717//1 1716//1 1718//1
f 1717//1 1718//1 1719//1
f 1719//1 1718//1 1720//1
f 1719//1 1720//1 1721//1
f 1721//1 1720//1 1722//1
f 1721//1 1722//1 1723//1
f 1723//1 1722//1 1724//1
f 1723//1 1724//1 1725//1
f 1725//1 1724//1 1726//1
f 1725//1 1726//1 1727//1
f 1727//1 1726//1 1728//1
f 1727//1 1728//1 1729//1
f 1729//1 1728//1 1730//1
f 1729//1 1730//1 1731//1
f 1731//1 1730//1 1732//1
f 1731//1 1732//1 1733//1
f 1733//1 1732//1 1614//1
f 1733//1 1614//1 1615//1
f 1734//1 169//1 1735//1
f 1735//1 169//1 1736//1
f 1735//1 1736//1 1737//1
f 1737//1 1736//1 1738//1
f 1737//1 1738//1 1739//1
f 1739//1 1738//1 761//1
f 1739//1 761//1 763//1
f 169//1 757//1 1740//1
f 1740//1 757//1 759//1
f 1740//1 759//1 1738//1
f 1738//1 759//1 761//1
f 755//1 168//1 1741//1
f 1741//1 168//1 1742//1
f 1741//1 1742//1 1743//1
f 1743//1 1742//1 1744//1
f 1743//1 1744//1 1745//1
f 1745//1 1744//1 1746//1
f 1745//1 1746//1 1747//1
f 1747//1 1746//1 1748//1
f 1747//1 1748//1 1749//1
f 1749//1 1748//1 1750//1
f 1749//1 1750//1 1751//1
f 1751//1 1750//1 816//1
f 1751//1 816//1 818//1
f 1752//1 168//1 1753//1
f 1753//1 168//1 1754//1
f 1753//1 1754//1 1755//1
f 1755//1 1754//1 808//1
f 1755//1 808//1 810//1
f 1754//1 168//1 806//1
f 1756//1 167//1 1757//1
f 1757//1 167//1 1758//1
f 1757//1 1758//1 1759//1
f 1759//1 1758//1 1760//1
f 1759//1 1760//1 1761//1
f 1761//1 1760//1 859//1
f 1761//1 859//1 861//1
f 8//1 1762//1 853//1
f 853//1 1762//1 1763//1
f 853//1 1763//1 1764//1
f 1764//1 1763//1 1765//1
f 1764//1 1765//1 1766//1
f 1766//1 1765//1 1767//1
f 1766//1 1767//1 1768//1
f 1768//1 1767//1 1769//1
f 1768//1 1769//1 1770//1
f 1770//1 1769//1 1771//1
f 1770//1 1771//1 1772//1
f 1772//1 1771//1 1773//1
f 1772//1 1773//1 1774//1
f 1774//1 1773//1 1775//1
f 1774//1 1775//1 1776//1
f 1776//1 1775//1 1777//1
f 1776//1 1777//1 1778//1
f 1778//1 1777//1 1779//1
f 1778//1 1779//1 1780//1
f 1780//1 1779//1 1781//1
f 1780//1 1781//1 1782//1
f 1782//1 1781//1 1783//1
f 1782//1 1783//1 1784//1
f 1784//1 1783//1 1785//1
f 1784//1 1785//1 1786//1
f 1786//1 1785//1 1787//1
f 1786//1 1787//1 1788//1
f 1788//1 1787//1 1789//1
f 1788//1 1789//1 1790//1
f 1790//1 1789//1 1791//1
f 1790//1 1791//1 1792//1
f 1792//1 1791//1 1793//1
f 1792//1 1793//1 1794//1
f 1794//1 1793//1 1795//1
f 1794//1 1795//1 1796//1
f 1796//1 1795//1 1797//1
f 1796//1 1797//1 1798//1
f 1798//1 1797//1 1799//1
f 1798//1 1799//1 1800//1
f 1800//1 1799//1 1801//1
f 1800//1 1801//1 1802//1
f 1802//1 1801//1 1803//1
f 1802//1 1803//1 1804//1
f 1804//1 1803//1 1805//1
f 1804//1 1805//1 1806//1
f 1806//1 1805//1 1595//1
f 1806//1 1595//1 1596//1
f 1807//1 8//1 1808//1
f 1808//1 8//1 904//1
f 1808//1 904//1 906//1
f 1809//1 5//1 1810//1
f 1810//1 5//1 1811//1
f 1810//1 1811//1 1812//1
f 1812//1 1811//1 955//1
f 1812//1 955//1 957//1
f 1813//1 2//1 1814//1
f 1814//1 2//1 1002//1
f 1814//1 1002//1 1004//1
f 1//1 1051//1 1815//1
f 1815//1 1051//1 1053//1
f 1815//1 1053//1 1816//1
f 1816//1 1053//1 1055//1
f 1816//1 1055//1 1817//1
f 1817//1 1055//1 1057//1
f 1817//1 1057//1 1818//1
f 1818//1 1057//1 1059//1
f 1818//1 1059//1 1819//1
f 1819//1 1059//1 1061//1
f 1819//1 1061//1 1820//1
f 1820//1 1061//1 1063//1
f 1820//1 1063//1 1821//1
f 1821//1 1063//1 1065//1
f 1821//1 1065//1 1822//1
f 1822//1 1065//1 1067//1
f 1822//1 1067//1 1823//1
f 1823//1 1067//1 1069//1
f 1823//1 1069//1 1824//1
f 1824//1 1069//1 1071//1
f 1824//1 1071//1 1825//1
f 1825//1 1071//1 1073//1
f 1825//1 1073//1 1826//1
f 1826//1 1073//1 1075//1
f 1826//1 1075//1 1827//1
f 1827//1 1075//1 1077//1
f 1827//1 1077//1 1828//1
f 1828//1 1077//1 1079//1
f 1828//1 1079//1 1829//1
f 1829//1 1079//1 1081//1
f 1829//1 1081//1 1830//1
f 1830//1 1081//1 1083//1
f 1830//1 1083//1 1831//1
f 1831//1 1083//1 1085//1
f 1831//1 1085//1 1832//1
f 1832//1 1085//1 1087//1
f 1832//1 1087//1 1833//1
f 1833//1 1087//1 1089//1
f 1833//1 1089//1 1834//1
f 1834//1 1089//1 1091//1
f 1834//1 1091//1 1835//1
f 1835//1 1091//1 1093//1
f 1835//1 1093//1 1836//1
f 1836//1 1093//1 1095//1
f 1836//1 1095//1 1837//1
f 1837//1 1095//1 1097//1
f 1837//1 1097//1 1580//1
f 245//1 1198//1 1194//1
f 1194//1 1198//1 1200//1
f 1194//1 1200//1 1838//1
f 1838//1 1200//1 1202//1
f 1838//1 1202//1 1175//1
f 1175//1 1202//1 1176//1
f 242//1 1619//1 1839//1
f 1839//1 1619//1 1621//1
f 1839//1 1621//1 1840//1
f 1840//1 1621//1 1623//1
f 1840//1 1623//1 1841//1
f 1841//1 1623//1 1625//1
f 1841//1 1625//1 1842//1
f 1842//1 1625//1 1627//1
f 1842//1 1627//1 1843//1
f 1843//1 1627//1 1629//1
f 1843//1 1629//1 1844//1
f 1844//1 1629//1 1631//1
f 1844//1 1631//1 1845//1
f 1845//1 1631//1 1633//1
f 1845//1 1633//1 1179//1
f 1179//1 1633//1 1180//1
f 559//1 1640//1 560//1
f 560//1 1640//1 562//1
f 1640//1 1642//1 562//1
f 562//1 1642//1 564//1
f 1642//1 1644//1 564//1
f 564//1 1644//1 566//1
f 1644//1 1646//1 566//1
f 566//1 1646//1 568//1
f 1646//1 1648//1 568//1
f 568//1 1648//1 570//1
f 1648//1 1650//1 570//1
f 570//1 1650//1 572//1
f 1650//1 1652//1 572//1
f 572//1 1652//1 574//1
f 1652//1 1654//1 574//1
f 574//1 1654//1 576//1
f 1654//1 1656//1 576//1
f 576//1 1656//1 578//1
f 1656//1 1658//1 578//1
f 578//1 1658//1 580//1
f 1658//1 1660//1 580//1
f 580//1 1660//1 582//1
f 1660//1 1662//1 582//1
f 582//1 1662//1 584//1
f 1662//1 1664//1 584//1
f 584//1 1664//1 586//1
f 1664//1 1666//1 586//1
f 586//1 1666//1 588//1
f 1666//1 1668//1 588//1
f 588//1 1668//1 590//1
f 1668//1 1670//1 590//1
f 590//1 1670//1 592//1
f 1670//1 1672//1 592//1
f 592//1 1672//1 594//1
f 1672//1 1674//1 594//1
f 594//1 1674//1 596//1
f 1674//1 1676//1 596//1
f 596//1 1676//1 598//1
f 1676//1 1678//1 598//1
f 598//1 1678//1 600//1
f 1678//1 1680//1 600//1
f 600//1 1680//1 602//1
f 1282//1 606//1 604//1
f 1680//1 1682//1 602//1
f 602//1 1682//1 604//1
f 1682//1 1282//1 604//1
f 605//1 607//1 1846//1
f 1846//1 607//1 1149//1
f 1846//1 1149//1 1847//1
f 1847//1 1149//1 1148//1
f 1847//1 1148//1 1193//1
f 603//1 605//1 1848//1
f 1848//1 605//1 1846//1
f 1848//1 1846//1 1849//1
f 1849//1 1846//1 1847//1
f 1849//1 1847//1 1850//1
f 1850//1 1847//1 1193//1
f 1850//1 1193//1 1192//1
f 601//1 603//1 1851//1
f 1851//1 603//1 1848//1
f 1851//1 1848//1 1852//1
f 1852//1 1848//1 1849//1
f 1852//1 1849//1 1853//1
f 1853//1 1849//1 1850//1
f 1853//1 1850//1 1854//1
f 1854//1 1850//1 1192//1
f 1854//1 1192//1 1191//1
f 599//1 601//1 1855//1
f 1855//1 601//1 1851//1
f 1855//1 1851//1 1856//1
f 1856//1 1851//1 1852//1
f 1856//1 1852//1 1857//1
f 1857//1 1852//1 1853//1
f 1857//1 1853//1 1858//1
f 1858//1 1853//1 1854//1
f 1858//1 1854//1 1859//1
f 1859//1 1854//1 1191//1
f 1859//1 1191//1 1190//1
f 597//1 599//1 1860//1
f 1860//1 599//1 1855//1
f 1860//1 1855//1 1861//1
f 1861//1 1855//1 1856//1
f 1861//1 1856//1 1862//1
f 1862//1 1856//1 1857//1
f 1862//1 1857//1 1863//1
f 1863//1 1857//1 1858//1
f 1863//1 1858//1 1864//1
f 1864//1 1858//1 1859//1
f 1864//1 1859//1 1262//1
f 1262//1 1859//1 1190//1
f 595//1 597//1 1865//1
f 1865//1 597//1 1860//1
f 1865//1 1860//1 1866//1
f 1866//1 1860//1 1861//1
f 1866//1 1861//1 1867//1
f 1867//1 1861//1 1862//1
f 1867//1 1862//1 1868//1
f 1868//1 1862//1 1863//1
f 1868//1 1863//1 1869//1
f 1869//1 1863//1 1864//1
f 1869//1 1864//1 1260//1
f 1260//1 1864//1 1262//1
f 593//1 595//1 1870//1
f 1870//1 595//1 1865//1
f 1870//1 1865//1 1871//1
f 1871//1 1865//1 1866//1
f 1871//1 1866//1 1872//1
f 1872//1 1866//1 1867//1
f 1872//1 1867//1 1873//1
f 1873//1 1867//1 1868//1
f 1873//1 1868//1 1874//1
f 1874//1 1868//1 1869//1
f 1874//1 1869//1 1258//1
f 1258//1 1869//1 1260//1
f 591//1 593//1 1875//1
f 1875//1 593//1 1870//1
f 1875//1 1870//1 1876//1
f 1876//1 1870//1 1871//1
f 1876//1 1871//1 1877//1
f 1877//1 1871//1 1872//1
f 1877//1 1872//1 1878//1
f 1878//1 1872//1 1873//1
f 1878//1 1873//1 1879//1
f 1879//1 1873//1 1874//1
f 1879//1 1874//1 1256//1
f 1256//1 1874//1 1258//1
f 589//1 591//1 1880//1
f 1880//1 591//1 1875//1
f 1880//1 1875//1 1881//1
f 1881//1 1875//1 1876//1
f 1881//1 1876//1 1882//1
f 1882//1 1876//1 1877//1
f 1882//1 1877//1 1883//1
f 1883//1 1877//1 1878//1
f 1883//1 1878//1 1884//1
f 1884//1 1878//1 1879//1
f 1884//1 1879//1 1254//1
f 1254//1 1879//1 1256//1
f 587//1 589//1 1885//1
f 1885//1 589//1 1880//1
f 1885//1 1880//1 1886//1
f 1886//1 1880//1 1881//1
f 1886//1 1881//1 1887//1
f 1887//1 1881//1 1882//1
f 1887//1 1882//1 1888//1
f 1888//1 1882//1 1883//1
f 1888//1 1883//1 1889//1
f 1889//1 1883//1 1884//1
f 1889//1 1884//1 1252//1
f 1252//1 1884//1 1254//1
f 585//1 587//1 1890//1
f 1890//1 587//1 1885//1
f 1890//1 1885//1 1891//1
f 1891//1 1885//1 1886//1
f 1891//1 1886//1 1892//1
f 1892//1 1886//1 1887//1
f 1892//1 1887//1 1893//1
f 1893//1 1887//1 1888//1
f 1893//1 1888//1 1894//1
f 1894//1 1888//1 1889//1
f 1894//1 1889//1 1250//1
f 1250//1 1889//1 1252//1
f 583//1 585//1 1895//1
f 1895//1 585//1 1890//1
f 1895//1 1890//1 1896//1
f 1896//1 1890//1 1891//1
f 1896//1 1891//1 1897//1
f 1897//1 1891//1 1892//1
f 1897//1 1892//1 1898//1
f 1898//1 1892//1 1893//1
f 1898//1 1893//1 1899//1
f 1899//1 1893//1 1894//1
f 1899//1 1894//1 1248//1
f 1248//1 1894//1 1250//1
f 581//1 583//1 1900//1
f 1900//1 583//1 1895//1
f 1900//1 1895//1 1901//1
f 1901//1 1895//1 1896//1
f 1901//1 1896//1 1902//1
f 1902//1 1896//1 1897//1
f 1902//1 1897//1 1903//1
f 1903//1 1897//1 1898//1
f 1903//1 1898//1 1904//1
f 1904//1 1898//1 1899//1
f 1904//1 1899//1 1246//1
f 1246//1 1899//1 1248//1
f 579//1 581//1 1905//1
f 1905//1 581//1 1900//1
f 1905//1 1900//1 1906//1
f 1906//1 1900//1 1901//1
f 1906//1 1901//1 1907//1
f 1907//1 1901//1 1902//1
f 1907//1 1902//1 1908//1
f 1908//1 1902//1 1903//1
f 1908//1 1903//1 1909//1
f 1909//1 1903//1 1904//1
f 1909//1 1904//1 1244//1
f 1244//1 1904//1 1246//1
f 577//1 579//1 1910//1
f 1910//1 579//1 1905//1
f 1910//1 1905//1 1911//1
f 1911//1 1905//1 1906//1
f 1911//1 1906//1 1912//1
f 1912//1 1906//1 1907//1
f 1912//1 1907//1 1913//1
f 1913//1 1907//1 1908//1
f 1913//1 1908//1 1914//1
f 1914//1 1908//1 1909//1
f 1914//1 1909//1 1242//1
f 1242//1 1909//1 1244//1
f 575//1 577//1 1915//1
f 1915//1 577//1 1910//1
f 1915//1 1910//1 1916//1
f 1916//1 1910//1 1911//1
f 1916//1 1911//1 1917//1
f 1917//1 1911//1 1912//1
f 1917//1 1912//1 1918//1
f 1918//1 1912//1 1913//1
f 1918//1 1913//1 1919//1
f 1919//1 1913//1 1914//1
f 1919//1 1914//1 1240//1
f 1240//1 1914//1 1242//1
f 573//1 575//1 1920//1
f 1920//1 575//1 1915//1
f 1920//1 1915//1 1921//1
f 1921//1 1915//1 1916//1
f 1921//1 1916//1 1922//1
f 1922//1 1916//1 1917//1
f 1922//1 1917//1 1923//1
f 1923//1 1917//1 1918//1
f 1923//1 1918//1 1924//1
f 1924//1 1918//1 1919//1
f 1924//1 1919//1 1238//1
f 1238//1 1919//1 1240//1
f 571//1 573//1 1925//1
f 1925//1 573//1 1920//1
f 1925//1 1920//1 1926//1
f 1926//1 1920//1 1921//1
f 1926//1 1921//1 1927//1
f 1927//1 1921//1 1922//1
f 1927//1 1922//1 1928//1
f 1928//1 1922//1 1923//1
f 1928//1 1923//1 1929//1
f 1929//1 1923//1 1924//1
f 1929//1 1924//1 1236//1
f 1236//1 1924//1 1238//1
f 1686//1 1930//1 1931//1
f 1931//1 1930//1 1932//1
f 1931//1 1932//1 1933//1
f 1933//1 1932//1 1934//1
f 1933//1 1934//1 1935//1
f 1935//1 1934//1 1936//1
f 1935//1 1936//1 1639//1
f 1639//1 1936//1 1641//1
f 610//1 612//1 1685//1
f 1930//1 1937//1 1932//1
f 1932//1 1937//1 1938//1
f 1932//1 1938//1 1934//1
f 1934//1 1938//1 1939//1
f 1934//1 1939//1 1936//1
f 1936//1 1939//1 1940//1
f 1936//1 1940//1 1641//1
f 1641//1 1940//1 1643//1
f 1686//1 614//1 1930//1
f 1930//1 614//1 616//1
f 1930//1 616//1 1937//1
f 1937//1 616//1 618//1
f 1937//1 618//1 1941//1
f 1941//1 618//1 620//1
f 1941//1 620//1 1942//1
f 1942//1 620//1 622//1
f 1942//1 622//1 1943//1
f 1943//1 622//1 624//1
f 1943//1 624//1 1944//1
f 1944//1 624//1 626//1
f 1944//1 626//1 1945//1
f 1945//1 626//1 628//1
f 1945//1 628//1 1946//1
f 1946//1 628//1 630//1
f 1946//1 630//1 1947//1
f 1947//1 630//1 632//1
f 1947//1 632//1 1948//1
f 1948//1 632//1 634//1
f 1948//1 634//1 1949//1
f 1949//1 634//1 636//1
f 1949//1 636//1 1950//1
f 1950//1 636//1 638//1
f 1950//1 638//1 1951//1
f 1951//1 638//1 640//1
f 1951//1 640//1 1952//1
f 1952//1 640//1 642//1
f 1952//1 642//1 1953//1
f 1953//1 642//1 644//1
f 1953//1 644//1 1954//1
f 1954//1 644//1 646//1
f 1954//1 646//1 1955//1
f 1955//1 646//1 648//1
f 1955//1 648//1 1956//1
f 1956//1 648//1 650//1
f 1956//1 650//1 1957//1
f 1957//1 650//1 652//1
f 1957//1 652//1 1958//1
f 1958//1 652//1 654//1
f 1958//1 654//1 1959//1
f 1959//1 654//1 656//1
f 1959//1 656//1 1277//1
f 1937//1 1941//1 1938//1
f 1938//1 1941//1 1960//1
f 1938//1 1960//1 1939//1
f 1939//1 1960//1 1961//1
f 1939//1 1961//1 1940//1
f 1940//1 1961//1 1962//1
f 1940//1 1962//1 1643//1
f 1643//1 1962//1 1645//1
f 1941//1 1942//1 1960//1
f 1960//1 1942//1 1963//1
f 1960//1 1963//1 1961//1
f 1961//1 1963//1 1964//1
f 1961//1 1964//1 1962//1
f 1962//1 1964//1 1965//1
f 1962//1 1965//1 1645//1
f 1645//1 1965//1 1647//1
f 1942//1 1943//1 1963//1
f 1963//1 1943//1 1966//1
f 1963//1 1966//1 1964//1
f 1964//1 1966//1 1967//1
f 1964//1 1967//1 1965//1
f 1965//1 1967//1 1968//1
f 1965//1 1968//1 1647//1
f 1647//1 1968//1 1649//1
f 1943//1 1944//1 1966//1
f 1966//1 1944//1 1969//1
f 1966//1 1969//1 1967//1
f 1967//1 1969//1 1970//1
f 1967//1 1970//1 1968//1
f 1968//1 1970//1 1971//1
f 1968//1 1971//1 1649//1
f 1649//1 1971//1 1651//1
f 1944//1 1945//1 1969//1
f 1969//1 1945//1 1972//1
f 1969//1 1972//1 1970//1
f 1970//1 1972//1 1973//1
f 1970//1 1973//1 1971//1
f 1971//1 1973//1 1974//1
f 1971//1 1974//1 1651//1
f 1651//1 1974//1 1653//1
f 1945//1 1946//1 1972//1
f 1972//1 1946//1 1975//1
f 1972//1 1975//1 1973//1
f 1973//1 1975//1 1976//1
f 1973//1 1976//1 1974//1
f 1974//1 1976//1 1977//1
f 1974//1 1977//1 1653//1
f 1653//1 1977//1 1655//1
f 1946//1 1947//1 1975//1
f 1975//1 1947//1 1978//1
f 1975//1 1978//1 1976//1
f 1976//1 1978//1 1979//1
f 1976//1 1979//1 1977//1
f 1977//1 1979//1 1980//1
f 1977//1 1980//1 1655//1
f 1655//1 1980//1 1657//1
f 1947//1 1948//1 1978//1
f 1978//1 1948//1 1981//1
f 1978//1 1981//1 1979//1
f 1979//1 1981//1 1982//1
f 1979//1 1982//1 1980//1
f 1980//1 1982//1 1983//1
f 1980//1 1983//1 1657//1
f 1657//1 1983//1 1659//1
f 1948//1 1949//1 1981//1
f 1981//1 1949//1 1984//1
f 1981//1 1984//1 1982//1
f 1982//1 1984//1 1985//1
f 1982//1 1985//1 1983//1
f 1983//1 1985//1 1986//1
f 1983//1 1986//1 1659//1
f 1659//1 1986//1 1661//1
f 1949//1 1950//1 1984//1
f 1984//1 1950//1 1987//1
f 1984//1 1987//1 1985//1
f 1985//1 1987//1 1988//1
f 1985//1 1988//1 1986//1
f 1986//1 1988//1 1989//1
f 1986//1 1989//1 1661//1
f 1661//1 1989//1 1663//1
f 1950//1 1951//1 1987//1
f 1987//1 1951//1 1990//1
f 1987//1 1990//1 1988//1
f 1988//1 1990//1 1991//1
f 1988//1 1991//1 1989//1
f 1989//1 1991//1 1992//1
f 1989//1 1992//1 1663//1
f 1663//1 1992//1 1665//1
f 1951//1 1952//1 1990//1
f 1990//1 1952//1 1993//1
f 1990//1 1993//1 1991//1
f 1991//1 1993//1 1994//1
f 1991//1 1994//1 1992//1
f 1992//1 1994//1 1995//1
f 1992//1 1995//1 1665//1
f 1665//1 1995//1 1667//1
f 1952//1 1953//1 1993//1
f 1993//1 1953//1 1996//1
f 1993//1 1996//1 1994//1
f 1994//1 1996//1 1997//1
f 1994//1 1997//1 1995//1
f 1995//1 1997//1 1998//1
f 1995//1 1998//1 1667//1
f 1667//1 1998//1 1669//1
f 1953//1 1954//1 1996//1
f 1996//1 1954//1 1999//1
f 1996//1 1999//1 1997//1
f 1997//1 1999//1 2000//1
f 1997//1 2000//1 1998//1
f 1998//1 2000//1 2001//1
f 1998//1 2001//1 1669//1
f 1669//1 2001//1 1671//1
f 1954//1 1955//1 1999//1
f 1999//1 1955//1 2002//1
f 1999//1 2002//1 2000//1
f 2000//1 2002//1 2003//1
f 2000//1 2003//1 2001//1
f 2001//1 2003//1 2004//1
f 2001//1 2004//1 1671//1
f 1671//1 2004//1 1673//1
f 1955//1 1956//1 2002//1
f 2002//1 1956//1 2005//1
f 2002//1 2005//1 2003//1
f 2003//1 2005//1 2006//1
f 2003//1 2006//1 2004//1
f 2004//1 2006//1 2007//1
f 2004//1 2007//1 1673//1
f 1673//1 2007//1 1675//1
f 1956//1 1957//1 2005//1
f 2005//1 1957//1 2008//1
f 2005//1 2008//1 2006//1
f 2006//1 2008//1 2009//1
f 2006//1 2009//1 2007//1
f 2007//1 2009//1 2010//1
f 2007//1 2010//1 1675//1
f 1675//1 2010//1 1677//1
f 1957//1 1958//1 2008//1
f 2008//1 1958//1 2011//1
f 2008//1 2011//1 2009//1
f 2009//1 2011//1 2012//1
f 2009//1 2012//1 2010//1
f 2010//1 2012//1 2013//1
f 2010//1 2013//1 1677//1
f 1677//1 2013//1 1679//1
f 1958//1 1959//1 2011//1
f 2011//1 1959//1 2014//1
f 2011//1 2014//1 2012//1
f 2012//1 2014//1 2015//1
f 2012//1 2015//1 2013//1
f 2013//1 2015//1 2016//1
f 2013//1 2016//1 1679//1
f 1679//1 2016//1 1681//1
f 1959//1 1277//1 2014//1
f 2014//1 1277//1 1278//1
f 2014//1 1278//1 2015//1
f 2015//1 1278//1 1279//1
f 2015//1 1279//1 2016//1
f 2016//1 1279//1 1280//1
f 2016//1 1280//1 1681//1
f 1681//1 1280//1 1281//1
f 1683//1 1684//1 1931//1
f 1931//1 1684//1 1686//1
f 1683//1 1931//1 1933//1
f 166//1 1683//1 2017//1
f 2017//1 1683//1 1933//1
f 2017//1 1933//1 1935//1
f 610//1 1685//1 166//1
f 703//1 705//1 2018//1
f 2018//1 705//1 1276//1
f 2018//1 1276//1 2019//1
f 2019//1 1276//1 1275//1
f 2019//1 1275//1 2020//1
f 2020//1 1275//1 1274//1
f 2020//1 1274//1 2021//1
f 2021//1 1274//1 1273//1
f 2021//1 1273//1 653//1
f 653//1 1273//1 655//1
f 701//1 703//1 2022//1
f 2022//1 703//1 2018//1
f 2022//1 2018//1 2023//1
f 2023//1 2018//1 2019//1
f 2023//1 2019//1 2024//1
f 2024//1 2019//1 2020//1
f 2024//1 2020//1 2025//1
f 2025//1 2020//1 2021//1
f 2025//1 2021//1 651//1
f 651//1 2021//1 653//1
f 699//1 701//1 2026//1
f 2026//1 701//1 2022//1
f 2026//1 2022//1 2027//1
f 2027//1 2022//1 2023//1
f 2027//1 2023//1 2028//1
f 2028//1 2023//1 2024//1
f 2028//1 2024//1 2029//1
f 2029//1 2024//1 2025//1
f 2029//1 2025//1 649//1
f 649//1 2025//1 651//1
f 697//1 699//1 2030//1
f 2030//1 699//1 2026//1
f 2030//1 2026//1 2031//1
f 2031//1 2026//1 2027//1
f 2031//1 2027//1 2032//1
f 2032//1 2027//1 2028//1
f 2032//1 2028//1 2033//1
f 2033//1 2028//1 2029//1
f 2033//1 2029//1 647//1
f 647//1 2029//1 649//1
f 695//1 697//1 2034//1
f 2034//1 697//1 2030//1
f 2034//1 2030//1 2035//1
f 2035//1 2030//1 2031//1
f 2035//1 2031//1 2036//1
f 2036//1 2031//1 2032//1
f 2036//1 2032//1 2037//1
f 2037//1 2032//1 2033//1
f 2037//1 2033//1 645//1
f 645//1 2033//1 647//1
f 693//1 695//1 2038//1
f 2038//1 695//1 2034//1
f 2038//1 2034//1 2039//1
f 2039//1 2034//1 2035//1
f 2039//1 2035//1 2040//1
f 2040//1 2035//1 2036//1
f 2040//1 2036//1 2041//1
f 2041//1 2036//1 2037//1
f 2041//1 2037//1 643//1
f 643//1 2037//1 645//1
f 691//1 693//1 2042//1
f 2042//1 693//1 2038//1
f 2042//1 2038//1 2043//1
f 2043//1 2038//1 2039//1
f 2043//1 2039//1 2044//1
f 2044//1 2039//1 2040//1
f 2044//1 2040//1 2045//1
f 2045//1 2040//1 2041//1
f 2045//1 2041//1 641//1
f 641//1 2041//1 643//1
f 689//1 691//1 2046//1
f 2046//1 691//1 2042//1
f 2046//1 2042//1 2047//1
f 2047//1 2042//1 2043//1
f 2047//1 2043//1 2048//1
f 2048//1 2043//1 2044//1
f 2048//1 2044//1 2049//1
f 2049//1 2044//1 2045//1
f 2049//1 2045//1 639//1
f 639//1 2045//1 641//1
f 687//1 689//1 2050//1
f 2050//1 689//1 2046//1
f 2050//1 2046//1 2051//1
f 2051//1 2046//1 2047//1
f 2051//1 2047//1 2052//1
f 2052//1 2047//1 2048//1
f 2052//1 2048//1 2053//1
f 2053//1 2048//1 2049//1
f 2053//1 2049//1 637//1
f 637//1 2049//1 639//1
f 685//1 687//1 2054//1
f 2054//1 687//1 2050//1
f 2054//1 2050//1 2055//1
f 2055//1 2050//1 2051//1
f 2055//1 2051//1 2056//1
f 2056//1 2051//1 2052//1
f 2056//1 2052//1 2057//1
f 2057//1 2052//1 2053//1
f 2057//1 2053//1 635//1
f 635//1 2053//1 637//1
f 683//1 685//1 2058//1
f 2058//1 685//1 2054//1
f 2058//1 2054//1 2059//1
f 2059//1 2054//1 2055//1
f 2059//1 2055//1 2060//1
f 2060//1 2055//1 2056//1
f 2060//1 2056//1 2061//1
f 2061//1 2056//1 2057//1
f 2061//1 2057//1 633//1
f 633//1 2057//1 635//1
f 681//1 683//1 2062//1
f 2062//1 683//1 2058//1
f 2062//1 2058//1 2063//1
f 2063//1 2058//1 2059//1
f 2063//1 2059//1 2064//1
f 2064//1 2059//1 2060//1
f 2064//1 2060//1 2065//1
f 2065//1 2060//1 2061//1
f 2065//1 2061//1 631//1
f 631//1 2061//1 633//1
f 679//1 681//1 2066//1
f 2066//1 681//1 2062//1
f 2066//1 2062//1 2067//1
f 2067//1 2062//1 2063//1
f 2067//1 2063//1 2068//1
f 2068//1 2063//1 2064//1
f 2068//1 2064//1 2069//1
f 2069//1 2064//1 2065//1
f 2069//1 2065//1 629//1
f 629//1 2065//1 631//1
f 677//1 679//1 2070//1
f 2070//1 679//1 2066//1
f 2070//1 2066//1 2071//1
f 2071//1 2066//1 2067//1
f 2071//1 2067//1 2072//1
f 2072//1 2067//1 2068//1
f 2072//1 2068//1 2073//1
f 2073//1 2068//1 2069//1
f 2073//1 2069//1 627//1
f 627//1 2069//1 629//1
f 675//1 677//1 2074//1
f 2074//1 677//1 2070//1
f 2074//1 2070//1 2075//1
f 2075//1 2070//1 2071//1
f 2075//1 2071//1 2076//1
f 2076//1 2071//1 2072//1
f 2076//1 2072//1 2077//1
f 2077//1 2072//1 2073//1
f 2077//1 2073//1 625//1
f 625//1 2073//1 627//1
f 673//1 675//1 2078//1
f 2078//1 675//1 2074//1
f 2078//1 2074//1 2079//1
f 2079//1 2074//1 2075//1
f 2079//1 2075//1 2080//1
f 2080//1 2075//1 2076//1
f 2080//1 2076//1 2081//1
f 2081//1 2076//1 2077//1
f 2081//1 2077//1 623//1
f 623//1 2077//1 625//1
f 671//1 673//1 2082//1
f 2082//1 673//1 2078//1
f 2082//1 2078//1 2083//1
f 2083//1 2078//1 2079//1
f 2083//1 2079//1 2084//1
f 2084//1 2079//1 2080//1
f 2084//1 2080//1 2085//1
f 2085//1 2080//1 2081//1
f 2085//1 2081//1 621//1
f 621//1 2081//1 623//1
f 669//1 671//1 2086//1
f 2086//1 671//1 2082//1
f 2086//1 2082//1 2087//1
f 2087//1 2082//1 2083//1
f 2087//1 2083//1 2088//1
f 2088//1 2083//1 2084//1
f 2088//1 2084//1 2089//1
f 2089//1 2084//1 2085//1
f 2089//1 2085//1 619//1
f 619//1 2085//1 621//1
f 667//1 669//1 2090//1
f 2090//1 669//1 2086//1
f 2090//1 2086//1 2091//1
f 2091//1 2086//1 2087//1
f 2091//1 2087//1 2092//1
f 2092//1 2087//1 2088//1
f 2092//1 2088//1 2093//1
f 2093//1 2088//1 2089//1
f 2093//1 2089//1 617//1
f 617//1 2089//1 619//1
f 665//1 667//1 2094//1
f 2094//1 667//1 2090//1
f 2094//1 2090//1 2095//1
f 2095//1 2090//1 2091//1
f 2095//1 2091//1 2096//1
f 2096//1 2091//1 2092//1
f 2096//1 2092//1 2097//1
f 2097//1 2092//1 2093//1
f 2097//1 2093//1 615//1
f 615//1 2093//1 617//1
f 663//1 665//1 2098//1
f 2098//1 665//1 2094//1
f 2098//1 2094//1 2099//1
f 2099//1 2094//1 2095//1
f 2099//1 2095//1 2100//1
f 2100//1 2095//1 2096//1
f 2100//1 2096//1 2101//1
f 2101//1 2096//1 2097//1
f 2101//1 2097//1 613//1
f 613//1 2097//1 615//1
f 661//1 663//1 2102//1
f 2102//1 663//1 2098//1
f 2102//1 2098//1 2103//1
f 2103//1 2098//1 2099//1
f 2103//1 2099//1 2104//1
f 2104//1 2099//1 2100//1
f 2104//1 2100//1 2105//1
f 2105//1 2100//1 2101//1
f 2105//1 2101//1 611//1
f 611//1 2101//1 613//1
f 1687//1 1688//1 2102//1
f 2102//1 1688//1 661//1
f 1687//1 2102//1 2103//1
f 165//1 1687//1 2106//1
f 2106//1 1687//1 2103//1
f 2106//1 2103//1 2104//1
f 709//1 707//1 1691//1
f 1691//1 707//1 706//1
f 711//1 709//1 1693//1
f 1693//1 709//1 1691//1
f 713//1 711//1 1695//1
f 1695//1 711//1 1693//1
f 715//1 713//1 1697//1
f 1697//1 713//1 1695//1
f 717//1 715//1 1699//1
f 1699//1 715//1 1697//1
f 719//1 717//1 1701//1
f 1701//1 717//1 1699//1
f 721//1 719//1 1703//1
f 1703//1 719//1 1701//1
f 723//1 721//1 1705//1
f 1705//1 721//1 1703//1
f 725//1 723//1 1707//1
f 1707//1 723//1 1705//1
f 727//1 725//1 1709//1
f 1709//1 725//1 1707//1
f 729//1 727//1 1711//1
f 1711//1 727//1 1709//1
f 731//1 729//1 1713//1
f 1713//1 729//1 1711//1
f 733//1 731//1 1715//1
f 1715//1 731//1 1713//1
f 735//1 733//1 1717//1
f 1717//1 733//1 1715//1
f 737//1 735//1 1719//1
f 1719//1 735//1 1717//1
f 739//1 737//1 1721//1
f 1721//1 737//1 1719//1
f 741//1 739//1 1723//1
f 1723//1 739//1 1721//1
f 743//1 741//1 1725//1
f 1725//1 741//1 1723//1
f 745//1 743//1 1727//1
f 1727//1 743//1 1725//1
f 747//1 745//1 1729//1
f 1729//1 745//1 1727//1
f 749//1 747//1 1731//1
f 1731//1 747//1 1729//1
f 751//1 749//1 1733//1
f 1733//1 749//1 1731//1
f 753//1 751//1 1615//1
f 1615//1 751//1 1733//1
f 164//1 708//1 2107//1
f 2107//1 708//1 710//1
f 2107//1 710//1 2108//1
f 2108//1 710//1 712//1
f 2108//1 712//1 2109//1
f 2109//1 712//1 714//1
f 2109//1 714//1 2110//1
f 2110//1 714//1 716//1
f 2110//1 716//1 2111//1
f 2111//1 716//1 718//1
f 2111//1 718//1 2112//1
f 2112//1 718//1 720//1
f 2112//1 720//1 2113//1
f 2113//1 720//1 722//1
f 2113//1 722//1 2114//1
f 2114//1 722//1 724//1
f 2114//1 724//1 2115//1
f 2115//1 724//1 726//1
f 2115//1 726//1 2116//1
f 2116//1 726//1 728//1
f 2116//1 728//1 2117//1
f 2117//1 728//1 730//1
f 2117//1 730//1 2118//1
f 2118//1 730//1 732//1
f 2118//1 732//1 2119//1
f 2119//1 732//1 734//1
f 2119//1 734//1 2120//1
f 2120//1 734//1 736//1
f 2120//1 736//1 2121//1
f 2121//1 736//1 738//1
f 2121//1 738//1 2122//1
f 2122//1 738//1 740//1
f 2122//1 740//1 2123//1
f 2123//1 740//1 742//1
f 2123//1 742//1 2124//1
f 2124//1 742//1 744//1
f 2124//1 744//1 2125//1
f 2125//1 744//1 746//1
f 2125//1 746//1 2126//1
f 2126//1 746//1 748//1
f 2126//1 748//1 2127//1
f 2127//1 748//1 750//1
f 2127//1 750//1 2128//1
f 2128//1 750//1 752//1
f 2128//1 752//1 2129//1
f 2129//1 752//1 754//1
f 2129//1 754//1 1616//1
f 1737//1 2130//1 2131//1
f 2131//1 2130//1 2132//1
f 2131//1 2132//1 2133//1
f 2133//1 2132//1 2134//1
f 2133//1 2134//1 2135//1
f 2135//1 2134//1 2136//1
f 2135//1 2136//1 1690//1
f 1690//1 2136//1 1692//1
f 1740//1 1738//1 1736//1
f 2130//1 2137//1 2132//1
f 2132//1 2137//1 2138//1
f 2132//1 2138//1 2134//1
f 2134//1 2138//1 2139//1
f 2134//1 2139//1 2136//1
f 2136//1 2139//1 2140//1
f 2136//1 2140//1 1692//1
f 1692//1 2140//1 1694//1
f 1737//1 1739//1 2130//1
f 2130//1 1739//1 2141//1
f 2130//1 2141//1 2137//1
f 2137//1 2141//1 2142//1
f 2137//1 2142//1 2143//1
f 2143//1 2142//1 2144//1
f 2143//1 2144//1 2145//1
f 2145//1 2144//1 2146//1
f 2145//1 2146//1 2147//1
f 2147//1 2146//1 2148//1
f 2147//1 2148//1 2149//1
f 2149//1 2148//1 2150//1
f 2149//1 2150//1 2151//1
f 2151//1 2150//1 2152//1
f 2151//1 2152//1 2153//1
f 2153//1 2152//1 2154//1
f 2153//1 2154//1 2155//1
f 2155//1 2154//1 2156//1
f 2155//1 2156//1 2157//1
f 2157//1 2156//1 2158//1
f 2157//1 2158//1 2159//1
f 2159//1 2158//1 2160//1
f 2159//1 2160//1 2161//1
f 2161//1 2160//1 2162//1
f 2161//1 2162//1 2163//1
f 2163//1 2162//1 2164//1
f 2163//1 2164//1 2165//1
f 2165//1 2164//1 2166//1
f 2165//1 2166//1 2167//1
f 2167//1 2166//1 2168//1
f 2167//1 2168//1 2169//1
f 2169//1 2168//1 2170//1
f 2169//1 2170//1 2171//1
f 2171//1 2170//1 2172//1
f 2171//1 2172//1 2173//1
f 2173//1 2172//1 2174//1
f 2173//1 2174//1 2175//1
f 2175//1 2174//1 2176//1
f 2175//1 2176//1 2177//1
f 2177//1 2176//1 2178//1
f 2177//1 2178//1 2179//1
f 2179//1 2178//1 1609//1
f 2179//1 1609//1 1610//1
f 2137//1 2143//1 2138//1
f 2138//1 2143//1 2180//1
f 2138//1 2180//1 2139//1
f 2139//1 2180//1 2181//1
f 2139//1 2181//1 2140//1
f 2140//1 2181//1 2182//1
f 2140//1 2182//1 1694//1
f 1694//1 2182//1 1696//1
f 2143//1 2145//1 2180//1
f 2180//1 2145//1 2183//1
f 2180//1 2183//1 2181//1
f 2181//1 2183//1 2184//1
f 2181//1 2184//1 2182//1
f 2182//1 2184//1 2185//1
f 2182//1 2185//1 1696//1
f 1696//1 2185//1 1698//1
f 2145//1 2147//1 2183//1
f 2183//1 2147//1 2186//1
f 2183//1 2186//1 2184//1
f 2184//1 2186//1 2187//1
f 2184//1 2187//1 2185//1
f 2185//1 2187//1 2188//1
f 2185//1 2188//1 1698//1
f 1698//1 2188//1 1700//1
f 2147//1 2149//1 2186//1
f 2186//1 2149//1 2189//1
f 2186//1 2189//1 2187//1
f 2187//1 2189//1 2190//1
f 2187//1 2190//1 2188//1
f 2188//1 2190//1 2191//1
f 2188//1 2191//1 1700//1
f 1700//1 2191//1 1702//1
f 2149//1 2151//1 2189//1
f 2189//1 2151//1 2192//1
f 2189//1 2192//1 2190//1
f 2190//1 2192//1 2193//1
f 2190//1 2193//1 2191//1
f 2191//1 2193//1 2194//1
f 2191//1 2194//1 1702//1
f 1702//1 2194//1 1704//1
f 2151//1 2153//1 2192//1
f 2192//1 2153//1 2195//1
f 2192//1 2195//1 2193//1
f 2193//1 2195//1 2196//1
f 2193//1 2196//1 2194//1
f 2194//1 2196//1 2197//1
f 2194//1 2197//1 1704//1
f 1704//1 2197//1 1706//1
f 2153//1 2155//1 2195//1
f 2195//1 2155//1 2198//1
f 2195//1 2198//1 2196//1
f 2196//1 2198//1 2199//1
f 2196//1 2199//1 2197//1
f 2197//1 2199//1 2200//1
f 2197//1 2200//1 1706//1
f 1706//1 2200//1 1708//1
f 2155//1 2157//1 2198//1
f 2198//1 2157//1 2201//1
f 2198//1 2201//1 2199//1
f 2199//1 2201//1 2202//1
f 2199//1 2202//1 2200//1
f 2200//1 2202//1 2203//1
f 2200//1 2203//1 1708//1
f 1708//1 2203//1 1710//1
f 2157//1 2159//1 2201//1
f 2201//1 2159//1 2204//1
f 2201//1 2204//1 2202//1
f 2202//1 2204//1 2205//1
f 2202//1 2205//1 2203//1
f 2203//1 2205//1 2206//1
f 2203//1 2206//1 1710//1
f 1710//1 2206//1 1712//1
f 2159//1 2161//1 2204//1
f 2204//1 2161//1 2207//1
f 2204//1 2207//1 2205//1
f 2205//1 2207//1 2208//1
f 2205//1 2208//1 2206//1
f 2206//1 2208//1 2209//1
f 2206//1 2209//1 1712//1
f 1712//1 2209//1 1714//1
f 2161//1 2163//1 2207//1
f 2207//1 2163//1 2210//1
f 2207//1 2210//1 2208//1
f 2208//1 2210//1 2211//1
f 2208//1 2211//1 2209//1
f 2209//1 2211//1 2212//1
f 2209//1 2212//1 1714//1
f 1714//1 2212//1 1716//1
f 2163//1 2165//1 2210//1
f 2210//1 2165//1 2213//1
f 2210//1 2213//1 2211//1
f 2211//1 2213//1 2214//1
f 2211//1 2214//1 2212//1
f 2212//1 2214//1 2215//1
f 2212//1 2215//1 1716//1
f 1716//1 2215//1 1718//1
f 2165//1 2167//1 2213//1
f 2213//1 2167//1 2216//1
f 2213//1 2216//1 2214//1
f 2214//1 2216//1 2217//1
f 2214//1 2217//1 2215//1
f 2215//1 2217//1 2218//1
f 2215//1 2218//1 1718//1
f 1718//1 2218//1 1720//1
f 2167//1 2169//1 2216//1
f 2216//1 2169//1 2219//1
f 2216//1 2219//1 2217//1
f 2217//1 2219//1 2220//1
f 2217//1 2220//1 2218//1
f 2218//1 2220//1 2221//1
f 2218//1 2221//1 1720//1
f 1720//1 2221//1 1722//1
f 2169//1 2171//1 2219//1
f 2219//1 2171//1 2222//1
f 2219//1 2222//1 2220//1
f 2220//1 2222//1 2223//1
f 2220//1 2223//1 2221//1
f 2221//1 2223//1 2224//1
f 2221//1 2224//1 1722//1
f 1722//1 2224//1 1724//1
f 2171//1 2173//1 2222//1
f 2222//1 2173//1 2225//1
f 2222//1 2225//1 2223//1
f 2223//1 2225//1 2226//1
f 2223//1 2226//1 2224//1
f 2224//1 2226//1 2227//1
f 2224//1 2227//1 1724//1
f 1724//1 2227//1 1726//1
f 2173//1 2175//1 2225//1
f 2225//1 2175//1 2228//1
f 2225//1 2228//1 2226//1
f 2226//1 2228//1 2229//1
f 2226//1 2229//1 2227//1
f 2227//1 2229//1 2230//1
f 2227//1 2230//1 1726//1
f 1726//1 2230//1 1728//1
f 2175//1 2177//1 2228//1
f 2228//1 2177//1 2231//1
f 2228//1 2231//1 2229//1
f 2229//1 2231//1 2232//1
f 2229//1 2232//1 2230//1
f 2230//1 2232//1 2233//1
f 2230//1 2233//1 1728//1
f 1728//1 2233//1 1730//1
f 2177//1 2179//1 2231//1
f 2231//1 2179//1 2234//1
f 2231//1 2234//1 2232//1
f 2232//1 2234//1 2235//1
f 2232//1 2235//1 2233//1
f 2233//1 2235//1 2236//1
f 2233//1 2236//1 1730//1
f 1730//1 2236//1 1732//1
f 2179//1 1610//1 2234//1
f 2234//1 1610//1 1611//1
f 2234//1 1611//1 2235//1
f 2235//1 1611//1 1612//1
f 2235//1 1612//1 2236//1
f 2236//1 1612//1 1613//1
f 2236//1 1613//1 1732//1
f 1732//1 1613//1 1614//1
f 1734//1 1735//1 2131//1
f 2131//1 1735//1 1737//1
f 1734//1 2131//1 2133//1
f 169//1 1734//1 2237//1
f 2237//1 1734//1 2133//1
f 2237//1 2133//1 2135//1
f 1740//1 1736//1 169//1
f 1603//1 2238//1 1602//1
f 1602//1 2238//1 2239//1
f 1602//1 2239//1 852//1
f 852//1 2239//1 850//1
f 2238//1 2240//1 2239//1
f 2239//1 2240//1 2241//1
f 2239//1 2241//1 850//1
f 850//1 2241//1 848//1
f 2238//1 1603//1 2242//1
f 2242//1 1603//1 1604//1
f 2242//1 1604//1 2243//1
f 2243//1 1604//1 1605//1
f 2243//1 1605//1 2244//1
f 2244//1 1605//1 1606//1
f 2244//1 1606//1 2245//1
f 2245//1 1606//1 1607//1
f 2245//1 1607//1 2246//1
f 2246//1 1607//1 1608//1
f 2246//1 1608//1 800//1
f 800//1 1608//1 802//1
f 2240//1 2247//1 2241//1
f 2241//1 2247//1 2248//1
f 2241//1 2248//1 848//1
f 848//1 2248//1 846//1
f 2240//1 2238//1 2249//1
f 2249//1 2238//1 2242//1
f 2249//1 2242//1 2250//1
f 2250//1 2242//1 2243//1
f 2250//1 2243//1 2251//1
f 2251//1 2243//1 2244//1
f 2251//1 2244//1 2252//1
f 2252//1 2244//1 2245//1
f 2252//1 2245//1 2253//1
f 2253//1 2245//1 2246//1
f 2253//1 2246//1 798//1
f 798//1 2246//1 800//1
f 2247//1 2254//1 2248//1
f 2248//1 2254//1 2255//1
f 2248//1 2255//1 846//1
f 846//1 2255//1 844//1
f 2247//1 2240//1 2256//1
f 2256//1 2240//1 2249//1
f 2256//1 2249//1 2257//1
f 2257//1 2249//1 2250//1
f 2257//1 2250//1 2258//1
f 2258//1 2250//1 2251//1
f 2258//1 2251//1 2259//1
f 2259//1 2251//1 2252//1
f 2259//1 2252//1 2260//1
f 2260//1 2252//1 2253//1
f 2260//1 2253//1 796//1
f 796//1 2253//1 798//1
f 2254//1 2261//1 2255//1
f 2255//1 2261//1 2262//1
f 2255//1 2262//1 844//1
f 844//1 2262//1 842//1
f 2254//1 2247//1 2263//1
f 2263//1 2247//1 2256//1
f 2263//1 2256//1 2264//1
f 2264//1 2256//1 2257//1
f 2264//1 2257//1 2265//1
f 2265//1 2257//1 2258//1
f 2265//1 2258//1 2266//1
f 2266//1 2258//1 2259//1
f 2266//1 2259//1 2267//1
f 2267//1 2259//1 2260//1
f 2267//1 2260//1 794//1
f 794//1 2260//1 796//1
f 2261//1 2268//1 2262//1
f 2262//1 2268//1 2269//1
f 2262//1 2269//1 842//1
f 842//1 2269//1 840//1
f 2261//1 2254//1 2270//1
f 2270//1 2254//1 2263//1
f 2270//1 2263//1 2271//1
f 2271//1 2263//1 2264//1
f 2271//1 2264//1 2272//1
f 2272//1 2264//1 2265//1
f 2272//1 2265//1 2273//1
f 2273//1 2265//1 2266//1
f 2273//1 2266//1 2274//1
f 2274//1 2266//1 2267//1
f 2274//1 2267//1 792//1
f 792//1 2267//1 794//1
f 2268//1 2275//1 2269//1
f 2269//1 2275//1 2276//1
f 2269//1 2276//1 840//1
f 840//1 2276//1 838//1
f 2268//1 2261//1 2277//1
f 2277//1 2261//1 2270//1
f 2277//1 2270//1 2278//1
f 2278//1 2270//1 2271//1
f 2278//1 2271//1 2279//1
f 2279//1 2271//1 2272//1
f 2279//1 2272//1 2280//1
f 2280//1 2272//1 2273//1
f 2280//1 2273//1 2281//1
f 2281//1 2273//1 2274//1
f 2281//1 2274//1 790//1
f 790//1 2274//1 792//1
f 2275//1 2282//1 2276//1
f 2276//1 2282//1 2283//1
f 2276//1 2283//1 838//1
f 838//1 2283//1 836//1
f 2275//1 2268//1 2284//1
f 2284//1 2268//1 2277//1
f 2284//1 2277//1 2285//1
f 2285//1 2277//1 2278//1
f 2285//1 2278//1 2286//1
f 2286//1 2278//1 2279//1
f 2286//1 2279//1 2287//1
f 2287//1 2279//1 2280//1
f 2287//1 2280//1 2288//1
f 2288//1 2280//1 2281//1
f 2288//1 2281//1 788//1
f 788//1 2281//1 790//1
f 2282//1 2289//1 2283//1
f 2283//1 2289//1 2290//1
f 2283//1 2290//1 836//1
f 836//1 2290//1 834//1
f 2282//1 2275//1 2291//1
f 2291//1 2275//1 2284//1
f 2291//1 2284//1 2292//1
f 2292//1 2284//1 2285//1
f 2292//1 2285//1 2293//1
f 2293//1 2285//1 2286//1
f 2293//1 2286//1 2294//1
f 2294//1 2286//1 2287//1
f 2294//1 2287//1 2295//1
f 2295//1 2287//1 2288//1
f 2295//1 2288//1 786//1
f 786//1 2288//1 788//1
f 2289//1 2296//1 2290//1
f 2290//1 2296//1 2297//1
f 2290//1 2297//1 834//1
f 834//1 2297//1 832//1
f 2289//1 2282//1 2298//1
f 2298//1 2282//1 2291//1
f 2298//1 2291//1 2299//1
f 2299//1 2291//1 2292//1
f 2299//1 2292//1 2300//1
f 2300//1 2292//1 2293//1
f 2300//1 2293//1 2301//1
f 2301//1 2293//1 2294//1
f 2301//1 2294//1 2302//1
f 2302//1 2294//1 2295//1
f 2302//1 2295//1 784//1
f 784//1 2295//1 786//1
f 2296//1 2303//1 2297//1
f 2297//1 2303//1 2304//1
f 2297//1 2304//1 832//1
f 832//1 2304//1 830//1
f 2296//1 2289//1 2305//1
f 2305//1 2289//1 2298//1
f 2305//1 2298//1 2306//1
f 2306//1 2298//1 2299//1
f 2306//1 2299//1 2307//1
f 2307//1 2299//1 2300//1
f 2307//1 2300//1 2308//1
f 2308//1 2300//1 2301//1
f 2308//1 2301//1 2309//1
f 2309//1 2301//1 2302//1
f 2309//1 2302//1 782//1
f 782//1 2302//1 784//1
f 2303//1 2310//1 2304//1
f 2304//1 2310//1 2311//1
f 2304//1 2311//1 830//1
f 830//1 2311//1 828//1
f 2303//1 2296//1 2312//1
f 2312//1 2296//1 2305//1
f 2312//1 2305//1 2313//1
f 2313//1 2305//1 2306//1
f 2313//1 2306//1 2314//1
f 2314//1 2306//1 2307//1
f 2314//1 2307//1 2315//1
f 2315//1 2307//1 2308//1
f 2315//1 2308//1 2316//1
f 2316//1 2308//1 2309//1
f 2316//1 2309//1 780//1
f 780//1 2309//1 782//1
f 2310//1 2317//1 2311//1
f 2311//1 2317//1 2318//1
f 2311//1 2318//1 828//1
f 828//1 2318//1 826//1
f 2310//1 2303//1 2319//1
f 2319//1 2303//1 2312//1
f 2319//1 2312//1 2320//1
f 2320//1 2312//1 2313//1
f 2320//1 2313//1 2321//1
f 2321//1 2313//1 2314//1
f 2321//1 2314//1 2322//1
f 2322//1 2314//1 2315//1
f 2322//1 2315//1 2323//1
f 2323//1 2315//1 2316//1
f 2323//1 2316//1 778//1
f 778//1 2316//1 780//1
f 2317//1 2324//1 2318//1
f 2318//1 2324//1 2325//1
f 2318//1 2325//1 826//1
f 826//1 2325//1 824//1
f 2317//1 2310//1 2326//1
f 2326//1 2310//1 2319//1
f 2326//1 2319//1 2327//1
f 2327//1 2319//1 2320//1
f 2327//1 2320//1 2328//1
f 2328//1 2320//1 2321//1
f 2328//1 2321//1 2329//1
f 2329//1 2321//1 2322//1
f 2329//1 2322//1 2330//1
f 2330//1 2322//1 2323//1
f 2330//1 2323//1 776//1
f 776//1 2323//1 778//1
f 2324//1 2331//1 2325//1
f 2325//1 2331//1 2332//1
f 2325//1 2332//1 824//1
f 824//1 2332//1 822//1
f 2324//1 2317//1 2333//1
f 2333//1 2317//1 2326//1
f 2333//1 2326//1 2334//1
f 2334//1 2326//1 2327//1
f 2334//1 2327//1 2335//1
f 2335//1 2327//1 2328//1
f 2335//1 2328//1 2336//1
f 2336//1 2328//1 2329//1
f 2336//1 2329//1 2337//1
f 2337//1 2329//1 2330//1
f 2337//1 2330//1 774//1
f 774//1 2330//1 776//1
f 2331//1 2338//1 2332//1
f 2332//1 2338//1 2339//1
f 2332//1 2339//1 822//1
f 822//1 2339//1 820//1
f 2331//1 2324//1 2340//1
f 2340//1 2324//1 2333//1
f 2340//1 2333//1 2341//1
f 2341//1 2333//1 2334//1
f 2341//1 2334//1 2342//1
f 2342//1 2334//1 2335//1
f 2342//1 2335//1 2343//1
f 2343//1 2335//1 2336//1
f 2343//1 2336//1 2344//1
f 2344//1 2336//1 2337//1
f 2344//1 2337//1 772//1
f 772//1 2337//1 774//1
f 2338//1 2345//1 2339//1
f 2339//1 2345//1 2346//1
f 2339//1 2346//1 820//1
f 820//1 2346//1 818//1
f 2338//1 2331//1 2347//1
f 2347//1 2331//1 2340//1
f 2347//1 2340//1 2348//1
f 2348//1 2340//1 2341//1
f 2348//1 2341//1 2349//1
f 2349//1 2341//1 2342//1
f 2349//1 2342//1 2350//1
f 2350//1 2342//1 2343//1
f 2350//1 2343//1 2351//1
f 2351//1 2343//1 2344//1
f 2351//1 2344//1 770//1
f 770//1 2344//1 772//1
f 2345//1 2352//1 2346//1
f 2346//1 2352//1 1751//1
f 2346//1 1751//1 818//1
f 2345//1 2338//1 2353//1
f 2353//1 2338//1 2347//1
f 2353//1 2347//1 2354//1
f 2354//1 2347//1 2348//1
f 2354//1 2348//1 2355//1
f 2355//1 2348//1 2349//1
f 2355//1 2349//1 2356//1
f 2356//1 2349//1 2350//1
f 2356//1 2350//1 2357//1
f 2357//1 2350//1 2351//1
f 2357//1 2351//1 768//1
f 768//1 2351//1 770//1
f 1751//1 2352//1 1749//1
f 1749//1 2352//1 2358//1
f 1749//1 2358//1 1747//1
f 1747//1 2358//1 2359//1
f 1747//1 2359//1 1745//1
f 1745//1 2359//1 2360//1
f 1745//1 2360//1 1743//1
f 1743//1 2360//1 2361//1
f 1743//1 2361//1 1741//1
f 1741//1 2361//1 755//1
f 2352//1 2345//1 2362//1
f 2362//1 2345//1 2353//1
f 2362//1 2353//1 2363//1
f 2363//1 2353//1 2354//1
f 2363//1 2354//1 2364//1
f 2364//1 2354//1 2355//1
f 2364//1 2355//1 2365//1
f 2365//1 2355//1 2356//1
f 2365//1 2356//1 2366//1
f 2366//1 2356//1 2357//1
f 2366//1 2357//1 766//1
f 766//1 2357//1 768//1
f 1748//1 2367//1 2368//1
f 2368//1 2367//1 2369//1
f 2368//1 2369//1 812//1
f 812//1 2369//1 810//1
f 2367//1 2370//1 2369//1
f 2369//1 2370//1 1755//1
f 2369//1 1755//1 810//1
f 1748//1 1746//1 2367//1
f 2367//1 1746//1 2371//1
f 2367//1 2371//1 2370//1
f 2370//1 2371//1 1752//1
f 2370//1 1752//1 1753//1
f 2370//1 1753//1 1755//1
f 168//1 1752//1 2372//1
f 2372//1 1752//1 2371//1
f 2372//1 2371//1 1744//1
f 1744//1 2371//1 1746//1
f 806//1 808//1 1754//1
f 1748//1 2368//1 1750//1
f 1750//1 2368//1 814//1
f 1750//1 814//1 816//1
f 814//1 2368//1 812//1
f 1806//1 1596//1 898//1
f 898//1 1596//1 900//1
f 1804//1 1806//1 896//1
f 896//1 1806//1 898//1
f 1802//1 1804//1 894//1
f 894//1 1804//1 896//1
f 1800//1 1802//1 892//1
f 892//1 1802//1 894//1
f 1798//1 1800//1 890//1
f 890//1 1800//1 892//1
f 1796//1 1798//1 888//1
f 888//1 1798//1 890//1
f 1794//1 1796//1 886//1
f 886//1 1796//1 888//1
f 1792//1 1794//1 884//1
f 884//1 1794//1 886//1
f 1790//1 1792//1 882//1
f 882//1 1792//1 884//1
f 1788//1 1790//1 880//1
f 880//1 1790//1 882//1
f 1786//1 1788//1 878//1
f 878//1 1788//1 880//1
f 1784//1 1786//1 876//1
f 876//1 1786//1 878//1
f 1782//1 1784//1 874//1
f 874//1 1784//1 876//1
f 1780//1 1782//1 872//1
f 872//1 1782//1 874//1
f 1778//1 1780//1 870//1
f 870//1 1780//1 872//1
f 1776//1 1778//1 868//1
f 868//1 1778//1 870//1
f 1774//1 1776//1 866//1
f 866//1 1776//1 868//1
f 1772//1 1774//1 864//1
f 864//1 1774//1 866//1
f 1770//1 1772//1 862//1
f 862//1 1772//1 864//1
f 1768//1 1770//1 860//1
f 860//1 1770//1 862//1
f 1766//1 1768//1 858//1
f 858//1 1768//1 860//1
f 1764//1 1766//1 856//1
f 856//1 1766//1 858//1
f 853//1 1764//1 854//1
f 854//1 1764//1 856//1
f 167//1 855//1 2373//1
f 2373//1 855//1 857//1
f 2373//1 857//1 1760//1
f 1760//1 857//1 859//1
f 906//1 908//1 2374//1
f 2374//1 908//1 2375//1
f 2374//1 2375//1 2376//1
f 2376//1 2375//1 2377//1
f 2376//1 2377//1 2378//1
f 2378//1 2377//1 2379//1
f 2378//1 2379//1 1763//1
f 1763//1 2379//1 1765//1
f 908//1 910//1 2375//1
f 2375//1 910//1 2380//1
f 2375//1 2380//1 2377//1
f 2377//1 2380//1 2381//1
f 2377//1 2381//1 2379//1
f 2379//1 2381//1 2382//1
f 2379//1 2382//1 1765//1
f 1765//1 2382//1 1767//1
f 910//1 912//1 2380//1
f 2380//1 912//1 2383//1
f 2380//1 2383//1 2381//1
f 2381//1 2383//1 2384//1
f 2381//1 2384//1 2382//1
f 2382//1 2384//1 2385//1
f 2382//1 2385//1 1767//1
f 1767//1 2385//1 1769//1
f 912//1 914//1 2383//1
f 2383//1 914//1 2386//1
f 2383//1 2386//1 2384//1
f 2384//1 2386//1 2387//1
f 2384//1 2387//1 2385//1
f 2385//1 2387//1 2388//1
f 2385//1 2388//1 1769//1
f 1769//1 2388//1 1771//1
f 914//1 916//1 2386//1
f 2386//1 916//1 2389//1
f 2386//1 2389//1 2387//1
f 2387//1 2389//1 2390//1
f 2387//1 2390//1 2388//1
f 2388//1 2390//1 2391//1
f 2388//1 2391//1 1771//1
f 1771//1 2391//1 1773//1
f 916//1 918//1 2389//1
f 2389//1 918//1 2392//1
f 2389//1 2392//1 2390//1
f 2390//1 2392//1 2393//1
f 2390//1 2393//1 2391//1
f 2391//1 2393//1 2394//1
f 2391//1 2394//1 1773//1
f 1773//1 2394//1 1775//1
f 918//1 920//1 2392//1
f 2392//1 920//1 2395//1
f 2392//1 2395//1 2393//1
f 2393//1 2395//1 2396//1
f 2393//1 2396//1 2394//1
f 2394//1 2396//1 2397//1
f 2394//1 2397//1 1775//1
f 1775//1 2397//1 1777//1
f 920//1 922//1 2395//1
f 2395//1 922//1 2398//1
f 2395//1 2398//1 2396//1
f 2396//1 2398//1 2399//1
f 2396//1 2399//1 2397//1
f 2397//1 2399//1 2400//1
f 2397//1 2400//1 1777//1
f 1777//1 2400//1 1779//1
f 922//1 924//1 2398//1
f 2398//1 924//1 2401//1
f 2398//1 2401//1 2399//1
f 2399//1 2401//1 2402//1
f 2399//1 2402//1 2400//1
f 2400//1 2402//1 2403//1
f 2400//1 2403//1 1779//1
f 1779//1 2403//1 1781//1
f 924//1 926//1 2401//1
f 2401//1 926//1 2404//1
f 2401//1 2404//1 2402//1
f 2402//1 2404//1 2405//1
f 2402//1 2405//1 2403//1
f 2403//1 2405//1 2406//1
f 2403//1 2406//1 1781//1
f 1781//1 2406//1 1783//1
f 926//1 928//1 2404//1
f 2404//1 928//1 2407//1
f 2404//1 2407//1 2405//1
f 2405//1 2407//1 2408//1
f 2405//1 2408//1 2406//1
f 2406//1 2408//1 2409//1
f 2406//1 2409//1 1783//1
f 1783//1 2409//1 1785//1
f 928//1 930//1 2407//1
f 2407//1 930//1 2410//1
f 2407//1 2410//1 2408//1
f 2408//1 2410//1 2411//1
f 2408//1 2411//1 2409//1
f 2409//1 2411//1 2412//1
f 2409//1 2412//1 1785//1
f 1785//1 2412//1 1787//1
f 930//1 932//1 2410//1
f 2410//1 932//1 2413//1
f 2410//1 2413//1 2411//1
f 2411//1 2413//1 2414//1
f 2411//1 2414//1 2412//1
f 2412//1 2414//1 2415//1
f 2412//1 2415//1 1787//1
f 1787//1 2415//1 1789//1
f 932//1 934//1 2413//1
f 2413//1 934//1 2416//1
f 2413//1 2416//1 2414//1
f 2414//1 2416//1 2417//1
f 2414//1 2417//1 2415//1
f 2415//1 2417//1 2418//1
f 2415//1 2418//1 1789//1
f 1789//1 2418//1 1791//1
f 934//1 936//1 2416//1
f 2416//1 936//1 2419//1
f 2416//1 2419//1 2417//1
f 2417//1 2419//1 2420//1
f 2417//1 2420//1 2418//1
f 2418//1 2420//1 2421//1
f 2418//1 2421//1 1791//1
f 1791//1 2421//1 1793//1
f 936//1 938//1 2419//1
f 2419//1 938//1 2422//1
f 2419//1 2422//1 2420//1
f 2420//1 2422//1 2423//1
f 2420//1 2423//1 2421//1
f 2421//1 2423//1 2424//1
f 2421//1 2424//1 1793//1
f 1793//1 2424//1 1795//1
f 938//1 940//1 2422//1
f 2422//1 940//1 2425//1
f 2422//1 2425//1 2423//1
f 2423//1 2425//1 2426//1
f 2423//1 2426//1 2424//1
f 2424//1 2426//1 2427//1
f 2424//1 2427//1 1795//1
f 1795//1 2427//1 1797//1
f 940//1 942//1 2425//1
f 2425//1 942//1 2428//1
f 2425//1 2428//1 2426//1
f 2426//1 2428//1 2429//1
f 2426//1 2429//1 2427//1
f 2427//1 2429//1 2430//1
f 2427//1 2430//1 1797//1
f 1797//1 2430//1 1799//1
f 942//1 944//1 2428//1
f 2428//1 944//1 2431//1
f 2428//1 2431//1 2429//1
f 2429//1 2431//1 2432//1
f 2429//1 2432//1 2430//1
f 2430//1 2432//1 2433//1
f 2430//1 2433//1 1799//1
f 1799//1 2433//1 1801//1
f 944//1 946//1 2431//1
f 2431//1 946//1 2434//1
f 2431//1 2434//1 2432//1
f 2432//1 2434//1 2435//1
f 2432//1 2435//1 2433//1
f 2433//1 2435//1 2436//1
f 2433//1 2436//1 1801//1
f 1801//1 2436//1 1803//1
f 946//1 948//1 2434//1
f 2434//1 948//1 2437//1
f 2434//1 2437//1 2435//1
f 2435//1 2437//1 2438//1
f 2435//1 2438//1 2436//1
f 2436//1 2438//1 2439//1
f 2436//1 2439//1 1803//1
f 1803//1 2439//1 1805//1
f 948//1 950//1 2437//1
f 2437//1 950//1 1592//1
f 2437//1 1592//1 2438//1
f 2438//1 1592//1 1593//1
f 2438//1 1593//1 2439//1
f 2439//1 1593//1 1594//1
f 2439//1 1594//1 1805//1
f 1805//1 1594//1 1595//1
f 1807//1 1808//1 2374//1
f 2374//1 1808//1 906//1
f 1807//1 2374//1 2376//1
f 8//1 1807//1 2440//1
f 2440//1 1807//1 2376//1
f 2440//1 2376//1 2378//1
f 1812//1 2441//1 2442//1
f 2442//1 2441//1 2443//1
f 2442//1 2443//1 2444//1
f 2444//1 2443//1 2445//1
f 2444//1 2445//1 2446//1
f 2446//1 2445//1 2447//1
f 2446//1 2447//1 2448//1
f 2448//1 2447//1 2449//1
f 2448//1 2449//1 905//1
f 905//1 2449//1 907//1
f 953//1 955//1 1811//1
f 2441//1 2450//1 2443//1
f 2443//1 2450//1 2451//1
f 2443//1 2451//1 2445//1
f 2445//1 2451//1 2452//1
f 2445//1 2452//1 2447//1
f 2447//1 2452//1 2453//1
f 2447//1 2453//1 2449//1
f 2449//1 2453//1 2454//1
f 2449//1 2454//1 907//1
f 907//1 2454//1 909//1
f 1812//1 957//1 2441//1
f 2441//1 957//1 959//1
f 2441//1 959//1 2450//1
f 2450//1 959//1 961//1
f 2450//1 961//1 2455//1
f 2455//1 961//1 963//1
f 2455//1 963//1 2456//1
f 2456//1 963//1 965//1
f 2456//1 965//1 2457//1
f 2457//1 965//1 967//1
f 2457//1 967//1 2458//1
f 2458//1 967//1 969//1
f 2458//1 969//1 2459//1
f 2459//1 969//1 971//1
f 2459//1 971//1 2460//1
f 2460//1 971//1 973//1
f 2460//1 973//1 2461//1
f 2461//1 973//1 975//1
f 2461//1 975//1 2462//1
f 2462//1 975//1 977//1
f 2462//1 977//1 2463//1
f 2463//1 977//1 979//1
f 2463//1 979//1 2464//1
f 2464//1 979//1 981//1
f 2464//1 981//1 2465//1
f 2465//1 981//1 983//1
f 2465//1 983//1 2466//1
f 2466//1 983//1 985//1
f 2466//1 985//1 2467//1
f 2467//1 985//1 987//1
f 2467//1 987//1 2468//1
f 2468//1 987//1 989//1
f 2468//1 989//1 2469//1
f 2469//1 989//1 991//1
f 2469//1 991//1 2470//1
f 2470//1 991//1 993//1
f 2470//1 993//1 2471//1
f 2471//1 993//1 995//1
f 2471//1 995//1 2472//1
f 2472//1 995//1 997//1
f 2472//1 997//1 2473//1
f 2473//1 997//1 999//1
f 2473//1 999//1 1587//1
f 2450//1 2455//1 2451//1
f 2451//1 2455//1 2474//1
f 2451//1 2474//1 2452//1
f 2452//1 2474//1 2475//1
f 2452//1 2475//1 2453//1
f 2453//1 2475//1 2476//1
f 2453//1 2476//1 2454//1
f 2454//1 2476//1 2477//1
f 2454//1 2477//1 909//1
f 909//1 2477//1 911//1
f 2455//1 2456//1 2474//1
f 2474//1 2456//1 2478//1
f 2474//1 2478//1 2475//1
f 2475//1 2478//1 2479//1
f 2475//1 2479//1 2476//1
f 2476//1 2479//1 2480//1
f 2476//1 2480//1 2477//1
f 2477//1 2480//1 2481//1
f 2477//1 2481//1 911//1
f 911//1 2481//1 913//1
f 2456//1 2457//1 2478//1
f 2478//1 2457//1 2482//1
f 2478//1 2482//1 2479//1
f 2479//1 2482//1 2483//1
f 2479//1 2483//1 2480//1
f 2480//1 2483//1 2484//1
f 2480//1 2484//1 2481//1
f 2481//1 2484//1 2485//1
f 2481//1 2485//1 913//1
f 913//1 2485//1 915//1
f 2457//1 2458//1 2482//1
f 2482//1 2458//1 2486//1
f 2482//1 2486//1 2483//1
f 2483//1 2486//1 2487//1
f 2483//1 2487//1 2484//1
f 2484//1 2487//1 2488//1
f 2484//1 2488//1 2485//1
f 2485//1 2488//1 2489//1
f 2485//1 2489//1 915//1
f 915//1 2489//1 917//1
f 2458//1 2459//1 2486//1
f 2486//1 2459//1 2490//1
f 2486//1 2490//1 2487//1
f 2487//1 2490//1 2491//1
f 2487//1 2491//1 2488//1
f 2488//1 2491//1 2492//1
f 2488//1 2492//1 2489//1
f 2489//1 2492//1 2493//1
f 2489//1 2493//1 917//1
f 917//1 2493//1 919//1
f 2459//1 2460//1 2490//1
f 2490//1 2460//1 2494//1
f 2490//1 2494//1 2491//1
f 2491//1 2494//1 2495//1
f 2491//1 2495//1 2492//1
f 2492//1 2495//1 2496//1
f 2492//1 2496//1 2493//1
f 2493//1 2496//1 2497//1
f 2493//1 2497//1 919//1
f 919//1 2497//1 921//1
f 2460//1 2461//1 2494//1
f 2494//1 2461//1 2498//1
f 2494//1 2498//1 2495//1
f 2495//1 2498//1 2499//1
f 2495//1 2499//1 2496//1
f 2496//1 2499//1 2500//1
f 2496//1 2500//1 2497//1
f 2497//1 2500//1 2501//1
f 2497//1 2501//1 921//1
f 921//1 2501//1 923//1
f 2461//1 2462//1 2498//1
f 2498//1 2462//1 2502//1
f 2498//1 2502//1 2499//1
f 2499//1 2502//1 2503//1
f 2499//1 2503//1 2500//1
f 2500//1 2503//1 2504//1
f 2500//1 2504//1 2501//1
f 2501//1 2504//1 2505//1
f 2501//1 2505//1 923//1
f 923//1 2505//1 925//1
f 2462//1 2463//1 2502//1
f 2502//1 2463//1 2506//1
f 2502//1 2506//1 2503//1
f 2503//1 2506//1 2507//1
f 2503//1 2507//1 2504//1
f 2504//1 2507//1 2508//1
f 2504//1 2508//1 2505//1
f 2505//1 2508//1 2509//1
f 2505//1 2509//1 925//1
f 925//1 2509//1 927//1
f 2463//1 2464//1 2506//1
f 2506//1 2464//1 2510//1
f 2506//1 2510//1 2507//1
f 2507//1 2510//1 2511//1
f 2507//1 2511//1 2508//1
f 2508//1 2511//1 2512//1
f 2508//1 2512//1 2509//1
f 2509//1 2512//1 2513//1
f 2509//1 2513//1 927//1
f 927//1 2513//1 929//1
f 2464//1 2465//1 2510//1
f 2510//1 2465//1 2514//1
f 2510//1 2514//1 2511//1
f 2511//1 2514//1 2515//1
f 2511//1 2515//1 2512//1
f 2512//1 2515//1 2516//1
f 2512//1 2516//1 2513//1
f 2513//1 2516//1 2517//1
f 2513//1 2517//1 929//1
f 929//1 2517//1 931//1
f 2465//1 2466//1 2514//1
f 2514//1 2466//1 2518//1
f 2514//1 2518//1 2515//1
f 2515//1 2518//1 2519//1
f 2515//1 2519//1 2516//1
f 2516//1 2519//1 2520//1
f 2516//1 2520//1 2517//1
f 2517//1 2520//1 2521//1
f 2517//1 2521//1 931//1
f 931//1 2521//1 933//1
f 2466//1 2467//1 2518//1
f 2518//1 2467//1 2522//1
f 2518//1 2522//1 2519//1
f 2519//1 2522//1 2523//1
f 2519//1 2523//1 2520//1
f 2520//1 2523//1 2524//1
f 2520//1 2524//1 2521//1
f 2521//1 2524//1 2525//1
f 2521//1 2525//1 933//1
f 933//1 2525//1 935//1
f 2467//1 2468//1 2522//1
f 2522//1 2468//1 2526//1
f 2522//1 2526//1 2523//1
f 2523//1 2526//1 2527//1
f 2523//1 2527//1 2524//1
f 2524//1 2527//1 2528//1
f 2524//1 2528//1 2525//1
f 2525//1 2528//1 2529//1
f 2525//1 2529//1 935//1
f 935//1 2529//1 937//1
f 2468//1 2469//1 2526//1
f 2526//1 2469//1 2530//1
f 2526//1 2530//1 2527//1
f 2527//1 2530//1 2531//1
f 2527//1 2531//1 2528//1
f 2528//1 2531//1 2532//1
f 2528//1 2532//1 2529//1
f 2529//1 2532//1 2533//1
f 2529//1 2533//1 937//1
f 937//1 2533//1 939//1
f 2469//1 2470//1 2530//1
f 2530//1 2470//1 2534//1
f 2530//1 2534//1 2531//1
f 2531//1 2534//1 2535//1
f 2531//1 2535//1 2532//1
f 2532//1 2535//1 2536//1
f 2532//1 2536//1 2533//1
f 2533//1 2536//1 2537//1
f 2533//1 2537//1 939//1
f 939//1 2537//1 941//1
f 2470//1 2471//1 2534//1
f 2534//1 2471//1 2538//1
f 2534//1 2538//1 2535//1
f 2535//1 2538//1 2539//1
f 2535//1 2539//1 2536//1
f 2536//1 2539//1 2540//1
f 2536//1 2540//1 2537//1
f 2537//1 2540//1 2541//1
f 2537//1 2541//1 941//1
f 941//1 2541//1 943//1
f 2471//1 2472//1 2538//1
f 2538//1 2472//1 2542//1
f 2538//1 2542//1 2539//1
f 2539//1 2542//1 2543//1
f 2539//1 2543//1 2540//1
f 2540//1 2543//1 2544//1
f 2540//1 2544//1 2541//1
f 2541//1 2544//1 2545//1
f 2541//1 2545//1 943//1
f 943//1 2545//1 945//1
f 2472//1 2473//1 2542//1
f 2542//1 2473//1 2546//1
f 2542//1 2546//1 2543//1
f 2543//1 2546//1 2547//1
f 2543//1 2547//1 2544//1
f 2544//1 2547//1 2548//1
f 2544//1 2548//1 2545//1
f 2545//1 2548//1 2549//1
f 2545//1 2549//1 945//1
f 945//1 2549//1 947//1
f 2473//1 1587//1 2546//1
f 2546//1 1587//1 1588//1
f 2546//1 1588//1 2547//1
f 2547//1 1588//1 1589//1
f 2547//1 1589//1 2548//1
f 2548//1 1589//1 1590//1
f 2548//1 1590//1 2549//1
f 2549//1 1590//1 1591//1
f 2549//1 1591//1 947//1
f 947//1 1591//1 949//1
f 1809//1 1810//1 2442//1
f 2442//1 1810//1 1812//1
f 1809//1 2442//1 2444//1
f 5//1 1809//1 2550//1
f 2550//1 1809//1 2444//1
f 2550//1 2444//1 2446//1
f 953//1 1811//1 5//1
f 1046//1 1048//1 2551//1
f 2551//1 1048//1 1583//1
f 2551//1 1583//1 2552//1
f 2552//1 1583//1 1584//1
f 2552//1 1584//1 2553//1
f 2553//1 1584//1 1585//1
f 2553//1 1585//1 2554//1
f 2554//1 1585//1 1586//1
f 2554//1 1586//1 996//1
f 996//1 1586//1 998//1
f 1044//1 1046//1 2555//1
f 2555//1 1046//1 2551//1
f 2555//1 2551//1 2556//1
f 2556//1 2551//1 2552//1
f 2556//1 2552//1 2557//1
f 2557//1 2552//1 2553//1
f 2557//1 2553//1 2558//1
f 2558//1 2553//1 2554//1
f 2558//1 2554//1 994//1
f 994//1 2554//1 996//1
f 1042//1 1044//1 2559//1
f 2559//1 1044//1 2555//1
f 2559//1 2555//1 2560//1
f 2560//1 2555//1 2556//1
f 2560//1 2556//1 2561//1
f 2561//1 2556//1 2557//1
f 2561//1 2557//1 2562//1
f 2562//1 2557//1 2558//1
f 2562//1 2558//1 992//1
f 992//1 2558//1 994//1
f 1040//1 1042//1 2563//1
f 2563//1 1042//1 2559//1
f 2563//1 2559//1 2564//1
f 2564//1 2559//1 2560//1
f 2564//1 2560//1 2565//1
f 2565//1 2560//1 2561//1
f 2565//1 2561//1 2566//1
f 2566//1 2561//1 2562//1
f 2566//1 2562//1 990//1
f 990//1 2562//1 992//1
f 1038//1 1040//1 2567//1
f 2567//1 1040//1 2563//1
f 2567//1 2563//1 2568//1
f 2568//1 2563//1 2564//1
f 2568//1 2564//1 2569//1
f 2569//1 2564//1 2565//1
f 2569//1 2565//1 2570//1
f 2570//1 2565//1 2566//1
f 2570//1 2566//1 988//1
f 988//1 2566//1 990//1
f 1036//1 1038//1 2571//1
f 2571//1 1038//1 2567//1
f 2571//1 2567//1 2572//1
f 2572//1 2567//1 2568//1
f 2572//1 2568//1 2573//1
f 2573//1 2568//1 2569//1
f 2573//1 2569//1 2574//1
f 2574//1 2569//1 2570//1
f 2574//1 2570//1 986//1
f 986//1 2570//1 988//1
f 1034//1 1036//1 2575//1
f 2575//1 1036//1 2571//1
f 2575//1 2571//1 2576//1
f 2576//1 2571//1 2572//1
f 2576//1 2572//1 2577//1
f 2577//1 2572//1 2573//1
f 2577//1 2573//1 2578//1
f 2578//1 2573//1 2574//1
f 2578//1 2574//1 984//1
f 984//1 2574//1 986//1
f 1032//1 1034//1 2579//1
f 2579//1 1034//1 2575//1
f 2579//1 2575//1 2580//1
f 2580//1 2575//1 2576//1
f 2580//1 2576//1 2581//1
f 2581//1 2576//1 2577//1
f 2581//1 2577//1 2582//1
f 2582//1 2577//1 2578//1
f 2582//1 2578//1 982//1
f 982//1 2578//1 984//1
f 1030//1 1032//1 2583//1
f 2583//1 1032//1 2579//1
f 2583//1 2579//1 2584//1
f 2584//1 2579//1 2580//1
f 2584//1 2580//1 2585//1
f 2585//1 2580//1 2581//1
f 2585//1 2581//1 2586//1
f 2586//1 2581//1 2582//1
f 2586//1 2582//1 980//1
f 980//1 2582//1 982//1
f 1028//1 1030//1 2587//1
f 2587//1 1030//1 2583//1
f 2587//1 2583//1 2588//1
f 2588//1 2583//1 2584//1
f 2588//1 2584//1 2589//1
f 2589//1 2584//1 2585//1
f 2589//1 2585//1 2590//1
f 2590//1 2585//1 2586//1
f 2590//1 2586//1 978//1
f 978//1 2586//1 980//1
f 1026//1 1028//1 2591//1
f 2591//1 1028//1 2587//1
f 2591//1 2587//1 2592//1
f 2592//1 2587//1 2588//1
f 2592//1 2588//1 2593//1
f 2593//1 2588//1 2589//1
f 2593//1 2589//1 2594//1
f 2594//1 2589//1 2590//1
f 2594//1 2590//1 976//1
f 976//1 2590//1 978//1
f 1024//1 1026//1 2595//1
f 2595//1 1026//1 2591//1
f 2595//1 2591//1 2596//1
f 2596//1 2591//1 2592//1
f 2596//1 2592//1 2597//1
f 2597//1 2592//1 2593//1
f 2597//1 2593//1 2598//1
f 2598//1 2593//1 2594//1
f 2598//1 2594//1 974//1
f 974//1 2594//1 976//1
f 1022//1 1024//1 2599//1
f 2599//1 1024//1 2595//1
f 2599//1 2595//1 2600//1
f 2600//1 2595//1 2596//1
f 2600//1 2596//1 2601//1
f 2601//1 2596//1 2597//1
f 2601//1 2597//1 2602//1
f 2602//1 2597//1 2598//1
f 2602//1 2598//1 972//1
f 972//1 2598//1 974//1
f 1020//1 1022//1 2603//1
f 2603//1 1022//1 2599//1
f 2603//1 2599//1 2604//1
f 2604//1 2599//1 2600//1
f 2604//1 2600//1 2605//1
f 2605//1 2600//1 2601//1
f 2605//1 2601//1 2606//1
f 2606//1 2601//1 2602//1
f 2606//1 2602//1 970//1
f 970//1 2602//1 972//1
f 1018//1 1020//1 2607//1
f 2607//1 1020//1 2603//1
f 2607//1 2603//1 2608//1
f 2608//1 2603//1 2604//1
f 2608//1 2604//1 2609//1
f 2609//1 2604//1 2605//1
f 2609//1 2605//1 2610//1
f 2610//1 2605//1 2606//1
f 2610//1 2606//1 968//1
f 968//1 2606//1 970//1
f 1016//1 1018//1 2611//1
f 2611//1 1018//1 2607//1
f 2611//1 2607//1 2612//1
f 2612//1 2607//1 2608//1
f 2612//1 2608//1 2613//1
f 2613//1 2608//1 2609//1
f 2613//1 2609//1 2614//1
f 2614//1 2609//1 2610//1
f 2614//1 2610//1 966//1
f 966//1 2610//1 968//1
f 1014//1 1016//1 2615//1
f 2615//1 1016//1 2611//1
f 2615//1 2611//1 2616//1
f 2616//1 2611//1 2612//1
f 2616//1 2612//1 2617//1
f 2617//1 2612//1 2613//1
f 2617//1 2613//1 2618//1
f 2618//1 2613//1 2614//1
f 2618//1 2614//1 964//1
f 964//1 2614//1 966//1
f 1012//1 1014//1 2619//1
f 2619//1 1014//1 2615//1
f 2619//1 2615//1 2620//1
f 2620//1 2615//1 2616//1
f 2620//1 2616//1 2621//1
f 2621//1 2616//1 2617//1
f 2621//1 2617//1 2622//1
f 2622//1 2617//1 2618//1
f 2622//1 2618//1 962//1
f 962//1 2618//1 964//1
f 1010//1 1012//1 2623//1
f 2623//1 1012//1 2619//1
f 2623//1 2619//1 2624//1
f 2624//1 2619//1 2620//1
f 2624//1 2620//1 2625//1
f 2625//1 2620//1 2621//1
f 2625//1 2621//1 2626//1
f 2626//1 2621//1 2622//1
f 2626//1 2622//1 960//1
f 960//1 2622//1 962//1
f 1008//1 1010//1 2627//1
f 2627//1 1010//1 2623//1
f 2627//1 2623//1 2628//1
f 2628//1 2623//1 2624//1
f 2628//1 2624//1 2629//1
f 2629//1 2624//1 2625//1
f 2629//1 2625//1 2630//1
f 2630//1 2625//1 2626//1
f 2630//1 2626//1 958//1
f 958//1 2626//1 960//1
f 1006//1 1008//1 2631//1
f 2631//1 1008//1 2627//1
f 2631//1 2627//1 2632//1
f 2632//1 2627//1 2628//1
f 2632//1 2628//1 2633//1
f 2633//1 2628//1 2629//1
f 2633//1 2629//1 2634//1
f 2634//1 2629//1 2630//1
f 2634//1 2630//1 956//1
f 956//1 2630//1 958//1
f 1004//1 1006//1 2635//1
f 2635//1 1006//1 2631//1
f 2635//1 2631//1 2636//1
f 2636//1 2631//1 2632//1
f 2636//1 2632//1 2637//1
f 2637//1 2632//1 2633//1
f 2637//1 2633//1 2638//1
f 2638//1 2633//1 2634//1
f 2638//1 2634//1 954//1
f 954//1 2634//1 956//1
f 1813//1 1814//1 2635//1
f 2635//1 1814//1 1004//1
f 1813//1 2635//1 2636//1
f 2//1 1813//1 2639//1
f 2639//1 1813//1 2636//1
f 2639//1 2636//1 2637//1
f 1//1 1815//1 2640//1
f 2640//1 1815//1 1816//1
f 2640//1 1816//1 2641//1
f 2641//1 1816//1 1817//1
f 2641//1 1817//1 2642//1
f 2642//1 1817//1 1818//1
f 2642//1 1818//1 2643//1
f 2643//1 1818//1 1819//1
f 2643//1 1819//1 2644//1
f 2644//1 1819//1 1820//1
f 2644//1 1820//1 2645//1
f 2645//1 1820//1 1821//1
f 2645//1 1821//1 2646//1
f 2646//1 1821//1 1822//1
f 2646//1 1822//1 2647//1
f 2647//1 1822//1 1823//1
f 2647//1 1823//1 2648//1
f 2648//1 1823//1 1824//1
f 2648//1 1824//1 2649//1
f 2649//1 1824//1 1825//1
f 2649//1 1825//1 2650//1
f 2650//1 1825//1 1826//1
f 2650//1 1826//1 2651//1
f 2651//1 1826//1 1827//1
f 2651//1 1827//1 2652//1
f 2652//1 1827//1 1828//1
f 2652//1 1828//1 2653//1
f 2653//1 1828//1 1829//1
f 2653//1 1829//1 2654//1
f 2654//1 1829//1 1830//1
f 2654//1 1830//1 2655//1
f 2655//1 1830//1 1831//1
f 2655//1 1831//1 2656//1
f 2656//1 1831//1 1832//1
f 2656//1 1832//1 2657//1
f 2657//1 1832//1 1833//1
f 2657//1 1833//1 2658//1
f 2658//1 1833//1 1834//1
f 2658//1 1834//1 2659//1
f 2659//1 1834//1 1835//1
f 2659//1 1835//1 2660//1
f 2660//1 1835//1 1836//1
f 2660//1 1836//1 2661//1
f 2661//1 1836//1 1837//1
f 2661//1 1837//1 2662//1
f 2662//1 1837//1 1580//1
f 2662//1 1580//1 1581//1
f 1172//1 1151//1 1150//1
f 1194//1 1838//1 1195//1
f 1195//1 1838//1 1174//1
f 1838//1 1175//1 1174//1
f 1199//1 1197//1 2663//1
f 2663//1 1197//1 2664//1
f 2663//1 2664//1 1841//1
f 1841//1 2664//1 1840//1
f 1201//1 1199//1 2665//1
f 2665//1 1199//1 2663//1
f 2665//1 2663//1 1842//1
f 1842//1 2663//1 1841//1
f 1203//1 1201//1 2666//1
f 2666//1 1201//1 2665//1
f 2666//1 2665//1 1843//1
f 1843//1 2665//1 1842//1
f 1177//1 1203//1 2667//1
f 2667//1 1203//1 2666//1
f 2667//1 2666//1 1844//1
f 1844//1 2666//1 1843//1
f 1185//1 2668//1 2669//1
f 2669//1 2668//1 2670//1
f 2669//1 2670//1 2671//1
f 2671//1 2670//1 2672//1
f 2671//1 2672//1 2673//1
f 2673//1 2672//1 2674//1
f 2673//1 2674//1 1255//1
f 1255//1 2674//1 1253//1
f 2668//1 2675//1 2670//1
f 2670//1 2675//1 2676//1
f 2670//1 2676//1 2672//1
f 2672//1 2676//1 2677//1
f 2672//1 2677//1 2674//1
f 2674//1 2677//1 2678//1
f 2674//1 2678//1 1253//1
f 1253//1 2678//1 1251//1
f 1185//1 1184//1 2668//1
f 2668//1 1184//1 2679//1
f 2668//1 2679//1 2675//1
f 2675//1 2679//1 2680//1
f 2675//1 2680//1 2681//1
f 2681//1 2680//1 2682//1
f 2681//1 2682//1 2683//1
f 2683//1 2682//1 2684//1
f 2683//1 2684//1 2685//1
f 2685//1 2684//1 2686//1
f 2685//1 2686//1 2687//1
f 2687//1 2686//1 2688//1
f 2687//1 2688//1 2689//1
f 2689//1 2688//1 2690//1
f 2689//1 2690//1 2691//1
f 2691//1 2690//1 2692//1
f 2691//1 2692//1 2693//1
f 2693//1 2692//1 2694//1
f 2693//1 2694//1 2695//1
f 2695//1 2694//1 2696//1
f 2695//1 2696//1 2697//1
f 2697//1 2696//1 1228//1
f 2697//1 1228//1 1227//1
f 2675//1 2681//1 2676//1
f 2676//1 2681//1 2698//1
f 2676//1 2698//1 2677//1
f 2677//1 2698//1 2699//1
f 2677//1 2699//1 2678//1
f 2678//1 2699//1 2700//1
f 2678//1 2700//1 1251//1
f 1251//1 2700//1 1249//1
f 2681//1 2683//1 2698//1
f 2698//1 2683//1 2701//1
f 2698//1 2701//1 2699//1
f 2699//1 2701//1 2702//1
f 2699//1 2702//1 2700//1
f 2700//1 2702//1 2703//1
f 2700//1 2703//1 1249//1
f 1249//1 2703//1 1247//1
f 2683//1 2685//1 2701//1
f 2701//1 2685//1 2704//1
f 2701//1 2704//1 2702//1
f 2702//1 2704//1 2705//1
f 2702//1 2705//1 2703//1
f 2703//1 2705//1 2706//1
f 2703//1 2706//1 1247//1
f 1247//1 2706//1 1245//1
f 2685//1 2687//1 2704//1
f 2704//1 2687//1 2707//1
f 2704//1 2707//1 2705//1
f 2705//1 2707//1 2708//1
f 2705//1 2708//1 2706//1
f 2706//1 2708//1 2709//1
f 2706//1 2709//1 1245//1
f 1245//1 2709//1 1243//1
f 2687//1 2689//1 2707//1
f 2707//1 2689//1 2710//1
f 2707//1 2710//1 2708//1
f 2708//1 2710//1 2711//1
f 2708//1 2711//1 2709//1
f 2709//1 2711//1 2712//1
f 2709//1 2712//1 1243//1
f 1243//1 2712//1 1241//1
f 2689//1 2691//1 2710//1
f 2710//1 2691//1 2713//1
f 2710//1 2713//1 2711//1
f 2711//1 2713//1 2714//1
f 2711//1 2714//1 2712//1
f 2712//1 2714//1 2715//1
f 2712//1 2715//1 1241//1
f 1241//1 2715//1 1239//1
f 2691//1 2693//1 2713//1
f 2713//1 2693//1 2716//1
f 2713//1 2716//1 2714//1
f 2714//1 2716//1 2717//1
f 2714//1 2717//1 2715//1
f 2715//1 2717//1 2718//1
f 2715//1 2718//1 1239//1
f 1239//1 2718//1 1237//1
f 2693//1 2695//1 2716//1
f 2716//1 2695//1 2719//1
f 2716//1 2719//1 2717//1
f 2717//1 2719//1 2720//1
f 2717//1 2720//1 2718//1
f 2718//1 2720//1 2721//1
f 2718//1 2721//1 1237//1
f 1237//1 2721//1 1235//1
f 2695//1 2697//1 2719//1
f 2719//1 2697//1 2722//1
f 2719//1 2722//1 2720//1
f 2720//1 2722//1 2723//1
f 2720//1 2723//1 2721//1
f 2721//1 2723//1 2724//1
f 2721//1 2724//1 1235//1
f 1235//1 2724//1 1233//1
f 2697//1 1227//1 2722//1
f 2722//1 1227//1 1226//1
f 2722//1 1226//1 2723//1
f 2723//1 1226//1 1635//1
f 2723//1 1635//1 2724//1
f 2724//1 1635//1 1636//1
f 2724//1 1636//1 1233//1
f 1185//1 2669//1 1186//1
f 1186//1 2669//1 2725//1
f 1186//1 2725//1 1187//1
f 1187//1 2725//1 2726//1
f 1187//1 2726//1 1188//1
f 1188//1 2726//1 1261//1
f 1188//1 1261//1 1189//1
f 2725//1 2669//1 2671//1
f 1255//1 1257//1 2673//1
f 2673//1 1257//1 2727//1
f 2673//1 2727//1 2671//1
f 2671//1 2727//1 2725//1
f 1257//1 1259//1 2727//1
f 2727//1 1259//1 2726//1
f 2727//1 2726//1 2725//1
f 1259//1 1261//1 2726//1
f 225//1 1635//1 1226//1
f 1230//1 1229//1 2728//1
f 2728//1 1229//1 1263//1
f 2728//1 1263//1 2729//1
f 2729//1 1263//1 1264//1
f 2729//1 1264//1 1266//1
f 1232//1 1230//1 2730//1
f 2730//1 1230//1 2728//1
f 2730//1 2728//1 2731//1
f 2731//1 2728//1 2729//1
f 2731//1 2729//1 2732//1
f 2732//1 2729//1 1266//1
f 2732//1 1266//1 1268//1
f 1234//1 1232//1 2733//1
f 2733//1 1232//1 2730//1
f 2733//1 2730//1 2734//1
f 2734//1 2730//1 2731//1
f 2734//1 2731//1 2735//1
f 2735//1 2731//1 2732//1
f 2735//1 2732//1 2736//1
f 2736//1 2732//1 1268//1
f 2736//1 1268//1 1270//1
f 1236//1 1234//1 1929//1
f 1929//1 1234//1 2733//1
f 1929//1 2733//1 1928//1
f 1928//1 2733//1 2734//1
f 1928//1 2734//1 1927//1
f 1927//1 2734//1 2735//1
f 1927//1 2735//1 1926//1
f 1926//1 2735//1 2736//1
f 1926//1 2736//1 1925//1
f 1925//1 2736//1 1270//1
f 1925//1 1270//1 571//1
f 1271//1 219//1 1637//1
f 1637//1 219//1 1099//1
f 1637//1 1272//1 1271//1
f 611//1 609//1 2105//1
f 2105//1 609//1 608//1
f 2105//1 608//1 2104//1
f 2104//1 608//1 2106//1
f 166//1 2017//1 1638//1
f 1638//1 2017//1 1935//1
f 1638//1 1935//1 1639//1
f 1184//1 1183//1 2679//1
f 2679//1 1183//1 1225//1
f 2679//1 1225//1 2680//1
f 2680//1 1225//1 1223//1
f 2680//1 1223//1 2682//1
f 2682//1 1223//1 1221//1
f 2682//1 1221//1 2684//1
f 2684//1 1221//1 1219//1
f 2684//1 1219//1 2686//1
f 2686//1 1219//1 1217//1
f 2686//1 1217//1 2688//1
f 2688//1 1217//1 1215//1
f 2688//1 1215//1 2690//1
f 2690//1 1215//1 1213//1
f 2690//1 1213//1 2692//1
f 2692//1 1213//1 1211//1
f 2692//1 1211//1 2694//1
f 2694//1 1211//1 1209//1
f 2694//1 1209//1 2696//1
f 2696//1 1209//1 1207//1
f 2696//1 1207//1 1228//1
f 242//1 1839//1 1196//1
f 1196//1 1839//1 1840//1
f 1196//1 1840//1 2664//1
f 2667//1 1844//1 1845//1
f 2667//1 1845//1 1178//1
f 1178//1 1845//1 1179//1
f 1177//1 2667//1 1178//1
f 1197//1 1196//1 2664//1
f 1//1 2640//1 1000//1
f 1000//1 2640//1 2641//1
f 1000//1 2641//1 2737//1
f 2737//1 2641//1 2642//1
f 2737//1 2642//1 2738//1
f 2738//1 2642//1 2643//1
f 2738//1 2643//1 2739//1
f 2739//1 2643//1 2644//1
f 2739//1 2644//1 2740//1
f 2740//1 2644//1 2645//1
f 2740//1 2645//1 2741//1
f 2741//1 2645//1 2646//1
f 2741//1 2646//1 2742//1
f 2742//1 2646//1 2647//1
f 2742//1 2647//1 2743//1
f 2743//1 2647//1 2648//1
f 2743//1 2648//1 2744//1
f 2744//1 2648//1 2649//1
f 2744//1 2649//1 2745//1
f 2745//1 2649//1 2650//1
f 2745//1 2650//1 2746//1
f 2746//1 2650//1 2651//1
f 2746//1 2651//1 2747//1
f 2747//1 2651//1 2652//1
f 2747//1 2652//1 2748//1
f 2748//1 2652//1 2653//1
f 2748//1 2653//1 2749//1
f 2749//1 2653//1 2654//1
f 2749//1 2654//1 2750//1
f 2750//1 2654//1 2655//1
f 2750//1 2655//1 2751//1
f 2751//1 2655//1 2656//1
f 2751//1 2656//1 2752//1
f 2752//1 2656//1 2657//1
f 2752//1 2657//1 2753//1
f 2753//1 2657//1 2658//1
f 2753//1 2658//1 2754//1
f 2754//1 2658//1 2659//1
f 2754//1 2659//1 2755//1
f 2755//1 2659//1 2660//1
f 2755//1 2660//1 2756//1
f 2756//1 2660//1 2661//1
f 2756//1 2661//1 2757//1
f 2757//1 2661//1 2662//1
f 2757//1 2662//1 2758//1
f 2758//1 2662//1 1581//1
f 2758//1 1581//1 1582//1
f 1047//1 1045//1 1582//1
f 1582//1 1045//1 2758//1
f 1045//1 1043//1 2758//1
f 2758//1 1043//1 2757//1
f 1043//1 1041//1 2757//1
f 2757//1 1041//1 2756//1
f 1041//1 1039//1 2756//1
f 2756//1 1039//1 2755//1
f 1039//1 1037//1 2755//1
f 2755//1 1037//1 2754//1
f 1037//1 1035//1 2754//1
f 2754//1 1035//1 2753//1
f 1035//1 1033//1 2753//1
f 2753//1 1033//1 2752//1
f 1033//1 1031//1 2752//1
f 2752//1 1031//1 2751//1
f 1031//1 1029//1 2751//1
f 2751//1 1029//1 2750//1
f 1029//1 1027//1 2750//1
f 2750//1 1027//1 2749//1
f 1027//1 1025//1 2749//1
f 2749//1 1025//1 2748//1
f 1025//1 1023//1 2748//1
f 2748//1 1023//1 2747//1
f 1023//1 1021//1 2747//1
f 2747//1 1021//1 2746//1
f 1021//1 1019//1 2746//1
f 2746//1 1019//1 2745//1
f 1019//1 1017//1 2745//1
f 2745//1 1017//1 2744//1
f 1017//1 1015//1 2744//1
f 2744//1 1015//1 2743//1
f 1015//1 1013//1 2743//1
f 2743//1 1013//1 2742//1
f 1013//1 1011//1 2742//1
f 2742//1 1011//1 2741//1
f 1011//1 1009//1 2741//1
f 2741//1 1009//1 2740//1
f 1009//1 1007//1 2740//1
f 2740//1 1007//1 2739//1
f 1007//1 1005//1 2739//1
f 2739//1 1005//1 2738//1
f 1001//1 1000//1 2737//1
f 1005//1 1003//1 2738//1
f 2738//1 1003//1 2737//1
f 1003//1 1001//1 2737//1
f 2//1 2639//1 951//1
f 951//1 2639//1 2637//1
f 951//1 2637//1 2638//1
f 952//1 951//1 2638//1
f 952//1 2638//1 954//1
f 5//1 2550//1 902//1
f 902//1 2550//1 2446//1
f 902//1 2446//1 2448//1
f 903//1 902//1 2448//1
f 903//1 2448//1 905//1
f 8//1 2440//1 1762//1
f 1762//1 2440//1 2378//1
f 1762//1 2378//1 1763//1
f 899//1 901//1 2759//1
f 2759//1 901//1 1597//1
f 2759//1 1597//1 2760//1
f 2760//1 1597//1 1598//1
f 2760//1 1598//1 2761//1
f 2761//1 1598//1 1599//1
f 2761//1 1599//1 2762//1
f 2762//1 1599//1 1600//1
f 2762//1 1600//1 2763//1
f 2763//1 1600//1 1601//1
f 2763//1 1601//1 849//1
f 849//1 1601//1 851//1
f 897//1 899//1 2764//1
f 2764//1 899//1 2759//1
f 2764//1 2759//1 2765//1
f 2765//1 2759//1 2760//1
f 2765//1 2760//1 2766//1
f 2766//1 2760//1 2761//1
f 2766//1 2761//1 2767//1
f 2767//1 2761//1 2762//1
f 2767//1 2762//1 2768//1
f 2768//1 2762//1 2763//1
f 2768//1 2763//1 847//1
f 847//1 2763//1 849//1
f 895//1 897//1 2769//1
f 2769//1 897//1 2764//1
f 2769//1 2764//1 2770//1
f 2770//1 2764//1 2765//1
f 2770//1 2765//1 2771//1
f 2771//1 2765//1 2766//1
f 2771//1 2766//1 2772//1
f 2772//1 2766//1 2767//1
f 2772//1 2767//1 2773//1
f 2773//1 2767//1 2768//1
f 2773//1 2768//1 845//1
f 845//1 2768//1 847//1
f 893//1 895//1 2774//1
f 2774//1 895//1 2769//1
f 2774//1 2769//1 2775//1
f 2775//1 2769//1 2770//1
f 2775//1 2770//1 2776//1
f 2776//1 2770//1 2771//1
f 2776//1 2771//1 2777//1
f 2777//1 2771//1 2772//1
f 2777//1 2772//1 2778//1
f 2778//1 2772//1 2773//1
f 2778//1 2773//1 843//1
f 843//1 2773//1 845//1
f 891//1 893//1 2779//1
f 2779//1 893//1 2774//1
f 2779//1 2774//1 2780//1
f 2780//1 2774//1 2775//1
f 2780//1 2775//1 2781//1
f 2781//1 2775//1 2776//1
f 2781//1 2776//1 2782//1
f 2782//1 2776//1 2777//1
f 2782//1 2777//1 2783//1
f 2783//1 2777//1 2778//1
f 2783//1 2778//1 841//1
f 841//1 2778//1 843//1
f 889//1 891//1 2784//1
f 2784//1 891//1 2779//1
f 2784//1 2779//1 2785//1
f 2785//1 2779//1 2780//1
f 2785//1 2780//1 2786//1
f 2786//1 2780//1 2781//1
f 2786//1 2781//1 2787//1
f 2787//1 2781//1 2782//1
f 2787//1 2782//1 2788//1
f 2788//1 2782//1 2783//1
f 2788//1 2783//1 839//1
f 839//1 2783//1 841//1
f 887//1 889//1 2789//1
f 2789//1 889//1 2784//1
f 2789//1 2784//1 2790//1
f 2790//1 2784//1 2785//1
f 2790//1 2785//1 2791//1
f 2791//1 2785//1 2786//1
f 2791//1 2786//1 2792//1
f 2792//1 2786//1 2787//1
f 2792//1 2787//1 2793//1
f 2793//1 2787//1 2788//1
f 2793//1 2788//1 837//1
f 837//1 2788//1 839//1
f 885//1 887//1 2794//1
f 2794//1 887//1 2789//1
f 2794//1 2789//1 2795//1
f 2795//1 2789//1 2790//1
f 2795//1 2790//1 2796//1
f 2796//1 2790//1 2791//1
f 2796//1 2791//1 2797//1
f 2797//1 2791//1 2792//1
f 2797//1 2792//1 2798//1
f 2798//1 2792//1 2793//1
f 2798//1 2793//1 835//1
f 835//1 2793//1 837//1
f 883//1 885//1 2799//1
f 2799//1 885//1 2794//1
f 2799//1 2794//1 2800//1
f 2800//1 2794//1 2795//1
f 2800//1 2795//1 2801//1
f 2801//1 2795//1 2796//1
f 2801//1 2796//1 2802//1
f 2802//1 2796//1 2797//1
f 2802//1 2797//1 2803//1
f 2803//1 2797//1 2798//1
f 2803//1 2798//1 833//1
f 833//1 2798//1 835//1
f 881//1 883//1 2804//1
f 2804//1 883//1 2799//1
f 2804//1 2799//1 2805//1
f 2805//1 2799//1 2800//1
f 2805//1 2800//1 2806//1
f 2806//1 2800//1 2801//1
f 2806//1 2801//1 2807//1
f 2807//1 2801//1 2802//1
f 2807//1 2802//1 2808//1
f 2808//1 2802//1 2803//1
f 2808//1 2803//1 831//1
f 831//1 2803//1 833//1
f 879//1 881//1 2809//1
f 2809//1 881//1 2804//1
f 2809//1 2804//1 2810//1
f 2810//1 2804//1 2805//1
f 2810//1 2805//1 2811//1
f 2811//1 2805//1 2806//1
f 2811//1 2806//1 2812//1
f 2812//1 2806//1 2807//1
f 2812//1 2807//1 2813//1
f 2813//1 2807//1 2808//1
f 2813//1 2808//1 829//1
f 829//1 2808//1 831//1
f 877//1 879//1 2814//1
f 2814//1 879//1 2809//1
f 2814//1 2809//1 2815//1
f 2815//1 2809//1 2810//1
f 2815//1 2810//1 2816//1
f 2816//1 2810//1 2811//1
f 2816//1 2811//1 2817//1
f 2817//1 2811//1 2812//1
f 2817//1 2812//1 2818//1
f 2818//1 2812//1 2813//1
f 2818//1 2813//1 827//1
f 827//1 2813//1 829//1
f 875//1 877//1 2819//1
f 2819//1 877//1 2814//1
f 2819//1 2814//1 2820//1
f 2820//1 2814//1 2815//1
f 2820//1 2815//1 2821//1
f 2821//1 2815//1 2816//1
f 2821//1 2816//1 2822//1
f 2822//1 2816//1 2817//1
f 2822//1 2817//1 2823//1
f 2823//1 2817//1 2818//1
f 2823//1 2818//1 825//1
f 825//1 2818//1 827//1
f 873//1 875//1 2824//1
f 2824//1 875//1 2819//1
f 2824//1 2819//1 2825//1
f 2825//1 2819//1 2820//1
f 2825//1 2820//1 2826//1
f 2826//1 2820//1 2821//1
f 2826//1 2821//1 2827//1
f 2827//1 2821//1 2822//1
f 2827//1 2822//1 2828//1
f 2828//1 2822//1 2823//1
f 2828//1 2823//1 823//1
f 823//1 2823//1 825//1
f 871//1 873//1 2829//1
f 2829//1 873//1 2824//1
f 2829//1 2824//1 2830//1
f 2830//1 2824//1 2825//1
f 2830//1 2825//1 2831//1
f 2831//1 2825//1 2826//1
f 2831//1 2826//1 2832//1
f 2832//1 2826//1 2827//1
f 2832//1 2827//1 2833//1
f 2833//1 2827//1 2828//1
f 2833//1 2828//1 821//1
f 821//1 2828//1 823//1
f 869//1 871//1 2834//1
f 2834//1 871//1 2829//1
f 2834//1 2829//1 2835//1
f 2835//1 2829//1 2830//1
f 2835//1 2830//1 2836//1
f 2836//1 2830//1 2831//1
f 2836//1 2831//1 2837//1
f 2837//1 2831//1 2832//1
f 2837//1 2832//1 2838//1
f 2838//1 2832//1 2833//1
f 2838//1 2833//1 819//1
f 819//1 2833//1 821//1
f 867//1 869//1 2839//1
f 2839//1 869//1 2834//1
f 2839//1 2834//1 2840//1
f 2840//1 2834//1 2835//1
f 2840//1 2835//1 2841//1
f 2841//1 2835//1 2836//1
f 2841//1 2836//1 2842//1
f 2842//1 2836//1 2837//1
f 2842//1 2837//1 2843//1
f 2843//1 2837//1 2838//1
f 2843//1 2838//1 817//1
f 817//1 2838//1 819//1
f 865//1 867//1 2844//1
f 2844//1 867//1 2839//1
f 2844//1 2839//1 2845//1
f 2845//1 2839//1 2840//1
f 2845//1 2840//1 2846//1
f 2846//1 2840//1 2841//1
f 2846//1 2841//1 2847//1
f 2847//1 2841//1 2842//1
f 2847//1 2842//1 2848//1
f 2848//1 2842//1 2843//1
f 2848//1 2843//1 815//1
f 815//1 2843//1 817//1
f 863//1 865//1 2849//1
f 2849//1 865//1 2844//1
f 2849//1 2844//1 2850//1
f 2850//1 2844//1 2845//1
f 2850//1 2845//1 2851//1
f 2851//1 2845//1 2846//1
f 2851//1 2846//1 2852//1
f 2852//1 2846//1 2847//1
f 2852//1 2847//1 2853//1
f 2853//1 2847//1 2848//1
f 2853//1 2848//1 813//1
f 813//1 2848//1 815//1
f 861//1 863//1 2854//1
f 2854//1 863//1 2849//1
f 2854//1 2849//1 2855//1
f 2855//1 2849//1 2850//1
f 2855//1 2850//1 2856//1
f 2856//1 2850//1 2851//1
f 2856//1 2851//1 2857//1
f 2857//1 2851//1 2852//1
f 2857//1 2852//1 2858//1
f 2858//1 2852//1 2853//1
f 2858//1 2853//1 811//1
f 811//1 2853//1 813//1
f 1760//1 1758//1 2373//1
f 2373//1 1758//1 167//1
f 861//1 2854//1 1761//1
f 1761//1 2854//1 2859//1
f 1761//1 2859//1 1759//1
f 1759//1 2859//1 2860//1
f 1759//1 2860//1 1757//1
f 1757//1 2860//1 1756//1
f 2859//1 2854//1 2855//1
f 167//1 1756//1 804//1
f 804//1 1756//1 2861//1
f 804//1 2861//1 2862//1
f 2862//1 2861//1 2863//1
f 2862//1 2863//1 2864//1
f 2864//1 2863//1 2857//1
f 2864//1 2857//1 2858//1
f 2859//1 2855//1 2865//1
f 2865//1 2855//1 2856//1
f 2865//1 2856//1 2863//1
f 2863//1 2856//1 2857//1
f 2859//1 2865//1 2860//1
f 2860//1 2865//1 2861//1
f 2860//1 2861//1 1756//1
f 2861//1 2865//1 2863//1
f 811//1 809//1 2858//1
f 2858//1 809//1 2864//1
f 805//1 804//1 2862//1
f 809//1 807//1 2864//1
f 2864//1 807//1 2862//1
f 807//1 805//1 2862//1
f 2352//1 2362//1 2358//1
f 2358//1 2362//1 2866//1
f 2358//1 2866//1 2359//1
f 2359//1 2866//1 2867//1
f 2359//1 2867//1 2360//1
f 2360//1 2867//1 2868//1
f 2360//1 2868//1 2361//1
f 2361//1 2868//1 2869//1
f 2361//1 2869//1 755//1
f 755//1 2869//1 756//1
f 2866//1 2362//1 2363//1
f 1744//1 1742//1 2372//1
f 2372//1 1742//1 168//1
f 2866//1 2363//1 2870//1
f 2870//1 2363//1 2364//1
f 2870//1 2364//1 2871//1
f 2871//1 2364//1 2365//1
f 2871//1 2365//1 2872//1
f 2872//1 2365//1 2366//1
f 2872//1 2366//1 764//1
f 764//1 2366//1 766//1
f 2866//1 2870//1 2867//1
f 2867//1 2870//1 2873//1
f 2867//1 2873//1 2868//1
f 2868//1 2873//1 2874//1
f 2868//1 2874//1 2869//1
f 2869//1 2874//1 758//1
f 2869//1 758//1 756//1
f 2873//1 2870//1 2871//1
f 2873//1 2871//1 2875//1
f 2875//1 2871//1 2872//1
f 2875//1 2872//1 762//1
f 762//1 2872//1 764//1
f 2873//1 2875//1 2874//1
f 2874//1 2875//1 760//1
f 2874//1 760//1 758//1
f 760//1 2875//1 762//1
f 1609//1 2178//1 803//1
f 803//1 2178//1 801//1
f 2178//1 2176//1 801//1
f 801//1 2176//1 799//1
f 2176//1 2174//1 799//1
f 799//1 2174//1 797//1
f 2174//1 2172//1 797//1
f 797//1 2172//1 795//1
f 2172//1 2170//1 795//1
f 795//1 2170//1 793//1
f 2170//1 2168//1 793//1
f 793//1 2168//1 791//1
f 2168//1 2166//1 791//1
f 791//1 2166//1 789//1
f 2166//1 2164//1 789//1
f 789//1 2164//1 787//1
f 2164//1 2162//1 787//1
f 787//1 2162//1 785//1
f 2162//1 2160//1 785//1
f 785//1 2160//1 783//1
f 2160//1 2158//1 783//1
f 783//1 2158//1 781//1
f 2158//1 2156//1 781//1
f 781//1 2156//1 779//1
f 2156//1 2154//1 779//1
f 779//1 2154//1 777//1
f 2154//1 2152//1 777//1
f 777//1 2152//1 775//1
f 2152//1 2150//1 775//1
f 775//1 2150//1 773//1
f 2150//1 2148//1 773//1
f 773//1 2148//1 771//1
f 2148//1 2146//1 771//1
f 771//1 2146//1 769//1
f 2146//1 2144//1 769//1
f 769//1 2144//1 767//1
f 2144//1 2142//1 767//1
f 767//1 2142//1 765//1
f 2142//1 2141//1 765//1
f 765//1 2141//1 763//1
f 2141//1 1739//1 763//1
f 169//1 2237//1 1689//1
f 1689//1 2237//1 2135//1
f 1689//1 2135//1 1690//1
f 164//1 2107//1 657//1
f 657//1 2107//1 2108//1
f 657//1 2108//1 2876//1
f 2876//1 2108//1 2109//1
f 2876//1 2109//1 2877//1
f 2877//1 2109//1 2110//1
f 2877//1 2110//1 2878//1
f 2878//1 2110//1 2111//1
f 2878//1 2111//1 2879//1
f 2879//1 2111//1 2112//1
f 2879//1 2112//1 2880//1
f 2880//1 2112//1 2113//1
f 2880//1 2113//1 2881//1
f 2881//1 2113//1 2114//1
f 2881//1 2114//1 2882//1
f 2882//1 2114//1 2115//1
f 2882//1 2115//1 2883//1
f 2883//1 2115//1 2116//1
f 2883//1 2116//1 2884//1
f 2884//1 2116//1 2117//1
f 2884//1 2117//1 2885//1
f 2885//1 2117//1 2118//1
f 2885//1 2118//1 2886//1
f 2886//1 2118//1 2119//1
f 2886//1 2119//1 2887//1
f 2887//1 2119//1 2120//1
f 2887//1 2120//1 2888//1
f 2888//1 2120//1 2121//1
f 2888//1 2121//1 2889//1
f 2889//1 2121//1 2122//1
f 2889//1 2122//1 2890//1
f 2890//1 2122//1 2123//1
f 2890//1 2123//1 2891//1
f 2891//1 2123//1 2124//1
f 2891//1 2124//1 2892//1
f 2892//1 2124//1 2125//1
f 2892//1 2125//1 2893//1
f 2893//1 2125//1 2126//1
f 2893//1 2126//1 2894//1
f 2894//1 2126//1 2127//1
f 2894//1 2127//1 2895//1
f 2895//1 2127//1 2128//1
f 2895//1 2128//1 2896//1
f 2896//1 2128//1 2129//1
f 2896//1 2129//1 2897//1
f 2897//1 2129//1 1616//1
f 2897//1 1616//1 1617//1
f 704//1 702//1 1617//1
f 1617//1 702//1 2897//1
f 702//1 700//1 2897//1
f 2897//1 700//1 2896//1
f 700//1 698//1 2896//1
f 2896//1 698//1 2895//1
f 698//1 696//1 2895//1
f 2895//1 696//1 2894//1
f 696//1 694//1 2894//1
f 2894//1 694//1 2893//1
f 694//1 692//1 2893//1
f 2893//1 692//1 2892//1
f 692//1 690//1 2892//1
f 2892//1 690//1 2891//1
f 690//1 688//1 2891//1
f 2891//1 688//1 2890//1
f 688//1 686//1 2890//1
f 2890//1 686//1 2889//1
f 686//1 684//1 2889//1
f 2889//1 684//1 2888//1
f 684//1 682//1 2888//1
f 2888//1 682//1 2887//1
f 682//1 680//1 2887//1
f 2887//1 680//1 2886//1
f 680//1 678//1 2886//1
f 2886//1 678//1 2885//1
f 678//1 676//1 2885//1
f 2885//1 676//1 2884//1
f 676//1 674//1 2884//1
f 2884//1 674//1 2883//1
f 674//1 672//1 2883//1
f 2883//1 672//1 2882//1
f 672//1 670//1 2882//1
f 2882//1 670//1 2881//1
f 670//1 668//1 2881//1
f 2881//1 668//1 2880//1
f 668//1 666//1 2880//1
f 2880//1 666//1 2879//1
f 666//1 664//1 2879//1
f 2879//1 664//1 2878//1
f 664//1 662//1 2878//1
f 2878//1 662//1 2877//1
f 658//1 657//1 2876//1
f 662//1 660//1 2877//1
f 2877//1 660//1 2876//1
f 660//1 658//1 2876//1
f 608//1 165//1 2106//1
f 237//1 2898//1 236//1
f 236//1 2898//1 2899//1
f 236//1 2899//1 2900//1
f 2900//1 2899//1 2901//1
f 2900//1 2901//1 2902//1
f 2902//1 2901//1 2903//1
f 2902//1 2903//1 2904//1
f 2904//1 2903//1 2905//1
f 2904//1 2905//1 2906//1
f 2906//1 2905//1 2907//1
f 2906//1 2907//1 2908//1
f 2908//1 2907//1 2909//1
f 2908//1 2909//1 2910//1
f 2910//1 2909//1 2911//1
f 2910//1 2911//1 2912//1
f 2912//1 2911//1 2913//1
f 2912//1 2913//1 2914//1
f 2914//1 2913//1 2915//1
f 2914//1 2915//1 2916//1
f 2916//1 2915//1 2917//1
f 2916//1 2917//1 2918//1
f 2918//1 2917//1 2919//1
f 2918//1 2919//1 2920//1
f 2920//1 2919//1 2921//1
f 2920//1 2921//1 2922//1
f 2922//1 2921//1 2923//1
f 2922//1 2923//1 2924//1
f 2924//1 2923//1 2925//1
f 2924//1 2925//1 2926//1
f 2926//1 2925//1 2927//1
f 2926//1 2927//1 2928//1
f 2928//1 2927//1 2929//1
f 2928//1 2929//1 2930//1
f 2930//1 2929//1 2931//1
f 2930//1 2931//1 2932//1
f 2932//1 2931//1 2933//1
f 2932//1 2933//1 2934//1
f 2934//1 2933//1 2935//1
f 2934//1 2935//1 2936//1
f 2936//1 2935//1 2937//1
f 2936//1 2937//1 2938//1
f 2938//1 2937//1 2939//1
f 2938//1 2939//1 2940//1
f 2940//1 2939//1 2941//1
f 2940//1 2941//1 2942//1
f 2942//1 2941//1 2943//1
f 2942//1 2943//1 2944//1
f 2944//1 2943//1 495//1
f 2944//1 495//1 497//1
f 239//1 2945//1 237//1
f 237//1 2945//1 2946//1
f 237//1 2946//1 2898//1
f 2898//1 2946//1 2947//1
f 2898//1 2947//1 2948//1
f 2948//1 2947//1 2949//1
f 2948//1 2949//1 2950//1
f 2950//1 2949//1 2951//1
f 2950//1 2951//1 2952//1
f 2952//1 2951//1 2953//1
f 2952//1 2953//1 2954//1
f 2954//1 2953//1 2955//1
f 2954//1 2955//1 2956//1
f 2956//1 2955//1 2957//1
f 2956//1 2957//1 2958//1
f 2958//1 2957//1 2959//1
f 2958//1 2959//1 2960//1
f 2960//1 2959//1 2961//1
f 2960//1 2961//1 2962//1
f 2962//1 2961//1 2963//1
f 2962//1 2963//1 2964//1
f 2964//1 2963//1 2965//1
f 2964//1 2965//1 2966//1
f 2966//1 2965//1 2967//1
f 2966//1 2967//1 2968//1
f 2968//1 2967//1 2969//1
f 2968//1 2969//1 2970//1
f 2970//1 2969//1 2971//1
f 2970//1 2971//1 2972//1
f 2972//1 2971//1 2973//1
f 2972//1 2973//1 2974//1
f 2974//1 2973//1 2975//1
f 2974//1 2975//1 2976//1
f 2976//1 2975//1 2977//1
f 2976//1 2977//1 2978//1
f 2978//1 2977//1 2979//1
f 2978//1 2979//1 2980//1
f 2980//1 2979//1 2981//1
f 2980//1 2981//1 2982//1
f 2982//1 2981//1 2983//1
f 2982//1 2983//1 2984//1
f 2984//1 2983//1 2985//1
f 2984//1 2985//1 2986//1
f 2986//1 2985//1 2987//1
f 2986//1 2987//1 2988//1
f 2988//1 2987//1 2989//1
f 2988//1 2989//1 2990//1
f 2990//1 2989//1 492//1
f 2990//1 492//1 494//1
f 228//1 2991//1 239//1
f 239//1 2991//1 2992//1
f 239//1 2992//1 2993//1
f 2993//1 2992//1 2994//1
f 2993//1 2994//1 2995//1
f 2995//1 2994//1 2996//1
f 2995//1 2996//1 2997//1
f 2997//1 2996//1 2998//1
f 2997//1 2998//1 2999//1
f 2999//1 2998//1 3000//1
f 2999//1 3000//1 3001//1
f 3001//1 3000//1 3002//1
f 3001//1 3002//1 3003//1
f 3003//1 3002//1 3004//1
f 3003//1 3004//1 3005//1
f 3005//1 3004//1 3006//1
f 3005//1 3006//1 3007//1
f 3007//1 3006//1 3008//1
f 3007//1 3008//1 3009//1
f 3009//1 3008//1 3010//1
f 3009//1 3010//1 3011//1
f 3011//1 3010//1 3012//1
f 3011//1 3012//1 3013//1
f 3013//1 3012//1 3014//1
f 3013//1 3014//1 3015//1
f 3015//1 3014//1 3016//1
f 3015//1 3016//1 3017//1
f 3017//1 3016//1 3018//1
f 3017//1 3018//1 3019//1
f 3019//1 3018//1 3020//1
f 3019//1 3020//1 3021//1
f 3021//1 3020//1 3022//1
f 3021//1 3022//1 3023//1
f 3023//1 3022//1 3024//1
f 3023//1 3024//1 3025//1
f 3025//1 3024//1 3026//1
f 3025//1 3026//1 3027//1
f 3027//1 3026//1 3028//1
f 3027//1 3028//1 3029//1
f 3029//1 3028//1 3030//1
f 3029//1 3030//1 3031//1
f 3031//1 3030//1 3032//1
f 3031//1 3032//1 3033//1
f 3033//1 3032//1 3034//1
f 3033//1 3034//1 3035//1
f 3035//1 3034//1 3036//1
f 3035//1 3036//1 3037//1
f 3037//1 3036//1 3038//1
f 3037//1 3038//1 3039//1
f 3039//1 3038//1 488//1
f 3039//1 488//1 490//1
f 229//1 3040//1 228//1
f 228//1 3040//1 3041//1
f 228//1 3041//1 3042//1
f 3042//1 3041//1 3043//1
f 3042//1 3043//1 3044//1
f 3044//1 3043//1 3045//1
f 3044//1 3045//1 3046//1
f 3046//1 3045//1 3047//1
f 3046//1 3047//1 3048//1
f 3048//1 3047//1 3049//1
f 3048//1 3049//1 3050//1
f 3050//1 3049//1 3051//1
f 3050//1 3051//1 3052//1
f 3052//1 3051//1 3053//1
f 3052//1 3053//1 3054//1
f 3054//1 3053//1 3055//1
f 3054//1 3055//1 3056//1
f 3056//1 3055//1 3057//1
f 3056//1 3057//1 3058//1
f 3058//1 3057//1 3059//1
f 3058//1 3059//1 3060//1
f 3060//1 3059//1 3061//1
f 3060//1 3061//1 3062//1
f 3062//1 3061//1 3063//1
f 3062//1 3063//1 3064//1
f 3064//1 3063//1 3065//1
f 3064//1 3065//1 3066//1
f 3066//1 3065//1 3067//1
f 3066//1 3067//1 3068//1
f 3068//1 3067//1 3069//1
f 3068//1 3069//1 3070//1
f 3070//1 3069//1 3071//1
f 3070//1 3071//1 3072//1
f 3072//1 3071//1 3073//1
f 3072//1 3073//1 3074//1
f 3074//1 3073//1 3075//1
f 3074//1 3075//1 3076//1
f 3076//1 3075//1 3077//1
f 3076//1 3077//1 3078//1
f 3078//1 3077//1 3079//1
f 3078//1 3079//1 3080//1
f 3080//1 3079//1 3081//1
f 3080//1 3081//1 3082//1
f 3082//1 3081//1 3083//1
f 3082//1 3083//1 3084//1
f 3084//1 3083//1 3085//1
f 3084//1 3085//1 3086//1
f 3086//1 3085//1 3087//1
f 3086//1 3087//1 3088//1
f 3088//1 3087//1 3089//1
f 3088//1 3089//1 434//1
f 434//1 3089//1 432//1
f 432//1 3089//1 3090//1
f 432//1 3090//1 3091//1
f 3091//1 3090//1 3092//1
f 3091//1 3092//1 3093//1
f 3093//1 3092//1 3094//1
f 3093//1 3094//1 3095//1
f 3095//1 3094//1 3096//1
f 3095//1 3096//1 3097//1
f 3097//1 3096//1 3098//1
f 3097//1 3098//1 3099//1
f 3099//1 3098//1 3100//1
f 3099//1 3100//1 3101//1
f 3101//1 3100//1 3102//1
f 3101//1 3102//1 3103//1
f 3103//1 3102//1 3104//1
f 3103//1 3104//1 3105//1
f 3105//1 3104//1 3106//1
f 3105//1 3106//1 3107//1
f 3107//1 3106//1 3108//1
f 3107//1 3108//1 3109//1
f 3109//1 3108//1 3110//1
f 3109//1 3110//1 3111//1
f 3111//1 3110//1 3112//1
f 3111//1 3112//1 3113//1
f 3113//1 3112//1 3114//1
f 3113//1 3114//1 3115//1
f 3115//1 3114//1 3116//1
f 3115//1 3116//1 3117//1
f 3117//1 3116//1 3118//1
f 3117//1 3118//1 3119//1
f 3119//1 3118//1 3120//1
f 3119//1 3120//1 3121//1
f 3121//1 3120//1 3122//1
f 3121//1 3122//1 3123//1
f 3123//1 3122//1 3124//1
f 3123//1 3124//1 3125//1
f 3125//1 3124//1 3126//1
f 3125//1 3126//1 3127//1
f 3127//1 3126//1 3128//1
f 3127//1 3128//1 3129//1
f 3129//1 3128//1 3130//1
f 3129//1 3130//1 3131//1
f 3131//1 3130//1 3132//1
f 3131//1 3132//1 3133//1
f 3133//1 3132//1 3134//1
f 3133//1 3134//1 3135//1
f 3135//1 3134//1 3136//1
f 3135//1 3136//1 3137//1
f 3137//1 3136//1 3138//1
f 3137//1 3138//1 3139//1
f 3139//1 3138//1 3140//1
f 3139//1 3140//1 3141//1
f 3141//1 3140//1 3142//1
f 3141//1 3142//1 3143//1
f 3143//1 3142//1 3144//1
f 3143//1 3144//1 3145//1
f 3145//1 3144//1 3146//1
f 3145//1 3146//1 3147//1
f 3147//1 3146//1 3148//1
f 3147//1 3148//1 3149//1
f 3149//1 3148//1 3150//1
f 3149//1 3150//1 3151//1
f 3151//1 3150//1 3152//1
f 3151//1 3152//1 3153//1
f 3153//1 3152//1 3154//1
f 3153//1 3154//1 3155//1
f 3155//1 3154//1 3156//1
f 3155//1 3156//1 3157//1
f 3157//1 3156//1 3158//1
f 3157//1 3158//1 3159//1
f 3159//1 3158//1 3160//1
f 3159//1 3160//1 3161//1
f 3161//1 3160//1 3162//1
f 3161//1 3162//1 3163//1
f 3163//1 3162//1 3164//1
f 3163//1 3164//1 3165//1
f 3165//1 3164//1 3166//1
f 3165//1 3166//1 3167//1
f 3167//1 3166//1 3168//1
f 3167//1 3168//1 3169//1
f 3169//1 3168//1 3170//1
f 3169//1 3170//1 3171//1
f 3171//1 3170//1 3172//1
f 3171//1 3172//1 3173//1
f 3173//1 3172//1 3174//1
f 3173//1 3174//1 3175//1
f 3175//1 3174//1 3176//1
f 3175//1 3176//1 3177//1
f 3177//1 3176//1 3178//1
f 3177//1 3178//1 3179//1
f 3179//1 3178//1 3180//1
f 3179//1 3180//1 3181//1
f 3181//1 3180//1 3182//1
f 3181//1 3182//1 3183//1
f 3183//1 3182//1 3184//1
f 3183//1 3184//1 3185//1
f 3185//1 3184//1 3186//1
f 3185//1 3186//1 3187//1
f 3187//1 3186//1 3188//1
f 3187//1 3188//1 3189//1
f 3189//1 3188//1 3190//1
f 3189//1 3190//1 3191//1
f 3191//1 3190//1 3192//1
f 3191//1 3192//1 3193//1
f 3193//1 3192//1 3194//1
f 3193//1 3194//1 3195//1
f 3195//1 3194//1 3196//1
f 3195//1 3196//1 3197//1
f 3197//1 3196//1 3198//1
f 3197//1 3198//1 3199//1
f 3199//1 3198//1 3200//1
f 3199//1 3200//1 3201//1
f 3201//1 3200//1 3202//1
f 3201//1 3202//1 3203//1
f 3203//1 3202//1 3204//1
f 3203//1 3204//1 3205//1
f 3205//1 3204//1 3206//1
f 3205//1 3206//1 3207//1
f 3207//1 3206//1 3208//1
f 3207//1 3208//1 3209//1
f 3209//1 3208//1 3210//1
f 3209//1 3210//1 3211//1
f 3211//1 3210//1 3212//1
f 3211//1 3212//1 3213//1
f 3213//1 3212//1 3214//1
f 3213//1 3214//1 3215//1
f 3215//1 3214//1 3216//1
f 3215//1 3216//1 3217//1
f 3217//1 3216//1 3218//1
f 3217//1 3218//1 3219//1
f 3219//1 3218//1 3220//1
f 3219//1 3220//1 3221//1
f 3221//1 3220//1 3222//1
f 3221//1 3222//1 3223//1
f 3223//1 3222//1 3224//1
f 3223//1 3224//1 3225//1
f 3225//1 3224//1 3226//1
f 3225//1 3226//1 3227//1
f 3227//1 3226//1 3228//1
f 3227//1 3228//1 2944//1
f 2944//1 3228//1 2942//1
f 231//1 3229//1 229//1
f 229//1 3229//1 3230//1
f 229//1 3230//1 3231//1
f 3231//1 3230//1 3232//1
f 232//1 3233//1 231//1
f 231//1 3233//1 3234//1
f 231//1 3234//1 3235//1
f 3235//1 3234//1 3232//1
f 218//1 3236//1 232//1
f 232//1 3236//1 3237//1
f 232//1 3237//1 3238//1
f 3238//1 3237//1 3232//1
f 220//1 3239//1 218//1
f 218//1 3239//1 3240//1
f 218//1 3240//1 3241//1
f 3241//1 3240//1 3242//1
f 3241//1 3242//1 276//1
f 276//1 3242//1 274//1
f 274//1 3242//1 3243//1
f 274//1 3243//1 272//1
f 272//1 3243//1 3244//1
f 272//1 3244//1 270//1
f 270//1 3244//1 3245//1
f 270//1 3245//1 269//1
f 269//1 3245//1 3246//1
f 269//1 3246//1 3247//1
f 3247//1 3246//1 3248//1
f 3247//1 3248//1 3249//1
f 3249//1 3248//1 3250//1
f 3249//1 3250//1 3251//1
f 3251//1 3250//1 3252//1
f 3251//1 3252//1 3253//1
f 3253//1 3252//1 3254//1
f 3253//1 3254//1 3255//1
f 3255//1 3254//1 3256//1
f 3255//1 3256//1 3257//1
f 3257//1 3256//1 3258//1
f 3257//1 3258//1 3259//1
f 3259//1 3258//1 3260//1
f 3259//1 3260//1 3261//1
f 3261//1 3260//1 3262//1
f 3261//1 3262//1 3263//1
f 3263//1 3262//1 3264//1
f 3263//1 3264//1 3265//1
f 3265//1 3264//1 3266//1
f 3265//1 3266//1 3267//1
f 3267//1 3266//1 3268//1
f 3267//1 3268//1 3269//1
f 3269//1 3268//1 3270//1
f 3269//1 3270//1 3271//1
f 3271//1 3270//1 3272//1
f 3271//1 3272//1 3273//1
f 3273//1 3272//1 3274//1
f 3273//1 3274//1 3275//1
f 3275//1 3274//1 3276//1
f 3275//1 3276//1 3277//1
f 3277//1 3276//1 3278//1
f 3277//1 3278//1 3279//1
f 3279//1 3278//1 3280//1
f 3279//1 3280//1 3281//1
f 3281//1 3280//1 3282//1
f 3281//1 3282//1 3283//1
f 3283//1 3282//1 3284//1
f 3283//1 3284//1 3285//1
f 3285//1 3284//1 3286//1
f 3285//1 3286//1 3287//1
f 3287//1 3286//1 3288//1
f 3287//1 3288//1 3289//1
f 3289//1 3288//1 3290//1
f 3289//1 3290//1 3291//1
f 3291//1 3290//1 3176//1
f 3291//1 3176//1 3174//1
f 222//1 3292//1 220//1
f 220//1 3292//1 3293//1
f 220//1 3293//1 3294//1
f 3294//1 3293//1 3295//1
f 3294//1 3295//1 3296//1
f 3296//1 3295//1 3297//1
f 3296//1 3297//1 3298//1
f 3298//1 3297//1 3299//1
f 3298//1 3299//1 3300//1
f 3300//1 3299//1 3301//1
f 3300//1 3301//1 3302//1
f 3302//1 3301//1 3303//1
f 3302//1 3303//1 3304//1
f 3304//1 3303//1 3305//1
f 3304//1 3305//1 3306//1
f 3306//1 3305//1 3307//1
f 3306//1 3307//1 3308//1
f 3308//1 3307//1 3309//1
f 3308//1 3309//1 3310//1
f 3310//1 3309//1 3311//1
f 3310//1 3311//1 3312//1
f 3312//1 3311//1 3313//1
f 3312//1 3313//1 3314//1
f 3314//1 3313//1 3315//1
f 3314//1 3315//1 3316//1
f 3316//1 3315//1 3317//1
f 3316//1 3317//1 3318//1
f 3318//1 3317//1 3319//1
f 3318//1 3319//1 3320//1
f 3320//1 3319//1 3321//1
f 3320//1 3321//1 3322//1
f 3322//1 3321//1 3323//1
f 3322//1 3323//1 3324//1
f 3324//1 3323//1 3325//1
f 3324//1 3325//1 3326//1
f 3326//1 3325//1 3327//1
f 3326//1 3327//1 3328//1
f 3328//1 3327//1 3329//1
f 3328//1 3329//1 3330//1
f 3330//1 3329//1 3331//1
f 3330//1 3331//1 3332//1
f 3332//1 3331//1 3333//1
f 3332//1 3333//1 3334//1
f 3334//1 3333//1 3335//1
f 3334//1 3335//1 3336//1
f 3336//1 3335//1 3192//1
f 3336//1 3192//1 3190//1
f 3292//1 222//1 3337//1
f 3337//1 222//1 224//1
f 3337//1 224//1 3338//1
f 3338//1 224//1 3339//1
f 3338//1 3339//1 3340//1
f 3340//1 3339//1 3341//1
f 3340//1 3341//1 3342//1
f 3342//1 3341//1 3343//1
f 3342//1 3343//1 3344//1
f 3344//1 3343//1 3345//1
f 3344//1 3345//1 3346//1
f 3346//1 3345//1 3347//1
f 3346//1 3347//1 3348//1
f 3348//1 3347//1 3349//1
f 3348//1 3349//1 3350//1
f 3350//1 3349//1 3351//1
f 3350//1 3351//1 3352//1
f 3352//1 3351//1 3353//1
f 3352//1 3353//1 3354//1
f 3354//1 3353//1 3355//1
f 3354//1 3355//1 3356//1
f 3356//1 3355//1 3357//1
f 3356//1 3357//1 3358//1
f 3358//1 3357//1 3359//1
f 3358//1 3359//1 3360//1
f 3360//1 3359//1 3361//1
f 3360//1 3361//1 3362//1
f 3362//1 3361//1 3363//1
f 3362//1 3363//1 3364//1
f 3364//1 3363//1 3365//1
f 3364//1 3365//1 3366//1
f 3366//1 3365//1 3367//1
f 3366//1 3367//1 3368//1
f 3368//1 3367//1 2930//1
f 3368//1 2930//1 2932//1
f 241//1 3369//1 224//1
f 224//1 3369//1 3370//1
f 224//1 3370//1 3339//1
f 3339//1 3370//1 3341//1
f 243//1 3371//1 241//1
f 241//1 3371//1 3372//1
f 241//1 3372//1 3373//1
f 3373//1 3372//1 3374//1
f 3373//1 3374//1 3375//1
f 3375//1 3374//1 3376//1
f 3375//1 3376//1 3377//1
f 3377//1 3376//1 3378//1
f 3377//1 3378//1 3379//1
f 3379//1 3378//1 3380//1
f 3379//1 3380//1 3347//1
f 3347//1 3380//1 3349//1
f 244//1 3381//1 243//1
f 243//1 3381//1 3382//1
f 243//1 3382//1 3371//1
f 3371//1 3382//1 3383//1
f 3371//1 3383//1 3384//1
f 3384//1 3383//1 3385//1
f 3384//1 3385//1 3386//1
f 3386//1 3385//1 3387//1
f 3386//1 3387//1 3388//1
f 3388//1 3387//1 3389//1
f 3388//1 3389//1 3390//1
f 3390//1 3389//1 3391//1
f 3390//1 3391//1 3392//1
f 3392//1 3391//1 3393//1
f 3392//1 3393//1 3394//1
f 3394//1 3393//1 3395//1
f 3394//1 3395//1 3396//1
f 3396//1 3395//1 3397//1
f 3396//1 3397//1 3353//1
f 3353//1 3397//1 3355//1
f 236//1 3398//1 244//1
f 244//1 3398//1 3399//1
f 244//1 3399//1 3400//1
f 3400//1 3399//1 3401//1
f 3400//1 3401//1 3402//1
f 3402//1 3401//1 3403//1
f 3402//1 3403//1 3404//1
f 3404//1 3403//1 3405//1
f 3404//1 3405//1 3406//1
f 3406//1 3405//1 3407//1
f 3406//1 3407//1 3408//1
f 3408//1 3407//1 3409//1
f 3408//1 3409//1 3410//1
f 3410//1 3409//1 3411//1
f 3410//1 3411//1 3412//1
f 3412//1 3411//1 3413//1
f 3412//1 3413//1 3414//1
f 3414//1 3413//1 3415//1
f 3414//1 3415//1 3416//1
f 3416//1 3415//1 3417//1
f 3416//1 3417//1 3418//1
f 3418//1 3417//1 3419//1
f 3418//1 3419//1 3420//1
f 3420//1 3419//1 3421//1
f 3420//1 3421//1 3361//1
f 3361//1 3421//1 3363//1
f 3241//1 276//1 3236//1
f 3236//1 276//1 277//1
f 3236//1 277//1 279//1
f 3236//1 279//1 3422//1
f 3422//1 279//1 281//1
f 3422//1 281//1 283//1
f 3422//1 283//1 3237//1
f 3237//1 283//1 284//1
f 3237//1 284//1 3232//1
f 284//1 286//1 3232//1
f 290//1 3232//1 288//1
f 291//1 3232//1 290//1
f 293//1 3232//1 291//1
f 295//1 3232//1 293//1
f 298//1 3423//1 297//1
f 297//1 3423//1 3424//1
f 297//1 3424//1 3232//1
f 298//1 300//1 3423//1
f 3423//1 300//1 3425//1
f 3423//1 3425//1 3424//1
f 3424//1 3425//1 3426//1
f 3424//1 3426//1 3427//1
f 3427//1 3426//1 3428//1
f 3427//1 3428//1 3429//1
f 3429//1 3428//1 3430//1
f 3429//1 3430//1 3431//1
f 3431//1 3430//1 3432//1
f 3431//1 3432//1 3433//1
f 3433//1 3432//1 3434//1
f 3433//1 3434//1 3435//1
f 3435//1 3434//1 3436//1
f 3435//1 3436//1 3437//1
f 3437//1 3436//1 3438//1
f 3437//1 3438//1 3439//1
f 3439//1 3438//1 3440//1
f 3439//1 3440//1 3441//1
f 3441//1 3440//1 3442//1
f 3441//1 3442//1 3443//1
f 3443//1 3442//1 3444//1
f 3443//1 3444//1 3445//1
f 3445//1 3444//1 3446//1
f 3445//1 3446//1 3447//1
f 3447//1 3446//1 3448//1
f 3447//1 3448//1 3449//1
f 3449//1 3448//1 3450//1
f 3449//1 3450//1 3451//1
f 3451//1 3450//1 3452//1
f 3451//1 3452//1 3453//1
f 3453//1 3452//1 3454//1
f 3453//1 3454//1 3455//1
f 3455//1 3454//1 3456//1
f 3455//1 3456//1 3457//1
f 3457//1 3456//1 3458//1
f 3457//1 3458//1 3459//1
f 3459//1 3458//1 3460//1
f 3459//1 3460//1 3461//1
f 3461//1 3460//1 3462//1
f 3461//1 3462//1 3463//1
f 3463//1 3462//1 3464//1
f 3463//1 3464//1 3465//1
f 3465//1 3464//1 3466//1
f 3465//1 3466//1 3467//1
f 3467//1 3466//1 3468//1
f 3467//1 3468//1 3469//1
f 3469//1 3468//1 3470//1
f 3469//1 3470//1 3471//1
f 3471//1 3470//1 3472//1
f 3471//1 3472//1 3473//1
f 3473//1 3472//1 3474//1
f 3473//1 3474//1 3475//1
f 3475//1 3474//1 3476//1
f 3475//1 3476//1 3477//1
f 3477//1 3476//1 3478//1
f 3477//1 3478//1 3479//1
f 3479//1 3478//1 3480//1
f 3479//1 3480//1 3481//1
f 3481//1 3480//1 3482//1
f 3481//1 3482//1 3483//1
f 3483//1 3482//1 3484//1
f 3483//1 3484//1 3485//1
f 3485//1 3484//1 3486//1
f 3485//1 3486//1 3487//1
f 3487//1 3486//1 3488//1
f 3487//1 3488//1 3489//1
f 3489//1 3488//1 3490//1
f 3489//1 3490//1 3491//1
f 3491//1 3490//1 3492//1
f 3491//1 3492//1 3493//1
f 3493//1 3492//1 3494//1
f 3493//1 3494//1 3495//1
f 3495//1 3494//1 3496//1
f 3495//1 3496//1 3497//1
f 3497//1 3496//1 3498//1
f 3497//1 3498//1 3499//1
f 3499//1 3498//1 3500//1
f 3499//1 3500//1 3501//1
f 3501//1 3500//1 3502//1
f 3501//1 3502//1 3503//1
f 3503//1 3502//1 3504//1
f 3503//1 3504//1 3505//1
f 3505//1 3504//1 3506//1
f 3505//1 3506//1 3507//1
f 3507//1 3506//1 3508//1
f 3507//1 3508//1 3509//1
f 3509//1 3508//1 3510//1
f 3509//1 3510//1 3511//1
f 3511//1 3510//1 3512//1
f 3511//1 3512//1 3513//1
f 3513//1 3512//1 3514//1
f 3513//1 3514//1 3515//1
f 3515//1 3514//1 3516//1
f 3515//1 3516//1 3517//1
f 3517//1 3516//1 3045//1
f 3517//1 3045//1 3043//1
f 3425//1 300//1 3518//1
f 3518//1 300//1 250//1
f 3518//1 250//1 3519//1
f 3519//1 250//1 249//1
f 3519//1 249//1 3520//1
f 3520//1 249//1 3521//1
f 3520//1 3521//1 3522//1
f 3522//1 3521//1 3523//1
f 3522//1 3523//1 3524//1
f 3524//1 3523//1 3525//1
f 3524//1 3525//1 3526//1
f 3526//1 3525//1 3527//1
f 3526//1 3527//1 3528//1
f 3528//1 3527//1 3529//1
f 3528//1 3529//1 3530//1
f 3530//1 3529//1 3531//1
f 3530//1 3531//1 3532//1
f 3532//1 3531//1 3533//1
f 3532//1 3533//1 3534//1
f 3534//1 3533//1 3535//1
f 3534//1 3535//1 3536//1
f 3536//1 3535//1 3537//1
f 3536//1 3537//1 3538//1
f 3538//1 3537//1 3539//1
f 3538//1 3539//1 3540//1
f 3540//1 3539//1 3541//1
f 3540//1 3541//1 3542//1
f 3542//1 3541//1 3543//1
f 3542//1 3543//1 3544//1
f 3544//1 3543//1 3545//1
f 3544//1 3545//1 3546//1
f 3546//1 3545//1 3547//1
f 3546//1 3547//1 3548//1
f 3548//1 3547//1 3275//1
f 3548//1 3275//1 3277//1
f 249//1 247//1 3521//1
f 3521//1 247//1 3549//1
f 3521//1 3549//1 3523//1
f 3523//1 3549//1 3550//1
f 3523//1 3550//1 3525//1
f 3525//1 3550//1 3551//1
f 3525//1 3551//1 3527//1
f 3527//1 3551//1 3552//1
f 3527//1 3552//1 3529//1
f 3529//1 3552//1 3553//1
f 3529//1 3553//1 3531//1
f 3531//1 3553//1 3554//1
f 3531//1 3554//1 3533//1
f 3533//1 3554//1 3555//1
f 3533//1 3555//1 3535//1
f 3535//1 3555//1 3556//1
f 3535//1 3556//1 3537//1
f 3537//1 3556//1 3557//1
f 3537//1 3557//1 3539//1
f 3539//1 3557//1 3558//1
f 3539//1 3558//1 3541//1
f 3541//1 3558//1 3559//1
f 3541//1 3559//1 3543//1
f 3543//1 3559//1 3560//1
f 3543//1 3560//1 3545//1
f 3545//1 3560//1 3561//1
f 3545//1 3561//1 3547//1
f 3547//1 3561//1 3273//1
f 3547//1 3273//1 3275//1
f 247//1 251//1 3549//1
f 3549//1 251//1 3562//1
f 3549//1 3562//1 3550//1
f 3550//1 3562//1 3563//1
f 3550//1 3563//1 3551//1
f 3551//1 3563//1 3564//1
f 3551//1 3564//1 3552//1
f 3552//1 3564//1 3565//1
f 3552//1 3565//1 3553//1
f 3553//1 3565//1 3566//1
f 3553//1 3566//1 3554//1
f 3554//1 3566//1 3567//1
f 3554//1 3567//1 3555//1
f 3555//1 3567//1 3568//1
f 3555//1 3568//1 3556//1
f 3556//1 3568//1 3569//1
f 3556//1 3569//1 3557//1
f 3557//1 3569//1 3570//1
f 3557//1 3570//1 3558//1
f 3558//1 3570//1 3571//1
f 3558//1 3571//1 3559//1
f 3559//1 3571//1 3572//1
f 3559//1 3572//1 3560//1
f 3560//1 3572//1 3573//1
f 3560//1 3573//1 3561//1
f 3561//1 3573//1 3271//1
f 3561//1 3271//1 3273//1
f 251//1 253//1 3562//1
f 3562//1 253//1 3574//1
f 3562//1 3574//1 3563//1
f 3563//1 3574//1 3575//1
f 3563//1 3575//1 3564//1
f 3564//1 3575//1 3576//1
f 3564//1 3576//1 3565//1
f 3565//1 3576//1 3577//1
f 3565//1 3577//1 3566//1
f 3566//1 3577//1 3578//1
f 3566//1 3578//1 3567//1
f 3567//1 3578//1 3579//1
f 3567//1 3579//1 3568//1
f 3568//1 3579//1 3580//1
f 3568//1 3580//1 3569//1
f 3569//1 3580//1 3581//1
f 3569//1 3581//1 3570//1
f 3570//1 3581//1 3582//1
f 3570//1 3582//1 3571//1
f 3571//1 3582//1 3583//1
f 3571//1 3583//1 3572//1
f 3572//1 3583//1 3584//1
f 3572//1 3584//1 3573//1
f 3573//1 3584//1 3269//1
f 3573//1 3269//1 3271//1
f 253//1 255//1 3574//1
f 3574//1 255//1 3585//1
f 3574//1 3585//1 3575//1
f 3575//1 3585//1 3586//1
f 3575//1 3586//1 3576//1
f 3576//1 3586//1 3587//1
f 3576//1 3587//1 3577//1
f 3577//1 3587//1 3588//1
f 3577//1 3588//1 3578//1
f 3578//1 3588//1 3589//1
f 3578//1 3589//1 3579//1
f 3579//1 3589//1 3590//1
f 3579//1 3590//1 3580//1
f 3580//1 3590//1 3591//1
f 3580//1 3591//1 3581//1
f 3581//1 3591//1 3592//1
f 3581//1 3592//1 3582//1
f 3582//1 3592//1 3593//1
f 3582//1 3593//1 3583//1
f 3583//1 3593//1 3594//1
f 3583//1 3594//1 3584//1
f 3584//1 3594//1 3267//1
f 3584//1 3267//1 3269//1
f 3585//1 255//1 3595//1
f 3595//1 255//1 256//1
f 3595//1 256//1 3596//1
f 3596//1 256//1 258//1
f 3596//1 258//1 3597//1
f 3597//1 258//1 260//1
f 3597//1 260//1 3598//1
f 3598//1 260//1 3599//1
f 3598//1 3599//1 3600//1
f 3600//1 3599//1 3601//1
f 3600//1 3601//1 3602//1
f 3602//1 3601//1 3603//1
f 3602//1 3603//1 3604//1
f 3604//1 3603//1 3605//1
f 3604//1 3605//1 3606//1
f 3606//1 3605//1 3607//1
f 3606//1 3607//1 3608//1
f 3608//1 3607//1 3257//1
f 3608//1 3257//1 3259//1
f 260//1 262//1 3599//1
f 3599//1 262//1 3609//1
f 3599//1 3609//1 3601//1
f 3601//1 3609//1 3610//1
f 3601//1 3610//1 3603//1
f 3603//1 3610//1 3611//1
f 3603//1 3611//1 3605//1
f 3605//1 3611//1 3612//1
f 3605//1 3612//1 3607//1
f 3607//1 3612//1 3255//1
f 3607//1 3255//1 3257//1
f 262//1 263//1 3609//1
f 3609//1 263//1 3613//1
f 3609//1 3613//1 3610//1
f 3610//1 3613//1 3614//1
f 3610//1 3614//1 3611//1
f 3611//1 3614//1 3615//1
f 3611//1 3615//1 3612//1
f 3612//1 3615//1 3253//1
f 3612//1 3253//1 3255//1
f 3613//1 263//1 3616//1
f 3616//1 263//1 265//1
f 3616//1 265//1 3617//1
f 3617//1 265//1 267//1
f 3617//1 267//1 3247//1
f 3247//1 267//1 269//1
f 333//1 3618//1 332//1
f 332//1 3618//1 3041//1
f 332//1 3041//1 3040//1
f 3618//1 333//1 3619//1
f 3619//1 333//1 335//1
f 3619//1 335//1 3620//1
f 3620//1 335//1 337//1
f 3620//1 337//1 3621//1
f 3621//1 337//1 339//1
f 3621//1 339//1 3622//1
f 3622//1 339//1 3623//1
f 3622//1 3623//1 3509//1
f 3509//1 3623//1 3507//1
f 339//1 340//1 3623//1
f 3623//1 340//1 3624//1
f 3623//1 3624//1 3507//1
f 3507//1 3624//1 3505//1
f 340//1 342//1 3624//1
f 3624//1 342//1 3625//1
f 3624//1 3625//1 3505//1
f 3505//1 3625//1 3503//1
f 342//1 344//1 3625//1
f 3625//1 344//1 3626//1
f 3625//1 3626//1 3503//1
f 3503//1 3626//1 3501//1
f 3626//1 344//1 3627//1
f 3627//1 344//1 346//1
f 3627//1 346//1 3628//1
f 3628//1 346//1 347//1
f 3628//1 347//1 3629//1
f 3629//1 347//1 3630//1
f 3629//1 3630//1 3495//1
f 3495//1 3630//1 3493//1
f 347//1 349//1 3630//1
f 3630//1 349//1 3631//1
f 3630//1 3631//1 3493//1
f 3493//1 3631//1 3491//1
f 349//1 351//1 3631//1
f 3631//1 351//1 3632//1
f 3631//1 3632//1 3491//1
f 3491//1 3632//1 3489//1
f 351//1 353//1 3632//1
f 3632//1 353//1 3633//1
f 3632//1 3633//1 3489//1
f 3489//1 3633//1 3487//1
f 3633//1 353//1 3634//1
f 3634//1 353//1 354//1
f 3634//1 354//1 3635//1
f 3635//1 354//1 356//1
f 3635//1 356//1 3636//1
f 3636//1 356//1 306//1
f 3636//1 306//1 3637//1
f 3637//1 306//1 305//1
f 3637//1 305//1 3638//1
f 3638//1 305//1 3639//1
f 3638//1 3639//1 3477//1
f 3477//1 3639//1 3475//1
f 305//1 303//1 3639//1
f 3639//1 303//1 3640//1
f 3639//1 3640//1 3475//1
f 3475//1 3640//1 3473//1
f 303//1 307//1 3640//1
f 3640//1 307//1 3641//1
f 3640//1 3641//1 3473//1
f 3473//1 3641//1 3471//1
f 307//1 309//1 3641//1
f 3641//1 309//1 3642//1
f 3641//1 3642//1 3643//1
f 3643//1 3642//1 311//1
f 3643//1 311//1 3469//1
f 3469//1 311//1 312//1
f 3469//1 312//1 3232//1
f 309//1 311//1 3642//1
f 312//1 314//1 3232//1
f 318//1 3232//1 316//1
f 319//1 3232//1 318//1
f 321//1 3232//1 319//1
f 323//1 3232//1 321//1
f 326//1 3644//1 325//1
f 325//1 3644//1 3645//1
f 325//1 3645//1 3232//1
f 326//1 328//1 3644//1
f 3644//1 328//1 229//1
f 3644//1 229//1 3645//1
f 3645//1 229//1 3646//1
f 3645//1 3646//1 3232//1
f 328//1 330//1 229//1
f 229//1 330//1 3040//1
f 330//1 332//1 3040//1
f 359//1 3163//1 361//1
f 361//1 3163//1 3165//1
f 361//1 3165//1 362//1
f 362//1 3165//1 3167//1
f 362//1 3167//1 557//1
f 557//1 3167//1 3169//1
f 557//1 3169//1 555//1
f 555//1 3169//1 3171//1
f 555//1 3171//1 553//1
f 553//1 3171//1 3173//1
f 553//1 3173//1 551//1
f 551//1 3173//1 3175//1
f 551//1 3175//1 549//1
f 549//1 3175//1 3177//1
f 549//1 3177//1 547//1
f 547//1 3177//1 3179//1
f 547//1 3179//1 545//1
f 545//1 3179//1 3181//1
f 545//1 3181//1 543//1
f 543//1 3181//1 3183//1
f 543//1 3183//1 541//1
f 541//1 3183//1 3185//1
f 541//1 3185//1 539//1
f 539//1 3185//1 3187//1
f 539//1 3187//1 537//1
f 537//1 3187//1 3189//1
f 537//1 3189//1 535//1
f 535//1 3189//1 3191//1
f 535//1 3191//1 533//1
f 533//1 3191//1 3193//1
f 533//1 3193//1 531//1
f 531//1 3193//1 3195//1
f 531//1 3195//1 529//1
f 529//1 3195//1 3197//1
f 529//1 3197//1 527//1
f 527//1 3197//1 3199//1
f 527//1 3199//1 525//1
f 525//1 3199//1 3201//1
f 525//1 3201//1 523//1
f 523//1 3201//1 3203//1
f 523//1 3203//1 521//1
f 521//1 3203//1 3205//1
f 521//1 3205//1 519//1
f 519//1 3205//1 3207//1
f 519//1 3207//1 517//1
f 517//1 3207//1 3209//1
f 517//1 3209//1 515//1
f 515//1 3209//1 3211//1
f 515//1 3211//1 513//1
f 513//1 3211//1 3213//1
f 513//1 3213//1 511//1
f 511//1 3213//1 3215//1
f 511//1 3215//1 509//1
f 509//1 3215//1 3217//1
f 509//1 3217//1 507//1
f 507//1 3217//1 3219//1
f 507//1 3219//1 505//1
f 505//1 3219//1 3221//1
f 505//1 3221//1 503//1
f 503//1 3221//1 3223//1
f 503//1 3223//1 501//1
f 501//1 3223//1 3225//1
f 501//1 3225//1 499//1
f 499//1 3225//1 3227//1
f 499//1 3227//1 497//1
f 497//1 3227//1 2944//1
f 3163//1 359//1 3161//1
f 3161//1 359//1 363//1
f 3161//1 363//1 3159//1
f 3159//1 363//1 365//1
f 3159//1 365//1 3157//1
f 3157//1 365//1 367//1
f 3157//1 367//1 3155//1
f 3155//1 367//1 369//1
f 3155//1 369//1 3153//1
f 3153//1 369//1 371//1
f 3153//1 371//1 3151//1
f 3151//1 371//1 373//1
f 3151//1 373//1 3149//1
f 3149//1 373//1 375//1
f 3149//1 375//1 3147//1
f 3147//1 375//1 377//1
f 3147//1 377//1 3145//1
f 3145//1 377//1 379//1
f 3145//1 379//1 3143//1
f 3143//1 379//1 381//1
f 3143//1 381//1 3141//1
f 3141//1 381//1 383//1
f 3141//1 383//1 3139//1
f 3139//1 383//1 385//1
f 3139//1 385//1 3137//1
f 3137//1 385//1 387//1
f 3137//1 387//1 3135//1
f 3135//1 387//1 389//1
f 3135//1 389//1 3133//1
f 3133//1 389//1 391//1
f 3133//1 391//1 3131//1
f 3131//1 391//1 393//1
f 3131//1 393//1 3129//1
f 3129//1 393//1 395//1
f 3129//1 395//1 3127//1
f 3127//1 395//1 397//1
f 3127//1 397//1 3125//1
f 3125//1 397//1 399//1
f 3125//1 399//1 3123//1
f 3123//1 399//1 401//1
f 3123//1 401//1 3121//1
f 3121//1 401//1 403//1
f 3121//1 403//1 3119//1
f 3119//1 403//1 405//1
f 3119//1 405//1 3117//1
f 3117//1 405//1 407//1
f 3117//1 407//1 3115//1
f 3115//1 407//1 409//1
f 3115//1 409//1 3113//1
f 3113//1 409//1 411//1
f 3113//1 411//1 3111//1
f 3111//1 411//1 413//1
f 3111//1 413//1 3109//1
f 3109//1 413//1 415//1
f 3109//1 415//1 3107//1
f 3107//1 415//1 417//1
f 3107//1 417//1 3105//1
f 3105//1 417//1 419//1
f 3105//1 419//1 3103//1
f 3103//1 419//1 421//1
f 3103//1 421//1 3101//1
f 3101//1 421//1 423//1
f 3101//1 423//1 3099//1
f 3099//1 423//1 425//1
f 3099//1 425//1 3097//1
f 3097//1 425//1 427//1
f 3097//1 427//1 3095//1
f 3095//1 427//1 428//1
f 3095//1 428//1 3093//1
f 3093//1 428//1 430//1
f 3093//1 430//1 3091//1
f 3091//1 430//1 432//1
f 434//1 436//1 3088//1
f 3088//1 436//1 3647//1
f 3088//1 3647//1 3086//1
f 3086//1 3647//1 3648//1
f 3086//1 3648//1 3084//1
f 3084//1 3648//1 3649//1
f 3084//1 3649//1 3082//1
f 3082//1 3649//1 3650//1
f 3082//1 3650//1 3080//1
f 3080//1 3650//1 3651//1
f 3080//1 3651//1 3078//1
f 3078//1 3651//1 3652//1
f 3078//1 3652//1 3076//1
f 3076//1 3652//1 3653//1
f 3076//1 3653//1 3074//1
f 3074//1 3653//1 3654//1
f 3074//1 3654//1 3072//1
f 3072//1 3654//1 3655//1
f 3072//1 3655//1 3070//1
f 3070//1 3655//1 3656//1
f 3070//1 3656//1 3068//1
f 3068//1 3656//1 3657//1
f 3068//1 3657//1 3066//1
f 3066//1 3657//1 3658//1
f 3066//1 3658//1 3064//1
f 3064//1 3658//1 3659//1
f 3064//1 3659//1 3062//1
f 3062//1 3659//1 3660//1
f 3062//1 3660//1 3060//1
f 3060//1 3660//1 3661//1
f 3060//1 3661//1 3058//1
f 3058//1 3661//1 3662//1
f 3058//1 3662//1 3056//1
f 3056//1 3662//1 3663//1
f 3056//1 3663//1 3054//1
f 3054//1 3663//1 3664//1
f 3054//1 3664//1 3052//1
f 3052//1 3664//1 3665//1
f 3052//1 3665//1 3050//1
f 3050//1 3665//1 3666//1
f 3050//1 3666//1 3048//1
f 3048//1 3666//1 3667//1
f 3048//1 3667//1 3046//1
f 3046//1 3667//1 3668//1
f 3046//1 3668//1 3044//1
f 3044//1 3668//1 3669//1
f 3044//1 3669//1 3042//1
f 3042//1 3669//1 3670//1
f 3042//1 3670//1 3671//1
f 3671//1 3670//1 3672//1
f 3671//1 3672//1 3673//1
f 3673//1 3672//1 2991//1
f 3673//1 2991//1 228//1
f 436//1 438//1 3647//1
f 3647//1 438//1 3674//1
f 3647//1 3674//1 3648//1
f 3648//1 3674//1 3675//1
f 3648//1 3675//1 3649//1
f 3649//1 3675//1 3676//1
f 3649//1 3676//1 3650//1
f 3650//1 3676//1 3677//1
f 3650//1 3677//1 3651//1
f 3651//1 3677//1 3678//1
f 3651//1 3678//1 3652//1
f 3652//1 3678//1 3679//1
f 3652//1 3679//1 3653//1
f 3653//1 3679//1 3680//1
f 3653//1 3680//1 3654//1
f 3654//1 3680//1 3681//1
f 3654//1 3681//1 3655//1
f 3655//1 3681//1 3682//1
f 3655//1 3682//1 3656//1
f 3656//1 3682//1 3683//1
f 3656//1 3683//1 3657//1
f 3657//1 3683//1 3684//1
f 3657//1 3684//1 3658//1
f 3658//1 3684//1 3685//1
f 3658//1 3685//1 3659//1
f 3659//1 3685//1 3686//1
f 3659//1 3686//1 3660//1
f 3660//1 3686//1 3687//1
f 3660//1 3687//1 3661//1
f 3661//1 3687//1 3688//1
f 3661//1 3688//1 3662//1
f 3662//1 3688//1 3689//1
f 3662//1 3689//1 3663//1
f 3663//1 3689//1 3690//1
f 3663//1 3690//1 3664//1
f 3664//1 3690//1 3691//1
f 3664//1 3691//1 3665//1
f 3665//1 3691//1 3692//1
f 3665//1 3692//1 3666//1
f 3666//1 3692//1 3693//1
f 3666//1 3693//1 3667//1
f 3667//1 3693//1 3694//1
f 3667//1 3694//1 3668//1
f 3668//1 3694//1 3695//1
f 3668//1 3695//1 3669//1
f 3669//1 3695//1 3696//1
f 3669//1 3696//1 3670//1
f 3670//1 3696//1 3697//1
f 3670//1 3697//1 3672//1
f 3672//1 3697//1 3698//1
f 3672//1 3698//1 2991//1
f 2991//1 3698//1 2992//1
f 438//1 440//1 3674//1
f 3674//1 440//1 3699//1
f 3674//1 3699//1 3675//1
f 3675//1 3699//1 3700//1
f 3675//1 3700//1 3676//1
f 3676//1 3700//1 3701//1
f 3676//1 3701//1 3677//1
f 3677//1 3701//1 3702//1
f 3677//1 3702//1 3678//1
f 3678//1 3702//1 3703//1
f 3678//1 3703//1 3679//1
f 3679//1 3703//1 3704//1
f 3679//1 3704//1 3680//1
f 3680//1 3704//1 3705//1
f 3680//1 3705//1 3681//1
f 3681//1 3705//1 3706//1
f 3681//1 3706//1 3682//1
f 3682//1 3706//1 3707//1
f 3682//1 3707//1 3683//1
f 3683//1 3707//1 3708//1
f 3683//1 3708//1 3684//1
f 3684//1 3708//1 3709//1
f 3684//1 3709//1 3685//1
f 3685//1 3709//1 3710//1
f 3685//1 3710//1 3686//1
f 3686//1 3710//1 3711//1
f 3686//1 3711//1 3687//1
f 3687//1 3711//1 3712//1
f 3687//1 3712//1 3688//1
f 3688//1 3712//1 3713//1
f 3688//1 3713//1 3689//1
f 3689//1 3713//1 3714//1
f 3689//1 3714//1 3690//1
f 3690//1 3714//1 3715//1
f 3690//1 3715//1 3691//1
f 3691//1 3715//1 3716//1
f 3691//1 3716//1 3692//1
f 3692//1 3716//1 3717//1
f 3692//1 3717//1 3693//1
f 3693//1 3717//1 3718//1
f 3693//1 3718//1 3694//1
f 3694//1 3718//1 3719//1
f 3694//1 3719//1 3695//1
f 3695//1 3719//1 3720//1
f 3695//1 3720//1 3696//1
f 3696//1 3720//1 3721//1
f 3696//1 3721//1 3697//1
f 3697//1 3721//1 3722//1
f 3697//1 3722//1 3698//1
f 3698//1 3722//1 2994//1
f 3698//1 2994//1 2992//1
f 440//1 442//1 3699//1
f 3699//1 442//1 3723//1
f 3699//1 3723//1 3700//1
f 3700//1 3723//1 3724//1
f 3700//1 3724//1 3701//1
f 3701//1 3724//1 3725//1
f 3701//1 3725//1 3702//1
f 3702//1 3725//1 3726//1
f 3702//1 3726//1 3703//1
f 3703//1 3726//1 3727//1
f 3703//1 3727//1 3704//1
f 3704//1 3727//1 3728//1
f 3704//1 3728//1 3705//1
f 3705//1 3728//1 3729//1
f 3705//1 3729//1 3706//1
f 3706//1 3729//1 3730//1
f 3706//1 3730//1 3707//1
f 3707//1 3730//1 3731//1
f 3707//1 3731//1 3708//1
f 3708//1 3731//1 3732//1
f 3708//1 3732//1 3709//1
f 3709//1 3732//1 3733//1
f 3709//1 3733//1 3710//1
f 3710//1 3733//1 3734//1
f 3710//1 3734//1 3711//1
f 3711//1 3734//1 3735//1
f 3711//1 3735//1 3712//1
f 3712//1 3735//1 3736//1
f 3712//1 3736//1 3713//1
f 3713//1 3736//1 3737//1
f 3713//1 3737//1 3714//1
f 3714//1 3737//1 3738//1
f 3714//1 3738//1 3715//1
f 3715//1 3738//1 3739//1
f 3715//1 3739//1 3716//1
f 3716//1 3739//1 3740//1
f 3716//1 3740//1 3717//1
f 3717//1 3740//1 3741//1
f 3717//1 3741//1 3718//1
f 3718//1 3741//1 3742//1
f 3718//1 3742//1 3719//1
f 3719//1 3742//1 3743//1
f 3719//1 3743//1 3720//1
f 3720//1 3743//1 3744//1
f 3720//1 3744//1 3721//1
f 3721//1 3744//1 3745//1
f 3721//1 3745//1 3722//1
f 3722//1 3745//1 2996//1
f 3722//1 2996//1 2994//1
f 442//1 444//1 3723//1
f 3723//1 444//1 3746//1
f 3723//1 3746//1 3724//1
f 3724//1 3746//1 3747//1
f 3724//1 3747//1 3725//1
f 3725//1 3747//1 3748//1
f 3725//1 3748//1 3726//1
f 3726//1 3748//1 3749//1
f 3726//1 3749//1 3727//1
f 3727//1 3749//1 3750//1
f 3727//1 3750//1 3728//1
f 3728//1 3750//1 3751//1
f 3728//1 3751//1 3729//1
f 3729//1 3751//1 3752//1
f 3729//1 3752//1 3730//1
f 3730//1 3752//1 3753//1
f 3730//1 3753//1 3731//1
f 3731//1 3753//1 3754//1
f 3731//1 3754//1 3732//1
f 3732//1 3754//1 3755//1
f 3732//1 3755//1 3733//1
f 3733//1 3755//1 3756//1
f 3733//1 3756//1 3734//1
f 3734//1 3756//1 3757//1
f 3734//1 3757//1 3735//1
f 3735//1 3757//1 3758//1
f 3735//1 3758//1 3736//1
f 3736//1 3758//1 3759//1
f 3736//1 3759//1 3737//1
f 3737//1 3759//1 3760//1
f 3737//1 3760//1 3738//1
f 3738//1 3760//1 3761//1
f 3738//1 3761//1 3739//1
f 3739//1 3761//1 3762//1
f 3739//1 3762//1 3740//1
f 3740//1 3762//1 3763//1
f 3740//1 3763//1 3741//1
f 3741//1 3763//1 3764//1
f 3741//1 3764//1 3742//1
f 3742//1 3764//1 3765//1
f 3742//1 3765//1 3743//1
f 3743//1 3765//1 3766//1
f 3743//1 3766//1 3744//1
f 3744//1 3766//1 3767//1
f 3744//1 3767//1 3745//1
f 3745//1 3767//1 2998//1
f 3745//1 2998//1 2996//1
f 444//1 446//1 3746//1
f 3746//1 446//1 3768//1
f 3746//1 3768//1 3747//1
f 3747//1 3768//1 3769//1
f 3747//1 3769//1 3748//1
f 3748//1 3769//1 3770//1
f 3748//1 3770//1 3749//1
f 3749//1 3770//1 3771//1
f 3749//1 3771//1 3750//1
f 3750//1 3771//1 3772//1
f 3750//1 3772//1 3751//1
f 3751//1 3772//1 3773//1
f 3751//1 3773//1 3752//1
f 3752//1 3773//1 3774//1
f 3752//1 3774//1 3753//1
f 3753//1 3774//1 3775//1
f 3753//1 3775//1 3754//1
f 3754//1 3775//1 3776//1
f 3754//1 3776//1 3755//1
f 3755//1 3776//1 3777//1
f 3755//1 3777//1 3756//1
f 3756//1 3777//1 3778//1
f 3756//1 3778//1 3757//1
f 3757//1 3778//1 3779//1
f 3757//1 3779//1 3758//1
f 3758//1 3779//1 3780//1
f 3758//1 3780//1 3759//1
f 3759//1 3780//1 3781//1
f 3759//1 3781//1 3760//1
f 3760//1 3781//1 3782//1
f 3760//1 3782//1 3761//1
f 3761//1 3782//1 3783//1
f 3761//1 3783//1 3762//1
f 3762//1 3783//1 3784//1
f 3762//1 3784//1 3763//1
f 3763//1 3784//1 3785//1
f 3763//1 3785//1 3764//1
f 3764//1 3785//1 3786//1
f 3764//1 3786//1 3765//1
f 3765//1 3786//1 3787//1
f 3765//1 3787//1 3766//1
f 3766//1 3787//1 3788//1
f 3766//1 3788//1 3767//1
f 3767//1 3788//1 3000//1
f 3767//1 3000//1 2998//1
f 446//1 448//1 3768//1
f 3768//1 448//1 3789//1
f 3768//1 3789//1 3769//1
f 3769//1 3789//1 3790//1
f 3769//1 3790//1 3770//1
f 3770//1 3790//1 3791//1
f 3770//1 3791//1 3771//1
f 3771//1 3791//1 3792//1
f 3771//1 3792//1 3772//1
f 3772//1 3792//1 3793//1
f 3772//1 3793//1 3773//1
f 3773//1 3793//1 3794//1
f 3773//1 3794//1 3774//1
f 3774//1 3794//1 3795//1
f 3774//1 3795//1 3775//1
f 3775//1 3795//1 3796//1
f 3775//1 3796//1 3776//1
f 3776//1 3796//1 3797//1
f 3776//1 3797//1 3777//1
f 3777//1 3797//1 3798//1
f 3777//1 3798//1 3778//1
f 3778//1 3798//1 3799//1
f 3778//1 3799//1 3779//1
f 3779//1 3799//1 3800//1
f 3779//1 3800//1 3780//1
f 3780//1 3800//1 3801//1
f 3780//1 3801//1 3781//1
f 3781//1 3801//1 3802//1
f 3781//1 3802//1 3782//1
f 3782//1 3802//1 3803//1
f 3782//1 3803//1 3783//1
f 3783//1 3803//1 3804//1
f 3783//1 3804//1 3784//1
f 3784//1 3804//1 3805//1
f 3784//1 3805//1 3785//1
f 3785//1 3805//1 3806//1
f 3785//1 3806//1 3786//1
f 3786//1 3806//1 3807//1
f 3786//1 3807//1 3787//1
f 3787//1 3807//1 3808//1
f 3787//1 3808//1 3788//1
f 3788//1 3808//1 3002//1
f 3788//1 3002//1 3000//1
f 448//1 450//1 3789//1
f 3789//1 450//1 3809//1
f 3789//1 3809//1 3790//1
f 3790//1 3809//1 3810//1
f 3790//1 3810//1 3791//1
f 3791//1 3810//1 3811//1
f 3791//1 3811//1 3792//1
f 3792//1 3811//1 3812//1
f 3792//1 3812//1 3793//1
f 3793//1 3812//1 3813//1
f 3793//1 3813//1 3794//1
f 3794//1 3813//1 3814//1
f 3794//1 3814//1 3795//1
f 3795//1 3814//1 3815//1
f 3795//1 3815//1 3796//1
f 3796//1 3815//1 3816//1
f 3796//1 3816//1 3797//1
f 3797//1 3816//1 3817//1
f 3797//1 3817//1 3798//1
f 3798//1 3817//1 3818//1
f 3798//1 3818//1 3799//1
f 3799//1 3818//1 3819//1
f 3799//1 3819//1 3800//1
f 3800//1 3819//1 3820//1
f 3800//1 3820//1 3801//1
f 3801//1 3820//1 3821//1
f 3801//1 3821//1 3802//1
f 3802//1 3821//1 3822//1
f 3802//1 3822//1 3803//1
f 3803//1 3822//1 3823//1
f 3803//1 3823//1 3804//1
f 3804//1 3823//1 3824//1
f 3804//1 3824//1 3805//1
f 3805//1 3824//1 3825//1
f 3805//1 3825//1 3806//1
f 3806//1 3825//1 3826//1
f 3806//1 3826//1 3807//1
f 3807//1 3826//1 3827//1
f 3807//1 3827//1 3808//1
f 3808//1 3827//1 3004//1
f 3808//1 3004//1 3002//1
f 450//1 452//1 3809//1
f 3809//1 452//1 3828//1
f 3809//1 3828//1 3810//1
f 3810//1 3828//1 3829//1
f 3810//1 3829//1 3811//1
f 3811//1 3829//1 3830//1
f 3811//1 3830//1 3812//1
f 3812//1 3830//1 3831//1
f 3812//1 3831//1 3813//1
f 3813//1 3831//1 3832//1
f 3813//1 3832//1 3814//1
f 3814//1 3832//1 3833//1
f 3814//1 3833//1 3815//1
f 3815//1 3833//1 3834//1
f 3815//1 3834//1 3816//1
f 3816//1 3834//1 3835//1
f 3816//1 3835//1 3817//1
f 3817//1 3835//1 3836//1
f 3817//1 3836//1 3818//1
f 3818//1 3836//1 3837//1
f 3818//1 3837//1 3819//1
f 3819//1 3837//1 3838//1
f 3819//1 3838//1 3820//1
f 3820//1 3838//1 3839//1
f 3820//1 3839//1 3821//1
f 3821//1 3839//1 3840//1
f 3821//1 3840//1 3822//1
f 3822//1 3840//1 3841//1
f 3822//1 3841//1 3823//1
f 3823//1 3841//1 3842//1
f 3823//1 3842//1 3824//1
f 3824//1 3842//1 3843//1
f 3824//1 3843//1 3825//1
f 3825//1 3843//1 3844//1
f 3825//1 3844//1 3826//1
f 3826//1 3844//1 3845//1
f 3826//1 3845//1 3827//1
f 3827//1 3845//1 3006//1
f 3827//1 3006//1 3004//1
f 452//1 454//1 3828//1
f 3828//1 454//1 3846//1
f 3828//1 3846//1 3829//1
f 3829//1 3846//1 3847//1
f 3829//1 3847//1 3830//1
f 3830//1 3847//1 3848//1
f 3830//1 3848//1 3831//1
f 3831//1 3848//1 3849//1
f 3831//1 3849//1 3832//1
f 3832//1 3849//1 3850//1
f 3832//1 3850//1 3833//1
f 3833//1 3850//1 3851//1
f 3833//1 3851//1 3834//1
f 3834//1 3851//1 3852//1
f 3834//1 3852//1 3835//1
f 3835//1 3852//1 3853//1
f 3835//1 3853//1 3836//1
f 3836//1 3853//1 3854//1
f 3836//1 3854//1 3837//1
f 3837//1 3854//1 3855//1
f 3837//1 3855//1 3838//1
f 3838//1 3855//1 3856//1
f 3838//1 3856//1 3839//1
f 3839//1 3856//1 3857//1
f 3839//1 3857//1 3840//1
f 3840//1 3857//1 3858//1
f 3840//1 3858//1 3841//1
f 3841//1 3858//1 3859//1
f 3841//1 3859//1 3842//1
f 3842//1 3859//1 3860//1
f 3842//1 3860//1 3843//1
f 3843//1 3860//1 3861//1
f 3843//1 3861//1 3844//1
f 3844//1 3861//1 3862//1
f 3844//1 3862//1 3845//1
f 3845//1 3862//1 3008//1
f 3845//1 3008//1 3006//1
f 454//1 456//1 3846//1
f 3846//1 456//1 3863//1
f 3846//1 3863//1 3847//1
f 3847//1 3863//1 3864//1
f 3847//1 3864//1 3848//1
f 3848//1 3864//1 3865//1
f 3848//1 3865//1 3849//1
f 3849//1 3865//1 3866//1
f 3849//1 3866//1 3850//1
f 3850//1 3866//1 3867//1
f 3850//1 3867//1 3851//1
f 3851//1 3867//1 3868//1
f 3851//1 3868//1 3852//1
f 3852//1 3868//1 3869//1
f 3852//1 3869//1 3853//1
f 3853//1 3869//1 3870//1
f 3853//1 3870//1 3854//1
f 3854//1 3870//1 3871//1
f 3854//1 3871//1 3855//1
f 3855//1 3871//1 3872//1
f 3855//1 3872//1 3856//1
f 3856//1 3872//1 3873//1
f 3856//1 3873//1 3857//1
f 3857//1 3873//1 3874//1
f 3857//1 3874//1 3858//1
f 3858//1 3874//1 3875//1
f 3858//1 3875//1 3859//1
f 3859//1 3875//1 3876//1
f 3859//1 3876//1 3860//1
f 3860//1 3876//1 3877//1
f 3860//1 3877//1 3861//1
f 3861//1 3877//1 3878//1
f 3861//1 3878//1 3862//1
f 3862//1 3878//1 3010//1
f 3862//1 3010//1 3008//1
f 456//1 458//1 3863//1
f 3863//1 458//1 3879//1
f 3863//1 3879//1 3864//1
f 3864//1 3879//1 3880//1
f 3864//1 3880//1 3865//1
f 3865//1 3880//1 3881//1
f 3865//1 3881//1 3866//1
f 3866//1 3881//1 3882//1
f 3866//1 3882//1 3867//1
f 3867//1 3882//1 3883//1
f 3867//1 3883//1 3868//1
f 3868//1 3883//1 3884//1
f 3868//1 3884//1 3869//1
f 3869//1 3884//1 3885//1
f 3869//1 3885//1 3870//1
f 3870//1 3885//1 3886//1
f 3870//1 3886//1 3871//1
f 3871//1 3886//1 3887//1
f 3871//1 3887//1 3872//1
f 3872//1 3887//1 3888//1
f 3872//1 3888//1 3873//1
f 3873//1 3888//1 3889//1
f 3873//1 3889//1 3874//1
f 3874//1 3889//1 3890//1
f 3874//1 3890//1 3875//1
f 3875//1 3890//1 3891//1
f 3875//1 3891//1 3876//1
f 3876//1 3891//1 3892//1
f 3876//1 3892//1 3877//1
f 3877//1 3892//1 3893//1
f 3877//1 3893//1 3878//1
f 3878//1 3893//1 3012//1
f 3878//1 3012//1 3010//1
f 458//1 460//1 3879//1
f 3879//1 460//1 3894//1
f 3879//1 3894//1 3880//1
f 3880//1 3894//1 3895//1
f 3880//1 3895//1 3881//1
f 3881//1 3895//1 3896//1
f 3881//1 3896//1 3882//1
f 3882//1 3896//1 3897//1
f 3882//1 3897//1 3883//1
f 3883//1 3897//1 3898//1
f 3883//1 3898//1 3884//1
f 3884//1 3898//1 3899//1
f 3884//1 3899//1 3885//1
f 3885//1 3899//1 3900//1
f 3885//1 3900//1 3886//1
f 3886//1 3900//1 3901//1
f 3886//1 3901//1 3887//1
f 3887//1 3901//1 3902//1
f 3887//1 3902//1 3888//1
f 3888//1 3902//1 3903//1
f 3888//1 3903//1 3889//1
f 3889//1 3903//1 3904//1
f 3889//1 3904//1 3890//1
f 3890//1 3904//1 3905//1
f 3890//1 3905//1 3891//1
f 3891//1 3905//1 3906//1
f 3891//1 3906//1 3892//1
f 3892//1 3906//1 3907//1
f 3892//1 3907//1 3893//1
f 3893//1 3907//1 3014//1
f 3893//1 3014//1 3012//1
f 460//1 462//1 3894//1
f 3894//1 462//1 3908//1
f 3894//1 3908//1 3895//1
f 3895//1 3908//1 3909//1
f 3895//1 3909//1 3896//1
f 3896//1 3909//1 3910//1
f 3896//1 3910//1 3897//1
f 3897//1 3910//1 3911//1
f 3897//1 3911//1 3898//1
f 3898//1 3911//1 3912//1
f 3898//1 3912//1 3899//1
f 3899//1 3912//1 3913//1
f 3899//1 3913//1 3900//1
f 3900//1 3913//1 3914//1
f 3900//1 3914//1 3901//1
f 3901//1 3914//1 3915//1
f 3901//1 3915//1 3902//1
f 3902//1 3915//1 3916//1
f 3902//1 3916//1 3903//1
f 3903//1 3916//1 3917//1
f 3903//1 3917//1 3904//1
f 3904//1 3917//1 3918//1
f 3904//1 3918//1 3905//1
f 3905//1 3918//1 3919//1
f 3905//1 3919//1 3906//1
f 3906//1 3919//1 3920//1
f 3906//1 3920//1 3907//1
f 3907//1 3920//1 3016//1
f 3907//1 3016//1 3014//1
f 462//1 464//1 3908//1
f 3908//1 464//1 3921//1
f 3908//1 3921//1 3909//1
f 3909//1 3921//1 3922//1
f 3909//1 3922//1 3910//1
f 3910//1 3922//1 3923//1
f 3910//1 3923//1 3911//1
f 3911//1 3923//1 3924//1
f 3911//1 3924//1 3912//1
f 3912//1 3924//1 3925//1
f 3912//1 3925//1 3913//1
f 3913//1 3925//1 3926//1
f 3913//1 3926//1 3914//1
f 3914//1 3926//1 3927//1
f 3914//1 3927//1 3915//1
f 3915//1 3927//1 3928//1
f 3915//1 3928//1 3916//1
f 3916//1 3928//1 3929//1
f 3916//1 3929//1 3917//1
f 3917//1 3929//1 3930//1
f 3917//1 3930//1 3918//1
f 3918//1 3930//1 3931//1
f 3918//1 3931//1 3919//1
f 3919//1 3931//1 3932//1
f 3919//1 3932//1 3920//1
f 3920//1 3932//1 3018//1
f 3920//1 3018//1 3016//1
f 464//1 466//1 3921//1
f 3921//1 466//1 3933//1
f 3921//1 3933//1 3922//1
f 3922//1 3933//1 3934//1
f 3922//1 3934//1 3923//1
f 3923//1 3934//1 3935//1
f 3923//1 3935//1 3924//1
f 3924//1 3935//1 3936//1
f 3924//1 3936//1 3925//1
f 3925//1 3936//1 3937//1
f 3925//1 3937//1 3926//1
f 3926//1 3937//1 3938//1
f 3926//1 3938//1 3927//1
f 3927//1 3938//1 3939//1
f 3927//1 3939//1 3928//1
f 3928//1 3939//1 3940//1
f 3928//1 3940//1 3929//1
f 3929//1 3940//1 3941//1
f 3929//1 3941//1 3930//1
f 3930//1 3941//1 3942//1
f 3930//1 3942//1 3931//1
f 3931//1 3942//1 3943//1
f 3931//1 3943//1 3932//1
f 3932//1 3943//1 3020//1
f 3932//1 3020//1 3018//1
f 466//1 468//1 3933//1
f 3933//1 468//1 3944//1
f 3933//1 3944//1 3934//1
f 3934//1 3944//1 3945//1
f 3934//1 3945//1 3935//1
f 3935//1 3945//1 3946//1
f 3935//1 3946//1 3936//1
f 3936//1 3946//1 3947//1
f 3936//1 3947//1 3937//1
f 3937//1 3947//1 3948//1
f 3937//1 3948//1 3938//1
f 3938//1 3948//1 3949//1
f 3938//1 3949//1 3939//1
f 3939//1 3949//1 3950//1
f 3939//1 3950//1 3940//1
f 3940//1 3950//1 3951//1
f 3940//1 3951//1 3941//1
f 3941//1 3951//1 3952//1
f 3941//1 3952//1 3942//1
f 3942//1 3952//1 3953//1
f 3942//1 3953//1 3943//1
f 3943//1 3953//1 3022//1
f 3943//1 3022//1 3020//1
f 468//1 470//1 3944//1
f 3944//1 470//1 3954//1
f 3944//1 3954//1 3945//1
f 3945//1 3954//1 3955//1
f 3945//1 3955//1 3946//1
f 3946//1 3955//1 3956//1
f 3946//1 3956//1 3947//1
f 3947//1 3956//1 3957//1
f 3947//1 3957//1 3948//1
f 3948//1 3957//1 3958//1
f 3948//1 3958//1 3949//1
f 3949//1 3958//1 3959//1
f 3949//1 3959//1 3950//1
f 3950//1 3959//1 3960//1
f 3950//1 3960//1 3951//1
f 3951//1 3960//1 3961//1
f 3951//1 3961//1 3952//1
f 3952//1 3961//1 3962//1
f 3952//1 3962//1 3953//1
f 3953//1 3962//1 3024//1
f 3953//1 3024//1 3022//1
f 470//1 472//1 3954//1
f 3954//1 472//1 3963//1
f 3954//1 3963//1 3955//1
f 3955//1 3963//1 3964//1
f 3955//1 3964//1 3956//1
f 3956//1 3964//1 3965//1
f 3956//1 3965//1 3957//1
f 3957//1 3965//1 3966//1
f 3957//1 3966//1 3958//1
f 3958//1 3966//1 3967//1
f 3958//1 3967//1 3959//1
f 3959//1 3967//1 3968//1
f 3959//1 3968//1 3960//1
f 3960//1 3968//1 3969//1
f 3960//1 3969//1 3961//1
f 3961//1 3969//1 3970//1
f 3961//1 3970//1 3962//1
f 3962//1 3970//1 3026//1
f 3962//1 3026//1 3024//1
f 472//1 474//1 3963//1
f 3963//1 474//1 3971//1
f 3963//1 3971//1 3964//1
f 3964//1 3971//1 3972//1
f 3964//1 3972//1 3965//1
f 3965//1 3972//1 3973//1
f 3965//1 3973//1 3966//1
f 3966//1 3973//1 3974//1
f 3966//1 3974//1 3967//1
f 3967//1 3974//1 3975//1
f 3967//1 3975//1 3968//1
f 3968//1 3975//1 3976//1
f 3968//1 3976//1 3969//1
f 3969//1 3976//1 3977//1
f 3969//1 3977//1 3970//1
f 3970//1 3977//1 3028//1
f 3970//1 3028//1 3026//1
f 474//1 476//1 3971//1
f 3971//1 476//1 3978//1
f 3971//1 3978//1 3972//1
f 3972//1 3978//1 3979//1
f 3972//1 3979//1 3973//1
f 3973//1 3979//1 3980//1
f 3973//1 3980//1 3974//1
f 3974//1 3980//1 3981//1
f 3974//1 3981//1 3975//1
f 3975//1 3981//1 3982//1
f 3975//1 3982//1 3976//1
f 3976//1 3982//1 3983//1
f 3976//1 3983//1 3977//1
f 3977//1 3983//1 3030//1
f 3977//1 3030//1 3028//1
f 476//1 478//1 3978//1
f 3978//1 478//1 3984//1
f 3978//1 3984//1 3979//1
f 3979//1 3984//1 3985//1
f 3979//1 3985//1 3980//1
f 3980//1 3985//1 3986//1
f 3980//1 3986//1 3981//1
f 3981//1 3986//1 3987//1
f 3981//1 3987//1 3982//1
f 3982//1 3987//1 3988//1
f 3982//1 3988//1 3983//1
f 3983//1 3988//1 3032//1
f 3983//1 3032//1 3030//1
f 478//1 480//1 3984//1
f 3984//1 480//1 3989//1
f 3984//1 3989//1 3985//1
f 3985//1 3989//1 3990//1
f 3985//1 3990//1 3986//1
f 3986//1 3990//1 3991//1
f 3986//1 3991//1 3987//1
f 3987//1 3991//1 3992//1
f 3987//1 3992//1 3988//1
f 3988//1 3992//1 3034//1
f 3988//1 3034//1 3032//1
f 480//1 482//1 3989//1
f 3989//1 482//1 3990//1
f 3990//1 482//1 3991//1
f 3991//1 482//1 484//1
f 3991//1 484//1 3993//1
f 3993//1 484//1 486//1
f 3993//1 486//1 3038//1
f 3038//1 486//1 488//1
f 3039//1 490//1 2989//1
f 2989//1 490//1 492//1
f 2990//1 494//1 2943//1
f 2943//1 494//1 495//1
f 231//1 3994//1 3995//1
f 3995//1 3994//1 3232//1
f 3995//1 3232//1 3996//1
f 3996//1 3232//1 3997//1
f 3997//1 3232//1 3998//1
f 3998//1 3232//1 3999//1
f 3999//1 3232//1 4000//1
f 4000//1 3232//1 3229//1
f 3229//1 3232//1 3230//1
f 3231//1 3232//1 3646//1
f 325//1 3232//1 323//1
f 316//1 3232//1 314//1
f 3469//1 3232//1 3467//1
f 3467//1 3232//1 3465//1
f 3465//1 3232//1 3463//1
f 3463//1 3232//1 3461//1
f 3461//1 3232//1 3459//1
f 3459//1 3232//1 3457//1
f 3457//1 3232//1 3455//1
f 3455//1 3232//1 3453//1
f 3453//1 3232//1 3451//1
f 3451//1 3232//1 3449//1
f 3449//1 3232//1 3447//1
f 3447//1 3232//1 3445//1
f 3445//1 3232//1 3443//1
f 3443//1 3232//1 3441//1
f 3441//1 3232//1 3439//1
f 3439//1 3232//1 3437//1
f 3437//1 3232//1 3435//1
f 3435//1 3232//1 3433//1
f 3433//1 3232//1 3431//1
f 3431//1 3232//1 3429//1
f 3429//1 3232//1 3427//1
f 3427//1 3232//1 3424//1
f 297//1 3232//1 295//1
f 288//1 3232//1 286//1
f 3238//1 3232//1 4001//1
f 4001//1 3232//1 4002//1
f 4002//1 3232//1 4003//1
f 4003//1 3232//1 4004//1
f 4004//1 3232//1 4005//1
f 4005//1 3232//1 3233//1
f 3233//1 3232//1 3234//1
f 3235//1 3232//1 4006//1
f 4006//1 3232//1 3994//1
f 3235//1 4006//1 231//1
f 231//1 4006//1 3994//1
f 3383//1 3382//1 4007//1
f 4007//1 3382//1 3381//1
f 4007//1 3381//1 4008//1
f 4008//1 3381//1 244//1
f 4008//1 244//1 3400//1
f 3385//1 3383//1 4009//1
f 4009//1 3383//1 4007//1
f 4009//1 4007//1 4010//1
f 4010//1 4007//1 4008//1
f 4010//1 4008//1 3402//1
f 3402//1 4008//1 3400//1
f 3387//1 3385//1 4011//1
f 4011//1 3385//1 4009//1
f 4011//1 4009//1 4012//1
f 4012//1 4009//1 4010//1
f 4012//1 4010//1 3404//1
f 3404//1 4010//1 3402//1
f 3389//1 3387//1 4013//1
f 4013//1 3387//1 4011//1
f 4013//1 4011//1 4014//1
f 4014//1 4011//1 4012//1
f 4014//1 4012//1 3406//1
f 3406//1 4012//1 3404//1
f 3391//1 3389//1 4015//1
f 4015//1 3389//1 4013//1
f 4015//1 4013//1 4016//1
f 4016//1 4013//1 4014//1
f 4016//1 4014//1 3408//1
f 3408//1 4014//1 3406//1
f 3393//1 3391//1 4017//1
f 4017//1 3391//1 4015//1
f 4017//1 4015//1 4018//1
f 4018//1 4015//1 4016//1
f 4018//1 4016//1 3410//1
f 3410//1 4016//1 3408//1
f 3395//1 3393//1 4019//1
f 4019//1 3393//1 4017//1
f 4019//1 4017//1 4020//1
f 4020//1 4017//1 4018//1
f 4020//1 4018//1 3412//1
f 3412//1 4018//1 3410//1
f 3397//1 3395//1 4021//1
f 4021//1 3395//1 4019//1
f 4021//1 4019//1 4022//1
f 4022//1 4019//1 4020//1
f 4022//1 4020//1 3414//1
f 3414//1 4020//1 3412//1
f 3355//1 3397//1 4023//1
f 4023//1 3397//1 4021//1
f 4023//1 4021//1 4024//1
f 4024//1 4021//1 4022//1
f 4024//1 4022//1 3416//1
f 3416//1 4022//1 3414//1
f 3356//1 4025//1 4026//1
f 4026//1 4025//1 4027//1
f 4026//1 4027//1 4028//1
f 4028//1 4027//1 4029//1
f 4028//1 4029//1 4030//1
f 4030//1 4029//1 4031//1
f 4030//1 4031//1 4032//1
f 4032//1 4031//1 4033//1
f 4032//1 4033//1 4034//1
f 4034//1 4033//1 4035//1
f 4034//1 4035//1 4036//1
f 4036//1 4035//1 4037//1
f 4036//1 4037//1 4038//1
f 4038//1 4037//1 4039//1
f 4038//1 4039//1 4040//1
f 4040//1 4039//1 4041//1
f 4040//1 4041//1 4042//1
f 4042//1 4041//1 4043//1
f 4042//1 4043//1 4044//1
f 4044//1 4043//1 4045//1
f 4044//1 4045//1 4046//1
f 4046//1 4045//1 4047//1
f 4046//1 4047//1 3313//1
f 3313//1 4047//1 3315//1
f 4025//1 4048//1 4027//1
f 4027//1 4048//1 4049//1
f 4027//1 4049//1 4029//1
f 4029//1 4049//1 4050//1
f 4029//1 4050//1 4031//1
f 4031//1 4050//1 4051//1
f 4031//1 4051//1 4033//1
f 4033//1 4051//1 4052//1
f 4033//1 4052//1 4035//1
f 4035//1 4052//1 4053//1
f 4035//1 4053//1 4037//1
f 4037//1 4053//1 4054//1
f 4037//1 4054//1 4039//1
f 4039//1 4054//1 4055//1
f 4039//1 4055//1 4041//1
f 4041//1 4055//1 4056//1
f 4041//1 4056//1 4043//1
f 4043//1 4056//1 4057//1
f 4043//1 4057//1 4045//1
f 4045//1 4057//1 4058//1
f 4045//1 4058//1 4047//1
f 4047//1 4058//1 4059//1
f 4047//1 4059//1 3315//1
f 3315//1 4059//1 3317//1
f 3356//1 3358//1 4025//1
f 4025//1 3358//1 4060//1
f 4025//1 4060//1 4048//1
f 4048//1 4060//1 4061//1
f 4048//1 4061//1 4062//1
f 4062//1 4061//1 4063//1
f 4062//1 4063//1 4064//1
f 4064//1 4063//1 4065//1
f 4064//1 4065//1 4066//1
f 4066//1 4065//1 4067//1
f 4066//1 4067//1 4068//1
f 4068//1 4067//1 4069//1
f 4068//1 4069//1 4070//1
f 4070//1 4069//1 4071//1
f 4070//1 4071//1 4072//1
f 4072//1 4071//1 4073//1
f 4072//1 4073//1 4074//1
f 4074//1 4073//1 4075//1
f 4074//1 4075//1 4076//1
f 4076//1 4075//1 4077//1
f 4076//1 4077//1 4078//1
f 4078//1 4077//1 3218//1
f 4078//1 3218//1 3216//1
f 4048//1 4062//1 4049//1
f 4049//1 4062//1 4079//1
f 4049//1 4079//1 4050//1
f 4050//1 4079//1 4080//1
f 4050//1 4080//1 4051//1
f 4051//1 4080//1 4081//1
f 4051//1 4081//1 4052//1
f 4052//1 4081//1 4082//1
f 4052//1 4082//1 4053//1
f 4053//1 4082//1 4083//1
f 4053//1 4083//1 4054//1
f 4054//1 4083//1 4084//1
f 4054//1 4084//1 4055//1
f 4055//1 4084//1 4085//1
f 4055//1 4085//1 4056//1
f 4056//1 4085//1 4086//1
f 4056//1 4086//1 4057//1
f 4057//1 4086//1 4087//1
f 4057//1 4087//1 4058//1
f 4058//1 4087//1 4088//1
f 4058//1 4088//1 4059//1
f 4059//1 4088//1 4089//1
f 4059//1 4089//1 3317//1
f 3317//1 4089//1 3319//1
f 4062//1 4064//1 4079//1
f 4079//1 4064//1 4090//1
f 4079//1 4090//1 4080//1
f 4080//1 4090//1 4091//1
f 4080//1 4091//1 4081//1
f 4081//1 4091//1 4092//1
f 4081//1 4092//1 4082//1
f 4082//1 4092//1 4093//1
f 4082//1 4093//1 4083//1
f 4083//1 4093//1 4094//1
f 4083//1 4094//1 4084//1
f 4084//1 4094//1 4095//1
f 4084//1 4095//1 4085//1
f 4085//1 4095//1 4096//1
f 4085//1 4096//1 4086//1
f 4086//1 4096//1 4097//1
f 4086//1 4097//1 4087//1
f 4087//1 4097//1 4098//1
f 4087//1 4098//1 4088//1
f 4088//1 4098//1 4099//1
f 4088//1 4099//1 4089//1
f 4089//1 4099//1 4100//1
f 4089//1 4100//1 3319//1
f 3319//1 4100//1 3321//1
f 4064//1 4066//1 4090//1
f 4090//1 4066//1 4101//1
f 4090//1 4101//1 4091//1
f 4091//1 4101//1 4102//1
f 4091//1 4102//1 4092//1
f 4092//1 4102//1 4103//1
f 4092//1 4103//1 4093//1
f 4093//1 4103//1 4104//1
f 4093//1 4104//1 4094//1
f 4094//1 4104//1 4105//1
f 4094//1 4105//1 4095//1
f 4095//1 4105//1 4106//1
f 4095//1 4106//1 4096//1
f 4096//1 4106//1 4107//1
f 4096//1 4107//1 4097//1
f 4097//1 4107//1 4108//1
f 4097//1 4108//1 4098//1
f 4098//1 4108//1 4109//1
f 4098//1 4109//1 4099//1
f 4099//1 4109//1 4110//1
f 4099//1 4110//1 4100//1
f 4100//1 4110//1 4111//1
f 4100//1 4111//1 3321//1
f 3321//1 4111//1 3323//1
f 4066//1 4068//1 4101//1
f 4101//1 4068//1 4112//1
f 4101//1 4112//1 4102//1
f 4102//1 4112//1 4113//1
f 4102//1 4113//1 4103//1
f 4103//1 4113//1 4114//1
f 4103//1 4114//1 4104//1
f 4104//1 4114//1 4115//1
f 4104//1 4115//1 4105//1
f 4105//1 4115//1 4116//1
f 4105//1 4116//1 4106//1
f 4106//1 4116//1 4117//1
f 4106//1 4117//1 4107//1
f 4107//1 4117//1 4118//1
f 4107//1 4118//1 4108//1
f 4108//1 4118//1 4119//1
f 4108//1 4119//1 4109//1
f 4109//1 4119//1 4120//1
f 4109//1 4120//1 4110//1
f 4110//1 4120//1 4121//1
f 4110//1 4121//1 4111//1
f 4111//1 4121//1 4122//1
f 4111//1 4122//1 3323//1
f 3323//1 4122//1 3325//1
f 4068//1 4070//1 4112//1
f 4112//1 4070//1 4123//1
f 4112//1 4123//1 4113//1
f 4113//1 4123//1 4124//1
f 4113//1 4124//1 4114//1
f 4114//1 4124//1 4125//1
f 4114//1 4125//1 4115//1
f 4115//1 4125//1 4126//1
f 4115//1 4126//1 4116//1
f 4116//1 4126//1 4127//1
f 4116//1 4127//1 4117//1
f 4117//1 4127//1 4128//1
f 4117//1 4128//1 4118//1
f 4118//1 4128//1 4129//1
f 4118//1 4129//1 4119//1
f 4119//1 4129//1 4130//1
f 4119//1 4130//1 4120//1
f 4120//1 4130//1 4131//1
f 4120//1 4131//1 4121//1
f 4121//1 4131//1 4132//1
f 4121//1 4132//1 4122//1
f 4122//1 4132//1 4133//1
f 4122//1 4133//1 3325//1
f 3325//1 4133//1 3327//1
f 4070//1 4072//1 4123//1
f 4123//1 4072//1 4134//1
f 4123//1 4134//1 4124//1
f 4124//1 4134//1 4135//1
f 4124//1 4135//1 4125//1
f 4125//1 4135//1 4136//1
f 4125//1 4136//1 4126//1
f 4126//1 4136//1 4137//1
f 4126//1 4137//1 4127//1
f 4127//1 4137//1 4138//1
f 4127//1 4138//1 4128//1
f 4128//1 4138//1 4139//1
f 4128//1 4139//1 4129//1
f 4129//1 4139//1 4140//1
f 4129//1 4140//1 4130//1
f 4130//1 4140//1 4141//1
f 4130//1 4141//1 4131//1
f 4131//1 4141//1 4142//1
f 4131//1 4142//1 4132//1
f 4132//1 4142//1 4143//1
f 4132//1 4143//1 4133//1
f 4133//1 4143//1 4144//1
f 4133//1 4144//1 3327//1
f 3327//1 4144//1 3329//1
f 4072//1 4074//1 4134//1
f 4134//1 4074//1 4145//1
f 4134//1 4145//1 4135//1
f 4135//1 4145//1 4146//1
f 4135//1 4146//1 4136//1
f 4136//1 4146//1 4147//1
f 4136//1 4147//1 4137//1
f 4137//1 4147//1 4148//1
f 4137//1 4148//1 4138//1
f 4138//1 4148//1 4149//1
f 4138//1 4149//1 4139//1
f 4139//1 4149//1 4150//1
f 4139//1 4150//1 4140//1
f 4140//1 4150//1 4151//1
f 4140//1 4151//1 4141//1
f 4141//1 4151//1 4152//1
f 4141//1 4152//1 4142//1
f 4142//1 4152//1 4153//1
f 4142//1 4153//1 4143//1
f 4143//1 4153//1 4154//1
f 4143//1 4154//1 4144//1
f 4144//1 4154//1 4155//1
f 4144//1 4155//1 3329//1
f 3329//1 4155//1 3331//1
f 4074//1 4076//1 4145//1
f 4145//1 4076//1 4156//1
f 4145//1 4156//1 4146//1
f 4146//1 4156//1 4157//1
f 4146//1 4157//1 4147//1
f 4147//1 4157//1 4158//1
f 4147//1 4158//1 4148//1
f 4148//1 4158//1 4159//1
f 4148//1 4159//1 4149//1
f 4149//1 4159//1 4160//1
f 4149//1 4160//1 4150//1
f 4150//1 4160//1 4161//1
f 4150//1 4161//1 4151//1
f 4151//1 4161//1 4162//1
f 4151//1 4162//1 4152//1
f 4152//1 4162//1 4163//1
f 4152//1 4163//1 4153//1
f 4153//1 4163//1 4164//1
f 4153//1 4164//1 4154//1
f 4154//1 4164//1 4165//1
f 4154//1 4165//1 4155//1
f 4155//1 4165//1 4166//1
f 4155//1 4166//1 3331//1
f 3331//1 4166//1 3333//1
f 4076//1 4078//1 4156//1
f 4156//1 4078//1 4167//1
f 4156//1 4167//1 4157//1
f 4157//1 4167//1 4168//1
f 4157//1 4168//1 4158//1
f 4158//1 4168//1 4169//1
f 4158//1 4169//1 4159//1
f 4159//1 4169//1 4170//1
f 4159//1 4170//1 4160//1
f 4160//1 4170//1 4171//1
f 4160//1 4171//1 4161//1
f 4161//1 4171//1 4172//1
f 4161//1 4172//1 4162//1
f 4162//1 4172//1 4173//1
f 4162//1 4173//1 4163//1
f 4163//1 4173//1 4174//1
f 4163//1 4174//1 4164//1
f 4164//1 4174//1 4175//1
f 4164//1 4175//1 4165//1
f 4165//1 4175//1 4176//1
f 4165//1 4176//1 4166//1
f 4166//1 4176//1 4177//1
f 4166//1 4177//1 3333//1
f 3333//1 4177//1 3335//1
f 4078//1 3216//1 4167//1
f 4167//1 3216//1 3214//1
f 4167//1 3214//1 4168//1
f 4168//1 3214//1 3212//1
f 4168//1 3212//1 4169//1
f 4169//1 3212//1 3210//1
f 4169//1 3210//1 4170//1
f 4170//1 3210//1 3208//1
f 4170//1 3208//1 4171//1
f 4171//1 3208//1 3206//1
f 4171//1 3206//1 4172//1
f 4172//1 3206//1 3204//1
f 4172//1 3204//1 4173//1
f 4173//1 3204//1 3202//1
f 4173//1 3202//1 4174//1
f 4174//1 3202//1 3200//1
f 4174//1 3200//1 4175//1
f 4175//1 3200//1 3198//1
f 4175//1 3198//1 4176//1
f 4176//1 3198//1 3196//1
f 4176//1 3196//1 4177//1
f 4177//1 3196//1 3194//1
f 4177//1 3194//1 3335//1
f 3335//1 3194//1 3192//1
f 3042//1 3671//1 228//1
f 228//1 3671//1 3673//1
f 3369//1 241//1 4178//1
f 4178//1 241//1 3373//1
f 4178//1 3373//1 3375//1
f 4004//1 4005//1 232//1
f 232//1 4005//1 3233//1
f 4001//1 4002//1 232//1
f 232//1 4002//1 4003//1
f 232//1 4003//1 4004//1
f 4001//1 232//1 3238//1
f 3239//1 220//1 3294//1
f 239//1 2993//1 2945//1
f 2945//1 2993//1 2995//1
f 2945//1 2995//1 2946//1
f 2946//1 2995//1 2997//1
f 2946//1 2997//1 2947//1
f 2947//1 2997//1 2999//1
f 2947//1 2999//1 2949//1
f 2949//1 2999//1 3001//1
f 2949//1 3001//1 2951//1
f 2951//1 3001//1 3003//1
f 2951//1 3003//1 2953//1
f 2953//1 3003//1 3005//1
f 2953//1 3005//1 2955//1
f 2955//1 3005//1 3007//1
f 2955//1 3007//1 2957//1
f 2957//1 3007//1 3009//1
f 2957//1 3009//1 2959//1
f 2959//1 3009//1 3011//1
f 2959//1 3011//1 2961//1
f 2961//1 3011//1 3013//1
f 2961//1 3013//1 2963//1
f 2963//1 3013//1 3015//1
f 2963//1 3015//1 2965//1
f 2965//1 3015//1 3017//1
f 2965//1 3017//1 2967//1
f 2967//1 3017//1 3019//1
f 2967//1 3019//1 2969//1
f 2969//1 3019//1 3021//1
f 2969//1 3021//1 2971//1
f 2971//1 3021//1 3023//1
f 2971//1 3023//1 2973//1
f 2973//1 3023//1 3025//1
f 2973//1 3025//1 2975//1
f 2975//1 3025//1 3027//1
f 2975//1 3027//1 2977//1
f 2977//1 3027//1 3029//1
f 2977//1 3029//1 2979//1
f 2979//1 3029//1 3031//1
f 2979//1 3031//1 2981//1
f 2981//1 3031//1 3033//1
f 2981//1 3033//1 2983//1
f 2983//1 3033//1 3035//1
f 2983//1 3035//1 2985//1
f 2985//1 3035//1 3037//1
f 2985//1 3037//1 2987//1
f 2987//1 3037//1 3039//1
f 2987//1 3039//1 2989//1
f 3646//1 229//1 3231//1
f 3998//1 3999//1 231//1
f 231//1 3999//1 4000//1
f 231//1 4000//1 3229//1
f 3997//1 3998//1 231//1
f 3997//1 231//1 3996//1
f 3996//1 231//1 3995//1
f 2901//1 2899//1 2948//1
f 2948//1 2899//1 2898//1
f 2903//1 2901//1 2950//1
f 2950//1 2901//1 2948//1
f 2905//1 2903//1 2952//1
f 2952//1 2903//1 2950//1
f 2907//1 2905//1 2954//1
f 2954//1 2905//1 2952//1
f 2909//1 2907//1 2956//1
f 2956//1 2907//1 2954//1
f 2911//1 2909//1 2958//1
f 2958//1 2909//1 2956//1
f 2913//1 2911//1 2960//1
f 2960//1 2911//1 2958//1
f 2915//1 2913//1 2962//1
f 2962//1 2913//1 2960//1
f 2917//1 2915//1 2964//1
f 2964//1 2915//1 2962//1
f 2919//1 2917//1 2966//1
f 2966//1 2917//1 2964//1
f 2921//1 2919//1 2968//1
f 2968//1 2919//1 2966//1
f 2923//1 2921//1 2970//1
f 2970//1 2921//1 2968//1
f 2925//1 2923//1 2972//1
f 2972//1 2923//1 2970//1
f 2927//1 2925//1 2974//1
f 2974//1 2925//1 2972//1
f 2929//1 2927//1 2976//1
f 2976//1 2927//1 2974//1
f 2931//1 2929//1 2978//1
f 2978//1 2929//1 2976//1
f 2933//1 2931//1 2980//1
f 2980//1 2931//1 2978//1
f 2935//1 2933//1 2982//1
f 2982//1 2933//1 2980//1
f 2937//1 2935//1 2984//1
f 2984//1 2935//1 2982//1
f 2939//1 2937//1 2986//1
f 2986//1 2937//1 2984//1
f 2941//1 2939//1 2988//1
f 2988//1 2939//1 2986//1
f 2943//1 2941//1 2990//1
f 2990//1 2941//1 2988//1
f 236//1 2900//1 4179//1
f 4179//1 2900//1 2902//1
f 4179//1 2902//1 4180//1
f 4180//1 2902//1 2904//1
f 4180//1 2904//1 4181//1
f 4181//1 2904//1 2906//1
f 4181//1 2906//1 4182//1
f 4182//1 2906//1 2908//1
f 4182//1 2908//1 4183//1
f 4183//1 2908//1 2910//1
f 4183//1 2910//1 4184//1
f 4184//1 2910//1 2912//1
f 4184//1 2912//1 4185//1
f 4185//1 2912//1 2914//1
f 4185//1 2914//1 4186//1
f 4186//1 2914//1 2916//1
f 4186//1 2916//1 4187//1
f 4187//1 2916//1 2918//1
f 4187//1 2918//1 4188//1
f 4188//1 2918//1 2920//1
f 4188//1 2920//1 4189//1
f 4189//1 2920//1 2922//1
f 4189//1 2922//1 4190//1
f 4190//1 2922//1 2924//1
f 4190//1 2924//1 4191//1
f 4191//1 2924//1 2926//1
f 4191//1 2926//1 4192//1
f 4192//1 2926//1 2928//1
f 4192//1 2928//1 3367//1
f 3367//1 2928//1 2930//1
f 3993//1 3038//1 3036//1
f 3993//1 3036//1 3992//1
f 3992//1 3036//1 3034//1
f 3186//1 4193//1 3188//1
f 3188//1 4193//1 4194//1
f 3188//1 4194//1 3190//1
f 3190//1 4194//1 3336//1
f 4193//1 4195//1 4194//1
f 4194//1 4195//1 4196//1
f 4194//1 4196//1 3336//1
f 3336//1 4196//1 3334//1
f 4193//1 3186//1 4197//1
f 4197//1 3186//1 3184//1
f 4197//1 3184//1 4198//1
f 4198//1 3184//1 3182//1
f 4198//1 3182//1 4199//1
f 4199//1 3182//1 3180//1
f 4199//1 3180//1 4200//1
f 4200//1 3180//1 3178//1
f 4200//1 3178//1 3290//1
f 3290//1 3178//1 3176//1
f 4195//1 4201//1 4196//1
f 4196//1 4201//1 4202//1
f 4196//1 4202//1 3334//1
f 3334//1 4202//1 3332//1
f 4195//1 4193//1 4203//1
f 4203//1 4193//1 4197//1
f 4203//1 4197//1 4204//1
f 4204//1 4197//1 4198//1
f 4204//1 4198//1 4205//1
f 4205//1 4198//1 4199//1
f 4205//1 4199//1 4206//1
f 4206//1 4199//1 4200//1
f 4206//1 4200//1 3288//1
f 3288//1 4200//1 3290//1
f 4201//1 4207//1 4202//1
f 4202//1 4207//1 4208//1
f 4202//1 4208//1 3332//1
f 3332//1 4208//1 3330//1
f 4201//1 4195//1 4209//1
f 4209//1 4195//1 4203//1
f 4209//1 4203//1 4210//1
f 4210//1 4203//1 4204//1
f 4210//1 4204//1 4211//1
f 4211//1 4204//1 4205//1
f 4211//1 4205//1 4212//1
f 4212//1 4205//1 4206//1
f 4212//1 4206//1 3286//1
f 3286//1 4206//1 3288//1
f 4207//1 4213//1 4208//1
f 4208//1 4213//1 4214//1
f 4208//1 4214//1 3330//1
f 3330//1 4214//1 3328//1
f 4207//1 4201//1 4215//1
f 4215//1 4201//1 4209//1
f 4215//1 4209//1 4216//1
f 4216//1 4209//1 4210//1
f 4216//1 4210//1 4217//1
f 4217//1 4210//1 4211//1
f 4217//1 4211//1 4218//1
f 4218//1 4211//1 4212//1
f 4218//1 4212//1 3284//1
f 3284//1 4212//1 3286//1
f 4213//1 4219//1 4214//1
f 4214//1 4219//1 4220//1
f 4214//1 4220//1 3328//1
f 3328//1 4220//1 3326//1
f 4213//1 4207//1 4221//1
f 4221//1 4207//1 4215//1
f 4221//1 4215//1 4222//1
f 4222//1 4215//1 4216//1
f 4222//1 4216//1 4223//1
f 4223//1 4216//1 4217//1
f 4223//1 4217//1 4224//1
f 4224//1 4217//1 4218//1
f 4224//1 4218//1 3282//1
f 3282//1 4218//1 3284//1
f 4219//1 4225//1 4220//1
f 4220//1 4225//1 4226//1
f 4220//1 4226//1 3326//1
f 3326//1 4226//1 3324//1
f 4219//1 4213//1 4227//1
f 4227//1 4213//1 4221//1
f 4227//1 4221//1 4228//1
f 4228//1 4221//1 4222//1
f 4228//1 4222//1 4229//1
f 4229//1 4222//1 4223//1
f 4229//1 4223//1 4230//1
f 4230//1 4223//1 4224//1
f 4230//1 4224//1 3280//1
f 3280//1 4224//1 3282//1
f 4225//1 4231//1 4226//1
f 4226//1 4231//1 4232//1
f 4226//1 4232//1 3324//1
f 3324//1 4232//1 3322//1
f 4225//1 4219//1 4233//1
f 4233//1 4219//1 4227//1
f 4233//1 4227//1 4234//1
f 4234//1 4227//1 4228//1
f 4234//1 4228//1 4235//1
f 4235//1 4228//1 4229//1
f 4235//1 4229//1 4236//1
f 4236//1 4229//1 4230//1
f 4236//1 4230//1 3278//1
f 3278//1 4230//1 3280//1
f 4231//1 4237//1 4232//1
f 4232//1 4237//1 4238//1
f 4232//1 4238//1 3322//1
f 3322//1 4238//1 3320//1
f 4231//1 4225//1 4239//1
f 4239//1 4225//1 4233//1
f 4239//1 4233//1 4240//1
f 4240//1 4233//1 4234//1
f 4240//1 4234//1 4241//1
f 4241//1 4234//1 4235//1
f 4241//1 4235//1 4242//1
f 4242//1 4235//1 4236//1
f 4242//1 4236//1 3276//1
f 3276//1 4236//1 3278//1
f 4237//1 4243//1 4238//1
f 4238//1 4243//1 4244//1
f 4238//1 4244//1 3320//1
f 3320//1 4244//1 3318//1
f 4237//1 4231//1 4245//1
f 4245//1 4231//1 4239//1
f 4245//1 4239//1 4246//1
f 4246//1 4239//1 4240//1
f 4246//1 4240//1 4247//1
f 4247//1 4240//1 4241//1
f 4247//1 4241//1 4248//1
f 4248//1 4241//1 4242//1
f 4248//1 4242//1 3274//1
f 3274//1 4242//1 3276//1
f 4243//1 4249//1 4244//1
f 4244//1 4249//1 4250//1
f 4244//1 4250//1 3318//1
f 3318//1 4250//1 3316//1
f 4243//1 4237//1 4251//1
f 4251//1 4237//1 4245//1
f 4251//1 4245//1 4252//1
f 4252//1 4245//1 4246//1
f 4252//1 4246//1 4253//1
f 4253//1 4246//1 4247//1
f 4253//1 4247//1 4254//1
f 4254//1 4247//1 4248//1
f 4254//1 4248//1 3272//1
f 3272//1 4248//1 3274//1
f 4249//1 4255//1 4250//1
f 4250//1 4255//1 4256//1
f 4250//1 4256//1 3316//1
f 3316//1 4256//1 3314//1
f 4249//1 4243//1 4257//1
f 4257//1 4243//1 4251//1
f 4257//1 4251//1 4258//1
f 4258//1 4251//1 4252//1
f 4258//1 4252//1 4259//1
f 4259//1 4252//1 4253//1
f 4259//1 4253//1 4260//1
f 4260//1 4253//1 4254//1
f 4260//1 4254//1 3270//1
f 3270//1 4254//1 3272//1
f 4255//1 4261//1 4256//1
f 4256//1 4261//1 4262//1
f 4256//1 4262//1 3314//1
f 3314//1 4262//1 3312//1
f 4255//1 4249//1 4263//1
f 4263//1 4249//1 4257//1
f 4263//1 4257//1 4264//1
f 4264//1 4257//1 4258//1
f 4264//1 4258//1 4265//1
f 4265//1 4258//1 4259//1
f 4265//1 4259//1 4266//1
f 4266//1 4259//1 4260//1
f 4266//1 4260//1 3268//1
f 3268//1 4260//1 3270//1
f 4261//1 4267//1 4262//1
f 4262//1 4267//1 4268//1
f 4262//1 4268//1 3312//1
f 3312//1 4268//1 3310//1
f 4261//1 4255//1 4269//1
f 4269//1 4255//1 4263//1
f 4269//1 4263//1 4270//1
f 4270//1 4263//1 4264//1
f 4270//1 4264//1 4271//1
f 4271//1 4264//1 4265//1
f 4271//1 4265//1 4272//1
f 4272//1 4265//1 4266//1
f 4272//1 4266//1 3266//1
f 3266//1 4266//1 3268//1
f 4267//1 4273//1 4268//1
f 4268//1 4273//1 4274//1
f 4268//1 4274//1 3310//1
f 3310//1 4274//1 3308//1
f 4267//1 4261//1 4275//1
f 4275//1 4261//1 4269//1
f 4275//1 4269//1 4276//1
f 4276//1 4269//1 4270//1
f 4276//1 4270//1 4277//1
f 4277//1 4270//1 4271//1
f 4277//1 4271//1 4278//1
f 4278//1 4271//1 4272//1
f 4278//1 4272//1 3264//1
f 3264//1 4272//1 3266//1
f 4273//1 4279//1 4274//1
f 4274//1 4279//1 4280//1
f 4274//1 4280//1 3308//1
f 3308//1 4280//1 3306//1
f 4273//1 4267//1 4281//1
f 4281//1 4267//1 4275//1
f 4281//1 4275//1 4282//1
f 4282//1 4275//1 4276//1
f 4282//1 4276//1 4283//1
f 4283//1 4276//1 4277//1
f 4283//1 4277//1 4284//1
f 4284//1 4277//1 4278//1
f 4284//1 4278//1 3262//1
f 3262//1 4278//1 3264//1
f 4279//1 4285//1 4280//1
f 4280//1 4285//1 4286//1
f 4280//1 4286//1 3306//1
f 3306//1 4286//1 3304//1
f 4279//1 4273//1 4287//1
f 4287//1 4273//1 4281//1
f 4287//1 4281//1 4288//1
f 4288//1 4281//1 4282//1
f 4288//1 4282//1 4289//1
f 4289//1 4282//1 4283//1
f 4289//1 4283//1 4290//1
f 4290//1 4283//1 4284//1
f 4290//1 4284//1 3260//1
f 3260//1 4284//1 3262//1
f 4285//1 4291//1 4286//1
f 4286//1 4291//1 4292//1
f 4286//1 4292//1 3304//1
f 3304//1 4292//1 3302//1
f 4285//1 4279//1 4293//1
f 4293//1 4279//1 4287//1
f 4293//1 4287//1 4294//1
f 4294//1 4287//1 4288//1
f 4294//1 4288//1 4295//1
f 4295//1 4288//1 4289//1
f 4295//1 4289//1 4296//1
f 4296//1 4289//1 4290//1
f 4296//1 4290//1 3258//1
f 3258//1 4290//1 3260//1
f 4291//1 4297//1 4292//1
f 4292//1 4297//1 4298//1
f 4292//1 4298//1 3302//1
f 3302//1 4298//1 3300//1
f 4291//1 4285//1 4299//1
f 4299//1 4285//1 4293//1
f 4299//1 4293//1 4300//1
f 4300//1 4293//1 4294//1
f 4300//1 4294//1 4301//1
f 4301//1 4294//1 4295//1
f 4301//1 4295//1 4302//1
f 4302//1 4295//1 4296//1
f 4302//1 4296//1 3256//1
f 3256//1 4296//1 3258//1
f 4297//1 4303//1 4298//1
f 4298//1 4303//1 4304//1
f 4298//1 4304//1 3300//1
f 3300//1 4304//1 3298//1
f 4297//1 4291//1 4305//1
f 4305//1 4291//1 4299//1
f 4305//1 4299//1 4306//1
f 4306//1 4299//1 4300//1
f 4306//1 4300//1 4307//1
f 4307//1 4300//1 4301//1
f 4307//1 4301//1 4308//1
f 4308//1 4301//1 4302//1
f 4308//1 4302//1 3254//1
f 3254//1 4302//1 3256//1
f 4303//1 4309//1 4304//1
f 4304//1 4309//1 4310//1
f 4304//1 4310//1 3298//1
f 3298//1 4310//1 3296//1
f 4303//1 4297//1 4311//1
f 4311//1 4297//1 4305//1
f 4311//1 4305//1 4312//1
f 4312//1 4305//1 4306//1
f 4312//1 4306//1 4313//1
f 4313//1 4306//1 4307//1
f 4313//1 4307//1 4314//1
f 4314//1 4307//1 4308//1
f 4314//1 4308//1 3252//1
f 3252//1 4308//1 3254//1
f 4309//1 3240//1 4310//1
f 4310//1 3240//1 3239//1
f 4310//1 3239//1 3296//1
f 3296//1 3239//1 3294//1
f 4309//1 4303//1 4315//1
f 4315//1 4303//1 4311//1
f 4315//1 4311//1 4316//1
f 4316//1 4311//1 4312//1
f 4316//1 4312//1 4317//1
f 4317//1 4312//1 4313//1
f 4317//1 4313//1 4318//1
f 4318//1 4313//1 4314//1
f 4318//1 4314//1 3250//1
f 3250//1 4314//1 3252//1
f 3236//1 218//1 3241//1
f 3240//1 4309//1 4319//1
f 4319//1 4309//1 4315//1
f 4319//1 4315//1 4320//1
f 4320//1 4315//1 4316//1
f 4320//1 4316//1 4321//1
f 4321//1 4316//1 4317//1
f 4321//1 4317//1 4322//1
f 4322//1 4317//1 4318//1
f 4322//1 4318//1 3248//1
f 3248//1 4318//1 3250//1
f 3313//1 3311//1 4046//1
f 4046//1 3311//1 4323//1
f 4046//1 4323//1 4044//1
f 4044//1 4323//1 4324//1
f 4044//1 4324//1 4042//1
f 4042//1 4324//1 4325//1
f 4042//1 4325//1 4040//1
f 4040//1 4325//1 4326//1
f 4040//1 4326//1 4038//1
f 4038//1 4326//1 4327//1
f 4038//1 4327//1 4036//1
f 4036//1 4327//1 4328//1
f 4036//1 4328//1 4034//1
f 4034//1 4328//1 4329//1
f 4034//1 4329//1 4032//1
f 4032//1 4329//1 4330//1
f 4032//1 4330//1 4030//1
f 4030//1 4330//1 4331//1
f 4030//1 4331//1 4028//1
f 4028//1 4331//1 4332//1
f 4028//1 4332//1 4026//1
f 4026//1 4332//1 3354//1
f 4026//1 3354//1 3356//1
f 3311//1 3309//1 4323//1
f 4323//1 3309//1 4333//1
f 4323//1 4333//1 4324//1
f 4324//1 4333//1 4334//1
f 4324//1 4334//1 4325//1
f 4325//1 4334//1 4335//1
f 4325//1 4335//1 4326//1
f 4326//1 4335//1 4336//1
f 4326//1 4336//1 4327//1
f 4327//1 4336//1 4337//1
f 4327//1 4337//1 4328//1
f 4328//1 4337//1 4338//1
f 4328//1 4338//1 4329//1
f 4329//1 4338//1 4339//1
f 4329//1 4339//1 4330//1
f 4330//1 4339//1 4340//1
f 4330//1 4340//1 4331//1
f 4331//1 4340//1 4341//1
f 4331//1 4341//1 4332//1
f 4332//1 4341//1 3352//1
f 4332//1 3352//1 3354//1
f 3309//1 3307//1 4333//1
f 4333//1 3307//1 4342//1
f 4333//1 4342//1 4334//1
f 4334//1 4342//1 4343//1
f 4334//1 4343//1 4335//1
f 4335//1 4343//1 4344//1
f 4335//1 4344//1 4336//1
f 4336//1 4344//1 4345//1
f 4336//1 4345//1 4337//1
f 4337//1 4345//1 4346//1
f 4337//1 4346//1 4338//1
f 4338//1 4346//1 4347//1
f 4338//1 4347//1 4339//1
f 4339//1 4347//1 4348//1
f 4339//1 4348//1 4340//1
f 4340//1 4348//1 4349//1
f 4340//1 4349//1 4341//1
f 4341//1 4349//1 3350//1
f 4341//1 3350//1 3352//1
f 3307//1 3305//1 4342//1
f 4342//1 3305//1 4350//1
f 4342//1 4350//1 4343//1
f 4343//1 4350//1 4351//1
f 4343//1 4351//1 4344//1
f 4344//1 4351//1 4352//1
f 4344//1 4352//1 4345//1
f 4345//1 4352//1 4353//1
f 4345//1 4353//1 4346//1
f 4346//1 4353//1 4354//1
f 4346//1 4354//1 4347//1
f 4347//1 4354//1 4355//1
f 4347//1 4355//1 4348//1
f 4348//1 4355//1 4356//1
f 4348//1 4356//1 4349//1
f 4349//1 4356//1 3348//1
f 4349//1 3348//1 3350//1
f 3305//1 3303//1 4350//1
f 4350//1 3303//1 4357//1
f 4350//1 4357//1 4351//1
f 4351//1 4357//1 4358//1
f 4351//1 4358//1 4352//1
f 4352//1 4358//1 4359//1
f 4352//1 4359//1 4353//1
f 4353//1 4359//1 4360//1
f 4353//1 4360//1 4354//1
f 4354//1 4360//1 4361//1
f 4354//1 4361//1 4355//1
f 4355//1 4361//1 4362//1
f 4355//1 4362//1 4356//1
f 4356//1 4362//1 3346//1
f 4356//1 3346//1 3348//1
f 3303//1 3301//1 4357//1
f 4357//1 3301//1 4363//1
f 4357//1 4363//1 4358//1
f 4358//1 4363//1 4364//1
f 4358//1 4364//1 4359//1
f 4359//1 4364//1 4365//1
f 4359//1 4365//1 4360//1
f 4360//1 4365//1 4366//1
f 4360//1 4366//1 4361//1
f 4361//1 4366//1 4367//1
f 4361//1 4367//1 4362//1
f 4362//1 4367//1 3344//1
f 4362//1 3344//1 3346//1
f 3301//1 3299//1 4363//1
f 4363//1 3299//1 4368//1
f 4363//1 4368//1 4364//1
f 4364//1 4368//1 4369//1
f 4364//1 4369//1 4365//1
f 4365//1 4369//1 4370//1
f 4365//1 4370//1 4366//1
f 4366//1 4370//1 4371//1
f 4366//1 4371//1 4367//1
f 4367//1 4371//1 3342//1
f 4367//1 3342//1 3344//1
f 3299//1 3297//1 4368//1
f 4368//1 3297//1 4372//1
f 4368//1 4372//1 4369//1
f 4369//1 4372//1 4373//1
f 4369//1 4373//1 4370//1
f 4370//1 4373//1 4374//1
f 4370//1 4374//1 4371//1
f 4371//1 4374//1 3340//1
f 4371//1 3340//1 3342//1
f 3297//1 3295//1 4372//1
f 4372//1 3295//1 4375//1
f 4372//1 4375//1 4373//1
f 4373//1 4375//1 4376//1
f 4373//1 4376//1 4374//1
f 4374//1 4376//1 3338//1
f 4374//1 3338//1 3340//1
f 3295//1 3293//1 4375//1
f 4375//1 3293//1 3292//1
f 4375//1 3292//1 4376//1
f 4376//1 3292//1 3337//1
f 4376//1 3337//1 3338//1
f 3375//1 3377//1 4377//1
f 4377//1 3377//1 4378//1
f 4377//1 4378//1 4379//1
f 4379//1 4378//1 3343//1
f 4379//1 3343//1 3341//1
f 3377//1 3379//1 4378//1
f 4378//1 3379//1 3345//1
f 4378//1 3345//1 3343//1
f 3379//1 3347//1 3345//1
f 3369//1 4178//1 4377//1
f 4377//1 4178//1 3375//1
f 3369//1 4377//1 4379//1
f 3355//1 4023//1 3357//1
f 3357//1 4023//1 4380//1
f 3357//1 4380//1 3359//1
f 3359//1 4380//1 3420//1
f 3359//1 3420//1 3361//1
f 4380//1 4023//1 4024//1
f 3358//1 3360//1 4060//1
f 4060//1 3360//1 4381//1
f 4060//1 4381//1 4061//1
f 4061//1 4381//1 4382//1
f 4061//1 4382//1 4063//1
f 4063//1 4382//1 4383//1
f 4063//1 4383//1 4065//1
f 4065//1 4383//1 4384//1
f 4065//1 4384//1 4067//1
f 4067//1 4384//1 4385//1
f 4067//1 4385//1 4069//1
f 4069//1 4385//1 4386//1
f 4069//1 4386//1 4071//1
f 4071//1 4386//1 4387//1
f 4071//1 4387//1 4073//1
f 4073//1 4387//1 4388//1
f 4073//1 4388//1 4075//1
f 4075//1 4388//1 4389//1
f 4075//1 4389//1 4077//1
f 4077//1 4389//1 3220//1
f 4077//1 3220//1 3218//1
f 3224//1 4390//1 3226//1
f 3226//1 4390//1 4391//1
f 3226//1 4391//1 3228//1
f 3228//1 4391//1 4392//1
f 3228//1 4392//1 2942//1
f 2942//1 4392//1 2940//1
f 4390//1 4393//1 4391//1
f 4391//1 4393//1 4394//1
f 4391//1 4394//1 4392//1
f 4392//1 4394//1 4395//1
f 4392//1 4395//1 2940//1
f 2940//1 4395//1 2938//1
f 4390//1 3224//1 4396//1
f 4396//1 3224//1 3222//1
f 4396//1 3222//1 4389//1
f 4389//1 3222//1 3220//1
f 4393//1 4397//1 4394//1
f 4394//1 4397//1 4398//1
f 4394//1 4398//1 4395//1
f 4395//1 4398//1 4399//1
f 4395//1 4399//1 2938//1
f 2938//1 4399//1 2936//1
f 4393//1 4390//1 4400//1
f 4400//1 4390//1 4396//1
f 4400//1 4396//1 4388//1
f 4388//1 4396//1 4389//1
f 4397//1 4401//1 4398//1
f 4398//1 4401//1 4402//1
f 4398//1 4402//1 4399//1
f 4399//1 4402//1 4403//1
f 4399//1 4403//1 2936//1
f 2936//1 4403//1 2934//1
f 4397//1 4393//1 4404//1
f 4404//1 4393//1 4400//1
f 4404//1 4400//1 4387//1
f 4387//1 4400//1 4388//1
f 4401//1 4405//1 4402//1
f 4402//1 4405//1 4406//1
f 4402//1 4406//1 4403//1
f 4403//1 4406//1 4407//1
f 4403//1 4407//1 2934//1
f 2934//1 4407//1 2932//1
f 4401//1 4397//1 4408//1
f 4408//1 4397//1 4404//1
f 4408//1 4404//1 4386//1
f 4386//1 4404//1 4387//1
f 4405//1 4409//1 4406//1
f 4406//1 4409//1 4410//1
f 4406//1 4410//1 4407//1
f 4407//1 4410//1 3368//1
f 4407//1 3368//1 2932//1
f 4405//1 4401//1 4411//1
f 4411//1 4401//1 4408//1
f 4411//1 4408//1 4385//1
f 4385//1 4408//1 4386//1
f 4409//1 4412//1 4410//1
f 4410//1 4412//1 3366//1
f 4410//1 3366//1 3368//1
f 4409//1 4405//1 4413//1
f 4413//1 4405//1 4411//1
f 4413//1 4411//1 4384//1
f 4384//1 4411//1 4385//1
f 3366//1 4412//1 3364//1
f 3364//1 4412//1 4414//1
f 3364//1 4414//1 3362//1
f 3362//1 4414//1 4381//1
f 3362//1 4381//1 3360//1
f 4412//1 4409//1 4415//1
f 4415//1 4409//1 4413//1
f 4415//1 4413//1 4383//1
f 4383//1 4413//1 4384//1
f 3363//1 3421//1 4416//1
f 4416//1 3421//1 4417//1
f 4416//1 4417//1 4191//1
f 4191//1 4417//1 4190//1
f 3421//1 3419//1 4417//1
f 4417//1 3419//1 4418//1
f 4417//1 4418//1 4190//1
f 4190//1 4418//1 4189//1
f 3419//1 3417//1 4418//1
f 4418//1 3417//1 4419//1
f 4418//1 4419//1 4189//1
f 4189//1 4419//1 4188//1
f 3417//1 3415//1 4419//1
f 4419//1 3415//1 4420//1
f 4419//1 4420//1 4188//1
f 4188//1 4420//1 4187//1
f 3415//1 3413//1 4420//1
f 4420//1 3413//1 4421//1
f 4420//1 4421//1 4187//1
f 4187//1 4421//1 4186//1
f 3413//1 3411//1 4421//1
f 4421//1 3411//1 4422//1
f 4421//1 4422//1 4186//1
f 4186//1 4422//1 4185//1
f 3411//1 3409//1 4422//1
f 4422//1 3409//1 4423//1
f 4422//1 4423//1 4185//1
f 4185//1 4423//1 4184//1
f 3409//1 3407//1 4423//1
f 4423//1 3407//1 4424//1
f 4423//1 4424//1 4184//1
f 4184//1 4424//1 4183//1
f 3407//1 3405//1 4424//1
f 4424//1 3405//1 4425//1
f 4424//1 4425//1 4183//1
f 4183//1 4425//1 4182//1
f 3405//1 3403//1 4425//1
f 4425//1 3403//1 4426//1
f 4425//1 4426//1 4182//1
f 4182//1 4426//1 4181//1
f 3403//1 3401//1 4426//1
f 4426//1 3401//1 4427//1
f 4426//1 4427//1 4181//1
f 4181//1 4427//1 4180//1
f 3401//1 3399//1 4427//1
f 4427//1 3399//1 3398//1
f 4427//1 3398//1 4180//1
f 4180//1 3398//1 4179//1
f 3363//1 4416//1 3365//1
f 3365//1 4416//1 4192//1
f 3365//1 4192//1 3367//1
f 4192//1 4416//1 4191//1
f 3243//1 3242//1 4319//1
f 4319//1 3242//1 3240//1
f 3243//1 4319//1 4320//1
f 3237//1 3236//1 3422//1
f 3136//1 4428//1 3138//1
f 3138//1 4428//1 4429//1
f 3138//1 4429//1 3140//1
f 3140//1 4429//1 4430//1
f 3140//1 4430//1 3142//1
f 3142//1 4430//1 4431//1
f 3142//1 4431//1 3144//1
f 3144//1 4431//1 4432//1
f 3144//1 4432//1 3146//1
f 3146//1 4432//1 4433//1
f 3146//1 4433//1 3148//1
f 3148//1 4433//1 4434//1
f 3148//1 4434//1 3150//1
f 3150//1 4434//1 4435//1
f 3150//1 4435//1 3152//1
f 3152//1 4435//1 4436//1
f 3152//1 4436//1 3154//1
f 3154//1 4436//1 4437//1
f 3154//1 4437//1 3156//1
f 3156//1 4437//1 4438//1
f 3156//1 4438//1 3158//1
f 3158//1 4438//1 4439//1
f 3158//1 4439//1 3160//1
f 3160//1 4439//1 4440//1
f 3160//1 4440//1 3162//1
f 3162//1 4440//1 4441//1
f 3162//1 4441//1 3164//1
f 3164//1 4441//1 4442//1
f 3164//1 4442//1 3166//1
f 3166//1 4442//1 4443//1
f 3166//1 4443//1 3168//1
f 3168//1 4443//1 4444//1
f 3168//1 4444//1 3170//1
f 3170//1 4444//1 4445//1
f 3170//1 4445//1 3172//1
f 3172//1 4445//1 4446//1
f 3172//1 4446//1 3174//1
f 3174//1 4446//1 3291//1
f 4428//1 4447//1 4429//1
f 4429//1 4447//1 4448//1
f 4429//1 4448//1 4430//1
f 4430//1 4448//1 4449//1
f 4430//1 4449//1 4431//1
f 4431//1 4449//1 4450//1
f 4431//1 4450//1 4432//1
f 4432//1 4450//1 4451//1
f 4432//1 4451//1 4433//1
f 4433//1 4451//1 4452//1
f 4433//1 4452//1 4434//1
f 4434//1 4452//1 4453//1
f 4434//1 4453//1 4435//1
f 4435//1 4453//1 4454//1
f 4435//1 4454//1 4436//1
f 4436//1 4454//1 4455//1
f 4436//1 4455//1 4437//1
f 4437//1 4455//1 4456//1
f 4437//1 4456//1 4438//1
f 4438//1 4456//1 4457//1
f 4438//1 4457//1 4439//1
f 4439//1 4457//1 4458//1
f 4439//1 4458//1 4440//1
f 4440//1 4458//1 4459//1
f 4440//1 4459//1 4441//1
f 4441//1 4459//1 4460//1
f 4441//1 4460//1 4442//1
f 4442//1 4460//1 4461//1
f 4442//1 4461//1 4443//1
f 4443//1 4461//1 4462//1
f 4443//1 4462//1 4444//1
f 4444//1 4462//1 4463//1
f 4444//1 4463//1 4445//1
f 4445//1 4463//1 4464//1
f 4445//1 4464//1 4446//1
f 4446//1 4464//1 4465//1
f 4446//1 4465//1 3291//1
f 3291//1 4465//1 3289//1
f 4428//1 3136//1 4466//1
f 4466//1 3136//1 3134//1
f 4466//1 3134//1 4467//1
f 4467//1 3134//1 3132//1
f 4467//1 3132//1 4468//1
f 4468//1 3132//1 3130//1
f 4468//1 3130//1 4469//1
f 4469//1 3130//1 3128//1
f 4469//1 3128//1 4470//1
f 4470//1 3128//1 3126//1
f 4470//1 3126//1 4471//1
f 4471//1 3126//1 3124//1
f 4471//1 3124//1 4472//1
f 4472//1 3124//1 3122//1
f 4472//1 3122//1 4473//1
f 4473//1 3122//1 3120//1
f 4473//1 3120//1 4474//1
f 4474//1 3120//1 3118//1
f 4474//1 3118//1 4475//1
f 4475//1 3118//1 3116//1
f 4475//1 3116//1 4476//1
f 4476//1 3116//1 3114//1
f 4476//1 3114//1 4477//1
f 4477//1 3114//1 3112//1
f 4477//1 3112//1 4478//1
f 4478//1 3112//1 3110//1
f 4478//1 3110//1 4479//1
f 4479//1 3110//1 3108//1
f 4479//1 3108//1 4480//1
f 4480//1 3108//1 3106//1
f 4480//1 3106//1 4481//1
f 4481//1 3106//1 3104//1
f 4481//1 3104//1 4482//1
f 4482//1 3104//1 3102//1
f 4482//1 3102//1 4483//1
f 4483//1 3102//1 3100//1
f 4483//1 3100//1 4484//1
f 4484//1 3100//1 3098//1
f 4484//1 3098//1 4485//1
f 4485//1 3098//1 3096//1
f 4485//1 3096//1 4486//1
f 4486//1 3096//1 3094//1
f 4486//1 3094//1 4487//1
f 4487//1 3094//1 3092//1
f 4487//1 3092//1 4488//1
f 4488//1 3092//1 3090//1
f 4488//1 3090//1 3089//1
f 4447//1 4489//1 4448//1
f 4448//1 4489//1 4490//1
f 4448//1 4490//1 4449//1
f 4449//1 4490//1 4491//1
f 4449//1 4491//1 4450//1
f 4450//1 4491//1 4492//1
f 4450//1 4492//1 4451//1
f 4451//1 4492//1 4493//1
f 4451//1 4493//1 4452//1
f 4452//1 4493//1 4494//1
f 4452//1 4494//1 4453//1
f 4453//1 4494//1 4495//1
f 4453//1 4495//1 4454//1
f 4454//1 4495//1 4496//1
f 4454//1 4496//1 4455//1
f 4455//1 4496//1 4497//1
f 4455//1 4497//1 4456//1
f 4456//1 4497//1 4498//1
f 4456//1 4498//1 4457//1
f 4457//1 4498//1 4499//1
f 4457//1 4499//1 4458//1
f 4458//1 4499//1 4500//1
f 4458//1 4500//1 4459//1
f 4459//1 4500//1 4501//1
f 4459//1 4501//1 4460//1
f 4460//1 4501//1 4502//1
f 4460//1 4502//1 4461//1
f 4461//1 4502//1 4503//1
f 4461//1 4503//1 4462//1
f 4462//1 4503//1 4504//1
f 4462//1 4504//1 4463//1
f 4463//1 4504//1 4505//1
f 4463//1 4505//1 4464//1
f 4464//1 4505//1 4506//1
f 4464//1 4506//1 4465//1
f 4465//1 4506//1 4507//1
f 4465//1 4507//1 3289//1
f 3289//1 4507//1 3287//1
f 4447//1 4428//1 4508//1
f 4508//1 4428//1 4466//1
f 4508//1 4466//1 4509//1
f 4509//1 4466//1 4467//1
f 4509//1 4467//1 4510//1
f 4510//1 4467//1 4468//1
f 4510//1 4468//1 4511//1
f 4511//1 4468//1 4469//1
f 4511//1 4469//1 4512//1
f 4512//1 4469//1 4470//1
f 4512//1 4470//1 4513//1
f 4513//1 4470//1 4471//1
f 4513//1 4471//1 4514//1
f 4514//1 4471//1 4472//1
f 4514//1 4472//1 4515//1
f 4515//1 4472//1 4473//1
f 4515//1 4473//1 4516//1
f 4516//1 4473//1 4474//1
f 4516//1 4474//1 4517//1
f 4517//1 4474//1 4475//1
f 4517//1 4475//1 4518//1
f 4518//1 4475//1 4476//1
f 4518//1 4476//1 4519//1
f 4519//1 4476//1 4477//1
f 4519//1 4477//1 4520//1
f 4520//1 4477//1 4478//1
f 4520//1 4478//1 4521//1
f 4521//1 4478//1 4479//1
f 4521//1 4479//1 4522//1
f 4522//1 4479//1 4480//1
f 4522//1 4480//1 4523//1
f 4523//1 4480//1 4481//1
f 4523//1 4481//1 4524//1
f 4524//1 4481//1 4482//1
f 4524//1 4482//1 4525//1
f 4525//1 4482//1 4483//1
f 4525//1 4483//1 4526//1
f 4526//1 4483//1 4484//1
f 4526//1 4484//1 4527//1
f 4527//1 4484//1 4485//1
f 4527//1 4485//1 4528//1
f 4528//1 4485//1 4486//1
f 4528//1 4486//1 4529//1
f 4529//1 4486//1 4487//1
f 4529//1 4487//1 4530//1
f 4530//1 4487//1 4488//1
f 4530//1 4488//1 4531//1
f 4531//1 4488//1 3089//1
f 4531//1 3089//1 3087//1
f 4489//1 4532//1 4490//1
f 4490//1 4532//1 4533//1
f 4490//1 4533//1 4491//1
f 4491//1 4533//1 4534//1
f 4491//1 4534//1 4492//1
f 4492//1 4534//1 4535//1
f 4492//1 4535//1 4493//1
f 4493//1 4535//1 4536//1
f 4493//1 4536//1 4494//1
f 4494//1 4536//1 4537//1
f 4494//1 4537//1 4495//1
f 4495//1 4537//1 4538//1
f 4495//1 4538//1 4496//1
f 4496//1 4538//1 4539//1
f 4496//1 4539//1 4497//1
f 4497//1 4539//1 4540//1
f 4497//1 4540//1 4498//1
f 4498//1 4540//1 4541//1
f 4498//1 4541//1 4499//1
f 4499//1 4541//1 4542//1
f 4499//1 4542//1 4500//1
f 4500//1 4542//1 4543//1
f 4500//1 4543//1 4501//1
f 4501//1 4543//1 4544//1
f 4501//1 4544//1 4502//1
f 4502//1 4544//1 4545//1
f 4502//1 4545//1 4503//1
f 4503//1 4545//1 4546//1
f 4503//1 4546//1 4504//1
f 4504//1 4546//1 4547//1
f 4504//1 4547//1 4505//1
f 4505//1 4547//1 4548//1
f 4505//1 4548//1 4506//1
f 4506//1 4548//1 4549//1
f 4506//1 4549//1 4507//1
f 4507//1 4549//1 4550//1
f 4507//1 4550//1 3287//1
f 3287//1 4550//1 3285//1
f 4489//1 4447//1 4551//1
f 4551//1 4447//1 4508//1
f 4551//1 4508//1 4552//1
f 4552//1 4508//1 4509//1
f 4552//1 4509//1 4553//1
f 4553//1 4509//1 4510//1
f 4553//1 4510//1 4554//1
f 4554//1 4510//1 4511//1
f 4554//1 4511//1 4555//1
f 4555//1 4511//1 4512//1
f 4555//1 4512//1 4556//1
f 4556//1 4512//1 4513//1
f 4556//1 4513//1 4557//1
f 4557//1 4513//1 4514//1
f 4557//1 4514//1 4558//1
f 4558//1 4514//1 4515//1
f 4558//1 4515//1 4559//1
f 4559//1 4515//1 4516//1
f 4559//1 4516//1 4560//1
f 4560//1 4516//1 4517//1
f 4560//1 4517//1 4561//1
f 4561//1 4517//1 4518//1
f 4561//1 4518//1 4562//1
f 4562//1 4518//1 4519//1
f 4562//1 4519//1 4563//1
f 4563//1 4519//1 4520//1
f 4563//1 4520//1 4564//1
f 4564//1 4520//1 4521//1
f 4564//1 4521//1 4565//1
f 4565//1 4521//1 4522//1
f 4565//1 4522//1 4566//1
f 4566//1 4522//1 4523//1
f 4566//1 4523//1 4567//1
f 4567//1 4523//1 4524//1
f 4567//1 4524//1 4568//1
f 4568//1 4524//1 4525//1
f 4568//1 4525//1 4569//1
f 4569//1 4525//1 4526//1
f 4569//1 4526//1 4570//1
f 4570//1 4526//1 4527//1
f 4570//1 4527//1 4571//1
f 4571//1 4527//1 4528//1
f 4571//1 4528//1 4572//1
f 4572//1 4528//1 4529//1
f 4572//1 4529//1 4573//1
f 4573//1 4529//1 4530//1
f 4573//1 4530//1 4574//1
f 4574//1 4530//1 4531//1
f 4574//1 4531//1 4575//1
f 4575//1 4531//1 3087//1
f 4575//1 3087//1 3085//1
f 4532//1 4576//1 4533//1
f 4533//1 4576//1 4577//1
f 4533//1 4577//1 4534//1
f 4534//1 4577//1 4578//1
f 4534//1 4578//1 4535//1
f 4535//1 4578//1 4579//1
f 4535//1 4579//1 4536//1
f 4536//1 4579//1 4580//1
f 4536//1 4580//1 4537//1
f 4537//1 4580//1 4581//1
f 4537//1 4581//1 4538//1
f 4538//1 4581//1 4582//1
f 4538//1 4582//1 4539//1
f 4539//1 4582//1 4583//1
f 4539//1 4583//1 4540//1
f 4540//1 4583//1 4584//1
f 4540//1 4584//1 4541//1
f 4541//1 4584//1 4585//1
f 4541//1 4585//1 4542//1
f 4542//1 4585//1 4586//1
f 4542//1 4586//1 4543//1
f 4543//1 4586//1 4587//1
f 4543//1 4587//1 4544//1
f 4544//1 4587//1 4588//1
f 4544//1 4588//1 4545//1
f 4545//1 4588//1 4589//1
f 4545//1 4589//1 4546//1
f 4546//1 4589//1 4590//1
f 4546//1 4590//1 4547//1
f 4547//1 4590//1 4591//1
f 4547//1 4591//1 4548//1
f 4548//1 4591//1 4592//1
f 4548//1 4592//1 4549//1
f 4549//1 4592//1 4593//1
f 4549//1 4593//1 4550//1
f 4550//1 4593//1 4594//1
f 4550//1 4594//1 3285//1
f 3285//1 4594//1 3283//1
f 4532//1 4489//1 4595//1
f 4595//1 4489//1 4551//1
f 4595//1 4551//1 4596//1
f 4596//1 4551//1 4552//1
f 4596//1 4552//1 4597//1
f 4597//1 4552//1 4553//1
f 4597//1 4553//1 4598//1
f 4598//1 4553//1 4554//1
f 4598//1 4554//1 4599//1
f 4599//1 4554//1 4555//1
f 4599//1 4555//1 4600//1
f 4600//1 4555//1 4556//1
f 4600//1 4556//1 4601//1
f 4601//1 4556//1 4557//1
f 4601//1 4557//1 4602//1
f 4602//1 4557//1 4558//1
f 4602//1 4558//1 4603//1
f 4603//1 4558//1 4559//1
f 4603//1 4559//1 4604//1
f 4604//1 4559//1 4560//1
f 4604//1 4560//1 4605//1
f 4605//1 4560//1 4561//1
f 4605//1 4561//1 4606//1
f 4606//1 4561//1 4562//1
f 4606//1 4562//1 4607//1
f 4607//1 4562//1 4563//1
f 4607//1 4563//1 4608//1
f 4608//1 4563//1 4564//1
f 4608//1 4564//1 4609//1
f 4609//1 4564//1 4565//1
f 4609//1 4565//1 4610//1
f 4610//1 4565//1 4566//1
f 4610//1 4566//1 4611//1
f 4611//1 4566//1 4567//1
f 4611//1 4567//1 4612//1
f 4612//1 4567//1 4568//1
f 4612//1 4568//1 4613//1
f 4613//1 4568//1 4569//1
f 4613//1 4569//1 4614//1
f 4614//1 4569//1 4570//1
f 4614//1 4570//1 4615//1
f 4615//1 4570//1 4571//1
f 4615//1 4571//1 4616//1
f 4616//1 4571//1 4572//1
f 4616//1 4572//1 4617//1
f 4617//1 4572//1 4573//1
f 4617//1 4573//1 4618//1
f 4618//1 4573//1 4574//1
f 4618//1 4574//1 4619//1
f 4619//1 4574//1 4575//1
f 4619//1 4575//1 4620//1
f 4620//1 4575//1 3085//1
f 4620//1 3085//1 3083//1
f 4576//1 4621//1 4577//1
f 4577//1 4621//1 4622//1
f 4577//1 4622//1 4578//1
f 4578//1 4622//1 4623//1
f 4578//1 4623//1 4579//1
f 4579//1 4623//1 4624//1
f 4579//1 4624//1 4580//1
f 4580//1 4624//1 4625//1
f 4580//1 4625//1 4581//1
f 4581//1 4625//1 4626//1
f 4581//1 4626//1 4582//1
f 4582//1 4626//1 4627//1
f 4582//1 4627//1 4583//1
f 4583//1 4627//1 4628//1
f 4583//1 4628//1 4584//1
f 4584//1 4628//1 4629//1
f 4584//1 4629//1 4585//1
f 4585//1 4629//1 4630//1
f 4585//1 4630//1 4586//1
f 4586//1 4630//1 4631//1
f 4586//1 4631//1 4587//1
f 4587//1 4631//1 4632//1
f 4587//1 4632//1 4588//1
f 4588//1 4632//1 4633//1
f 4588//1 4633//1 4589//1
f 4589//1 4633//1 4634//1
f 4589//1 4634//1 4590//1
f 4590//1 4634//1 4635//1
f 4590//1 4635//1 4591//1
f 4591//1 4635//1 4636//1
f 4591//1 4636//1 4592//1
f 4592//1 4636//1 4637//1
f 4592//1 4637//1 4593//1
f 4593//1 4637//1 4638//1
f 4593//1 4638//1 4594//1
f 4594//1 4638//1 4639//1
f 4594//1 4639//1 3283//1
f 3283//1 4639//1 3281//1
f 4576//1 4532//1 4640//1
f 4640//1 4532//1 4595//1
f 4640//1 4595//1 4641//1
f 4641//1 4595//1 4596//1
f 4641//1 4596//1 4642//1
f 4642//1 4596//1 4597//1
f 4642//1 4597//1 4643//1
f 4643//1 4597//1 4598//1
f 4643//1 4598//1 4644//1
f 4644//1 4598//1 4599//1
f 4644//1 4599//1 4645//1
f 4645//1 4599//1 4600//1
f 4645//1 4600//1 4646//1
f 4646//1 4600//1 4601//1
f 4646//1 4601//1 4647//1
f 4647//1 4601//1 4602//1
f 4647//1 4602//1 4648//1
f 4648//1 4602//1 4603//1
f 4648//1 4603//1 4649//1
f 4649//1 4603//1 4604//1
f 4649//1 4604//1 4650//1
f 4650//1 4604//1 4605//1
f 4650//1 4605//1 4651//1
f 4651//1 4605//1 4606//1
f 4651//1 4606//1 4652//1
f 4652//1 4606//1 4607//1
f 4652//1 4607//1 4653//1
f 4653//1 4607//1 4608//1
f 4653//1 4608//1 4654//1
f 4654//1 4608//1 4609//1
f 4654//1 4609//1 4655//1
f 4655//1 4609//1 4610//1
f 4655//1 4610//1 4656//1
f 4656//1 4610//1 4611//1
f 4656//1 4611//1 4657//1
f 4657//1 4611//1 4612//1
f 4657//1 4612//1 4658//1
f 4658//1 4612//1 4613//1
f 4658//1 4613//1 4659//1
f 4659//1 4613//1 4614//1
f 4659//1 4614//1 4660//1
f 4660//1 4614//1 4615//1
f 4660//1 4615//1 4661//1
f 4661//1 4615//1 4616//1
f 4661//1 4616//1 4662//1
f 4662//1 4616//1 4617//1
f 4662//1 4617//1 4663//1
f 4663//1 4617//1 4618//1
f 4663//1 4618//1 4664//1
f 4664//1 4618//1 4619//1
f 4664//1 4619//1 4665//1
f 4665//1 4619//1 4620//1
f 4665//1 4620//1 4666//1
f 4666//1 4620//1 3083//1
f 4666//1 3083//1 3081//1
f 4621//1 4667//1 4622//1
f 4622//1 4667//1 4668//1
f 4622//1 4668//1 4623//1
f 4623//1 4668//1 4669//1
f 4623//1 4669//1 4624//1
f 4624//1 4669//1 4670//1
f 4624//1 4670//1 4625//1
f 4625//1 4670//1 4671//1
f 4625//1 4671//1 4626//1
f 4626//1 4671//1 4672//1
f 4626//1 4672//1 4627//1
f 4627//1 4672//1 4673//1
f 4627//1 4673//1 4628//1
f 4628//1 4673//1 4674//1
f 4628//1 4674//1 4629//1
f 4629//1 4674//1 4675//1
f 4629//1 4675//1 4630//1
f 4630//1 4675//1 4676//1
f 4630//1 4676//1 4631//1
f 4631//1 4676//1 4677//1
f 4631//1 4677//1 4632//1
f 4632//1 4677//1 4678//1
f 4632//1 4678//1 4633//1
f 4633//1 4678//1 4679//1
f 4633//1 4679//1 4634//1
f 4634//1 4679//1 4680//1
f 4634//1 4680//1 4635//1
f 4635//1 4680//1 4681//1
f 4635//1 4681//1 4636//1
f 4636//1 4681//1 4682//1
f 4636//1 4682//1 4637//1
f 4637//1 4682//1 4683//1
f 4637//1 4683//1 4638//1
f 4638//1 4683//1 4684//1
f 4638//1 4684//1 4639//1
f 4639//1 4684//1 4685//1
f 4639//1 4685//1 3281//1
f 3281//1 4685//1 3279//1
f 4621//1 4576//1 4686//1
f 4686//1 4576//1 4640//1
f 4686//1 4640//1 4687//1
f 4687//1 4640//1 4641//1
f 4687//1 4641//1 4688//1
f 4688//1 4641//1 4642//1
f 4688//1 4642//1 4689//1
f 4689//1 4642//1 4643//1
f 4689//1 4643//1 4690//1
f 4690//1 4643//1 4644//1
f 4690//1 4644//1 4691//1
f 4691//1 4644//1 4645//1
f 4691//1 4645//1 4692//1
f 4692//1 4645//1 4646//1
f 4692//1 4646//1 4693//1
f 4693//1 4646//1 4647//1
f 4693//1 4647//1 4694//1
f 4694//1 4647//1 4648//1
f 4694//1 4648//1 4695//1
f 4695//1 4648//1 4649//1
f 4695//1 4649//1 4696//1
f 4696//1 4649//1 4650//1
f 4696//1 4650//1 4697//1
f 4697//1 4650//1 4651//1
f 4697//1 4651//1 4698//1
f 4698//1 4651//1 4652//1
f 4698//1 4652//1 4699//1
f 4699//1 4652//1 4653//1
f 4699//1 4653//1 4700//1
f 4700//1 4653//1 4654//1
f 4700//1 4654//1 4701//1
f 4701//1 4654//1 4655//1
f 4701//1 4655//1 4702//1
f 4702//1 4655//1 4656//1
f 4702//1 4656//1 4703//1
f 4703//1 4656//1 4657//1
f 4703//1 4657//1 4704//1
f 4704//1 4657//1 4658//1
f 4704//1 4658//1 4705//1
f 4705//1 4658//1 4659//1
f 4705//1 4659//1 4706//1
f 4706//1 4659//1 4660//1
f 4706//1 4660//1 4707//1
f 4707//1 4660//1 4661//1
f 4707//1 4661//1 4708//1
f 4708//1 4661//1 4662//1
f 4708//1 4662//1 4709//1
f 4709//1 4662//1 4663//1
f 4709//1 4663//1 4710//1
f 4710//1 4663//1 4664//1
f 4710//1 4664//1 4711//1
f 4711//1 4664//1 4665//1
f 4711//1 4665//1 4712//1
f 4712//1 4665//1 4666//1
f 4712//1 4666//1 4713//1
f 4713//1 4666//1 3081//1
f 4713//1 3081//1 3079//1
f 4667//1 4714//1 4668//1
f 4668//1 4714//1 4715//1
f 4668//1 4715//1 4669//1
f 4669//1 4715//1 4716//1
f 4669//1 4716//1 4670//1
f 4670//1 4716//1 4717//1
f 4670//1 4717//1 4671//1
f 4671//1 4717//1 4718//1
f 4671//1 4718//1 4672//1
f 4672//1 4718//1 4719//1
f 4672//1 4719//1 4673//1
f 4673//1 4719//1 4720//1
f 4673//1 4720//1 4674//1
f 4674//1 4720//1 4721//1
f 4674//1 4721//1 4675//1
f 4675//1 4721//1 4722//1
f 4675//1 4722//1 4676//1
f 4676//1 4722//1 4723//1
f 4676//1 4723//1 4677//1
f 4677//1 4723//1 4724//1
f 4677//1 4724//1 4678//1
f 4678//1 4724//1 4725//1
f 4678//1 4725//1 4679//1
f 4679//1 4725//1 4726//1
f 4679//1 4726//1 4680//1
f 4680//1 4726//1 4727//1
f 4680//1 4727//1 4681//1
f 4681//1 4727//1 4728//1
f 4681//1 4728//1 4682//1
f 4682//1 4728//1 4729//1
f 4682//1 4729//1 4683//1
f 4683//1 4729//1 4730//1
f 4683//1 4730//1 4684//1
f 4684//1 4730//1 4731//1
f 4684//1 4731//1 4685//1
f 4685//1 4731//1 4732//1
f 4685//1 4732//1 3279//1
f 3279//1 4732//1 3277//1
f 4667//1 4621//1 4733//1
f 4733//1 4621//1 4686//1
f 4733//1 4686//1 4734//1
f 4734//1 4686//1 4687//1
f 4734//1 4687//1 4735//1
f 4735//1 4687//1 4688//1
f 4735//1 4688//1 4736//1
f 4736//1 4688//1 4689//1
f 4736//1 4689//1 4737//1
f 4737//1 4689//1 4690//1
f 4737//1 4690//1 4738//1
f 4738//1 4690//1 4691//1
f 4738//1 4691//1 4739//1
f 4739//1 4691//1 4692//1
f 4739//1 4692//1 4740//1
f 4740//1 4692//1 4693//1
f 4740//1 4693//1 4741//1
f 4741//1 4693//1 4694//1
f 4741//1 4694//1 4742//1
f 4742//1 4694//1 4695//1
f 4742//1 4695//1 4743//1
f 4743//1 4695//1 4696//1
f 4743//1 4696//1 4744//1
f 4744//1 4696//1 4697//1
f 4744//1 4697//1 4745//1
f 4745//1 4697//1 4698//1
f 4745//1 4698//1 4746//1
f 4746//1 4698//1 4699//1
f 4746//1 4699//1 4747//1
f 4747//1 4699//1 4700//1
f 4747//1 4700//1 4748//1
f 4748//1 4700//1 4701//1
f 4748//1 4701//1 4749//1
f 4749//1 4701//1 4702//1
f 4749//1 4702//1 4750//1
f 4750//1 4702//1 4703//1
f 4750//1 4703//1 4751//1
f 4751//1 4703//1 4704//1
f 4751//1 4704//1 4752//1
f 4752//1 4704//1 4705//1
f 4752//1 4705//1 4753//1
f 4753//1 4705//1 4706//1
f 4753//1 4706//1 4754//1
f 4754//1 4706//1 4707//1
f 4754//1 4707//1 4755//1
f 4755//1 4707//1 4708//1
f 4755//1 4708//1 4756//1
f 4756//1 4708//1 4709//1
f 4756//1 4709//1 4757//1
f 4757//1 4709//1 4710//1
f 4757//1 4710//1 4758//1
f 4758//1 4710//1 4711//1
f 4758//1 4711//1 4759//1
f 4759//1 4711//1 4712//1
f 4759//1 4712//1 4760//1
f 4760//1 4712//1 4713//1
f 4760//1 4713//1 4761//1
f 4761//1 4713//1 3079//1
f 4761//1 3079//1 3077//1
f 4714//1 4762//1 4715//1
f 4715//1 4762//1 4763//1
f 4715//1 4763//1 4716//1
f 4716//1 4763//1 4764//1
f 4716//1 4764//1 4717//1
f 4717//1 4764//1 4765//1
f 4717//1 4765//1 4718//1
f 4718//1 4765//1 4766//1
f 4718//1 4766//1 4719//1
f 4719//1 4766//1 4767//1
f 4719//1 4767//1 4720//1
f 4720//1 4767//1 4768//1
f 4720//1 4768//1 4721//1
f 4721//1 4768//1 4769//1
f 4721//1 4769//1 4722//1
f 4722//1 4769//1 4770//1
f 4722//1 4770//1 4723//1
f 4723//1 4770//1 4771//1
f 4723//1 4771//1 4724//1
f 4724//1 4771//1 4772//1
f 4724//1 4772//1 4725//1
f 4725//1 4772//1 4773//1
f 4725//1 4773//1 4726//1
f 4726//1 4773//1 4774//1
f 4726//1 4774//1 4727//1
f 4727//1 4774//1 4775//1
f 4727//1 4775//1 4728//1
f 4728//1 4775//1 4776//1
f 4728//1 4776//1 4729//1
f 4729//1 4776//1 4777//1
f 4729//1 4777//1 4730//1
f 4730//1 4777//1 4778//1
f 4730//1 4778//1 4731//1
f 4731//1 4778//1 4779//1
f 4731//1 4779//1 4732//1
f 4732//1 4779//1 3548//1
f 4732//1 3548//1 3277//1
f 4714//1 4667//1 4780//1
f 4780//1 4667//1 4733//1
f 4780//1 4733//1 4781//1
f 4781//1 4733//1 4734//1
f 4781//1 4734//1 4782//1
f 4782//1 4734//1 4735//1
f 4782//1 4735//1 4783//1
f 4783//1 4735//1 4736//1
f 4783//1 4736//1 4784//1
f 4784//1 4736//1 4737//1
f 4784//1 4737//1 4785//1
f 4785//1 4737//1 4738//1
f 4785//1 4738//1 4786//1
f 4786//1 4738//1 4739//1
f 4786//1 4739//1 4787//1
f 4787//1 4739//1 4740//1
f 4787//1 4740//1 4788//1
f 4788//1 4740//1 4741//1
f 4788//1 4741//1 4789//1
f 4789//1 4741//1 4742//1
f 4789//1 4742//1 4790//1
f 4790//1 4742//1 4743//1
f 4790//1 4743//1 4791//1
f 4791//1 4743//1 4744//1
f 4791//1 4744//1 4792//1
f 4792//1 4744//1 4745//1
f 4792//1 4745//1 4793//1
f 4793//1 4745//1 4746//1
f 4793//1 4746//1 4794//1
f 4794//1 4746//1 4747//1
f 4794//1 4747//1 4795//1
f 4795//1 4747//1 4748//1
f 4795//1 4748//1 4796//1
f 4796//1 4748//1 4749//1
f 4796//1 4749//1 4797//1
f 4797//1 4749//1 4750//1
f 4797//1 4750//1 4798//1
f 4798//1 4750//1 4751//1
f 4798//1 4751//1 4799//1
f 4799//1 4751//1 4752//1
f 4799//1 4752//1 4800//1
f 4800//1 4752//1 4753//1
f 4800//1 4753//1 4801//1
f 4801//1 4753//1 4754//1
f 4801//1 4754//1 4802//1
f 4802//1 4754//1 4755//1
f 4802//1 4755//1 4803//1
f 4803//1 4755//1 4756//1
f 4803//1 4756//1 4804//1
f 4804//1 4756//1 4757//1
f 4804//1 4757//1 4805//1
f 4805//1 4757//1 4758//1
f 4805//1 4758//1 4806//1
f 4806//1 4758//1 4759//1
f 4806//1 4759//1 4807//1
f 4807//1 4759//1 4760//1
f 4807//1 4760//1 4808//1
f 4808//1 4760//1 4761//1
f 4808//1 4761//1 4809//1
f 4809//1 4761//1 3077//1
f 4809//1 3077//1 3075//1
f 4762//1 4810//1 4763//1
f 4763//1 4810//1 4811//1
f 4763//1 4811//1 4764//1
f 4764//1 4811//1 4812//1
f 4764//1 4812//1 4765//1
f 4765//1 4812//1 4813//1
f 4765//1 4813//1 4766//1
f 4766//1 4813//1 4814//1
f 4766//1 4814//1 4767//1
f 4767//1 4814//1 4815//1
f 4767//1 4815//1 4768//1
f 4768//1 4815//1 4816//1
f 4768//1 4816//1 4769//1
f 4769//1 4816//1 4817//1
f 4769//1 4817//1 4770//1
f 4770//1 4817//1 4818//1
f 4770//1 4818//1 4771//1
f 4771//1 4818//1 4819//1
f 4771//1 4819//1 4772//1
f 4772//1 4819//1 4820//1
f 4772//1 4820//1 4773//1
f 4773//1 4820//1 4821//1
f 4773//1 4821//1 4774//1
f 4774//1 4821//1 4822//1
f 4774//1 4822//1 4775//1
f 4775//1 4822//1 4823//1
f 4775//1 4823//1 4776//1
f 4776//1 4823//1 4824//1
f 4776//1 4824//1 4777//1
f 4777//1 4824//1 4825//1
f 4777//1 4825//1 4778//1
f 4778//1 4825//1 4826//1
f 4778//1 4826//1 4779//1
f 4779//1 4826//1 3546//1
f 4779//1 3546//1 3548//1
f 4762//1 4714//1 4827//1
f 4827//1 4714//1 4780//1
f 4827//1 4780//1 4828//1
f 4828//1 4780//1 4781//1
f 4828//1 4781//1 4829//1
f 4829//1 4781//1 4782//1
f 4829//1 4782//1 4830//1
f 4830//1 4782//1 4783//1
f 4830//1 4783//1 4831//1
f 4831//1 4783//1 4784//1
f 4831//1 4784//1 4832//1
f 4832//1 4784//1 4785//1
f 4832//1 4785//1 4833//1
f 4833//1 4785//1 4786//1
f 4833//1 4786//1 4834//1
f 4834//1 4786//1 4787//1
f 4834//1 4787//1 4835//1
f 4835//1 4787//1 4788//1
f 4835//1 4788//1 4836//1
f 4836//1 4788//1 4789//1
f 4836//1 4789//1 4837//1
f 4837//1 4789//1 4790//1
f 4837//1 4790//1 4838//1
f 4838//1 4790//1 4791//1
f 4838//1 4791//1 4839//1
f 4839//1 4791//1 4792//1
f 4839//1 4792//1 4840//1
f 4840//1 4792//1 4793//1
f 4840//1 4793//1 4841//1
f 4841//1 4793//1 4794//1
f 4841//1 4794//1 4842//1
f 4842//1 4794//1 4795//1
f 4842//1 4795//1 4843//1
f 4843//1 4795//1 4796//1
f 4843//1 4796//1 4844//1
f 4844//1 4796//1 4797//1
f 4844//1 4797//1 4845//1
f 4845//1 4797//1 4798//1
f 4845//1 4798//1 4846//1
f 4846//1 4798//1 4799//1
f 4846//1 4799//1 4847//1
f 4847//1 4799//1 4800//1
f 4847//1 4800//1 4848//1
f 4848//1 4800//1 4801//1
f 4848//1 4801//1 4849//1
f 4849//1 4801//1 4802//1
f 4849//1 4802//1 4850//1
f 4850//1 4802//1 4803//1
f 4850//1 4803//1 4851//1
f 4851//1 4803//1 4804//1
f 4851//1 4804//1 4852//1
f 4852//1 4804//1 4805//1
f 4852//1 4805//1 4853//1
f 4853//1 4805//1 4806//1
f 4853//1 4806//1 4854//1
f 4854//1 4806//1 4807//1
f 4854//1 4807//1 4855//1
f 4855//1 4807//1 4808//1
f 4855//1 4808//1 4856//1
f 4856//1 4808//1 4809//1
f 4856//1 4809//1 4857//1
f 4857//1 4809//1 3075//1
f 4857//1 3075//1 3073//1
f 4810//1 4858//1 4811//1
f 4811//1 4858//1 4859//1
f 4811//1 4859//1 4812//1
f 4812//1 4859//1 4860//1
f 4812//1 4860//1 4813//1
f 4813//1 4860//1 4861//1
f 4813//1 4861//1 4814//1
f 4814//1 4861//1 4862//1
f 4814//1 4862//1 4815//1
f 4815//1 4862//1 4863//1
f 4815//1 4863//1 4816//1
f 4816//1 4863//1 4864//1
f 4816//1 4864//1 4817//1
f 4817//1 4864//1 4865//1
f 4817//1 4865//1 4818//1
f 4818//1 4865//1 4866//1
f 4818//1 4866//1 4819//1
f 4819//1 4866//1 4867//1
f 4819//1 4867//1 4820//1
f 4820//1 4867//1 4868//1
f 4820//1 4868//1 4821//1
f 4821//1 4868//1 4869//1
f 4821//1 4869//1 4822//1
f 4822//1 4869//1 4870//1
f 4822//1 4870//1 4823//1
f 4823//1 4870//1 4871//1
f 4823//1 4871//1 4824//1
f 4824//1 4871//1 4872//1
f 4824//1 4872//1 4825//1
f 4825//1 4872//1 4873//1
f 4825//1 4873//1 4826//1
f 4826//1 4873//1 3544//1
f 4826//1 3544//1 3546//1
f 4810//1 4762//1 4874//1
f 4874//1 4762//1 4827//1
f 4874//1 4827//1 4875//1
f 4875//1 4827//1 4828//1
f 4875//1 4828//1 4876//1
f 4876//1 4828//1 4829//1
f 4876//1 4829//1 4877//1
f 4877//1 4829//1 4830//1
f 4877//1 4830//1 4878//1
f 4878//1 4830//1 4831//1
f 4878//1 4831//1 4879//1
f 4879//1 4831//1 4832//1
f 4879//1 4832//1 4880//1
f 4880//1 4832//1 4833//1
f 4880//1 4833//1 4881//1
f 4881//1 4833//1 4834//1
f 4881//1 4834//1 4882//1
f 4882//1 4834//1 4835//1
f 4882//1 4835//1 4883//1
f 4883//1 4835//1 4836//1
f 4883//1 4836//1 4884//1
f 4884//1 4836//1 4837//1
f 4884//1 4837//1 4885//1
f 4885//1 4837//1 4838//1
f 4885//1 4838//1 4886//1
f 4886//1 4838//1 4839//1
f 4886//1 4839//1 4887//1
f 4887//1 4839//1 4840//1
f 4887//1 4840//1 4888//1
f 4888//1 4840//1 4841//1
f 4888//1 4841//1 4889//1
f 4889//1 4841//1 4842//1
f 4889//1 4842//1 4890//1
f 4890//1 4842//1 4843//1
f 4890//1 4843//1 4891//1
f 4891//1 4843//1 4844//1
f 4891//1 4844//1 4892//1
f 4892//1 4844//1 4845//1
f 4892//1 4845//1 4893//1
f 4893//1 4845//1 4846//1
f 4893//1 4846//1 4894//1
f 4894//1 4846//1 4847//1
f 4894//1 4847//1 4895//1
f 4895//1 4847//1 4848//1
f 4895//1 4848//1 4896//1
f 4896//1 4848//1 4849//1
f 4896//1 4849//1 4897//1
f 4897//1 4849//1 4850//1
f 4897//1 4850//1 4898//1
f 4898//1 4850//1 4851//1
f 4898//1 4851//1 4899//1
f 4899//1 4851//1 4852//1
f 4899//1 4852//1 4900//1
f 4900//1 4852//1 4853//1
f 4900//1 4853//1 4901//1
f 4901//1 4853//1 4854//1
f 4901//1 4854//1 4902//1
f 4902//1 4854//1 4855//1
f 4902//1 4855//1 4903//1
f 4903//1 4855//1 4856//1
f 4903//1 4856//1 4904//1
f 4904//1 4856//1 4857//1
f 4904//1 4857//1 4905//1
f 4905//1 4857//1 3073//1
f 4905//1 3073//1 3071//1
f 4858//1 4906//1 4859//1
f 4859//1 4906//1 4907//1
f 4859//1 4907//1 4860//1
f 4860//1 4907//1 4908//1
f 4860//1 4908//1 4861//1
f 4861//1 4908//1 4909//1
f 4861//1 4909//1 4862//1
f 4862//1 4909//1 4910//1
f 4862//1 4910//1 4863//1
f 4863//1 4910//1 4911//1
f 4863//1 4911//1 4864//1
f 4864//1 4911//1 4912//1
f 4864//1 4912//1 4865//1
f 4865//1 4912//1 4913//1
f 4865//1 4913//1 4866//1
f 4866//1 4913//1 4914//1
f 4866//1 4914//1 4867//1
f 4867//1 4914//1 4915//1
f 4867//1 4915//1 4868//1
f 4868//1 4915//1 4916//1
f 4868//1 4916//1 4869//1
f 4869//1 4916//1 4917//1
f 4869//1 4917//1 4870//1
f 4870//1 4917//1 4918//1
f 4870//1 4918//1 4871//1
f 4871//1 4918//1 4919//1
f 4871//1 4919//1 4872//1
f 4872//1 4919//1 4920//1
f 4872//1 4920//1 4873//1
f 4873//1 4920//1 3542//1
f 4873//1 3542//1 3544//1
f 4858//1 4810//1 4921//1
f 4921//1 4810//1 4874//1
f 4921//1 4874//1 4922//1
f 4922//1 4874//1 4875//1
f 4922//1 4875//1 4923//1
f 4923//1 4875//1 4876//1
f 4923//1 4876//1 4924//1
f 4924//1 4876//1 4877//1
f 4924//1 4877//1 4925//1
f 4925//1 4877//1 4878//1
f 4925//1 4878//1 4926//1
f 4926//1 4878//1 4879//1
f 4926//1 4879//1 4927//1
f 4927//1 4879//1 4880//1
f 4927//1 4880//1 4928//1
f 4928//1 4880//1 4881//1
f 4928//1 4881//1 4929//1
f 4929//1 4881//1 4882//1
f 4929//1 4882//1 4930//1
f 4930//1 4882//1 4883//1
f 4930//1 4883//1 4931//1
f 4931//1 4883//1 4884//1
f 4931//1 4884//1 4932//1
f 4932//1 4884//1 4885//1
f 4932//1 4885//1 4933//1
f 4933//1 4885//1 4886//1
f 4933//1 4886//1 4934//1
f 4934//1 4886//1 4887//1
f 4934//1 4887//1 4935//1
f 4935//1 4887//1 4888//1
f 4935//1 4888//1 4936//1
f 4936//1 4888//1 4889//1
f 4936//1 4889//1 4937//1
f 4937//1 4889//1 4890//1
f 4937//1 4890//1 4938//1
f 4938//1 4890//1 4891//1
f 4938//1 4891//1 4939//1
f 4939//1 4891//1 4892//1
f 4939//1 4892//1 4940//1
f 4940//1 4892//1 4893//1
f 4940//1 4893//1 4941//1
f 4941//1 4893//1 4894//1
f 4941//1 4894//1 4942//1
f 4942//1 4894//1 4895//1
f 4942//1 4895//1 4943//1
f 4943//1 4895//1 4896//1
f 4943//1 4896//1 4944//1
f 4944//1 4896//1 4897//1
f 4944//1 4897//1 4945//1
f 4945//1 4897//1 4898//1
f 4945//1 4898//1 4946//1
f 4946//1 4898//1 4899//1
f 4946//1 4899//1 4947//1
f 4947//1 4899//1 4900//1
f 4947//1 4900//1 4948//1
f 4948//1 4900//1 4901//1
f 4948//1 4901//1 4949//1
f 4949//1 4901//1 4902//1
f 4949//1 4902//1 4950//1
f 4950//1 4902//1 4903//1
f 4950//1 4903//1 4951//1
f 4951//1 4903//1 4904//1
f 4951//1 4904//1 4952//1
f 4952//1 4904//1 4905//1
f 4952//1 4905//1 4953//1
f 4953//1 4905//1 3071//1
f 4953//1 3071//1 3069//1
f 4906//1 4954//1 4907//1
f 4907//1 4954//1 4955//1
f 4907//1 4955//1 4908//1
f 4908//1 4955//1 4956//1
f 4908//1 4956//1 4909//1
f 4909//1 4956//1 4957//1
f 4909//1 4957//1 4910//1
f 4910//1 4957//1 4958//1
f 4910//1 4958//1 4911//1
f 4911//1 4958//1 4959//1
f 4911//1 4959//1 4912//1
f 4912//1 4959//1 4960//1
f 4912//1 4960//1 4913//1
f 4913//1 4960//1 4961//1
f 4913//1 4961//1 4914//1
f 4914//1 4961//1 4962//1
f 4914//1 4962//1 4915//1
f 4915//1 4962//1 4963//1
f 4915//1 4963//1 4916//1
f 4916//1 4963//1 4964//1
f 4916//1 4964//1 4917//1
f 4917//1 4964//1 4965//1
f 4917//1 4965//1 4918//1
f 4918//1 4965//1 4966//1
f 4918//1 4966//1 4919//1
f 4919//1 4966//1 4967//1
f 4919//1 4967//1 4920//1
f 4920//1 4967//1 3540//1
f 4920//1 3540//1 3542//1
f 4906//1 4858//1 4968//1
f 4968//1 4858//1 4921//1
f 4968//1 4921//1 4969//1
f 4969//1 4921//1 4922//1
f 4969//1 4922//1 4970//1
f 4970//1 4922//1 4923//1
f 4970//1 4923//1 4971//1
f 4971//1 4923//1 4924//1
f 4971//1 4924//1 4972//1
f 4972//1 4924//1 4925//1
f 4972//1 4925//1 4973//1
f 4973//1 4925//1 4926//1
f 4973//1 4926//1 4974//1
f 4974//1 4926//1 4927//1
f 4974//1 4927//1 4975//1
f 4975//1 4927//1 4928//1
f 4975//1 4928//1 4976//1
f 4976//1 4928//1 4929//1
f 4976//1 4929//1 4977//1
f 4977//1 4929//1 4930//1
f 4977//1 4930//1 4978//1
f 4978//1 4930//1 4931//1
f 4978//1 4931//1 4979//1
f 4979//1 4931//1 4932//1
f 4979//1 4932//1 4980//1
f 4980//1 4932//1 4933//1
f 4980//1 4933//1 4981//1
f 4981//1 4933//1 4934//1
f 4981//1 4934//1 4982//1
f 4982//1 4934//1 4935//1
f 4982//1 4935//1 4983//1
f 4983//1 4935//1 4936//1
f 4983//1 4936//1 4984//1
f 4984//1 4936//1 4937//1
f 4984//1 4937//1 4985//1
f 4985//1 4937//1 4938//1
f 4985//1 4938//1 4986//1
f 4986//1 4938//1 4939//1
f 4986//1 4939//1 4987//1
f 4987//1 4939//1 4940//1
f 4987//1 4940//1 4988//1
f 4988//1 4940//1 4941//1
f 4988//1 4941//1 4989//1
f 4989//1 4941//1 4942//1
f 4989//1 4942//1 4990//1
f 4990//1 4942//1 4943//1
f 4990//1 4943//1 4991//1
f 4991//1 4943//1 4944//1
f 4991//1 4944//1 4992//1
f 4992//1 4944//1 4945//1
f 4992//1 4945//1 4993//1
f 4993//1 4945//1 4946//1
f 4993//1 4946//1 4994//1
f 4994//1 4946//1 4947//1
f 4994//1 4947//1 4995//1
f 4995//1 4947//1 4948//1
f 4995//1 4948//1 4996//1
f 4996//1 4948//1 4949//1
f 4996//1 4949//1 4997//1
f 4997//1 4949//1 4950//1
f 4997//1 4950//1 4998//1
f 4998//1 4950//1 4951//1
f 4998//1 4951//1 4999//1
f 4999//1 4951//1 4952//1
f 4999//1 4952//1 5000//1
f 5000//1 4952//1 4953//1
f 5000//1 4953//1 5001//1
f 5001//1 4953//1 3069//1
f 5001//1 3069//1 3067//1
f 4954//1 5002//1 4955//1
f 4955//1 5002//1 5003//1
f 4955//1 5003//1 4956//1
f 4956//1 5003//1 5004//1
f 4956//1 5004//1 4957//1
f 4957//1 5004//1 5005//1
f 4957//1 5005//1 4958//1
f 4958//1 5005//1 5006//1
f 4958//1 5006//1 4959//1
f 4959//1 5006//1 5007//1
f 4959//1 5007//1 4960//1
f 4960//1 5007//1 5008//1
f 4960//1 5008//1 4961//1
f 4961//1 5008//1 5009//1
f 4961//1 5009//1 4962//1
f 4962//1 5009//1 5010//1
f 4962//1 5010//1 4963//1
f 4963//1 5010//1 5011//1
f 4963//1 5011//1 4964//1
f 4964//1 5011//1 5012//1
f 4964//1 5012//1 4965//1
f 4965//1 5012//1 5013//1
f 4965//1 5013//1 4966//1
f 4966//1 5013//1 5014//1
f 4966//1 5014//1 4967//1
f 4967//1 5014//1 3538//1
f 4967//1 3538//1 3540//1
f 4954//1 4906//1 5015//1
f 5015//1 4906//1 4968//1
f 5015//1 4968//1 5016//1
f 5016//1 4968//1 4969//1
f 5016//1 4969//1 5017//1
f 5017//1 4969//1 4970//1
f 5017//1 4970//1 5018//1
f 5018//1 4970//1 4971//1
f 5018//1 4971//1 5019//1
f 5019//1 4971//1 4972//1
f 5019//1 4972//1 5020//1
f 5020//1 4972//1 4973//1
f 5020//1 4973//1 5021//1
f 5021//1 4973//1 4974//1
f 5021//1 4974//1 5022//1
f 5022//1 4974//1 4975//1
f 5022//1 4975//1 5023//1
f 5023//1 4975//1 4976//1
f 5023//1 4976//1 5024//1
f 5024//1 4976//1 4977//1
f 5024//1 4977//1 5025//1
f 5025//1 4977//1 4978//1
f 5025//1 4978//1 5026//1
f 5026//1 4978//1 4979//1
f 5026//1 4979//1 5027//1
f 5027//1 4979//1 4980//1
f 5027//1 4980//1 5028//1
f 5028//1 4980//1 4981//1
f 5028//1 4981//1 5029//1
f 5029//1 4981//1 4982//1
f 5029//1 4982//1 5030//1
f 5030//1 4982//1 4983//1
f 5030//1 4983//1 5031//1
f 5031//1 4983//1 4984//1
f 5031//1 4984//1 5032//1
f 5032//1 4984//1 4985//1
f 5032//1 4985//1 5033//1
f 5033//1 4985//1 4986//1
f 5033//1 4986//1 5034//1
f 5034//1 4986//1 4987//1
f 5034//1 4987//1 5035//1
f 5035//1 4987//1 4988//1
f 5035//1 4988//1 5036//1
f 5036//1 4988//1 4989//1
f 5036//1 4989//1 5037//1
f 5037//1 4989//1 4990//1
f 5037//1 4990//1 5038//1
f 5038//1 4990//1 4991//1
f 5038//1 4991//1 5039//1
f 5039//1 4991//1 4992//1
f 5039//1 4992//1 5040//1
f 5040//1 4992//1 4993//1
f 5040//1 4993//1 5041//1
f 5041//1 4993//1 4994//1
f 5041//1 4994//1 5042//1
f 5042//1 4994//1 4995//1
f 5042//1 4995//1 5043//1
f 5043//1 4995//1 4996//1
f 5043//1 4996//1 5044//1
f 5044//1 4996//1 4997//1
f 5044//1 4997//1 5045//1
f 5045//1 4997//1 4998//1
f 5045//1 4998//1 5046//1
f 5046//1 4998//1 4999//1
f 5046//1 4999//1 5047//1
f 5047//1 4999//1 5000//1
f 5047//1 5000//1 5048//1
f 5048//1 5000//1 5001//1
f 5048//1 5001//1 5049//1
f 5049//1 5001//1 3067//1
f 5049//1 3067//1 3065//1
f 5002//1 5050//1 5003//1
f 5003//1 5050//1 5051//1
f 5003//1 5051//1 5004//1
f 5004//1 5051//1 5052//1
f 5004//1 5052//1 5005//1
f 5005//1 5052//1 5053//1
f 5005//1 5053//1 5006//1
f 5006//1 5053//1 5054//1
f 5006//1 5054//1 5007//1
f 5007//1 5054//1 5055//1
f 5007//1 5055//1 5008//1
f 5008//1 5055//1 5056//1
f 5008//1 5056//1 5009//1
f 5009//1 5056//1 5057//1
f 5009//1 5057//1 5010//1
f 5010//1 5057//1 5058//1
f 5010//1 5058//1 5011//1
f 5011//1 5058//1 5059//1
f 5011//1 5059//1 5012//1
f 5012//1 5059//1 5060//1
f 5012//1 5060//1 5013//1
f 5013//1 5060//1 5061//1
f 5013//1 5061//1 5014//1
f 5014//1 5061//1 3536//1
f 5014//1 3536//1 3538//1
f 5002//1 4954//1 5062//1
f 5062//1 4954//1 5015//1
f 5062//1 5015//1 5063//1
f 5063//1 5015//1 5016//1
f 5063//1 5016//1 5064//1
f 5064//1 5016//1 5017//1
f 5064//1 5017//1 5065//1
f 5065//1 5017//1 5018//1
f 5065//1 5018//1 5066//1
f 5066//1 5018//1 5019//1
f 5066//1 5019//1 5067//1
f 5067//1 5019//1 5020//1
f 5067//1 5020//1 5068//1
f 5068//1 5020//1 5021//1
f 5068//1 5021//1 5069//1
f 5069//1 5021//1 5022//1
f 5069//1 5022//1 5070//1
f 5070//1 5022//1 5023//1
f 5070//1 5023//1 5071//1
f 5071//1 5023//1 5024//1
f 5071//1 5024//1 5072//1
f 5072//1 5024//1 5025//1
f 5072//1 5025//1 5073//1
f 5073//1 5025//1 5026//1
f 5073//1 5026//1 5074//1
f 5074//1 5026//1 5027//1
f 5074//1 5027//1 5075//1
f 5075//1 5027//1 5028//1
f 5075//1 5028//1 5076//1
f 5076//1 5028//1 5029//1
f 5076//1 5029//1 5077//1
f 5077//1 5029//1 5030//1
f 5077//1 5030//1 5078//1
f 5078//1 5030//1 5031//1
f 5078//1 5031//1 5079//1
f 5079//1 5031//1 5032//1
f 5079//1 5032//1 5080//1
f 5080//1 5032//1 5033//1
f 5080//1 5033//1 5081//1
f 5081//1 5033//1 5034//1
f 5081//1 5034//1 5082//1
f 5082//1 5034//1 5035//1
f 5082//1 5035//1 5083//1
f 5083//1 5035//1 5036//1
f 5083//1 5036//1 5084//1
f 5084//1 5036//1 5037//1
f 5084//1 5037//1 5085//1
f 5085//1 5037//1 5038//1
f 5085//1 5038//1 5086//1
f 5086//1 5038//1 5039//1
f 5086//1 5039//1 5087//1
f 5087//1 5039//1 5040//1
f 5087//1 5040//1 5088//1
f 5088//1 5040//1 5041//1
f 5088//1 5041//1 5089//1
f 5089//1 5041//1 5042//1
f 5089//1 5042//1 5090//1
f 5090//1 5042//1 5043//1
f 5090//1 5043//1 5091//1
f 5091//1 5043//1 5044//1
f 5091//1 5044//1 5092//1
f 5092//1 5044//1 5045//1
f 5092//1 5045//1 5093//1
f 5093//1 5045//1 5046//1
f 5093//1 5046//1 5094//1
f 5094//1 5046//1 5047//1
f 5094//1 5047//1 5095//1
f 5095//1 5047//1 5048//1
f 5095//1 5048//1 5096//1
f 5096//1 5048//1 5049//1
f 5096//1 5049//1 5097//1
f 5097//1 5049//1 3065//1
f 5097//1 3065//1 3063//1
f 5050//1 5098//1 5051//1
f 5051//1 5098//1 5099//1
f 5051//1 5099//1 5052//1
f 5052//1 5099//1 5100//1
f 5052//1 5100//1 5053//1
f 5053//1 5100//1 5101//1
f 5053//1 5101//1 5054//1
f 5054//1 5101//1 5102//1
f 5054//1 5102//1 5055//1
f 5055//1 5102//1 5103//1
f 5055//1 5103//1 5056//1
f 5056//1 5103//1 5104//1
f 5056//1 5104//1 5057//1
f 5057//1 5104//1 5105//1
f 5057//1 5105//1 5058//1
f 5058//1 5105//1 5106//1
f 5058//1 5106//1 5059//1
f 5059//1 5106//1 5107//1
f 5059//1 5107//1 5060//1
f 5060//1 5107//1 5108//1
f 5060//1 5108//1 5061//1
f 5061//1 5108//1 3534//1
f 5061//1 3534//1 3536//1
f 5050//1 5002//1 5109//1
f 5109//1 5002//1 5062//1
f 5109//1 5062//1 5110//1
f 5110//1 5062//1 5063//1
f 5110//1 5063//1 5111//1
f 5111//1 5063//1 5064//1
f 5111//1 5064//1 5112//1
f 5112//1 5064//1 5065//1
f 5112//1 5065//1 5113//1
f 5113//1 5065//1 5066//1
f 5113//1 5066//1 5114//1
f 5114//1 5066//1 5067//1
f 5114//1 5067//1 5115//1
f 5115//1 5067//1 5068//1
f 5115//1 5068//1 5116//1
f 5116//1 5068//1 5069//1
f 5116//1 5069//1 5117//1
f 5117//1 5069//1 5070//1
f 5117//1 5070//1 5118//1
f 5118//1 5070//1 5071//1
f 5118//1 5071//1 5119//1
f 5119//1 5071//1 5072//1
f 5119//1 5072//1 5120//1
f 5120//1 5072//1 5073//1
f 5120//1 5073//1 5121//1
f 5121//1 5073//1 5074//1
f 5121//1 5074//1 5122//1
f 5122//1 5074//1 5075//1
f 5122//1 5075//1 5123//1
f 5123//1 5075//1 5076//1
f 5123//1 5076//1 5124//1
f 5124//1 5076//1 5077//1
f 5124//1 5077//1 5125//1
f 5125//1 5077//1 5078//1
f 5125//1 5078//1 5126//1
f 5126//1 5078//1 5079//1
f 5126//1 5079//1 5127//1
f 5127//1 5079//1 5080//1
f 5127//1 5080//1 5128//1
f 5128//1 5080//1 5081//1
f 5128//1 5081//1 5129//1
f 5129//1 5081//1 5082//1
f 5129//1 5082//1 5130//1
f 5130//1 5082//1 5083//1
f 5130//1 5083//1 5131//1
f 5131//1 5083//1 5084//1
f 5131//1 5084//1 5132//1
f 5132//1 5084//1 5085//1
f 5132//1 5085//1 5133//1
f 5133//1 5085//1 5086//1
f 5133//1 5086//1 5134//1
f 5134//1 5086//1 5087//1
f 5134//1 5087//1 5135//1
f 5135//1 5087//1 5088//1
f 5135//1 5088//1 5136//1
f 5136//1 5088//1 5089//1
f 5136//1 5089//1 5137//1
f 5137//1 5089//1 5090//1
f 5137//1 5090//1 5138//1
f 5138//1 5090//1 5091//1
f 5138//1 5091//1 5139//1
f 5139//1 5091//1 5092//1
f 5139//1 5092//1 5140//1
f 5140//1 5092//1 5093//1
f 5140//1 5093//1 5141//1
f 5141//1 5093//1 5094//1
f 5141//1 5094//1 5142//1
f 5142//1 5094//1 5095//1
f 5142//1 5095//1 5143//1
f 5143//1 5095//1 5096//1
f 5143//1 5096//1 5144//1
f 5144//1 5096//1 5097//1
f 5144//1 5097//1 5145//1
f 5145//1 5097//1 3063//1
f 5145//1 3063//1 3061//1
f 5098//1 5146//1 5099//1
f 5099//1 5146//1 5147//1
f 5099//1 5147//1 5100//1
f 5100//1 5147//1 5148//1
f 5100//1 5148//1 5101//1
f 5101//1 5148//1 5149//1
f 5101//1 5149//1 5102//1
f 5102//1 5149//1 5150//1
f 5102//1 5150//1 5103//1
f 5103//1 5150//1 5151//1
f 5103//1 5151//1 5104//1
f 5104//1 5151//1 5152//1
f 5104//1 5152//1 5105//1
f 5105//1 5152//1 5153//1
f 5105//1 5153//1 5106//1
f 5106//1 5153//1 5154//1
f 5106//1 5154//1 5107//1
f 5107//1 5154//1 5155//1
f 5107//1 5155//1 5108//1
f 5108//1 5155//1 3532//1
f 5108//1 3532//1 3534//1
f 5098//1 5050//1 5156//1
f 5156//1 5050//1 5109//1
f 5156//1 5109//1 5157//1
f 5157//1 5109//1 5110//1
f 5157//1 5110//1 5158//1
f 5158//1 5110//1 5111//1
f 5158//1 5111//1 5159//1
f 5159//1 5111//1 5112//1
f 5159//1 5112//1 5160//1
f 5160//1 5112//1 5113//1
f 5160//1 5113//1 5161//1
f 5161//1 5113//1 5114//1
f 5161//1 5114//1 5162//1
f 5162//1 5114//1 5115//1
f 5162//1 5115//1 5163//1
f 5163//1 5115//1 5116//1
f 5163//1 5116//1 5164//1
f 5164//1 5116//1 5117//1
f 5164//1 5117//1 5165//1
f 5165//1 5117//1 5118//1
f 5165//1 5118//1 5166//1
f 5166//1 5118//1 5119//1
f 5166//1 5119//1 5167//1
f 5167//1 5119//1 5120//1
f 5167//1 5120//1 5168//1
f 5168//1 5120//1 5121//1
f 5168//1 5121//1 5169//1
f 5169//1 5121//1 5122//1
f 5169//1 5122//1 5170//1
f 5170//1 5122//1 5123//1
f 5170//1 5123//1 5171//1
f 5171//1 5123//1 5124//1
f 5171//1 5124//1 5172//1
f 5172//1 5124//1 5125//1
f 5172//1 5125//1 5173//1
f 5173//1 5125//1 5126//1
f 5173//1 5126//1 5174//1
f 5174//1 5126//1 5127//1
f 5174//1 5127//1 5175//1
f 5175//1 5127//1 5128//1
f 5175//1 5128//1 5176//1
f 5176//1 5128//1 5129//1
f 5176//1 5129//1 5177//1
f 5177//1 5129//1 5130//1
f 5177//1 5130//1 5178//1
f 5178//1 5130//1 5131//1
f 5178//1 5131//1 5179//1
f 5179//1 5131//1 5132//1
f 5179//1 5132//1 5180//1
f 5180//1 5132//1 5133//1
f 5180//1 5133//1 5181//1
f 5181//1 5133//1 5134//1
f 5181//1 5134//1 5182//1
f 5182//1 5134//1 5135//1
f 5182//1 5135//1 5183//1
f 5183//1 5135//1 5136//1
f 5183//1 5136//1 5184//1
f 5184//1 5136//1 5137//1
f 5184//1 5137//1 5185//1
f 5185//1 5137//1 5138//1
f 5185//1 5138//1 5186//1
f 5186//1 5138//1 5139//1
f 5186//1 5139//1 5187//1
f 5187//1 5139//1 5140//1
f 5187//1 5140//1 5188//1
f 5188//1 5140//1 5141//1
f 5188//1 5141//1 5189//1
f 5189//1 5141//1 5142//1
f 5189//1 5142//1 5190//1
f 5190//1 5142//1 5143//1
f 5190//1 5143//1 5191//1
f 5191//1 5143//1 5144//1
f 5191//1 5144//1 5192//1
f 5192//1 5144//1 5145//1
f 5192//1 5145//1 5193//1
f 5193//1 5145//1 3061//1
f 5193//1 3061//1 3059//1
f 5146//1 5194//1 5147//1
f 5147//1 5194//1 5195//1
f 5147//1 5195//1 5148//1
f 5148//1 5195//1 5196//1
f 5148//1 5196//1 5149//1
f 5149//1 5196//1 5197//1
f 5149//1 5197//1 5150//1
f 5150//1 5197//1 5198//1
f 5150//1 5198//1 5151//1
f 5151//1 5198//1 5199//1
f 5151//1 5199//1 5152//1
f 5152//1 5199//1 5200//1
f 5152//1 5200//1 5153//1
f 5153//1 5200//1 5201//1
f 5153//1 5201//1 5154//1
f 5154//1 5201//1 5202//1
f 5154//1 5202//1 5155//1
f 5155//1 5202//1 3530//1
f 5155//1 3530//1 3532//1
f 5146//1 5098//1 5203//1
f 5203//1 5098//1 5156//1
f 5203//1 5156//1 5204//1
f 5204//1 5156//1 5157//1
f 5204//1 5157//1 5205//1
f 5205//1 5157//1 5158//1
f 5205//1 5158//1 5206//1
f 5206//1 5158//1 5159//1
f 5206//1 5159//1 5207//1
f 5207//1 5159//1 5160//1
f 5207//1 5160//1 5208//1
f 5208//1 5160//1 5161//1
f 5208//1 5161//1 5209//1
f 5209//1 5161//1 5162//1
f 5209//1 5162//1 5210//1
f 5210//1 5162//1 5163//1
f 5210//1 5163//1 5211//1
f 5211//1 5163//1 5164//1
f 5211//1 5164//1 5212//1
f 5212//1 5164//1 5165//1
f 5212//1 5165//1 5213//1
f 5213//1 5165//1 5166//1
f 5213//1 5166//1 5214//1
f 5214//1 5166//1 5167//1
f 5214//1 5167//1 5215//1
f 5215//1 5167//1 5168//1
f 5215//1 5168//1 5216//1
f 5216//1 5168//1 5169//1
f 5216//1 5169//1 5217//1
f 5217//1 5169//1 5170//1
f 5217//1 5170//1 5218//1
f 5218//1 5170//1 5171//1
f 5218//1 5171//1 5219//1
f 5219//1 5171//1 5172//1
f 5219//1 5172//1 5220//1
f 5220//1 5172//1 5173//1
f 5220//1 5173//1 5221//1
f 5221//1 5173//1 5174//1
f 5221//1 5174//1 5222//1
f 5222//1 5174//1 5175//1
f 5222//1 5175//1 5223//1
f 5223//1 5175//1 5176//1
f 5223//1 5176//1 5224//1
f 5224//1 5176//1 5177//1
f 5224//1 5177//1 5225//1
f 5225//1 5177//1 5178//1
f 5225//1 5178//1 5226//1
f 5226//1 5178//1 5179//1
f 5226//1 5179//1 5227//1
f 5227//1 5179//1 5180//1
f 5227//1 5180//1 5228//1
f 5228//1 5180//1 5181//1
f 5228//1 5181//1 5229//1
f 5229//1 5181//1 5182//1
f 5229//1 5182//1 5230//1
f 5230//1 5182//1 5183//1
f 5230//1 5183//1 5231//1
f 5231//1 5183//1 5184//1
f 5231//1 5184//1 5232//1
f 5232//1 5184//1 5185//1
f 5232//1 5185//1 5233//1
f 5233//1 5185//1 5186//1
f 5233//1 5186//1 5234//1
f 5234//1 5186//1 5187//1
f 5234//1 5187//1 5235//1
f 5235//1 5187//1 5188//1
f 5235//1 5188//1 5236//1
f 5236//1 5188//1 5189//1
f 5236//1 5189//1 5237//1
f 5237//1 5189//1 5190//1
f 5237//1 5190//1 5238//1
f 5238//1 5190//1 5191//1
f 5238//1 5191//1 5239//1
f 5239//1 5191//1 5192//1
f 5239//1 5192//1 5240//1
f 5240//1 5192//1 5193//1
f 5240//1 5193//1 5241//1
f 5241//1 5193//1 3059//1
f 5241//1 3059//1 3057//1
f 5194//1 5242//1 5195//1
f 5195//1 5242//1 5243//1
f 5195//1 5243//1 5196//1
f 5196//1 5243//1 5244//1
f 5196//1 5244//1 5197//1
f 5197//1 5244//1 5245//1
f 5197//1 5245//1 5198//1
f 5198//1 5245//1 5246//1
f 5198//1 5246//1 5199//1
f 5199//1 5246//1 5247//1
f 5199//1 5247//1 5200//1
f 5200//1 5247//1 5248//1
f 5200//1 5248//1 5201//1
f 5201//1 5248//1 5249//1
f 5201//1 5249//1 5202//1
f 5202//1 5249//1 3528//1
f 5202//1 3528//1 3530//1
f 5194//1 5146//1 5250//1
f 5250//1 5146//1 5203//1
f 5250//1 5203//1 5251//1
f 5251//1 5203//1 5204//1
f 5251//1 5204//1 5252//1
f 5252//1 5204//1 5205//1
f 5252//1 5205//1 5253//1
f 5253//1 5205//1 5206//1
f 5253//1 5206//1 5254//1
f 5254//1 5206//1 5207//1
f 5254//1 5207//1 5255//1
f 5255//1 5207//1 5208//1
f 5255//1 5208//1 5256//1
f 5256//1 5208//1 5209//1
f 5256//1 5209//1 5257//1
f 5257//1 5209//1 5210//1
f 5257//1 5210//1 5258//1
f 5258//1 5210//1 5211//1
f 5258//1 5211//1 5259//1
f 5259//1 5211//1 5212//1
f 5259//1 5212//1 5260//1
f 5260//1 5212//1 5213//1
f 5260//1 5213//1 5261//1
f 5261//1 5213//1 5214//1
f 5261//1 5214//1 5262//1
f 5262//1 5214//1 5215//1
f 5262//1 5215//1 5263//1
f 5263//1 5215//1 5216//1
f 5263//1 5216//1 5264//1
f 5264//1 5216//1 5217//1
f 5264//1 5217//1 5265//1
f 5265//1 5217//1 5218//1
f 5265//1 5218//1 5266//1
f 5266//1 5218//1 5219//1
f 5266//1 5219//1 5267//1
f 5267//1 5219//1 5220//1
f 5267//1 5220//1 5268//1
f 5268//1 5220//1 5221//1
f 5268//1 5221//1 5269//1
f 5269//1 5221//1 5222//1
f 5269//1 5222//1 5270//1
f 5270//1 5222//1 5223//1
f 5270//1 5223//1 5271//1
f 5271//1 5223//1 5224//1
f 5271//1 5224//1 5272//1
f 5272//1 5224//1 5225//1
f 5272//1 5225//1 5273//1
f 5273//1 5225//1 5226//1
f 5273//1 5226//1 5274//1
f 5274//1 5226//1 5227//1
f 5274//1 5227//1 5275//1
f 5275//1 5227//1 5228//1
f 5275//1 5228//1 5276//1
f 5276//1 5228//1 5229//1
f 5276//1 5229//1 5277//1
f 5277//1 5229//1 5230//1
f 5277//1 5230//1 5278//1
f 5278//1 5230//1 5231//1
f 5278//1 5231//1 5279//1
f 5279//1 5231//1 5232//1
f 5279//1 5232//1 5280//1
f 5280//1 5232//1 5233//1
f 5280//1 5233//1 5281//1
f 5281//1 5233//1 5234//1
f 5281//1 5234//1 5282//1
f 5282//1 5234//1 5235//1
f 5282//1 5235//1 5283//1
f 5283//1 5235//1 5236//1
f 5283//1 5236//1 5284//1
f 5284//1 5236//1 5237//1
f 5284//1 5237//1 5285//1
f 5285//1 5237//1 5238//1
f 5285//1 5238//1 5286//1
f 5286//1 5238//1 5239//1
f 5286//1 5239//1 5287//1
f 5287//1 5239//1 5240//1
f 5287//1 5240//1 5288//1
f 5288//1 5240//1 5241//1
f 5288//1 5241//1 5289//1
f 5289//1 5241//1 3057//1
f 5289//1 3057//1 3055//1
f 5242//1 5290//1 5243//1
f 5243//1 5290//1 5291//1
f 5243//1 5291//1 5244//1
f 5244//1 5291//1 5292//1
f 5244//1 5292//1 5245//1
f 5245//1 5292//1 5293//1
f 5245//1 5293//1 5246//1
f 5246//1 5293//1 5294//1
f 5246//1 5294//1 5247//1
f 5247//1 5294//1 5295//1
f 5247//1 5295//1 5248//1
f 5248//1 5295//1 5296//1
f 5248//1 5296//1 5249//1
f 5249//1 5296//1 3526//1
f 5249//1 3526//1 3528//1
f 5242//1 5194//1 5297//1
f 5297//1 5194//1 5250//1
f 5297//1 5250//1 5298//1
f 5298//1 5250//1 5251//1
f 5298//1 5251//1 5299//1
f 5299//1 5251//1 5252//1
f 5299//1 5252//1 5300//1
f 5300//1 5252//1 5253//1
f 5300//1 5253//1 5301//1
f 5301//1 5253//1 5254//1
f 5301//1 5254//1 5302//1
f 5302//1 5254//1 5255//1
f 5302//1 5255//1 5303//1
f 5303//1 5255//1 5256//1
f 5303//1 5256//1 5304//1
f 5304//1 5256//1 5257//1
f 5304//1 5257//1 5305//1
f 5305//1 5257//1 5258//1
f 5305//1 5258//1 5306//1
f 5306//1 5258//1 5259//1
f 5306//1 5259//1 5307//1
f 5307//1 5259//1 5260//1
f 5307//1 5260//1 5308//1
f 5308//1 5260//1 5261//1
f 5308//1 5261//1 5309//1
f 5309//1 5261//1 5262//1
f 5309//1 5262//1 5310//1
f 5310//1 5262//1 5263//1
f 5310//1 5263//1 5311//1
f 5311//1 5263//1 5264//1
f 5311//1 5264//1 5312//1
f 5312//1 5264//1 5265//1
f 5312//1 5265//1 5313//1
f 5313//1 5265//1 5266//1
f 5313//1 5266//1 5314//1
f 5314//1 5266//1 5267//1
f 5314//1 5267//1 5315//1
f 5315//1 5267//1 5268//1
f 5315//1 5268//1 5316//1
f 5316//1 5268//1 5269//1
f 5316//1 5269//1 5317//1
f 5317//1 5269//1 5270//1
f 5317//1 5270//1 5318//1
f 5318//1 5270//1 5271//1
f 5318//1 5271//1 5319//1
f 5319//1 5271//1 5272//1
f 5319//1 5272//1 5320//1
f 5320//1 5272//1 5273//1
f 5320//1 5273//1 5321//1
f 5321//1 5273//1 5274//1
f 5321//1 5274//1 5322//1
f 5322//1 5274//1 5275//1
f 5322//1 5275//1 5323//1
f 5323//1 5275//1 5276//1
f 5323//1 5276//1 5324//1
f 5324//1 5276//1 5277//1
f 5324//1 5277//1 5325//1
f 5325//1 5277//1 5278//1
f 5325//1 5278//1 5326//1
f 5326//1 5278//1 5279//1
f 5326//1 5279//1 5327//1
f 5327//1 5279//1 5280//1
f 5327//1 5280//1 5328//1
f 5328//1 5280//1 5281//1
f 5328//1 5281//1 5329//1
f 5329//1 5281//1 5282//1
f 5329//1 5282//1 5330//1
f 5330//1 5282//1 5283//1
f 5330//1 5283//1 5331//1
f 5331//1 5283//1 5284//1
f 5331//1 5284//1 5332//1
f 5332//1 5284//1 5285//1
f 5332//1 5285//1 5333//1
f 5333//1 5285//1 5286//1
f 5333//1 5286//1 5334//1
f 5334//1 5286//1 5287//1
f 5334//1 5287//1 5335//1
f 5335//1 5287//1 5288//1
f 5335//1 5288//1 5336//1
f 5336//1 5288//1 5289//1
f 5336//1 5289//1 5337//1
f 5337//1 5289//1 3055//1
f 5337//1 3055//1 3053//1
f 5290//1 5338//1 5291//1
f 5291//1 5338//1 5339//1
f 5291//1 5339//1 5292//1
f 5292//1 5339//1 5340//1
f 5292//1 5340//1 5293//1
f 5293//1 5340//1 5341//1
f 5293//1 5341//1 5294//1
f 5294//1 5341//1 5342//1
f 5294//1 5342//1 5295//1
f 5295//1 5342//1 5343//1
f 5295//1 5343//1 5296//1
f 5296//1 5343//1 3524//1
f 5296//1 3524//1 3526//1
f 5290//1 5242//1 5344//1
f 5344//1 5242//1 5297//1
f 5344//1 5297//1 5345//1
f 5345//1 5297//1 5298//1
f 5345//1 5298//1 5346//1
f 5346//1 5298//1 5299//1
f 5346//1 5299//1 5347//1
f 5347//1 5299//1 5300//1
f 5347//1 5300//1 5348//1
f 5348//1 5300//1 5301//1
f 5348//1 5301//1 5349//1
f 5349//1 5301//1 5302//1
f 5349//1 5302//1 5350//1
f 5350//1 5302//1 5303//1
f 5350//1 5303//1 5351//1
f 5351//1 5303//1 5304//1
f 5351//1 5304//1 5352//1
f 5352//1 5304//1 5305//1
f 5352//1 5305//1 5353//1
f 5353//1 5305//1 5306//1
f 5353//1 5306//1 5354//1
f 5354//1 5306//1 5307//1
f 5354//1 5307//1 5355//1
f 5355//1 5307//1 5308//1
f 5355//1 5308//1 5356//1
f 5356//1 5308//1 5309//1
f 5356//1 5309//1 5357//1
f 5357//1 5309//1 5310//1
f 5357//1 5310//1 5358//1
f 5358//1 5310//1 5311//1
f 5358//1 5311//1 5359//1
f 5359//1 5311//1 5312//1
f 5359//1 5312//1 5360//1
f 5360//1 5312//1 5313//1
f 5360//1 5313//1 5361//1
f 5361//1 5313//1 5314//1
f 5361//1 5314//1 5362//1
f 5362//1 5314//1 5315//1
f 5362//1 5315//1 5363//1
f 5363//1 5315//1 5316//1
f 5363//1 5316//1 5364//1
f 5364//1 5316//1 5317//1
f 5364//1 5317//1 5365//1
f 5365//1 5317//1 5318//1
f 5365//1 5318//1 5366//1
f 5366//1 5318//1 5319//1
f 5366//1 5319//1 5367//1
f 5367//1 5319//1 5320//1
f 5367//1 5320//1 5368//1
f 5368//1 5320//1 5321//1
f 5368//1 5321//1 5369//1
f 5369//1 5321//1 5322//1
f 5369//1 5322//1 5370//1
f 5370//1 5322//1 5323//1
f 5370//1 5323//1 5371//1
f 5371//1 5323//1 5324//1
f 5371//1 5324//1 5372//1
f 5372//1 5324//1 5325//1
f 5372//1 5325//1 5373//1
f 5373//1 5325//1 5326//1
f 5373//1 5326//1 5374//1
f 5374//1 5326//1 5327//1
f 5374//1 5327//1 5375//1
f 5375//1 5327//1 5328//1
f 5375//1 5328//1 5376//1
f 5376//1 5328//1 5329//1
f 5376//1 5329//1 5377//1
f 5377//1 5329//1 5330//1
f 5377//1 5330//1 5378//1
f 5378//1 5330//1 5331//1
f 5378//1 5331//1 5379//1
f 5379//1 5331//1 5332//1
f 5379//1 5332//1 5380//1
f 5380//1 5332//1 5333//1
f 5380//1 5333//1 5381//1
f 5381//1 5333//1 5334//1
f 5381//1 5334//1 5382//1
f 5382//1 5334//1 5335//1
f 5382//1 5335//1 5383//1
f 5383//1 5335//1 5336//1
f 5383//1 5336//1 5384//1
f 5384//1 5336//1 5337//1
f 5384//1 5337//1 5385//1
f 5385//1 5337//1 3053//1
f 5385//1 3053//1 3051//1
f 5338//1 5386//1 5339//1
f 5339//1 5386//1 5387//1
f 5339//1 5387//1 5340//1
f 5340//1 5387//1 5388//1
f 5340//1 5388//1 5341//1
f 5341//1 5388//1 5389//1
f 5341//1 5389//1 5342//1
f 5342//1 5389//1 5390//1
f 5342//1 5390//1 5343//1
f 5343//1 5390//1 3522//1
f 5343//1 3522//1 3524//1
f 5338//1 5290//1 5391//1
f 5391//1 5290//1 5344//1
f 5391//1 5344//1 5392//1
f 5392//1 5344//1 5345//1
f 5392//1 5345//1 5393//1
f 5393//1 5345//1 5346//1
f 5393//1 5346//1 5394//1
f 5394//1 5346//1 5347//1
f 5394//1 5347//1 5395//1
f 5395//1 5347//1 5348//1
f 5395//1 5348//1 5396//1
f 5396//1 5348//1 5349//1
f 5396//1 5349//1 5397//1
f 5397//1 5349//1 5350//1
f 5397//1 5350//1 5398//1
f 5398//1 5350//1 5351//1
f 5398//1 5351//1 5399//1
f 5399//1 5351//1 5352//1
f 5399//1 5352//1 5400//1
f 5400//1 5352//1 5353//1
f 5400//1 5353//1 5401//1
f 5401//1 5353//1 5354//1
f 5401//1 5354//1 5402//1
f 5402//1 5354//1 5355//1
f 5402//1 5355//1 5403//1
f 5403//1 5355//1 5356//1
f 5403//1 5356//1 5404//1
f 5404//1 5356//1 5357//1
f 5404//1 5357//1 5405//1
f 5405//1 5357//1 5358//1
f 5405//1 5358//1 5406//1
f 5406//1 5358//1 5359//1
f 5406//1 5359//1 5407//1
f 5407//1 5359//1 5360//1
f 5407//1 5360//1 5408//1
f 5408//1 5360//1 5361//1
f 5408//1 5361//1 5409//1
f 5409//1 5361//1 5362//1
f 5409//1 5362//1 5410//1
f 5410//1 5362//1 5363//1
f 5410//1 5363//1 5411//1
f 5411//1 5363//1 5364//1
f 5411//1 5364//1 5412//1
f 5412//1 5364//1 5365//1
f 5412//1 5365//1 5413//1
f 5413//1 5365//1 5366//1
f 5413//1 5366//1 5414//1
f 5414//1 5366//1 5367//1
f 5414//1 5367//1 5415//1
f 5415//1 5367//1 5368//1
f 5415//1 5368//1 5416//1
f 5416//1 5368//1 5369//1
f 5416//1 5369//1 5417//1
f 5417//1 5369//1 5370//1
f 5417//1 5370//1 5418//1
f 5418//1 5370//1 5371//1
f 5418//1 5371//1 5419//1
f 5419//1 5371//1 5372//1
f 5419//1 5372//1 5420//1
f 5420//1 5372//1 5373//1
f 5420//1 5373//1 5421//1
f 5421//1 5373//1 5374//1
f 5421//1 5374//1 5422//1
f 5422//1 5374//1 5375//1
f 5422//1 5375//1 5423//1
f 5423//1 5375//1 5376//1
f 5423//1 5376//1 5424//1
f 5424//1 5376//1 5377//1
f 5424//1 5377//1 5425//1
f 5425//1 5377//1 5378//1
f 5425//1 5378//1 5426//1
f 5426//1 5378//1 5379//1
f 5426//1 5379//1 5427//1
f 5427//1 5379//1 5380//1
f 5427//1 5380//1 5428//1
f 5428//1 5380//1 5381//1
f 5428//1 5381//1 5429//1
f 5429//1 5381//1 5382//1
f 5429//1 5382//1 5430//1
f 5430//1 5382//1 5383//1
f 5430//1 5383//1 5431//1
f 5431//1 5383//1 5384//1
f 5431//1 5384//1 5432//1
f 5432//1 5384//1 5385//1
f 5432//1 5385//1 5433//1
f 5433//1 5385//1 3051//1
f 5433//1 3051//1 3049//1
f 5386//1 3426//1 5387//1
f 5387//1 3426//1 3425//1
f 5387//1 3425//1 5388//1
f 5388//1 3425//1 3518//1
f 5388//1 3518//1 5389//1
f 5389//1 3518//1 3519//1
f 5389//1 3519//1 5390//1
f 5390//1 3519//1 3520//1
f 5390//1 3520//1 3522//1
f 5386//1 5338//1 5434//1
f 5434//1 5338//1 5391//1
f 5434//1 5391//1 5435//1
f 5435//1 5391//1 5392//1
f 5435//1 5392//1 5436//1
f 5436//1 5392//1 5393//1
f 5436//1 5393//1 5437//1
f 5437//1 5393//1 5394//1
f 5437//1 5394//1 5438//1
f 5438//1 5394//1 5395//1
f 5438//1 5395//1 5439//1
f 5439//1 5395//1 5396//1
f 5439//1 5396//1 5440//1
f 5440//1 5396//1 5397//1
f 5440//1 5397//1 5441//1
f 5441//1 5397//1 5398//1
f 5441//1 5398//1 5442//1
f 5442//1 5398//1 5399//1
f 5442//1 5399//1 5443//1
f 5443//1 5399//1 5400//1
f 5443//1 5400//1 5444//1
f 5444//1 5400//1 5401//1
f 5444//1 5401//1 5445//1
f 5445//1 5401//1 5402//1
f 5445//1 5402//1 5446//1
f 5446//1 5402//1 5403//1
f 5446//1 5403//1 5447//1
f 5447//1 5403//1 5404//1
f 5447//1 5404//1 5448//1
f 5448//1 5404//1 5405//1
f 5448//1 5405//1 5449//1
f 5449//1 5405//1 5406//1
f 5449//1 5406//1 5450//1
f 5450//1 5406//1 5407//1
f 5450//1 5407//1 5451//1
f 5451//1 5407//1 5408//1
f 5451//1 5408//1 5452//1
f 5452//1 5408//1 5409//1
f 5452//1 5409//1 5453//1
f 5453//1 5409//1 5410//1
f 5453//1 5410//1 5454//1
f 5454//1 5410//1 5411//1
f 5454//1 5411//1 5455//1
f 5455//1 5411//1 5412//1
f 5455//1 5412//1 5456//1
f 5456//1 5412//1 5413//1
f 5456//1 5413//1 5457//1
f 5457//1 5413//1 5414//1
f 5457//1 5414//1 5458//1
f 5458//1 5414//1 5415//1
f 5458//1 5415//1 5459//1
f 5459//1 5415//1 5416//1
f 5459//1 5416//1 5460//1
f 5460//1 5416//1 5417//1
f 5460//1 5417//1 5461//1
f 5461//1 5417//1 5418//1
f 5461//1 5418//1 5462//1
f 5462//1 5418//1 5419//1
f 5462//1 5419//1 5463//1
f 5463//1 5419//1 5420//1
f 5463//1 5420//1 5464//1
f 5464//1 5420//1 5421//1
f 5464//1 5421//1 5465//1
f 5465//1 5421//1 5422//1
f 5465//1 5422//1 5466//1
f 5466//1 5422//1 5423//1
f 5466//1 5423//1 5467//1
f 5467//1 5423//1 5424//1
f 5467//1 5424//1 5468//1
f 5468//1 5424//1 5425//1
f 5468//1 5425//1 5469//1
f 5469//1 5425//1 5426//1
f 5469//1 5426//1 5470//1
f 5470//1 5426//1 5427//1
f 5470//1 5427//1 5471//1
f 5471//1 5427//1 5428//1
f 5471//1 5428//1 5472//1
f 5472//1 5428//1 5429//1
f 5472//1 5429//1 5473//1
f 5473//1 5429//1 5430//1
f 5473//1 5430//1 5474//1
f 5474//1 5430//1 5431//1
f 5474//1 5431//1 5475//1
f 5475//1 5431//1 5432//1
f 5475//1 5432//1 5476//1
f 5476//1 5432//1 5433//1
f 5476//1 5433//1 5477//1
f 5477//1 5433//1 3049//1
f 5477//1 3049//1 3047//1
f 3426//1 5386//1 3428//1
f 3428//1 5386//1 5434//1
f 3428//1 5434//1 3430//1
f 3430//1 5434//1 5435//1
f 3430//1 5435//1 3432//1
f 3432//1 5435//1 5436//1
f 3432//1 5436//1 3434//1
f 3434//1 5436//1 5437//1
f 3434//1 5437//1 3436//1
f 3436//1 5437//1 5438//1
f 3436//1 5438//1 3438//1
f 3438//1 5438//1 5439//1
f 3438//1 5439//1 3440//1
f 3440//1 5439//1 5440//1
f 3440//1 5440//1 3442//1
f 3442//1 5440//1 5441//1
f 3442//1 5441//1 3444//1
f 3444//1 5441//1 5442//1
f 3444//1 5442//1 3446//1
f 3446//1 5442//1 5443//1
f 3446//1 5443//1 3448//1
f 3448//1 5443//1 5444//1
f 3448//1 5444//1 3450//1
f 3450//1 5444//1 5445//1
f 3450//1 5445//1 3452//1
f 3452//1 5445//1 5446//1
f 3452//1 5446//1 3454//1
f 3454//1 5446//1 5447//1
f 3454//1 5447//1 3456//1
f 3456//1 5447//1 5448//1
f 3456//1 5448//1 3458//1
f 3458//1 5448//1 5449//1
f 3458//1 5449//1 3460//1
f 3460//1 5449//1 5450//1
f 3460//1 5450//1 3462//1
f 3462//1 5450//1 5451//1
f 3462//1 5451//1 3464//1
f 3464//1 5451//1 5452//1
f 3464//1 5452//1 3466//1
f 3466//1 5452//1 5453//1
f 3466//1 5453//1 3468//1
f 3468//1 5453//1 5454//1
f 3468//1 5454//1 3470//1
f 3470//1 5454//1 5455//1
f 3470//1 5455//1 3472//1
f 3472//1 5455//1 5456//1
f 3472//1 5456//1 3474//1
f 3474//1 5456//1 5457//1
f 3474//1 5457//1 3476//1
f 3476//1 5457//1 5458//1
f 3476//1 5458//1 3478//1
f 3478//1 5458//1 5459//1
f 3478//1 5459//1 3480//1
f 3480//1 5459//1 5460//1
f 3480//1 5460//1 3482//1
f 3482//1 5460//1 5461//1
f 3482//1 5461//1 3484//1
f 3484//1 5461//1 5462//1
f 3484//1 5462//1 3486//1
f 3486//1 5462//1 5463//1
f 3486//1 5463//1 3488//1
f 3488//1 5463//1 5464//1
f 3488//1 5464//1 3490//1
f 3490//1 5464//1 5465//1
f 3490//1 5465//1 3492//1
f 3492//1 5465//1 5466//1
f 3492//1 5466//1 3494//1
f 3494//1 5466//1 5467//1
f 3494//1 5467//1 3496//1
f 3496//1 5467//1 5468//1
f 3496//1 5468//1 3498//1
f 3498//1 5468//1 5469//1
f 3498//1 5469//1 3500//1
f 3500//1 5469//1 5470//1
f 3500//1 5470//1 3502//1
f 3502//1 5470//1 5471//1
f 3502//1 5471//1 3504//1
f 3504//1 5471//1 5472//1
f 3504//1 5472//1 3506//1
f 3506//1 5472//1 5473//1
f 3506//1 5473//1 3508//1
f 3508//1 5473//1 5474//1
f 3508//1 5474//1 3510//1
f 3510//1 5474//1 5475//1
f 3510//1 5475//1 3512//1
f 3512//1 5475//1 5476//1
f 3512//1 5476//1 3514//1
f 3514//1 5476//1 5477//1
f 3514//1 5477//1 3516//1
f 3516//1 5477//1 3047//1
f 3516//1 3047//1 3045//1
f 3585//1 3595//1 3586//1
f 3586//1 3595//1 5478//1
f 3586//1 5478//1 3587//1
f 3587//1 5478//1 5479//1
f 3587//1 5479//1 3588//1
f 3588//1 5479//1 5480//1
f 3588//1 5480//1 3589//1
f 3589//1 5480//1 5481//1
f 3589//1 5481//1 3590//1
f 3590//1 5481//1 5482//1
f 3590//1 5482//1 3591//1
f 3591//1 5482//1 5483//1
f 3591//1 5483//1 3592//1
f 3592//1 5483//1 5484//1
f 3592//1 5484//1 3593//1
f 3593//1 5484//1 5485//1
f 3593//1 5485//1 3594//1
f 3594//1 5485//1 3265//1
f 3594//1 3265//1 3267//1
f 3595//1 3596//1 5478//1
f 5478//1 3596//1 5486//1
f 5478//1 5486//1 5479//1
f 5479//1 5486//1 5487//1
f 5479//1 5487//1 5480//1
f 5480//1 5487//1 5488//1
f 5480//1 5488//1 5481//1
f 5481//1 5488//1 5489//1
f 5481//1 5489//1 5482//1
f 5482//1 5489//1 5490//1
f 5482//1 5490//1 5483//1
f 5483//1 5490//1 5491//1
f 5483//1 5491//1 5484//1
f 5484//1 5491//1 5492//1
f 5484//1 5492//1 5485//1
f 5485//1 5492//1 3263//1
f 5485//1 3263//1 3265//1
f 3596//1 3597//1 5486//1
f 5486//1 3597//1 5493//1
f 5486//1 5493//1 5487//1
f 5487//1 5493//1 5494//1
f 5487//1 5494//1 5488//1
f 5488//1 5494//1 5495//1
f 5488//1 5495//1 5489//1
f 5489//1 5495//1 5496//1
f 5489//1 5496//1 5490//1
f 5490//1 5496//1 5497//1
f 5490//1 5497//1 5491//1
f 5491//1 5497//1 5498//1
f 5491//1 5498//1 5492//1
f 5492//1 5498//1 3261//1
f 5492//1 3261//1 3263//1
f 5494//1 5493//1 3600//1
f 3600//1 5493//1 3598//1
f 3598//1 5493//1 3597//1
f 5495//1 5494//1 3602//1
f 3602//1 5494//1 3600//1
f 5496//1 5495//1 3604//1
f 3604//1 5495//1 3602//1
f 5497//1 5496//1 3606//1
f 3606//1 5496//1 3604//1
f 3617//1 5499//1 3616//1
f 3616//1 5499//1 3614//1
f 3616//1 3614//1 3613//1
f 3614//1 5499//1 3615//1
f 3615//1 5499//1 3251//1
f 3615//1 3251//1 3253//1
f 3247//1 3249//1 3617//1
f 3617//1 3249//1 5499//1
f 3249//1 3251//1 5499//1
f 5497//1 3606//1 3608//1
f 5497//1 3608//1 5498//1
f 5498//1 3608//1 3259//1
f 5498//1 3259//1 3261//1
f 4322//1 3248//1 3246//1
f 3244//1 4321//1 3245//1
f 3245//1 4321//1 4322//1
f 3245//1 4322//1 3246//1
f 3243//1 4320//1 3244//1
f 3244//1 4320//1 4321//1
f 3517//1 3043//1 3618//1
f 3618//1 3043//1 3041//1
f 3515//1 3517//1 3619//1
f 3619//1 3517//1 3618//1
f 3513//1 3515//1 3620//1
f 3620//1 3515//1 3619//1
f 3511//1 3513//1 3621//1
f 3621//1 3513//1 3620//1
f 3621//1 3622//1 3511//1
f 3511//1 3622//1 3509//1
f 3499//1 3501//1 3627//1
f 3627//1 3501//1 3626//1
f 3497//1 3499//1 3628//1
f 3628//1 3499//1 3627//1
f 3495//1 3497//1 3629//1
f 3629//1 3497//1 3628//1
f 3635//1 3485//1 3634//1
f 3634//1 3485//1 3487//1
f 3634//1 3487//1 3633//1
f 3485//1 3635//1 3483//1
f 3483//1 3635//1 3636//1
f 3483//1 3636//1 3481//1
f 3481//1 3636//1 3637//1
f 3481//1 3637//1 3479//1
f 3479//1 3637//1 3638//1
f 3479//1 3638//1 3477//1
f 3471//1 3641//1 3643//1
f 3643//1 3469//1 3471//1
f 3993//1 3992//1 3991//1
f 3398//1 236//1 4179//1
f 4412//1 4415//1 4414//1
f 4414//1 4415//1 4382//1
f 4414//1 4382//1 4381//1
f 4382//1 4415//1 4383//1
f 4024//1 3416//1 3418//1
f 4024//1 3418//1 4380//1
f 4380//1 3418//1 3420//1
f 3353//1 3351//1 3396//1
f 3396//1 3351//1 5500//1
f 3396//1 5500//1 3394//1
f 3394//1 5500//1 5501//1
f 3394//1 5501//1 3392//1
f 3392//1 5501//1 5502//1
f 3392//1 5502//1 3390//1
f 3390//1 5502//1 5503//1
f 3390//1 5503//1 3388//1
f 3388//1 5503//1 5504//1
f 3388//1 5504//1 3386//1
f 3386//1 5504//1 5505//1
f 3386//1 5505//1 3384//1
f 3384//1 5505//1 3371//1
f 3372//1 3371//1 5505//1
f 3351//1 3349//1 5500//1
f 5500//1 3349//1 3380//1
f 5500//1 3380//1 5501//1
f 5501//1 3380//1 3378//1
f 5501//1 3378//1 5502//1
f 5502//1 3378//1 3376//1
f 5502//1 3376//1 5503//1
f 5503//1 3376//1 3374//1
f 5503//1 3374//1 5504//1
f 5504//1 3374//1 3372//1
f 5504//1 3372//1 5505//1
f 3370//1 3369//1 4379//1
f 3370//1 4379//1 3341//1
# Vertices: 5505, normals: 1, texture coordinates: 0, faces: 11018

