# File generated by FabConvert.com - Free Image and 3D model conversion tools

o obj1
v 9.89271355 5.62668228 5.79955959
v 7.99264336 7.9086647 5.79955959
v 9.68250847 5.43399048 5.79955959
v 7.76505852 7.73682022 5.79955959
v 9.43961906 5.28456497 5.79955959
v 7.57411003 7.5250206 5.79955959
v 9.17284966 5.18380356 5.79955959
v 7.42669487 7.28091049 5.79955959
v 8.89182854 5.13535309 5.79955959
v 7.32815361 7.01331711 5.79956007
v 8.6067028 5.14096069 5.79955959
v 7.28202629 6.73189926 5.79956007
v 8.32780266 5.20042801 5.79955959
v 7.28999138 6.44684219 5.79956007
v 8.0651989 5.31159973 5.79955959
v 7.35175896 6.16844559 5.79956007
v 7.82838249 5.47045898 5.79955959
v 7.46510124 5.9067688 5.79955959
v 7.62591362 5.67126846 5.79955959
v 8.2486248 8.03432083 5.79955959
v 10.06266499 5.85567474 5.79955959
v 8.52377129 8.10926437 5.79955959
v 10.1862154 6.1126976 5.79955959
v 8.80813408 8.1307869 5.79955959
v 10.25887775 6.38844681 5.79955959
v 9.0914135 8.09810257 5.79955959
v 10.27804279 6.67296982 5.79955959
v 9.36340141 8.01239395 5.79955959
v 10.24302387 6.95598221 5.79955959
v 9.61425591 7.8767662 5.79955959
v 10.15507221 7.22724533 5.79955959
v 9.83489799 7.69610977 5.79955959
v 10.01736164 7.47696304 5.79955959
v 7.66409159 7.63436508 20.59095383
v 7.76505852 7.73682022 15.84640121
v 7.87475443 7.82815933 20.52534103
v 7.99264336 7.9086647 15.84640121
v 8.11880302 7.97771835 20.45963669
v 8.2486248 8.03432083 15.84640121
v 8.2539959 8.03608322 20.42660141
v 8.39533806 8.08127975 20.39425278
v 8.52377129 8.10926437 15.84640121
v 8.54081535 8.11189651 20.36314011
v 8.68800163 8.1279335 20.33373642
v 8.80813408 8.1307869 15.84640121
v 8.83436394 8.12978745 20.30643845
v 8.97736931 8.11784744 20.28167343
v 9.0914135 8.09810257 15.84640121
v 9.11811638 8.09195328 20.25925827
v 9.25944328 8.05150223 20.23876572
v 9.36340141 8.01239395 15.84640121
v 9.3986187 7.99668503 20.22066879
v 9.53280449 7.92769241 20.20547104
v 9.61425591 7.8767662 15.84640121
v 9.6593914 7.84500504 20.19358444
v 9.77647209 7.7504921 20.18511581
v 9.83489799 7.69610977 15.84640121
v 9.88241386 7.64642715 20.1800499
v 9.97559929 7.5350914 20.17835617
v 10.01736164 7.47696304 15.84640121
v 10.05720234 7.41501999 20.18003464
v 10.15507221 7.22724533 15.84640121
v 10.1283083 7.2846489 20.18510056
v 10.1871767 7.14617538 20.19355392
v 10.24302387 6.95598221 15.84640121
v 10.23208332 7.00181198 20.20542526
v 10.26174641 6.85385513 20.22062302
v 10.27804279 6.67296982 15.84640121
v 10.2764101 6.70499802 20.23871994
v 10.27665424 6.55797958 20.25919724
v 10.25887775 6.38844681 15.84640121
v 10.26305866 6.4155159 20.2816124
v 10.23540974 6.27470779 20.30637741
v 10.1862154 6.1126976 15.84640121
v 10.19360065 6.13443375 20.33366013
v 10.13792133 5.99725342 20.36306381
v 10.06266499 5.85567474 15.84640121
v 10.06866169 5.86570358 20.39417648
v 9.98653984 5.74210739 20.42652512
v 9.89340019 5.62743378 15.84640121
v 9.89341545 5.62804794 20.45954514
v 9.68278313 5.4342041 20.52524948
v 9.68250847 5.43399048 15.84640121
v 9.43876457 5.28459167 20.59087753
v 9.4391613 5.2843399 15.84640121
v 9.30358696 5.22618484 20.62379074
v 9.17284966 5.18380356 15.84640121
v 9.16221428 5.18095398 20.65600204
v 9.01670647 5.15029526 20.68693161
v 8.89182854 5.13535309 15.84640121
v 8.86948967 5.13423538 20.71613693
v 8.72308159 5.13236237 20.74320602
v 8.6067028 5.14096069 15.84640121
v 8.58003044 5.14428711 20.76774216
v 8.43925285 5.17017365 20.78992844
v 8.32780266 5.20042801 15.84640121
v 8.29789543 5.21062469 20.81019211
v 8.15870476 5.26544571 20.82807541
v 8.0651989 5.31159973 15.84640121
v 8.02447319 5.33444595 20.8430748
v 7.89788675 5.41713715 20.85480881
v 7.82838249 5.47045898 15.84640121
v 7.78079081 5.5116539 20.86315536
v 7.67483377 5.61572266 20.86816025
v 7.62591362 5.67126846 15.84640121
v 7.58164835 5.72705841 20.86982346
v 7.46510124 5.9067688 15.84640121
v 7.5000596 5.84713745 20.86816025
v 7.42895365 5.97751617 20.86317062
v 7.35175896 6.16844559 15.84640217
v 7.37006998 6.1159935 20.85482407
v 7.32516336 6.26037979 20.84312057
v 7.28999138 6.44684219 15.84640217
v 7.29550028 6.4083519 20.82812119
v 7.28085184 6.55723953 20.81023788
v 7.28202629 6.73189926 15.84640217
v 7.28062296 6.70428085 20.78997421
v 7.29421854 6.84678268 20.76780319
v 7.32815361 7.01331711 15.84640217
v 7.32188272 6.98762894 20.74326706
v 7.36373758 7.1279335 20.71619797
v 7.42669487 7.28091049 15.84640121
v 7.41946268 7.26514053 20.6870079
v 7.48875284 7.39670944 20.65607834
v 7.57411003 7.5250206 15.84640121
v 7.57092142 7.52031326 20.62388229
v 9.68250847 5.43399048 10.82298088
v 9.43939018 5.28445053 10.82298088
v 9.17284966 5.18380356 10.82298088
v 8.89182854 5.13535309 10.82298088
v 8.6067028 5.14096069 10.82298088
v 8.32780266 5.20042801 10.82298088
v 8.0651989 5.31159973 10.82298088
v 7.82838249 5.47045898 10.82298088
v 7.62591362 5.67126846 10.82298088
v 7.46510124 5.9067688 10.82298088
v 7.35175896 6.16844559 10.82298088
v 7.28999138 6.44684219 10.82298088
v 7.28202629 6.73189926 10.82298088
v 7.32815361 7.01331711 10.82298088
v 7.42669487 7.28091049 10.82298088
v 7.57411003 7.5250206 10.82298088
v 7.76505852 7.73682022 10.82298088
v 7.99264336 7.9086647 10.82298088
v 8.2486248 8.03432083 10.82298088
v 8.52377129 8.10926437 10.82298088
v 8.80813408 8.1307869 10.82298088
v 9.0914135 8.09810257 10.82298088
v 9.36340141 8.01239395 10.82298088
v 9.61425591 7.8767662 10.82298088
v 9.83489799 7.69610977 10.82298088
v 10.01736164 7.47696304 10.82298088
v 10.15507221 7.22724533 10.82298088
v 10.24302387 6.95598221 10.82298088
v 10.27804279 6.67296982 10.82298088
v 10.25887775 6.38844681 10.82298088
v 10.1862154 6.1126976 10.82298088
v 10.06266499 5.85567474 10.82298088
v 9.89304924 5.62705994 10.82298088
v 7.63334465 9.43512344 4.99999905
v 7.68350029 9.51467514 4.99999905
v 8.51649284 8.7767067 4.99999905
v 7.78248405 9.66924667 4.99999905
v 8.62368584 8.86972427 4.99999905
v 7.82873344 9.76135635 4.99999905
v 8.75788689 8.96345139 4.99999905
v 7.87733269 9.86866379 4.99999905
v 8.92268181 9.06001663 4.99999905
v 7.97540092 10.11235428 4.99999905
v 9.12168694 9.16154861 4.99999905
v 8.94734001 10.77045822 4.99999905
v 9.6107769 10.18270493 4.99999905
v 8.05680656 10.35887527 4.99999905
v 8.17568779 10.84808731 4.99999905
v 8.24806023 11.3150444 4.99999905
v 10.23568439 9.55415726 4.99999905
v 9.91308403 9.4663887 4.99999905
v 9.61984062 9.37005234 4.99999905
v 9.35590935 9.26751328 4.99999905
v 8.44354057 8.71731186 4.99999905
v 7.90810966 8.70452499 4.99999905
v 7.83242607 8.76034927 4.99999905
v 7.80492973 8.78486252 4.99999905
v 8.36073112 8.6726265 4.99999905
v 8.27105522 8.64425278 4.99999905
v 8.17759514 8.63318253 4.99999905
v 8.08382988 8.63979721 4.99999905
v 7.9928875 8.66386795 4.99999905
v 7.7773571 8.80928421 4.99999905
v 7.74970818 8.83362961 4.99999905
v 7.6851635 8.90205765 4.99999905
v 7.63455009 8.98138809 4.99999905
v 7.59971428 9.06874466 4.99999905
v 7.58184624 9.16115189 4.99999905
v 7.5816021 9.25514603 4.99999905
v 7.59898186 9.34760666 4.99999905
v -12.23537922 -2.07210541 5
v -12.33485126 -0.91583633 5
v -12.05880451 -2.02204514 5
v -12.19294453 -0.91728592 5
v -11.6612978 -1.43180847 5
v -11.66573811 -1.3952446 5
v -11.67005634 -1.35866165 5
v -11.6896944 -1.2666893 5
v -11.72619343 -1.18004227 5
v -11.77830219 -1.10171509 5
v -11.84409809 -1.03458786 5
v -11.92139912 -0.98089981 5
v -12.09895039 -0.92120743 5
v -12.00733662 -0.94267273 5
v -12.49744892 -0.89699936 5
v -12.33108234 -2.11037827 5
v -12.43862629 -2.15847778 5
v -12.68484211 -0.85998917 5
v -12.6736269 -2.27584457 5
v -12.90113544 -0.80403137 5
v -13.94437885 -1.24404907 5
v -13.14672565 -0.72802734 5
v -13.41227436 -0.62976456 5
v -13.69564533 -0.50741196 5
v -13.99531269 -0.35918045 5
v -13.83753681 -2.12392426 5
v -12.89803791 -2.40638351 5
v -13.31141376 -2.69374084 5
v -13.67524433 -2.99527359 5
v -11.65675068 -1.4683609 5
v -11.65379047 -1.56238937 5
v -11.66851521 -1.65533066 5
v -11.70037556 -1.74382019 5
v -11.74828815 -1.82483673 5
v -11.8104372 -1.89535141 5
v -11.88474751 -1.95303345 5
v -11.968503 -1.99575424 5
v 5.24297953 11.25082016 4.99999952
v 6.25106668 10.6758461 4.99999952
v 5.18386698 11.0770607 4.99999952
v 6.16926432 10.5598793 4.99999952
v 5.15420389 10.98781204 4.99999952
v 5.14178324 10.89461136 4.99999952
v 5.14703226 10.80068588 4.99999952
v 5.16976786 10.7094841 4.99999952
v 5.20922709 10.62403488 4.99999952
v 5.26396036 10.5475502 4.99999952
v 5.3320756 10.48263168 4.99999952
v 5.41114664 10.43164444 4.99999952
v 5.44381571 10.41463089 4.99999952
v 5.47642374 10.39751053 4.99999952
v 5.508986 10.38029099 4.99999952
v 6.11263895 10.48475266 4.99999952
v 6.0429368 10.42154312 4.99999952
v 6.35894632 10.79896164 4.99999952
v 5.26583719 11.35132217 4.99999952
v 5.28733683 11.46714401 4.99999952
v 6.49584818 10.93216324 4.99999952
v 5.32424784 11.72722244 4.99999952
v 6.66476297 11.07837296 4.99999952
v 6.89526224 12.18690109 4.99999952
v 6.86681986 11.2373085 4.99999952
v 7.09853935 11.40003586 4.99999952
v 7.36021233 11.56373978 4.99999952
v 7.65244865 11.72616959 4.99999905
v 5.34429789 11.98605728 4.99999952
v 6.11045694 12.59880447 4.99999952
v 5.34263468 12.48950577 4.99999952
v 5.30116129 12.96021652 4.99999952
v 5.96266031 10.37253952 4.99999952
v 5.87455606 10.33942032 4.99999952
v 5.78193521 10.32340622 4.99999952
v 5.68788004 10.32501602 4.99999952
v 5.59583902 10.34420395 4.99999952
v -11.38331318 -4.93993759 5
v -11.75660419 -3.84107208 5
v -11.22384357 -4.8490715 5
v -11.61848164 -3.80851364 5
v -10.97913837 -4.18085861 5
v -10.99221516 -4.14641571 5
v -11.00515461 -4.11193466 5
v -11.04623127 -4.02733231 5
v -11.10241413 -3.95193481 5
v -11.17175007 -3.88835526 5
v -11.52627277 -3.78982925 5
v -11.25169086 -3.83892441 5
v -11.43218708 -3.78874588 5
v -11.33959675 -3.80529785 5
v -11.91898823 -3.86169434 5
v -11.46706867 -5 5
v -11.55997944 -5.07243347 5
v -12.10979939 -3.87060547 5
v -11.76006794 -5.24263 5
v -12.33318806 -3.86803436 5
v -13.24081135 -4.5449295 5
v -12.58982563 -3.85300827 5
v -12.87118244 -3.82115555 5
v -13.17559528 -3.77017212 5
v -13.50204182 -3.69796371 5
v -12.92651081 -5.37366867 5
v -11.94671345 -5.42308044 5
v -12.27930927 -5.80101776 5
v -12.56040668 -6.18085861 5
v -10.96597004 -4.21525955 5
v -10.94060993 -4.30585098 5
v -10.93267536 -4.39961243 5
v -10.94242573 -4.49315643 5
v -10.9695406 -4.58328247 5
v -11.01301289 -4.66662216 5
v -11.0713625 -4.74041367 5
v -11.14246845 -4.80193329 5
v 2.39877248 12.17869949 4.99999952
v 3.51516604 11.86168289 4.99999952
v 2.38294911 11.99583817 4.99999952
v 3.46350002 11.72950363 4.99999952
v 2.37551808 11.90208054 4.99999952
v 3.42649746 11.64301682 4.99999952
v 2.82964993 11.40604782 4.99999952
v 3.37393093 11.56496048 4.99999952
v 3.30772305 11.49817276 4.99999952
v 3.59043765 12.00703812 4.99999952
v 2.39691091 12.28174973 4.99999952
v 2.39007497 12.39934921 4.99999952
v 3.69149661 12.16913223 4.99999952
v 2.36367726 12.66070938 4.99999952
v 3.82050967 12.35151291 4.99999952
v 2.32119679 12.91682053 4.99999952
v 3.97866702 12.5541954 4.99999952
v 3.77903628 13.48299789 4.99999952
v 4.16470242 12.76764297 4.99999952
v 4.37959194 12.98921585 4.99999952
v 4.62446499 13.2168541 4.99999952
v 2.91845608 13.69511032 4.99999952
v 2.19909596 13.40523911 4.99999952
v 2.04617238 13.85234451 4.99999952
v 2.86538601 11.39712143 4.99999952
v 3.23011684 11.44492722 4.99999952
v 3.1440115 11.40721512 4.99999952
v 3.05230618 11.3862648 4.99999952
v 2.95834255 11.38286209 4.99999952
v 2.79388332 11.4148674 4.99999952
v 2.38575673 11.80862045 4.99999952
v 2.41334462 11.71868515 4.99999952
v 2.7580862 11.42356491 4.99999952
v 2.45724416 11.63557053 4.99999952
v 2.51600552 11.56204605 4.99999952
v 2.58744717 11.5008812 4.99999952
v 2.66912746 11.45415878 4.99999952
v -9.86968803 -7.52051926 5
v -10.49511433 -6.54291916 5
v -9.73660088 -7.39413071 5
v -10.36878681 -6.47825241 5
v -9.67985344 -6.65645981 5
v -9.70068169 -6.62607956 5
v -9.76080132 -6.55376434 5
v -9.83338737 -6.4940033 5
v -10.28373432 -6.4380455 5
v -10.19263935 -6.41447449 5
v -10.64783955 -6.60180283 5
v -9.9366436 -7.59888458 5
v -10.00950336 -7.6914444 5
v -10.83097553 -6.6561203 5
v -10.16305256 -7.90458298 5
v -11.04848957 -6.70708084 5
v -11.26424885 -8.31095886 5
v -11.76774311 -7.58152008 5
v -10.30109882 -8.1244545 5
v -10.53358173 -8.57100677 5
v -10.71560383 -9.00707626 5
v -12.22407246 -6.82168198 5
v -11.88982868 -6.8136673 5
v -11.58205891 -6.79031372 5
v -11.30126667 -6.75391388 5
v -10.09878254 -6.40839005 5
v -10.00538349 -6.42000198 5
v -9.91592216 -6.44886398 5
v -9.65891838 -6.68677521 5
v -9.63790703 -6.71702194 5
v -9.5915966 -6.79891205 5
v -9.56144524 -6.88805008 5
v -9.61456108 -7.25214005 5
v -9.66886711 -7.32888794 5
v -9.5485363 -6.9812088 5
v -9.57555962 -7.16652679 5
v -9.55329704 -7.07520676 5
v -0.58485413 12.39894485 4.99999952
v 0.57498145 12.35831833 4.99999952
v -0.55644226 12.21761703 4.99999952
v 0.55644202 12.21761703 4.99999952
v 0.54121375 12.12478256 4.99999952
v 0.61328101 12.5174675 4.99999952
v -0.61131287 12.49856186 4.99999952
v -0.64608759 12.61111069 4.99999952
v 0.67260712 12.69903183 4.99999952
v -0.73426813 12.85855484 4.99999952
v 0.75422639 12.90698624 4.99999952
v -0.83680719 13.09705734 4.99999952
v -0.44316101 13.99566269 4.99999952
v -1.07225025 13.54206467 4.99999952
v -1.32772803 13.93957901 4.99999952
v 0.44316077 13.99566269 4.99999952
v 0.85928315 13.14162827 4.99999952
v 0.98883021 13.39339828 4.99999952
v 1.1444546 13.65995407 4.99999952
v 1.32772779 13.93957901 4.99999952
v 0.50886512 12.03641891 4.99999952
v 0.46055579 11.95572281 4.99999952
v 0.39793375 11.88545609 4.99999952
v 0.32337931 11.828228 4.99999952
v 0.23933393 11.78594589 4.99999952
v 0.14892563 11.76015854 4.99999952
v 0.05525194 11.75175095 4.99999952
v 0.01841724 11.75186539 4.99999952
v -0.01841747 11.75186539 4.99999952
v -0.05525218 11.75175095 4.99999952
v -0.54122925 12.12480545 4.99999952
v -0.50891113 12.0365181 4.99999952
v -0.46060181 11.95579147 4.99999952
v -0.39808658 11.88559341 4.99999952
v -0.32344058 11.82827377 4.99999952
v -0.23944098 11.78598404 4.99999952
v -0.14895639 11.76015854 4.99999952
v -7.63334465 -9.42975616 5
v -7.68350029 -9.50931549 5
v -8.51649284 -8.77133942 5
v -7.78248405 -9.66388321 5
v -8.62368584 -8.86436081 5
v -7.82873344 -9.75598907 5
v -8.75788689 -8.95808792 5
v -7.87733269 -9.86330032 5
v -8.92268181 -9.05464935 5
v -7.97540092 -10.10699081 5
v -9.12168694 -9.15618515 5
v -8.94734001 -10.76509094 5
v -9.6107769 -10.17734146 5
v -8.05680656 -10.353508 5
v -8.17568779 -10.84272385 5
v -8.24806023 -11.30968094 5
v -10.23568439 -9.54878998 5
v -9.91308403 -9.46102142 5
v -9.61984062 -9.36469269 5
v -9.35590935 -9.26214981 5
v -8.44354057 -8.71194839 5
v -8.36073112 -8.66726303 5
v -8.27105522 -8.63889313 5
v -8.17759514 -8.62781525 5
v -8.08382988 -8.63443375 5
v -7.9928875 -8.65850449 5
v -7.90810966 -8.69916153 5
v -7.83242607 -8.75498581 5
v -7.80492973 -8.77949524 5
v -7.7773571 -8.80392456 5
v -7.74970818 -8.82826233 5
v -7.6851635 -8.89669037 5
v -7.63455009 -8.97602081 5
v -7.59971428 -9.0633812 5
v -7.58184624 -9.15579224 5
v -7.5816021 -9.24978638 5
v -7.59898186 -9.34224319 5
v -3.53446889 11.89876938 4.99999952
v -2.39862037 12.13688278 4.99999952
v -3.4635005 11.72950363 4.99999952
v -2.38294959 11.99583817 4.99999952
v -2.37551856 11.90205765 4.99999952
v -2.39952064 12.30057907 4.99999952
v -3.58399892 11.98915482 4.99999952
v -3.64471364 12.09011459 4.99999952
v -2.38537574 12.49106216 4.99999952
v -3.78955007 12.30926132 4.99999952
v -2.35589576 12.71251297 4.99999952
v -2.91845655 13.69511032 4.99999952
v -2.3100431 12.96547318 4.99999952
v -2.2445066 13.24092484 4.99999952
v -2.15719581 13.53698349 4.99999952
v -2.04617286 13.85234451 4.99999952
v -3.77903676 13.48299789 4.99999952
v -3.94618154 12.51629257 4.99999952
v -4.28127956 12.89202499 4.99999952
v -4.62446499 13.2168541 4.99999952
v -2.38578773 11.80852127 4.99999952
v -2.41337562 11.71860886 4.99999952
v -2.45735145 11.63539505 4.99999952
v -2.51606703 11.56198502 4.99999952
v -2.5875392 11.50082016 4.99999952
v -2.66915846 11.45414352 4.99999952
v -2.75808668 11.42356491 4.99999952
v -2.7938838 11.4148674 4.99999952
v -2.8296504 11.40604782 4.99999952
v -2.86538649 11.39712143 4.99999952
v -3.4265132 11.6430397 4.99999952
v -3.3740077 11.5650444 4.99999952
v -3.30778456 11.49822617 4.99999952
v -3.23028517 11.4450264 4.99999952
v -3.14408827 11.40723801 4.99999952
v -3.05241346 11.38628006 4.99999952
v -2.95837355 11.38286209 4.99999952
v -5.24297953 -11.24546051 4.99999952
v -6.25106668 -10.67048264 4.99999952
v -5.18386698 -11.07169342 4.99999952
v -6.16926432 -10.55451584 4.99999952
v -5.15420389 -10.98244476 4.99999952
v -5.14178324 -10.88925171 4.99999952
v -5.14703226 -10.79532242 4.99999952
v -5.16976786 -10.70411682 4.99999952
v -5.20922709 -10.61867142 4.99999952
v -5.26396036 -10.54218292 4.99999952
v -5.3320756 -10.47727203 4.99999952
v -5.41114664 -10.42628098 4.99999952
v -5.44381571 -10.40926361 4.99999952
v -5.47642374 -10.39214706 4.99999952
v -5.508986 -10.37492752 4.99999952
v -6.11263895 -10.47938919 4.99999952
v -6.0429368 -10.41618347 4.99999952
v -6.35894632 -10.79360199 4.99999952
v -5.26583719 -11.34595871 4.99999952
v -5.28733683 -11.46178055 4.99999952
v -6.49584818 -10.92679977 4.99999952
v -5.32424784 -11.72186279 4.99999952
v -6.66476297 -11.07300568 4.99999952
v -6.89526224 -12.18154144 4.99999952
v -6.86681986 -11.23194885 4.99999952
v -7.09853935 -11.39467239 4.99999952
v -7.36021233 -11.55838013 4.99999952
v -7.65244865 -11.72080231 5
v -5.34429789 -11.98069763 4.99999952
v -6.11045694 -12.59344101 4.99999952
v -5.34263468 -12.4841423 4.99999952
v -5.30116129 -12.95485306 4.99999952
v -5.96266031 -10.36717987 4.99999952
v -5.87455606 -10.33405685 4.99999952
v -5.78193521 -10.31804276 4.99999952
v -5.68788004 -10.31965256 4.99999952
v -5.59583902 -10.33883667 4.99999952
v -6.27868509 10.70723343 4.99999952
v -5.23283243 11.2102623 4.99999952
v -6.16926432 10.5598793 4.99999952
v -5.18386698 11.0770607 4.99999952
v -5.15420389 10.98778152 4.99999952
v -5.27287149 11.36897659 4.99999952
v -6.3484025 10.7831459 4.99999952
v -6.43151712 10.866642 4.99999952
v -5.30471659 11.55731583 4.99999952
v -6.62458658 11.04475784 4.99999952
v -5.32910013 11.77938461 4.99999952
v -6.11045694 12.59880447 4.99999952
v -5.34512186 12.03596878 4.99999952
v -5.34741068 12.31910324 4.99999952
v -5.33349466 12.62745285 4.99999952
v -5.30116129 12.96021652 4.99999952
v -6.89526224 12.18690109 4.99999952
v -6.82621622 11.20828629 4.99999952
v -7.24148369 11.49290848 4.99999952
v -7.65244865 11.72616959 5
v -5.14178324 10.89450455 4.99999952
v -5.14704752 10.80060196 4.99999952
v -5.16984415 10.70928574 4.99999952
v -5.20927286 10.62395859 4.99999952
v -5.26403666 10.54746628 4.99999952
v -5.33210611 10.48261642 4.99999952
v -5.41114664 10.43164444 4.99999952
v -5.44381571 10.41463089 4.99999952
v -5.47642374 10.39751053 4.99999952
v -5.508986 10.38029099 4.99999952
v -6.11265421 10.48477554 4.99999952
v -6.0430131 10.42161179 4.99999952
v -5.96273661 10.37257767 4.99999952
v -5.87475443 10.33947372 4.99999952
v -5.78202677 10.32341385 4.99999952
v -5.68798685 10.32500076 4.99999952
v -5.59585428 10.34418869 4.99999952
v -2.39877295 -12.17333603 4.99999952
v -3.51516652 -11.85631943 4.99999952
v -2.38294959 -11.99047089 4.99999952
v -3.4635005 -11.72414398 4.99999952
v -2.37551856 -11.89672089 4.99999952
v -3.42649794 -11.63764954 4.99999952
v -2.38575721 -11.8032608 4.99999952
v -3.37393141 -11.55959702 4.99999952
v -3.30772352 -11.49280548 4.99999952
v -3.59043813 -12.00167465 4.99999952
v -2.39691138 -12.27638626 4.99999952
v -2.39007545 -12.39398956 4.99999952
v -3.69149709 -12.16376877 4.99999952
v -2.36367774 -12.65534592 4.99999952
v -3.82051015 -12.34614944 4.99999952
v -2.32119727 -12.91145706 4.99999952
v -3.9786675 -12.54882812 4.99999952
v -3.77903676 -13.47763443 4.99999952
v -4.16470242 -12.76227951 4.99999952
v -4.37959194 -12.98385239 4.99999952
v -4.62446499 -13.21149063 4.99999952
v -2.91845655 -13.68974686 4.99999952
v -2.19909644 -13.39987564 4.99999952
v -2.04617286 -13.84698105 4.99999952
v -3.23011732 -11.43956375 4.99999952
v -2.86538649 -11.39175797 4.99999952
v -2.8296504 -11.40068817 4.99999952
v -2.7938838 -11.40950012 4.99999952
v -3.14401197 -11.40184784 4.99999952
v -3.05230665 -11.38090134 4.99999952
v -2.95834303 -11.37750244 4.99999952
v -2.75808668 -11.41820526 4.99999952
v -2.66912794 -11.4487915 4.99999952
v -2.58744764 -11.49551773 4.99999952
v -2.51600599 -11.55668259 4.99999952
v -2.45724463 -11.63020325 4.99999952
v -2.4133451 -11.71332169 4.99999952
v -8.65800285 8.89359665 5
v -7.76292229 9.63228989 5
v -8.51649284 8.7767067 5
v -7.68350029 9.51467514 5
v -7.63332939 9.43509293 5
v -8.74386406 8.95061111 5
v -7.83978081 9.77681351 5
v -8.84454155 9.01179123 5
v -7.91578484 9.9520607 5
v -9.07462883 9.1385231 5
v -7.99258232 10.16183853 5
v -9.6107769 10.18270493 5
v -8.94734001 10.77045822 5
v -9.30953789 9.24905014 5
v -9.78085136 9.42602158 5
v -10.23568439 9.55415726 5
v -8.24806023 11.3150444 5
v -8.19981194 10.98421097 5
v -8.13952446 10.68149185 5
v -8.06954765 10.4071312 5
v -7.59895134 9.34749985 5
v -7.5816021 9.2550621 5
v -7.58187675 9.16094589 5
v -7.5997448 9.06866837 5
v -7.63459587 8.98128891 5
v -7.68517876 8.90203476 5
v -7.74970818 8.83362961 5
v -7.7773571 8.80928421 5
v -7.80492973 8.78486252 5
v -7.83242607 8.76034927 5
v -7.90814018 8.70450974 5
v -7.99299431 8.6638298 5
v -8.08392143 8.63978195 5
v -8.44357109 8.71732712 5
v -8.36082268 8.67266464 5
v -8.17780876 8.63318253 5
v -8.27114677 8.64427567 5
v 0.58485389 -12.39358521 4.99999952
v -0.57498169 -12.35295486 4.99999952
v 0.55644202 -12.21225357 4.99999952
v -0.55644226 -12.21225357 4.99999952
v -0.54121399 -12.1194191 4.99999952
v -0.61328125 -12.51210022 4.99999952
v 0.61131263 -12.49319839 4.99999952
v 0.64608735 -12.60574722 4.99999952
v -0.67260736 -12.69366837 4.99999952
v 0.73426789 -12.85319138 4.99999952
v -0.75422662 -12.90162277 4.99999952
v 0.83680695 -13.09169388 4.99999952
v 0.44316077 -13.99030304 4.99999952
v 1.07225001 -13.5367012 4.99999952
v 1.32772779 -13.93421555 4.99999952
v -0.44316101 -13.99030304 4.99999952
v -0.85928339 -13.1362648 4.99999952
v -0.98883045 -13.38803101 4.99999952
v -1.14445484 -13.65459061 4.99999952
v -1.32772803 -13.93421555 4.99999952
v -0.50886536 -12.03105545 4.99999952
v -0.46055603 -11.95035934 4.99999952
v -0.39793399 -11.88008881 4.99999952
v -0.32337955 -11.82286453 4.99999952
v -0.23933417 -11.78057861 4.99999952
v -0.14892587 -11.75479126 4.99999952
v -0.05525218 -11.74638748 4.99999952
v -0.01841747 -11.74650574 4.99999952
v 0.01841724 -11.74650574 4.99999952
v 0.05525194 -11.74638748 4.99999952
v 0.54122901 -12.1194458 4.99999952
v 0.50891089 -12.03115082 4.99999952
v 0.46060157 -11.95042801 4.99999952
v 0.39808634 -11.88022995 4.99999952
v 0.32344034 -11.82291031 4.99999952
v 0.23944074 -11.78061676 4.99999952
v 0.14895615 -11.75479889 4.99999952
v -10.53416157 6.56324387 5
v -9.841856 7.49468613 5
v -10.36878681 6.48361588 5
v -9.73660088 7.39949417 5
v -9.65891838 6.69213486 5
v -9.63790703 6.72238541 5
v -9.66885185 7.33423233 5
v -9.61450005 7.25741196 5
v -9.95107841 7.61661148 5
v -10.63116169 6.59805679 5
v -10.74355793 6.63336563 5
v -10.06680012 7.76857376 5
v -10.99728107 6.70135117 5
v -10.19158649 7.9538765 5
v -11.76774311 7.58687973 5
v -11.26424885 8.31632614 5
v -11.25181293 6.75245285 5
v -11.75179768 6.81148148 5
v -12.22407246 6.82704544 5
v -10.71560383 9.01243973 5
v -10.58959675 8.7027626 5
v -10.4586153 8.42326736 5
v -10.32500935 8.17362595 5
v -9.5755291 7.17181015 5
v -9.55326653 7.08036423 5
v -9.5485363 6.98648453 5
v -9.56147575 6.89330673 5
v -9.59161186 6.80424881 5
v -9.67985344 6.66182327 5
v -9.70068169 6.63144302 5
v -9.76083183 6.55910873 5
v -9.83347893 6.49930191 5
v -9.91599846 6.45419693 5
v -10.00558186 6.42531967 5
v -10.09885883 6.41375351 5
v -10.28376484 6.4434166 5
v -10.19274616 6.41985703 5
v -13.50204182 3.70332718 5
v -13.24081135 4.55029297 5
v -13.03976154 3.80124283 5
v -12.54018879 3.86357498 5
v -12.92651081 5.37903214 5
v -11.98042011 5.46525955 5
v -12.1698885 5.67567062 5
v -12.36393452 5.91569901 5
v -12.56040668 6.18622208 5
v -11.79827595 5.28382492 5
v -12.28081989 3.87487793 5
v -11.63277912 5.13376999 5
v -12.01818562 3.86958694 5
v -11.4840517 5.0139122 5
v -11.90061665 3.86219788 5
v -11.79809284 3.85161591 5
v -11.34882832 4.92166519 5
v -11.61848164 3.81387711 5
v -11.22384357 4.85443497 5
v -11.14243793 4.80728149 5
v -11.0712862 4.74569702 5
v -11.01296711 4.67191315 5
v -10.9694643 4.58845139 5
v -10.94241047 4.49843597 5
v -10.9326601 4.40486908 5
v -10.94062519 4.31118393 5
v -10.96597004 4.22062302 5
v -10.97913837 4.18622208 5
v -10.99221516 4.15177917 5
v -11.00515461 4.11729813 5
v -11.33967304 3.81063843 5
v -11.43229389 3.79410172 5
v -11.52630329 3.79519653 5
v -11.04624653 4.03266907 5
v -11.10247517 3.95721817 5
v -11.1718111 3.89366913 5
v -11.25187397 3.84419632 5
v 3.53446841 -11.89340591 4.99999952
v 2.39861989 -12.13152313 4.99999952
v 3.46350002 -11.72414398 4.99999952
v 2.38294911 -11.99047089 4.99999952
v 2.37551808 -11.89669418 4.99999952
v 2.39952016 -12.29521179 4.99999952
v 3.58399844 -11.98379517 4.99999952
v 3.64471316 -12.08475113 4.99999952
v 2.38537526 -12.4856987 4.99999952
v 3.78954959 -12.30389786 4.99999952
v 2.35589528 -12.70714569 4.99999952
v 2.91845608 -13.68974686 4.99999952
v 2.31004262 -12.96010971 4.99999952
v 2.24450612 -13.23556519 4.99999952
v 2.15719533 -13.53162003 4.99999952
v 2.04617238 -13.84698105 4.99999952
v 3.77903628 -13.47763443 4.99999952
v 3.94618106 -12.51093292 4.99999952
v 4.28127956 -12.88666534 4.99999952
v 4.62446499 -13.21149063 4.99999952
v 2.38578725 -11.80315399 4.99999952
v 2.41337514 -11.71324158 4.99999952
v 2.45735097 -11.63003159 4.99999952
v 2.51606655 -11.55662537 4.99999952
v 2.58753872 -11.4954567 4.99999952
v 2.66915798 -11.44878006 4.99999952
v 2.7580862 -11.41820526 4.99999952
v 2.79388332 -11.40950012 4.99999952
v 2.82964993 -11.40068817 4.99999952
v 2.86538601 -11.39175797 4.99999952
v 2.95837307 -11.37750244 4.99999952
v 3.05241299 -11.3809166 4.99999952
v 3.14408779 -11.40187454 4.99999952
v 3.23028469 -11.43966675 4.99999952
v 3.30778408 -11.49285889 4.99999952
v 3.37400723 -11.55968094 4.99999952
v 3.42651272 -11.63767242 4.99999952
v 6.27868509 -10.70187378 4.99999952
v 5.23283243 -11.20489883 4.99999952
v 6.16926432 -10.55451584 4.99999952
v 5.18386698 -11.07169342 4.99999952
v 5.47642374 -10.39214706 4.99999952
v 5.44381571 -10.40926361 4.99999952
v 5.41114664 -10.42628098 4.99999952
v 5.33210611 -10.47725296 4.99999952
v 5.26403666 -10.54210281 4.99999952
v 5.15420389 -10.98241806 4.99999952
v 5.20927286 -10.61859894 4.99999952
v 5.16984415 -10.70392227 4.99999952
v 5.14178324 -10.8891449 4.99999952
v 5.14704752 -10.79524231 4.99999952
v 5.27287149 -11.36361313 4.99999952
v 6.3484025 -10.77778244 4.99999952
v 6.43151712 -10.86127472 4.99999952
v 5.30471659 -11.55195236 4.99999952
v 6.62458658 -11.03939438 4.99999952
v 5.32910013 -11.77402115 4.99999952
v 6.11045694 -12.59344101 4.99999952
v 5.3451066 -12.03060532 4.99999952
v 5.34741068 -12.31373978 4.99999952
v 5.33349466 -12.62208557 4.99999952
v 5.30116129 -12.95485306 4.99999952
v 6.89526224 -12.18154144 4.99999952
v 6.82621622 -11.20292282 4.99999952
v 7.24148369 -11.48754883 4.99999952
v 7.65244865 -11.72080231 4.99999905
v 5.508986 -10.37492752 4.99999952
v 6.11265421 -10.47940826 4.99999952
v 6.0430131 -10.41624832 4.99999952
v 5.96273661 -10.3672142 4.99999952
v 5.87475443 -10.33411026 4.99999952
v 5.78202677 -10.31804657 4.99999952
v 5.68798685 -10.31964111 4.99999952
v 5.59585428 -10.33882904 4.99999952
v 8.65800285 -8.88822937 4.99999905
v 7.76292229 -9.62692642 4.99999905
v 8.51649284 -8.77133942 4.99999905
v 7.68350029 -9.50931549 4.99999905
v 7.7773571 -8.80392456 4.99999905
v 7.74970818 -8.82826233 4.99999905
v 7.68517876 -8.89666748 4.99999905
v 7.63459587 -8.97592545 4.99999905
v 7.5997448 -9.06330109 4.99999905
v 7.58187675 -9.15558243 4.99999905
v 7.5816021 -9.24970245 4.99999905
v 7.59895134 -9.34213638 4.99999905
v 7.63332939 -9.42973328 4.99999905
v 8.74386406 -8.94524765 4.99999905
v 7.83978081 -9.77145004 4.99999905
v 8.84454155 -9.00642776 4.99999905
v 7.91578484 -9.94669342 4.99999905
v 9.07462883 -9.13316345 4.99999905
v 7.99258232 -10.15647507 4.99999905
v 9.6107769 -10.17734146 4.99999905
v 8.94734001 -10.76509094 4.99999905
v 9.30953789 -9.24369049 4.99999905
v 9.78085136 -9.42065811 4.99999905
v 10.23568439 -9.54878998 4.99999905
v 8.24806023 -11.30968094 4.99999905
v 8.19981194 -10.9788475 4.99999905
v 8.13952446 -10.67612839 4.99999905
v 8.06954765 -10.40176773 4.99999905
v 7.80492973 -8.77949524 4.99999905
v 7.83242607 -8.75498581 4.99999905
v 7.90814018 -8.69914627 4.99999905
v 7.99299431 -8.65847015 4.99999905
v 8.08392143 -8.63441849 4.99999905
v 8.44357109 -8.71196365 4.99999905
v 8.36082268 -8.66730499 4.99999905
v 8.17780876 -8.62782288 4.99999905
v 8.27114677 -8.6389122 4.99999905
v 10.53416157 -6.5578804 4.99999905
v 9.841856 -7.48931885 4.99999905
v 10.36878681 -6.47825241 4.99999905
v 9.73660088 -7.39413071 4.99999905
v 9.65891838 -6.68677521 4.99999905
v 9.63790703 -6.71702194 4.99999905
v 9.59161186 -6.79888535 4.99999905
v 9.56147575 -6.88794327 4.99999905
v 9.5485363 -6.98112488 4.99999905
v 9.55326653 -7.07500076 4.99999905
v 9.5755291 -7.1664505 4.99999905
v 9.61450005 -7.25204468 4.99999905
v 9.66885185 -7.32886505 4.99999905
v 9.95107841 -7.61124802 4.99999905
v 10.63116169 -6.59268951 4.99999905
v 10.74355793 -6.62800217 4.99999905
v 10.06680012 -7.76321411 4.99999905
v 10.99728107 -6.6959877 4.99999905
v 10.19158649 -7.94851685 4.99999905
v 11.76774311 -7.58152008 4.99999905
v 11.26424885 -8.31095886 4.99999905
v 11.25181293 -6.74708557 4.99999905
v 11.75179768 -6.80612183 4.99999905
v 12.22407246 -6.82168198 4.99999905
v 10.71560383 -9.00707626 4.99999905
v 10.58959675 -8.69739914 4.99999905
v 10.4586153 -8.4179039 4.99999905
v 10.32500935 -8.1682663 4.99999905
v 9.67985344 -6.65645981 4.99999905
v 9.70068169 -6.62607956 4.99999905
v 9.76083183 -6.55374527 4.99999905
v 9.83347893 -6.49394226 4.99999905
v 9.91599846 -6.44882965 4.99999905
v 10.00558186 -6.41995621 4.99999905
v 10.09885883 -6.40838623 4.99999905
v 10.28376484 -6.43805313 4.99999905
v 10.19274616 -6.41448975 4.99999905
v 11.79809284 -3.84625244 4.99999905
v 11.34882832 -4.91630554 4.99999905
v 11.61846638 -3.80851364 4.99999905
v 11.22384357 -4.8490715 4.99999905
v 11.52630329 -3.78983307 4.99999905
v 11.43229389 -3.78873825 4.99999905
v 11.33967304 -3.80527496 4.99999905
v 11.25187397 -3.83883286 4.99999905
v 11.1718111 -3.88830566 4.99999905
v 11.10247517 -3.95185471 4.99999905
v 11.04624653 -4.0273056 4.99999905
v 11.00515461 -4.11193466 4.99999905
v 10.9921999 -4.14641571 4.99999905
v 10.97913837 -4.18085861 4.99999905
v 11.14243793 -4.80191803 4.99999905
v 11.0712862 -4.74033356 4.99999905
v 11.4840517 -5.00854874 4.99999905
v 11.90061665 -3.85683441 4.99999905
v 12.01818562 -3.86422348 4.99999905
v 11.63277912 -5.12840652 4.99999905
v 12.28081989 -3.86951447 4.99999905
v 11.79827595 -5.27846146 4.99999905
v 12.54018879 -3.85821533 4.99999905
v 11.98042011 -5.45989609 4.99999905
v 12.92651081 -5.37366867 4.99999905
v 12.1698885 -5.67030716 4.99999905
v 12.36393452 -5.91033554 4.99999905
v 12.56040668 -6.18085861 4.99999905
v 13.24081135 -4.5449295 4.99999905
v 13.03976154 -3.79587936 4.99999905
v 13.50204182 -3.69796371 4.99999905
v 11.01296711 -4.6665535 4.99999905
v 10.96597004 -4.21525955 4.99999905
v 10.9694643 -4.58308792 4.99999905
v 10.94241047 -4.49307251 4.99999905
v 10.9326601 -4.39950562 4.99999905
v 10.94062519 -4.30582047 4.99999905
v 12.37637043 -0.91093826 4.99999905
v 12.19624043 -2.05741501 4.99999905
v 12.19294453 -0.91728592 4.99999905
v 12.05880451 -2.02204514 4.99999905
v 12.0989809 -0.92120361 4.99999905
v 12.00742817 -0.9426384 4.99999905
v 11.92147541 -0.98086166 4.99999905
v 11.84425068 -1.03445435 4.99999905
v 11.77834797 -1.10165024 4.99999905
v 11.7262392 -1.1799469 4.99999905
v 11.68970966 -1.2666626 4.99999905
v 11.67005634 -1.35866165 4.99999905
v 11.66573811 -1.3952446 4.99999905
v 11.6612978 -1.43180847 4.99999905
v 11.96847248 -1.99574661 4.99999905
v 11.88465595 -1.95297623 4.99999905
v 12.47845173 -0.89667892 4.99999905
v 12.34960651 -2.11462021 4.99999905
v 12.59437275 -0.87571716 4.99999905
v 12.52270222 -2.19540024 4.99999905
v 12.85064411 -0.81800079 4.99999905
v 12.71929646 -2.30148697 4.99999905
v 13.0997591 -0.74495697 4.99999905
v 13.94437885 -1.24404907 4.99999905
v 13.56991291 -0.56488037 4.99999905
v 13.99531269 -0.35918045 4.99999905
v 12.93957233 -2.43405914 4.99999905
v 13.83753681 -2.12392426 4.99999905
v 13.1738863 -2.59301376 4.99999905
v 13.41975117 -2.77962875 4.99999905
v 13.67524433 -2.99527359 4.99999905
v 11.81037617 -1.89529419 4.99999905
v 11.65675068 -1.4683609 4.99999905
v 11.74816608 -1.82466888 4.99999905
v 11.70034504 -1.7437439 4.99999905
v 11.66849995 -1.65522766 4.99999905
v 11.65379047 -1.56236267 4.99999905
v 11.968503 2.00111771 4.99999905
v 12.05880451 2.0274086 4.99999905
v 12.33485126 0.9211998 4.99999905
v 12.23537922 2.07746887 4.99999905
v 12.49744892 0.90236282 4.99999905
v 12.33108234 2.11574173 4.99999905
v 12.43862629 2.16384125 4.99999905
v 12.68484211 0.86535263 4.99999905
v 12.6736269 2.28120804 4.99999905
v 12.90113544 0.80939484 4.99999905
v 13.94437885 1.24941254 4.99999905
v 13.14672565 0.73339081 4.99999905
v 13.41227436 0.63512802 4.99999905
v 13.69564533 0.51277542 4.99999905
v 13.99531269 0.36454391 4.99999905
v 13.83753681 2.12928772 4.99999905
v 12.89803791 2.41174698 4.99999905
v 13.31141376 2.69910431 4.99999905
v 13.67524433 3.00063705 4.99999905
v 12.19294453 0.92264938 4.99999905
v 11.6612978 1.43717194 4.99999905
v 11.65675068 1.47372437 4.99999905
v 11.65379047 1.56775284 4.99999905
v 12.09895039 0.92657089 4.99999905
v 11.92139912 0.98626328 4.99999905
v 11.84409809 1.03995132 4.99999905
v 11.77830219 1.10707855 4.99999905
v 12.00733662 0.94803619 4.99999905
v 11.72619343 1.18540573 4.99999905
v 11.6896944 1.27205276 4.99999905
v 11.67005634 1.36402512 4.99999905
v 11.66573811 1.40060425 4.99999905
v 11.66851521 1.66069412 4.99999905
v 11.70037556 1.74918365 4.99999905
v 11.74828815 1.8302002 4.99999905
v 11.8104372 1.90071487 4.99999905
v 11.88474751 1.95839691 4.99999905
v 11.14246845 4.80729675 4.99999905
v 11.22384357 4.85443497 4.99999905
v 11.75660419 3.84643173 4.99999905
v 11.38331318 4.94530106 4.99999905
v 11.91898823 3.86705399 4.99999905
v 11.46706867 5.00536346 4.99999905
v 11.55997944 5.07779694 4.99999905
v 12.10979939 3.87596893 4.99999905
v 11.76006794 5.24799347 4.99999905
v 12.33318806 3.87339783 4.99999905
v 13.24081135 4.55029297 4.99999905
v 12.58982563 3.85837173 4.99999905
v 12.87118244 3.82651901 4.99999905
v 13.17559528 3.77553558 4.99999905
v 13.50204182 3.70332718 4.99999905
v 12.92651081 5.37903214 4.99999905
v 11.94671345 5.42844391 4.99999905
v 12.27930927 5.80638123 4.99999905
v 12.56040668 6.18622208 4.99999905
v 11.61846638 3.81387711 4.99999905
v 10.97913837 4.18622208 4.99999905
v 10.96597004 4.22062302 4.99999905
v 10.94060993 4.31121445 4.99999905
v 11.52627277 3.79519272 4.99999905
v 11.17175007 3.89371872 4.99999905
v 11.10241413 3.95729828 4.99999905
v 11.04623127 4.03269196 4.99999905
v 11.25169086 3.84428787 4.99999905
v 11.43218708 3.79410934 4.99999905
v 11.33959675 3.81066132 4.99999905
v 11.00515461 4.11729813 4.99999905
v 10.9921999 4.15177917 4.99999905
v 10.93267536 4.40497589 4.99999905
v 10.94242573 4.4985199 4.99999905
v 10.9695406 4.58864594 4.99999905
v 11.01301289 4.67198563 4.99999905
v 11.0713625 4.74577713 4.99999905
v 10.71560383 9.01243973 4.99999905
v 11.26424885 8.31632614 4.99999905
v 10.53358173 8.57636642 4.99999905
v 10.30109882 8.12981796 4.99999905
v 10.16305256 7.90994644 4.99999905
v 11.04848957 6.71244431 4.99999905
v 10.83097553 6.66147995 4.99999905
v 11.76774311 7.58687973 4.99999905
v 11.30126667 6.75928116 4.99999905
v 11.58205891 6.795681 4.99999905
v 11.88982868 6.81903458 4.99999905
v 12.22407246 6.82704544 4.99999905
v 10.00950336 7.69681168 4.99999905
v 10.64783955 6.60716629 4.99999905
v 9.9366436 7.60424423 4.99999905
v 9.86968803 7.52588272 4.99999905
v 10.49511433 6.54828262 4.99999905
v 9.73660088 7.39949417 4.99999905
v 9.66886711 7.33424759 4.99999905
v 9.61456108 7.25750351 4.99999905
v 9.57555962 7.17189407 4.99999905
v 9.55329704 7.08057022 4.99999905
v 9.5485363 6.98656845 4.99999905
v 9.56144524 6.89341354 4.99999905
v 9.5915966 6.8042717 4.99999905
v 9.63790703 6.72238541 4.99999905
v 10.36878681 6.48361588 4.99999905
v 9.65891838 6.69213486 4.99999905
v 9.67985344 6.66182327 4.99999905
v 9.70068169 6.63144302 4.99999905
v 9.76080132 6.55912399 4.99999905
v 10.28373432 6.44340897 4.99999905
v 10.19263935 6.41983414 4.99999905
v 10.09878254 6.41375351 4.99999905
v 10.00538349 6.42536545 4.99999905
v 9.91592216 6.45422745 4.99999905
v 9.83338737 6.49936295 4.99999905
v 7.62423563 7.76253891 20.57670212
v 8.91547966 8.73750687 20.18328476
v 10.615201 9.1305275 19.75698471
v 11.17274189 8.43889236 19.75698471
v 10.94857502 6.25796127 20.1493187
v 11.68531513 7.71329117 19.75698471
v 10.84615803 6.18062973 20.18304062
v 9.55482292 5.20558929 20.57648849
v 8.249403 4.21992493 20.91569138
v 9.20199394 2.93400574 20.83840561
v 7.89021158 1.94353485 21.12116623
v 8.83646965 0.65713501 20.99175644
v 7.52128458 -0.33590317 21.21769333
v 8.46304131 -1.61927414 21.03591537
v 7.14742899 -2.61263657 21.20487595
v 8.08650017 -3.88946533 20.97071457
v 6.77343655 -4.88090134 21.08279037
v 7.71163797 -6.14769363 20.79647446
v 6.40409756 -7.1349678 20.85204697
v 7.34326029 -8.388237 20.51401901
v 6.04417324 -9.36912918 20.51368332
v 6.98606777 -10.6054306 20.12462997
v 5.69833279 -11.57775116 20.06924057
v 6.76029873 -12.25694275 19.75698471
v 5.96913052 -12.661026 19.75698471
v 5.15392971 -13.01411438 19.75698471
v 4.41284132 -12.54837036 19.95884323
v 4.31797743 -13.31478882 19.75698471
v 3.46464491 -13.56184006 19.75698471
v 3.1311183 -13.51615143 19.79357529
v 2.5973506 -13.75427246 19.75698471
v 2.1575315 -12.3037796 20.17989731
v 1.71960449 -13.89130783 19.75698471
v 0.87054461 -13.27552414 19.95814133
v 0.8349306 -13.97240067 19.75698471
v -0.05311547 -13.99721909 19.75698471
v -0.11447103 -12.05687714 20.29223251
v -1.40373158 -13.03034973 20.01363754
v -1.09934926 -10.82533646 20.57555771
v -2.39631581 -11.80461502 20.29529953
v -2.08306813 -9.58222198 20.80779648
v -3.38632107 -10.56626129 20.52618027
v -3.06455898 -8.32885742 20.98870468
v -4.37272501 -9.31660461 20.70603561
v -4.04276896 -7.06658554 21.11809921
v -5.3544445 -8.05698395 20.83466721
v -5.01666069 -5.79675293 21.19584274
v -6.33045769 -6.78874969 20.91195297
v -5.98518181 -4.52072525 21.22182846
v -7.29968023 -5.51325226 20.9377861
v -6.94730949 -3.23985672 21.19605637
v -8.26110649 -4.2318573 20.9121666
v -7.90200567 -1.95552444 21.11854172
v -9.21369743 -2.9459343 20.83509445
v -8.84826469 -0.6690979 20.98936081
v -10.1564455 -1.65686035 20.70667648
v -9.78504753 0.61804581 20.80866623
v -11.08833027 -0.36601257 20.52705002
v -10.71137714 1.90453339 20.57664108
v -12.00835896 0.92523193 20.2963829
v -11.62626362 3.18898392 20.29352951
v -12.915555 2.21548843 20.01493454
v -13.69225788 2.92193985 19.75698471
v -13.8498354 2.04764557 19.75698471
v 7.28800821 5.50133514 20.94153976
v 6.93553066 3.22786331 21.19890976
v 5.97341824 4.50873947 21.22489548
v 5.61469936 2.23055649 21.42580795
v 4.65187025 3.51089478 21.45191574
v 4.28845167 1.22916412 21.59612656
v 3.32492018 2.50896835 21.62234116
v 2.95835829 0.22485733 21.70966721
v 1.99411011 1.50412369 21.73594284
v 1.42135632 0.48202133 21.77659225
v 1.30494702 0.74235153 21.77659225
v 1.14138818 0.97594833 21.77659225
v 1.02774072 2.78178024 21.70989609
v 0.24145544 2.18809128 21.75020981
v -0.71375978 3.47203827 21.67136765
v -1.27003396 3.05201721 21.68809128
v -2.23400807 4.32505798 21.55739975
v -2.60108852 2.04699326 21.68775558
v -3.56150699 3.32271576 21.5570488
v -3.93134952 1.04255676 21.63051987
v -4.88822794 2.32096863 21.49998093
v -5.2592907 0.03987885 21.51647568
v -6.21261406 1.32097244 21.38624191
v -6.58335686 -0.95986938 21.34574509
v -7.53313971 0.32389832 21.21596909
v 6.31881618 6.77686691 20.915905
v 6.6461935 9.02924728 20.50017929
v 7.93667459 10.00363541 20.1069603
v 9.37428093 10.40089798 19.75698471
v 8.69590569 10.97451401 19.75698471
v -1.04370046 -1.0746727 21.77659225
v -1.22872853 -0.85768127 21.77659225
v -2.00604177 -1.51623535 21.73490524
v -1.36935341 -0.60959625 21.77659225
v -1.4604789 -0.33938217 21.77659225
v -1.49882424 -0.05680084 21.77659225
v -1.63787758 0.76908112 21.76618576
v -2.97029018 -0.23696899 21.70885849
v -3.33682156 -2.52105331 21.62063217
v -2.36971974 -3.79815674 21.59441757
v -3.6959064 -4.79950333 21.42341232
v -2.7241354 -6.0709343 21.34531784
v -1.48298562 0.22792435 21.77659225
v -1.41355813 0.50451279 21.77659225
v -1.29304421 0.76296234 21.77659225
v -1.12579274 0.99393463 21.77659225
v -0.91786128 1.18907928 21.77659225
v -0.30468702 1.77571869 21.76652145
v -0.67674196 1.34134674 21.77659225
v -0.41116282 1.44522858 21.77659225
v -0.13073684 1.49697495 21.77659225
v 0.15441935 1.49471283 21.77659225
v 0.43400607 1.43852234 21.77659225
v 0.69789147 1.33044052 21.77659225
v 0.93656939 1.17436981 21.77659225
v 1.48637402 0.20436859 21.77659225
v 1.49768078 -0.08057404 21.77659225
v 1.45486462 -0.36251068 21.77659225
v 1.62593091 -0.78120041 21.76630783
v 1.35946667 -0.63124466 21.77659225
v 1.21492028 -0.87707138 21.77659225
v 1.02647424 -1.09109879 21.77659225
v 0.80091882 -1.26559067 21.77659225
v 0.29274023 -1.78783417 21.76595688
v 0.54643279 -1.39424896 21.77659225
v 0.27218664 -1.47241592 21.77659225
v -0.01190143 -1.49727249 21.77659225
v -0.29554701 -1.46791458 21.77659225
v -0.56852669 -1.38540268 21.77659225
v -1.03965688 -2.79387665 21.70864487
v -0.82095277 -1.25272369 21.77659225
v 10.01490498 9.78540421 19.75698471
v 7.98252726 11.50395584 19.75698471
v 6.94937038 11.25906754 19.98006821
v 5.66105556 10.28630447 20.37266159
v 4.66986036 11.53237534 20.19427109
v 4.36120558 9.3048439 20.71041489
v 3.37489271 10.55459213 20.5307579
v 3.05293226 8.31701279 20.99241257
v 2.07151771 9.57046127 20.81170273
v 1.73773205 7.32396317 21.21834946
v 0.76124591 8.5811348 21.03678513
v 0.41716033 6.32684708 21.38793564
v -0.55438179 7.58775711 21.2057457
v -0.90727168 5.32682419 21.50100327
v -1.87383938 6.59148788 21.31838608
v -2.62103176 6.02730942 21.35709763
v -3.57110476 7.29587173 21.1219902
v -4.15377665 6.85591507 21.13979721
v -5.10751152 8.11103439 20.85335922
v -5.46990776 5.86215973 21.13946152
v -6.41584587 7.12316513 20.85302353
v -6.78526115 4.86898804 21.08288193
v -7.72340155 6.1358757 20.79677963
v -8.09831047 3.87755966 20.97011948
v -9.02866936 5.15032196 20.68468857
v -9.40752983 2.88902283 20.80131149
v -10.33012104 4.1676445 20.51687241
v 7.23699808 11.98707962 19.75698471
v 6.4623251 12.42195511 19.75698471
v 5.95463467 12.50245285 19.80273056
v 5.6616354 12.80681229 19.75698471
v 4.83814955 13.14011765 19.75698471
v 3.99519277 13.42052078 19.75698471
v 3.67365956 12.76610947 19.96522141
v 3.13612318 13.64690018 19.75698471
v 2.26444983 13.81833267 19.75698471
v 2.38494849 11.79305649 20.30007553
v 1.39247131 13.01891708 20.01861191
v 1.0878756 10.81368637 20.57966232
v 0.10308874 12.04534531 20.29655075
v -0.21604876 9.82913589 20.80366135
v -1.19311452 11.06663132 20.519207
v -1.52532876 8.8405571 20.9718132
v -2.49462819 10.0839119 20.68635178
v -2.83840847 7.84910202 21.08388901
v -3.79994082 9.09833145 20.79778671
v -4.51746988 8.55654526 20.83521652
v -5.45916557 9.80796432 20.49708176
v -6.05578423 9.3574791 20.51554489
v -6.9975872 10.59392166 20.12672043
v -7.35491705 8.37655258 20.5152092
v -8.28613091 9.62099075 20.12638474
v -8.65328789 7.3962059 20.45936203
v -9.57392693 8.64863205 20.07098007
v -9.94938469 6.41758347 20.34804916
v -10.85944843 7.67798233 19.96058273
v -11.2416811 5.44181061 20.18142319
v -12.14123249 6.71016312 19.79529953
v -12.52023029 6.26715469 19.75698471
v -12.09771442 7.04862595 19.75698471
v -11.62647724 7.80172348 19.75698471
v -11.10842609 8.52341843 19.75698471
v -10.54563618 9.21080399 19.75698471
v -9.940382 9.86111069 19.75698471
v -9.29511833 10.47172165 19.75698471
v -8.61240959 11.04018021 19.75698471
v -7.89503241 11.56418991 19.75698471
v -7.14585638 12.04164505 19.75698471
v -6.39517021 11.04877853 20.10796738
v -6.36791801 12.47062302 19.75698471
v -5.70977592 11.56628799 20.07197189
v -5.56432915 12.84939957 19.75698471
v -4.42422342 12.53696823 19.96223068
v -4.73834085 13.17644882 19.75698471
v -3.89326358 13.4504509 19.75698471
v -3.14239407 13.50482559 19.79761887
v -3.03251553 13.67029953 19.75698471
v -2.15956044 13.83511734 19.75698471
v -2.16891408 12.29230118 20.18374252
v -0.88182008 13.26413345 19.96264267
v 1.38365173 13.93413925 19.75698471
v 0.49726892 13.99384689 19.75698471
v -0.39109758 13.99721909 19.75698471
v -1.27790761 13.94424057 19.75698471
v -12.89234638 5.46046066 19.75698471
v -12.52869892 4.47003174 19.95965195
v -13.21253681 4.63179016 19.75698471
v -13.4795351 3.78447723 19.75698471
v -13.9516573 1.16511536 19.75698471
v -13.29696369 -0.04774094 19.96085739
v -13.99729633 0.27790833 19.75698471
v -13.9865694 -0.61040878 19.75698471
v -12.38319111 -1.34370804 20.18989182
v -13.91952229 -1.49625778 19.75698471
v -13.66811848 -2.31390762 19.79760361
v -13.79642963 -2.37607193 19.75698471
v -13.61777973 -3.24630737 19.75698471
v -12.74595356 -3.61208725 19.97449875
v -13.384305 -4.1034584 19.75698471
v -13.09692097 -4.94407654 19.75698471
v -11.81014729 -4.90640259 20.10094833
v -12.75681782 -5.76477432 19.75698471
v -12.36533833 -6.56225204 19.75698471
v -10.86172199 -6.19547272 20.17683029
v -11.9240694 -7.33329391 19.75698471
v -11.43478107 -8.07479477 19.75698471
v -9.90167046 -7.4779129 20.20206833
v -10.89945698 -8.78377151 19.75698471
v -8.93104362 -8.75235367 20.17661667
v -10.3202486 -9.45736694 19.75698471
v -9.69947624 -10.09287262 19.75698471
v -7.95086432 -10.01743698 20.10052109
v -9.03964043 -10.68772507 19.75698471
v -8.3434124 -11.23953247 19.75698471
v -6.96218681 -11.27180481 19.97385788
v -7.6135993 -11.74607086 19.75698471
v -6.85311699 -12.20529938 19.75698471
v -5.9660778 -12.51412201 19.79674911
v -6.06504631 -12.6153717 19.75698471
v -5.25254631 -12.97463608 19.75698471
v -4.68116617 -11.5439415 20.18903732
v -4.41889811 -13.28164673 19.75698471
v -3.6848743 -12.777565 19.95978928
v -3.56745791 -13.53516388 19.75698471
v -2.70164394 -13.73416901 19.75698471
v -1.8249656 -13.87786102 19.75698471
v -5.67243767 -10.297966 20.36761093
v -6.6576519 -9.04098511 20.49534225
v -7.63575506 -7.77433014 20.5720787
v -8.60568047 -6.49936295 20.59772873
v -9.5664196 -5.21744156 20.57229233
v -10.51691914 -3.92994308 20.4957695
v -11.4561739 -2.638237 20.36826706
v -0.94093263 -13.96566391 19.75698471
v 7.52422953 -11.80349731 19.75698471
v 8.25788689 -11.30250931 19.75698471
v 8.27456474 -9.63253784 20.12496567
v 8.95828056 -10.75600052 19.75698471
v 9.62260246 -10.16617203 19.75698471
v 9.56231499 -8.66020584 20.07023239
v 10.24816608 -9.53539658 19.75698471
v 10.83248615 -8.86621475 19.75698471
v 10.84783649 -7.68955994 19.96049118
v 11.37316608 -8.16131973 19.75698471
v 11.86806965 -7.42354965 19.75698471
v 12.12962055 -6.72173691 19.79587936
v 12.31516743 -6.65587997 19.75698471
v 12.7126894 -5.86139679 19.75698471
v 13.05901814 -5.04330444 19.75698471
v 12.51705647 -4.48170471 19.96113205
v 11.23000813 -5.45350647 20.18221664
v 13.35276508 -4.20488739 19.75698471
v 13.59274006 -3.34953308 19.75698471
v 11.61456013 -3.20075989 20.29523849
v 12.90391254 -2.22721863 20.01731491
v 11.99668598 -0.93703842 20.29899216
v 13.98151875 -0.71651077 19.75698471
v 13.28536701 0.03599167 19.96413803
v 13.9989748 0.17169952 19.75698471
v 13.96006489 1.0592308 19.75698471
v 13.77798176 -2.48067856 19.75698471
v 13.9077425 -1.60182571 19.75698471
v 13.86495686 1.94250488 19.75698471
v 13.65633869 2.30198288 19.80187607
v 12.37157917 1.33190918 20.1934166
v 13.71401691 2.81797028 19.75698471
v 12.7329073 3.59917831 19.97941208
v 11.44456196 2.62639999 20.37200546
v 11.07662678 0.35414505 20.52988815
v 10.14472675 1.64495468 20.70975876
v 9.773283 -0.62996292 20.81083298
v 12.85394001 3.69056702 19.9395256
v 13.50784016 3.68209839 19.75698471
v 13.24728107 4.53141022 19.75698471
v 11.90765095 4.97694016 20.06968307
v 12.93337727 5.36248779 19.75698471
v 12.56741047 6.17198563 19.75698471
v 12.15081501 6.95663834 19.75698471
v 5.34286404 8.04515457 20.83883286
v 4.03108168 7.05467606 21.12160873
v 2.71235609 6.05896378 21.34814072
v 1.38824475 5.05917358 21.51818466
v 0.06025736 4.05646896 21.63154221
v -1.66825783 4.75223923 21.54029465
v -3.19560146 5.59347534 21.37456894
v -4.51812601 4.59489441 21.37421799
v -5.8398571 3.59690094 21.31736374
v -7.15928411 2.6006546 21.20405197
v -8.47486687 1.60731888 21.03442001
v 11.79583454 4.8925209 20.10650253
v 10.5053072 3.91809082 20.49975204
v 5.00492764 5.78479767 21.19912338
v 10.69964314 -1.91638565 20.57857895
v 9.39573479 -2.90091324 20.80257797
v 2.35784888 3.78609467 21.59634018
v 3.68408132 4.78748703 21.42602158
v -4.30035257 -1.2412529 21.5946312
v -5.62653923 -2.2426033 21.4236412
v -0.07215838 -4.06853104 21.63007736
v 1.25810254 -3.06410217 21.68731308
v 2.58915663 -2.05908585 21.68764877
v 3.91943288 -1.05464554 21.63111496
v 5.24738979 -0.05194855 21.51774216
v 6.57150173 0.9478302 21.34769821
v -1.40008461 -5.07119751 21.51604843
v -0.42893934 -6.33880997 21.38558578
v 0.8954317 -5.33882904 21.4993248
v 0.54264861 -7.59964752 21.20318222
v 1.86204529 -6.60342026 21.31649399
v 1.51365674 -8.85235596 20.96902084
v 2.82667494 -7.86094666 21.08178329
v 2.48304725 -10.09559631 20.68337631
v 3.78828359 -9.11006546 20.79546738
v 3.44979811 -11.32804108 20.34652328
v 4.74584913 -10.34944534 20.45782089
v 2.22212195 -4.33709335 21.55639267
v 3.54960561 -3.33476639 21.55672836
v 4.87632704 -2.33301544 21.50034714
v 6.20072842 -1.33300781 21.38727951
v 3.18376112 -5.60544205 21.37334824
v 4.50625563 -4.60688019 21.37368393
v 5.82800198 -3.60889053 21.31750107
v 4.14199781 -6.86779785 21.13836288
v 5.45809841 -5.8740654 21.13869858
v 5.09580898 -8.12280655 20.85171127
v -4.75739908 10.3378334 20.46035385
v -3.46127224 11.31648636 20.34971237
v 8.64159966 -7.40790939 20.45882797
v 9.01690483 -5.16213989 20.68505478
v 9.9376812 -6.42928696 20.34818649
v 10.31838703 -4.17944717 20.51791
v -4.66371012 -3.52293777 21.44953537
v -1.74944985 -7.33587265 21.21531296
v -0.77290291 -8.59296417 21.03355026
v 0.20446812 -9.8408699 20.80021286
v 1.1816256 -11.07824707 20.51556015
v -12.37637043 0.91630173 5
v -12.19624043 2.06277847 5
v -12.19294453 0.92264938 5
v -12.05880451 2.0274086 5
v -11.96847248 2.00111008 5
v -12.47845173 0.90204239 5
v -12.34960651 2.11998367 5
v -12.59437275 0.88108063 5
v -12.52270222 2.2007637 5
v -12.85064411 0.82336426 5
v -12.71931171 2.30685043 5
v -13.0997591 0.75032043 5
v -13.94437885 1.24941254 5
v -13.56991291 0.57024384 5
v -13.99531269 0.36454391 5
v -12.93957233 2.43942261 5
v -13.83753681 2.12928772 5
v -13.1738863 2.59837723 5
v -13.41975117 2.78499222 5
v -13.67524433 3.00063705 5
v -11.88465595 1.95833969 5
v -11.81037617 1.90065765 5
v -11.74816608 1.83003235 5
v -11.70034504 1.74910736 5
v -11.66849995 1.66058731 5
v -11.65379047 1.56772614 5
v -11.65675068 1.47372437 5
v -11.6612978 1.43717194 5
v -11.66573811 1.40060425 5
v -11.67005634 1.36402512 5
v -11.92147541 0.98622131 5
v -12.00742817 0.94800186 5
v -12.0989809 0.92656708 5
v -11.68970966 1.27202606 5
v -11.7262392 1.18531036 5
v -11.77834797 1.1070137 5
v -11.84425068 1.03981781 5
v -12.19294453 -0.91728592 9.5E-07
v -12.19294453 -0.91728592 2.5
v -12.37637043 -0.91093826 9.5E-07
v -12.59437275 -0.87571716 9.5E-07
v -12.47845173 -0.89667892 9.5E-07
v -12.85064411 -0.81800079 9.5E-07
v -13.0997591 -0.74495697 9.5E-07
v -13.56991291 -0.56488037 9.5E-07
v -13.99531269 -0.35918045 9.5E-07
v -12.19294453 0.92264938 2.5
v -12.33485126 0.9211998 9.5E-07
v -12.49744892 0.90236282 9.5E-07
v -12.19294453 0.92264938 9.5E-07
v -12.68484211 0.86535263 9.5E-07
v -12.90113544 0.80939484 9.5E-07
v -13.14672565 0.73339081 9.5E-07
v -13.41227436 0.63512802 9.5E-07
v -13.69564533 0.51277542 9.5E-07
v -13.99531269 0.36454391 9.5E-07
v -12.09786701 0.92679596 3.33332872
v -12.09786701 0.92679596 1.66665649
v -12.00526142 0.94878387 3.33332872
v -12.00526142 0.94878387 1.66665649
v -11.94926167 0.97171021 3.33332872
v -11.94926167 0.97171021 1.66665649
v -11.86794758 1.02112579 3.33332872
v -11.86794758 1.02112579 1.66665649
v -11.79737568 1.08498764 3.33332872
v -11.79737568 1.08498764 1.66665649
v -11.740201 1.161026 3.33332872
v -11.740201 1.161026 1.66665649
v -11.6985445 1.24658966 3.33332872
v -11.6985445 1.24658966 1.66665649
v -11.67005634 1.36402512 2.5
v -11.6896944 1.27205276 9.5E-07
v -11.67005634 1.36402512 9.5E-07
v -11.72619343 1.18540573 9.5E-07
v -11.77830219 1.10707855 9.5E-07
v -11.84409809 1.03995132 9.5E-07
v -11.92139912 0.98626328 9.5E-07
v -12.00733662 0.94803619 9.5E-07
v -12.09895039 0.92657089 9.5E-07
v -11.67005634 -1.35866165 2.5
v -11.69010639 -1.26562881 3.33332872
v -11.69010639 -1.26562881 1.66665649
v -11.72732258 -1.17803192 3.33332872
v -11.72732258 -1.17803192 1.66665649
v -11.75932026 -1.12667847 3.33332872
v -11.75932026 -1.12667847 1.66665649
v -11.82168293 -1.05480957 3.33332872
v -11.82168293 -1.05480957 1.66665649
v -11.89649677 -0.99595261 3.33332872
v -11.89649677 -0.99595261 1.66665649
v -11.98104572 -0.95235443 3.33332872
v -11.98104572 -0.95235443 1.66665649
v -12.07238483 -0.92565536 3.33332872
v -12.07238483 -0.92565536 1.66665649
v -12.0989809 -0.92120361 9.5E-07
v -12.00742817 -0.9426384 9.5E-07
v -11.92147541 -0.98086166 9.5E-07
v -11.84425068 -1.03445435 9.5E-07
v -11.77834797 -1.10165024 9.5E-07
v -11.7262392 -1.1799469 9.5E-07
v -11.68970966 -1.2666626 9.5E-07
v -11.67005634 -1.35866165 9.5E-07
v -11.65675068 -1.4683609 9.5E-07
v -11.65675068 -1.4683609 2.5
v -11.6612978 -1.43180847 9.5E-07
v -11.66573811 -1.3952446 9.5E-07
v -12.05880451 -2.02204514 2.5
v -12.19624043 -2.05741501 9.5E-07
v -12.34960651 -2.11462021 9.5E-07
v -12.05880451 -2.02204514 9.5E-07
v -12.52270222 -2.19540024 9.5E-07
v -12.71931171 -2.30148697 9.5E-07
v -12.93957233 -2.43405914 9.5E-07
v -13.1738863 -2.59301376 9.5E-07
v -13.41975117 -2.77962875 9.5E-07
v -13.67524433 -2.99527359 9.5E-07
v -11.65379047 -1.56236267 9.5E-07
v -11.65629292 -1.58920288 1.66665649
v -11.65629292 -1.58920288 3.33332872
v -11.67626667 -1.68224716 1.66665649
v -11.67626667 -1.68224716 3.33332872
v -11.71357441 -1.76976013 1.66665649
v -11.71357441 -1.76976013 3.33332872
v -11.76681232 -1.8486557 1.66665649
v -11.76681232 -1.8486557 3.33332872
v -11.833951 -1.91609573 1.66665649
v -11.833951 -1.91609573 3.33332872
v -11.8828249 -1.95175934 1.66665649
v -11.8828249 -1.95175934 3.33332872
v -11.96748066 -1.99526596 1.66665649
v -11.96748066 -1.99526596 3.33332872
v -11.66849995 -1.65522766 9.5E-07
v -11.70034504 -1.7437439 9.5E-07
v -11.74816608 -1.82466888 9.5E-07
v -11.81037617 -1.89529419 9.5E-07
v -11.88465595 -1.95297623 9.5E-07
v -11.96847248 -1.99574661 9.5E-07
v -11.61848164 -3.80851364 9.5E-07
v -11.61848164 -3.80851364 2.5
v -11.79809284 -3.84625244 9.5E-07
v -12.01818562 -3.86422348 9.5E-07
v -11.90061665 -3.85683441 9.5E-07
v -12.28081989 -3.86951447 9.5E-07
v -12.54018879 -3.85821533 9.5E-07
v -13.03976154 -3.79587936 9.5E-07
v -13.50204182 -3.69796371 9.5E-07
v -11.00515461 -4.11193466 2.5
v -11.06092548 -4.00472641 3.33332872
v -11.06092548 -4.00472641 1.66665649
v -11.12183857 -3.93162155 3.33332872
v -11.12183857 -3.93162155 1.66665649
v -11.19555378 -3.87147141 3.33332872
v -11.19555378 -3.87147141 1.66665649
v -11.27935505 -3.82635498 3.33332872
v -11.27935505 -3.82635498 1.66665649
v -11.37014484 -3.7978363 3.33332872
v -11.37014484 -3.7978363 1.66665649
v -11.42998981 -3.78897476 3.33332872
v -11.42998981 -3.78897476 1.66665649
v -11.52515888 -3.78978729 3.33332872
v -11.52515888 -3.78978729 1.66665649
v -11.52630329 -3.78983307 9.5E-07
v -11.43229389 -3.78873825 9.5E-07
v -11.33967304 -3.80527496 9.5E-07
v -11.25187397 -3.83883286 9.5E-07
v -11.1718111 -3.88830566 9.5E-07
v -11.10247517 -3.95185471 9.5E-07
v -11.04624653 -4.0273056 9.5E-07
v -11.00515461 -4.11193466 9.5E-07
v -10.96597004 -4.21525955 9.5E-07
v -10.96597004 -4.21525955 2.5
v -10.97913837 -4.18085861 9.5E-07
v -10.99221516 -4.14641571 9.5E-07
v -11.22384357 -4.8490715 2.5
v -11.34882832 -4.91630554 9.5E-07
v -11.4840517 -5.00854874 9.5E-07
v -11.22384357 -4.8490715 9.5E-07
v -11.63277912 -5.12840652 9.5E-07
v -11.79827595 -5.27846146 9.5E-07
v -11.98042011 -5.45989609 9.5E-07
v -12.1698885 -5.67030716 9.5E-07
v -12.36393452 -5.91033554 9.5E-07
v -12.56040668 -6.18085861 9.5E-07
v -10.94062519 -4.30582047 9.5E-07
v -10.93662739 -4.33248138 1.66665649
v -10.93662739 -4.33248138 3.33332872
v -10.93374348 -4.42759705 1.66665649
v -10.93374348 -4.42759705 3.33332872
v -10.94903278 -4.52149963 1.66665649
v -10.94903278 -4.52149963 3.33332872
v -10.98183918 -4.61084747 1.66665649
v -10.98183918 -4.61084747 3.33332872
v -11.03088093 -4.69239044 1.66665649
v -11.03088093 -4.69239044 3.33332872
v -11.0698061 -4.73871231 1.66665649
v -11.0698061 -4.73871231 3.33332872
v -11.14158344 -4.80121613 1.66665649
v -11.14158344 -4.80121613 3.33332872
v -10.9326601 -4.39950562 9.5E-07
v -10.94241047 -4.49307251 9.5E-07
v -10.9694643 -4.58308792 9.5E-07
v -11.01296711 -4.6665535 9.5E-07
v -11.0712862 -4.74033356 9.5E-07
v -11.14243793 -4.80191803 9.5E-07
v -10.36878681 -6.47825241 9.5E-07
v -10.36878681 -6.47825241 2.5
v -10.53416157 -6.5578804 9.5E-07
v -10.74355793 -6.62800217 9.5E-07
v -10.63116169 -6.59268951 9.5E-07
v -10.99728107 -6.6959877 9.5E-07
v -11.25181293 -6.74708557 9.5E-07
v -11.75179768 -6.80612183 9.5E-07
v -12.22407246 -6.82168198 9.5E-07
v -9.70068169 -6.62607956 2.5
v -9.78048515 -6.53533173 3.33332872
v -9.78048515 -6.53533173 1.66665649
v -9.85713005 -6.47892761 3.33332872
v -9.85713005 -6.47892761 1.66665649
v -9.94308281 -6.43816757 3.33332872
v -9.94308281 -6.43816757 1.66665649
v -10.0352602 -6.41441727 3.33332872
v -10.0352602 -6.41441727 1.66665649
v -10.13021564 -6.40845108 3.33332872
v -10.13021564 -6.40845108 1.66665649
v -10.19045734 -6.41417313 3.33332872
v -10.19045734 -6.41417313 1.66665649
v -10.28266621 -6.43773651 3.33332872
v -10.28266621 -6.43773651 1.66665649
v -10.28376484 -6.43805313 9.5E-07
v -10.19274616 -6.41448975 9.5E-07
v -10.09885883 -6.40838623 9.5E-07
v -10.00558186 -6.41995621 9.5E-07
v -9.91599846 -6.44882965 9.5E-07
v -9.83347893 -6.49394226 9.5E-07
v -9.76083183 -6.55374527 9.5E-07
v -9.70068169 -6.62607956 9.5E-07
v -9.63790703 -6.71702194 9.5E-07
v -9.63790703 -6.71702194 2.5
v -9.65891838 -6.68677521 9.5E-07
v -9.67985344 -6.65645981 9.5E-07
v -9.73660088 -7.39413071 2.5
v -9.841856 -7.48931885 9.5E-07
v -9.95107841 -7.61124802 9.5E-07
v -9.73660088 -7.39413071 9.5E-07
v -10.06680012 -7.76321411 9.5E-07
v -10.19158649 -7.94851685 9.5E-07
v -10.32500935 -8.1682663 9.5E-07
v -10.4586153 -8.4179039 9.5E-07
v -10.58959675 -8.69739914 9.5E-07
v -10.71560383 -9.00707626 9.5E-07
v -9.59161186 -6.79888535 9.5E-07
v -9.58135796 -6.82381439 1.66665649
v -9.58135796 -6.82381439 3.33332872
v -9.55579948 -6.91547775 1.66665649
v -9.55579948 -6.91547775 3.33332872
v -9.54815483 -7.01030731 1.66665649
v -9.54815483 -7.01030731 3.33332872
v -9.55863762 -7.1049118 1.66665649
v -9.55863762 -7.1049118 3.33332872
v -9.58674431 -7.19582367 1.66665649
v -9.58674431 -7.19582367 3.33332872
v -9.61344719 -7.25011444 1.66665649
v -9.61344719 -7.25011444 3.33332872
v -9.66818047 -7.32797623 1.66665649
v -9.66818047 -7.32797623 3.33332872
v -9.56147575 -6.88794327 9.5E-07
v -9.5485363 -6.98112488 9.5E-07
v -9.55326653 -7.07500076 9.5E-07
v -9.5755291 -7.1664505 9.5E-07
v -9.61450005 -7.25204468 9.5E-07
v -9.66885185 -7.32886505 9.5E-07
v -8.51649284 -8.77133942 9.5E-07
v -8.51649284 -8.77133942 2.5
v -8.65800285 -8.88822937 9.5E-07
v -8.84454155 -9.00642776 9.5E-07
v -8.74386406 -8.94524765 9.5E-07
v -9.07462883 -9.13316345 9.5E-07
v -9.30953789 -9.24369049 9.5E-07
v -9.78085136 -9.42065811 9.5E-07
v -10.23568439 -9.54878998 9.5E-07
v -7.83242655 -8.75498581 2.5
v -7.93162394 -8.68597031 3.33332872
v -7.93162394 -8.68597031 1.66665649
v -8.0195446 -8.64954758 3.33332872
v -8.0195446 -8.64954758 1.66665649
v -8.11276054 -8.63054276 3.33332872
v -8.11276054 -8.63054276 1.66665649
v -8.20794487 -8.6295433 3.33332872
v -8.20794487 -8.6295433 1.66665649
v -8.3015728 -8.64647675 3.33332872
v -8.3015728 -8.64647675 1.66665649
v -8.35868645 -8.6664505 3.33332872
v -8.35868645 -8.6664505 1.66665649
v -8.44257927 -8.71139526 3.33332872
v -8.44257927 -8.71139526 1.66665649
v -8.44357109 -8.71196365 9.5E-07
v -8.36082268 -8.66730499 9.5E-07
v -8.27114677 -8.6389122 9.5E-07
v -8.17780876 -8.62782288 9.5E-07
v -8.08392143 -8.63441849 9.5E-07
v -7.99299479 -8.65847015 9.5E-07
v -7.90814066 -8.69914627 9.5E-07
v -7.83242655 -8.75498581 9.5E-07
v -7.74970865 -8.82826233 9.5E-07
v -7.74970865 -8.82826233 2.5
v -7.77735758 -8.80392456 9.5E-07
v -7.80493021 -8.77949524 9.5E-07
v -7.68350077 -9.50931549 2.5
v -7.76292276 -9.62692642 9.5E-07
v -7.83978128 -9.77145004 9.5E-07
v -7.68350077 -9.50931549 9.5E-07
v -7.91578531 -9.94669342 9.5E-07
v -7.9925828 -10.15647507 9.5E-07
v -8.06954765 -10.40176773 9.5E-07
v -8.13952446 -10.67612839 9.5E-07
v -8.19981194 -10.9788475 9.5E-07
v -8.24806023 -11.30968094 9.5E-07
v -7.68517923 -8.89666748 9.5E-07
v -7.66924906 -8.91841507 1.66665649
v -7.66924906 -8.91841507 3.33332872
v -7.62249613 -9.00130081 1.66665649
v -7.62249613 -9.00130081 3.33332872
v -7.59239054 -9.09154892 1.66665649
v -7.59239054 -9.09154892 3.33332872
v -7.57992411 -9.18591309 1.66665649
v -7.57992411 -9.18591309 3.33332872
v -7.58544779 -9.28090286 1.66665649
v -7.58544779 -9.28090286 3.33332872
v -7.59838724 -9.3400116 1.66665649
v -7.59838724 -9.3400116 3.33332872
v -7.63290262 -9.42871094 1.66665649
v -7.63290262 -9.42871094 3.33332872
v -7.63459635 -8.97592545 9.5E-07
v -7.59974527 -9.06330109 9.5E-07
v -7.58187723 -9.15558243 9.5E-07
v -7.58160257 -9.24970245 9.5E-07
v -7.59895182 -9.34213638 9.5E-07
v -7.63332987 -9.42973328 9.5E-07
v -6.16926479 -10.55451584 9.5E-07
v -6.16926479 -10.55451584 2.5
v -6.27868557 -10.70187378 9.5E-07
v -6.4315176 -10.86127472 9.5E-07
v -6.34840298 -10.77778244 9.5E-07
v -6.62458706 -11.03939438 9.5E-07
v -6.8262167 -11.20292282 9.5E-07
v -7.24148417 -11.48754883 9.5E-07
v -7.65244913 -11.72080231 9.5E-07
v -5.50898647 -10.37492752 2.5
v -5.62180996 -10.33165741 3.33332825
v -5.62180996 -10.33165741 1.66665649
v -5.71589565 -10.31733322 3.33332825
v -5.71589565 -10.31733322 1.66665649
v -5.81095791 -10.32118607 3.33332825
v -5.81095791 -10.32118607 1.66665649
v -5.90360928 -10.34299469 3.33332825
v -5.90360928 -10.34299469 1.66665649
v -5.9904623 -10.38184357 3.33332825
v -5.9904623 -10.38184357 1.66665649
v -6.04113674 -10.41490555 3.33332825
v -6.04113674 -10.41490555 1.66665649
v -6.11184597 -10.47862244 3.33332825
v -6.11184597 -10.47862244 1.66665649
v -6.11265469 -10.47940826 9.5E-07
v -6.04301357 -10.41624832 9.5E-07
v -5.96273708 -10.3672142 9.5E-07
v -5.87475491 -10.33411026 9.5E-07
v -5.78202724 -10.31804657 9.5E-07
v -5.68798733 -10.31964111 9.5E-07
v -5.59585476 -10.33882904 9.5E-07
v -5.50898647 -10.37492752 9.5E-07
v -5.41114712 -10.42628098 9.5E-07
v -5.41114712 -10.42628098 2.5
v -5.44381618 -10.40926361 9.5E-07
v -5.47642422 -10.39214706 9.5E-07
v -5.18386745 -11.07169342 2.5
v -5.23283291 -11.20489883 9.5E-07
v -5.27287197 -11.36361313 9.5E-07
v -5.18386745 -11.07169342 9.5E-07
v -5.30471706 -11.55195236 9.5E-07
v -5.32910061 -11.77402115 9.5E-07
v -5.34512234 -12.03060532 9.5E-07
v -5.34741116 -12.31373978 9.5E-07
v -5.33349514 -12.62208557 9.5E-07
v -5.30116177 -12.95485306 9.5E-07
v -5.33210659 -10.47725296 9.5E-07
v -5.31143093 -10.49455643 1.66665649
v -5.31143093 -10.49455643 3.33332825
v -5.24619961 -10.56384659 1.66665649
v -5.24619961 -10.56384659 3.33332825
v -5.19537258 -10.64426422 1.66665649
v -5.19537258 -10.64426422 3.33332825
v -5.16068935 -10.73290253 1.66665649
v -5.16068935 -10.73290253 3.33332825
v -5.14332485 -10.82645798 1.66665649
v -5.14332485 -10.82645798 3.33332825
v -5.14173794 -10.88694382 1.66665649
v -5.14173794 -10.88694382 3.33332825
v -5.15402126 -10.98132324 1.66665649
v -5.15402126 -10.98132324 3.33332825
v -5.26403713 -10.54210281 9.5E-07
v -5.20927334 -10.61859894 9.5E-07
v -5.16984463 -10.70392227 9.5E-07
v -5.147048 -10.79524231 9.5E-07
v -5.14178371 -10.8891449 9.5E-07
v -5.15420437 -10.98241806 9.5E-07
v -3.4635005 -11.72414398 9.5E-07
v -3.4635005 -11.72414398 2.5
v -3.53446889 -11.89340591 9.5E-07
v -3.64471364 -12.08475113 9.5E-07
v -3.58399892 -11.98379517 9.5E-07
v -3.78955007 -12.30389786 9.5E-07
v -3.94618154 -12.51093292 9.5E-07
v -4.28128004 -12.88666534 9.5E-07
v -4.62446547 -13.21149063 9.5E-07
v -2.86538649 -11.39175797 2.5
v -2.98529005 -11.37675095 3.33332825
v -2.98529005 -11.37675095 1.66665649
v -3.08006239 -11.3853569 3.33332825
v -3.08006239 -11.3853569 1.66665649
v -3.17143202 -11.41184616 3.33332825
v -3.17143202 -11.41184616 1.66665649
v -3.25617933 -11.45519257 3.33332825
v -3.25617933 -11.45519257 1.66665649
v -3.3312068 -11.51370239 3.33332825
v -3.3312068 -11.51370239 1.66665649
v -3.37251234 -11.55792999 3.33332825
v -3.37251234 -11.55792999 1.66665649
v -3.42590284 -11.63671494 3.33332825
v -3.42590284 -11.63671494 1.66665649
v -3.4265132 -11.63767242 9.5E-07
v -3.3740077 -11.55968094 9.5E-07
v -3.30778456 -11.49285889 9.5E-07
v -3.23028517 -11.43966675 9.5E-07
v -3.14408827 -11.40187454 9.5E-07
v -3.05241346 -11.3809166 9.5E-07
v -2.95837355 -11.37750244 9.5E-07
v -2.86538649 -11.39175797 9.5E-07
v -2.75808668 -11.41820526 9.5E-07
v -2.75808668 -11.41820526 2.5
v -2.7938838 -11.40950012 9.5E-07
v -2.8296504 -11.40068817 9.5E-07
v -2.38294959 -11.99047089 2.5
v -2.39862037 -12.13152313 9.5E-07
v -2.39952064 -12.29521179 9.5E-07
v -2.38294959 -11.99047089 9.5E-07
v -2.38537574 -12.4856987 9.5E-07
v -2.35589576 -12.70714569 9.5E-07
v -2.3100431 -12.96010971 9.5E-07
v -2.2445066 -13.23556519 9.5E-07
v -2.15719581 -13.53162003 9.5E-07
v -2.04617286 -13.84698105 9.5E-07
v -2.66915846 -11.44878006 9.5E-07
v -2.64494276 -11.46063614 1.66665649
v -2.64494276 -11.46063614 3.33332825
v -2.56503248 -11.51229858 1.66665649
v -2.56503248 -11.51229858 3.33332825
v -2.4964292 -11.57822037 1.66665649
v -2.4964292 -11.57822037 3.33332825
v -2.44154334 -11.65598297 1.66665649
v -2.44154334 -11.65598297 3.33332825
v -2.40228248 -11.74266052 1.66665649
v -2.40228248 -11.74266052 3.33332825
v -2.38627601 -11.80101395 1.66665649
v -2.38627601 -11.80101395 3.33332825
v -2.37561011 -11.89558792 1.66665649
v -2.37561011 -11.89558792 3.33332825
v -2.5875392 -11.4954567 9.5E-07
v -2.51606703 -11.55662537 9.5E-07
v -2.45735145 -11.63003159 9.5E-07
v -2.41337562 -11.71324158 9.5E-07
v -2.38578773 -11.80315399 9.5E-07
v -2.37551856 -11.89669418 9.5E-07
v -0.55644244 -12.21225357 9.5E-07
v -0.55644238 -12.21225357 2.5
v -0.5848543 -12.39358521 9.5E-07
v -0.64608777 -12.60574722 9.5E-07
v -0.61131305 -12.49319839 9.5E-07
v -0.73426831 -12.85319138 9.5E-07
v -0.83680737 -13.09169388 9.5E-07
v -1.07225037 -13.5367012 9.5E-07
v -1.32772815 -13.93421555 9.5E-07
v -0.05525225 -11.74638748 2.5
v -0.17526257 -11.76050949 3.33332825
v -0.17526263 -11.76050949 1.66665649
v -0.26522839 -11.79154587 3.33332825
v -0.26522845 -11.79154587 1.66665649
v -0.3475953 -11.83913422 3.33332825
v -0.34759536 -11.83913422 1.66665649
v -0.41950998 -11.9015007 3.33332825
v -0.41951004 -11.9015007 1.66665649
v -0.4783631 -11.97626877 3.33332825
v -0.47836316 -11.97626877 1.66665649
v -0.50787359 -12.02909088 3.33332825
v -0.50787365 -12.02909088 1.66665649
v -0.5408631 -12.11836624 3.33332825
v -0.54086316 -12.11836624 1.66665649
v -0.54122943 -12.1194458 9.5E-07
v -0.50891131 -12.03115082 9.5E-07
v -0.46060199 -11.95042801 9.5E-07
v -0.39808676 -11.88022995 9.5E-07
v -0.32344076 -11.82291031 9.5E-07
v -0.23944114 -11.78061676 9.5E-07
v -0.14895655 -11.75479889 9.5E-07
v -0.05525234 -11.74638748 9.5E-07
v 0.05525178 -11.74638748 9.5E-07
v 0.05525187 -11.74638748 2.5
v 0.01841708 -11.74650574 9.5E-07
v -0.01841763 -11.74650574 9.5E-07
v 0.5564419 -12.21225357 2.5
v 0.57498127 -12.35295486 9.5E-07
v 0.61328083 -12.51210022 9.5E-07
v 0.55644184 -12.21225357 9.5E-07
v 0.67260695 -12.69366837 9.5E-07
v 0.75422621 -12.90162277 9.5E-07
v 0.85928297 -13.1362648 9.5E-07
v 0.98883003 -13.38803101 9.5E-07
v 1.14445448 -13.65459061 9.5E-07
v 1.32772768 -13.93421555 9.5E-07
v 0.14892547 -11.75479126 9.5E-07
v 0.17526218 -11.76050949 1.66665649
v 0.17526224 -11.76050949 3.33332825
v 0.26522797 -11.79154587 1.66665649
v 0.26522803 -11.79154587 3.33332825
v 0.34759489 -11.83913422 1.66665649
v 0.34759495 -11.83913422 3.33332825
v 0.41950956 -11.9015007 1.66665649
v 0.41950962 -11.9015007 3.33332825
v 0.47836268 -11.97626877 1.66665649
v 0.47836274 -11.97626877 3.33332825
v 0.50787318 -12.02909088 1.66665649
v 0.50787324 -12.02909088 3.33332825
v 0.54086268 -12.11836624 1.66665649
v 0.54086274 -12.11836624 3.33332825
v 0.23933376 -11.78057861 9.5E-07
v 0.32337913 -11.82286453 9.5E-07
v 0.39793357 -11.88008881 9.5E-07
v 0.46055561 -11.95035934 9.5E-07
v 0.50886494 -12.03105545 9.5E-07
v 0.54121357 -12.1194191 9.5E-07
v 2.38294911 -11.99047089 9.5E-07
v 2.38294911 -11.99047089 2.5
v 2.39877248 -12.17333603 9.5E-07
v 2.39007497 -12.39398956 9.5E-07
v 2.39691091 -12.27638626 9.5E-07
v 2.36367726 -12.65534592 9.5E-07
v 2.32119679 -12.91145706 9.5E-07
v 2.19909596 -13.39987564 9.5E-07
v 2.04617238 -13.84698105 9.5E-07
v 2.7580862 -11.41820526 2.5
v 2.64494228 -11.46063614 3.33332825
v 2.64494228 -11.46063614 1.66665649
v 2.56503201 -11.51229858 3.33332825
v 2.56503201 -11.51229858 1.66665649
v 2.49642873 -11.57822037 3.33332825
v 2.49642873 -11.57822037 1.66665649
v 2.44154286 -11.65598297 3.33332825
v 2.44154286 -11.65598297 1.66665649
v 2.402282 -11.74266052 3.33332825
v 2.402282 -11.74266052 1.66665649
v 2.38627553 -11.80101395 3.33332825
v 2.38627553 -11.80101395 1.66665649
v 2.37560964 -11.89558792 3.33332825
v 2.37560964 -11.89558792 1.66665649
v 2.37551808 -11.89672089 9.5E-07
v 2.38575673 -11.8032608 9.5E-07
v 2.41334462 -11.71332169 9.5E-07
v 2.45724416 -11.63020325 9.5E-07
v 2.51600552 -11.55668259 9.5E-07
v 2.58744717 -11.49551773 9.5E-07
v 2.66912746 -11.4487915 9.5E-07
v 2.7580862 -11.41820526 9.5E-07
v 2.86538601 -11.39175797 9.5E-07
v 2.86538601 -11.39175797 2.5
v 2.82964993 -11.40068817 9.5E-07
v 2.79388332 -11.40950012 9.5E-07
v 3.46350002 -11.72414398 2.5
v 3.51516604 -11.85631943 9.5E-07
v 3.59043765 -12.00167465 9.5E-07
v 3.46350002 -11.72414398 9.5E-07
v 3.69149661 -12.16376877 9.5E-07
v 3.82050967 -12.34614944 9.5E-07
v 3.97866702 -12.54882812 9.5E-07
v 4.16470194 -12.76227951 9.5E-07
v 4.37959146 -12.98385239 9.5E-07
v 4.62446451 -13.21149063 9.5E-07
v 2.95834255 -11.37750244 9.5E-07
v 2.98528957 -11.37675095 1.66665649
v 2.98528957 -11.37675095 3.33332825
v 3.08006191 -11.3853569 1.66665649
v 3.08006191 -11.3853569 3.33332825
v 3.17143154 -11.41184616 1.66665649
v 3.17143154 -11.41184616 3.33332825
v 3.25617886 -11.45519257 1.66665649
v 3.25617886 -11.45519257 3.33332825
v 3.33120632 -11.51370239 1.66665649
v 3.33120632 -11.51370239 3.33332825
v 3.37251186 -11.55792999 1.66665649
v 3.37251186 -11.55792999 3.33332825
v 3.42590237 -11.63671494 1.66665649
v 3.42590237 -11.63671494 3.33332825
v 3.05230618 -11.38090134 9.5E-07
v 3.1440115 -11.40184784 9.5E-07
v 3.23011684 -11.43956375 9.5E-07
v 3.30772305 -11.49280548 9.5E-07
v 3.37393093 -11.55959702 9.5E-07
v 3.42649746 -11.63764954 9.5E-07
v 5.1838665 -11.07169342 9.5E-07
v 5.1838665 -11.07169342 2.5
v 5.24297905 -11.24546051 9.5E-07
v 5.28733635 -11.46178055 9.5E-07
v 5.26583672 -11.34595871 9.5E-07
v 5.32424736 -11.72186279 9.5E-07
v 5.34429741 -11.98069763 9.5E-07
v 5.3426342 -12.4841423 9.5E-07
v 5.30116081 -12.95485306 9.5E-07
v 5.41114616 -10.42628098 2.5
v 5.31142998 -10.49455643 3.33332825
v 5.31142998 -10.49455643 1.66665649
v 5.24619865 -10.56384659 3.33332825
v 5.24619865 -10.56384659 1.66665649
v 5.19537163 -10.64426422 3.33332825
v 5.19537163 -10.64426422 1.66665649
v 5.1606884 -10.73290253 3.33332825
v 5.1606884 -10.73290253 1.66665649
v 5.1433239 -10.82645798 3.33332825
v 5.1433239 -10.82645798 1.66665649
v 5.14173698 -10.88694382 3.33332825
v 5.14173698 -10.88694382 1.66665649
v 5.15402031 -10.98132324 3.33332825
v 5.15402031 -10.98132324 1.66665649
v 5.15420341 -10.98244476 9.5E-07
v 5.14178276 -10.88925171 9.5E-07
v 5.14703178 -10.79532242 9.5E-07
v 5.16976738 -10.70411682 9.5E-07
v 5.20922661 -10.61867142 9.5E-07
v 5.26395988 -10.54218292 9.5E-07
v 5.33207512 -10.47727203 9.5E-07
v 5.41114616 -10.42628098 9.5E-07
v 5.50898552 -10.37492752 9.5E-07
v 5.50898552 -10.37492752 2.5
v 5.47642326 -10.39214706 9.5E-07
v 5.44381523 -10.40926361 9.5E-07
v 6.16926384 -10.55451584 2.5
v 6.25106621 -10.67048264 9.5E-07
v 6.35894585 -10.79360199 9.5E-07
v 6.16926384 -10.55451584 9.5E-07
v 6.4958477 -10.92679977 9.5E-07
v 6.6647625 -11.07300568 9.5E-07
v 6.86681938 -11.23194885 9.5E-07
v 7.09853888 -11.39467239 9.5E-07
v 7.36021185 -11.55838013 9.5E-07
v 7.65244818 -11.72080231 9.5E-07
v 5.59583855 -10.33883667 9.5E-07
v 5.62180901 -10.33165741 1.66665649
v 5.62180901 -10.33165741 3.33332825
v 5.7158947 -10.31733322 1.66665649
v 5.7158947 -10.31733322 3.33332825
v 5.81095695 -10.32118607 1.66665649
v 5.81095695 -10.32118607 3.33332825
v 5.90360832 -10.34299469 1.66665649
v 5.90360832 -10.34299469 3.33332825
v 5.99046135 -10.38184357 1.66665649
v 5.99046135 -10.38184357 3.33332825
v 6.04113579 -10.41490555 1.66665649
v 6.04113579 -10.41490555 3.33332825
v 6.11184502 -10.47862244 1.66665649
v 6.11184502 -10.47862244 3.33332825
v 5.68787956 -10.31965256 9.5E-07
v 5.78193474 -10.31804276 9.5E-07
v 5.87455559 -10.33405685 9.5E-07
v 5.96265984 -10.36717987 9.5E-07
v 6.04293633 -10.41618347 9.5E-07
v 6.11263847 -10.47938919 9.5E-07
v 7.68349981 -9.50931549 9.5E-07
v 7.68349981 -9.50931549 2.5
v 7.78248358 -9.66388321 9.5E-07
v 7.87733221 -9.86330032 9.5E-07
v 7.82873297 -9.75598907 9.5E-07
v 7.97540045 -10.10699081 9.5E-07
v 8.05680656 -10.353508 9.5E-07
v 8.17568779 -10.84272385 9.5E-07
v 8.24806023 -11.30968094 9.5E-07
v 7.7497077 -8.82826233 2.5
v 7.6692481 -8.91841507 3.33332777
v 7.6692481 -8.91841507 1.66665649
v 7.62249517 -9.00130081 3.33332777
v 7.62249517 -9.00130081 1.66665649
v 7.59238958 -9.09154892 3.33332777
v 7.59238958 -9.09154892 1.66665649
v 7.57992315 -9.18591309 3.33332777
v 7.57992315 -9.18591309 1.66665649
v 7.58544683 -9.28090286 3.33332777
v 7.58544683 -9.28090286 1.66665649
v 7.59838629 -9.3400116 3.33332777
v 7.59838629 -9.3400116 1.66665649
v 7.63290167 -9.42871094 3.33332777
v 7.63290167 -9.42871094 1.66665649
v 7.63334417 -9.42975616 9.5E-07
v 7.59898138 -9.34224319 9.5E-07
v 7.58160162 -9.24978638 9.5E-07
v 7.58184576 -9.15579224 9.5E-07
v 7.5997138 -9.0633812 9.5E-07
v 7.63454962 -8.97602081 9.5E-07
v 7.68516302 -8.89669037 9.5E-07
v 7.7497077 -8.82826233 9.5E-07
v 7.83242559 -8.75498581 9.5E-07
v 7.83242559 -8.75498581 2.5
v 7.80492926 -8.77949524 9.5E-07
v 7.77735662 -8.80392456 9.5E-07
v 8.51649284 -8.77133942 2.5
v 8.62368584 -8.86436081 9.5E-07
v 8.75788689 -8.95808792 9.5E-07
v 8.51649284 -8.77133942 9.5E-07
v 8.92268181 -9.05464935 9.5E-07
v 9.12168694 -9.15618515 9.5E-07
v 9.35590935 -9.26214981 9.5E-07
v 9.61984062 -9.36469269 9.5E-07
v 9.91308403 -9.46102142 9.5E-07
v 10.23568439 -9.54878998 9.5E-07
v 7.90810919 -8.69916153 9.5E-07
v 7.93162298 -8.68597031 1.66665649
v 7.93162298 -8.68597031 3.33332777
v 8.0195446 -8.64954758 1.66665649
v 8.0195446 -8.64954758 3.33332777
v 8.11276054 -8.63054276 1.66665649
v 8.11276054 -8.63054276 3.33332777
v 8.20792961 -8.6295433 1.66665649
v 8.20792961 -8.6295433 3.33332777
v 8.3015728 -8.64647675 1.66665649
v 8.3015728 -8.64647675 3.33332777
v 8.35868645 -8.6664505 1.66665649
v 8.35868645 -8.6664505 3.33332777
v 8.44257927 -8.71139526 1.66665649
v 8.44257927 -8.71139526 3.33332777
v 7.99288702 -8.65850449 9.5E-07
v 8.08382988 -8.63443375 9.5E-07
v 8.17759514 -8.62781525 9.5E-07
v 8.27105522 -8.63889313 9.5E-07
v 8.36073112 -8.66726303 9.5E-07
v 8.44354057 -8.71194839 9.5E-07
v 9.73660088 -7.39413071 9.5E-07
v 9.73660088 -7.39413071 2.5
v 9.86968803 -7.52051926 9.5E-07
v 10.00950336 -7.6914444 9.5E-07
v 9.9366436 -7.59888458 9.5E-07
v 10.16305256 -7.90458298 9.5E-07
v 10.30109882 -8.1244545 9.5E-07
v 10.53358173 -8.57100677 9.5E-07
v 10.71560383 -9.00707626 9.5E-07
v 9.63790703 -6.71702194 2.5
v 9.58135796 -6.82381439 3.33332777
v 9.58135796 -6.82381439 1.66665649
v 9.55579948 -6.91547775 3.33332777
v 9.55579948 -6.91547775 1.66665649
v 9.54815483 -7.01030731 3.33332777
v 9.54815483 -7.01030731 1.66665649
v 9.55863762 -7.1049118 3.33332777
v 9.55863762 -7.1049118 1.66665649
v 9.58674431 -7.19582367 3.33332777
v 9.58674431 -7.19582367 1.66665649
v 9.61344719 -7.25011444 3.33332777
v 9.61344719 -7.25011444 1.66665649
v 9.66818047 -7.32797623 3.33332777
v 9.66818047 -7.32797623 1.66665649
v 9.66886711 -7.32888794 9.5E-07
v 9.61456108 -7.25214005 9.5E-07
v 9.57555962 -7.16652679 9.5E-07
v 9.55329704 -7.07520676 9.5E-07
v 9.5485363 -6.9812088 9.5E-07
v 9.56144524 -6.88805008 9.5E-07
v 9.5915966 -6.79891205 9.5E-07
v 9.63790703 -6.71702194 9.5E-07
v 9.70068169 -6.62607956 9.5E-07
v 9.70068169 -6.62607956 2.5
v 9.67985344 -6.65645981 9.5E-07
v 9.65891838 -6.68677521 9.5E-07
v 10.36878681 -6.47825241 2.5
v 10.49511433 -6.54291916 9.5E-07
v 10.64783955 -6.60180283 9.5E-07
v 10.36878681 -6.47825241 9.5E-07
v 10.83097553 -6.6561203 9.5E-07
v 11.04848957 -6.70708084 9.5E-07
v 11.30126667 -6.75391388 9.5E-07
v 11.58205891 -6.79031372 9.5E-07
v 11.88982868 -6.8136673 9.5E-07
v 12.22407246 -6.82168198 9.5E-07
v 9.76080132 -6.55376434 9.5E-07
v 9.78046989 -6.53533173 1.66665649
v 9.78046989 -6.53533173 3.33332777
v 9.85711479 -6.47892761 1.66665649
v 9.85711479 -6.47892761 3.33332777
v 9.94308281 -6.43816757 1.66665649
v 9.94308281 -6.43816757 3.33332777
v 10.0352602 -6.41441727 1.66665649
v 10.0352602 -6.41441727 3.33332777
v 10.13021564 -6.40845108 1.66665649
v 10.13021564 -6.40845108 3.33332777
v 10.19045734 -6.41417313 1.66665649
v 10.19045734 -6.41417313 3.33332777
v 10.28266621 -6.43773651 1.66665649
v 10.28266621 -6.43773651 3.33332777
v 9.83338737 -6.4940033 9.5E-07
v 9.91592216 -6.44886398 9.5E-07
v 10.00538349 -6.42000198 9.5E-07
v 10.09878254 -6.40839005 9.5E-07
v 10.19263935 -6.41447449 9.5E-07
v 10.28373432 -6.4380455 9.5E-07
v 11.22384357 -4.8490715 9.5E-07
v 11.22384357 -4.8490715 2.5
v 11.38331318 -4.93993759 9.5E-07
v 11.55997944 -5.07243347 9.5E-07
v 11.46706867 -5 9.5E-07
v 11.76006794 -5.24263 9.5E-07
v 11.94671345 -5.42308044 9.5E-07
v 12.27930927 -5.80101776 9.5E-07
v 12.56040668 -6.18085861 9.5E-07
v 10.96597004 -4.21525955 2.5
v 10.93662739 -4.33248138 3.33332777
v 10.93662739 -4.33248138 1.66665649
v 10.93374348 -4.42759705 3.33332777
v 10.93374348 -4.42759705 1.66665649
v 10.94903278 -4.52149963 3.33332777
v 10.94903278 -4.52149963 1.66665649
v 10.98183918 -4.61084747 3.33332777
v 10.98183918 -4.61084747 1.66665649
v 11.03088093 -4.69239044 3.33332777
v 11.03088093 -4.69239044 1.66665649
v 11.0698061 -4.73871231 3.33332777
v 11.0698061 -4.73871231 1.66665649
v 11.14158344 -4.80121613 3.33332777
v 11.14158344 -4.80121613 1.66665649
v 11.14246845 -4.80193329 9.5E-07
v 11.0713625 -4.74041367 9.5E-07
v 11.01301289 -4.66662216 9.5E-07
v 10.9695406 -4.58328247 9.5E-07
v 10.94242573 -4.49315643 9.5E-07
v 10.93267536 -4.39961243 9.5E-07
v 10.94060993 -4.30585098 9.5E-07
v 10.96597004 -4.21525955 9.5E-07
v 11.00515461 -4.11193466 9.5E-07
v 11.00515461 -4.11193466 2.5
v 10.9921999 -4.14641571 9.5E-07
v 10.97913837 -4.18085861 9.5E-07
v 11.61846638 -3.80851364 2.5
v 11.75660419 -3.84107208 9.5E-07
v 11.91898823 -3.86169434 9.5E-07
v 11.61846638 -3.80851364 9.5E-07
v 12.10979939 -3.87060547 9.5E-07
v 12.33318806 -3.86803436 9.5E-07
v 12.58982563 -3.85300827 9.5E-07
v 12.87118244 -3.82115555 9.5E-07
v 13.17559528 -3.77017212 9.5E-07
v 13.50204182 -3.69796371 9.5E-07
v 11.04623127 -4.02733231 9.5E-07
v 11.06092548 -4.00472641 1.66665649
v 11.06092548 -4.00472641 3.33332777
v 11.12183857 -3.93162155 1.66665649
v 11.12183857 -3.93162155 3.33332777
v 11.19555378 -3.87147141 1.66665649
v 11.19555378 -3.87147141 3.33332777
v 11.27935505 -3.82635498 1.66665649
v 11.27935505 -3.82635498 3.33332777
v 11.37014484 -3.7978363 1.66665649
v 11.37014484 -3.7978363 3.33332777
v 11.42998981 -3.78897476 1.66665649
v 11.42998981 -3.78897476 3.33332777
v 11.52515888 -3.78978729 1.66665649
v 11.52515888 -3.78978729 3.33332777
v 11.10241413 -3.95193481 9.5E-07
v 11.17175007 -3.88835526 9.5E-07
v 11.25169086 -3.83892441 9.5E-07
v 11.33959675 -3.80529785 9.5E-07
v 11.43218708 -3.78874588 9.5E-07
v 11.52627277 -3.78982925 9.5E-07
v 12.05880451 -2.02204514 9.5E-07
v 12.05880451 -2.02204514 2.5
v 12.23537922 -2.07210541 9.5E-07
v 12.43862629 -2.15847778 9.5E-07
v 12.33108234 -2.11037827 9.5E-07
v 12.6736269 -2.27584457 9.5E-07
v 12.89803791 -2.40638351 9.5E-07
v 13.31141376 -2.69374084 9.5E-07
v 13.67524433 -2.99527359 9.5E-07
v 11.65675068 -1.4683609 2.5
v 11.65629292 -1.58920288 3.33332777
v 11.65629292 -1.58920288 1.66665649
v 11.67626667 -1.68224716 3.33332777
v 11.67626667 -1.68224716 1.66665649
v 11.71357441 -1.76976013 3.33332777
v 11.71357441 -1.76976013 1.66665649
v 11.76681232 -1.8486557 3.33332777
v 11.76681232 -1.8486557 1.66665649
v 11.833951 -1.91609573 3.33332777
v 11.833951 -1.91609573 1.66665649
v 11.8828249 -1.95175934 3.33332777
v 11.8828249 -1.95175934 1.66665649
v 11.96748066 -1.99526596 3.33332777
v 11.96748066 -1.99526596 1.66665649
v 11.968503 -1.99575424 9.5E-07
v 11.88474751 -1.95303345 9.5E-07
v 11.8104372 -1.89535141 9.5E-07
v 11.74828815 -1.82483673 9.5E-07
v 11.70037556 -1.74382019 9.5E-07
v 11.66851521 -1.65533066 9.5E-07
v 11.65379047 -1.56238937 9.5E-07
v 11.65675068 -1.4683609 9.5E-07
v 11.67005634 -1.35866165 9.5E-07
v 11.67005634 -1.35866165 2.5
v 11.66573811 -1.3952446 9.5E-07
v 11.6612978 -1.43180847 9.5E-07
v 11.65675068 1.47372437 9.5E-07
v 11.65675068 1.47372437 2.5
v 11.6612978 1.43717194 9.5E-07
v 11.66573811 1.40060425 9.5E-07
v 11.67005634 1.36402512 2.5
v 11.67005634 1.36402512 9.5E-07
v 12.19294453 0.92264938 9.5E-07
v 12.19294453 0.92264938 2.5
v 12.37637043 0.91630173 9.5E-07
v 12.59437275 0.88108063 9.5E-07
v 12.47845173 0.90204239 9.5E-07
v 12.85064411 0.82336426 9.5E-07
v 13.0997591 0.75032043 9.5E-07
v 13.56991291 0.57024384 9.5E-07
v 13.99531269 0.36454391 9.5E-07
v 11.6985445 1.24658966 3.33332777
v 11.6985445 1.24658966 1.66665649
v 11.740201 1.161026 3.33332777
v 11.740201 1.161026 1.66665649
v 11.79737568 1.08498764 3.33332777
v 11.79737568 1.08498764 1.66665649
v 11.86794758 1.02112579 3.33332777
v 11.86794758 1.02112579 1.66665649
v 11.94926167 0.97171021 3.33332777
v 11.94926167 0.97171021 1.66665649
v 12.00526142 0.94878387 3.33332777
v 12.00526142 0.94878387 1.66665649
v 12.09786701 0.92679596 3.33332777
v 12.09786701 0.92679596 1.66665649
v 12.0989809 0.92656708 9.5E-07
v 12.00742817 0.94800186 9.5E-07
v 11.92147541 0.98622131 9.5E-07
v 11.84425068 1.03981781 9.5E-07
v 11.77834797 1.1070137 9.5E-07
v 11.7262392 1.18531036 9.5E-07
v 11.68970966 1.27202606 9.5E-07
v 12.19294453 -0.91728592 2.5
v 12.33485126 -0.91583633 9.5E-07
v 12.49744892 -0.89699936 9.5E-07
v 12.19294453 -0.91728592 9.5E-07
v 12.68484211 -0.85998917 9.5E-07
v 12.90113544 -0.80403137 9.5E-07
v 13.14672565 -0.72802734 9.5E-07
v 13.41227436 -0.62976456 9.5E-07
v 13.69564533 -0.50741196 9.5E-07
v 13.99531269 -0.35918045 9.5E-07
v 11.6896944 -1.2666893 9.5E-07
v 11.6985445 -1.2412262 1.66665649
v 11.6985445 -1.2412262 3.33332777
v 11.740201 -1.15566635 1.66665649
v 11.740201 -1.15566635 3.33332777
v 11.79737568 -1.07962418 1.66665649
v 11.79737568 -1.07962418 3.33332777
v 11.86794758 -1.01576233 1.66665649
v 11.86794758 -1.01576233 3.33332777
v 11.94926167 -0.96634674 1.66665649
v 11.94926167 -0.96634674 3.33332777
v 12.00526142 -0.94342041 1.66665649
v 12.00526142 -0.94342041 3.33332777
v 12.09786701 -0.9214325 1.66665649
v 12.09786701 -0.9214325 3.33332777
v 11.72619343 -1.18004227 9.5E-07
v 11.77830219 -1.10171509 9.5E-07
v 11.84409809 -1.03458786 9.5E-07
v 11.92139912 -0.98089981 9.5E-07
v 12.00733662 -0.94267273 9.5E-07
v 12.09895039 -0.92120743 9.5E-07
v -11.65675068 1.47372437 2.5
v -11.6612978 1.43717194 9.5E-07
v -11.66573811 1.40060425 9.5E-07
v -11.65675068 1.47372437 9.5E-07
v 11.61846638 3.81387711 9.5E-07
v 11.61846638 3.81387711 2.5
v 11.79809284 3.85161591 9.5E-07
v 12.01818562 3.86958694 9.5E-07
v 11.90061665 3.86219788 9.5E-07
v 12.28081989 3.87487793 9.5E-07
v 12.54018879 3.86357498 9.5E-07
v 13.03976154 3.80124283 9.5E-07
v 13.50204182 3.70332718 9.5E-07
v 11.00515461 4.11729813 2.5
v 11.06092548 4.01008987 3.33332777
v 11.06092548 4.01008987 1.66665649
v 11.12183857 3.9369812 3.33332777
v 11.12183857 3.9369812 1.66665649
v 11.19555378 3.87683487 3.33332777
v 11.19555378 3.87683487 1.66665649
v 11.27935505 3.83171844 3.33332777
v 11.27935505 3.83171844 1.66665649
v 11.37014484 3.80319977 3.33332777
v 11.37014484 3.80319977 1.66665649
v 11.42998981 3.79433823 3.33332777
v 11.42998981 3.79433823 1.66665649
v 11.52515888 3.79515076 3.33332777
v 11.52515888 3.79515076 1.66665649
v 11.52630329 3.79519653 9.5E-07
v 11.43229389 3.79410172 9.5E-07
v 11.33967304 3.81063843 9.5E-07
v 11.25187397 3.84419632 9.5E-07
v 11.1718111 3.89366913 9.5E-07
v 11.10247517 3.95721817 9.5E-07
v 11.04624653 4.03266907 9.5E-07
v 11.00515461 4.11729813 9.5E-07
v 12.05880451 2.0274086 2.5
v 12.19624043 2.06277847 9.5E-07
v 12.34960651 2.11998367 9.5E-07
v 12.05880451 2.0274086 9.5E-07
v 12.52270222 2.2007637 9.5E-07
v 12.71929646 2.30685043 9.5E-07
v 12.93957233 2.43942261 9.5E-07
v 13.1738863 2.59837723 9.5E-07
v 13.41975117 2.78499222 9.5E-07
v 13.67524433 3.00063705 9.5E-07
v 11.65379047 1.56772614 9.5E-07
v 11.65629292 1.59456635 1.66665649
v 11.65629292 1.59456635 3.33332777
v 11.67626667 1.68761063 1.66665649
v 11.67626667 1.68761063 3.33332777
v 11.71357441 1.7751236 1.66665649
v 11.71357441 1.7751236 3.33332777
v 11.76681232 1.85401917 1.66665649
v 11.76681232 1.85401917 3.33332777
v 11.833951 1.9214592 1.66665649
v 11.833951 1.9214592 3.33332777
v 11.8828249 1.9571228 1.66665649
v 11.8828249 1.9571228 3.33332777
v 11.96748066 2.00062943 1.66665649
v 11.96748066 2.00062943 3.33332777
v 11.66849995 1.66058731 9.5E-07
v 11.70034504 1.74910736 9.5E-07
v 11.74816608 1.83003235 9.5E-07
v 11.81037617 1.90065765 9.5E-07
v 11.88465595 1.95833969 9.5E-07
v 11.96847248 2.00111008 9.5E-07
v 10.96597004 4.22062302 9.5E-07
v 10.96597004 4.22062302 2.5
v 10.97913837 4.18622208 9.5E-07
v 10.9921999 4.15177917 9.5E-07
v 10.71560383 9.01243973 9.5E-07
v 10.55875874 9.19575882 9.5E-07
v 12.45197773 6.40175247 9.5E-07
v 12.56040668 6.18622208 9.5E-07
v 13.56380939 3.47010422 9.5E-07
v 13.62154865 3.23585129 9.5E-07
v 13.99947834 0.1233139 9.5E-07
v 13.99947834 -0.11795044 9.5E-07
v 13.62154865 -3.23048782 9.5E-07
v 13.56380939 -3.46474075 9.5E-07
v 12.45197773 -6.39638519 9.5E-07
v 12.33985615 -6.61001587 9.5E-07
v 10.55875874 -9.19039536 9.5E-07
v 10.39877033 -9.37098694 9.5E-07
v 7.85333014 -11.58719254 9.5E-07
v 5.07707024 -13.04428482 9.5E-07
v 4.85148478 -13.12983704 9.5E-07
v 1.80720448 -13.88018417 9.5E-07
v 1.56770265 -13.90926743 9.5E-07
v -1.56770313 -13.90926743 9.5E-07
v -1.80720496 -13.88018417 9.5E-07
v -4.85148573 -13.12983704 9.5E-07
v -5.07707119 -13.04428482 9.5E-07
v -8.05189323 -11.45013809 9.5E-07
v -10.39877033 -9.37098694 9.5E-07
v -10.55875874 -9.19039536 9.5E-07
v -12.33985615 -6.61001587 9.5E-07
v -12.45197773 -6.39638519 9.5E-07
v -13.56380939 -3.46474075 9.5E-07
v -13.62154865 -3.23048782 9.5E-07
v -13.99947834 -0.11795044 9.5E-07
v -13.99947834 0.1233139 9.5E-07
v -13.56380939 3.47010422 9.5E-07
v -13.50204182 3.70332718 9.5E-07
v -12.45197773 6.40175247 9.5E-07
v -12.33985615 6.61537552 9.5E-07
v -12.22407246 6.82704544 9.5E-07
v -10.55875874 9.19575882 9.5E-07
v -10.39877033 9.37634659 9.5E-07
v -10.23568439 9.55415726 9.5E-07
v -8.05189323 11.45550156 9.5E-07
v -7.85333109 11.592556 9.5E-07
v -7.65244913 11.72616959 9.5E-07
v -5.07707119 13.04964828 9.5E-07
v -4.85148573 13.13519669 9.5E-07
v -4.62446547 13.2168541 9.5E-07
v -1.56770313 13.91463089 9.5E-07
v -1.32772815 13.93957901 9.5E-07
v 1.56770265 13.91463089 9.5E-07
v 1.80720448 13.88554764 9.5E-07
v 2.04617238 13.85234451 9.5E-07
v 4.85148478 13.13519669 9.5E-07
v 5.07707024 13.04964828 9.5E-07
v 5.30116081 12.96021652 9.5E-07
v 7.85333014 11.592556 9.5E-07
v 8.05189323 11.45550156 9.5E-07
v 8.24806023 11.3150444 9.5E-07
v 10.39877033 9.37634659 9.5E-07
v 12.33985615 6.61537552 9.5E-07
v 12.22407246 6.82704544 9.5E-07
v 10.23568439 9.55415726 9.5E-07
v 7.65244818 11.72616959 9.5E-07
v 4.62446451 13.2168541 9.5E-07
v 1.32772768 13.93957901 9.5E-07
v -1.80720496 13.88554764 9.5E-07
v -2.04617286 13.85234451 9.5E-07
v -5.30116177 12.96021652 9.5E-07
v -8.24806023 11.3150444 9.5E-07
v -10.71560383 9.01243973 9.5E-07
v -12.56040668 6.18622208 9.5E-07
v -13.62154865 3.23585129 9.5E-07
v -13.67524433 3.00063705 9.5E-07
v -7.85333109 -11.58719254 9.5E-07
v 8.05189323 -11.45013809 9.5E-07
v 11.22384357 4.85443497 2.5
v 11.34882832 4.92166519 9.5E-07
v 11.4840517 5.0139122 9.5E-07
v 11.22384357 4.85443497 9.5E-07
v 11.63277912 5.13376999 9.5E-07
v 11.79827595 5.28382492 9.5E-07
v 11.98042011 5.46525955 9.5E-07
v 12.1698885 5.67567062 9.5E-07
v 12.36393452 5.91569901 9.5E-07
v 10.94062519 4.31118393 9.5E-07
v 10.93662739 4.33784485 1.66665649
v 10.93662739 4.33784485 3.33332777
v 10.93374348 4.43296051 1.66665649
v 10.93374348 4.43296051 3.33332777
v 10.94903278 4.5268631 1.66665649
v 10.94903278 4.5268631 3.33332777
v 10.98183918 4.61621094 1.66665649
v 10.98183918 4.61621094 3.33332777
v 11.03088093 4.69775391 1.66665649
v 11.03088093 4.69775391 3.33332777
v 11.0698061 4.74407578 1.66665649
v 11.0698061 4.74407578 3.33332777
v 11.14158344 4.80657959 1.66665649
v 11.14158344 4.80657959 3.33332777
v 10.9326601 4.40486908 9.5E-07
v 10.94241047 4.49843597 9.5E-07
v 10.9694643 4.58845139 9.5E-07
v 11.01296711 4.67191315 9.5E-07
v 11.0712862 4.74569702 9.5E-07
v 11.14243793 4.80728149 9.5E-07
v 10.36878681 6.48361588 9.5E-07
v 10.36878681 6.48361588 2.5
v 10.53416157 6.56324387 9.5E-07
v 10.74355793 6.63336563 9.5E-07
v 10.63116169 6.59805679 9.5E-07
v 10.99728107 6.70135117 9.5E-07
v 11.25181293 6.75245285 9.5E-07
v 11.75179768 6.81148148 9.5E-07
v 9.70068169 6.63144302 2.5
v 9.78046989 6.54069901 3.33332777
v 9.78046989 6.54069901 1.66665649
v 9.85711479 6.48429489 3.33332777
v 9.85711479 6.48429489 1.66665649
v 9.94308281 6.44353104 3.33332777
v 9.94308281 6.44353104 1.66665649
v 10.0352602 6.41978073 3.33332777
v 10.0352602 6.41978073 1.66665649
v 10.13021564 6.41381454 3.33332777
v 10.13021564 6.41381454 1.66665649
v 10.19045734 6.41953659 3.33332777
v 10.19045734 6.41953659 1.66665649
v 10.28266621 6.44310379 3.33332777
v 10.28266621 6.44310379 1.66665649
v 10.28376484 6.4434166 9.5E-07
v 10.19274616 6.41985703 9.5E-07
v 10.09885883 6.41375351 9.5E-07
v 10.00558186 6.42531967 9.5E-07
v 9.91599846 6.45419693 9.5E-07
v 9.83347893 6.49930191 9.5E-07
v 9.76083183 6.55910873 9.5E-07
v 9.70068169 6.63144302 9.5E-07
v 9.63790703 6.72238541 9.5E-07
v 9.63790703 6.72238541 2.5
v 9.65891838 6.69213486 9.5E-07
v 9.67985344 6.66182327 9.5E-07
v 9.73660088 7.39949417 2.5
v 9.841856 7.49468613 9.5E-07
v 9.95107841 7.61661148 9.5E-07
v 9.73660088 7.39949417 9.5E-07
v 10.06680012 7.76857376 9.5E-07
v 10.19158649 7.9538765 9.5E-07
v 10.32500935 8.17362595 9.5E-07
v 10.4586153 8.42326736 9.5E-07
v 10.58959675 8.7027626 9.5E-07
v 9.59161186 6.80424881 9.5E-07
v 9.58135796 6.82917404 1.66665649
v 9.58135796 6.82917404 3.33332777
v 9.55579948 6.92084122 1.66665649
v 9.55579948 6.92084122 3.33332777
v 9.54815483 7.01567459 1.66665649
v 9.54815483 7.01567459 3.33332777
v 9.55863762 7.11027908 1.66665649
v 9.55863762 7.11027908 3.33332777
v 9.58674431 7.20118332 1.66665649
v 9.58674431 7.20118332 3.33332777
v 9.61344719 7.25548172 1.66665649
v 9.61344719 7.25548172 3.33332777
v 9.66818047 7.33333969 1.66665649
v 9.66818047 7.33333969 3.33332777
v 9.56147575 6.89330673 9.5E-07
v 9.5485363 6.98648453 9.5E-07
v 9.55326653 7.08036423 9.5E-07
v 9.5755291 7.17181015 9.5E-07
v 9.61450005 7.25741196 9.5E-07
v 9.66885185 7.33423233 9.5E-07
v 8.51649284 8.7767067 9.5E-07
v 8.51649284 8.7767067 2.5
v 8.65800285 8.89359665 9.5E-07
v 8.84454155 9.01179123 9.5E-07
v 8.74386406 8.95061111 9.5E-07
v 9.07462883 9.1385231 9.5E-07
v 9.30953789 9.24905014 9.5E-07
v 9.78085136 9.42602158 9.5E-07
v 7.83242559 8.76034927 2.5
v 7.93162298 8.69133377 3.33332777
v 7.93162298 8.69133377 1.66665649
v 8.0195446 8.65491104 3.33332777
v 8.0195446 8.65491104 1.66665649
v 8.11276054 8.63590622 3.33332777
v 8.11276054 8.63590622 1.66665649
v 8.20792961 8.63490677 3.33332777
v 8.20792961 8.63490677 1.66665649
v 8.3015728 8.65184402 3.33332777
v 8.3015728 8.65184402 1.66665649
v 8.35868645 8.67181015 3.33332777
v 8.35868645 8.67181015 1.66665649
v 8.44257927 8.71675491 3.33332777
v 8.44257927 8.71675491 1.66665649
v 8.44357109 8.71732712 9.5E-07
v 8.36082268 8.67266464 9.5E-07
v 8.27114677 8.64427567 9.5E-07
v 8.17780876 8.63318253 9.5E-07
v 8.08392143 8.63978195 9.5E-07
v 7.99299383 8.6638298 9.5E-07
v 7.90813971 8.70450974 9.5E-07
v 7.83242559 8.76034927 9.5E-07
v 7.7497077 8.83362961 9.5E-07
v 7.7497077 8.83362961 2.5
v 7.77735662 8.80928421 9.5E-07
v 7.80492926 8.78486252 9.5E-07
v 7.68349981 9.51467514 2.5
v 7.76292181 9.63228989 9.5E-07
v 7.83978033 9.77681351 9.5E-07
v 7.68349981 9.51467514 9.5E-07
v 7.91578436 9.9520607 9.5E-07
v 7.99258184 10.16183853 9.5E-07
v 8.06954765 10.4071312 9.5E-07
v 8.13952446 10.68149185 9.5E-07
v 8.19981194 10.98421097 9.5E-07
v 7.68517828 8.90203476 9.5E-07
v 7.6692481 8.92377853 1.66665649
v 7.6692481 8.92377853 3.33332777
v 7.62249517 9.00666428 1.66665649
v 7.62249517 9.00666428 3.33332777
v 7.59238958 9.09691238 1.66665649
v 7.59238958 9.09691238 3.33332777
v 7.57992315 9.19127274 1.66665649
v 7.57992315 9.19127274 3.33332777
v 7.58544683 9.28626633 1.66665649
v 7.58544683 9.28626633 3.33332777
v 7.59838629 9.34537888 1.66665649
v 7.59838629 9.34537888 3.33332777
v 7.63290167 9.43407059 1.66665649
v 7.63290167 9.43407059 3.33332777
v 7.63459539 8.98128891 9.5E-07
v 7.59974432 9.06866837 9.5E-07
v 7.58187628 9.16094589 9.5E-07
v 7.58160162 9.2550621 9.5E-07
v 7.59895086 9.34749985 9.5E-07
v 7.63332891 9.43509293 9.5E-07
v 6.16926384 10.5598793 9.5E-07
v 6.16926384 10.5598793 2.5
v 6.27868462 10.70723343 9.5E-07
v 6.43151665 10.866642 9.5E-07
v 6.34840202 10.7831459 9.5E-07
v 6.62458611 11.04475784 9.5E-07
v 6.82621574 11.20828629 9.5E-07
v 7.24148321 11.49290848 9.5E-07
v 5.50898552 10.38029099 2.5
v 5.62180901 10.33702469 3.33332825
v 5.62180901 10.33702469 1.66665649
v 5.7158947 10.32269669 3.33332825
v 5.7158947 10.32269669 1.66665649
v 5.81095695 10.32654953 3.33332825
v 5.81095695 10.32654953 1.66665649
v 5.90360832 10.34835434 3.33332825
v 5.90360832 10.34835434 1.66665649
v 5.99046135 10.38721085 3.33332825
v 5.99046135 10.38721085 1.66665649
v 6.04113579 10.42026901 3.33332825
v 6.04113579 10.42026901 1.66665649
v 6.11184502 10.48398209 3.33332825
v 6.11184502 10.48398209 1.66665649
v 6.11265373 10.48477554 9.5E-07
v 6.04301262 10.42161179 9.5E-07
v 5.96273613 10.37257767 9.5E-07
v 5.87475395 10.33947372 9.5E-07
v 5.78202629 10.32341385 9.5E-07
v 5.68798637 10.32500076 9.5E-07
v 5.59585381 10.34418869 9.5E-07
v 5.50898552 10.38029099 9.5E-07
v 5.41114616 10.43164444 9.5E-07
v 5.41114616 10.43164444 2.5
v 5.44381523 10.41463089 9.5E-07
v 5.47642326 10.39751053 9.5E-07
v 5.1838665 11.0770607 2.5
v 5.23283195 11.2102623 9.5E-07
v 5.27287102 11.36897659 9.5E-07
v 5.1838665 11.0770607 9.5E-07
v 5.30471611 11.55731583 9.5E-07
v 5.32909966 11.77938461 9.5E-07
v 5.34510612 12.03596878 9.5E-07
v 5.3474102 12.31910324 9.5E-07
v 5.33349419 12.62745285 9.5E-07
v 5.33210564 10.48261642 9.5E-07
v 5.31142998 10.49991989 1.66665649
v 5.31142998 10.49991989 3.33332825
v 5.24619865 10.56921005 1.66665649
v 5.24619865 10.56921005 3.33332825
v 5.19537163 10.6496315 1.66665649
v 5.19537163 10.6496315 3.33332825
v 5.1606884 10.73826981 1.66665649
v 5.1606884 10.73826981 3.33332825
v 5.1433239 10.83182144 1.66665649
v 5.1433239 10.83182144 3.33332825
v 5.14173698 10.89230728 1.66665649
v 5.14173698 10.89230728 3.33332825
v 5.15402031 10.98668289 1.66665649
v 5.15402031 10.98668289 3.33332825
v 5.26403618 10.54746628 9.5E-07
v 5.20927238 10.62395859 9.5E-07
v 5.16984367 10.70928574 9.5E-07
v 5.14704704 10.80060196 9.5E-07
v 5.14178276 10.89450455 9.5E-07
v 5.15420341 10.98778152 9.5E-07
v 3.46350002 11.72950363 9.5E-07
v 3.46350002 11.72950363 2.5
v 3.53446841 11.89876938 9.5E-07
v 3.64471316 12.09011459 9.5E-07
v 3.58399844 11.98915482 9.5E-07
v 3.78954959 12.30926132 9.5E-07
v 3.94618106 12.51629257 9.5E-07
v 4.28127909 12.89202499 9.5E-07
v 2.86538601 11.39712143 2.5
v 2.98528957 11.38211441 3.33332825
v 2.98528957 11.38211441 1.66665649
v 3.08006191 11.39072037 3.33332825
v 3.08006191 11.39072037 1.66665649
v 3.17143154 11.41720963 3.33332825
v 3.17143154 11.41720963 1.66665649
v 3.25617886 11.46055984 3.33332825
v 3.25617886 11.46055984 1.66665649
v 3.33120632 11.51906204 3.33332825
v 3.33120632 11.51906204 1.66665649
v 3.37251186 11.56328964 3.33332825
v 3.37251186 11.56328964 1.66665649
v 3.42590237 11.6420784 3.33332825
v 3.42590237 11.6420784 1.66665649
v 3.42651272 11.6430397 9.5E-07
v 3.37400723 11.5650444 9.5E-07
v 3.30778408 11.49822617 9.5E-07
v 3.23028469 11.4450264 9.5E-07
v 3.14408779 11.40723801 9.5E-07
v 3.05241299 11.38628006 9.5E-07
v 2.95837307 11.38286209 9.5E-07
v 2.86538601 11.39712143 9.5E-07
v 2.7580862 11.42356491 9.5E-07
v 2.7580862 11.42356491 2.5
v 2.79388332 11.4148674 9.5E-07
v 2.82964993 11.40604782 9.5E-07
v 2.38294911 11.99583817 2.5
v 2.39861989 12.13688278 9.5E-07
v 2.39952016 12.30057907 9.5E-07
v 2.38294911 11.99583817 9.5E-07
v 2.38537526 12.49106216 9.5E-07
v 2.35589528 12.71251297 9.5E-07
v 2.31004262 12.96547318 9.5E-07
v 2.24450612 13.24092484 9.5E-07
v 2.15719533 13.53698349 9.5E-07
v 2.66915798 11.45414352 9.5E-07
v 2.64494228 11.4659996 1.66665649
v 2.64494228 11.4659996 3.33332825
v 2.56503201 11.51766586 1.66665649
v 2.56503201 11.51766586 3.33332825
v 2.49642873 11.58358383 1.66665649
v 2.49642873 11.58358383 3.33332825
v 2.44154286 11.66134262 1.66665649
v 2.44154286 11.66134262 3.33332825
v 2.402282 11.7480278 1.66665649
v 2.402282 11.7480278 3.33332825
v 2.38627553 11.80637741 1.66665649
v 2.38627553 11.80637741 3.33332825
v 2.37560964 11.90095139 1.66665649
v 2.37560964 11.90095139 3.33332825
v 2.58753872 11.50082016 9.5E-07
v 2.51606655 11.56198502 9.5E-07
v 2.45735097 11.63539505 9.5E-07
v 2.41337514 11.71860886 9.5E-07
v 2.38578725 11.80852127 9.5E-07
v 2.37551808 11.90205765 9.5E-07
v 0.55644184 12.21761703 9.5E-07
v 0.5564419 12.21761703 2.5
v 0.58485371 12.39894485 9.5E-07
v 0.64608717 12.61111069 9.5E-07
v 0.61131245 12.49856186 9.5E-07
v 0.73426771 12.85855484 9.5E-07
v 0.83680677 13.09705734 9.5E-07
v 1.07224989 13.54206467 9.5E-07
v 0.05525187 11.75175095 2.5
v 0.17526224 11.76587296 3.33332825
v 0.17526218 11.76587296 1.66665649
v 0.26522803 11.79690933 3.33332825
v 0.26522797 11.79690933 1.66665649
v 0.34759495 11.8445015 3.33332825
v 0.34759489 11.8445015 1.66665649
v 0.41950962 11.90686417 3.33332825
v 0.41950956 11.90686417 1.66665649
v 0.47836274 11.98163223 3.33332825
v 0.47836268 11.98163223 1.66665649
v 0.50787324 12.03445816 3.33332825
v 0.50787318 12.03445816 1.66665649
v 0.54086274 12.12372971 3.33332825
v 0.54086268 12.12372971 1.66665649
v 0.54122883 12.12480545 9.5E-07
v 0.50891072 12.0365181 9.5E-07
v 0.46060139 11.95579147 9.5E-07
v 0.39808616 11.88559341 9.5E-07
v 0.32344016 11.82827377 9.5E-07
v 0.23944058 11.78598404 9.5E-07
v 0.14895599 11.76015854 9.5E-07
v 0.05525178 11.75175095 9.5E-07
v -0.05525234 11.75175095 9.5E-07
v -0.05525225 11.75175095 2.5
v -0.01841763 11.75186539 9.5E-07
v 0.01841708 11.75186539 9.5E-07
v -0.55644238 12.21761703 2.5
v -0.57498187 12.35831833 9.5E-07
v -0.61328143 12.5174675 9.5E-07
v -0.55644244 12.21761703 9.5E-07
v -0.67260754 12.69903183 9.5E-07
v -0.7542268 12.90698624 9.5E-07
v -0.85928357 13.14162827 9.5E-07
v -0.98883063 13.39339828 9.5E-07
v -1.14445496 13.65995407 9.5E-07
v -0.14892603 11.76015854 9.5E-07
v -0.17526263 11.76587296 1.66665649
v -0.17526257 11.76587296 3.33332825
v -0.26522845 11.79690933 1.66665649
v -0.26522839 11.79690933 3.33332825
v -0.34759536 11.8445015 1.66665649
v -0.3475953 11.8445015 3.33332825
v -0.41951004 11.90686417 1.66665649
v -0.41950998 11.90686417 3.33332825
v -0.47836316 11.98163223 1.66665649
v -0.4783631 11.98163223 3.33332825
v -0.50787365 12.03445816 1.66665649
v -0.50787359 12.03445816 3.33332825
v -0.54086316 12.12372971 1.66665649
v -0.5408631 12.12372971 3.33332825
v -0.23933433 11.78594589 9.5E-07
v -0.32337973 11.828228 9.5E-07
v -0.39793417 11.88545609 9.5E-07
v -0.46055621 11.95572281 9.5E-07
v -0.50886554 12.03641891 9.5E-07
v -0.54121417 12.12478256 9.5E-07
v -2.38294959 11.99583817 9.5E-07
v -2.38294959 11.99583817 2.5
v -2.39877295 12.17869949 9.5E-07
v -2.39007545 12.39934921 9.5E-07
v -2.39691138 12.28174973 9.5E-07
v -2.36367774 12.66070938 9.5E-07
v -2.32119727 12.91682053 9.5E-07
v -2.19909644 13.40523911 9.5E-07
v -2.75808668 11.42356491 2.5
v -2.64494276 11.4659996 3.33332825
v -2.64494276 11.4659996 1.66665649
v -2.56503248 11.51766586 3.33332825
v -2.56503248 11.51766586 1.66665649
v -2.4964292 11.58358383 3.33332825
v -2.4964292 11.58358383 1.66665649
v -2.44154334 11.66134262 3.33332825
v -2.44154334 11.66134262 1.66665649
v -2.40228248 11.7480278 3.33332825
v -2.40228248 11.7480278 1.66665649
v -2.38627601 11.80637741 3.33332825
v -2.38627601 11.80637741 1.66665649
v -2.37561011 11.90095139 3.33332825
v -2.37561011 11.90095139 1.66665649
v -2.37551856 11.90208054 9.5E-07
v -2.38575721 11.80862045 9.5E-07
v -2.4133451 11.71868515 9.5E-07
v -2.45724463 11.63557053 9.5E-07
v -2.51600599 11.56204605 9.5E-07
v -2.58744764 11.5008812 9.5E-07
v -2.66912794 11.45415878 9.5E-07
v -2.75808668 11.42356491 9.5E-07
v -2.86538649 11.39712143 9.5E-07
v -2.86538649 11.39712143 2.5
v -2.8296504 11.40604782 9.5E-07
v -2.7938838 11.4148674 9.5E-07
v -3.4635005 11.72950363 2.5
v -3.51516652 11.86168289 9.5E-07
v -3.59043813 12.00703812 9.5E-07
v -3.4635005 11.72950363 9.5E-07
v -3.69149709 12.16913223 9.5E-07
v -3.82051015 12.35151291 9.5E-07
v -3.9786675 12.5541954 9.5E-07
v -4.16470289 12.76764297 9.5E-07
v -4.37959242 12.98921585 9.5E-07
v -2.95834303 11.38286209 9.5E-07
v -2.98529005 11.38211441 1.66665649
v -2.98529005 11.38211441 3.33332825
v -3.08006239 11.39072037 1.66665649
v -3.08006239 11.39072037 3.33332825
v -3.17143202 11.41720963 1.66665649
v -3.17143202 11.41720963 3.33332825
v -3.25617933 11.46055984 1.66665649
v -3.25617933 11.46055984 3.33332825
v -3.3312068 11.51906204 1.66665649
v -3.3312068 11.51906204 3.33332825
v -3.37251234 11.56328964 1.66665649
v -3.37251234 11.56328964 3.33332825
v -3.42590284 11.6420784 1.66665649
v -3.42590284 11.6420784 3.33332825
v -3.05230665 11.3862648 9.5E-07
v -3.14401197 11.40721512 9.5E-07
v -3.23011732 11.44492722 9.5E-07
v -3.30772352 11.49817276 9.5E-07
v -3.37393141 11.56496048 9.5E-07
v -3.42649794 11.64301682 9.5E-07
v -5.18386745 11.0770607 9.5E-07
v -5.18386745 11.0770607 2.5
v -5.24298 11.25082016 9.5E-07
v -5.2873373 11.46714401 9.5E-07
v -5.26583767 11.35132217 9.5E-07
v -5.32424831 11.72722244 9.5E-07
v -5.34429836 11.98605728 9.5E-07
v -5.34263515 12.48950577 9.5E-07
v -5.41114712 10.43164444 2.5
v -5.31143093 10.49991989 3.33332825
v -5.31143093 10.49991989 1.66665649
v -5.24619961 10.56921005 3.33332825
v -5.24619961 10.56921005 1.66665649
v -5.19537258 10.6496315 3.33332825
v -5.19537258 10.6496315 1.66665649
v -5.16068935 10.73826981 3.33332825
v -5.16068935 10.73826981 1.66665649
v -5.14332485 10.83182144 3.33332825
v -5.14332485 10.83182144 1.66665649
v -5.14173794 10.89230728 3.33332825
v -5.14173794 10.89230728 1.66665649
v -5.15402126 10.98668289 3.33332825
v -5.15402126 10.98668289 1.66665649
v -5.15420437 10.98781204 9.5E-07
v -5.14178371 10.89461136 9.5E-07
v -5.14703274 10.80068588 9.5E-07
v -5.16976833 10.7094841 9.5E-07
v -5.20922756 10.62403488 9.5E-07
v -5.26396084 10.5475502 9.5E-07
v -5.33207607 10.48263168 9.5E-07
v -5.41114712 10.43164444 9.5E-07
v -5.50898647 10.38029099 9.5E-07
v -5.50898647 10.38029099 2.5
v -5.47642422 10.39751053 9.5E-07
v -5.44381618 10.41463089 9.5E-07
v -6.16926479 10.5598793 2.5
v -6.25106716 10.6758461 9.5E-07
v -6.3589468 10.79896164 9.5E-07
v -6.16926479 10.5598793 9.5E-07
v -6.49584866 10.93216324 9.5E-07
v -6.66476345 11.07837296 9.5E-07
v -6.86682034 11.2373085 9.5E-07
v -7.09853983 11.40003586 9.5E-07
v -7.3602128 11.56373978 9.5E-07
v -5.5958395 10.34420395 9.5E-07
v -5.62180996 10.33702469 1.66665649
v -5.62180996 10.33702469 3.33332825
v -5.71589565 10.32269669 1.66665649
v -5.71589565 10.32269669 3.33332825
v -5.81095791 10.32654953 1.66665649
v -5.81095791 10.32654953 3.33332825
v -5.90360928 10.34835434 1.66665649
v -5.90360928 10.34835434 3.33332825
v -5.9904623 10.38721085 1.66665649
v -5.9904623 10.38721085 3.33332825
v -6.04113674 10.42026901 1.66665649
v -6.04113674 10.42026901 3.33332825
v -6.11184597 10.48398209 1.66665649
v -6.11184597 10.48398209 3.33332825
v -5.68788052 10.32501602 9.5E-07
v -5.78193569 10.32340622 9.5E-07
v -5.87455654 10.33942032 9.5E-07
v -5.96266079 10.37253952 9.5E-07
v -6.04293728 10.42154312 9.5E-07
v -6.11263943 10.48475266 9.5E-07
v -7.68350077 9.51467514 9.5E-07
v -7.68350077 9.51467514 2.5
v -7.78248453 9.66924667 9.5E-07
v -7.87733316 9.86866379 9.5E-07
v -7.82873392 9.76135635 9.5E-07
v -7.9754014 10.11235428 9.5E-07
v -8.05680656 10.35887527 9.5E-07
v -8.17568779 10.84808731 9.5E-07
v -7.74970865 8.83362961 2.5
v -7.66924906 8.92377853 3.33332872
v -7.66924906 8.92377853 1.66665649
v -7.62249613 9.00666428 3.33332872
v -7.62249613 9.00666428 1.66665649
v -7.59239054 9.09691238 3.33332872
v -7.59239054 9.09691238 1.66665649
v -7.57992411 9.19127274 3.33332872
v -7.57992411 9.19127274 1.66665649
v -7.58544779 9.28626633 3.33332872
v -7.58544779 9.28626633 1.66665649
v -7.59838724 9.34537888 3.33332872
v -7.59838724 9.34537888 1.66665649
v -7.63290262 9.43407059 3.33332872
v -7.63290262 9.43407059 1.66665649
v -7.63334513 9.43512344 9.5E-07
v -7.59898233 9.34760666 9.5E-07
v -7.58160257 9.25514603 9.5E-07
v -7.58184671 9.16115189 9.5E-07
v -7.59971476 9.06874466 9.5E-07
v -7.63455057 8.98138809 9.5E-07
v -7.68516397 8.90205765 9.5E-07
v -7.74970865 8.83362961 9.5E-07
v -7.83242655 8.76034927 9.5E-07
v -7.83242655 8.76034927 2.5
v -7.80493021 8.78486252 9.5E-07
v -7.77735758 8.80928421 9.5E-07
v -8.51649284 8.7767067 2.5
v -8.62368584 8.86972427 9.5E-07
v -8.75788689 8.96345139 9.5E-07
v -8.51649284 8.7767067 9.5E-07
v -8.92268181 9.06001663 9.5E-07
v -9.12168694 9.16154861 9.5E-07
v -9.35590935 9.26751328 9.5E-07
v -9.61984062 9.37005234 9.5E-07
v -9.91308403 9.4663887 9.5E-07
v -7.90811014 8.70452499 9.5E-07
v -7.93162394 8.69133377 1.66665649
v -7.93162394 8.69133377 3.33332872
v -8.0195446 8.65491104 1.66665649
v -8.0195446 8.65491104 3.33332872
v -8.11276054 8.63590622 1.66665649
v -8.11276054 8.63590622 3.33332872
v -8.20794487 8.63490677 1.66665649
v -8.20794487 8.63490677 3.33332872
v -8.3015728 8.65184402 1.66665649
v -8.3015728 8.65184402 3.33332872
v -8.35868645 8.67181015 1.66665649
v -8.35868645 8.67181015 3.33332872
v -8.44257927 8.71675491 1.66665649
v -8.44257927 8.71675491 3.33332872
v -7.99288797 8.66386795 9.5E-07
v -8.08382988 8.63979721 9.5E-07
v -8.17759514 8.63318253 9.5E-07
v -8.27105522 8.64425278 9.5E-07
v -8.36073112 8.6726265 9.5E-07
v -8.44354057 8.71731186 9.5E-07
v -9.73660088 7.39949417 9.5E-07
v -9.73660088 7.39949417 2.5
v -9.86968803 7.52588272 9.5E-07
v -10.00950336 7.69681168 9.5E-07
v -9.9366436 7.60424423 9.5E-07
v -10.16305256 7.90994644 9.5E-07
v -10.30109882 8.12981796 9.5E-07
v -10.53358173 8.57636642 9.5E-07
v -9.63790703 6.72238541 2.5
v -9.58135796 6.82917404 3.33332872
v -9.58135796 6.82917404 1.66665649
v -9.55579948 6.92084122 3.33332872
v -9.55579948 6.92084122 1.66665649
v -9.54815483 7.01567459 3.33332872
v -9.54815483 7.01567459 1.66665649
v -9.55863762 7.11027908 3.33332872
v -9.55863762 7.11027908 1.66665649
v -9.58674431 7.20118332 3.33332872
v -9.58674431 7.20118332 1.66665649
v -9.61344719 7.25548172 3.33332872
v -9.61344719 7.25548172 1.66665649
v -9.66818047 7.33333969 3.33332872
v -9.66818047 7.33333969 1.66665649
v -9.66886711 7.33424759 9.5E-07
v -9.61456108 7.25750351 9.5E-07
v -9.57555962 7.17189407 9.5E-07
v -9.55329704 7.08057022 9.5E-07
v -9.5485363 6.98656845 9.5E-07
v -9.56144524 6.89341354 9.5E-07
v -9.5915966 6.8042717 9.5E-07
v -9.63790703 6.72238541 9.5E-07
v -9.70068169 6.63144302 9.5E-07
v -9.70068169 6.63144302 2.5
v -9.67985344 6.66182327 9.5E-07
v -9.65891838 6.69213486 9.5E-07
v -10.36878681 6.48361588 2.5
v -10.49511433 6.54828262 9.5E-07
v -10.64783955 6.60716629 9.5E-07
v -10.36878681 6.48361588 9.5E-07
v -10.83097553 6.66147995 9.5E-07
v -11.04848957 6.71244431 9.5E-07
v -11.30126667 6.75928116 9.5E-07
v -11.58205891 6.795681 9.5E-07
v -11.88982868 6.81903458 9.5E-07
v -9.76080132 6.55912399 9.5E-07
v -9.78048515 6.54069901 1.66665649
v -9.78048515 6.54069901 3.33332872
v -9.85713005 6.48429489 1.66665649
v -9.85713005 6.48429489 3.33332872
v -9.94308281 6.44353104 1.66665649
v -9.94308281 6.44353104 3.33332872
v -10.0352602 6.41978073 1.66665649
v -10.0352602 6.41978073 3.33332872
v -10.13021564 6.41381454 1.66665649
v -10.13021564 6.41381454 3.33332872
v -10.19045734 6.41953659 1.66665649
v -10.19045734 6.41953659 3.33332872
v -10.28266621 6.44310379 1.66665649
v -10.28266621 6.44310379 3.33332872
v -9.83338737 6.49936295 9.5E-07
v -9.91592216 6.45422745 9.5E-07
v -10.00538349 6.42536545 9.5E-07
v -10.09878254 6.41375351 9.5E-07
v -10.19263935 6.41983414 9.5E-07
v -10.28373432 6.44340897 9.5E-07
v -11.22384357 4.85443497 9.5E-07
v -11.22384357 4.85443497 2.5
v -11.38331318 4.94530106 9.5E-07
v -11.55997944 5.07779694 9.5E-07
v -11.46706867 5.00536346 9.5E-07
v -11.76006794 5.24799347 9.5E-07
v -11.94671345 5.42844391 9.5E-07
v -12.27930927 5.80638123 9.5E-07
v -10.96597004 4.22062302 2.5
v -10.93662739 4.33784485 3.33332872
v -10.93662739 4.33784485 1.66665649
v -10.93374348 4.43296051 3.33332872
v -10.93374348 4.43296051 1.66665649
v -10.94903278 4.5268631 3.33332872
v -10.94903278 4.5268631 1.66665649
v -10.98183918 4.61621094 3.33332872
v -10.98183918 4.61621094 1.66665649
v -11.03088093 4.69775391 3.33332872
v -11.03088093 4.69775391 1.66665649
v -11.0698061 4.74407578 3.33332872
v -11.0698061 4.74407578 1.66665649
v -11.14158344 4.80657959 3.33332872
v -11.14158344 4.80657959 1.66665649
v -11.14246845 4.80729675 9.5E-07
v -11.0713625 4.74577713 9.5E-07
v -11.01301289 4.67198563 9.5E-07
v -10.9695406 4.58864594 9.5E-07
v -10.94242573 4.4985199 9.5E-07
v -10.93267536 4.40497589 9.5E-07
v -10.94060993 4.31121445 9.5E-07
v -10.96597004 4.22062302 9.5E-07
v -11.00515461 4.11729813 9.5E-07
v -11.00515461 4.11729813 2.5
v -10.99221516 4.15177917 9.5E-07
v -10.97913837 4.18622208 9.5E-07
v 1.47289979 0.28656006 9.5E-07
v 1.4999994 0.00268173 9.5E-07
v 1.39254701 0.56017685 9.5E-07
v 1.261886 0.81364441 9.5E-07
v 1.08560133 1.03779984 9.5E-07
v 0.87008619 1.22454453 9.5E-07
v 0.62312275 1.36713028 9.5E-07
v 0.35363731 1.46039963 9.5E-07
v 0.07136507 1.50098419 9.5E-07
v -0.2134707 1.48741531 9.5E-07
v -0.49060076 1.42018127 9.5E-07
v -0.75000012 1.30171967 9.5E-07
v -0.98228461 1.13630676 9.5E-07
v -1.17907715 0.9299202 9.5E-07
v -1.33325183 0.69002151 9.5E-07
v -1.43923938 0.42528152 9.5E-07
v -1.49320972 0.14526749 9.5E-07
v -11.65379047 1.56775284 9.5E-07
v -11.04623127 4.03269196 9.5E-07
v -11.10241413 3.95729828 9.5E-07
v -11.66851521 1.66069412 9.5E-07
v -11.17175007 3.89371872 9.5E-07
v -11.70037556 1.74918365 9.5E-07
v -11.25169086 3.84428787 9.5E-07
v -11.74828815 1.8302002 9.5E-07
v -11.8104372 1.90071487 9.5E-07
v -1.49320972 -0.13990402 9.5E-07
v -1.43923938 -0.41991806 9.5E-07
v -1.33325183 -0.68465805 9.5E-07
v -1.17907715 -0.92455673 9.5E-07
v -0.98228461 -1.1309433 9.5E-07
v -0.75000012 -1.2963562 9.5E-07
v -0.49060076 -1.41481781 9.5E-07
v -0.2134707 -1.48205185 9.5E-07
v 0.07136507 -1.49562073 9.5E-07
v 0.35363731 -1.45503616 9.5E-07
v 0.62312275 -1.36176682 9.5E-07
v 0.87008619 -1.21918106 9.5E-07
v 1.08560133 -1.03243637 9.5E-07
v 1.261886 -0.80828094 9.5E-07
v 1.39254701 -0.55481339 9.5E-07
v 1.47289979 -0.28119659 9.5E-07
v -11.33959675 3.81066132 9.5E-07
v -11.88474751 1.95839691 9.5E-07
v -11.43218708 3.79410934 9.5E-07
v -11.968503 2.00111771 9.5E-07
v -11.52627277 3.79519272 9.5E-07
v -12.05880451 2.0274086 9.5E-07
v -11.61848164 3.81387711 9.5E-07
v -12.23537922 2.07746887 9.5E-07
v -11.75660419 3.84643173 9.5E-07
v -12.33108234 2.11574173 9.5E-07
v -11.91898823 3.86705399 9.5E-07
v -12.43862629 2.16384125 9.5E-07
v -12.10979939 3.87596893 9.5E-07
v -12.6736269 2.28120804 9.5E-07
v -12.33318806 3.87339783 9.5E-07
v -12.89803791 2.41174698 9.5E-07
v -12.58982563 3.85837173 9.5E-07
v -12.87118244 3.82651901 9.5E-07
v -13.31141376 2.69910431 9.5E-07
v -13.17559528 3.77553558 9.5E-07
v -11.61848164 3.81387711 2.5
v -11.06092548 4.01008987 1.66665649
v -11.06092548 4.01008987 3.33332872
v -11.12183857 3.9369812 1.66665649
v -11.12183857 3.9369812 3.33332872
v -11.19555378 3.87683487 1.66665649
v -11.19555378 3.87683487 3.33332872
v -11.27935505 3.83171844 1.66665649
v -11.27935505 3.83171844 3.33332872
v -11.37014484 3.80319977 1.66665649
v -11.37014484 3.80319977 3.33332872
v -11.42998981 3.79433823 1.66665649
v -11.42998981 3.79433823 3.33332872
v -11.52515888 3.79515076 1.66665649
v -11.52515888 3.79515076 3.33332872
v -12.05880451 2.0274086 2.5
v -11.65629292 1.59456635 3.33332872
v -11.65629292 1.59456635 1.66665649
v -11.67626667 1.68761063 3.33332872
v -11.67626667 1.68761063 1.66665649
v -11.71357441 1.7751236 3.33332872
v -11.71357441 1.7751236 1.66665649
v -11.76681232 1.85401917 3.33332872
v -11.76681232 1.85401917 1.66665649
v -11.833951 1.9214592 3.33332872
v -11.833951 1.9214592 1.66665649
v -11.8828249 1.9571228 3.33332872
v -11.8828249 1.9571228 1.66665649
v -11.96748066 2.00062943 3.33332872
v -11.96748066 2.00062943 1.66665649
v -1.0437007 -1.0746727 16.33243942
v -1.22872877 -0.85768127 16.33243942
v -1.36935365 -0.60959625 16.33243942
v -1.46047914 -0.33938217 16.33243942
v -1.49882448 -0.05680084 16.33243942
v -1.48298585 0.22792435 16.33243942
v -1.41355836 0.50451279 16.33243942
v -1.29304445 0.76296234 16.33243942
v -1.12579298 0.99393463 16.33243942
v -0.91786146 1.18907928 16.33243942
v -0.67674214 1.34134674 16.33243942
v -0.411163 1.44522858 16.33243942
v -0.13073702 1.49697495 16.33243942
v 0.15441917 1.49471283 16.33243942
v 0.43400589 1.43852234 16.33243942
v 0.69789129 1.33044052 16.33243942
v 0.93656921 1.17436981 16.33243942
v 1.14138794 0.97594833 16.33243942
v 1.30494678 0.74235153 16.33243942
v 1.42135608 0.48202133 16.33243942
v 1.48637378 0.20436859 16.33243942
v 1.49768054 -0.08057404 16.33243942
v 1.45486438 -0.36251068 16.33243942
v 1.35946643 -0.63124466 16.33243942
v 1.21492004 -0.87707138 16.33243942
v 1.026474 -1.09109879 16.33243942
v 0.80091864 -1.26559067 16.33243942
v 0.54643261 -1.39424896 16.33243942
v 0.27218646 -1.47241592 16.33243942
v -0.0119016 -1.49727249 16.33243942
v -0.29554719 -1.46791458 16.33243942
v -0.56852686 -1.38540268 16.33243942
v -0.82095295 -1.25272369 16.33243942
v 1.49768031 -0.08057404 5.4441371
v 1.48637354 0.20436859 5.4441371
v 1.42135584 0.48202133 5.4441371
v 1.30494654 0.74235153 5.4441371
v 1.1413877 0.97594833 5.4441371
v 0.93656886 1.17436981 5.4441371
v 0.69789094 1.33044052 5.4441371
v 0.43400553 1.43852234 5.4441371
v 0.15441881 1.49471283 5.4441371
v -0.13073738 1.49697495 5.4441371
v -0.41116336 1.44522858 5.4441371
v -0.67674249 1.34134674 5.4441371
v -0.91786182 1.18907928 5.4441371
v -1.12579322 0.99393463 5.4441371
v -1.29304469 0.76296234 5.4441371
v -1.4135586 0.50451279 5.4441371
v -1.48298609 0.22792435 5.4441371
v -1.49882472 -0.05680084 5.4441371
v -1.46047938 -0.33938217 5.4441371
v -1.36935389 -0.60959625 5.4441371
v -1.22872901 -0.85768127 5.4441371
v -1.04370093 -1.0746727 5.4441371
v -0.82095331 -1.25272369 5.4441371
v -0.56852722 -1.38540268 5.4441371
v -0.29554754 -1.46791458 5.4441371
v -0.01190195 -1.49727249 5.4441371
v 0.2721861 -1.47241592 5.4441371
v 0.54643226 -1.39424896 5.4441371
v 0.80091828 -1.26559067 5.4441371
v 1.02647376 -1.09109879 5.4441371
v 1.21491981 -0.87707138 5.4441371
v 1.3594662 -0.63124466 5.4441371
v 1.45486414 -0.36251068 5.4441371
v -1.22872889 -0.85768127 10.8882885
v -1.36935377 -0.60959625 10.8882885
v -1.46047926 -0.33938217 10.8882885
v -1.4988246 -0.05680084 10.8882885
v -1.48298597 0.22792435 10.8882885
v -1.41355848 0.50451279 10.8882885
v -1.29304457 0.76296234 10.8882885
v -1.1257931 0.99393463 10.8882885
v -0.91786164 1.18907928 10.8882885
v -0.67674232 1.34134674 10.8882885
v -0.41116318 1.44522858 10.8882885
v -0.1307372 1.49697495 10.8882885
v 0.15441899 1.49471283 10.8882885
v 0.43400571 1.43852234 10.8882885
v 0.69789112 1.33044052 10.8882885
v 0.93656904 1.17436981 10.8882885
v 1.14138782 0.97594833 10.8882885
v 1.30494666 0.74235153 10.8882885
v 1.42135596 0.48202133 10.8882885
v 1.48637366 0.20436859 10.8882885
v 1.49768043 -0.08057404 10.8882885
v 1.45486426 -0.36251068 10.8882885
v 1.35946631 -0.63124466 10.8882885
v 1.21491992 -0.87707138 10.8882885
v 1.02647388 -1.09109879 10.8882885
v 0.80091846 -1.26559067 10.8882885
v 0.54643244 -1.39424896 10.8882885
v 0.27218628 -1.47241592 10.8882885
v -0.01190178 -1.49727249 10.8882885
v -0.29554737 -1.46791458 10.8882885
v -0.56852704 -1.38540268 10.8882885
v -0.82095313 -1.25272369 10.8882885
v -1.04370081 -1.0746727 10.8882885
vn 0 0 0
f 1//1 2//1 3//1
f 3//1 2//1 4//1
f 3//1 4//1 5//1
f 5//1 4//1 6//1
f 5//1 6//1 7//1
f 7//1 6//1 8//1
f 7//1 8//1 9//1
f 9//1 8//1 10//1
f 9//1 10//1 11//1
f 11//1 10//1 12//1
f 11//1 12//1 13//1
f 13//1 12//1 14//1
f 13//1 14//1 15//1
f 15//1 14//1 16//1
f 15//1 16//1 17//1
f 17//1 16//1 18//1
f 17//1 18//1 19//1
f 2//1 1//1 20//1
f 20//1 1//1 21//1
f 20//1 21//1 22//1
f 22//1 21//1 23//1
f 22//1 23//1 24//1
f 24//1 23//1 25//1
f 24//1 25//1 26//1
f 26//1 25//1 27//1
f 26//1 27//1 28//1
f 28//1 27//1 29//1
f 28//1 29//1 30//1
f 30//1 29//1 31//1
f 30//1 31//1 32//1
f 32//1 31//1 33//1
f 34//1 35//1 36//1
f 36//1 35//1 37//1
f 36//1 37//1 38//1
f 38//1 37//1 39//1
f 38//1 39//1 40//1
f 40//1 39//1 41//1
f 41//1 39//1 42//1
f 41//1 42//1 43//1
f 43//1 42//1 44//1
f 44//1 42//1 45//1
f 44//1 45//1 46//1
f 46//1 45//1 47//1
f 47//1 45//1 48//1
f 47//1 48//1 49//1
f 49//1 48//1 50//1
f 50//1 48//1 51//1
f 50//1 51//1 52//1
f 52//1 51//1 53//1
f 53//1 51//1 54//1
f 53//1 54//1 55//1
f 55//1 54//1 56//1
f 56//1 54//1 57//1
f 56//1 57//1 58//1
f 58//1 57//1 59//1
f 59//1 57//1 60//1
f 59//1 60//1 61//1
f 61//1 60//1 62//1
f 61//1 62//1 63//1
f 63//1 62//1 64//1
f 64//1 62//1 65//1
f 64//1 65//1 66//1
f 66//1 65//1 67//1
f 67//1 65//1 68//1
f 67//1 68//1 69//1
f 69//1 68//1 70//1
f 70//1 68//1 71//1
f 70//1 71//1 72//1
f 72//1 71//1 73//1
f 73//1 71//1 74//1
f 73//1 74//1 75//1
f 75//1 74//1 76//1
f 76//1 74//1 77//1
f 76//1 77//1 78//1
f 78//1 77//1 79//1
f 79//1 77//1 80//1
f 79//1 80//1 81//1
f 81//1 80//1 82//1
f 82//1 80//1 83//1
f 82//1 83//1 84//1
f 84//1 83//1 85//1
f 84//1 85//1 86//1
f 86//1 85//1 87//1
f 86//1 87//1 88//1
f 88//1 87//1 89//1
f 89//1 87//1 90//1
f 89//1 90//1 91//1
f 91//1 90//1 92//1
f 92//1 90//1 93//1
f 92//1 93//1 94//1
f 94//1 93//1 95//1
f 95//1 93//1 96//1
f 95//1 96//1 97//1
f 97//1 96//1 98//1
f 98//1 96//1 99//1
f 98//1 99//1 100//1
f 100//1 99//1 101//1
f 101//1 99//1 102//1
f 101//1 102//1 103//1
f 103//1 102//1 104//1
f 104//1 102//1 105//1
f 104//1 105//1 106//1
f 106//1 105//1 107//1
f 106//1 107//1 108//1
f 108//1 107//1 109//1
f 109//1 107//1 110//1
f 109//1 110//1 111//1
f 111//1 110//1 112//1
f 112//1 110//1 113//1
f 112//1 113//1 114//1
f 114//1 113//1 115//1
f 115//1 113//1 116//1
f 115//1 116//1 117//1
f 117//1 116//1 118//1
f 118//1 116//1 119//1
f 118//1 119//1 120//1
f 120//1 119//1 121//1
f 121//1 119//1 122//1
f 121//1 122//1 123//1
f 123//1 122//1 124//1
f 124//1 122//1 125//1
f 124//1 125//1 126//1
f 126//1 125//1 34//1
f 34//1 125//1 35//1
f 1//1 3//1 127//1
f 127//1 3//1 5//1
f 127//1 5//1 128//1
f 128//1 5//1 7//1
f 128//1 7//1 129//1
f 129//1 7//1 130//1
f 129//1 130//1 90//1
f 90//1 130//1 93//1
f 7//1 9//1 130//1
f 130//1 9//1 131//1
f 130//1 131//1 93//1
f 93//1 131//1 96//1
f 9//1 11//1 131//1
f 131//1 11//1 132//1
f 131//1 132//1 96//1
f 96//1 132//1 99//1
f 11//1 13//1 132//1
f 132//1 13//1 133//1
f 132//1 133//1 99//1
f 99//1 133//1 102//1
f 13//1 15//1 133//1
f 133//1 15//1 134//1
f 133//1 134//1 102//1
f 102//1 134//1 105//1
f 15//1 17//1 134//1
f 134//1 17//1 135//1
f 134//1 135//1 105//1
f 105//1 135//1 107//1
f 17//1 19//1 135//1
f 135//1 19//1 136//1
f 135//1 136//1 107//1
f 107//1 136//1 110//1
f 19//1 18//1 136//1
f 136//1 18//1 137//1
f 136//1 137//1 110//1
f 110//1 137//1 113//1
f 18//1 16//1 137//1
f 137//1 16//1 138//1
f 137//1 138//1 113//1
f 113//1 138//1 116//1
f 16//1 14//1 138//1
f 138//1 14//1 139//1
f 138//1 139//1 116//1
f 116//1 139//1 119//1
f 14//1 12//1 139//1
f 139//1 12//1 140//1
f 139//1 140//1 119//1
f 119//1 140//1 122//1
f 12//1 10//1 140//1
f 140//1 10//1 141//1
f 140//1 141//1 122//1
f 122//1 141//1 125//1
f 10//1 8//1 141//1
f 141//1 8//1 142//1
f 141//1 142//1 125//1
f 125//1 142//1 35//1
f 8//1 6//1 142//1
f 142//1 6//1 143//1
f 142//1 143//1 35//1
f 35//1 143//1 37//1
f 6//1 4//1 143//1
f 143//1 4//1 144//1
f 143//1 144//1 37//1
f 37//1 144//1 39//1
f 4//1 2//1 144//1
f 144//1 2//1 145//1
f 144//1 145//1 39//1
f 39//1 145//1 42//1
f 2//1 20//1 145//1
f 145//1 20//1 146//1
f 145//1 146//1 42//1
f 42//1 146//1 45//1
f 20//1 22//1 146//1
f 146//1 22//1 147//1
f 146//1 147//1 45//1
f 45//1 147//1 48//1
f 22//1 24//1 147//1
f 147//1 24//1 148//1
f 147//1 148//1 48//1
f 48//1 148//1 51//1
f 24//1 26//1 148//1
f 148//1 26//1 149//1
f 148//1 149//1 51//1
f 51//1 149//1 54//1
f 26//1 28//1 149//1
f 149//1 28//1 150//1
f 149//1 150//1 54//1
f 54//1 150//1 57//1
f 28//1 30//1 150//1
f 150//1 30//1 151//1
f 150//1 151//1 57//1
f 57//1 151//1 60//1
f 30//1 32//1 151//1
f 151//1 32//1 152//1
f 151//1 152//1 60//1
f 60//1 152//1 62//1
f 32//1 33//1 152//1
f 152//1 33//1 153//1
f 152//1 153//1 62//1
f 62//1 153//1 65//1
f 33//1 31//1 153//1
f 153//1 31//1 154//1
f 153//1 154//1 65//1
f 65//1 154//1 68//1
f 31//1 29//1 154//1
f 154//1 29//1 155//1
f 154//1 155//1 68//1
f 68//1 155//1 71//1
f 29//1 27//1 155//1
f 155//1 27//1 156//1
f 155//1 156//1 71//1
f 71//1 156//1 74//1
f 27//1 25//1 156//1
f 156//1 25//1 157//1
f 156//1 157//1 74//1
f 74//1 157//1 77//1
f 25//1 23//1 157//1
f 157//1 23//1 158//1
f 157//1 158//1 77//1
f 77//1 158//1 80//1
f 23//1 21//1 158//1
f 158//1 21//1 159//1
f 158//1 159//1 80//1
f 80//1 159//1 83//1
f 21//1 1//1 159//1
f 159//1 1//1 127//1
f 159//1 127//1 83//1
f 83//1 127//1 128//1
f 83//1 128//1 85//1
f 85//1 128//1 129//1
f 85//1 129//1 87//1
f 87//1 129//1 90//1
f 160//1 161//1 162//1
f 162//1 161//1 163//1
f 162//1 163//1 164//1
f 164//1 163//1 165//1
f 164//1 165//1 166//1
f 166//1 165//1 167//1
f 166//1 167//1 168//1
f 168//1 167//1 169//1
f 168//1 169//1 170//1
f 170//1 169//1 171//1
f 170//1 171//1 172//1
f 169//1 173//1 171//1
f 171//1 173//1 174//1
f 171//1 174//1 175//1
f 176//1 177//1 172//1
f 172//1 177//1 178//1
f 172//1 178//1 179//1
f 179//1 170//1 172//1
f 180//1 181//1 162//1
f 162//1 181//1 182//1
f 162//1 182//1 183//1
f 180//1 184//1 181//1
f 181//1 184//1 185//1
f 181//1 185//1 186//1
f 186//1 187//1 181//1
f 181//1 187//1 188//1
f 183//1 189//1 162//1
f 162//1 189//1 190//1
f 162//1 190//1 191//1
f 191//1 192//1 162//1
f 162//1 192//1 193//1
f 162//1 193//1 194//1
f 194//1 195//1 162//1
f 162//1 195//1 196//1
f 162//1 196//1 160//1
f 197//1 198//1 199//1
f 199//1 198//1 200//1
f 199//1 200//1 201//1
f 201//1 200//1 202//1
f 202//1 200//1 203//1
f 203//1 200//1 204//1
f 204//1 200//1 205//1
f 205//1 200//1 206//1
f 206//1 200//1 207//1
f 207//1 200//1 208//1
f 208//1 200//1 209//1
f 208//1 209//1 210//1
f 198//1 197//1 211//1
f 211//1 197//1 212//1
f 211//1 212//1 213//1
f 211//1 213//1 214//1
f 214//1 213//1 215//1
f 214//1 215//1 216//1
f 216//1 215//1 217//1
f 216//1 217//1 218//1
f 218//1 217//1 219//1
f 219//1 217//1 220//1
f 220//1 217//1 221//1
f 217//1 215//1 222//1
f 222//1 215//1 223//1
f 222//1 223//1 224//1
f 224//1 225//1 222//1
f 201//1 226//1 199//1
f 199//1 226//1 227//1
f 199//1 227//1 228//1
f 228//1 229//1 199//1
f 199//1 229//1 230//1
f 199//1 230//1 231//1
f 231//1 232//1 199//1
f 199//1 232//1 233//1
f 234//1 235//1 236//1
f 236//1 235//1 237//1
f 236//1 237//1 238//1
f 238//1 237//1 239//1
f 239//1 237//1 240//1
f 240//1 237//1 241//1
f 241//1 237//1 242//1
f 242//1 237//1 243//1
f 243//1 237//1 244//1
f 244//1 237//1 245//1
f 245//1 237//1 246//1
f 246//1 237//1 247//1
f 247//1 237//1 248//1
f 248//1 237//1 249//1
f 248//1 249//1 250//1
f 235//1 234//1 251//1
f 251//1 234//1 252//1
f 251//1 252//1 253//1
f 251//1 253//1 254//1
f 254//1 253//1 255//1
f 254//1 255//1 256//1
f 256//1 255//1 257//1
f 256//1 257//1 258//1
f 258//1 257//1 259//1
f 259//1 257//1 260//1
f 260//1 257//1 261//1
f 255//1 262//1 257//1
f 257//1 262//1 263//1
f 263//1 262//1 264//1
f 263//1 264//1 265//1
f 250//1 266//1 248//1
f 248//1 266//1 267//1
f 248//1 267//1 268//1
f 268//1 269//1 248//1
f 248//1 269//1 270//1
f 271//1 272//1 273//1
f 273//1 272//1 274//1
f 273//1 274//1 275//1
f 275//1 274//1 276//1
f 276//1 274//1 277//1
f 277//1 274//1 278//1
f 278//1 274//1 279//1
f 279//1 274//1 280//1
f 280//1 274//1 281//1
f 280//1 281//1 282//1
f 282//1 281//1 283//1
f 282//1 283//1 284//1
f 272//1 271//1 285//1
f 285//1 271//1 286//1
f 285//1 286//1 287//1
f 285//1 287//1 288//1
f 288//1 287//1 289//1
f 288//1 289//1 290//1
f 290//1 289//1 291//1
f 290//1 291//1 292//1
f 292//1 291//1 293//1
f 293//1 291//1 294//1
f 294//1 291//1 295//1
f 291//1 289//1 296//1
f 296//1 289//1 297//1
f 296//1 297//1 298//1
f 298//1 299//1 296//1
f 275//1 300//1 273//1
f 273//1 300//1 301//1
f 273//1 301//1 302//1
f 302//1 303//1 273//1
f 273//1 303//1 304//1
f 273//1 304//1 305//1
f 305//1 306//1 273//1
f 273//1 306//1 307//1
f 308//1 309//1 310//1
f 310//1 309//1 311//1
f 310//1 311//1 312//1
f 312//1 311//1 313//1
f 312//1 313//1 314//1
f 314//1 313//1 315//1
f 314//1 315//1 316//1
f 309//1 308//1 317//1
f 317//1 308//1 318//1
f 317//1 318//1 319//1
f 317//1 319//1 320//1
f 320//1 319//1 321//1
f 320//1 321//1 322//1
f 322//1 321//1 323//1
f 322//1 323//1 324//1
f 324//1 323//1 325//1
f 324//1 325//1 326//1
f 326//1 325//1 327//1
f 327//1 325//1 328//1
f 325//1 323//1 329//1
f 329//1 323//1 330//1
f 329//1 330//1 331//1
f 314//1 316//1 332//1
f 332//1 316//1 333//1
f 332//1 333//1 334//1
f 334//1 335//1 332//1
f 332//1 335//1 336//1
f 314//1 337//1 312//1
f 312//1 337//1 338//1
f 338//1 337//1 339//1
f 339//1 337//1 340//1
f 339//1 340//1 341//1
f 341//1 340//1 342//1
f 342//1 340//1 343//1
f 343//1 340//1 344//1
f 345//1 346//1 347//1
f 347//1 346//1 348//1
f 347//1 348//1 349//1
f 349//1 348//1 350//1
f 350//1 348//1 351//1
f 351//1 348//1 352//1
f 352//1 348//1 353//1
f 352//1 353//1 354//1
f 346//1 345//1 355//1
f 355//1 345//1 356//1
f 355//1 356//1 357//1
f 355//1 357//1 358//1
f 358//1 357//1 359//1
f 358//1 359//1 360//1
f 360//1 359//1 361//1
f 360//1 361//1 362//1
f 359//1 363//1 361//1
f 361//1 363//1 364//1
f 361//1 364//1 365//1
f 366//1 367//1 362//1
f 362//1 367//1 368//1
f 362//1 368//1 369//1
f 369//1 360//1 362//1
f 354//1 370//1 352//1
f 352//1 370//1 371//1
f 352//1 371//1 372//1
f 349//1 373//1 347//1
f 347//1 373//1 374//1
f 347//1 374//1 375//1
f 376//1 377//1 375//1
f 375//1 377//1 378//1
f 375//1 378//1 347//1
f 376//1 379//1 377//1
f 377//1 379//1 380//1
f 380//1 379//1 381//1
f 382//1 383//1 384//1
f 384//1 383//1 385//1
f 384//1 385//1 386//1
f 383//1 382//1 387//1
f 387//1 382//1 388//1
f 387//1 388//1 389//1
f 387//1 389//1 390//1
f 390//1 389//1 391//1
f 390//1 391//1 392//1
f 392//1 391//1 393//1
f 392//1 393//1 394//1
f 394//1 393//1 395//1
f 394//1 395//1 396//1
f 394//1 397//1 392//1
f 392//1 397//1 398//1
f 398//1 397//1 399//1
f 399//1 397//1 400//1
f 400//1 397//1 401//1
f 386//1 402//1 384//1
f 384//1 402//1 403//1
f 384//1 403//1 404//1
f 404//1 405//1 384//1
f 384//1 405//1 406//1
f 384//1 406//1 407//1
f 407//1 408//1 384//1
f 384//1 408//1 409//1
f 384//1 409//1 410//1
f 410//1 411//1 384//1
f 384//1 411//1 412//1
f 412//1 411//1 413//1
f 413//1 411//1 414//1
f 414//1 411//1 415//1
f 415//1 411//1 416//1
f 416//1 411//1 417//1
f 417//1 411//1 418//1
f 419//1 420//1 421//1
f 421//1 420//1 422//1
f 421//1 422//1 423//1
f 423//1 422//1 424//1
f 423//1 424//1 425//1
f 425//1 424//1 426//1
f 425//1 426//1 427//1
f 427//1 426//1 428//1
f 427//1 428//1 429//1
f 429//1 428//1 430//1
f 429//1 430//1 431//1
f 428//1 432//1 430//1
f 430//1 432//1 433//1
f 430//1 433//1 434//1
f 435//1 436//1 431//1
f 431//1 436//1 437//1
f 431//1 437//1 438//1
f 438//1 429//1 431//1
f 439//1 440//1 421//1
f 421//1 440//1 441//1
f 421//1 441//1 442//1
f 442//1 443//1 421//1
f 421//1 443//1 444//1
f 421//1 444//1 445//1
f 445//1 446//1 421//1
f 421//1 446//1 447//1
f 421//1 447//1 448//1
f 448//1 449//1 421//1
f 421//1 449//1 450//1
f 421//1 450//1 451//1
f 451//1 452//1 421//1
f 421//1 452//1 453//1
f 421//1 453//1 454//1
f 454//1 455//1 421//1
f 421//1 455//1 419//1
f 456//1 457//1 458//1
f 458//1 457//1 459//1
f 458//1 459//1 460//1
f 457//1 456//1 461//1
f 461//1 456//1 462//1
f 461//1 462//1 463//1
f 461//1 463//1 464//1
f 464//1 463//1 465//1
f 464//1 465//1 466//1
f 466//1 465//1 467//1
f 466//1 467//1 468//1
f 468//1 467//1 469//1
f 469//1 467//1 470//1
f 470//1 467//1 471//1
f 467//1 465//1 472//1
f 472//1 465//1 473//1
f 472//1 473//1 474//1
f 474//1 475//1 472//1
f 460//1 476//1 458//1
f 458//1 476//1 477//1
f 458//1 477//1 478//1
f 478//1 479//1 458//1
f 458//1 479//1 480//1
f 458//1 480//1 481//1
f 481//1 482//1 458//1
f 458//1 482//1 483//1
f 458//1 483//1 484//1
f 484//1 485//1 458//1
f 458//1 485//1 486//1
f 486//1 485//1 487//1
f 487//1 485//1 488//1
f 488//1 485//1 489//1
f 489//1 485//1 490//1
f 490//1 485//1 491//1
f 491//1 485//1 492//1
f 493//1 494//1 495//1
f 495//1 494//1 496//1
f 495//1 496//1 497//1
f 497//1 496//1 498//1
f 498//1 496//1 499//1
f 499//1 496//1 500//1
f 500//1 496//1 501//1
f 501//1 496//1 502//1
f 502//1 496//1 503//1
f 503//1 496//1 504//1
f 504//1 496//1 505//1
f 505//1 496//1 506//1
f 506//1 496//1 507//1
f 507//1 496//1 508//1
f 507//1 508//1 509//1
f 494//1 493//1 510//1
f 510//1 493//1 511//1
f 510//1 511//1 512//1
f 510//1 512//1 513//1
f 513//1 512//1 514//1
f 513//1 514//1 515//1
f 515//1 514//1 516//1
f 515//1 516//1 517//1
f 517//1 516//1 518//1
f 518//1 516//1 519//1
f 519//1 516//1 520//1
f 514//1 521//1 516//1
f 516//1 521//1 522//1
f 522//1 521//1 523//1
f 522//1 523//1 524//1
f 509//1 525//1 507//1
f 507//1 525//1 526//1
f 507//1 526//1 527//1
f 527//1 528//1 507//1
f 507//1 528//1 529//1
f 530//1 531//1 532//1
f 532//1 531//1 533//1
f 532//1 533//1 534//1
f 531//1 530//1 535//1
f 535//1 530//1 536//1
f 535//1 536//1 537//1
f 535//1 537//1 538//1
f 538//1 537//1 539//1
f 538//1 539//1 540//1
f 540//1 539//1 541//1
f 540//1 541//1 542//1
f 542//1 541//1 543//1
f 543//1 541//1 544//1
f 544//1 541//1 545//1
f 541//1 539//1 546//1
f 546//1 539//1 547//1
f 546//1 547//1 548//1
f 548//1 549//1 546//1
f 534//1 550//1 532//1
f 532//1 550//1 551//1
f 532//1 551//1 552//1
f 552//1 553//1 532//1
f 532//1 553//1 554//1
f 532//1 554//1 555//1
f 555//1 556//1 532//1
f 532//1 556//1 557//1
f 532//1 557//1 558//1
f 558//1 559//1 532//1
f 532//1 559//1 560//1
f 560//1 559//1 561//1
f 561//1 559//1 562//1
f 562//1 559//1 563//1
f 563//1 559//1 564//1
f 564//1 559//1 565//1
f 565//1 559//1 566//1
f 567//1 568//1 569//1
f 569//1 568//1 570//1
f 569//1 570//1 571//1
f 571//1 570//1 572//1
f 571//1 572//1 573//1
f 573//1 572//1 574//1
f 573//1 574//1 575//1
f 568//1 567//1 576//1
f 576//1 567//1 577//1
f 576//1 577//1 578//1
f 576//1 578//1 579//1
f 579//1 578//1 580//1
f 579//1 580//1 581//1
f 581//1 580//1 582//1
f 581//1 582//1 583//1
f 583//1 582//1 584//1
f 583//1 584//1 585//1
f 585//1 584//1 586//1
f 586//1 584//1 587//1
f 584//1 582//1 588//1
f 588//1 582//1 589//1
f 588//1 589//1 590//1
f 591//1 592//1 575//1
f 575//1 592//1 593//1
f 575//1 593//1 594//1
f 591//1 595//1 592//1
f 592//1 595//1 596//1
f 592//1 596//1 597//1
f 594//1 598//1 575//1
f 575//1 598//1 599//1
f 575//1 599//1 600//1
f 600//1 601//1 575//1
f 575//1 601//1 602//1
f 575//1 602//1 603//1
f 603//1 573//1 575//1
f 604//1 605//1 606//1
f 606//1 605//1 607//1
f 606//1 607//1 608//1
f 604//1 609//1 605//1
f 605//1 609//1 610//1
f 610//1 609//1 611//1
f 610//1 611//1 612//1
f 612//1 611//1 613//1
f 612//1 613//1 614//1
f 614//1 613//1 615//1
f 614//1 615//1 616//1
f 613//1 617//1 615//1
f 615//1 617//1 618//1
f 615//1 618//1 619//1
f 620//1 621//1 616//1
f 616//1 621//1 622//1
f 616//1 622//1 623//1
f 623//1 614//1 616//1
f 608//1 624//1 606//1
f 606//1 624//1 625//1
f 606//1 625//1 626//1
f 626//1 627//1 606//1
f 606//1 627//1 628//1
f 606//1 628//1 629//1
f 629//1 630//1 606//1
f 606//1 630//1 631//1
f 606//1 631//1 632//1
f 632//1 633//1 606//1
f 606//1 633//1 634//1
f 606//1 634//1 635//1
f 635//1 636//1 606//1
f 606//1 636//1 637//1
f 637//1 636//1 638//1
f 638//1 636//1 639//1
f 638//1 639//1 640//1
f 641//1 642//1 643//1
f 643//1 642//1 644//1
f 643//1 644//1 645//1
f 642//1 641//1 646//1
f 646//1 641//1 647//1
f 646//1 647//1 648//1
f 646//1 648//1 649//1
f 649//1 648//1 650//1
f 649//1 650//1 651//1
f 651//1 650//1 652//1
f 651//1 652//1 653//1
f 653//1 652//1 654//1
f 653//1 654//1 655//1
f 653//1 656//1 651//1
f 651//1 656//1 657//1
f 657//1 656//1 658//1
f 658//1 656//1 659//1
f 659//1 656//1 660//1
f 645//1 661//1 643//1
f 643//1 661//1 662//1
f 643//1 662//1 663//1
f 663//1 664//1 643//1
f 643//1 664//1 665//1
f 643//1 665//1 666//1
f 666//1 667//1 643//1
f 643//1 667//1 668//1
f 643//1 668//1 669//1
f 669//1 670//1 643//1
f 643//1 670//1 671//1
f 671//1 670//1 672//1
f 672//1 670//1 673//1
f 673//1 670//1 674//1
f 674//1 670//1 675//1
f 675//1 670//1 676//1
f 676//1 670//1 677//1
f 678//1 679//1 680//1
f 680//1 679//1 681//1
f 680//1 681//1 682//1
f 682//1 681//1 683//1
f 683//1 681//1 684//1
f 683//1 684//1 685//1
f 679//1 678//1 686//1
f 686//1 678//1 687//1
f 686//1 687//1 688//1
f 686//1 688//1 689//1
f 689//1 688//1 690//1
f 689//1 690//1 691//1
f 691//1 690//1 692//1
f 691//1 692//1 693//1
f 690//1 694//1 692//1
f 692//1 694//1 695//1
f 692//1 695//1 696//1
f 697//1 698//1 693//1
f 693//1 698//1 699//1
f 693//1 699//1 700//1
f 700//1 691//1 693//1
f 685//1 701//1 683//1
f 683//1 701//1 702//1
f 683//1 702//1 703//1
f 703//1 704//1 683//1
f 683//1 704//1 705//1
f 682//1 706//1 680//1
f 680//1 706//1 707//1
f 680//1 707//1 708//1
f 708//1 709//1 680//1
f 680//1 709//1 710//1
f 680//1 710//1 711//1
f 711//1 712//1 680//1
f 680//1 712//1 713//1
f 713//1 712//1 714//1
f 715//1 716//1 717//1
f 717//1 716//1 718//1
f 718//1 716//1 719//1
f 718//1 719//1 720//1
f 720//1 719//1 721//1
f 721//1 719//1 722//1
f 722//1 719//1 723//1
f 720//1 724//1 718//1
f 718//1 724//1 725//1
f 725//1 724//1 726//1
f 725//1 726//1 727//1
f 727//1 726//1 728//1
f 727//1 728//1 729//1
f 729//1 728//1 730//1
f 730//1 728//1 731//1
f 730//1 731//1 732//1
f 732//1 731//1 733//1
f 732//1 733//1 734//1
f 734//1 735//1 732//1
f 732//1 735//1 736//1
f 732//1 736//1 737//1
f 737//1 738//1 732//1
f 732//1 738//1 739//1
f 732//1 739//1 740//1
f 740//1 741//1 732//1
f 732//1 741//1 742//1
f 732//1 742//1 743//1
f 744//1 745//1 743//1
f 743//1 745//1 746//1
f 743//1 746//1 747//1
f 748//1 749//1 744//1
f 744//1 749//1 750//1
f 744//1 750//1 751//1
f 751//1 745//1 744//1
f 747//1 732//1 743//1
f 752//1 753//1 754//1
f 754//1 753//1 755//1
f 754//1 755//1 756//1
f 753//1 752//1 757//1
f 757//1 752//1 758//1
f 757//1 758//1 759//1
f 757//1 759//1 760//1
f 760//1 759//1 761//1
f 760//1 761//1 762//1
f 762//1 761//1 763//1
f 762//1 763//1 764//1
f 764//1 763//1 765//1
f 765//1 763//1 766//1
f 766//1 763//1 767//1
f 763//1 761//1 768//1
f 768//1 761//1 769//1
f 768//1 769//1 770//1
f 770//1 771//1 768//1
f 756//1 772//1 754//1
f 754//1 772//1 773//1
f 754//1 773//1 774//1
f 774//1 775//1 754//1
f 754//1 775//1 776//1
f 754//1 776//1 777//1
f 777//1 778//1 754//1
f 754//1 778//1 779//1
f 754//1 779//1 780//1
f 780//1 781//1 754//1
f 754//1 781//1 782//1
f 754//1 782//1 783//1
f 783//1 784//1 754//1
f 754//1 784//1 785//1
f 754//1 785//1 786//1
f 786//1 787//1 754//1
f 754//1 787//1 788//1
f 789//1 790//1 791//1
f 791//1 790//1 792//1
f 791//1 792//1 793//1
f 793//1 792//1 794//1
f 794//1 792//1 795//1
f 795//1 792//1 796//1
f 796//1 792//1 797//1
f 797//1 792//1 798//1
f 797//1 798//1 799//1
f 799//1 798//1 800//1
f 800//1 798//1 801//1
f 800//1 801//1 802//1
f 790//1 789//1 803//1
f 803//1 789//1 804//1
f 803//1 804//1 805//1
f 803//1 805//1 806//1
f 806//1 805//1 807//1
f 806//1 807//1 808//1
f 808//1 807//1 809//1
f 808//1 809//1 810//1
f 810//1 809//1 811//1
f 811//1 809//1 812//1
f 812//1 809//1 813//1
f 809//1 807//1 814//1
f 814//1 807//1 815//1
f 814//1 815//1 816//1
f 816//1 817//1 814//1
f 793//1 818//1 791//1
f 791//1 818//1 819//1
f 819//1 818//1 820//1
f 820//1 818//1 821//1
f 821//1 818//1 822//1
f 822//1 818//1 823//1
f 823//1 818//1 824//1
f 824//1 818//1 825//1
f 826//1 827//1 828//1
f 828//1 827//1 829//1
f 828//1 829//1 830//1
f 830//1 829//1 831//1
f 831//1 829//1 832//1
f 832//1 829//1 833//1
f 833//1 829//1 834//1
f 834//1 829//1 835//1
f 835//1 829//1 836//1
f 836//1 829//1 837//1
f 837//1 829//1 838//1
f 826//1 839//1 827//1
f 827//1 839//1 840//1
f 840//1 839//1 841//1
f 840//1 841//1 842//1
f 842//1 841//1 843//1
f 842//1 843//1 844//1
f 844//1 843//1 845//1
f 844//1 845//1 846//1
f 843//1 847//1 845//1
f 845//1 847//1 848//1
f 845//1 848//1 849//1
f 850//1 851//1 846//1
f 846//1 851//1 852//1
f 846//1 852//1 853//1
f 853//1 844//1 846//1
f 830//1 854//1 828//1
f 828//1 854//1 855//1
f 828//1 855//1 856//1
f 856//1 857//1 828//1
f 828//1 857//1 858//1
f 828//1 858//1 859//1
f 859//1 858//1 860//1
f 860//1 858//1 861//1
f 860//1 861//1 862//1
f 863//1 864//1 865//1
f 865//1 864//1 866//1
f 865//1 866//1 867//1
f 867//1 866//1 868//1
f 868//1 866//1 869//1
f 869//1 866//1 870//1
f 870//1 866//1 871//1
f 871//1 866//1 872//1
f 872//1 866//1 873//1
f 873//1 866//1 874//1
f 874//1 866//1 875//1
f 864//1 863//1 876//1
f 876//1 863//1 877//1
f 876//1 877//1 878//1
f 876//1 878//1 879//1
f 879//1 878//1 880//1
f 879//1 880//1 881//1
f 881//1 880//1 882//1
f 881//1 882//1 883//1
f 880//1 884//1 882//1
f 882//1 884//1 885//1
f 882//1 885//1 886//1
f 887//1 888//1 883//1
f 883//1 888//1 889//1
f 883//1 889//1 890//1
f 890//1 881//1 883//1
f 867//1 891//1 865//1
f 865//1 891//1 892//1
f 865//1 892//1 893//1
f 893//1 894//1 865//1
f 865//1 894//1 895//1
f 865//1 895//1 896//1
f 896//1 897//1 865//1
f 865//1 897//1 898//1
f 898//1 897//1 899//1
f 900//1 901//1 902//1
f 902//1 901//1 903//1
f 902//1 903//1 904//1
f 904//1 903//1 905//1
f 905//1 903//1 906//1
f 906//1 903//1 907//1
f 907//1 903//1 908//1
f 908//1 903//1 909//1
f 909//1 903//1 910//1
f 910//1 903//1 911//1
f 911//1 903//1 912//1
f 912//1 903//1 913//1
f 913//1 903//1 914//1
f 913//1 914//1 915//1
f 901//1 900//1 916//1
f 916//1 900//1 917//1
f 916//1 917//1 918//1
f 916//1 918//1 919//1
f 919//1 918//1 920//1
f 919//1 920//1 921//1
f 921//1 920//1 922//1
f 921//1 922//1 923//1
f 923//1 922//1 924//1
f 923//1 924//1 925//1
f 925//1 924//1 926//1
f 926//1 924//1 927//1
f 924//1 922//1 928//1
f 928//1 922//1 929//1
f 928//1 929//1 930//1
f 915//1 931//1 913//1
f 913//1 931//1 932//1
f 932//1 931//1 933//1
f 932//1 933//1 934//1
f 934//1 935//1 932//1
f 932//1 935//1 936//1
f 937//1 938//1 939//1
f 939//1 938//1 940//1
f 939//1 940//1 941//1
f 941//1 940//1 942//1
f 942//1 940//1 943//1
f 943//1 940//1 944//1
f 944//1 940//1 945//1
f 945//1 940//1 946//1
f 946//1 940//1 947//1
f 947//1 940//1 948//1
f 948//1 940//1 949//1
f 949//1 940//1 950//1
f 950//1 940//1 951//1
f 950//1 951//1 952//1
f 937//1 953//1 938//1
f 938//1 953//1 954//1
f 954//1 953//1 955//1
f 954//1 955//1 956//1
f 956//1 955//1 957//1
f 956//1 957//1 958//1
f 958//1 957//1 959//1
f 958//1 959//1 960//1
f 960//1 959//1 961//1
f 960//1 961//1 962//1
f 958//1 960//1 963//1
f 963//1 960//1 964//1
f 963//1 964//1 965//1
f 965//1 964//1 966//1
f 966//1 964//1 967//1
f 952//1 968//1 950//1
f 950//1 968//1 969//1
f 969//1 968//1 970//1
f 969//1 970//1 971//1
f 971//1 972//1 969//1
f 969//1 972//1 973//1
f 974//1 975//1 976//1
f 976//1 975//1 977//1
f 976//1 977//1 978//1
f 978//1 977//1 979//1
f 978//1 979//1 980//1
f 978//1 980//1 981//1
f 981//1 980//1 982//1
f 981//1 982//1 983//1
f 983//1 982//1 984//1
f 983//1 984//1 985//1
f 985//1 984//1 986//1
f 986//1 984//1 987//1
f 987//1 984//1 988//1
f 984//1 982//1 989//1
f 989//1 982//1 990//1
f 989//1 990//1 991//1
f 991//1 992//1 989//1
f 993//1 994//1 976//1
f 976//1 994//1 995//1
f 976//1 995//1 996//1
f 997//1 998//1 993//1
f 993//1 998//1 999//1
f 993//1 999//1 1000//1
f 997//1 1001//1 998//1
f 1000//1 1002//1 993//1
f 993//1 1002//1 1003//1
f 993//1 1003//1 1004//1
f 1004//1 1005//1 993//1
f 993//1 1005//1 994//1
f 996//1 1006//1 976//1
f 976//1 1006//1 1007//1
f 976//1 1007//1 1008//1
f 1008//1 1009//1 976//1
f 976//1 1009//1 1010//1
f 976//1 1010//1 974//1
f 1011//1 1012//1 1013//1
f 1013//1 1012//1 1014//1
f 1013//1 1014//1 1015//1
f 1015//1 1014//1 1016//1
f 1015//1 1016//1 1017//1
f 1015//1 1017//1 1018//1
f 1018//1 1017//1 1019//1
f 1018//1 1019//1 1020//1
f 1020//1 1019//1 1021//1
f 1020//1 1021//1 1022//1
f 1022//1 1021//1 1023//1
f 1023//1 1021//1 1024//1
f 1024//1 1021//1 1025//1
f 1021//1 1019//1 1026//1
f 1026//1 1019//1 1027//1
f 1026//1 1027//1 1028//1
f 1028//1 1029//1 1026//1
f 1030//1 1031//1 1013//1
f 1013//1 1031//1 1032//1
f 1013//1 1032//1 1033//1
f 1034//1 1035//1 1030//1
f 1030//1 1035//1 1036//1
f 1030//1 1036//1 1037//1
f 1035//1 1034//1 1038//1
f 1038//1 1034//1 1039//1
f 1038//1 1039//1 1040//1
f 1037//1 1041//1 1030//1
f 1030//1 1041//1 1042//1
f 1030//1 1042//1 1031//1
f 1033//1 1043//1 1013//1
f 1013//1 1043//1 1044//1
f 1013//1 1044//1 1045//1
f 1045//1 1046//1 1013//1
f 1013//1 1046//1 1047//1
f 1013//1 1047//1 1011//1
f 1048//1 1049//1 1050//1
f 1050//1 1049//1 1051//1
f 1051//1 1049//1 1052//1
f 1052//1 1049//1 1053//1
f 1052//1 1053//1 1054//1
f 1049//1 1055//1 1053//1
f 1053//1 1055//1 1056//1
f 1056//1 1055//1 1057//1
f 1057//1 1055//1 1058//1
f 1058//1 1055//1 1059//1
f 1052//1 1054//1 1060//1
f 1060//1 1054//1 1061//1
f 1060//1 1061//1 1062//1
f 1062//1 1061//1 1063//1
f 1063//1 1061//1 1064//1
f 1063//1 1064//1 1065//1
f 1065//1 1064//1 1066//1
f 1066//1 1064//1 1067//1
f 1067//1 1064//1 1068//1
f 1068//1 1064//1 1069//1
f 1069//1 1064//1 1070//1
f 1070//1 1064//1 1071//1
f 1071//1 1064//1 1072//1
f 1072//1 1064//1 1073//1
f 1073//1 1064//1 1074//1
f 1073//1 1074//1 1075//1
f 1075//1 1074//1 1076//1
f 1076//1 1074//1 1077//1
f 1077//1 1074//1 1078//1
f 1078//1 1074//1 1079//1
f 1078//1 1079//1 1080//1
f 1080//1 1081//1 1078//1
f 1078//1 1081//1 1082//1
f 1078//1 1082//1 1083//1
f 1083//1 1084//1 1078//1
f 34//1 36//1 1085//1
f 1085//1 36//1 38//1
f 1085//1 38//1 1086//1
f 1086//1 38//1 40//1
f 1086//1 40//1 41//1
f 41//1 43//1 1086//1
f 1086//1 43//1 44//1
f 1086//1 44//1 46//1
f 46//1 47//1 1086//1
f 1086//1 47//1 49//1
f 1086//1 49//1 50//1
f 50//1 52//1 1086//1
f 1086//1 52//1 53//1
f 1086//1 53//1 55//1
f 1086//1 55//1 1087//1
f 1087//1 55//1 56//1
f 1087//1 56//1 1088//1
f 1088//1 56//1 58//1
f 1088//1 58//1 59//1
f 61//1 1089//1 59//1
f 59//1 1089//1 1090//1
f 59//1 1090//1 1088//1
f 61//1 63//1 1089//1
f 1089//1 63//1 64//1
f 1089//1 64//1 66//1
f 1089//1 66//1 1091//1
f 1091//1 66//1 67//1
f 1091//1 67//1 69//1
f 69//1 70//1 1091//1
f 1091//1 70//1 72//1
f 1091//1 72//1 73//1
f 73//1 75//1 1091//1
f 1091//1 75//1 76//1
f 1091//1 76//1 78//1
f 78//1 79//1 1091//1
f 1091//1 79//1 81//1
f 1091//1 81//1 1092//1
f 1092//1 81//1 82//1
f 1092//1 82//1 84//1
f 84//1 86//1 1092//1
f 1092//1 86//1 88//1
f 1092//1 88//1 89//1
f 89//1 91//1 1092//1
f 1092//1 91//1 1093//1
f 1092//1 1093//1 1094//1
f 1094//1 1093//1 1095//1
f 1094//1 1095//1 1096//1
f 1096//1 1095//1 1097//1
f 1096//1 1097//1 1098//1
f 1098//1 1097//1 1099//1
f 1098//1 1099//1 1100//1
f 1100//1 1099//1 1101//1
f 1100//1 1101//1 1102//1
f 1102//1 1101//1 1103//1
f 1102//1 1103//1 1104//1
f 1104//1 1103//1 1105//1
f 1104//1 1105//1 1106//1
f 1106//1 1105//1 1107//1
f 1106//1 1107//1 1108//1
f 1108//1 1107//1 1109//1
f 1109//1 1107//1 1110//1
f 1110//1 1107//1 1111//1
f 1110//1 1111//1 1112//1
f 1112//1 1111//1 1113//1
f 1113//1 1111//1 1114//1
f 1113//1 1114//1 1115//1
f 1115//1 1114//1 1116//1
f 1115//1 1116//1 1117//1
f 1117//1 1116//1 1118//1
f 1117//1 1118//1 1119//1
f 1119//1 1118//1 1120//1
f 1120//1 1118//1 1121//1
f 1120//1 1121//1 1122//1
f 1122//1 1121//1 1123//1
f 1122//1 1123//1 1124//1
f 1124//1 1123//1 1125//1
f 1124//1 1125//1 1126//1
f 1126//1 1125//1 1127//1
f 1126//1 1127//1 1128//1
f 1128//1 1127//1 1129//1
f 1128//1 1129//1 1130//1
f 1130//1 1129//1 1131//1
f 1130//1 1131//1 1132//1
f 1132//1 1131//1 1133//1
f 1132//1 1133//1 1134//1
f 1134//1 1133//1 1135//1
f 1134//1 1135//1 1136//1
f 1136//1 1135//1 1137//1
f 1136//1 1137//1 1138//1
f 1138//1 1137//1 1139//1
f 1138//1 1139//1 1140//1
f 1140//1 1139//1 1141//1
f 1140//1 1141//1 1142//1
f 1142//1 1141//1 1143//1
f 1142//1 1143//1 1144//1
f 1144//1 1143//1 1145//1
f 1144//1 1145//1 1146//1
f 1146//1 1145//1 1147//1
f 1146//1 1147//1 1148//1
f 91//1 92//1 1093//1
f 1093//1 92//1 94//1
f 1093//1 94//1 95//1
f 95//1 97//1 1093//1
f 1093//1 97//1 98//1
f 1093//1 98//1 100//1
f 100//1 101//1 1093//1
f 1093//1 101//1 1149//1
f 1093//1 1149//1 1150//1
f 1150//1 1149//1 1151//1
f 1150//1 1151//1 1152//1
f 1152//1 1151//1 1153//1
f 1152//1 1153//1 1154//1
f 1154//1 1153//1 1155//1
f 1154//1 1155//1 1156//1
f 1156//1 1155//1 1157//1
f 1156//1 1157//1 1158//1
f 1158//1 1157//1 1159//1
f 1159//1 1157//1 1160//1
f 1160//1 1157//1 1161//1
f 1160//1 1161//1 1162//1
f 1162//1 1161//1 1163//1
f 1162//1 1163//1 1164//1
f 1164//1 1163//1 1165//1
f 1164//1 1165//1 1166//1
f 1166//1 1165//1 1167//1
f 1166//1 1167//1 1168//1
f 1168//1 1167//1 1169//1
f 1168//1 1169//1 1170//1
f 1170//1 1169//1 1171//1
f 1170//1 1171//1 1172//1
f 1172//1 1171//1 1173//1
f 1172//1 1173//1 1137//1
f 1137//1 1173//1 1139//1
f 101//1 103//1 1149//1
f 1149//1 103//1 104//1
f 1149//1 104//1 106//1
f 106//1 108//1 1149//1
f 1149//1 108//1 109//1
f 1149//1 109//1 111//1
f 111//1 112//1 1149//1
f 1149//1 112//1 114//1
f 1149//1 114//1 1174//1
f 1174//1 114//1 115//1
f 1174//1 115//1 117//1
f 117//1 118//1 1174//1
f 1174//1 118//1 120//1
f 1174//1 120//1 121//1
f 121//1 123//1 1174//1
f 1174//1 123//1 1085//1
f 1174//1 1085//1 1175//1
f 1175//1 1085//1 1086//1
f 1175//1 1086//1 1176//1
f 1176//1 1086//1 1177//1
f 1176//1 1177//1 1178//1
f 123//1 124//1 1085//1
f 1085//1 124//1 126//1
f 1085//1 126//1 34//1
f 1179//1 1180//1 1181//1
f 1181//1 1180//1 1182//1
f 1181//1 1182//1 1183//1
f 1184//1 1185//1 1183//1
f 1183//1 1185//1 1186//1
f 1183//1 1186//1 1181//1
f 1181//1 1186//1 1187//1
f 1181//1 1187//1 1188//1
f 1188//1 1187//1 1189//1
f 1188//1 1189//1 1190//1
f 1190//1 1189//1 1129//1
f 1190//1 1129//1 1127//1
f 1184//1 1191//1 1185//1
f 1185//1 1191//1 1192//1
f 1185//1 1192//1 1193//1
f 1193//1 1194//1 1185//1
f 1185//1 1194//1 1195//1
f 1185//1 1195//1 1196//1
f 1196//1 1195//1 1197//1
f 1196//1 1197//1 1198//1
f 1198//1 1199//1 1196//1
f 1196//1 1199//1 1200//1
f 1196//1 1200//1 1162//1
f 1162//1 1200//1 1201//1
f 1162//1 1201//1 1202//1
f 1202//1 1203//1 1162//1
f 1162//1 1203//1 1160//1
f 1158//1 1204//1 1156//1
f 1156//1 1204//1 1205//1
f 1156//1 1205//1 1206//1
f 1156//1 1206//1 1207//1
f 1207//1 1206//1 1208//1
f 1207//1 1208//1 1209//1
f 1209//1 1210//1 1207//1
f 1207//1 1210//1 1211//1
f 1207//1 1211//1 1212//1
f 1212//1 1211//1 1213//1
f 1212//1 1213//1 1214//1
f 1214//1 1215//1 1212//1
f 1212//1 1215//1 1216//1
f 1212//1 1216//1 1217//1
f 1212//1 1217//1 1218//1
f 1218//1 1217//1 1219//1
f 1218//1 1219//1 1181//1
f 1181//1 1219//1 1179//1
f 1087//1 1220//1 1086//1
f 1086//1 1220//1 1177//1
f 1178//1 1221//1 1176//1
f 1176//1 1221//1 1222//1
f 1176//1 1222//1 1223//1
f 1223//1 1222//1 1224//1
f 1223//1 1224//1 1225//1
f 1225//1 1224//1 1226//1
f 1225//1 1226//1 1227//1
f 1227//1 1226//1 1228//1
f 1227//1 1228//1 1229//1
f 1229//1 1228//1 1230//1
f 1229//1 1230//1 1231//1
f 1231//1 1230//1 1232//1
f 1231//1 1232//1 1233//1
f 1233//1 1232//1 1234//1
f 1233//1 1234//1 1235//1
f 1235//1 1234//1 1236//1
f 1235//1 1236//1 1237//1
f 1237//1 1236//1 1238//1
f 1237//1 1238//1 1239//1
f 1239//1 1238//1 1240//1
f 1239//1 1240//1 1241//1
f 1241//1 1240//1 1242//1
f 1241//1 1242//1 1243//1
f 1243//1 1242//1 1244//1
f 1243//1 1244//1 1245//1
f 1245//1 1244//1 1246//1
f 1245//1 1246//1 1143//1
f 1143//1 1246//1 1145//1
f 1221//1 1247//1 1222//1
f 1222//1 1247//1 1248//1
f 1222//1 1248//1 1249//1
f 1249//1 1248//1 1250//1
f 1249//1 1250//1 1251//1
f 1252//1 1253//1 1251//1
f 1251//1 1253//1 1224//1
f 1251//1 1224//1 1249//1
f 1249//1 1224//1 1222//1
f 1252//1 1254//1 1253//1
f 1253//1 1254//1 1255//1
f 1253//1 1255//1 1256//1
f 1256//1 1255//1 1257//1
f 1256//1 1257//1 1258//1
f 1258//1 1257//1 1259//1
f 1258//1 1259//1 1260//1
f 1260//1 1259//1 1261//1
f 1260//1 1261//1 1262//1
f 1262//1 1261//1 1263//1
f 1262//1 1263//1 1264//1
f 1264//1 1263//1 1265//1
f 1264//1 1265//1 1266//1
f 1266//1 1265//1 1267//1
f 1266//1 1267//1 1268//1
f 1268//1 1267//1 1269//1
f 1268//1 1269//1 1270//1
f 1270//1 1269//1 1271//1
f 1270//1 1271//1 1272//1
f 1272//1 1271//1 1273//1
f 1272//1 1273//1 1274//1
f 1274//1 1273//1 1275//1
f 1274//1 1275//1 1276//1
f 1276//1 1275//1 1277//1
f 1276//1 1277//1 1278//1
f 1278//1 1277//1 1279//1
f 1279//1 1277//1 1275//1
f 1279//1 1275//1 1280//1
f 1280//1 1275//1 1281//1
f 1281//1 1275//1 1273//1
f 1281//1 1273//1 1282//1
f 1282//1 1273//1 1283//1
f 1283//1 1273//1 1271//1
f 1283//1 1271//1 1284//1
f 1284//1 1271//1 1285//1
f 1285//1 1271//1 1269//1
f 1285//1 1269//1 1286//1
f 1286//1 1269//1 1287//1
f 1287//1 1269//1 1288//1
f 1287//1 1288//1 1289//1
f 1289//1 1288//1 1290//1
f 1289//1 1290//1 1291//1
f 1291//1 1290//1 1292//1
f 1291//1 1292//1 1293//1
f 1293//1 1292//1 1294//1
f 1294//1 1292//1 1295//1
f 1294//1 1295//1 1296//1
f 1296//1 1295//1 1297//1
f 1297//1 1295//1 1298//1
f 1297//1 1298//1 1299//1
f 1299//1 1298//1 1261//1
f 1299//1 1261//1 1259//1
f 1255//1 1300//1 1257//1
f 1257//1 1300//1 1301//1
f 1257//1 1301//1 1302//1
f 1303//1 1299//1 1302//1
f 1302//1 1299//1 1259//1
f 1302//1 1259//1 1257//1
f 1303//1 1297//1 1299//1
f 1278//1 1304//1 1276//1
f 1276//1 1304//1 1305//1
f 1276//1 1305//1 1145//1
f 1145//1 1305//1 1147//1
f 1304//1 1306//1 1305//1
f 1305//1 1306//1 1307//1
f 1305//1 1307//1 1147//1
f 1148//1 1308//1 1146//1
f 1146//1 1308//1 1144//1
f 1144//1 1308//1 1309//1
f 1309//1 1308//1 1310//1
f 1309//1 1310//1 1311//1
f 1309//1 1311//1 1312//1
f 1312//1 1311//1 1313//1
f 1312//1 1313//1 1314//1
f 1314//1 1313//1 1315//1
f 1314//1 1315//1 1316//1
f 1314//1 1316//1 1317//1
f 1317//1 1316//1 1318//1
f 1317//1 1318//1 1319//1
f 1317//1 1319//1 1320//1
f 1320//1 1319//1 1321//1
f 1320//1 1321//1 1322//1
f 1320//1 1322//1 1323//1
f 1323//1 1322//1 1324//1
f 1323//1 1324//1 1325//1
f 1323//1 1325//1 1326//1
f 1326//1 1325//1 1327//1
f 1326//1 1327//1 1328//1
f 1328//1 1327//1 1329//1
f 1328//1 1329//1 1330//1
f 1328//1 1330//1 1331//1
f 1331//1 1330//1 1332//1
f 1331//1 1332//1 1333//1
f 1331//1 1333//1 1334//1
f 1334//1 1333//1 1335//1
f 1334//1 1335//1 1336//1
f 1334//1 1336//1 1337//1
f 1337//1 1336//1 1338//1
f 1337//1 1338//1 1339//1
f 1337//1 1339//1 1340//1
f 1340//1 1339//1 1341//1
f 1340//1 1341//1 1342//1
f 1342//1 1341//1 1343//1
f 1342//1 1343//1 1344//1
f 1345//1 1122//1 1344//1
f 1344//1 1122//1 1124//1
f 1344//1 1124//1 1342//1
f 1342//1 1124//1 1126//1
f 1342//1 1126//1 1340//1
f 1340//1 1126//1 1128//1
f 1340//1 1128//1 1346//1
f 1346//1 1128//1 1130//1
f 1346//1 1130//1 1347//1
f 1347//1 1130//1 1132//1
f 1347//1 1132//1 1348//1
f 1348//1 1132//1 1134//1
f 1348//1 1134//1 1349//1
f 1349//1 1134//1 1136//1
f 1349//1 1136//1 1350//1
f 1350//1 1136//1 1138//1
f 1350//1 1138//1 1351//1
f 1351//1 1138//1 1140//1
f 1351//1 1140//1 1352//1
f 1352//1 1140//1 1142//1
f 1352//1 1142//1 1312//1
f 1312//1 1142//1 1144//1
f 1312//1 1144//1 1309//1
f 1345//1 1353//1 1122//1
f 1122//1 1353//1 1120//1
f 1108//1 1354//1 1106//1
f 1106//1 1354//1 1355//1
f 1106//1 1355//1 1356//1
f 1356//1 1355//1 1357//1
f 1356//1 1357//1 1358//1
f 1356//1 1358//1 1359//1
f 1359//1 1358//1 1360//1
f 1359//1 1360//1 1361//1
f 1359//1 1361//1 1362//1
f 1362//1 1361//1 1363//1
f 1362//1 1363//1 1364//1
f 1362//1 1364//1 1365//1
f 1365//1 1364//1 1366//1
f 1365//1 1366//1 1367//1
f 1368//1 1369//1 1367//1
f 1367//1 1369//1 1370//1
f 1367//1 1370//1 1365//1
f 1365//1 1370//1 1362//1
f 1368//1 1371//1 1369//1
f 1369//1 1371//1 1372//1
f 1369//1 1372//1 1373//1
f 1373//1 1372//1 1374//1
f 1373//1 1374//1 1375//1
f 1375//1 1374//1 1376//1
f 1375//1 1376//1 1377//1
f 1377//1 1376//1 1378//1
f 1377//1 1378//1 1379//1
f 1372//1 1380//1 1374//1
f 1374//1 1380//1 1381//1
f 1374//1 1381//1 1376//1
f 1382//1 1383//1 1379//1
f 1379//1 1383//1 1384//1
f 1379//1 1384//1 1377//1
f 1377//1 1384//1 1375//1
f 1382//1 1385//1 1383//1
f 1383//1 1385//1 1386//1
f 1383//1 1386//1 1384//1
f 1384//1 1386//1 1387//1
f 1384//1 1387//1 1388//1
f 1388//1 1387//1 1389//1
f 1388//1 1389//1 1390//1
f 1390//1 1389//1 1096//1
f 1390//1 1096//1 1098//1
f 1386//1 1385//1 1391//1
f 1391//1 1385//1 1392//1
f 1391//1 1392//1 1393//1
f 1391//1 1393//1 1394//1
f 1394//1 1393//1 1395//1
f 1394//1 1395//1 1396//1
f 1394//1 1396//1 1089//1
f 1089//1 1396//1 1397//1
f 1089//1 1397//1 1090//1
f 1175//1 1176//1 1223//1
f 1226//1 1224//1 1253//1
f 1175//1 1223//1 1398//1
f 1398//1 1223//1 1225//1
f 1398//1 1225//1 1399//1
f 1399//1 1225//1 1227//1
f 1399//1 1227//1 1400//1
f 1400//1 1227//1 1229//1
f 1400//1 1229//1 1401//1
f 1401//1 1229//1 1231//1
f 1401//1 1231//1 1402//1
f 1402//1 1231//1 1233//1
f 1402//1 1233//1 1403//1
f 1403//1 1233//1 1235//1
f 1403//1 1235//1 1404//1
f 1404//1 1235//1 1237//1
f 1404//1 1237//1 1405//1
f 1405//1 1237//1 1239//1
f 1405//1 1239//1 1406//1
f 1406//1 1239//1 1241//1
f 1406//1 1241//1 1407//1
f 1407//1 1241//1 1243//1
f 1407//1 1243//1 1408//1
f 1408//1 1243//1 1245//1
f 1408//1 1245//1 1141//1
f 1141//1 1245//1 1143//1
f 1386//1 1391//1 1394//1
f 1394//1 1089//1 1409//1
f 1409//1 1089//1 1091//1
f 1409//1 1091//1 1410//1
f 1410//1 1091//1 1092//1
f 1410//1 1092//1 1094//1
f 1387//1 1386//1 1409//1
f 1409//1 1386//1 1394//1
f 1387//1 1409//1 1410//1
f 1389//1 1387//1 1410//1
f 1389//1 1410//1 1094//1
f 1375//1 1384//1 1388//1
f 1228//1 1226//1 1256//1
f 1256//1 1226//1 1253//1
f 1228//1 1256//1 1258//1
f 1175//1 1398//1 1174//1
f 1174//1 1398//1 1411//1
f 1174//1 1411//1 1151//1
f 1151//1 1411//1 1153//1
f 1411//1 1398//1 1399//1
f 1151//1 1149//1 1174//1
f 1095//1 1093//1 1150//1
f 1096//1 1389//1 1094//1
f 1375//1 1388//1 1412//1
f 1412//1 1388//1 1390//1
f 1412//1 1390//1 1413//1
f 1413//1 1390//1 1098//1
f 1413//1 1098//1 1100//1
f 1272//1 1242//1 1270//1
f 1270//1 1242//1 1240//1
f 1270//1 1240//1 1268//1
f 1268//1 1240//1 1238//1
f 1268//1 1238//1 1266//1
f 1266//1 1238//1 1236//1
f 1266//1 1236//1 1264//1
f 1264//1 1236//1 1234//1
f 1264//1 1234//1 1262//1
f 1262//1 1234//1 1232//1
f 1262//1 1232//1 1260//1
f 1260//1 1232//1 1230//1
f 1260//1 1230//1 1258//1
f 1258//1 1230//1 1228//1
f 1242//1 1272//1 1244//1
f 1244//1 1272//1 1274//1
f 1244//1 1274//1 1246//1
f 1246//1 1274//1 1276//1
f 1246//1 1276//1 1145//1
f 1406//1 1169//1 1405//1
f 1405//1 1169//1 1167//1
f 1405//1 1167//1 1404//1
f 1404//1 1167//1 1165//1
f 1404//1 1165//1 1403//1
f 1403//1 1165//1 1163//1
f 1403//1 1163//1 1402//1
f 1402//1 1163//1 1161//1
f 1402//1 1161//1 1401//1
f 1401//1 1161//1 1414//1
f 1401//1 1414//1 1400//1
f 1400//1 1414//1 1415//1
f 1400//1 1415//1 1399//1
f 1399//1 1415//1 1411//1
f 1169//1 1406//1 1171//1
f 1171//1 1406//1 1407//1
f 1171//1 1407//1 1173//1
f 1173//1 1407//1 1408//1
f 1173//1 1408//1 1139//1
f 1139//1 1408//1 1141//1
f 1168//1 1186//1 1166//1
f 1166//1 1186//1 1185//1
f 1166//1 1185//1 1164//1
f 1164//1 1185//1 1196//1
f 1164//1 1196//1 1162//1
f 1186//1 1168//1 1416//1
f 1416//1 1168//1 1170//1
f 1416//1 1170//1 1417//1
f 1417//1 1170//1 1172//1
f 1417//1 1172//1 1135//1
f 1135//1 1172//1 1137//1
f 1218//1 1418//1 1212//1
f 1212//1 1418//1 1419//1
f 1212//1 1419//1 1207//1
f 1207//1 1419//1 1420//1
f 1207//1 1420//1 1156//1
f 1156//1 1420//1 1421//1
f 1156//1 1421//1 1154//1
f 1154//1 1421//1 1422//1
f 1154//1 1422//1 1152//1
f 1152//1 1422//1 1423//1
f 1152//1 1423//1 1150//1
f 1150//1 1423//1 1095//1
f 1181//1 1188//1 1218//1
f 1218//1 1188//1 1424//1
f 1218//1 1424//1 1418//1
f 1418//1 1424//1 1425//1
f 1418//1 1425//1 1426//1
f 1426//1 1425//1 1427//1
f 1426//1 1427//1 1428//1
f 1428//1 1427//1 1429//1
f 1428//1 1429//1 1430//1
f 1430//1 1429//1 1431//1
f 1430//1 1431//1 1432//1
f 1432//1 1431//1 1433//1
f 1432//1 1433//1 1434//1
f 1434//1 1433//1 1111//1
f 1434//1 1111//1 1107//1
f 1418//1 1426//1 1419//1
f 1419//1 1426//1 1435//1
f 1419//1 1435//1 1420//1
f 1420//1 1435//1 1436//1
f 1420//1 1436//1 1421//1
f 1421//1 1436//1 1437//1
f 1421//1 1437//1 1422//1
f 1422//1 1437//1 1438//1
f 1422//1 1438//1 1423//1
f 1423//1 1438//1 1097//1
f 1423//1 1097//1 1095//1
f 1426//1 1428//1 1435//1
f 1435//1 1428//1 1439//1
f 1435//1 1439//1 1436//1
f 1436//1 1439//1 1440//1
f 1436//1 1440//1 1437//1
f 1437//1 1440//1 1441//1
f 1437//1 1441//1 1438//1
f 1438//1 1441//1 1099//1
f 1438//1 1099//1 1097//1
f 1428//1 1430//1 1439//1
f 1439//1 1430//1 1442//1
f 1439//1 1442//1 1440//1
f 1440//1 1442//1 1443//1
f 1440//1 1443//1 1441//1
f 1441//1 1443//1 1101//1
f 1441//1 1101//1 1099//1
f 1430//1 1432//1 1442//1
f 1442//1 1432//1 1444//1
f 1442//1 1444//1 1443//1
f 1443//1 1444//1 1103//1
f 1443//1 1103//1 1101//1
f 1432//1 1434//1 1444//1
f 1444//1 1434//1 1105//1
f 1444//1 1105//1 1103//1
f 1434//1 1107//1 1105//1
f 1288//1 1269//1 1267//1
f 1288//1 1267//1 1445//1
f 1445//1 1267//1 1265//1
f 1445//1 1265//1 1446//1
f 1446//1 1265//1 1263//1
f 1446//1 1263//1 1298//1
f 1298//1 1263//1 1261//1
f 1359//1 1447//1 1356//1
f 1356//1 1447//1 1104//1
f 1356//1 1104//1 1106//1
f 1104//1 1447//1 1102//1
f 1102//1 1447//1 1448//1
f 1102//1 1448//1 1100//1
f 1100//1 1448//1 1413//1
f 1447//1 1359//1 1449//1
f 1449//1 1359//1 1362//1
f 1449//1 1362//1 1370//1
f 1414//1 1161//1 1157//1
f 1414//1 1157//1 1155//1
f 1292//1 1290//1 1445//1
f 1445//1 1290//1 1288//1
f 1292//1 1445//1 1446//1
f 1153//1 1411//1 1415//1
f 1375//1 1412//1 1373//1
f 1373//1 1412//1 1450//1
f 1373//1 1450//1 1370//1
f 1370//1 1450//1 1449//1
f 1450//1 1412//1 1413//1
f 1370//1 1369//1 1373//1
f 1446//1 1298//1 1295//1
f 1292//1 1446//1 1295//1
f 1155//1 1153//1 1415//1
f 1155//1 1415//1 1414//1
f 1449//1 1450//1 1448//1
f 1448//1 1450//1 1413//1
f 1447//1 1449//1 1448//1
f 1186//1 1416//1 1187//1
f 1187//1 1416//1 1451//1
f 1187//1 1451//1 1189//1
f 1189//1 1451//1 1131//1
f 1189//1 1131//1 1129//1
f 1451//1 1416//1 1417//1
f 1188//1 1190//1 1424//1
f 1424//1 1190//1 1452//1
f 1424//1 1452//1 1425//1
f 1425//1 1452//1 1453//1
f 1425//1 1453//1 1427//1
f 1427//1 1453//1 1454//1
f 1427//1 1454//1 1429//1
f 1429//1 1454//1 1455//1
f 1429//1 1455//1 1431//1
f 1431//1 1455//1 1116//1
f 1431//1 1116//1 1433//1
f 1433//1 1116//1 1114//1
f 1433//1 1114//1 1111//1
f 1135//1 1133//1 1417//1
f 1417//1 1133//1 1451//1
f 1133//1 1131//1 1451//1
f 1190//1 1127//1 1452//1
f 1452//1 1127//1 1125//1
f 1452//1 1125//1 1453//1
f 1453//1 1125//1 1123//1
f 1453//1 1123//1 1454//1
f 1454//1 1123//1 1121//1
f 1454//1 1121//1 1455//1
f 1455//1 1121//1 1118//1
f 1455//1 1118//1 1116//1
f 1314//1 1317//1 1312//1
f 1312//1 1317//1 1352//1
f 1317//1 1320//1 1352//1
f 1352//1 1320//1 1351//1
f 1320//1 1323//1 1351//1
f 1351//1 1323//1 1350//1
f 1323//1 1326//1 1350//1
f 1350//1 1326//1 1349//1
f 1326//1 1328//1 1349//1
f 1349//1 1328//1 1348//1
f 1328//1 1331//1 1348//1
f 1348//1 1331//1 1347//1
f 1337//1 1340//1 1346//1
f 1331//1 1334//1 1347//1
f 1347//1 1334//1 1346//1
f 1334//1 1337//1 1346//1
f 1456//1 1457//1 1458//1
f 1458//1 1457//1 1459//1
f 1458//1 1459//1 1460//1
f 1456//1 1461//1 1457//1
f 1457//1 1461//1 1462//1
f 1462//1 1461//1 1463//1
f 1462//1 1463//1 1464//1
f 1464//1 1463//1 1465//1
f 1464//1 1465//1 1466//1
f 1466//1 1465//1 1467//1
f 1466//1 1467//1 1468//1
f 1468//1 1467//1 1469//1
f 1468//1 1469//1 1470//1
f 1466//1 1468//1 1471//1
f 1471//1 1468//1 1472//1
f 1471//1 1472//1 1473//1
f 1473//1 1472//1 1474//1
f 1474//1 1472//1 1475//1
f 1460//1 1476//1 1458//1
f 1458//1 1476//1 1477//1
f 1458//1 1477//1 1478//1
f 1478//1 1479//1 1458//1
f 1458//1 1479//1 1480//1
f 1458//1 1480//1 1481//1
f 1481//1 1482//1 1458//1
f 1458//1 1482//1 1483//1
f 1458//1 1483//1 1484//1
f 1485//1 1486//1 1484//1
f 1484//1 1486//1 1487//1
f 1484//1 1487//1 1488//1
f 1489//1 1490//1 1485//1
f 1485//1 1490//1 1491//1
f 1485//1 1491//1 1492//1
f 1492//1 1486//1 1485//1
f 1488//1 1458//1 1484//1
f 1493//1 1494//1 1495//1
f 1495//1 1494//1 198//1
f 1495//1 198//1 211//1
f 1494//1 200//1 198//1
f 214//1 1496//1 211//1
f 211//1 1496//1 1497//1
f 211//1 1497//1 1495//1
f 1496//1 214//1 1498//1
f 1498//1 214//1 216//1
f 1498//1 216//1 1499//1
f 1499//1 216//1 218//1
f 1499//1 218//1 219//1
f 1499//1 219//1 1500//1
f 1500//1 219//1 220//1
f 1500//1 220//1 1501//1
f 1501//1 220//1 221//1
f 1458//1 1502//1 1456//1
f 1456//1 1502//1 1503//1
f 1456//1 1503//1 1504//1
f 1502//1 1505//1 1503//1
f 1506//1 1463//1 1504//1
f 1504//1 1463//1 1461//1
f 1504//1 1461//1 1456//1
f 1463//1 1506//1 1465//1
f 1465//1 1506//1 1507//1
f 1465//1 1507//1 1467//1
f 1467//1 1507//1 1508//1
f 1467//1 1508//1 1509//1
f 1467//1 1509//1 1469//1
f 1469//1 1509//1 1510//1
f 1469//1 1510//1 1470//1
f 1470//1 1510//1 1511//1
f 1458//1 1488//1 1502//1
f 1502//1 1488//1 1512//1
f 1502//1 1512//1 1513//1
f 1513//1 1512//1 1514//1
f 1513//1 1514//1 1515//1
f 1515//1 1514//1 1516//1
f 1515//1 1516//1 1517//1
f 1517//1 1516//1 1518//1
f 1517//1 1518//1 1519//1
f 1519//1 1518//1 1520//1
f 1519//1 1520//1 1521//1
f 1521//1 1520//1 1522//1
f 1521//1 1522//1 1523//1
f 1523//1 1522//1 1524//1
f 1523//1 1524//1 1525//1
f 1525//1 1524//1 1526//1
f 1525//1 1526//1 1527//1
f 1527//1 1526//1 1528//1
f 1488//1 1487//1 1512//1
f 1512//1 1487//1 1514//1
f 1514//1 1487//1 1516//1
f 1516//1 1487//1 1486//1
f 1516//1 1486//1 1518//1
f 1518//1 1486//1 1492//1
f 1518//1 1492//1 1520//1
f 1520//1 1492//1 1491//1
f 1520//1 1491//1 1522//1
f 1522//1 1491//1 1490//1
f 1522//1 1490//1 1524//1
f 1524//1 1490//1 1489//1
f 1524//1 1489//1 1526//1
f 1526//1 1489//1 1485//1
f 1527//1 1529//1 1525//1
f 1525//1 1529//1 1523//1
f 1529//1 1530//1 1523//1
f 1523//1 1530//1 1521//1
f 1530//1 1531//1 1521//1
f 1521//1 1531//1 1519//1
f 1531//1 1532//1 1519//1
f 1519//1 1532//1 1517//1
f 1532//1 1533//1 1517//1
f 1517//1 1533//1 1515//1
f 1515//1 1533//1 1513//1
f 1513//1 1533//1 1534//1
f 1513//1 1534//1 1505//1
f 1505//1 1502//1 1513//1
f 203//1 204//1 1535//1
f 1535//1 204//1 1536//1
f 1535//1 1536//1 1537//1
f 1537//1 1536//1 1538//1
f 1537//1 1538//1 1539//1
f 1539//1 1538//1 1540//1
f 1539//1 1540//1 1541//1
f 1541//1 1540//1 1542//1
f 1541//1 1542//1 1543//1
f 1543//1 1542//1 1544//1
f 1543//1 1544//1 1545//1
f 1545//1 1544//1 1546//1
f 1545//1 1546//1 1547//1
f 1547//1 1546//1 1548//1
f 1547//1 1548//1 1549//1
f 1549//1 1548//1 1494//1
f 1549//1 1494//1 1550//1
f 1550//1 1494//1 1493//1
f 204//1 205//1 1536//1
f 1536//1 205//1 1538//1
f 1538//1 205//1 1540//1
f 1540//1 205//1 206//1
f 1540//1 206//1 1542//1
f 1542//1 206//1 207//1
f 1542//1 207//1 1544//1
f 1544//1 207//1 208//1
f 1544//1 208//1 1546//1
f 1546//1 208//1 210//1
f 1546//1 210//1 1548//1
f 1548//1 210//1 209//1
f 1548//1 209//1 1494//1
f 1494//1 209//1 200//1
f 1550//1 1551//1 1549//1
f 1549//1 1551//1 1547//1
f 1551//1 1552//1 1547//1
f 1547//1 1552//1 1545//1
f 1552//1 1553//1 1545//1
f 1545//1 1553//1 1543//1
f 1553//1 1554//1 1543//1
f 1543//1 1554//1 1541//1
f 1554//1 1555//1 1541//1
f 1541//1 1555//1 1539//1
f 1539//1 1555//1 1537//1
f 1537//1 1555//1 1556//1
f 1537//1 1556//1 1557//1
f 1557//1 1535//1 1537//1
f 1558//1 1559//1 1560//1
f 1560//1 1559//1 1561//1
f 1561//1 1559//1 226//1
f 1561//1 226//1 1535//1
f 1535//1 226//1 201//1
f 1535//1 201//1 202//1
f 202//1 203//1 1535//1
f 1535//1 1557//1 1561//1
f 199//1 1562//1 197//1
f 197//1 1562//1 1563//1
f 197//1 1563//1 1564//1
f 1562//1 1565//1 1563//1
f 1566//1 213//1 1564//1
f 1564//1 213//1 212//1
f 1564//1 212//1 197//1
f 213//1 1566//1 215//1
f 215//1 1566//1 1567//1
f 215//1 1567//1 223//1
f 223//1 1567//1 1568//1
f 223//1 1568//1 1569//1
f 223//1 1569//1 224//1
f 224//1 1569//1 1570//1
f 224//1 1570//1 225//1
f 225//1 1570//1 1571//1
f 1558//1 1572//1 1559//1
f 1559//1 1572//1 1573//1
f 1559//1 1573//1 1574//1
f 1574//1 1573//1 1575//1
f 1574//1 1575//1 1576//1
f 1576//1 1575//1 1577//1
f 1576//1 1577//1 1578//1
f 1578//1 1577//1 1579//1
f 1578//1 1579//1 1580//1
f 1580//1 1579//1 1581//1
f 1580//1 1581//1 1582//1
f 1582//1 1581//1 1583//1
f 1582//1 1583//1 1584//1
f 1584//1 1583//1 1585//1
f 1584//1 1585//1 1586//1
f 1586//1 1585//1 1562//1
f 1586//1 1562//1 233//1
f 233//1 1562//1 199//1
f 1572//1 1587//1 1573//1
f 1573//1 1587//1 1575//1
f 1587//1 1588//1 1575//1
f 1575//1 1588//1 1577//1
f 1588//1 1589//1 1577//1
f 1577//1 1589//1 1579//1
f 1589//1 1590//1 1579//1
f 1579//1 1590//1 1581//1
f 1590//1 1591//1 1581//1
f 1581//1 1591//1 1583//1
f 1583//1 1591//1 1585//1
f 1585//1 1591//1 1592//1
f 1585//1 1592//1 1565//1
f 1565//1 1562//1 1585//1
f 233//1 232//1 1586//1
f 1586//1 232//1 1584//1
f 1584//1 232//1 1582//1
f 1582//1 232//1 231//1
f 1582//1 231//1 1580//1
f 1580//1 231//1 230//1
f 1580//1 230//1 1578//1
f 1578//1 230//1 229//1
f 1578//1 229//1 1576//1
f 1576//1 229//1 228//1
f 1576//1 228//1 1574//1
f 1574//1 228//1 227//1
f 1574//1 227//1 1559//1
f 1559//1 227//1 226//1
f 1593//1 1594//1 1595//1
f 1595//1 1594//1 272//1
f 1595//1 272//1 285//1
f 1594//1 274//1 272//1
f 288//1 1596//1 285//1
f 285//1 1596//1 1597//1
f 285//1 1597//1 1595//1
f 1596//1 288//1 1598//1
f 1598//1 288//1 290//1
f 1598//1 290//1 1599//1
f 1599//1 290//1 292//1
f 1599//1 292//1 293//1
f 1599//1 293//1 1600//1
f 1600//1 293//1 294//1
f 1600//1 294//1 1601//1
f 1601//1 294//1 295//1
f 277//1 278//1 1602//1
f 1602//1 278//1 1603//1
f 1602//1 1603//1 1604//1
f 1604//1 1603//1 1605//1
f 1604//1 1605//1 1606//1
f 1606//1 1605//1 1607//1
f 1606//1 1607//1 1608//1
f 1608//1 1607//1 1609//1
f 1608//1 1609//1 1610//1
f 1610//1 1609//1 1611//1
f 1610//1 1611//1 1612//1
f 1612//1 1611//1 1613//1
f 1612//1 1613//1 1614//1
f 1614//1 1613//1 1615//1
f 1614//1 1615//1 1616//1
f 1616//1 1615//1 1594//1
f 1616//1 1594//1 1617//1
f 1617//1 1594//1 1593//1
f 278//1 279//1 1603//1
f 1603//1 279//1 1605//1
f 279//1 280//1 1605//1
f 1605//1 280//1 1607//1
f 280//1 282//1 1607//1
f 1607//1 282//1 1609//1
f 282//1 284//1 1609//1
f 1609//1 284//1 1611//1
f 284//1 283//1 1611//1
f 1611//1 283//1 1613//1
f 1613//1 283//1 1615//1
f 1615//1 283//1 281//1
f 1615//1 281//1 274//1
f 274//1 1594//1 1615//1
f 1617//1 1618//1 1616//1
f 1616//1 1618//1 1614//1
f 1614//1 1618//1 1612//1
f 1612//1 1618//1 1619//1
f 1612//1 1619//1 1610//1
f 1610//1 1619//1 1620//1
f 1610//1 1620//1 1608//1
f 1608//1 1620//1 1621//1
f 1608//1 1621//1 1606//1
f 1606//1 1621//1 1622//1
f 1606//1 1622//1 1604//1
f 1604//1 1622//1 1623//1
f 1604//1 1623//1 1602//1
f 1602//1 1623//1 1624//1
f 1625//1 1626//1 1627//1
f 1627//1 1626//1 1628//1
f 1628//1 1626//1 300//1
f 1628//1 300//1 1602//1
f 1602//1 300//1 275//1
f 1602//1 275//1 276//1
f 276//1 277//1 1602//1
f 1602//1 1624//1 1628//1
f 273//1 1629//1 271//1
f 271//1 1629//1 1630//1
f 271//1 1630//1 1631//1
f 1629//1 1632//1 1630//1
f 1633//1 287//1 1631//1
f 1631//1 287//1 286//1
f 1631//1 286//1 271//1
f 287//1 1633//1 289//1
f 289//1 1633//1 1634//1
f 289//1 1634//1 297//1
f 297//1 1634//1 1635//1
f 297//1 1635//1 1636//1
f 297//1 1636//1 298//1
f 298//1 1636//1 1637//1
f 298//1 1637//1 299//1
f 299//1 1637//1 1638//1
f 1625//1 1639//1 1626//1
f 1626//1 1639//1 1640//1
f 1626//1 1640//1 1641//1
f 1641//1 1640//1 1642//1
f 1641//1 1642//1 1643//1
f 1643//1 1642//1 1644//1
f 1643//1 1644//1 1645//1
f 1645//1 1644//1 1646//1
f 1645//1 1646//1 1647//1
f 1647//1 1646//1 1648//1
f 1647//1 1648//1 1649//1
f 1649//1 1648//1 1650//1
f 1649//1 1650//1 1651//1
f 1651//1 1650//1 1652//1
f 1651//1 1652//1 1653//1
f 1653//1 1652//1 1629//1
f 1653//1 1629//1 307//1
f 307//1 1629//1 273//1
f 1639//1 1654//1 1640//1
f 1640//1 1654//1 1642//1
f 1654//1 1655//1 1642//1
f 1642//1 1655//1 1644//1
f 1655//1 1656//1 1644//1
f 1644//1 1656//1 1646//1
f 1656//1 1657//1 1646//1
f 1646//1 1657//1 1648//1
f 1657//1 1658//1 1648//1
f 1648//1 1658//1 1650//1
f 1650//1 1658//1 1652//1
f 1652//1 1658//1 1659//1
f 1652//1 1659//1 1632//1
f 1632//1 1629//1 1652//1
f 307//1 306//1 1653//1
f 1653//1 306//1 1651//1
f 1651//1 306//1 1649//1
f 1649//1 306//1 305//1
f 1649//1 305//1 1647//1
f 1647//1 305//1 304//1
f 1647//1 304//1 1645//1
f 1645//1 304//1 303//1
f 1645//1 303//1 1643//1
f 1643//1 303//1 302//1
f 1643//1 302//1 1641//1
f 1641//1 302//1 301//1
f 1641//1 301//1 1626//1
f 1626//1 301//1 300//1
f 1660//1 1661//1 1662//1
f 1662//1 1661//1 346//1
f 1662//1 346//1 355//1
f 1661//1 348//1 346//1
f 358//1 1663//1 355//1
f 355//1 1663//1 1664//1
f 355//1 1664//1 1662//1
f 1663//1 358//1 1665//1
f 1665//1 358//1 360//1
f 1665//1 360//1 1666//1
f 1666//1 360//1 369//1
f 1666//1 369//1 368//1
f 1666//1 368//1 1667//1
f 1667//1 368//1 367//1
f 1667//1 367//1 1668//1
f 1668//1 367//1 366//1
f 350//1 351//1 1669//1
f 1669//1 351//1 1670//1
f 1669//1 1670//1 1671//1
f 1671//1 1670//1 1672//1
f 1671//1 1672//1 1673//1
f 1673//1 1672//1 1674//1
f 1673//1 1674//1 1675//1
f 1675//1 1674//1 1676//1
f 1675//1 1676//1 1677//1
f 1677//1 1676//1 1678//1
f 1677//1 1678//1 1679//1
f 1679//1 1678//1 1680//1
f 1679//1 1680//1 1681//1
f 1681//1 1680//1 1682//1
f 1681//1 1682//1 1683//1
f 1683//1 1682//1 1661//1
f 1683//1 1661//1 1684//1
f 1684//1 1661//1 1660//1
f 351//1 352//1 1670//1
f 1670//1 352//1 1672//1
f 352//1 372//1 1672//1
f 1672//1 372//1 1674//1
f 372//1 371//1 1674//1
f 1674//1 371//1 1676//1
f 371//1 370//1 1676//1
f 1676//1 370//1 1678//1
f 370//1 354//1 1678//1
f 1678//1 354//1 1680//1
f 1680//1 354//1 1682//1
f 1682//1 354//1 353//1
f 1682//1 353//1 348//1
f 348//1 1661//1 1682//1
f 1684//1 1685//1 1683//1
f 1683//1 1685//1 1681//1
f 1681//1 1685//1 1679//1
f 1679//1 1685//1 1686//1
f 1679//1 1686//1 1677//1
f 1677//1 1686//1 1687//1
f 1677//1 1687//1 1675//1
f 1675//1 1687//1 1688//1
f 1675//1 1688//1 1673//1
f 1673//1 1688//1 1689//1
f 1673//1 1689//1 1671//1
f 1671//1 1689//1 1690//1
f 1671//1 1690//1 1669//1
f 1669//1 1690//1 1691//1
f 1692//1 1693//1 1694//1
f 1694//1 1693//1 1695//1
f 1695//1 1693//1 374//1
f 1695//1 374//1 1669//1
f 1669//1 374//1 373//1
f 1669//1 373//1 349//1
f 349//1 350//1 1669//1
f 1669//1 1691//1 1695//1
f 347//1 1696//1 345//1
f 345//1 1696//1 1697//1
f 345//1 1697//1 1698//1
f 1696//1 1699//1 1697//1
f 1700//1 357//1 1698//1
f 1698//1 357//1 356//1
f 1698//1 356//1 345//1
f 357//1 1700//1 359//1
f 359//1 1700//1 1701//1
f 359//1 1701//1 363//1
f 363//1 1701//1 1702//1
f 363//1 1702//1 1703//1
f 363//1 1703//1 364//1
f 364//1 1703//1 1704//1
f 364//1 1704//1 365//1
f 365//1 1704//1 1705//1
f 1692//1 1706//1 1693//1
f 1693//1 1706//1 1707//1
f 1693//1 1707//1 1708//1
f 1708//1 1707//1 1709//1
f 1708//1 1709//1 1710//1
f 1710//1 1709//1 1711//1
f 1710//1 1711//1 1712//1
f 1712//1 1711//1 1713//1
f 1712//1 1713//1 1714//1
f 1714//1 1713//1 1715//1
f 1714//1 1715//1 1716//1
f 1716//1 1715//1 1717//1
f 1716//1 1717//1 1718//1
f 1718//1 1717//1 1719//1
f 1718//1 1719//1 1720//1
f 1720//1 1719//1 1696//1
f 1720//1 1696//1 378//1
f 378//1 1696//1 347//1
f 1706//1 1721//1 1707//1
f 1707//1 1721//1 1709//1
f 1721//1 1722//1 1709//1
f 1709//1 1722//1 1711//1
f 1722//1 1723//1 1711//1
f 1711//1 1723//1 1713//1
f 1723//1 1724//1 1713//1
f 1713//1 1724//1 1715//1
f 1724//1 1725//1 1715//1
f 1715//1 1725//1 1717//1
f 1717//1 1725//1 1719//1
f 1719//1 1725//1 1726//1
f 1719//1 1726//1 1699//1
f 1699//1 1696//1 1719//1
f 378//1 377//1 1720//1
f 1720//1 377//1 1718//1
f 1718//1 377//1 1716//1
f 1716//1 377//1 380//1
f 1716//1 380//1 1714//1
f 1714//1 380//1 381//1
f 1714//1 381//1 1712//1
f 1712//1 381//1 379//1
f 1712//1 379//1 1710//1
f 1710//1 379//1 376//1
f 1710//1 376//1 1708//1
f 1708//1 376//1 375//1
f 1708//1 375//1 1693//1
f 1693//1 375//1 374//1
f 1727//1 1728//1 1729//1
f 1729//1 1728//1 423//1
f 1729//1 423//1 425//1
f 1728//1 421//1 423//1
f 427//1 1730//1 425//1
f 425//1 1730//1 1731//1
f 425//1 1731//1 1729//1
f 1730//1 427//1 1732//1
f 1732//1 427//1 429//1
f 1732//1 429//1 1733//1
f 1733//1 429//1 438//1
f 1733//1 438//1 437//1
f 1733//1 437//1 1734//1
f 1734//1 437//1 436//1
f 1734//1 436//1 1735//1
f 1735//1 436//1 435//1
f 446//1 445//1 1736//1
f 1736//1 445//1 1737//1
f 1736//1 1737//1 1738//1
f 1738//1 1737//1 1739//1
f 1738//1 1739//1 1740//1
f 1740//1 1739//1 1741//1
f 1740//1 1741//1 1742//1
f 1742//1 1741//1 1743//1
f 1742//1 1743//1 1744//1
f 1744//1 1743//1 1745//1
f 1744//1 1745//1 1746//1
f 1746//1 1745//1 1747//1
f 1746//1 1747//1 1748//1
f 1748//1 1747//1 1749//1
f 1748//1 1749//1 1750//1
f 1750//1 1749//1 1728//1
f 1750//1 1728//1 1751//1
f 1751//1 1728//1 1727//1
f 445//1 444//1 1737//1
f 1737//1 444//1 1739//1
f 444//1 443//1 1739//1
f 1739//1 443//1 1741//1
f 443//1 442//1 1741//1
f 1741//1 442//1 1743//1
f 442//1 441//1 1743//1
f 1743//1 441//1 1745//1
f 441//1 440//1 1745//1
f 1745//1 440//1 1747//1
f 1747//1 440//1 1749//1
f 1749//1 440//1 439//1
f 1749//1 439//1 421//1
f 421//1 1728//1 1749//1
f 1751//1 1752//1 1750//1
f 1750//1 1752//1 1748//1
f 1748//1 1752//1 1746//1
f 1746//1 1752//1 1753//1
f 1746//1 1753//1 1744//1
f 1744//1 1753//1 1754//1
f 1744//1 1754//1 1742//1
f 1742//1 1754//1 1755//1
f 1742//1 1755//1 1740//1
f 1740//1 1755//1 1756//1
f 1740//1 1756//1 1738//1
f 1738//1 1756//1 1757//1
f 1738//1 1757//1 1736//1
f 1736//1 1757//1 1758//1
f 1759//1 1760//1 1761//1
f 1761//1 1760//1 1762//1
f 1762//1 1760//1 449//1
f 1762//1 449//1 1736//1
f 1736//1 449//1 448//1
f 1736//1 448//1 447//1
f 447//1 446//1 1736//1
f 1736//1 1758//1 1762//1
f 420//1 1763//1 422//1
f 422//1 1763//1 1764//1
f 422//1 1764//1 1765//1
f 1763//1 1766//1 1764//1
f 1767//1 426//1 1765//1
f 1765//1 426//1 424//1
f 1765//1 424//1 422//1
f 426//1 1767//1 428//1
f 428//1 1767//1 1768//1
f 428//1 1768//1 432//1
f 432//1 1768//1 1769//1
f 432//1 1769//1 1770//1
f 432//1 1770//1 433//1
f 433//1 1770//1 1771//1
f 433//1 1771//1 434//1
f 434//1 1771//1 1772//1
f 1759//1 1773//1 1760//1
f 1760//1 1773//1 1774//1
f 1760//1 1774//1 1775//1
f 1775//1 1774//1 1776//1
f 1775//1 1776//1 1777//1
f 1777//1 1776//1 1778//1
f 1777//1 1778//1 1779//1
f 1779//1 1778//1 1780//1
f 1779//1 1780//1 1781//1
f 1781//1 1780//1 1782//1
f 1781//1 1782//1 1783//1
f 1783//1 1782//1 1784//1
f 1783//1 1784//1 1785//1
f 1785//1 1784//1 1786//1
f 1785//1 1786//1 1787//1
f 1787//1 1786//1 1763//1
f 1787//1 1763//1 419//1
f 419//1 1763//1 420//1
f 1773//1 1788//1 1774//1
f 1774//1 1788//1 1776//1
f 1788//1 1789//1 1776//1
f 1776//1 1789//1 1778//1
f 1789//1 1790//1 1778//1
f 1778//1 1790//1 1780//1
f 1790//1 1791//1 1780//1
f 1780//1 1791//1 1782//1
f 1791//1 1792//1 1782//1
f 1782//1 1792//1 1784//1
f 1784//1 1792//1 1786//1
f 1786//1 1792//1 1793//1
f 1786//1 1793//1 1766//1
f 1766//1 1763//1 1786//1
f 419//1 455//1 1787//1
f 1787//1 455//1 1785//1
f 1785//1 455//1 1783//1
f 1783//1 455//1 454//1
f 1783//1 454//1 1781//1
f 1781//1 454//1 453//1
f 1781//1 453//1 1779//1
f 1779//1 453//1 452//1
f 1779//1 452//1 1777//1
f 1777//1 452//1 451//1
f 1777//1 451//1 1775//1
f 1775//1 451//1 450//1
f 1775//1 450//1 1760//1
f 1760//1 450//1 449//1
f 1794//1 1795//1 1796//1
f 1796//1 1795//1 494//1
f 1796//1 494//1 510//1
f 1795//1 496//1 494//1
f 513//1 1797//1 510//1
f 510//1 1797//1 1798//1
f 510//1 1798//1 1796//1
f 1797//1 513//1 1799//1
f 1799//1 513//1 515//1
f 1799//1 515//1 1800//1
f 1800//1 515//1 517//1
f 1800//1 517//1 518//1
f 1800//1 518//1 1801//1
f 1801//1 518//1 519//1
f 1801//1 519//1 1802//1
f 1802//1 519//1 520//1
f 507//1 529//1 1803//1
f 1803//1 529//1 1804//1
f 1803//1 1804//1 1805//1
f 1805//1 1804//1 1806//1
f 1805//1 1806//1 1807//1
f 1807//1 1806//1 1808//1
f 1807//1 1808//1 1809//1
f 1809//1 1808//1 1810//1
f 1809//1 1810//1 1811//1
f 1811//1 1810//1 1812//1
f 1811//1 1812//1 1813//1
f 1813//1 1812//1 1814//1
f 1813//1 1814//1 1815//1
f 1815//1 1814//1 1816//1
f 1815//1 1816//1 1817//1
f 1817//1 1816//1 1795//1
f 1817//1 1795//1 1818//1
f 1818//1 1795//1 1794//1
f 529//1 528//1 1804//1
f 1804//1 528//1 1806//1
f 528//1 527//1 1806//1
f 1806//1 527//1 1808//1
f 527//1 526//1 1808//1
f 1808//1 526//1 1810//1
f 526//1 525//1 1810//1
f 1810//1 525//1 1812//1
f 525//1 509//1 1812//1
f 1812//1 509//1 1814//1
f 1814//1 509//1 1816//1
f 1816//1 509//1 508//1
f 1816//1 508//1 496//1
f 496//1 1795//1 1816//1
f 1818//1 1819//1 1817//1
f 1817//1 1819//1 1815//1
f 1815//1 1819//1 1813//1
f 1813//1 1819//1 1820//1
f 1813//1 1820//1 1811//1
f 1811//1 1820//1 1821//1
f 1811//1 1821//1 1809//1
f 1809//1 1821//1 1822//1
f 1809//1 1822//1 1807//1
f 1807//1 1822//1 1823//1
f 1807//1 1823//1 1805//1
f 1805//1 1823//1 1824//1
f 1805//1 1824//1 1803//1
f 1803//1 1824//1 1825//1
f 1826//1 1827//1 1828//1
f 1828//1 1827//1 1829//1
f 1829//1 1827//1 504//1
f 1829//1 504//1 1803//1
f 1803//1 504//1 505//1
f 1803//1 505//1 506//1
f 506//1 507//1 1803//1
f 1803//1 1825//1 1829//1
f 495//1 1830//1 493//1
f 493//1 1830//1 1831//1
f 493//1 1831//1 1832//1
f 1830//1 1833//1 1831//1
f 1834//1 512//1 1832//1
f 1832//1 512//1 511//1
f 1832//1 511//1 493//1
f 512//1 1834//1 514//1
f 514//1 1834//1 1835//1
f 514//1 1835//1 521//1
f 521//1 1835//1 1836//1
f 521//1 1836//1 1837//1
f 521//1 1837//1 523//1
f 523//1 1837//1 1838//1
f 523//1 1838//1 524//1
f 524//1 1838//1 1839//1
f 1826//1 1840//1 1827//1
f 1827//1 1840//1 1841//1
f 1827//1 1841//1 1842//1
f 1842//1 1841//1 1843//1
f 1842//1 1843//1 1844//1
f 1844//1 1843//1 1845//1
f 1844//1 1845//1 1846//1
f 1846//1 1845//1 1847//1
f 1846//1 1847//1 1848//1
f 1848//1 1847//1 1849//1
f 1848//1 1849//1 1850//1
f 1850//1 1849//1 1851//1
f 1850//1 1851//1 1852//1
f 1852//1 1851//1 1853//1
f 1852//1 1853//1 1854//1
f 1854//1 1853//1 1830//1
f 1854//1 1830//1 497//1
f 497//1 1830//1 495//1
f 1840//1 1855//1 1841//1
f 1841//1 1855//1 1843//1
f 1855//1 1856//1 1843//1
f 1843//1 1856//1 1845//1
f 1856//1 1857//1 1845//1
f 1845//1 1857//1 1847//1
f 1857//1 1858//1 1847//1
f 1847//1 1858//1 1849//1
f 1858//1 1859//1 1849//1
f 1849//1 1859//1 1851//1
f 1851//1 1859//1 1853//1
f 1853//1 1859//1 1860//1
f 1853//1 1860//1 1833//1
f 1833//1 1830//1 1853//1
f 497//1 498//1 1854//1
f 1854//1 498//1 1852//1
f 1852//1 498//1 1850//1
f 1850//1 498//1 499//1
f 1850//1 499//1 1848//1
f 1848//1 499//1 500//1
f 1848//1 500//1 1846//1
f 1846//1 500//1 501//1
f 1846//1 501//1 1844//1
f 1844//1 501//1 502//1
f 1844//1 502//1 1842//1
f 1842//1 502//1 503//1
f 1842//1 503//1 1827//1
f 1827//1 503//1 504//1
f 1861//1 1862//1 1863//1
f 1863//1 1862//1 568//1
f 1863//1 568//1 576//1
f 1862//1 570//1 568//1
f 579//1 1864//1 576//1
f 576//1 1864//1 1865//1
f 576//1 1865//1 1863//1
f 1864//1 579//1 1866//1
f 1866//1 579//1 581//1
f 1866//1 581//1 1867//1
f 1867//1 581//1 583//1
f 1867//1 583//1 585//1
f 1867//1 585//1 1868//1
f 1868//1 585//1 586//1
f 1868//1 586//1 1869//1
f 1869//1 586//1 587//1
f 592//1 597//1 1870//1
f 1870//1 597//1 1871//1
f 1870//1 1871//1 1872//1
f 1872//1 1871//1 1873//1
f 1872//1 1873//1 1874//1
f 1874//1 1873//1 1875//1
f 1874//1 1875//1 1876//1
f 1876//1 1875//1 1877//1
f 1876//1 1877//1 1878//1
f 1878//1 1877//1 1879//1
f 1878//1 1879//1 1880//1
f 1880//1 1879//1 1881//1
f 1880//1 1881//1 1882//1
f 1882//1 1881//1 1883//1
f 1882//1 1883//1 1884//1
f 1884//1 1883//1 1862//1
f 1884//1 1862//1 1885//1
f 1885//1 1862//1 1861//1
f 597//1 596//1 1871//1
f 1871//1 596//1 1873//1
f 596//1 595//1 1873//1
f 1873//1 595//1 1875//1
f 595//1 591//1 1875//1
f 1875//1 591//1 1877//1
f 591//1 575//1 1877//1
f 1877//1 575//1 1879//1
f 575//1 574//1 1879//1
f 1879//1 574//1 1881//1
f 1881//1 574//1 1883//1
f 1883//1 574//1 572//1
f 1883//1 572//1 570//1
f 570//1 1862//1 1883//1
f 1885//1 1886//1 1884//1
f 1884//1 1886//1 1882//1
f 1882//1 1886//1 1880//1
f 1880//1 1886//1 1887//1
f 1880//1 1887//1 1878//1
f 1878//1 1887//1 1888//1
f 1878//1 1888//1 1876//1
f 1876//1 1888//1 1889//1
f 1876//1 1889//1 1874//1
f 1874//1 1889//1 1890//1
f 1874//1 1890//1 1872//1
f 1872//1 1890//1 1891//1
f 1872//1 1891//1 1870//1
f 1870//1 1891//1 1892//1
f 1893//1 1894//1 1895//1
f 1895//1 1894//1 1896//1
f 1896//1 1894//1 598//1
f 1896//1 598//1 1870//1
f 1870//1 598//1 594//1
f 1870//1 594//1 593//1
f 593//1 592//1 1870//1
f 1870//1 1892//1 1896//1
f 569//1 1897//1 567//1
f 567//1 1897//1 1898//1
f 567//1 1898//1 1899//1
f 1897//1 1900//1 1898//1
f 1901//1 578//1 1899//1
f 1899//1 578//1 577//1
f 1899//1 577//1 567//1
f 578//1 1901//1 580//1
f 580//1 1901//1 1902//1
f 580//1 1902//1 582//1
f 582//1 1902//1 1903//1
f 582//1 1903//1 1904//1
f 582//1 1904//1 589//1
f 589//1 1904//1 1905//1
f 589//1 1905//1 590//1
f 590//1 1905//1 1906//1
f 1893//1 1907//1 1894//1
f 1894//1 1907//1 1908//1
f 1894//1 1908//1 1909//1
f 1909//1 1908//1 1910//1
f 1909//1 1910//1 1911//1
f 1911//1 1910//1 1912//1
f 1911//1 1912//1 1913//1
f 1913//1 1912//1 1914//1
f 1913//1 1914//1 1915//1
f 1915//1 1914//1 1916//1
f 1915//1 1916//1 1917//1
f 1917//1 1916//1 1918//1
f 1917//1 1918//1 1919//1
f 1919//1 1918//1 1920//1
f 1919//1 1920//1 1921//1
f 1921//1 1920//1 1897//1
f 1921//1 1897//1 571//1
f 571//1 1897//1 569//1
f 1907//1 1922//1 1908//1
f 1908//1 1922//1 1910//1
f 1922//1 1923//1 1910//1
f 1910//1 1923//1 1912//1
f 1923//1 1924//1 1912//1
f 1912//1 1924//1 1914//1
f 1924//1 1925//1 1914//1
f 1914//1 1925//1 1916//1
f 1925//1 1926//1 1916//1
f 1916//1 1926//1 1918//1
f 1918//1 1926//1 1920//1
f 1920//1 1926//1 1927//1
f 1920//1 1927//1 1900//1
f 1900//1 1897//1 1920//1
f 571//1 573//1 1921//1
f 1921//1 573//1 1919//1
f 1919//1 573//1 1917//1
f 1917//1 573//1 603//1
f 1917//1 603//1 1915//1
f 1915//1 603//1 602//1
f 1915//1 602//1 1913//1
f 1913//1 602//1 601//1
f 1913//1 601//1 1911//1
f 1911//1 601//1 600//1
f 1911//1 600//1 1909//1
f 1909//1 600//1 599//1
f 1909//1 599//1 1894//1
f 1894//1 599//1 598//1
f 1928//1 1929//1 1930//1
f 1930//1 1929//1 642//1
f 1930//1 642//1 646//1
f 1929//1 644//1 642//1
f 649//1 1931//1 646//1
f 646//1 1931//1 1932//1
f 646//1 1932//1 1930//1
f 1931//1 649//1 1933//1
f 1933//1 649//1 651//1
f 1933//1 651//1 1934//1
f 1934//1 651//1 657//1
f 1934//1 657//1 658//1
f 1934//1 658//1 1935//1
f 1935//1 658//1 659//1
f 1935//1 659//1 1936//1
f 1936//1 659//1 660//1
f 667//1 666//1 1937//1
f 1937//1 666//1 1938//1
f 1937//1 1938//1 1939//1
f 1939//1 1938//1 1940//1
f 1939//1 1940//1 1941//1
f 1941//1 1940//1 1942//1
f 1941//1 1942//1 1943//1
f 1943//1 1942//1 1944//1
f 1943//1 1944//1 1945//1
f 1945//1 1944//1 1946//1
f 1945//1 1946//1 1947//1
f 1947//1 1946//1 1948//1
f 1947//1 1948//1 1949//1
f 1949//1 1948//1 1950//1
f 1949//1 1950//1 1951//1
f 1951//1 1950//1 1929//1
f 1951//1 1929//1 1952//1
f 1952//1 1929//1 1928//1
f 666//1 665//1 1938//1
f 1938//1 665//1 1940//1
f 665//1 664//1 1940//1
f 1940//1 664//1 1942//1
f 664//1 663//1 1942//1
f 1942//1 663//1 1944//1
f 663//1 662//1 1944//1
f 1944//1 662//1 1946//1
f 662//1 661//1 1946//1
f 1946//1 661//1 1948//1
f 1948//1 661//1 1950//1
f 1950//1 661//1 645//1
f 1950//1 645//1 644//1
f 644//1 1929//1 1950//1
f 1952//1 1953//1 1951//1
f 1951//1 1953//1 1949//1
f 1949//1 1953//1 1947//1
f 1947//1 1953//1 1954//1
f 1947//1 1954//1 1945//1
f 1945//1 1954//1 1955//1
f 1945//1 1955//1 1943//1
f 1943//1 1955//1 1956//1
f 1943//1 1956//1 1941//1
f 1941//1 1956//1 1957//1
f 1941//1 1957//1 1939//1
f 1939//1 1957//1 1958//1
f 1939//1 1958//1 1937//1
f 1937//1 1958//1 1959//1
f 1960//1 1961//1 1962//1
f 1962//1 1961//1 1963//1
f 1963//1 1961//1 670//1
f 1963//1 670//1 1937//1
f 1937//1 670//1 669//1
f 1937//1 669//1 668//1
f 668//1 667//1 1937//1
f 1937//1 1959//1 1963//1
f 643//1 1964//1 641//1
f 641//1 1964//1 1965//1
f 641//1 1965//1 1966//1
f 1964//1 1967//1 1965//1
f 1968//1 648//1 1966//1
f 1966//1 648//1 647//1
f 1966//1 647//1 641//1
f 648//1 1968//1 650//1
f 650//1 1968//1 1969//1
f 650//1 1969//1 652//1
f 652//1 1969//1 1970//1
f 652//1 1970//1 1971//1
f 652//1 1971//1 654//1
f 654//1 1971//1 1972//1
f 654//1 1972//1 655//1
f 655//1 1972//1 1973//1
f 1960//1 1974//1 1961//1
f 1961//1 1974//1 1975//1
f 1961//1 1975//1 1976//1
f 1976//1 1975//1 1977//1
f 1976//1 1977//1 1978//1
f 1978//1 1977//1 1979//1
f 1978//1 1979//1 1980//1
f 1980//1 1979//1 1981//1
f 1980//1 1981//1 1982//1
f 1982//1 1981//1 1983//1
f 1982//1 1983//1 1984//1
f 1984//1 1983//1 1985//1
f 1984//1 1985//1 1986//1
f 1986//1 1985//1 1987//1
f 1986//1 1987//1 1988//1
f 1988//1 1987//1 1964//1
f 1988//1 1964//1 671//1
f 671//1 1964//1 643//1
f 1974//1 1989//1 1975//1
f 1975//1 1989//1 1977//1
f 1989//1 1990//1 1977//1
f 1977//1 1990//1 1979//1
f 1990//1 1991//1 1979//1
f 1979//1 1991//1 1981//1
f 1991//1 1992//1 1981//1
f 1981//1 1992//1 1983//1
f 1992//1 1993//1 1983//1
f 1983//1 1993//1 1985//1
f 1985//1 1993//1 1987//1
f 1987//1 1993//1 1994//1
f 1987//1 1994//1 1967//1
f 1967//1 1964//1 1987//1
f 671//1 672//1 1988//1
f 1988//1 672//1 1986//1
f 1986//1 672//1 1984//1
f 1984//1 672//1 673//1
f 1984//1 673//1 1982//1
f 1982//1 673//1 674//1
f 1982//1 674//1 1980//1
f 1980//1 674//1 675//1
f 1980//1 675//1 1978//1
f 1978//1 675//1 676//1
f 1978//1 676//1 1976//1
f 1976//1 676//1 677//1
f 1976//1 677//1 1961//1
f 1961//1 677//1 670//1
f 1995//1 1996//1 1997//1
f 1997//1 1996//1 753//1
f 1997//1 753//1 757//1
f 1996//1 755//1 753//1
f 760//1 1998//1 757//1
f 757//1 1998//1 1999//1
f 757//1 1999//1 1997//1
f 1998//1 760//1 2000//1
f 2000//1 760//1 762//1
f 2000//1 762//1 2001//1
f 2001//1 762//1 764//1
f 2001//1 764//1 765//1
f 2001//1 765//1 2002//1
f 2002//1 765//1 766//1
f 2002//1 766//1 2003//1
f 2003//1 766//1 767//1
f 778//1 777//1 2004//1
f 2004//1 777//1 2005//1
f 2004//1 2005//1 2006//1
f 2006//1 2005//1 2007//1
f 2006//1 2007//1 2008//1
f 2008//1 2007//1 2009//1
f 2008//1 2009//1 2010//1
f 2010//1 2009//1 2011//1
f 2010//1 2011//1 2012//1
f 2012//1 2011//1 2013//1
f 2012//1 2013//1 2014//1
f 2014//1 2013//1 2015//1
f 2014//1 2015//1 2016//1
f 2016//1 2015//1 2017//1
f 2016//1 2017//1 2018//1
f 2018//1 2017//1 1996//1
f 2018//1 1996//1 2019//1
f 2019//1 1996//1 1995//1
f 777//1 776//1 2005//1
f 2005//1 776//1 2007//1
f 776//1 775//1 2007//1
f 2007//1 775//1 2009//1
f 775//1 774//1 2009//1
f 2009//1 774//1 2011//1
f 774//1 773//1 2011//1
f 2011//1 773//1 2013//1
f 773//1 772//1 2013//1
f 2013//1 772//1 2015//1
f 2015//1 772//1 2017//1
f 2017//1 772//1 756//1
f 2017//1 756//1 755//1
f 755//1 1996//1 2017//1
f 2019//1 2020//1 2018//1
f 2018//1 2020//1 2016//1
f 2016//1 2020//1 2014//1
f 2014//1 2020//1 2021//1
f 2014//1 2021//1 2012//1
f 2012//1 2021//1 2022//1
f 2012//1 2022//1 2010//1
f 2010//1 2022//1 2023//1
f 2010//1 2023//1 2008//1
f 2008//1 2023//1 2024//1
f 2008//1 2024//1 2006//1
f 2006//1 2024//1 2025//1
f 2006//1 2025//1 2004//1
f 2004//1 2025//1 2026//1
f 2027//1 2028//1 2029//1
f 2029//1 2028//1 2030//1
f 2030//1 2028//1 781//1
f 2030//1 781//1 2004//1
f 2004//1 781//1 780//1
f 2004//1 780//1 779//1
f 779//1 778//1 2004//1
f 2004//1 2026//1 2030//1
f 754//1 2031//1 752//1
f 752//1 2031//1 2032//1
f 752//1 2032//1 2033//1
f 2031//1 2034//1 2032//1
f 2035//1 759//1 2033//1
f 2033//1 759//1 758//1
f 2033//1 758//1 752//1
f 759//1 2035//1 761//1
f 761//1 2035//1 2036//1
f 761//1 2036//1 769//1
f 769//1 2036//1 2037//1
f 769//1 2037//1 2038//1
f 769//1 2038//1 770//1
f 770//1 2038//1 2039//1
f 770//1 2039//1 771//1
f 771//1 2039//1 2040//1
f 2027//1 2041//1 2028//1
f 2028//1 2041//1 2042//1
f 2028//1 2042//1 2043//1
f 2043//1 2042//1 2044//1
f 2043//1 2044//1 2045//1
f 2045//1 2044//1 2046//1
f 2045//1 2046//1 2047//1
f 2047//1 2046//1 2048//1
f 2047//1 2048//1 2049//1
f 2049//1 2048//1 2050//1
f 2049//1 2050//1 2051//1
f 2051//1 2050//1 2052//1
f 2051//1 2052//1 2053//1
f 2053//1 2052//1 2054//1
f 2053//1 2054//1 2055//1
f 2055//1 2054//1 2031//1
f 2055//1 2031//1 788//1
f 788//1 2031//1 754//1
f 2041//1 2056//1 2042//1
f 2042//1 2056//1 2044//1
f 2056//1 2057//1 2044//1
f 2044//1 2057//1 2046//1
f 2057//1 2058//1 2046//1
f 2046//1 2058//1 2048//1
f 2058//1 2059//1 2048//1
f 2048//1 2059//1 2050//1
f 2059//1 2060//1 2050//1
f 2050//1 2060//1 2052//1
f 2052//1 2060//1 2054//1
f 2054//1 2060//1 2061//1
f 2054//1 2061//1 2034//1
f 2034//1 2031//1 2054//1
f 788//1 787//1 2055//1
f 2055//1 787//1 2053//1
f 2053//1 787//1 2051//1
f 2051//1 787//1 786//1
f 2051//1 786//1 2049//1
f 2049//1 786//1 785//1
f 2049//1 785//1 2047//1
f 2047//1 785//1 784//1
f 2047//1 784//1 2045//1
f 2045//1 784//1 783//1
f 2045//1 783//1 2043//1
f 2043//1 783//1 782//1
f 2043//1 782//1 2028//1
f 2028//1 782//1 781//1
f 2062//1 2063//1 2064//1
f 2064//1 2063//1 790//1
f 2064//1 790//1 803//1
f 2063//1 792//1 790//1
f 806//1 2065//1 803//1
f 803//1 2065//1 2066//1
f 803//1 2066//1 2064//1
f 2065//1 806//1 2067//1
f 2067//1 806//1 808//1
f 2067//1 808//1 2068//1
f 2068//1 808//1 810//1
f 2068//1 810//1 811//1
f 2068//1 811//1 2069//1
f 2069//1 811//1 812//1
f 2069//1 812//1 2070//1
f 2070//1 812//1 813//1
f 795//1 796//1 2071//1
f 2071//1 796//1 2072//1
f 2071//1 2072//1 2073//1
f 2073//1 2072//1 2074//1
f 2073//1 2074//1 2075//1
f 2075//1 2074//1 2076//1
f 2075//1 2076//1 2077//1
f 2077//1 2076//1 2078//1
f 2077//1 2078//1 2079//1
f 2079//1 2078//1 2080//1
f 2079//1 2080//1 2081//1
f 2081//1 2080//1 2082//1
f 2081//1 2082//1 2083//1
f 2083//1 2082//1 2084//1
f 2083//1 2084//1 2085//1
f 2085//1 2084//1 2063//1
f 2085//1 2063//1 2086//1
f 2086//1 2063//1 2062//1
f 796//1 797//1 2072//1
f 2072//1 797//1 2074//1
f 797//1 799//1 2074//1
f 2074//1 799//1 2076//1
f 799//1 800//1 2076//1
f 2076//1 800//1 2078//1
f 800//1 802//1 2078//1
f 2078//1 802//1 2080//1
f 802//1 801//1 2080//1
f 2080//1 801//1 2082//1
f 2082//1 801//1 2084//1
f 2084//1 801//1 798//1
f 2084//1 798//1 792//1
f 792//1 2063//1 2084//1
f 2086//1 2087//1 2085//1
f 2085//1 2087//1 2083//1
f 2083//1 2087//1 2081//1
f 2081//1 2087//1 2088//1
f 2081//1 2088//1 2079//1
f 2079//1 2088//1 2089//1
f 2079//1 2089//1 2077//1
f 2077//1 2089//1 2090//1
f 2077//1 2090//1 2075//1
f 2075//1 2090//1 2091//1
f 2075//1 2091//1 2073//1
f 2073//1 2091//1 2092//1
f 2073//1 2092//1 2071//1
f 2071//1 2092//1 2093//1
f 2094//1 2095//1 2096//1
f 2096//1 2095//1 2097//1
f 2097//1 2095//1 818//1
f 2097//1 818//1 2071//1
f 2071//1 818//1 793//1
f 2071//1 793//1 794//1
f 794//1 795//1 2071//1
f 2071//1 2093//1 2097//1
f 791//1 2098//1 789//1
f 789//1 2098//1 2099//1
f 789//1 2099//1 2100//1
f 2098//1 2101//1 2099//1
f 2102//1 805//1 2100//1
f 2100//1 805//1 804//1
f 2100//1 804//1 789//1
f 805//1 2102//1 807//1
f 807//1 2102//1 2103//1
f 807//1 2103//1 815//1
f 815//1 2103//1 2104//1
f 815//1 2104//1 2105//1
f 815//1 2105//1 816//1
f 816//1 2105//1 2106//1
f 816//1 2106//1 817//1
f 817//1 2106//1 2107//1
f 2094//1 2108//1 2095//1
f 2095//1 2108//1 2109//1
f 2095//1 2109//1 2110//1
f 2110//1 2109//1 2111//1
f 2110//1 2111//1 2112//1
f 2112//1 2111//1 2113//1
f 2112//1 2113//1 2114//1
f 2114//1 2113//1 2115//1
f 2114//1 2115//1 2116//1
f 2116//1 2115//1 2117//1
f 2116//1 2117//1 2118//1
f 2118//1 2117//1 2119//1
f 2118//1 2119//1 2120//1
f 2120//1 2119//1 2121//1
f 2120//1 2121//1 2122//1
f 2122//1 2121//1 2098//1
f 2122//1 2098//1 819//1
f 819//1 2098//1 791//1
f 2108//1 2123//1 2109//1
f 2109//1 2123//1 2111//1
f 2123//1 2124//1 2111//1
f 2111//1 2124//1 2113//1
f 2124//1 2125//1 2113//1
f 2113//1 2125//1 2115//1
f 2125//1 2126//1 2115//1
f 2115//1 2126//1 2117//1
f 2126//1 2127//1 2117//1
f 2117//1 2127//1 2119//1
f 2119//1 2127//1 2121//1
f 2121//1 2127//1 2128//1
f 2121//1 2128//1 2101//1
f 2101//1 2098//1 2121//1
f 819//1 820//1 2122//1
f 2122//1 820//1 2120//1
f 2120//1 820//1 2118//1
f 2118//1 820//1 821//1
f 2118//1 821//1 2116//1
f 2116//1 821//1 822//1
f 2116//1 822//1 2114//1
f 2114//1 822//1 823//1
f 2114//1 823//1 2112//1
f 2112//1 823//1 824//1
f 2112//1 824//1 2110//1
f 2110//1 824//1 825//1
f 2110//1 825//1 2095//1
f 2095//1 825//1 818//1
f 2129//1 2130//1 2131//1
f 2131//1 2130//1 827//1
f 2131//1 827//1 840//1
f 2130//1 829//1 827//1
f 842//1 2132//1 840//1
f 840//1 2132//1 2133//1
f 840//1 2133//1 2131//1
f 2132//1 842//1 2134//1
f 2134//1 842//1 844//1
f 2134//1 844//1 2135//1
f 2135//1 844//1 853//1
f 2135//1 853//1 852//1
f 2135//1 852//1 2136//1
f 2136//1 852//1 851//1
f 2136//1 851//1 2137//1
f 2137//1 851//1 850//1
f 831//1 832//1 2138//1
f 2138//1 832//1 2139//1
f 2138//1 2139//1 2140//1
f 2140//1 2139//1 2141//1
f 2140//1 2141//1 2142//1
f 2142//1 2141//1 2143//1
f 2142//1 2143//1 2144//1
f 2144//1 2143//1 2145//1
f 2144//1 2145//1 2146//1
f 2146//1 2145//1 2147//1
f 2146//1 2147//1 2148//1
f 2148//1 2147//1 2149//1
f 2148//1 2149//1 2150//1
f 2150//1 2149//1 2151//1
f 2150//1 2151//1 2152//1
f 2152//1 2151//1 2130//1
f 2152//1 2130//1 2153//1
f 2153//1 2130//1 2129//1
f 832//1 833//1 2139//1
f 2139//1 833//1 2141//1
f 833//1 834//1 2141//1
f 2141//1 834//1 2143//1
f 834//1 835//1 2143//1
f 2143//1 835//1 2145//1
f 835//1 836//1 2145//1
f 2145//1 836//1 2147//1
f 836//1 837//1 2147//1
f 2147//1 837//1 2149//1
f 2149//1 837//1 2151//1
f 2151//1 837//1 838//1
f 2151//1 838//1 829//1
f 829//1 2130//1 2151//1
f 2153//1 2154//1 2152//1
f 2152//1 2154//1 2150//1
f 2150//1 2154//1 2148//1
f 2148//1 2154//1 2155//1
f 2148//1 2155//1 2146//1
f 2146//1 2155//1 2156//1
f 2146//1 2156//1 2144//1
f 2144//1 2156//1 2157//1
f 2144//1 2157//1 2142//1
f 2142//1 2157//1 2158//1
f 2142//1 2158//1 2140//1
f 2140//1 2158//1 2159//1
f 2140//1 2159//1 2138//1
f 2138//1 2159//1 2160//1
f 2161//1 2162//1 2163//1
f 2163//1 2162//1 2164//1
f 2164//1 2162//1 855//1
f 2164//1 855//1 2138//1
f 2138//1 855//1 854//1
f 2138//1 854//1 830//1
f 830//1 831//1 2138//1
f 2138//1 2160//1 2164//1
f 828//1 2165//1 826//1
f 826//1 2165//1 2166//1
f 826//1 2166//1 2167//1
f 2165//1 2168//1 2166//1
f 2169//1 841//1 2167//1
f 2167//1 841//1 839//1
f 2167//1 839//1 826//1
f 841//1 2169//1 843//1
f 843//1 2169//1 2170//1
f 843//1 2170//1 847//1
f 847//1 2170//1 2171//1
f 847//1 2171//1 2172//1
f 847//1 2172//1 848//1
f 848//1 2172//1 2173//1
f 848//1 2173//1 849//1
f 849//1 2173//1 2174//1
f 2161//1 2175//1 2162//1
f 2162//1 2175//1 2176//1
f 2162//1 2176//1 2177//1
f 2177//1 2176//1 2178//1
f 2177//1 2178//1 2179//1
f 2179//1 2178//1 2180//1
f 2179//1 2180//1 2181//1
f 2181//1 2180//1 2182//1
f 2181//1 2182//1 2183//1
f 2183//1 2182//1 2184//1
f 2183//1 2184//1 2185//1
f 2185//1 2184//1 2186//1
f 2185//1 2186//1 2187//1
f 2187//1 2186//1 2188//1
f 2187//1 2188//1 2189//1
f 2189//1 2188//1 2165//1
f 2189//1 2165//1 859//1
f 859//1 2165//1 828//1
f 2175//1 2190//1 2176//1
f 2176//1 2190//1 2178//1
f 2190//1 2191//1 2178//1
f 2178//1 2191//1 2180//1
f 2191//1 2192//1 2180//1
f 2180//1 2192//1 2182//1
f 2192//1 2193//1 2182//1
f 2182//1 2193//1 2184//1
f 2193//1 2194//1 2184//1
f 2184//1 2194//1 2186//1
f 2186//1 2194//1 2188//1
f 2188//1 2194//1 2195//1
f 2188//1 2195//1 2168//1
f 2168//1 2165//1 2188//1
f 859//1 860//1 2189//1
f 2189//1 860//1 2187//1
f 2187//1 860//1 2185//1
f 2185//1 860//1 862//1
f 2185//1 862//1 2183//1
f 2183//1 862//1 861//1
f 2183//1 861//1 2181//1
f 2181//1 861//1 858//1
f 2181//1 858//1 2179//1
f 2179//1 858//1 857//1
f 2179//1 857//1 2177//1
f 2177//1 857//1 856//1
f 2177//1 856//1 2162//1
f 2162//1 856//1 855//1
f 2196//1 2197//1 2198//1
f 2198//1 2197//1 864//1
f 2198//1 864//1 876//1
f 2197//1 866//1 864//1
f 879//1 2199//1 876//1
f 876//1 2199//1 2200//1
f 876//1 2200//1 2198//1
f 2199//1 879//1 2201//1
f 2201//1 879//1 881//1
f 2201//1 881//1 2202//1
f 2202//1 881//1 890//1
f 2202//1 890//1 889//1
f 2202//1 889//1 2203//1
f 2203//1 889//1 888//1
f 2203//1 888//1 2204//1
f 2204//1 888//1 887//1
f 868//1 869//1 2205//1
f 2205//1 869//1 2206//1
f 2205//1 2206//1 2207//1
f 2207//1 2206//1 2208//1
f 2207//1 2208//1 2209//1
f 2209//1 2208//1 2210//1
f 2209//1 2210//1 2211//1
f 2211//1 2210//1 2212//1
f 2211//1 2212//1 2213//1
f 2213//1 2212//1 2214//1
f 2213//1 2214//1 2215//1
f 2215//1 2214//1 2216//1
f 2215//1 2216//1 2217//1
f 2217//1 2216//1 2218//1
f 2217//1 2218//1 2219//1
f 2219//1 2218//1 2197//1
f 2219//1 2197//1 2220//1
f 2220//1 2197//1 2196//1
f 869//1 870//1 2206//1
f 2206//1 870//1 2208//1
f 870//1 871//1 2208//1
f 2208//1 871//1 2210//1
f 871//1 872//1 2210//1
f 2210//1 872//1 2212//1
f 872//1 873//1 2212//1
f 2212//1 873//1 2214//1
f 873//1 874//1 2214//1
f 2214//1 874//1 2216//1
f 2216//1 874//1 2218//1
f 2218//1 874//1 875//1
f 2218//1 875//1 866//1
f 866//1 2197//1 2218//1
f 2220//1 2221//1 2219//1
f 2219//1 2221//1 2217//1
f 2217//1 2221//1 2215//1
f 2215//1 2221//1 2222//1
f 2215//1 2222//1 2213//1
f 2213//1 2222//1 2223//1
f 2213//1 2223//1 2211//1
f 2211//1 2223//1 2224//1
f 2211//1 2224//1 2209//1
f 2209//1 2224//1 2225//1
f 2209//1 2225//1 2207//1
f 2207//1 2225//1 2226//1
f 2207//1 2226//1 2205//1
f 2205//1 2226//1 2227//1
f 2228//1 2229//1 2230//1
f 2230//1 2229//1 2231//1
f 2231//1 2229//1 892//1
f 2231//1 892//1 2205//1
f 2205//1 892//1 891//1
f 2205//1 891//1 867//1
f 867//1 868//1 2205//1
f 2205//1 2227//1 2231//1
f 865//1 2232//1 863//1
f 863//1 2232//1 2233//1
f 863//1 2233//1 2234//1
f 2232//1 2235//1 2233//1
f 2236//1 878//1 2234//1
f 2234//1 878//1 877//1
f 2234//1 877//1 863//1
f 878//1 2236//1 880//1
f 880//1 2236//1 2237//1
f 880//1 2237//1 884//1
f 884//1 2237//1 2238//1
f 884//1 2238//1 2239//1
f 884//1 2239//1 885//1
f 885//1 2239//1 2240//1
f 885//1 2240//1 886//1
f 886//1 2240//1 2241//1
f 2228//1 2242//1 2229//1
f 2229//1 2242//1 2243//1
f 2229//1 2243//1 2244//1
f 2244//1 2243//1 2245//1
f 2244//1 2245//1 2246//1
f 2246//1 2245//1 2247//1
f 2246//1 2247//1 2248//1
f 2248//1 2247//1 2249//1
f 2248//1 2249//1 2250//1
f 2250//1 2249//1 2251//1
f 2250//1 2251//1 2252//1
f 2252//1 2251//1 2253//1
f 2252//1 2253//1 2254//1
f 2254//1 2253//1 2255//1
f 2254//1 2255//1 2256//1
f 2256//1 2255//1 2232//1
f 2256//1 2232//1 898//1
f 898//1 2232//1 865//1
f 2242//1 2257//1 2243//1
f 2243//1 2257//1 2245//1
f 2257//1 2258//1 2245//1
f 2245//1 2258//1 2247//1
f 2258//1 2259//1 2247//1
f 2247//1 2259//1 2249//1
f 2259//1 2260//1 2249//1
f 2249//1 2260//1 2251//1
f 2260//1 2261//1 2251//1
f 2251//1 2261//1 2253//1
f 2253//1 2261//1 2255//1
f 2255//1 2261//1 2262//1
f 2255//1 2262//1 2235//1
f 2235//1 2232//1 2255//1
f 898//1 899//1 2256//1
f 2256//1 899//1 2254//1
f 2254//1 899//1 2252//1
f 2252//1 899//1 897//1
f 2252//1 897//1 2250//1
f 2250//1 897//1 896//1
f 2250//1 896//1 2248//1
f 2248//1 896//1 895//1
f 2248//1 895//1 2246//1
f 2246//1 895//1 894//1
f 2246//1 894//1 2244//1
f 2244//1 894//1 893//1
f 2244//1 893//1 2229//1
f 2229//1 893//1 892//1
f 2263//1 2264//1 2265//1
f 2265//1 2264//1 901//1
f 2265//1 901//1 916//1
f 2264//1 903//1 901//1
f 919//1 2266//1 916//1
f 916//1 2266//1 2267//1
f 916//1 2267//1 2265//1
f 2266//1 919//1 2268//1
f 2268//1 919//1 921//1
f 2268//1 921//1 2269//1
f 2269//1 921//1 923//1
f 2269//1 923//1 925//1
f 2269//1 925//1 2270//1
f 2270//1 925//1 926//1
f 2270//1 926//1 2271//1
f 2271//1 926//1 927//1
f 932//1 936//1 2272//1
f 2272//1 936//1 2273//1
f 2272//1 2273//1 2274//1
f 2274//1 2273//1 2275//1
f 2274//1 2275//1 2276//1
f 2276//1 2275//1 2277//1
f 2276//1 2277//1 2278//1
f 2278//1 2277//1 2279//1
f 2278//1 2279//1 2280//1
f 2280//1 2279//1 2281//1
f 2280//1 2281//1 2282//1
f 2282//1 2281//1 2283//1
f 2282//1 2283//1 2284//1
f 2284//1 2283//1 2285//1
f 2284//1 2285//1 2286//1
f 2286//1 2285//1 2264//1
f 2286//1 2264//1 2287//1
f 2287//1 2264//1 2263//1
f 936//1 935//1 2273//1
f 2273//1 935//1 2275//1
f 935//1 934//1 2275//1
f 2275//1 934//1 2277//1
f 934//1 933//1 2277//1
f 2277//1 933//1 2279//1
f 933//1 931//1 2279//1
f 2279//1 931//1 2281//1
f 931//1 915//1 2281//1
f 2281//1 915//1 2283//1
f 2283//1 915//1 2285//1
f 2285//1 915//1 914//1
f 2285//1 914//1 903//1
f 903//1 2264//1 2285//1
f 2287//1 2288//1 2286//1
f 2286//1 2288//1 2284//1
f 2284//1 2288//1 2282//1
f 2282//1 2288//1 2289//1
f 2282//1 2289//1 2280//1
f 2280//1 2289//1 2290//1
f 2280//1 2290//1 2278//1
f 2278//1 2290//1 2291//1
f 2278//1 2291//1 2276//1
f 2276//1 2291//1 2292//1
f 2276//1 2292//1 2274//1
f 2274//1 2292//1 2293//1
f 2274//1 2293//1 2272//1
f 2272//1 2293//1 2294//1
f 2295//1 2296//1 2297//1
f 2297//1 2296//1 2298//1
f 2298//1 2296//1 911//1
f 2298//1 911//1 2272//1
f 2272//1 911//1 912//1
f 2272//1 912//1 913//1
f 913//1 932//1 2272//1
f 2272//1 2294//1 2298//1
f 902//1 2299//1 900//1
f 900//1 2299//1 2300//1
f 900//1 2300//1 2301//1
f 2299//1 2302//1 2300//1
f 2303//1 918//1 2301//1
f 2301//1 918//1 917//1
f 2301//1 917//1 900//1
f 918//1 2303//1 920//1
f 920//1 2303//1 2304//1
f 920//1 2304//1 922//1
f 922//1 2304//1 2305//1
f 922//1 2305//1 2306//1
f 922//1 2306//1 929//1
f 929//1 2306//1 2307//1
f 929//1 2307//1 930//1
f 930//1 2307//1 2308//1
f 2295//1 2309//1 2296//1
f 2296//1 2309//1 2310//1
f 2296//1 2310//1 2311//1
f 2311//1 2310//1 2312//1
f 2311//1 2312//1 2313//1
f 2313//1 2312//1 2314//1
f 2313//1 2314//1 2315//1
f 2315//1 2314//1 2316//1
f 2315//1 2316//1 2317//1
f 2317//1 2316//1 2318//1
f 2317//1 2318//1 2319//1
f 2319//1 2318//1 2320//1
f 2319//1 2320//1 2321//1
f 2321//1 2320//1 2322//1
f 2321//1 2322//1 2323//1
f 2323//1 2322//1 2299//1
f 2323//1 2299//1 904//1
f 904//1 2299//1 902//1
f 2309//1 2324//1 2310//1
f 2310//1 2324//1 2312//1
f 2324//1 2325//1 2312//1
f 2312//1 2325//1 2314//1
f 2325//1 2326//1 2314//1
f 2314//1 2326//1 2316//1
f 2326//1 2327//1 2316//1
f 2316//1 2327//1 2318//1
f 2327//1 2328//1 2318//1
f 2318//1 2328//1 2320//1
f 2320//1 2328//1 2322//1
f 2322//1 2328//1 2329//1
f 2322//1 2329//1 2302//1
f 2302//1 2299//1 2322//1
f 904//1 905//1 2323//1
f 2323//1 905//1 2321//1
f 2321//1 905//1 2319//1
f 2319//1 905//1 906//1
f 2319//1 906//1 2317//1
f 2317//1 906//1 907//1
f 2317//1 907//1 2315//1
f 2315//1 907//1 908//1
f 2315//1 908//1 2313//1
f 2313//1 908//1 909//1
f 2313//1 909//1 2311//1
f 2311//1 909//1 910//1
f 2311//1 910//1 2296//1
f 2296//1 910//1 911//1
f 2330//1 2331//1 2332//1
f 2332//1 2331//1 938//1
f 2332//1 938//1 954//1
f 2331//1 940//1 938//1
f 956//1 2333//1 954//1
f 954//1 2333//1 2334//1
f 954//1 2334//1 2332//1
f 2333//1 956//1 2335//1
f 2335//1 956//1 958//1
f 2335//1 958//1 2336//1
f 2336//1 958//1 963//1
f 2336//1 963//1 965//1
f 2336//1 965//1 2337//1
f 2337//1 965//1 966//1
f 2337//1 966//1 2338//1
f 2338//1 966//1 967//1
f 969//1 973//1 2339//1
f 2339//1 973//1 2340//1
f 2339//1 2340//1 2341//1
f 2341//1 2340//1 2342//1
f 2341//1 2342//1 2343//1
f 2343//1 2342//1 2344//1
f 2343//1 2344//1 2345//1
f 2345//1 2344//1 2346//1
f 2345//1 2346//1 2347//1
f 2347//1 2346//1 2348//1
f 2347//1 2348//1 2349//1
f 2349//1 2348//1 2350//1
f 2349//1 2350//1 2351//1
f 2351//1 2350//1 2352//1
f 2351//1 2352//1 2353//1
f 2353//1 2352//1 2331//1
f 2353//1 2331//1 2354//1
f 2354//1 2331//1 2330//1
f 973//1 972//1 2340//1
f 2340//1 972//1 2342//1
f 972//1 971//1 2342//1
f 2342//1 971//1 2344//1
f 971//1 970//1 2344//1
f 2344//1 970//1 2346//1
f 970//1 968//1 2346//1
f 2346//1 968//1 2348//1
f 968//1 952//1 2348//1
f 2348//1 952//1 2350//1
f 2350//1 952//1 2352//1
f 2352//1 952//1 951//1
f 2352//1 951//1 940//1
f 940//1 2331//1 2352//1
f 2354//1 2355//1 2353//1
f 2353//1 2355//1 2351//1
f 2351//1 2355//1 2349//1
f 2349//1 2355//1 2356//1
f 2349//1 2356//1 2347//1
f 2347//1 2356//1 2357//1
f 2347//1 2357//1 2345//1
f 2345//1 2357//1 2358//1
f 2345//1 2358//1 2343//1
f 2343//1 2358//1 2359//1
f 2343//1 2359//1 2341//1
f 2341//1 2359//1 2360//1
f 2341//1 2360//1 2339//1
f 2339//1 2360//1 2361//1
f 2362//1 2363//1 2364//1
f 2364//1 2363//1 2365//1
f 2365//1 2363//1 948//1
f 2365//1 948//1 2339//1
f 2339//1 948//1 949//1
f 2339//1 949//1 950//1
f 950//1 969//1 2339//1
f 2339//1 2361//1 2365//1
f 2366//1 2367//1 2368//1
f 2368//1 2367//1 2369//1
f 2369//1 2367//1 995//1
f 2369//1 995//1 2370//1
f 2370//1 995//1 994//1
f 2370//1 994//1 1005//1
f 1005//1 1004//1 2370//1
f 2370//1 2371//1 2369//1
f 2372//1 2373//1 2374//1
f 2374//1 2373//1 976//1
f 2374//1 976//1 978//1
f 2373//1 993//1 976//1
f 981//1 2375//1 978//1
f 978//1 2375//1 2376//1
f 978//1 2376//1 2374//1
f 2375//1 981//1 2377//1
f 2377//1 981//1 983//1
f 2377//1 983//1 2378//1
f 2378//1 983//1 985//1
f 2378//1 985//1 986//1
f 2378//1 986//1 2379//1
f 2379//1 986//1 987//1
f 2379//1 987//1 2380//1
f 2380//1 987//1 988//1
f 1004//1 1003//1 2370//1
f 2370//1 1003//1 2381//1
f 2370//1 2381//1 2382//1
f 2382//1 2381//1 2383//1
f 2382//1 2383//1 2384//1
f 2384//1 2383//1 2385//1
f 2384//1 2385//1 2386//1
f 2386//1 2385//1 2387//1
f 2386//1 2387//1 2388//1
f 2388//1 2387//1 2389//1
f 2388//1 2389//1 2390//1
f 2390//1 2389//1 2391//1
f 2390//1 2391//1 2392//1
f 2392//1 2391//1 2393//1
f 2392//1 2393//1 2394//1
f 2394//1 2393//1 2373//1
f 2394//1 2373//1 2395//1
f 2395//1 2373//1 2372//1
f 1003//1 1002//1 2381//1
f 2381//1 1002//1 2383//1
f 1002//1 1000//1 2383//1
f 2383//1 1000//1 2385//1
f 1000//1 999//1 2385//1
f 2385//1 999//1 2387//1
f 999//1 998//1 2387//1
f 2387//1 998//1 2389//1
f 998//1 1001//1 2389//1
f 2389//1 1001//1 2391//1
f 2391//1 1001//1 2393//1
f 2393//1 1001//1 997//1
f 2393//1 997//1 993//1
f 993//1 2373//1 2393//1
f 2395//1 2396//1 2394//1
f 2394//1 2396//1 2392//1
f 2392//1 2396//1 2390//1
f 2390//1 2396//1 2397//1
f 2390//1 2397//1 2388//1
f 2388//1 2397//1 2398//1
f 2388//1 2398//1 2386//1
f 2386//1 2398//1 2399//1
f 2386//1 2399//1 2384//1
f 2384//1 2399//1 2400//1
f 2384//1 2400//1 2382//1
f 2382//1 2400//1 2401//1
f 2382//1 2401//1 2370//1
f 2370//1 2401//1 2371//1
f 939//1 2402//1 937//1
f 937//1 2402//1 2403//1
f 937//1 2403//1 2404//1
f 2402//1 2405//1 2403//1
f 2406//1 955//1 2404//1
f 2404//1 955//1 953//1
f 2404//1 953//1 937//1
f 955//1 2406//1 957//1
f 957//1 2406//1 2407//1
f 957//1 2407//1 959//1
f 959//1 2407//1 2408//1
f 959//1 2408//1 2409//1
f 959//1 2409//1 961//1
f 961//1 2409//1 2410//1
f 961//1 2410//1 962//1
f 962//1 2410//1 2411//1
f 2362//1 2412//1 2363//1
f 2363//1 2412//1 2413//1
f 2363//1 2413//1 2414//1
f 2414//1 2413//1 2415//1
f 2414//1 2415//1 2416//1
f 2416//1 2415//1 2417//1
f 2416//1 2417//1 2418//1
f 2418//1 2417//1 2419//1
f 2418//1 2419//1 2420//1
f 2420//1 2419//1 2421//1
f 2420//1 2421//1 2422//1
f 2422//1 2421//1 2423//1
f 2422//1 2423//1 2424//1
f 2424//1 2423//1 2425//1
f 2424//1 2425//1 2426//1
f 2426//1 2425//1 2402//1
f 2426//1 2402//1 941//1
f 941//1 2402//1 939//1
f 2412//1 2427//1 2413//1
f 2413//1 2427//1 2415//1
f 2427//1 2428//1 2415//1
f 2415//1 2428//1 2417//1
f 2428//1 2429//1 2417//1
f 2417//1 2429//1 2419//1
f 2429//1 2430//1 2419//1
f 2419//1 2430//1 2421//1
f 2430//1 2431//1 2421//1
f 2421//1 2431//1 2423//1
f 2423//1 2431//1 2425//1
f 2425//1 2431//1 2432//1
f 2425//1 2432//1 2405//1
f 2405//1 2402//1 2425//1
f 941//1 942//1 2426//1
f 2426//1 942//1 2424//1
f 2424//1 942//1 2422//1
f 2422//1 942//1 943//1
f 2422//1 943//1 2420//1
f 2420//1 943//1 944//1
f 2420//1 944//1 2418//1
f 2418//1 944//1 945//1
f 2418//1 945//1 2416//1
f 2416//1 945//1 946//1
f 2416//1 946//1 2414//1
f 2414//1 946//1 947//1
f 2414//1 947//1 2363//1
f 2363//1 947//1 948//1
f 1482//1 2433//1 1483//1
f 1483//1 2433//1 1484//1
f 1484//1 2433//1 1485//1
f 1485//1 2433//1 2434//1
f 1485//1 2434//1 1526//1
f 1526//1 2434//1 2435//1
f 1526//1 2435//1 1528//1
f 2433//1 2436//1 2434//1
f 2437//1 2438//1 2439//1
f 2439//1 2438//1 1013//1
f 2439//1 1013//1 1015//1
f 2438//1 1030//1 1013//1
f 1018//1 2440//1 1015//1
f 1015//1 2440//1 2441//1
f 1015//1 2441//1 2439//1
f 2440//1 1018//1 2442//1
f 2442//1 1018//1 1020//1
f 2442//1 1020//1 2443//1
f 2443//1 1020//1 1022//1
f 2443//1 1022//1 1023//1
f 2443//1 1023//1 2444//1
f 2444//1 1023//1 1024//1
f 2444//1 1024//1 2445//1
f 2445//1 1024//1 1025//1
f 1041//1 1037//1 2446//1
f 2446//1 1037//1 2447//1
f 2446//1 2447//1 2448//1
f 2448//1 2447//1 2449//1
f 2448//1 2449//1 2450//1
f 2450//1 2449//1 2451//1
f 2450//1 2451//1 2452//1
f 2452//1 2451//1 2453//1
f 2452//1 2453//1 2454//1
f 2454//1 2453//1 2455//1
f 2454//1 2455//1 2456//1
f 2456//1 2455//1 2457//1
f 2456//1 2457//1 2458//1
f 2458//1 2457//1 2459//1
f 2458//1 2459//1 2460//1
f 2460//1 2459//1 2438//1
f 2460//1 2438//1 2461//1
f 2461//1 2438//1 2437//1
f 1037//1 1036//1 2447//1
f 2447//1 1036//1 2449//1
f 1036//1 1035//1 2449//1
f 2449//1 1035//1 2451//1
f 1035//1 1038//1 2451//1
f 2451//1 1038//1 2453//1
f 1038//1 1040//1 2453//1
f 2453//1 1040//1 2455//1
f 1040//1 1039//1 2455//1
f 2455//1 1039//1 2457//1
f 2457//1 1039//1 2459//1
f 2459//1 1039//1 1034//1
f 2459//1 1034//1 1030//1
f 1030//1 2438//1 2459//1
f 2461//1 2462//1 2460//1
f 2460//1 2462//1 2458//1
f 2458//1 2462//1 2456//1
f 2456//1 2462//1 2463//1
f 2456//1 2463//1 2454//1
f 2454//1 2463//1 2464//1
f 2454//1 2464//1 2452//1
f 2452//1 2464//1 2465//1
f 2452//1 2465//1 2450//1
f 2450//1 2465//1 2466//1
f 2450//1 2466//1 2448//1
f 2448//1 2466//1 2467//1
f 2448//1 2467//1 2446//1
f 2446//1 2467//1 2468//1
f 975//1 2469//1 977//1
f 977//1 2469//1 2470//1
f 977//1 2470//1 2471//1
f 2469//1 2472//1 2470//1
f 2473//1 980//1 2471//1
f 2471//1 980//1 979//1
f 2471//1 979//1 977//1
f 980//1 2473//1 982//1
f 982//1 2473//1 2474//1
f 982//1 2474//1 990//1
f 990//1 2474//1 2475//1
f 990//1 2475//1 2476//1
f 990//1 2476//1 991//1
f 991//1 2476//1 2477//1
f 991//1 2477//1 992//1
f 992//1 2477//1 2478//1
f 2366//1 2479//1 2367//1
f 2367//1 2479//1 2480//1
f 2367//1 2480//1 2481//1
f 2481//1 2480//1 2482//1
f 2481//1 2482//1 2483//1
f 2483//1 2482//1 2484//1
f 2483//1 2484//1 2485//1
f 2485//1 2484//1 2486//1
f 2485//1 2486//1 2487//1
f 2487//1 2486//1 2488//1
f 2487//1 2488//1 2489//1
f 2489//1 2488//1 2490//1
f 2489//1 2490//1 2491//1
f 2491//1 2490//1 2492//1
f 2491//1 2492//1 2493//1
f 2493//1 2492//1 2469//1
f 2493//1 2469//1 974//1
f 974//1 2469//1 975//1
f 2479//1 2494//1 2480//1
f 2480//1 2494//1 2482//1
f 2494//1 2495//1 2482//1
f 2482//1 2495//1 2484//1
f 2495//1 2496//1 2484//1
f 2484//1 2496//1 2486//1
f 2496//1 2497//1 2486//1
f 2486//1 2497//1 2488//1
f 2497//1 2498//1 2488//1
f 2488//1 2498//1 2490//1
f 2490//1 2498//1 2492//1
f 2492//1 2498//1 2499//1
f 2492//1 2499//1 2472//1
f 2472//1 2469//1 2492//1
f 974//1 1010//1 2493//1
f 2493//1 1010//1 2491//1
f 2491//1 1010//1 2489//1
f 2489//1 1010//1 1009//1
f 2489//1 1009//1 2487//1
f 2487//1 1009//1 1008//1
f 2487//1 1008//1 2485//1
f 2485//1 1008//1 1007//1
f 2485//1 1007//1 2483//1
f 2483//1 1007//1 1006//1
f 2483//1 1006//1 2481//1
f 2481//1 1006//1 996//1
f 2481//1 996//1 2367//1
f 2367//1 996//1 995//1
f 2500//1 2501//1 2502//1
f 2502//1 2501//1 2503//1
f 2503//1 2501//1 1032//1
f 2503//1 1032//1 2446//1
f 2446//1 1032//1 1031//1
f 2446//1 1031//1 1042//1
f 1042//1 1041//1 2446//1
f 2446//1 2468//1 2503//1
f 1090//1 1049//1 1088//1
f 1088//1 1049//1 1048//1
f 1088//1 1048//1 1087//1
f 1087//1 1048//1 2504//1
f 1087//1 2504//1 2505//1
f 1049//1 1090//1 1055//1
f 1055//1 1090//1 1397//1
f 1055//1 1397//1 1059//1
f 1059//1 1397//1 1396//1
f 1059//1 1396//1 2506//1
f 2506//1 1396//1 1029//1
f 2506//1 1029//1 2507//1
f 1029//1 1396//1 1026//1
f 1026//1 1396//1 1395//1
f 1026//1 1395//1 1021//1
f 1021//1 1395//1 1393//1
f 1021//1 1393//1 1025//1
f 1025//1 1393//1 1392//1
f 1025//1 1392//1 2508//1
f 2508//1 1392//1 2509//1
f 2509//1 1392//1 1385//1
f 2509//1 1385//1 992//1
f 992//1 1385//1 989//1
f 989//1 1385//1 1382//1
f 989//1 1382//1 984//1
f 984//1 1382//1 1379//1
f 984//1 1379//1 988//1
f 988//1 1379//1 1378//1
f 988//1 1378//1 2510//1
f 2510//1 1378//1 2511//1
f 2511//1 1378//1 962//1
f 2511//1 962//1 2411//1
f 1378//1 1376//1 962//1
f 962//1 1376//1 960//1
f 960//1 1376//1 1381//1
f 960//1 1381//1 964//1
f 964//1 1381//1 1380//1
f 964//1 1380//1 967//1
f 967//1 1380//1 1372//1
f 967//1 1372//1 2512//1
f 2512//1 1372//1 2513//1
f 2513//1 1372//1 930//1
f 2513//1 930//1 2308//1
f 1372//1 1371//1 930//1
f 930//1 1371//1 928//1
f 928//1 1371//1 1368//1
f 928//1 1368//1 924//1
f 924//1 1368//1 1367//1
f 924//1 1367//1 927//1
f 927//1 1367//1 1366//1
f 927//1 1366//1 2514//1
f 2514//1 1366//1 2515//1
f 2515//1 1366//1 2241//1
f 2241//1 1366//1 886//1
f 886//1 1366//1 1364//1
f 886//1 1364//1 882//1
f 882//1 1364//1 1363//1
f 882//1 1363//1 883//1
f 883//1 1363//1 1361//1
f 883//1 1361//1 887//1
f 887//1 1361//1 1360//1
f 887//1 1360//1 2516//1
f 2516//1 1360//1 2517//1
f 2517//1 1360//1 2174//1
f 2174//1 1360//1 849//1
f 849//1 1360//1 1358//1
f 849//1 1358//1 845//1
f 845//1 1358//1 1357//1
f 845//1 1357//1 846//1
f 846//1 1357//1 1355//1
f 846//1 1355//1 850//1
f 850//1 1355//1 1354//1
f 850//1 1354//1 2518//1
f 2518//1 1354//1 817//1
f 2518//1 817//1 2107//1
f 817//1 1354//1 814//1
f 814//1 1354//1 1108//1
f 814//1 1108//1 809//1
f 809//1 1108//1 1109//1
f 809//1 1109//1 813//1
f 813//1 1109//1 1110//1
f 813//1 1110//1 2519//1
f 2519//1 1110//1 2520//1
f 2520//1 1110//1 771//1
f 2520//1 771//1 2040//1
f 1110//1 1112//1 771//1
f 771//1 1112//1 768//1
f 768//1 1112//1 1113//1
f 768//1 1113//1 763//1
f 763//1 1113//1 1115//1
f 763//1 1115//1 767//1
f 767//1 1115//1 1117//1
f 767//1 1117//1 2521//1
f 2521//1 1117//1 2522//1
f 2522//1 1117//1 655//1
f 2522//1 655//1 1973//1
f 1117//1 1119//1 655//1
f 655//1 1119//1 653//1
f 653//1 1119//1 1120//1
f 653//1 1120//1 656//1
f 656//1 1120//1 1353//1
f 656//1 1353//1 660//1
f 660//1 1353//1 1345//1
f 660//1 1345//1 2523//1
f 2523//1 1345//1 2524//1
f 2524//1 1345//1 1906//1
f 1906//1 1345//1 590//1
f 590//1 1345//1 1344//1
f 590//1 1344//1 588//1
f 588//1 1344//1 1343//1
f 588//1 1343//1 584//1
f 584//1 1343//1 1341//1
f 584//1 1341//1 587//1
f 587//1 1341//1 1339//1
f 587//1 1339//1 2525//1
f 2525//1 1339//1 2526//1
f 2526//1 1339//1 1839//1
f 1839//1 1339//1 524//1
f 524//1 1339//1 1338//1
f 524//1 1338//1 522//1
f 522//1 1338//1 1336//1
f 522//1 1336//1 516//1
f 516//1 1336//1 1335//1
f 516//1 1335//1 520//1
f 520//1 1335//1 1333//1
f 520//1 1333//1 2527//1
f 2527//1 1333//1 434//1
f 2527//1 434//1 1772//1
f 434//1 1333//1 430//1
f 430//1 1333//1 1332//1
f 430//1 1332//1 431//1
f 431//1 1332//1 1330//1
f 431//1 1330//1 435//1
f 435//1 1330//1 1329//1
f 435//1 1329//1 2528//1
f 2528//1 1329//1 2529//1
f 2529//1 1329//1 365//1
f 2529//1 365//1 1705//1
f 1329//1 1327//1 365//1
f 365//1 1327//1 361//1
f 361//1 1327//1 1325//1
f 361//1 1325//1 362//1
f 362//1 1325//1 1324//1
f 362//1 1324//1 366//1
f 366//1 1324//1 1322//1
f 366//1 1322//1 2530//1
f 2530//1 1322//1 2531//1
f 2531//1 1322//1 299//1
f 2531//1 299//1 1638//1
f 1322//1 1321//1 299//1
f 299//1 1321//1 296//1
f 296//1 1321//1 1319//1
f 296//1 1319//1 291//1
f 291//1 1319//1 1318//1
f 291//1 1318//1 295//1
f 295//1 1318//1 1316//1
f 295//1 1316//1 2532//1
f 2532//1 1316//1 2533//1
f 2533//1 1316//1 225//1
f 2533//1 225//1 1571//1
f 1316//1 1315//1 225//1
f 225//1 1315//1 222//1
f 222//1 1315//1 1313//1
f 222//1 1313//1 217//1
f 217//1 1313//1 1311//1
f 217//1 1311//1 221//1
f 221//1 1311//1 1310//1
f 221//1 1310//1 2534//1
f 2534//1 1310//1 2535//1
f 2535//1 1310//1 1511//1
f 1511//1 1310//1 1470//1
f 1470//1 1310//1 1308//1
f 1470//1 1308//1 1468//1
f 1468//1 1308//1 1148//1
f 1468//1 1148//1 1472//1
f 1472//1 1148//1 1147//1
f 1472//1 1147//1 1475//1
f 1475//1 1147//1 1307//1
f 1475//1 1307//1 2536//1
f 2536//1 1307//1 715//1
f 2536//1 715//1 2537//1
f 715//1 1307//1 716//1
f 716//1 1307//1 1306//1
f 716//1 1306//1 719//1
f 719//1 1306//1 1304//1
f 719//1 1304//1 723//1
f 723//1 1304//1 1278//1
f 723//1 1278//1 2538//1
f 2538//1 1278//1 696//1
f 2538//1 696//1 2539//1
f 2539//1 696//1 2540//1
f 1278//1 1279//1 696//1
f 696//1 1279//1 692//1
f 692//1 1279//1 1280//1
f 692//1 1280//1 693//1
f 693//1 1280//1 1281//1
f 693//1 1281//1 697//1
f 697//1 1281//1 1282//1
f 697//1 1282//1 2541//1
f 2541//1 1282//1 2542//1
f 2542//1 1282//1 619//1
f 2542//1 619//1 2543//1
f 1282//1 1283//1 619//1
f 619//1 1283//1 615//1
f 615//1 1283//1 1284//1
f 615//1 1284//1 616//1
f 616//1 1284//1 1285//1
f 616//1 1285//1 620//1
f 620//1 1285//1 1286//1
f 620//1 1286//1 2544//1
f 2544//1 1286//1 2545//1
f 2545//1 1286//1 549//1
f 2545//1 549//1 2546//1
f 1286//1 1287//1 549//1
f 549//1 1287//1 546//1
f 546//1 1287//1 1289//1
f 546//1 1289//1 541//1
f 541//1 1289//1 1291//1
f 541//1 1291//1 545//1
f 545//1 1291//1 1293//1
f 545//1 1293//1 2547//1
f 2547//1 1293//1 2548//1
f 2548//1 1293//1 2549//1
f 2549//1 1293//1 475//1
f 475//1 1293//1 1294//1
f 475//1 1294//1 472//1
f 472//1 1294//1 1296//1
f 472//1 1296//1 467//1
f 467//1 1296//1 1297//1
f 467//1 1297//1 471//1
f 471//1 1297//1 1303//1
f 471//1 1303//1 2550//1
f 2550//1 1303//1 396//1
f 2550//1 396//1 2551//1
f 396//1 1303//1 394//1
f 394//1 1303//1 1302//1
f 394//1 1302//1 397//1
f 397//1 1302//1 1301//1
f 397//1 1301//1 401//1
f 401//1 1301//1 1300//1
f 401//1 1300//1 2552//1
f 2552//1 1300//1 331//1
f 2552//1 331//1 2553//1
f 2553//1 331//1 2554//1
f 1300//1 1255//1 331//1
f 331//1 1255//1 329//1
f 329//1 1255//1 1254//1
f 329//1 1254//1 325//1
f 325//1 1254//1 1252//1
f 325//1 1252//1 328//1
f 328//1 1252//1 1251//1
f 328//1 1251//1 2555//1
f 2555//1 1251//1 2556//1
f 2556//1 1251//1 265//1
f 2556//1 265//1 2557//1
f 1251//1 1250//1 265//1
f 265//1 1250//1 263//1
f 263//1 1250//1 1248//1
f 263//1 1248//1 257//1
f 257//1 1248//1 1247//1
f 257//1 1247//1 261//1
f 261//1 1247//1 1221//1
f 261//1 1221//1 2558//1
f 2558//1 1221//1 2559//1
f 2559//1 1221//1 175//1
f 2559//1 175//1 2560//1
f 1221//1 1178//1 175//1
f 175//1 1178//1 171//1
f 171//1 1178//1 1177//1
f 171//1 1177//1 172//1
f 172//1 1177//1 1220//1
f 172//1 1220//1 176//1
f 176//1 1220//1 1087//1
f 176//1 1087//1 2561//1
f 2561//1 1087//1 2505//1
f 2506//1 2562//1 1059//1
f 1059//1 2562//1 2563//1
f 2561//1 2564//1 176//1
f 2558//1 2565//1 261//1
f 2555//1 2566//1 328//1
f 2552//1 2567//1 401//1
f 2550//1 2568//1 471//1
f 471//1 2568//1 2569//1
f 2547//1 2570//1 545//1
f 2544//1 2571//1 620//1
f 2541//1 2572//1 697//1
f 2538//1 2573//1 723//1
f 2536//1 2574//1 1475//1
f 1475//1 2574//1 2575//1
f 2534//1 1501//1 221//1
f 2532//1 1601//1 295//1
f 2530//1 1668//1 366//1
f 2528//1 1735//1 435//1
f 2527//1 2576//1 520//1
f 520//1 2576//1 1802//1
f 2525//1 1869//1 587//1
f 2523//1 1936//1 660//1
f 2521//1 2003//1 767//1
f 2519//1 2070//1 813//1
f 2518//1 2577//1 850//1
f 850//1 2577//1 2137//1
f 2516//1 2204//1 887//1
f 2514//1 2271//1 927//1
f 2512//1 2338//1 967//1
f 2510//1 2380//1 988//1
f 992//1 2478//1 2509//1
f 2508//1 2445//1 1025//1
f 1012//1 2578//1 1014//1
f 1014//1 2578//1 2579//1
f 1014//1 2579//1 2580//1
f 2578//1 2581//1 2579//1
f 2582//1 1017//1 2580//1
f 2580//1 1017//1 1016//1
f 2580//1 1016//1 1014//1
f 1017//1 2582//1 1019//1
f 1019//1 2582//1 2583//1
f 1019//1 2583//1 1027//1
f 1027//1 2583//1 2584//1
f 1027//1 2584//1 2585//1
f 1027//1 2585//1 1028//1
f 1028//1 2585//1 2586//1
f 1028//1 2586//1 1029//1
f 1029//1 2586//1 2507//1
f 2500//1 2587//1 2501//1
f 2501//1 2587//1 2588//1
f 2501//1 2588//1 2589//1
f 2589//1 2588//1 2590//1
f 2589//1 2590//1 2591//1
f 2591//1 2590//1 2592//1
f 2591//1 2592//1 2593//1
f 2593//1 2592//1 2594//1
f 2593//1 2594//1 2595//1
f 2595//1 2594//1 2596//1
f 2595//1 2596//1 2597//1
f 2597//1 2596//1 2598//1
f 2597//1 2598//1 2599//1
f 2599//1 2598//1 2600//1
f 2599//1 2600//1 2601//1
f 2601//1 2600//1 2578//1
f 2601//1 2578//1 1011//1
f 1011//1 2578//1 1012//1
f 2587//1 2602//1 2588//1
f 2588//1 2602//1 2590//1
f 2602//1 2603//1 2590//1
f 2590//1 2603//1 2592//1
f 2603//1 2604//1 2592//1
f 2592//1 2604//1 2594//1
f 2604//1 2605//1 2594//1
f 2594//1 2605//1 2596//1
f 2605//1 2606//1 2596//1
f 2596//1 2606//1 2598//1
f 2598//1 2606//1 2600//1
f 2600//1 2606//1 2607//1
f 2600//1 2607//1 2581//1
f 2581//1 2578//1 2600//1
f 1011//1 1047//1 2601//1
f 2601//1 1047//1 2599//1
f 2599//1 1047//1 2597//1
f 2597//1 1047//1 1046//1
f 2597//1 1046//1 2595//1
f 2595//1 1046//1 1045//1
f 2595//1 1045//1 2593//1
f 2593//1 1045//1 1044//1
f 2593//1 1044//1 2591//1
f 2591//1 1044//1 1043//1
f 2591//1 1043//1 2589//1
f 2589//1 1043//1 1033//1
f 2589//1 1033//1 2501//1
f 2501//1 1033//1 1032//1
f 2608//1 2609//1 2610//1
f 2610//1 2609//1 1064//1
f 2610//1 1064//1 1061//1
f 2609//1 1074//1 1064//1
f 1054//1 2611//1 1061//1
f 1061//1 2611//1 2612//1
f 1061//1 2612//1 2610//1
f 2611//1 1054//1 2613//1
f 2613//1 1054//1 1053//1
f 2613//1 1053//1 2614//1
f 2614//1 1053//1 1056//1
f 2614//1 1056//1 1057//1
f 2614//1 1057//1 2615//1
f 2615//1 1057//1 1058//1
f 2615//1 1058//1 2563//1
f 2563//1 1058//1 1059//1
f 1077//1 1078//1 2616//1
f 2616//1 1078//1 2617//1
f 2616//1 2617//1 2618//1
f 2618//1 2617//1 2619//1
f 2618//1 2619//1 2620//1
f 2620//1 2619//1 2621//1
f 2620//1 2621//1 2622//1
f 2622//1 2621//1 2623//1
f 2622//1 2623//1 2624//1
f 2624//1 2623//1 2625//1
f 2624//1 2625//1 2626//1
f 2626//1 2625//1 2627//1
f 2626//1 2627//1 2628//1
f 2628//1 2627//1 2629//1
f 2628//1 2629//1 2630//1
f 2630//1 2629//1 2609//1
f 2630//1 2609//1 2631//1
f 2631//1 2609//1 2608//1
f 1078//1 1084//1 2617//1
f 2617//1 1084//1 2619//1
f 1084//1 1083//1 2619//1
f 2619//1 1083//1 2621//1
f 1083//1 1082//1 2621//1
f 2621//1 1082//1 2623//1
f 1082//1 1081//1 2623//1
f 2623//1 1081//1 2625//1
f 1081//1 1080//1 2625//1
f 2625//1 1080//1 2627//1
f 2627//1 1080//1 2629//1
f 2629//1 1080//1 1079//1
f 2629//1 1079//1 1074//1
f 1074//1 2609//1 2629//1
f 2631//1 2632//1 2630//1
f 2630//1 2632//1 2628//1
f 2628//1 2632//1 2626//1
f 2626//1 2632//1 2633//1
f 2626//1 2633//1 2624//1
f 2624//1 2633//1 2634//1
f 2624//1 2634//1 2622//1
f 2622//1 2634//1 2635//1
f 2622//1 2635//1 2620//1
f 2620//1 2635//1 2636//1
f 2620//1 2636//1 2618//1
f 2618//1 2636//1 2637//1
f 2618//1 2637//1 2616//1
f 2616//1 2637//1 2638//1
f 2639//1 2640//1 2641//1
f 2641//1 2640//1 2642//1
f 2642//1 2640//1 1073//1
f 2642//1 1073//1 2616//1
f 2616//1 1073//1 1075//1
f 2616//1 1075//1 1076//1
f 1076//1 1077//1 2616//1
f 2616//1 2638//1 2642//1
f 1065//1 2643//1 1063//1
f 1063//1 2643//1 2644//1
f 1063//1 2644//1 2645//1
f 2643//1 2646//1 2644//1
f 2647//1 1060//1 2645//1
f 2645//1 1060//1 1062//1
f 2645//1 1062//1 1063//1
f 1060//1 2647//1 1052//1
f 1052//1 2647//1 2648//1
f 1052//1 2648//1 1051//1
f 1051//1 2648//1 2649//1
f 1051//1 2649//1 2650//1
f 1051//1 2650//1 1050//1
f 1050//1 2650//1 2651//1
f 1050//1 2651//1 1048//1
f 1048//1 2651//1 2504//1
f 2639//1 2652//1 2640//1
f 2640//1 2652//1 2653//1
f 2640//1 2653//1 2654//1
f 2654//1 2653//1 2655//1
f 2654//1 2655//1 2656//1
f 2656//1 2655//1 2657//1
f 2656//1 2657//1 2658//1
f 2658//1 2657//1 2659//1
f 2658//1 2659//1 2660//1
f 2660//1 2659//1 2661//1
f 2660//1 2661//1 2662//1
f 2662//1 2661//1 2663//1
f 2662//1 2663//1 2664//1
f 2664//1 2663//1 2665//1
f 2664//1 2665//1 2666//1
f 2666//1 2665//1 2643//1
f 2666//1 2643//1 1066//1
f 1066//1 2643//1 1065//1
f 2652//1 2667//1 2653//1
f 2653//1 2667//1 2655//1
f 2667//1 2668//1 2655//1
f 2655//1 2668//1 2657//1
f 2668//1 2669//1 2657//1
f 2657//1 2669//1 2659//1
f 2669//1 2670//1 2659//1
f 2659//1 2670//1 2661//1
f 2670//1 2671//1 2661//1
f 2661//1 2671//1 2663//1
f 2663//1 2671//1 2665//1
f 2665//1 2671//1 2672//1
f 2665//1 2672//1 2646//1
f 2646//1 2643//1 2665//1
f 1066//1 1067//1 2666//1
f 2666//1 1067//1 2664//1
f 2664//1 1067//1 2662//1
f 2662//1 1067//1 1068//1
f 2662//1 1068//1 2660//1
f 2660//1 1068//1 1069//1
f 2660//1 1069//1 2658//1
f 2658//1 1069//1 1070//1
f 2658//1 1070//1 2656//1
f 2656//1 1070//1 1071//1
f 2656//1 1071//1 2654//1
f 2654//1 1071//1 1072//1
f 2654//1 1072//1 2640//1
f 2640//1 1072//1 1073//1
f 2673//1 2674//1 2675//1
f 2675//1 2674//1 164//1
f 2675//1 164//1 166//1
f 2674//1 162//1 164//1
f 168//1 2676//1 166//1
f 166//1 2676//1 2677//1
f 166//1 2677//1 2675//1
f 2676//1 168//1 2678//1
f 2678//1 168//1 170//1
f 2678//1 170//1 2679//1
f 2679//1 170//1 179//1
f 2679//1 179//1 178//1
f 2679//1 178//1 2680//1
f 2680//1 178//1 177//1
f 2680//1 177//1 2564//1
f 2564//1 177//1 176//1
f 182//1 181//1 2681//1
f 2681//1 181//1 2682//1
f 2681//1 2682//1 2683//1
f 2683//1 2682//1 2684//1
f 2683//1 2684//1 2685//1
f 2685//1 2684//1 2686//1
f 2685//1 2686//1 2687//1
f 2687//1 2686//1 2688//1
f 2687//1 2688//1 2689//1
f 2689//1 2688//1 2690//1
f 2689//1 2690//1 2691//1
f 2691//1 2690//1 2692//1
f 2691//1 2692//1 2693//1
f 2693//1 2692//1 2694//1
f 2693//1 2694//1 2695//1
f 2695//1 2694//1 2674//1
f 2695//1 2674//1 2696//1
f 2696//1 2674//1 2673//1
f 181//1 188//1 2682//1
f 2682//1 188//1 2684//1
f 188//1 187//1 2684//1
f 2684//1 187//1 2686//1
f 187//1 186//1 2686//1
f 2686//1 186//1 2688//1
f 186//1 185//1 2688//1
f 2688//1 185//1 2690//1
f 185//1 184//1 2690//1
f 2690//1 184//1 2692//1
f 2692//1 184//1 2694//1
f 2694//1 184//1 180//1
f 2694//1 180//1 162//1
f 162//1 2674//1 2694//1
f 2696//1 2697//1 2695//1
f 2695//1 2697//1 2693//1
f 2693//1 2697//1 2691//1
f 2691//1 2697//1 2698//1
f 2691//1 2698//1 2689//1
f 2689//1 2698//1 2699//1
f 2689//1 2699//1 2687//1
f 2687//1 2699//1 2700//1
f 2687//1 2700//1 2685//1
f 2685//1 2700//1 2701//1
f 2685//1 2701//1 2683//1
f 2683//1 2701//1 2702//1
f 2683//1 2702//1 2681//1
f 2681//1 2702//1 2703//1
f 2704//1 2705//1 2706//1
f 2706//1 2705//1 2707//1
f 2707//1 2705//1 190//1
f 2707//1 190//1 2681//1
f 2681//1 190//1 189//1
f 2681//1 189//1 183//1
f 183//1 182//1 2681//1
f 2681//1 2703//1 2707//1
f 161//1 2708//1 163//1
f 163//1 2708//1 2709//1
f 163//1 2709//1 2710//1
f 2708//1 2711//1 2709//1
f 2712//1 167//1 2710//1
f 2710//1 167//1 165//1
f 2710//1 165//1 163//1
f 167//1 2712//1 169//1
f 169//1 2712//1 2713//1
f 169//1 2713//1 173//1
f 173//1 2713//1 2714//1
f 173//1 2714//1 2715//1
f 173//1 2715//1 174//1
f 174//1 2715//1 2716//1
f 174//1 2716//1 175//1
f 175//1 2716//1 2560//1
f 2704//1 2717//1 2705//1
f 2705//1 2717//1 2718//1
f 2705//1 2718//1 2719//1
f 2719//1 2718//1 2720//1
f 2719//1 2720//1 2721//1
f 2721//1 2720//1 2722//1
f 2721//1 2722//1 2723//1
f 2723//1 2722//1 2724//1
f 2723//1 2724//1 2725//1
f 2725//1 2724//1 2726//1
f 2725//1 2726//1 2727//1
f 2727//1 2726//1 2728//1
f 2727//1 2728//1 2729//1
f 2729//1 2728//1 2730//1
f 2729//1 2730//1 2731//1
f 2731//1 2730//1 2708//1
f 2731//1 2708//1 160//1
f 160//1 2708//1 161//1
f 2717//1 2732//1 2718//1
f 2718//1 2732//1 2720//1
f 2732//1 2733//1 2720//1
f 2720//1 2733//1 2722//1
f 2733//1 2734//1 2722//1
f 2722//1 2734//1 2724//1
f 2734//1 2735//1 2724//1
f 2724//1 2735//1 2726//1
f 2735//1 2736//1 2726//1
f 2726//1 2736//1 2728//1
f 2728//1 2736//1 2730//1
f 2730//1 2736//1 2737//1
f 2730//1 2737//1 2711//1
f 2711//1 2708//1 2730//1
f 160//1 196//1 2731//1
f 2731//1 196//1 2729//1
f 2729//1 196//1 2727//1
f 2727//1 196//1 195//1
f 2727//1 195//1 2725//1
f 2725//1 195//1 194//1
f 2725//1 194//1 2723//1
f 2723//1 194//1 193//1
f 2723//1 193//1 2721//1
f 2721//1 193//1 192//1
f 2721//1 192//1 2719//1
f 2719//1 192//1 191//1
f 2719//1 191//1 2705//1
f 2705//1 191//1 190//1
f 2738//1 2739//1 2740//1
f 2740//1 2739//1 235//1
f 2740//1 235//1 251//1
f 2739//1 237//1 235//1
f 254//1 2741//1 251//1
f 251//1 2741//1 2742//1
f 251//1 2742//1 2740//1
f 2741//1 254//1 2743//1
f 2743//1 254//1 256//1
f 2743//1 256//1 2744//1
f 2744//1 256//1 258//1
f 2744//1 258//1 259//1
f 2744//1 259//1 2745//1
f 2745//1 259//1 260//1
f 2745//1 260//1 2565//1
f 2565//1 260//1 261//1
f 248//1 270//1 2746//1
f 2746//1 270//1 2747//1
f 2746//1 2747//1 2748//1
f 2748//1 2747//1 2749//1
f 2748//1 2749//1 2750//1
f 2750//1 2749//1 2751//1
f 2750//1 2751//1 2752//1
f 2752//1 2751//1 2753//1
f 2752//1 2753//1 2754//1
f 2754//1 2753//1 2755//1
f 2754//1 2755//1 2756//1
f 2756//1 2755//1 2757//1
f 2756//1 2757//1 2758//1
f 2758//1 2757//1 2759//1
f 2758//1 2759//1 2760//1
f 2760//1 2759//1 2739//1
f 2760//1 2739//1 2761//1
f 2761//1 2739//1 2738//1
f 270//1 269//1 2747//1
f 2747//1 269//1 2749//1
f 269//1 268//1 2749//1
f 2749//1 268//1 2751//1
f 268//1 267//1 2751//1
f 2751//1 267//1 2753//1
f 267//1 266//1 2753//1
f 2753//1 266//1 2755//1
f 266//1 250//1 2755//1
f 2755//1 250//1 2757//1
f 2757//1 250//1 2759//1
f 2759//1 250//1 249//1
f 2759//1 249//1 237//1
f 237//1 2739//1 2759//1
f 2761//1 2762//1 2760//1
f 2760//1 2762//1 2758//1
f 2758//1 2762//1 2756//1
f 2756//1 2762//1 2763//1
f 2756//1 2763//1 2754//1
f 2754//1 2763//1 2764//1
f 2754//1 2764//1 2752//1
f 2752//1 2764//1 2765//1
f 2752//1 2765//1 2750//1
f 2750//1 2765//1 2766//1
f 2750//1 2766//1 2748//1
f 2748//1 2766//1 2767//1
f 2748//1 2767//1 2746//1
f 2746//1 2767//1 2768//1
f 2769//1 2770//1 2771//1
f 2771//1 2770//1 2772//1
f 2772//1 2770//1 245//1
f 2772//1 245//1 2746//1
f 2746//1 245//1 246//1
f 2746//1 246//1 247//1
f 247//1 248//1 2746//1
f 2746//1 2768//1 2772//1
f 236//1 2773//1 234//1
f 234//1 2773//1 2774//1
f 234//1 2774//1 2775//1
f 2773//1 2776//1 2774//1
f 2777//1 253//1 2775//1
f 2775//1 253//1 252//1
f 2775//1 252//1 234//1
f 253//1 2777//1 255//1
f 255//1 2777//1 2778//1
f 255//1 2778//1 262//1
f 262//1 2778//1 2779//1
f 262//1 2779//1 2780//1
f 262//1 2780//1 264//1
f 264//1 2780//1 2781//1
f 264//1 2781//1 265//1
f 265//1 2781//1 2557//1
f 2769//1 2782//1 2770//1
f 2770//1 2782//1 2783//1
f 2770//1 2783//1 2784//1
f 2784//1 2783//1 2785//1
f 2784//1 2785//1 2786//1
f 2786//1 2785//1 2787//1
f 2786//1 2787//1 2788//1
f 2788//1 2787//1 2789//1
f 2788//1 2789//1 2790//1
f 2790//1 2789//1 2791//1
f 2790//1 2791//1 2792//1
f 2792//1 2791//1 2793//1
f 2792//1 2793//1 2794//1
f 2794//1 2793//1 2795//1
f 2794//1 2795//1 2796//1
f 2796//1 2795//1 2773//1
f 2796//1 2773//1 238//1
f 238//1 2773//1 236//1
f 2782//1 2797//1 2783//1
f 2783//1 2797//1 2785//1
f 2797//1 2798//1 2785//1
f 2785//1 2798//1 2787//1
f 2798//1 2799//1 2787//1
f 2787//1 2799//1 2789//1
f 2799//1 2800//1 2789//1
f 2789//1 2800//1 2791//1
f 2800//1 2801//1 2791//1
f 2791//1 2801//1 2793//1
f 2793//1 2801//1 2795//1
f 2795//1 2801//1 2802//1
f 2795//1 2802//1 2776//1
f 2776//1 2773//1 2795//1
f 238//1 239//1 2796//1
f 2796//1 239//1 2794//1
f 2794//1 239//1 2792//1
f 2792//1 239//1 240//1
f 2792//1 240//1 2790//1
f 2790//1 240//1 241//1
f 2790//1 241//1 2788//1
f 2788//1 241//1 242//1
f 2788//1 242//1 2786//1
f 2786//1 242//1 243//1
f 2786//1 243//1 2784//1
f 2784//1 243//1 244//1
f 2784//1 244//1 2770//1
f 2770//1 244//1 245//1
f 2803//1 2804//1 2805//1
f 2805//1 2804//1 309//1
f 2805//1 309//1 317//1
f 2804//1 311//1 309//1
f 320//1 2806//1 317//1
f 317//1 2806//1 2807//1
f 317//1 2807//1 2805//1
f 2806//1 320//1 2808//1
f 2808//1 320//1 322//1
f 2808//1 322//1 2809//1
f 2809//1 322//1 324//1
f 2809//1 324//1 326//1
f 2809//1 326//1 2810//1
f 2810//1 326//1 327//1
f 2810//1 327//1 2566//1
f 2566//1 327//1 328//1
f 332//1 336//1 2811//1
f 2811//1 336//1 2812//1
f 2811//1 2812//1 2813//1
f 2813//1 2812//1 2814//1
f 2813//1 2814//1 2815//1
f 2815//1 2814//1 2816//1
f 2815//1 2816//1 2817//1
f 2817//1 2816//1 2818//1
f 2817//1 2818//1 2819//1
f 2819//1 2818//1 2820//1
f 2819//1 2820//1 2821//1
f 2821//1 2820//1 2822//1
f 2821//1 2822//1 2823//1
f 2823//1 2822//1 2824//1
f 2823//1 2824//1 2825//1
f 2825//1 2824//1 2804//1
f 2825//1 2804//1 2826//1
f 2826//1 2804//1 2803//1
f 336//1 335//1 2812//1
f 2812//1 335//1 2814//1
f 335//1 334//1 2814//1
f 2814//1 334//1 2816//1
f 334//1 333//1 2816//1
f 2816//1 333//1 2818//1
f 333//1 316//1 2818//1
f 2818//1 316//1 2820//1
f 316//1 315//1 2820//1
f 2820//1 315//1 2822//1
f 2822//1 315//1 2824//1
f 2824//1 315//1 313//1
f 2824//1 313//1 311//1
f 311//1 2804//1 2824//1
f 2826//1 2827//1 2825//1
f 2825//1 2827//1 2823//1
f 2823//1 2827//1 2821//1
f 2821//1 2827//1 2828//1
f 2821//1 2828//1 2819//1
f 2819//1 2828//1 2829//1
f 2819//1 2829//1 2817//1
f 2817//1 2829//1 2830//1
f 2817//1 2830//1 2815//1
f 2815//1 2830//1 2831//1
f 2815//1 2831//1 2813//1
f 2813//1 2831//1 2832//1
f 2813//1 2832//1 2811//1
f 2811//1 2832//1 2833//1
f 2834//1 2835//1 2836//1
f 2836//1 2835//1 2837//1
f 2837//1 2835//1 340//1
f 2837//1 340//1 2811//1
f 2811//1 340//1 337//1
f 2811//1 337//1 314//1
f 314//1 332//1 2811//1
f 2811//1 2833//1 2837//1
f 310//1 2838//1 308//1
f 308//1 2838//1 2839//1
f 308//1 2839//1 2840//1
f 2838//1 2841//1 2839//1
f 2842//1 319//1 2840//1
f 2840//1 319//1 318//1
f 2840//1 318//1 308//1
f 319//1 2842//1 321//1
f 321//1 2842//1 2843//1
f 321//1 2843//1 323//1
f 323//1 2843//1 2844//1
f 323//1 2844//1 2845//1
f 323//1 2845//1 330//1
f 330//1 2845//1 2846//1
f 330//1 2846//1 331//1
f 331//1 2846//1 2554//1
f 2834//1 2847//1 2835//1
f 2835//1 2847//1 2848//1
f 2835//1 2848//1 2849//1
f 2849//1 2848//1 2850//1
f 2849//1 2850//1 2851//1
f 2851//1 2850//1 2852//1
f 2851//1 2852//1 2853//1
f 2853//1 2852//1 2854//1
f 2853//1 2854//1 2855//1
f 2855//1 2854//1 2856//1
f 2855//1 2856//1 2857//1
f 2857//1 2856//1 2858//1
f 2857//1 2858//1 2859//1
f 2859//1 2858//1 2860//1
f 2859//1 2860//1 2861//1
f 2861//1 2860//1 2838//1
f 2861//1 2838//1 312//1
f 312//1 2838//1 310//1
f 2847//1 2862//1 2848//1
f 2848//1 2862//1 2850//1
f 2862//1 2863//1 2850//1
f 2850//1 2863//1 2852//1
f 2863//1 2864//1 2852//1
f 2852//1 2864//1 2854//1
f 2864//1 2865//1 2854//1
f 2854//1 2865//1 2856//1
f 2865//1 2866//1 2856//1
f 2856//1 2866//1 2858//1
f 2858//1 2866//1 2860//1
f 2860//1 2866//1 2867//1
f 2860//1 2867//1 2841//1
f 2841//1 2838//1 2860//1
f 312//1 338//1 2861//1
f 2861//1 338//1 2859//1
f 2859//1 338//1 2857//1
f 2857//1 338//1 339//1
f 2857//1 339//1 2855//1
f 2855//1 339//1 341//1
f 2855//1 341//1 2853//1
f 2853//1 341//1 342//1
f 2853//1 342//1 2851//1
f 2851//1 342//1 343//1
f 2851//1 343//1 2849//1
f 2849//1 343//1 344//1
f 2849//1 344//1 2835//1
f 2835//1 344//1 340//1
f 2868//1 2869//1 2870//1
f 2870//1 2869//1 383//1
f 2870//1 383//1 387//1
f 2869//1 385//1 383//1
f 390//1 2871//1 387//1
f 387//1 2871//1 2872//1
f 387//1 2872//1 2870//1
f 2871//1 390//1 2873//1
f 2873//1 390//1 392//1
f 2873//1 392//1 2874//1
f 2874//1 392//1 398//1
f 2874//1 398//1 399//1
f 2874//1 399//1 2875//1
f 2875//1 399//1 400//1
f 2875//1 400//1 2567//1
f 2567//1 400//1 401//1
f 408//1 407//1 2876//1
f 2876//1 407//1 2877//1
f 2876//1 2877//1 2878//1
f 2878//1 2877//1 2879//1
f 2878//1 2879//1 2880//1
f 2880//1 2879//1 2881//1
f 2880//1 2881//1 2882//1
f 2882//1 2881//1 2883//1
f 2882//1 2883//1 2884//1
f 2884//1 2883//1 2885//1
f 2884//1 2885//1 2886//1
f 2886//1 2885//1 2887//1
f 2886//1 2887//1 2888//1
f 2888//1 2887//1 2889//1
f 2888//1 2889//1 2890//1
f 2890//1 2889//1 2869//1
f 2890//1 2869//1 2891//1
f 2891//1 2869//1 2868//1
f 407//1 406//1 2877//1
f 2877//1 406//1 2879//1
f 406//1 405//1 2879//1
f 2879//1 405//1 2881//1
f 405//1 404//1 2881//1
f 2881//1 404//1 2883//1
f 404//1 403//1 2883//1
f 2883//1 403//1 2885//1
f 403//1 402//1 2885//1
f 2885//1 402//1 2887//1
f 2887//1 402//1 2889//1
f 2889//1 402//1 386//1
f 2889//1 386//1 385//1
f 385//1 2869//1 2889//1
f 2891//1 2892//1 2890//1
f 2890//1 2892//1 2888//1
f 2888//1 2892//1 2886//1
f 2886//1 2892//1 2893//1
f 2886//1 2893//1 2884//1
f 2884//1 2893//1 2894//1
f 2884//1 2894//1 2882//1
f 2882//1 2894//1 2895//1
f 2882//1 2895//1 2880//1
f 2880//1 2895//1 2896//1
f 2880//1 2896//1 2878//1
f 2878//1 2896//1 2897//1
f 2878//1 2897//1 2876//1
f 2876//1 2897//1 2898//1
f 2899//1 2900//1 2901//1
f 2901//1 2900//1 2902//1
f 2902//1 2900//1 411//1
f 2902//1 411//1 2876//1
f 2876//1 411//1 410//1
f 2876//1 410//1 409//1
f 409//1 408//1 2876//1
f 2876//1 2898//1 2902//1
f 384//1 2903//1 382//1
f 382//1 2903//1 2904//1
f 382//1 2904//1 2905//1
f 2903//1 2906//1 2904//1
f 2907//1 389//1 2905//1
f 2905//1 389//1 388//1
f 2905//1 388//1 382//1
f 389//1 2907//1 391//1
f 391//1 2907//1 2908//1
f 391//1 2908//1 393//1
f 393//1 2908//1 2909//1
f 393//1 2909//1 2910//1
f 393//1 2910//1 395//1
f 395//1 2910//1 2911//1
f 395//1 2911//1 396//1
f 396//1 2911//1 2551//1
f 2899//1 2912//1 2900//1
f 2900//1 2912//1 2913//1
f 2900//1 2913//1 2914//1
f 2914//1 2913//1 2915//1
f 2914//1 2915//1 2916//1
f 2916//1 2915//1 2917//1
f 2916//1 2917//1 2918//1
f 2918//1 2917//1 2919//1
f 2918//1 2919//1 2920//1
f 2920//1 2919//1 2921//1
f 2920//1 2921//1 2922//1
f 2922//1 2921//1 2923//1
f 2922//1 2923//1 2924//1
f 2924//1 2923//1 2925//1
f 2924//1 2925//1 2926//1
f 2926//1 2925//1 2903//1
f 2926//1 2903//1 412//1
f 412//1 2903//1 384//1
f 2912//1 2927//1 2913//1
f 2913//1 2927//1 2915//1
f 2927//1 2928//1 2915//1
f 2915//1 2928//1 2917//1
f 2928//1 2929//1 2917//1
f 2917//1 2929//1 2919//1
f 2929//1 2930//1 2919//1
f 2919//1 2930//1 2921//1
f 2930//1 2931//1 2921//1
f 2921//1 2931//1 2923//1
f 2923//1 2931//1 2925//1
f 2925//1 2931//1 2932//1
f 2925//1 2932//1 2906//1
f 2906//1 2903//1 2925//1
f 412//1 413//1 2926//1
f 2926//1 413//1 2924//1
f 2924//1 413//1 2922//1
f 2922//1 413//1 414//1
f 2922//1 414//1 2920//1
f 2920//1 414//1 415//1
f 2920//1 415//1 2918//1
f 2918//1 415//1 416//1
f 2918//1 416//1 2916//1
f 2916//1 416//1 417//1
f 2916//1 417//1 2914//1
f 2914//1 417//1 418//1
f 2914//1 418//1 2900//1
f 2900//1 418//1 411//1
f 2933//1 2934//1 2935//1
f 2935//1 2934//1 457//1
f 2935//1 457//1 461//1
f 2934//1 459//1 457//1
f 464//1 2936//1 461//1
f 461//1 2936//1 2937//1
f 461//1 2937//1 2935//1
f 2936//1 464//1 2938//1
f 2938//1 464//1 466//1
f 2938//1 466//1 2939//1
f 2939//1 466//1 468//1
f 2939//1 468//1 469//1
f 2939//1 469//1 2940//1
f 2940//1 469//1 470//1
f 2940//1 470//1 2569//1
f 2569//1 470//1 471//1
f 482//1 481//1 2941//1
f 2941//1 481//1 2942//1
f 2941//1 2942//1 2943//1
f 2943//1 2942//1 2944//1
f 2943//1 2944//1 2945//1
f 2945//1 2944//1 2946//1
f 2945//1 2946//1 2947//1
f 2947//1 2946//1 2948//1
f 2947//1 2948//1 2949//1
f 2949//1 2948//1 2950//1
f 2949//1 2950//1 2951//1
f 2951//1 2950//1 2952//1
f 2951//1 2952//1 2953//1
f 2953//1 2952//1 2954//1
f 2953//1 2954//1 2955//1
f 2955//1 2954//1 2934//1
f 2955//1 2934//1 2956//1
f 2956//1 2934//1 2933//1
f 481//1 480//1 2942//1
f 2942//1 480//1 2944//1
f 480//1 479//1 2944//1
f 2944//1 479//1 2946//1
f 479//1 478//1 2946//1
f 2946//1 478//1 2948//1
f 478//1 477//1 2948//1
f 2948//1 477//1 2950//1
f 477//1 476//1 2950//1
f 2950//1 476//1 2952//1
f 2952//1 476//1 2954//1
f 2954//1 476//1 460//1
f 2954//1 460//1 459//1
f 459//1 2934//1 2954//1
f 2956//1 2957//1 2955//1
f 2955//1 2957//1 2953//1
f 2953//1 2957//1 2951//1
f 2951//1 2957//1 2958//1
f 2951//1 2958//1 2949//1
f 2949//1 2958//1 2959//1
f 2949//1 2959//1 2947//1
f 2947//1 2959//1 2960//1
f 2947//1 2960//1 2945//1
f 2945//1 2960//1 2961//1
f 2945//1 2961//1 2943//1
f 2943//1 2961//1 2962//1
f 2943//1 2962//1 2941//1
f 2941//1 2962//1 2963//1
f 2964//1 2965//1 2966//1
f 2966//1 2965//1 2967//1
f 2967//1 2965//1 485//1
f 2967//1 485//1 2941//1
f 2941//1 485//1 484//1
f 2941//1 484//1 483//1
f 483//1 482//1 2941//1
f 2941//1 2963//1 2967//1
f 458//1 2968//1 456//1
f 456//1 2968//1 2969//1
f 456//1 2969//1 2970//1
f 2968//1 2971//1 2969//1
f 2972//1 463//1 2970//1
f 2970//1 463//1 462//1
f 2970//1 462//1 456//1
f 463//1 2972//1 465//1
f 465//1 2972//1 2973//1
f 465//1 2973//1 473//1
f 473//1 2973//1 2974//1
f 473//1 2974//1 2975//1
f 473//1 2975//1 474//1
f 474//1 2975//1 2976//1
f 474//1 2976//1 475//1
f 475//1 2976//1 2549//1
f 2964//1 2977//1 2965//1
f 2965//1 2977//1 2978//1
f 2965//1 2978//1 2979//1
f 2979//1 2978//1 2980//1
f 2979//1 2980//1 2981//1
f 2981//1 2980//1 2982//1
f 2981//1 2982//1 2983//1
f 2983//1 2982//1 2984//1
f 2983//1 2984//1 2985//1
f 2985//1 2984//1 2986//1
f 2985//1 2986//1 2987//1
f 2987//1 2986//1 2988//1
f 2987//1 2988//1 2989//1
f 2989//1 2988//1 2990//1
f 2989//1 2990//1 2991//1
f 2991//1 2990//1 2968//1
f 2991//1 2968//1 486//1
f 486//1 2968//1 458//1
f 2977//1 2992//1 2978//1
f 2978//1 2992//1 2980//1
f 2992//1 2993//1 2980//1
f 2980//1 2993//1 2982//1
f 2993//1 2994//1 2982//1
f 2982//1 2994//1 2984//1
f 2994//1 2995//1 2984//1
f 2984//1 2995//1 2986//1
f 2995//1 2996//1 2986//1
f 2986//1 2996//1 2988//1
f 2988//1 2996//1 2990//1
f 2990//1 2996//1 2997//1
f 2990//1 2997//1 2971//1
f 2971//1 2968//1 2990//1
f 486//1 487//1 2991//1
f 2991//1 487//1 2989//1
f 2989//1 487//1 2987//1
f 2987//1 487//1 488//1
f 2987//1 488//1 2985//1
f 2985//1 488//1 489//1
f 2985//1 489//1 2983//1
f 2983//1 489//1 490//1
f 2983//1 490//1 2981//1
f 2981//1 490//1 491//1
f 2981//1 491//1 2979//1
f 2979//1 491//1 492//1
f 2979//1 492//1 2965//1
f 2965//1 492//1 485//1
f 2998//1 2999//1 3000//1
f 3000//1 2999//1 531//1
f 3000//1 531//1 535//1
f 2999//1 533//1 531//1
f 538//1 3001//1 535//1
f 535//1 3001//1 3002//1
f 535//1 3002//1 3000//1
f 3001//1 538//1 3003//1
f 3003//1 538//1 540//1
f 3003//1 540//1 3004//1
f 3004//1 540//1 542//1
f 3004//1 542//1 543//1
f 3004//1 543//1 3005//1
f 3005//1 543//1 544//1
f 3005//1 544//1 2570//1
f 2570//1 544//1 545//1
f 556//1 555//1 3006//1
f 3006//1 555//1 3007//1
f 3006//1 3007//1 3008//1
f 3008//1 3007//1 3009//1
f 3008//1 3009//1 3010//1
f 3010//1 3009//1 3011//1
f 3010//1 3011//1 3012//1
f 3012//1 3011//1 3013//1
f 3012//1 3013//1 3014//1
f 3014//1 3013//1 3015//1
f 3014//1 3015//1 3016//1
f 3016//1 3015//1 3017//1
f 3016//1 3017//1 3018//1
f 3018//1 3017//1 3019//1
f 3018//1 3019//1 3020//1
f 3020//1 3019//1 2999//1
f 3020//1 2999//1 3021//1
f 3021//1 2999//1 2998//1
f 555//1 554//1 3007//1
f 3007//1 554//1 3009//1
f 554//1 553//1 3009//1
f 3009//1 553//1 3011//1
f 553//1 552//1 3011//1
f 3011//1 552//1 3013//1
f 552//1 551//1 3013//1
f 3013//1 551//1 3015//1
f 551//1 550//1 3015//1
f 3015//1 550//1 3017//1
f 3017//1 550//1 3019//1
f 3019//1 550//1 534//1
f 3019//1 534//1 533//1
f 533//1 2999//1 3019//1
f 3021//1 3022//1 3020//1
f 3020//1 3022//1 3018//1
f 3018//1 3022//1 3016//1
f 3016//1 3022//1 3023//1
f 3016//1 3023//1 3014//1
f 3014//1 3023//1 3024//1
f 3014//1 3024//1 3012//1
f 3012//1 3024//1 3025//1
f 3012//1 3025//1 3010//1
f 3010//1 3025//1 3026//1
f 3010//1 3026//1 3008//1
f 3008//1 3026//1 3027//1
f 3008//1 3027//1 3006//1
f 3006//1 3027//1 3028//1
f 3029//1 3030//1 3031//1
f 3031//1 3030//1 3032//1
f 3032//1 3030//1 559//1
f 3032//1 559//1 3006//1
f 3006//1 559//1 558//1
f 3006//1 558//1 557//1
f 557//1 556//1 3006//1
f 3006//1 3028//1 3032//1
f 532//1 3033//1 530//1
f 530//1 3033//1 3034//1
f 530//1 3034//1 3035//1
f 3033//1 3036//1 3034//1
f 3037//1 537//1 3035//1
f 3035//1 537//1 536//1
f 3035//1 536//1 530//1
f 537//1 3037//1 539//1
f 539//1 3037//1 3038//1
f 539//1 3038//1 547//1
f 547//1 3038//1 3039//1
f 547//1 3039//1 3040//1
f 547//1 3040//1 548//1
f 548//1 3040//1 3041//1
f 548//1 3041//1 549//1
f 549//1 3041//1 2546//1
f 3029//1 3042//1 3030//1
f 3030//1 3042//1 3043//1
f 3030//1 3043//1 3044//1
f 3044//1 3043//1 3045//1
f 3044//1 3045//1 3046//1
f 3046//1 3045//1 3047//1
f 3046//1 3047//1 3048//1
f 3048//1 3047//1 3049//1
f 3048//1 3049//1 3050//1
f 3050//1 3049//1 3051//1
f 3050//1 3051//1 3052//1
f 3052//1 3051//1 3053//1
f 3052//1 3053//1 3054//1
f 3054//1 3053//1 3055//1
f 3054//1 3055//1 3056//1
f 3056//1 3055//1 3033//1
f 3056//1 3033//1 560//1
f 560//1 3033//1 532//1
f 3042//1 3057//1 3043//1
f 3043//1 3057//1 3045//1
f 3057//1 3058//1 3045//1
f 3045//1 3058//1 3047//1
f 3058//1 3059//1 3047//1
f 3047//1 3059//1 3049//1
f 3059//1 3060//1 3049//1
f 3049//1 3060//1 3051//1
f 3060//1 3061//1 3051//1
f 3051//1 3061//1 3053//1
f 3053//1 3061//1 3055//1
f 3055//1 3061//1 3062//1
f 3055//1 3062//1 3036//1
f 3036//1 3033//1 3055//1
f 560//1 561//1 3056//1
f 3056//1 561//1 3054//1
f 3054//1 561//1 3052//1
f 3052//1 561//1 562//1
f 3052//1 562//1 3050//1
f 3050//1 562//1 563//1
f 3050//1 563//1 3048//1
f 3048//1 563//1 564//1
f 3048//1 564//1 3046//1
f 3046//1 564//1 565//1
f 3046//1 565//1 3044//1
f 3044//1 565//1 566//1
f 3044//1 566//1 3030//1
f 3030//1 566//1 559//1
f 3063//1 3064//1 3065//1
f 3065//1 3064//1 605//1
f 3065//1 605//1 610//1
f 3064//1 607//1 605//1
f 612//1 3066//1 610//1
f 610//1 3066//1 3067//1
f 610//1 3067//1 3065//1
f 3066//1 612//1 3068//1
f 3068//1 612//1 614//1
f 3068//1 614//1 3069//1
f 3069//1 614//1 623//1
f 3069//1 623//1 622//1
f 3069//1 622//1 3070//1
f 3070//1 622//1 621//1
f 3070//1 621//1 2571//1
f 2571//1 621//1 620//1
f 630//1 629//1 3071//1
f 3071//1 629//1 3072//1
f 3071//1 3072//1 3073//1
f 3073//1 3072//1 3074//1
f 3073//1 3074//1 3075//1
f 3075//1 3074//1 3076//1
f 3075//1 3076//1 3077//1
f 3077//1 3076//1 3078//1
f 3077//1 3078//1 3079//1
f 3079//1 3078//1 3080//1
f 3079//1 3080//1 3081//1
f 3081//1 3080//1 3082//1
f 3081//1 3082//1 3083//1
f 3083//1 3082//1 3084//1
f 3083//1 3084//1 3085//1
f 3085//1 3084//1 3064//1
f 3085//1 3064//1 3086//1
f 3086//1 3064//1 3063//1
f 629//1 628//1 3072//1
f 3072//1 628//1 3074//1
f 628//1 627//1 3074//1
f 3074//1 627//1 3076//1
f 627//1 626//1 3076//1
f 3076//1 626//1 3078//1
f 626//1 625//1 3078//1
f 3078//1 625//1 3080//1
f 625//1 624//1 3080//1
f 3080//1 624//1 3082//1
f 3082//1 624//1 3084//1
f 3084//1 624//1 608//1
f 3084//1 608//1 607//1
f 607//1 3064//1 3084//1
f 3086//1 3087//1 3085//1
f 3085//1 3087//1 3083//1
f 3083//1 3087//1 3081//1
f 3081//1 3087//1 3088//1
f 3081//1 3088//1 3079//1
f 3079//1 3088//1 3089//1
f 3079//1 3089//1 3077//1
f 3077//1 3089//1 3090//1
f 3077//1 3090//1 3075//1
f 3075//1 3090//1 3091//1
f 3075//1 3091//1 3073//1
f 3073//1 3091//1 3092//1
f 3073//1 3092//1 3071//1
f 3071//1 3092//1 3093//1
f 3094//1 3095//1 3096//1
f 3096//1 3095//1 3097//1
f 3097//1 3095//1 633//1
f 3097//1 633//1 3071//1
f 3071//1 633//1 632//1
f 3071//1 632//1 631//1
f 631//1 630//1 3071//1
f 3071//1 3093//1 3097//1
f 606//1 3098//1 604//1
f 604//1 3098//1 3099//1
f 604//1 3099//1 3100//1
f 3098//1 3101//1 3099//1
f 3102//1 611//1 3100//1
f 3100//1 611//1 609//1
f 3100//1 609//1 604//1
f 611//1 3102//1 613//1
f 613//1 3102//1 3103//1
f 613//1 3103//1 617//1
f 617//1 3103//1 3104//1
f 617//1 3104//1 3105//1
f 617//1 3105//1 618//1
f 618//1 3105//1 3106//1
f 618//1 3106//1 619//1
f 619//1 3106//1 2543//1
f 3094//1 3107//1 3095//1
f 3095//1 3107//1 3108//1
f 3095//1 3108//1 3109//1
f 3109//1 3108//1 3110//1
f 3109//1 3110//1 3111//1
f 3111//1 3110//1 3112//1
f 3111//1 3112//1 3113//1
f 3113//1 3112//1 3114//1
f 3113//1 3114//1 3115//1
f 3115//1 3114//1 3116//1
f 3115//1 3116//1 3117//1
f 3117//1 3116//1 3118//1
f 3117//1 3118//1 3119//1
f 3119//1 3118//1 3120//1
f 3119//1 3120//1 3121//1
f 3121//1 3120//1 3098//1
f 3121//1 3098//1 637//1
f 637//1 3098//1 606//1
f 3107//1 3122//1 3108//1
f 3108//1 3122//1 3110//1
f 3122//1 3123//1 3110//1
f 3110//1 3123//1 3112//1
f 3123//1 3124//1 3112//1
f 3112//1 3124//1 3114//1
f 3124//1 3125//1 3114//1
f 3114//1 3125//1 3116//1
f 3125//1 3126//1 3116//1
f 3116//1 3126//1 3118//1
f 3118//1 3126//1 3120//1
f 3120//1 3126//1 3127//1
f 3120//1 3127//1 3101//1
f 3101//1 3098//1 3120//1
f 637//1 638//1 3121//1
f 3121//1 638//1 3119//1
f 3119//1 638//1 3117//1
f 3117//1 638//1 640//1
f 3117//1 640//1 3115//1
f 3115//1 640//1 639//1
f 3115//1 639//1 3113//1
f 3113//1 639//1 636//1
f 3113//1 636//1 3111//1
f 3111//1 636//1 635//1
f 3111//1 635//1 3109//1
f 3109//1 635//1 634//1
f 3109//1 634//1 3095//1
f 3095//1 634//1 633//1
f 3128//1 3129//1 3130//1
f 3130//1 3129//1 679//1
f 3130//1 679//1 686//1
f 3129//1 681//1 679//1
f 689//1 3131//1 686//1
f 686//1 3131//1 3132//1
f 686//1 3132//1 3130//1
f 3131//1 689//1 3133//1
f 3133//1 689//1 691//1
f 3133//1 691//1 3134//1
f 3134//1 691//1 700//1
f 3134//1 700//1 699//1
f 3134//1 699//1 3135//1
f 3135//1 699//1 698//1
f 3135//1 698//1 2572//1
f 2572//1 698//1 697//1
f 683//1 705//1 3136//1
f 3136//1 705//1 3137//1
f 3136//1 3137//1 3138//1
f 3138//1 3137//1 3139//1
f 3138//1 3139//1 3140//1
f 3140//1 3139//1 3141//1
f 3140//1 3141//1 3142//1
f 3142//1 3141//1 3143//1
f 3142//1 3143//1 3144//1
f 3144//1 3143//1 3145//1
f 3144//1 3145//1 3146//1
f 3146//1 3145//1 3147//1
f 3146//1 3147//1 3148//1
f 3148//1 3147//1 3149//1
f 3148//1 3149//1 3150//1
f 3150//1 3149//1 3129//1
f 3150//1 3129//1 3151//1
f 3151//1 3129//1 3128//1
f 705//1 704//1 3137//1
f 3137//1 704//1 3139//1
f 704//1 703//1 3139//1
f 3139//1 703//1 3141//1
f 703//1 702//1 3141//1
f 3141//1 702//1 3143//1
f 702//1 701//1 3143//1
f 3143//1 701//1 3145//1
f 701//1 685//1 3145//1
f 3145//1 685//1 3147//1
f 3147//1 685//1 3149//1
f 3149//1 685//1 684//1
f 3149//1 684//1 681//1
f 681//1 3129//1 3149//1
f 3151//1 3152//1 3150//1
f 3150//1 3152//1 3148//1
f 3148//1 3152//1 3146//1
f 3146//1 3152//1 3153//1
f 3146//1 3153//1 3144//1
f 3144//1 3153//1 3154//1
f 3144//1 3154//1 3142//1
f 3142//1 3154//1 3155//1
f 3142//1 3155//1 3140//1
f 3140//1 3155//1 3156//1
f 3140//1 3156//1 3138//1
f 3138//1 3156//1 3157//1
f 3138//1 3157//1 3136//1
f 3136//1 3157//1 3158//1
f 3159//1 3160//1 3161//1
f 3161//1 3160//1 3162//1
f 3162//1 3160//1 707//1
f 3162//1 707//1 3136//1
f 3136//1 707//1 706//1
f 3136//1 706//1 682//1
f 682//1 683//1 3136//1
f 3136//1 3158//1 3162//1
f 680//1 3163//1 678//1
f 678//1 3163//1 3164//1
f 678//1 3164//1 3165//1
f 3163//1 3166//1 3164//1
f 3167//1 688//1 3165//1
f 3165//1 688//1 687//1
f 3165//1 687//1 678//1
f 688//1 3167//1 690//1
f 690//1 3167//1 3168//1
f 690//1 3168//1 694//1
f 694//1 3168//1 3169//1
f 694//1 3169//1 3170//1
f 694//1 3170//1 695//1
f 695//1 3170//1 3171//1
f 695//1 3171//1 696//1
f 696//1 3171//1 2540//1
f 3159//1 3172//1 3160//1
f 3160//1 3172//1 3173//1
f 3160//1 3173//1 3174//1
f 3174//1 3173//1 3175//1
f 3174//1 3175//1 3176//1
f 3176//1 3175//1 3177//1
f 3176//1 3177//1 3178//1
f 3178//1 3177//1 3179//1
f 3178//1 3179//1 3180//1
f 3180//1 3179//1 3181//1
f 3180//1 3181//1 3182//1
f 3182//1 3181//1 3183//1
f 3182//1 3183//1 3184//1
f 3184//1 3183//1 3185//1
f 3184//1 3185//1 3186//1
f 3186//1 3185//1 3163//1
f 3186//1 3163//1 713//1
f 713//1 3163//1 680//1
f 3172//1 3187//1 3173//1
f 3173//1 3187//1 3175//1
f 3187//1 3188//1 3175//1
f 3175//1 3188//1 3177//1
f 3188//1 3189//1 3177//1
f 3177//1 3189//1 3179//1
f 3189//1 3190//1 3179//1
f 3179//1 3190//1 3181//1
f 3190//1 3191//1 3181//1
f 3181//1 3191//1 3183//1
f 3183//1 3191//1 3185//1
f 3185//1 3191//1 3192//1
f 3185//1 3192//1 3166//1
f 3166//1 3163//1 3185//1
f 713//1 714//1 3186//1
f 3186//1 714//1 3184//1
f 3184//1 714//1 3182//1
f 3182//1 714//1 712//1
f 3182//1 712//1 3180//1
f 3180//1 712//1 711//1
f 3180//1 711//1 3178//1
f 3178//1 711//1 710//1
f 3178//1 710//1 3176//1
f 3176//1 710//1 709//1
f 3176//1 709//1 3174//1
f 3174//1 709//1 708//1
f 3174//1 708//1 3160//1
f 3160//1 708//1 707//1
f 3193//1 3194//1 3195//1
f 3195//1 3194//1 731//1
f 3195//1 731//1 728//1
f 3194//1 733//1 731//1
f 726//1 3196//1 728//1
f 728//1 3196//1 3197//1
f 728//1 3197//1 3195//1
f 3196//1 726//1 3198//1
f 3198//1 726//1 724//1
f 3198//1 724//1 3199//1
f 3199//1 724//1 720//1
f 3199//1 720//1 721//1
f 3199//1 721//1 3200//1
f 3200//1 721//1 722//1
f 3200//1 722//1 2573//1
f 2573//1 722//1 723//1
f 741//1 740//1 3201//1
f 3201//1 740//1 3202//1
f 3201//1 3202//1 3203//1
f 3203//1 3202//1 3204//1
f 3203//1 3204//1 3205//1
f 3205//1 3204//1 3206//1
f 3205//1 3206//1 3207//1
f 3207//1 3206//1 3208//1
f 3207//1 3208//1 3209//1
f 3209//1 3208//1 3210//1
f 3209//1 3210//1 3211//1
f 3211//1 3210//1 3212//1
f 3211//1 3212//1 3213//1
f 3213//1 3212//1 3214//1
f 3213//1 3214//1 3215//1
f 3215//1 3214//1 3194//1
f 3215//1 3194//1 3216//1
f 3216//1 3194//1 3193//1
f 740//1 739//1 3202//1
f 3202//1 739//1 3204//1
f 739//1 738//1 3204//1
f 3204//1 738//1 3206//1
f 738//1 737//1 3206//1
f 3206//1 737//1 3208//1
f 737//1 736//1 3208//1
f 3208//1 736//1 3210//1
f 736//1 735//1 3210//1
f 3210//1 735//1 3212//1
f 3212//1 735//1 3214//1
f 3214//1 735//1 734//1
f 3214//1 734//1 733//1
f 733//1 3194//1 3214//1
f 3216//1 3217//1 3215//1
f 3215//1 3217//1 3213//1
f 3213//1 3217//1 3211//1
f 3211//1 3217//1 3218//1
f 3211//1 3218//1 3209//1
f 3209//1 3218//1 3219//1
f 3209//1 3219//1 3207//1
f 3207//1 3219//1 3220//1
f 3207//1 3220//1 3205//1
f 3205//1 3220//1 3221//1
f 3205//1 3221//1 3203//1
f 3203//1 3221//1 3222//1
f 3203//1 3222//1 3201//1
f 3201//1 3222//1 3223//1
f 3224//1 3225//1 3226//1
f 3226//1 3225//1 3227//1
f 3227//1 3225//1 744//1
f 3227//1 744//1 3201//1
f 3201//1 744//1 743//1
f 3201//1 743//1 742//1
f 742//1 741//1 3201//1
f 3201//1 3223//1 3227//1
f 3228//1 2371//1 3229//1
f 3229//1 2371//1 2401//1
f 3229//1 2401//1 2412//1
f 2412//1 2401//1 2427//1
f 2427//1 2401//1 2400//1
f 2427//1 2400//1 2428//1
f 2428//1 2400//1 2399//1
f 2428//1 2399//1 2429//1
f 2429//1 2399//1 2398//1
f 2429//1 2398//1 2397//1
f 3230//1 2479//1 3228//1
f 3228//1 2479//1 2366//1
f 3228//1 2366//1 2368//1
f 3230//1 3231//1 2479//1
f 2479//1 3231//1 3232//1
f 2479//1 3232//1 3233//1
f 3233//1 3234//1 2479//1
f 2479//1 3234//1 3235//1
f 2479//1 3235//1 3236//1
f 3237//1 2899//1 3236//1
f 3236//1 2899//1 2901//1
f 3236//1 2901//1 2902//1
f 3238//1 2967//1 3237//1
f 3237//1 2967//1 2963//1
f 3237//1 2963//1 2962//1
f 3239//1 3028//1 3238//1
f 3238//1 3028//1 3027//1
f 3238//1 3027//1 2977//1
f 2977//1 3027//1 2992//1
f 2992//1 3027//1 3026//1
f 2992//1 3026//1 3025//1
f 3240//1 3092//1 3239//1
f 3239//1 3092//1 3042//1
f 3239//1 3042//1 3029//1
f 3241//1 3107//1 3240//1
f 3240//1 3107//1 3094//1
f 3240//1 3094//1 3096//1
f 3242//1 3159//1 3241//1
f 3241//1 3159//1 3161//1
f 3241//1 3161//1 3162//1
f 3243//1 3223//1 3242//1
f 3242//1 3223//1 3222//1
f 3242//1 3222//1 3172//1
f 3172//1 3222//1 3187//1
f 3187//1 3222//1 3221//1
f 3187//1 3221//1 3220//1
f 3244//1 2436//1 3243//1
f 3243//1 2436//1 3245//1
f 3243//1 3245//1 3246//1
f 3246//1 3245//1 3247//1
f 3247//1 3245//1 3248//1
f 3247//1 3248//1 3249//1
f 3249//1 3248//1 3250//1
f 3249//1 3250//1 3251//1
f 3251//1 3250//1 3252//1
f 3251//1 3252//1 3253//1
f 3254//1 1527//1 3244//1
f 3244//1 1527//1 1528//1
f 3244//1 1528//1 2435//1
f 3255//1 1558//1 3254//1
f 3254//1 1558//1 1560//1
f 3254//1 1560//1 1561//1
f 3256//1 1618//1 3255//1
f 3255//1 1618//1 1572//1
f 3255//1 1572//1 1558//1
f 3256//1 3257//1 1618//1
f 1618//1 3257//1 3258//1
f 1618//1 3258//1 3259//1
f 3259//1 3260//1 1618//1
f 1618//1 3260//1 3261//1
f 1618//1 3261//1 3262//1
f 1618//1 3262//1 2307//1
f 2307//1 3262//1 3263//1
f 2307//1 3263//1 3264//1
f 3264//1 3265//1 2307//1
f 2307//1 3265//1 2356//1
f 2307//1 2356//1 2355//1
f 2356//1 3265//1 2357//1
f 2357//1 3265//1 3266//1
f 2357//1 3266//1 2358//1
f 2358//1 3266//1 3267//1
f 2358//1 3267//1 2359//1
f 2359//1 3267//1 3268//1
f 2359//1 3268//1 2360//1
f 2360//1 3268//1 3269//1
f 2360//1 3269//1 2361//1
f 2361//1 3269//1 2365//1
f 2365//1 3269//1 2364//1
f 2364//1 3269//1 2362//1
f 2362//1 3269//1 3229//1
f 2362//1 3229//1 2412//1
f 3246//1 3224//1 3243//1
f 3243//1 3224//1 3226//1
f 3243//1 3226//1 3227//1
f 3227//1 3223//1 3243//1
f 3187//1 3220//1 3188//1
f 3188//1 3220//1 3219//1
f 3188//1 3219//1 3189//1
f 3189//1 3219//1 3218//1
f 3189//1 3218//1 3190//1
f 3190//1 3218//1 3217//1
f 3190//1 3217//1 3191//1
f 3191//1 3217//1 3216//1
f 3191//1 3216//1 3192//1
f 3192//1 3216//1 3193//1
f 3192//1 3193//1 3166//1
f 3166//1 3193//1 3195//1
f 3166//1 3195//1 3164//1
f 3164//1 3195//1 3197//1
f 3164//1 3197//1 3165//1
f 3165//1 3197//1 3196//1
f 3165//1 3196//1 3167//1
f 3167//1 3196//1 3198//1
f 3167//1 3198//1 3168//1
f 3168//1 3198//1 3199//1
f 3168//1 3199//1 3169//1
f 3169//1 3199//1 3170//1
f 3170//1 3199//1 3200//1
f 3170//1 3200//1 3171//1
f 3171//1 3200//1 2539//1
f 3171//1 2539//1 2540//1
f 2573//1 2538//1 3200//1
f 3200//1 2538//1 2539//1
f 3172//1 3159//1 3242//1
f 3162//1 3158//1 3241//1
f 3241//1 3158//1 3157//1
f 3241//1 3157//1 3107//1
f 3107//1 3157//1 3156//1
f 3107//1 3156//1 3122//1
f 3122//1 3156//1 3155//1
f 3122//1 3155//1 3123//1
f 3123//1 3155//1 3154//1
f 3123//1 3154//1 3124//1
f 3124//1 3154//1 3153//1
f 3124//1 3153//1 3125//1
f 3125//1 3153//1 3152//1
f 3125//1 3152//1 3126//1
f 3126//1 3152//1 3151//1
f 3126//1 3151//1 3127//1
f 3127//1 3151//1 3128//1
f 3127//1 3128//1 3101//1
f 3101//1 3128//1 3130//1
f 3101//1 3130//1 3099//1
f 3099//1 3130//1 3132//1
f 3099//1 3132//1 3100//1
f 3100//1 3132//1 3131//1
f 3100//1 3131//1 3102//1
f 3102//1 3131//1 3133//1
f 3102//1 3133//1 3103//1
f 3103//1 3133//1 3134//1
f 3103//1 3134//1 3104//1
f 3104//1 3134//1 3105//1
f 3105//1 3134//1 3135//1
f 3105//1 3135//1 3106//1
f 3106//1 3135//1 2542//1
f 3106//1 2542//1 2543//1
f 2572//1 2541//1 3135//1
f 3135//1 2541//1 2542//1
f 3096//1 3097//1 3240//1
f 3240//1 3097//1 3093//1
f 3240//1 3093//1 3092//1
f 3092//1 3091//1 3042//1
f 3042//1 3091//1 3057//1
f 3057//1 3091//1 3090//1
f 3057//1 3090//1 3058//1
f 3058//1 3090//1 3089//1
f 3058//1 3089//1 3059//1
f 3059//1 3089//1 3088//1
f 3059//1 3088//1 3060//1
f 3060//1 3088//1 3087//1
f 3060//1 3087//1 3061//1
f 3061//1 3087//1 3086//1
f 3061//1 3086//1 3062//1
f 3062//1 3086//1 3063//1
f 3062//1 3063//1 3036//1
f 3036//1 3063//1 3065//1
f 3036//1 3065//1 3034//1
f 3034//1 3065//1 3067//1
f 3034//1 3067//1 3035//1
f 3035//1 3067//1 3066//1
f 3035//1 3066//1 3037//1
f 3037//1 3066//1 3068//1
f 3037//1 3068//1 3038//1
f 3038//1 3068//1 3069//1
f 3038//1 3069//1 3039//1
f 3039//1 3069//1 3040//1
f 3040//1 3069//1 3070//1
f 3040//1 3070//1 3041//1
f 3041//1 3070//1 2545//1
f 3041//1 2545//1 2546//1
f 2571//1 2544//1 3070//1
f 3070//1 2544//1 2545//1
f 3029//1 3031//1 3239//1
f 3239//1 3031//1 3032//1
f 3239//1 3032//1 3028//1
f 2992//1 3025//1 2993//1
f 2993//1 3025//1 3024//1
f 2993//1 3024//1 2994//1
f 2994//1 3024//1 3023//1
f 2994//1 3023//1 2995//1
f 2995//1 3023//1 3022//1
f 2995//1 3022//1 2996//1
f 2996//1 3022//1 3021//1
f 2996//1 3021//1 2997//1
f 2997//1 3021//1 2998//1
f 2997//1 2998//1 2971//1
f 2971//1 2998//1 3000//1
f 2971//1 3000//1 2969//1
f 2969//1 3000//1 3002//1
f 2969//1 3002//1 2970//1
f 2970//1 3002//1 3001//1
f 2970//1 3001//1 2972//1
f 2972//1 3001//1 3003//1
f 2972//1 3003//1 2973//1
f 2973//1 3003//1 3004//1
f 2973//1 3004//1 2974//1
f 2974//1 3004//1 2975//1
f 2975//1 3004//1 3005//1
f 2975//1 3005//1 2976//1
f 2976//1 3005//1 2548//1
f 2976//1 2548//1 2549//1
f 2570//1 2547//1 3005//1
f 3005//1 2547//1 2548//1
f 2977//1 2964//1 3238//1
f 3238//1 2964//1 2966//1
f 3238//1 2966//1 2967//1
f 2961//1 2927//1 2962//1
f 2962//1 2927//1 2912//1
f 2962//1 2912//1 3237//1
f 3237//1 2912//1 2899//1
f 2927//1 2961//1 2928//1
f 2928//1 2961//1 2960//1
f 2928//1 2960//1 2929//1
f 2929//1 2960//1 2959//1
f 2929//1 2959//1 2958//1
f 2957//1 2931//1 2958//1
f 2958//1 2931//1 2930//1
f 2958//1 2930//1 2929//1
f 2957//1 2956//1 2931//1
f 2931//1 2956//1 2932//1
f 2932//1 2956//1 2933//1
f 2932//1 2933//1 2906//1
f 2906//1 2933//1 2935//1
f 2906//1 2935//1 2904//1
f 2904//1 2935//1 2937//1
f 2904//1 2937//1 2905//1
f 2905//1 2937//1 2936//1
f 2905//1 2936//1 2907//1
f 2907//1 2936//1 2938//1
f 2907//1 2938//1 2908//1
f 2908//1 2938//1 2939//1
f 2908//1 2939//1 2909//1
f 2909//1 2939//1 2910//1
f 2910//1 2939//1 2940//1
f 2910//1 2940//1 2911//1
f 2911//1 2940//1 2550//1
f 2911//1 2550//1 2551//1
f 2569//1 2568//1 2940//1
f 2940//1 2568//1 2550//1
f 2902//1 2898//1 3236//1
f 3236//1 2898//1 2897//1
f 3236//1 2897//1 2847//1
f 2847//1 2897//1 2862//1
f 2862//1 2897//1 2896//1
f 2862//1 2896//1 2863//1
f 2863//1 2896//1 2895//1
f 2863//1 2895//1 2864//1
f 2864//1 2895//1 2894//1
f 2864//1 2894//1 2893//1
f 2892//1 2866//1 2893//1
f 2893//1 2866//1 2865//1
f 2893//1 2865//1 2864//1
f 2866//1 2892//1 2867//1
f 2867//1 2892//1 2891//1
f 2867//1 2891//1 2841//1
f 2841//1 2891//1 2868//1
f 2841//1 2868//1 2839//1
f 2839//1 2868//1 2870//1
f 2839//1 2870//1 2872//1
f 2839//1 2872//1 2840//1
f 2840//1 2872//1 2871//1
f 2840//1 2871//1 2842//1
f 2842//1 2871//1 2873//1
f 2842//1 2873//1 2843//1
f 2843//1 2873//1 2874//1
f 2843//1 2874//1 2844//1
f 2844//1 2874//1 2845//1
f 2845//1 2874//1 2875//1
f 2845//1 2875//1 2846//1
f 2846//1 2875//1 2553//1
f 2846//1 2553//1 2554//1
f 2567//1 2552//1 2875//1
f 2875//1 2552//1 2553//1
f 2847//1 2834//1 3236//1
f 3236//1 2834//1 2836//1
f 3236//1 2836//1 2837//1
f 2837//1 2833//1 3236//1
f 3236//1 2833//1 2832//1
f 3236//1 2832//1 2782//1
f 2782//1 2832//1 2797//1
f 2797//1 2832//1 2831//1
f 2797//1 2831//1 2798//1
f 2798//1 2831//1 2830//1
f 2798//1 2830//1 2799//1
f 2799//1 2830//1 2829//1
f 2799//1 2829//1 2800//1
f 2800//1 2829//1 2828//1
f 2800//1 2828//1 2801//1
f 2801//1 2828//1 2827//1
f 2801//1 2827//1 2802//1
f 2802//1 2827//1 2826//1
f 2802//1 2826//1 2776//1
f 2776//1 2826//1 2803//1
f 2776//1 2803//1 2774//1
f 2774//1 2803//1 2805//1
f 2774//1 2805//1 2807//1
f 2774//1 2807//1 2775//1
f 2775//1 2807//1 2806//1
f 2775//1 2806//1 2777//1
f 2777//1 2806//1 2808//1
f 2777//1 2808//1 2778//1
f 2778//1 2808//1 2809//1
f 2778//1 2809//1 2779//1
f 2779//1 2809//1 2780//1
f 2780//1 2809//1 2810//1
f 2780//1 2810//1 2781//1
f 2781//1 2810//1 2556//1
f 2781//1 2556//1 2557//1
f 2566//1 2555//1 2810//1
f 2810//1 2555//1 2556//1
f 2782//1 2769//1 3236//1
f 3236//1 2769//1 2771//1
f 3236//1 2771//1 2772//1
f 2772//1 2768//1 3236//1
f 3236//1 2768//1 2767//1
f 3236//1 2767//1 2717//1
f 2717//1 2767//1 2732//1
f 2732//1 2767//1 2766//1
f 2732//1 2766//1 2733//1
f 2733//1 2766//1 2765//1
f 2733//1 2765//1 2734//1
f 2734//1 2765//1 2764//1
f 2734//1 2764//1 2735//1
f 2735//1 2764//1 2763//1
f 2735//1 2763//1 2736//1
f 2736//1 2763//1 2762//1
f 2736//1 2762//1 2737//1
f 2737//1 2762//1 2761//1
f 2737//1 2761//1 2711//1
f 2711//1 2761//1 2738//1
f 2711//1 2738//1 2709//1
f 2709//1 2738//1 2740//1
f 2709//1 2740//1 2742//1
f 2709//1 2742//1 2710//1
f 2710//1 2742//1 2741//1
f 2710//1 2741//1 2712//1
f 2712//1 2741//1 2743//1
f 2712//1 2743//1 2713//1
f 2713//1 2743//1 2744//1
f 2713//1 2744//1 2714//1
f 2714//1 2744//1 2715//1
f 2715//1 2744//1 2745//1
f 2715//1 2745//1 2716//1
f 2716//1 2745//1 2559//1
f 2716//1 2559//1 2560//1
f 2565//1 2558//1 2745//1
f 2745//1 2558//1 2559//1
f 2717//1 2704//1 3236//1
f 3236//1 2704//1 2706//1
f 3236//1 2706//1 2707//1
f 2707//1 2703//1 3236//1
f 3236//1 2703//1 2702//1
f 3236//1 2702//1 2652//1
f 2652//1 2702//1 2667//1
f 2667//1 2702//1 2701//1
f 2667//1 2701//1 2668//1
f 2668//1 2701//1 2700//1
f 2668//1 2700//1 2669//1
f 2669//1 2700//1 2699//1
f 2669//1 2699//1 2670//1
f 2670//1 2699//1 2698//1
f 2670//1 2698//1 2671//1
f 2671//1 2698//1 2697//1
f 2671//1 2697//1 2672//1
f 2672//1 2697//1 2696//1
f 2672//1 2696//1 2646//1
f 2646//1 2696//1 2673//1
f 2646//1 2673//1 2644//1
f 2644//1 2673//1 2675//1
f 2644//1 2675//1 2677//1
f 2644//1 2677//1 2645//1
f 2645//1 2677//1 2676//1
f 2645//1 2676//1 2647//1
f 2647//1 2676//1 2678//1
f 2647//1 2678//1 2648//1
f 2648//1 2678//1 2679//1
f 2648//1 2679//1 2649//1
f 2649//1 2679//1 2650//1
f 2650//1 2679//1 2680//1
f 2650//1 2680//1 2651//1
f 2651//1 2680//1 2505//1
f 2651//1 2505//1 2504//1
f 2564//1 2561//1 2680//1
f 2680//1 2561//1 2505//1
f 2652//1 2639//1 3236//1
f 3236//1 2639//1 2641//1
f 3236//1 2641//1 2642//1
f 2642//1 2638//1 3236//1
f 3236//1 2638//1 2637//1
f 3236//1 2637//1 2587//1
f 2587//1 2637//1 2602//1
f 2602//1 2637//1 2636//1
f 2602//1 2636//1 2603//1
f 2603//1 2636//1 2635//1
f 2603//1 2635//1 2604//1
f 2604//1 2635//1 2634//1
f 2604//1 2634//1 2605//1
f 2605//1 2634//1 2633//1
f 2605//1 2633//1 2606//1
f 2606//1 2633//1 2632//1
f 2606//1 2632//1 2607//1
f 2607//1 2632//1 2631//1
f 2607//1 2631//1 2581//1
f 2581//1 2631//1 2608//1
f 2581//1 2608//1 2579//1
f 2579//1 2608//1 2610//1
f 2579//1 2610//1 2612//1
f 2579//1 2612//1 2580//1
f 2580//1 2612//1 2611//1
f 2580//1 2611//1 2582//1
f 2582//1 2611//1 2613//1
f 2582//1 2613//1 2583//1
f 2583//1 2613//1 2614//1
f 2583//1 2614//1 2584//1
f 2584//1 2614//1 2585//1
f 2585//1 2614//1 2615//1
f 2585//1 2615//1 2586//1
f 2586//1 2615//1 2506//1
f 2586//1 2506//1 2507//1
f 2563//1 2562//1 2615//1
f 2615//1 2562//1 2506//1
f 2587//1 2500//1 3236//1
f 3236//1 2500//1 2502//1
f 3236//1 2502//1 2503//1
f 2503//1 2468//1 3236//1
f 3236//1 2468//1 2467//1
f 3236//1 2467//1 2479//1
f 2479//1 2467//1 2494//1
f 2494//1 2467//1 2466//1
f 2494//1 2466//1 2495//1
f 2495//1 2466//1 2465//1
f 2495//1 2465//1 2496//1
f 2496//1 2465//1 2464//1
f 2496//1 2464//1 2497//1
f 2497//1 2464//1 2463//1
f 2497//1 2463//1 2498//1
f 2498//1 2463//1 2462//1
f 2498//1 2462//1 2499//1
f 2499//1 2462//1 2461//1
f 2499//1 2461//1 2472//1
f 2472//1 2461//1 2437//1
f 2472//1 2437//1 2470//1
f 2470//1 2437//1 2439//1
f 2470//1 2439//1 2441//1
f 2470//1 2441//1 2471//1
f 2471//1 2441//1 2440//1
f 2471//1 2440//1 2473//1
f 2473//1 2440//1 2442//1
f 2473//1 2442//1 2474//1
f 2474//1 2442//1 2443//1
f 2474//1 2443//1 2475//1
f 2475//1 2443//1 2476//1
f 2476//1 2443//1 2444//1
f 2476//1 2444//1 2477//1
f 2477//1 2444//1 2509//1
f 2477//1 2509//1 2478//1
f 2445//1 2508//1 2444//1
f 2444//1 2508//1 2509//1
f 2368//1 2369//1 3228//1
f 3228//1 2369//1 2371//1
f 2396//1 2431//1 2397//1
f 2397//1 2431//1 2430//1
f 2397//1 2430//1 2429//1
f 2396//1 2395//1 2431//1
f 2431//1 2395//1 2432//1
f 2432//1 2395//1 2372//1
f 2432//1 2372//1 2405//1
f 2405//1 2372//1 2374//1
f 2405//1 2374//1 2403//1
f 2403//1 2374//1 2376//1
f 2403//1 2376//1 2404//1
f 2404//1 2376//1 2375//1
f 2404//1 2375//1 2406//1
f 2406//1 2375//1 2377//1
f 2406//1 2377//1 2407//1
f 2407//1 2377//1 2378//1
f 2407//1 2378//1 2408//1
f 2408//1 2378//1 2409//1
f 2409//1 2378//1 2379//1
f 2409//1 2379//1 2410//1
f 2410//1 2379//1 2511//1
f 2410//1 2511//1 2411//1
f 2380//1 2510//1 2379//1
f 2379//1 2510//1 2511//1
f 2355//1 2354//1 2307//1
f 2307//1 2354//1 2330//1
f 2307//1 2330//1 2332//1
f 2332//1 2334//1 2307//1
f 2307//1 2334//1 2333//1
f 2307//1 2333//1 2335//1
f 2335//1 2336//1 2307//1
f 2307//1 2336//1 2337//1
f 2307//1 2337//1 2513//1
f 2513//1 2337//1 2512//1
f 2512//1 2337//1 2338//1
f 2513//1 2308//1 2307//1
f 2306//1 2329//1 2307//1
f 2307//1 2329//1 2328//1
f 2307//1 2328//1 1618//1
f 1618//1 2328//1 1619//1
f 1619//1 2328//1 2327//1
f 1619//1 2327//1 1620//1
f 1620//1 2327//1 2326//1
f 1620//1 2326//1 1621//1
f 1621//1 2326//1 2325//1
f 1621//1 2325//1 1622//1
f 1622//1 2325//1 2324//1
f 1622//1 2324//1 1623//1
f 1623//1 2324//1 2309//1
f 1623//1 2309//1 1624//1
f 1624//1 2309//1 2295//1
f 1624//1 2295//1 1628//1
f 1628//1 2295//1 2297//1
f 1628//1 2297//1 1627//1
f 1627//1 2297//1 2298//1
f 1627//1 2298//1 1625//1
f 1625//1 2298//1 2294//1
f 1625//1 2294//1 1691//1
f 1691//1 2294//1 2228//1
f 1691//1 2228//1 1695//1
f 1695//1 2228//1 2230//1
f 1695//1 2230//1 1694//1
f 1694//1 2230//1 2231//1
f 1694//1 2231//1 1692//1
f 1692//1 2231//1 2227//1
f 1692//1 2227//1 1758//1
f 1758//1 2227//1 2161//1
f 1758//1 2161//1 1762//1
f 1762//1 2161//1 2163//1
f 1762//1 2163//1 1761//1
f 1761//1 2163//1 2164//1
f 1761//1 2164//1 1759//1
f 1759//1 2164//1 2160//1
f 1759//1 2160//1 1825//1
f 1825//1 2160//1 2094//1
f 1825//1 2094//1 1829//1
f 1829//1 2094//1 2096//1
f 1829//1 2096//1 1828//1
f 1828//1 2096//1 2097//1
f 1828//1 2097//1 1826//1
f 1826//1 2097//1 2093//1
f 1826//1 2093//1 2027//1
f 2027//1 2093//1 2041//1
f 2041//1 2093//1 2092//1
f 2041//1 2092//1 2056//1
f 2056//1 2092//1 2091//1
f 2056//1 2091//1 2090//1
f 2306//1 2305//1 2329//1
f 2329//1 2305//1 2302//1
f 2302//1 2305//1 2304//1
f 2302//1 2304//1 2303//1
f 2303//1 2301//1 2302//1
f 2302//1 2301//1 2300//1
f 2228//1 2294//1 2242//1
f 2242//1 2294//1 2293//1
f 2242//1 2293//1 2257//1
f 2257//1 2293//1 2292//1
f 2257//1 2292//1 2291//1
f 2257//1 2291//1 2258//1
f 2258//1 2291//1 2290//1
f 2258//1 2290//1 2259//1
f 2259//1 2290//1 2289//1
f 2259//1 2289//1 2260//1
f 2260//1 2289//1 2288//1
f 2260//1 2288//1 2261//1
f 2261//1 2288//1 2287//1
f 2261//1 2287//1 2262//1
f 2262//1 2287//1 2263//1
f 2262//1 2263//1 2235//1
f 2235//1 2263//1 2265//1
f 2235//1 2265//1 2233//1
f 2233//1 2265//1 2267//1
f 2233//1 2267//1 2234//1
f 2234//1 2267//1 2266//1
f 2234//1 2266//1 2236//1
f 2236//1 2266//1 2268//1
f 2236//1 2268//1 2237//1
f 2237//1 2268//1 2269//1
f 2237//1 2269//1 2238//1
f 2238//1 2269//1 2239//1
f 2239//1 2269//1 2270//1
f 2239//1 2270//1 2240//1
f 2240//1 2270//1 2515//1
f 2240//1 2515//1 2241//1
f 2271//1 2514//1 2270//1
f 2270//1 2514//1 2515//1
f 2161//1 2227//1 2175//1
f 2175//1 2227//1 2226//1
f 2175//1 2226//1 2225//1
f 2175//1 2225//1 2190//1
f 2190//1 2225//1 2224//1
f 2190//1 2224//1 2191//1
f 2191//1 2224//1 2223//1
f 2191//1 2223//1 2192//1
f 2192//1 2223//1 2222//1
f 2192//1 2222//1 2193//1
f 2193//1 2222//1 2221//1
f 2193//1 2221//1 2194//1
f 2194//1 2221//1 2220//1
f 2194//1 2220//1 2195//1
f 2195//1 2220//1 2196//1
f 2195//1 2196//1 2168//1
f 2168//1 2196//1 2198//1
f 2168//1 2198//1 2166//1
f 2166//1 2198//1 2200//1
f 2166//1 2200//1 2167//1
f 2167//1 2200//1 2199//1
f 2167//1 2199//1 2169//1
f 2169//1 2199//1 2201//1
f 2169//1 2201//1 2170//1
f 2170//1 2201//1 2202//1
f 2170//1 2202//1 2171//1
f 2171//1 2202//1 2172//1
f 2172//1 2202//1 2203//1
f 2172//1 2203//1 2173//1
f 2173//1 2203//1 2517//1
f 2173//1 2517//1 2174//1
f 2204//1 2516//1 2203//1
f 2203//1 2516//1 2517//1
f 2094//1 2160//1 2108//1
f 2108//1 2160//1 2159//1
f 2108//1 2159//1 2158//1
f 2108//1 2158//1 2123//1
f 2123//1 2158//1 2157//1
f 2123//1 2157//1 2124//1
f 2124//1 2157//1 2156//1
f 2124//1 2156//1 2125//1
f 2125//1 2156//1 2155//1
f 2125//1 2155//1 2126//1
f 2126//1 2155//1 2154//1
f 2126//1 2154//1 2127//1
f 2127//1 2154//1 2153//1
f 2127//1 2153//1 2128//1
f 2128//1 2153//1 2129//1
f 2128//1 2129//1 2101//1
f 2101//1 2129//1 2131//1
f 2101//1 2131//1 2099//1
f 2099//1 2131//1 2133//1
f 2099//1 2133//1 2100//1
f 2100//1 2133//1 2132//1
f 2100//1 2132//1 2102//1
f 2102//1 2132//1 2134//1
f 2102//1 2134//1 2103//1
f 2103//1 2134//1 2135//1
f 2103//1 2135//1 2104//1
f 2104//1 2135//1 2105//1
f 2105//1 2135//1 2136//1
f 2105//1 2136//1 2106//1
f 2106//1 2136//1 2518//1
f 2106//1 2518//1 2107//1
f 2137//1 2577//1 2136//1
f 2136//1 2577//1 2518//1
f 2056//1 2090//1 2057//1
f 2057//1 2090//1 2089//1
f 2057//1 2089//1 2058//1
f 2058//1 2089//1 2088//1
f 2058//1 2088//1 2059//1
f 2059//1 2088//1 2087//1
f 2059//1 2087//1 2060//1
f 2060//1 2087//1 2086//1
f 2060//1 2086//1 2061//1
f 2061//1 2086//1 2062//1
f 2061//1 2062//1 2034//1
f 2034//1 2062//1 2064//1
f 2034//1 2064//1 2032//1
f 2032//1 2064//1 2066//1
f 2032//1 2066//1 2033//1
f 2033//1 2066//1 2065//1
f 2033//1 2065//1 2035//1
f 2035//1 2065//1 2067//1
f 2035//1 2067//1 2036//1
f 2036//1 2067//1 2068//1
f 2036//1 2068//1 2037//1
f 2037//1 2068//1 2038//1
f 2038//1 2068//1 2069//1
f 2038//1 2069//1 2039//1
f 2039//1 2069//1 2520//1
f 2039//1 2520//1 2040//1
f 2070//1 2519//1 2069//1
f 2069//1 2519//1 2520//1
f 2029//1 1896//1 2027//1
f 2027//1 1896//1 1892//1
f 2027//1 1892//1 1826//1
f 1826//1 1892//1 1840//1
f 1840//1 1892//1 1891//1
f 1840//1 1891//1 1855//1
f 1855//1 1891//1 1890//1
f 1855//1 1890//1 1856//1
f 1856//1 1890//1 1889//1
f 1856//1 1889//1 1857//1
f 1857//1 1889//1 1888//1
f 1857//1 1888//1 1858//1
f 1858//1 1888//1 1887//1
f 1858//1 1887//1 1859//1
f 1859//1 1887//1 1886//1
f 1859//1 1886//1 1860//1
f 1860//1 1886//1 1885//1
f 1860//1 1885//1 1833//1
f 1833//1 1885//1 1861//1
f 1833//1 1861//1 1831//1
f 1831//1 1861//1 1863//1
f 1831//1 1863//1 1865//1
f 1896//1 2029//1 1895//1
f 1895//1 2029//1 2030//1
f 1895//1 2030//1 1893//1
f 1893//1 2030//1 2026//1
f 1893//1 2026//1 1959//1
f 1959//1 2026//1 1963//1
f 1963//1 2026//1 1962//1
f 1962//1 2026//1 1960//1
f 1960//1 2026//1 1974//1
f 1974//1 2026//1 2025//1
f 1974//1 2025//1 1989//1
f 1989//1 2025//1 2024//1
f 1989//1 2024//1 1990//1
f 1990//1 2024//1 2023//1
f 1990//1 2023//1 1991//1
f 1991//1 2023//1 2022//1
f 1991//1 2022//1 2021//1
f 2020//1 1993//1 2021//1
f 2021//1 1993//1 1992//1
f 2021//1 1992//1 1991//1
f 2020//1 2019//1 1993//1
f 1993//1 2019//1 1994//1
f 1994//1 2019//1 1995//1
f 1994//1 1995//1 1967//1
f 1967//1 1995//1 1997//1
f 1967//1 1997//1 1965//1
f 1965//1 1997//1 1999//1
f 1965//1 1999//1 1966//1
f 1966//1 1999//1 1998//1
f 1966//1 1998//1 1968//1
f 1968//1 1998//1 2000//1
f 1968//1 2000//1 1969//1
f 1969//1 2000//1 2001//1
f 1969//1 2001//1 1970//1
f 1970//1 2001//1 1971//1
f 1971//1 2001//1 2002//1
f 1971//1 2002//1 1972//1
f 1972//1 2002//1 2522//1
f 1972//1 2522//1 1973//1
f 2003//1 2521//1 2002//1
f 2002//1 2521//1 2522//1
f 1893//1 1959//1 1907//1
f 1907//1 1959//1 1958//1
f 1907//1 1958//1 1922//1
f 1922//1 1958//1 1957//1
f 1922//1 1957//1 1923//1
f 1923//1 1957//1 1956//1
f 1923//1 1956//1 1924//1
f 1924//1 1956//1 1955//1
f 1924//1 1955//1 1954//1
f 1953//1 1926//1 1954//1
f 1954//1 1926//1 1925//1
f 1954//1 1925//1 1924//1
f 1926//1 1953//1 1927//1
f 1927//1 1953//1 1952//1
f 1927//1 1952//1 1900//1
f 1900//1 1952//1 1928//1
f 1900//1 1928//1 1898//1
f 1898//1 1928//1 1930//1
f 1898//1 1930//1 1932//1
f 1898//1 1932//1 1899//1
f 1899//1 1932//1 1931//1
f 1899//1 1931//1 1901//1
f 1901//1 1931//1 1933//1
f 1901//1 1933//1 1902//1
f 1902//1 1933//1 1934//1
f 1902//1 1934//1 1903//1
f 1903//1 1934//1 1904//1
f 1904//1 1934//1 1935//1
f 1904//1 1935//1 1905//1
f 1905//1 1935//1 2524//1
f 1905//1 2524//1 1906//1
f 1936//1 2523//1 1935//1
f 1935//1 2523//1 2524//1
f 1831//1 1865//1 1832//1
f 1832//1 1865//1 1864//1
f 1832//1 1864//1 1834//1
f 1834//1 1864//1 1866//1
f 1834//1 1866//1 1835//1
f 1835//1 1866//1 1867//1
f 1835//1 1867//1 1836//1
f 1836//1 1867//1 1837//1
f 1837//1 1867//1 1868//1
f 1837//1 1868//1 1838//1
f 1838//1 1868//1 2526//1
f 1838//1 2526//1 1839//1
f 1869//1 2525//1 1868//1
f 1868//1 2525//1 2526//1
f 1759//1 1825//1 1773//1
f 1773//1 1825//1 1824//1
f 1773//1 1824//1 1788//1
f 1788//1 1824//1 1823//1
f 1788//1 1823//1 1789//1
f 1789//1 1823//1 1822//1
f 1789//1 1822//1 1790//1
f 1790//1 1822//1 1821//1
f 1790//1 1821//1 1791//1
f 1791//1 1821//1 1820//1
f 1791//1 1820//1 1792//1
f 1792//1 1820//1 1819//1
f 1792//1 1819//1 1793//1
f 1793//1 1819//1 1818//1
f 1793//1 1818//1 1766//1
f 1766//1 1818//1 1794//1
f 1766//1 1794//1 1764//1
f 1764//1 1794//1 1796//1
f 1764//1 1796//1 1798//1
f 1764//1 1798//1 1765//1
f 1765//1 1798//1 1797//1
f 1765//1 1797//1 1767//1
f 1767//1 1797//1 1799//1
f 1767//1 1799//1 1768//1
f 1768//1 1799//1 1800//1
f 1768//1 1800//1 1769//1
f 1769//1 1800//1 1770//1
f 1770//1 1800//1 1801//1
f 1770//1 1801//1 1771//1
f 1771//1 1801//1 2527//1
f 1771//1 2527//1 1772//1
f 1802//1 2576//1 1801//1
f 1801//1 2576//1 2527//1
f 1692//1 1758//1 1706//1
f 1706//1 1758//1 1757//1
f 1706//1 1757//1 1721//1
f 1721//1 1757//1 1756//1
f 1721//1 1756//1 1722//1
f 1722//1 1756//1 1755//1
f 1722//1 1755//1 1723//1
f 1723//1 1755//1 1754//1
f 1723//1 1754//1 1724//1
f 1724//1 1754//1 1753//1
f 1724//1 1753//1 1725//1
f 1725//1 1753//1 1752//1
f 1725//1 1752//1 1726//1
f 1726//1 1752//1 1751//1
f 1726//1 1751//1 1699//1
f 1699//1 1751//1 1727//1
f 1699//1 1727//1 1697//1
f 1697//1 1727//1 1729//1
f 1697//1 1729//1 1731//1
f 1697//1 1731//1 1698//1
f 1698//1 1731//1 1730//1
f 1698//1 1730//1 1700//1
f 1700//1 1730//1 1732//1
f 1700//1 1732//1 1701//1
f 1701//1 1732//1 1733//1
f 1701//1 1733//1 1702//1
f 1702//1 1733//1 1703//1
f 1703//1 1733//1 1734//1
f 1703//1 1734//1 1704//1
f 1704//1 1734//1 2529//1
f 1704//1 2529//1 1705//1
f 1735//1 2528//1 1734//1
f 1734//1 2528//1 2529//1
f 1625//1 1691//1 1639//1
f 1639//1 1691//1 1690//1
f 1639//1 1690//1 1654//1
f 1654//1 1690//1 1689//1
f 1654//1 1689//1 1655//1
f 1655//1 1689//1 1688//1
f 1655//1 1688//1 1656//1
f 1656//1 1688//1 1687//1
f 1656//1 1687//1 1657//1
f 1657//1 1687//1 1686//1
f 1657//1 1686//1 1658//1
f 1658//1 1686//1 1685//1
f 1658//1 1685//1 1659//1
f 1659//1 1685//1 1684//1
f 1659//1 1684//1 1632//1
f 1632//1 1684//1 1630//1
f 1630//1 1684//1 1631//1
f 1631//1 1684//1 1633//1
f 1633//1 1684//1 1634//1
f 1634//1 1684//1 1660//1
f 1634//1 1660//1 1662//1
f 1634//1 1662//1 1635//1
f 1635//1 1662//1 1664//1
f 1635//1 1664//1 1663//1
f 1663//1 1665//1 1635//1
f 1635//1 1665//1 1666//1
f 1635//1 1666//1 1636//1
f 1636//1 1666//1 1667//1
f 1636//1 1667//1 2531//1
f 2531//1 1667//1 2530//1
f 2530//1 1667//1 1668//1
f 1638//1 1637//1 2531//1
f 2531//1 1637//1 1636//1
f 1617//1 1592//1 1618//1
f 1618//1 1592//1 1591//1
f 1618//1 1591//1 1590//1
f 1592//1 1617//1 1565//1
f 1565//1 1617//1 1593//1
f 1565//1 1593//1 1563//1
f 1563//1 1593//1 1595//1
f 1563//1 1595//1 1597//1
f 1563//1 1597//1 1564//1
f 1564//1 1597//1 1596//1
f 1564//1 1596//1 1566//1
f 1566//1 1596//1 1598//1
f 1566//1 1598//1 1567//1
f 1567//1 1598//1 1599//1
f 1567//1 1599//1 1568//1
f 1568//1 1599//1 1569//1
f 1569//1 1599//1 1600//1
f 1569//1 1600//1 1570//1
f 1570//1 1600//1 2533//1
f 1570//1 2533//1 1571//1
f 1601//1 2532//1 1600//1
f 1600//1 2532//1 2533//1
f 1590//1 1589//1 1618//1
f 1618//1 1589//1 1588//1
f 1618//1 1588//1 1587//1
f 1587//1 1572//1 1618//1
f 1561//1 1557//1 3254//1
f 3254//1 1557//1 1556//1
f 3254//1 1556//1 1527//1
f 1527//1 1556//1 1529//1
f 1529//1 1556//1 1555//1
f 1529//1 1555//1 1530//1
f 1530//1 1555//1 1554//1
f 1530//1 1554//1 1531//1
f 1531//1 1554//1 1553//1
f 1531//1 1553//1 1552//1
f 1551//1 1533//1 1552//1
f 1552//1 1533//1 1532//1
f 1552//1 1532//1 1531//1
f 1551//1 1550//1 1533//1
f 1533//1 1550//1 1534//1
f 1534//1 1550//1 1493//1
f 1534//1 1493//1 1505//1
f 1505//1 1493//1 1495//1
f 1505//1 1495//1 1503//1
f 1503//1 1495//1 1497//1
f 1503//1 1497//1 1504//1
f 1504//1 1497//1 1496//1
f 1504//1 1496//1 1506//1
f 1506//1 1496//1 1498//1
f 1506//1 1498//1 1507//1
f 1507//1 1498//1 1499//1
f 1507//1 1499//1 1508//1
f 1508//1 1499//1 1509//1
f 1509//1 1499//1 1500//1
f 1509//1 1500//1 1510//1
f 1510//1 1500//1 2535//1
f 1510//1 2535//1 1511//1
f 1501//1 2534//1 1500//1
f 1500//1 2534//1 2535//1
f 2435//1 2434//1 3244//1
f 3244//1 2434//1 2436//1
f 3251//1 3253//1 3270//1
f 3270//1 3253//1 3271//1
f 3270//1 3271//1 3272//1
f 3272//1 3271//1 3273//1
f 3272//1 3273//1 3274//1
f 3274//1 3273//1 3275//1
f 3274//1 3275//1 3276//1
f 3276//1 3275//1 3277//1
f 3276//1 3277//1 3278//1
f 3278//1 3277//1 3279//1
f 3278//1 3279//1 3280//1
f 3280//1 3279//1 3281//1
f 3280//1 3281//1 3282//1
f 3282//1 3281//1 3283//1
f 3282//1 3283//1 3284//1
f 3284//1 3283//1 3285//1
f 3284//1 3285//1 3286//1
f 3286//1 3285//1 3287//1
f 3287//1 3285//1 3288//1
f 3287//1 3288//1 3289//1
f 3289//1 3288//1 2536//1
f 3289//1 2536//1 2537//1
f 2575//1 2574//1 3288//1
f 3288//1 2574//1 2536//1
f 732//1 3290//1 730//1
f 730//1 3290//1 3278//1
f 730//1 3278//1 3280//1
f 3290//1 3276//1 3278//1
f 3282//1 727//1 3280//1
f 3280//1 727//1 729//1
f 3280//1 729//1 730//1
f 727//1 3282//1 725//1
f 725//1 3282//1 3284//1
f 725//1 3284//1 718//1
f 718//1 3284//1 3286//1
f 718//1 3286//1 3287//1
f 718//1 3287//1 717//1
f 717//1 3287//1 3289//1
f 717//1 3289//1 715//1
f 715//1 3289//1 2537//1
f 3224//1 3246//1 3225//1
f 3225//1 3246//1 3291//1
f 3225//1 3291//1 3292//1
f 3292//1 3291//1 3293//1
f 3292//1 3293//1 3294//1
f 3294//1 3293//1 3295//1
f 3294//1 3295//1 3296//1
f 3296//1 3295//1 3297//1
f 3296//1 3297//1 3298//1
f 3298//1 3297//1 3299//1
f 3298//1 3299//1 3300//1
f 3300//1 3299//1 3301//1
f 3300//1 3301//1 3302//1
f 3302//1 3301//1 3303//1
f 3302//1 3303//1 3304//1
f 3304//1 3303//1 3290//1
f 3304//1 3290//1 747//1
f 747//1 3290//1 732//1
f 3246//1 3247//1 3291//1
f 3291//1 3247//1 3293//1
f 3247//1 3249//1 3293//1
f 3293//1 3249//1 3295//1
f 3249//1 3251//1 3295//1
f 3295//1 3251//1 3297//1
f 3251//1 3270//1 3297//1
f 3297//1 3270//1 3299//1
f 3270//1 3272//1 3299//1
f 3299//1 3272//1 3301//1
f 3301//1 3272//1 3303//1
f 3303//1 3272//1 3274//1
f 3303//1 3274//1 3276//1
f 3276//1 3290//1 3303//1
f 747//1 746//1 3304//1
f 3304//1 746//1 3302//1
f 3302//1 746//1 3300//1
f 3300//1 746//1 745//1
f 3300//1 745//1 3298//1
f 3298//1 745//1 751//1
f 3298//1 751//1 3296//1
f 3296//1 751//1 750//1
f 3296//1 750//1 3294//1
f 3294//1 750//1 749//1
f 3294//1 749//1 3292//1
f 3292//1 749//1 748//1
f 3292//1 748//1 3225//1
f 3225//1 748//1 744//1
f 3275//1 3305//1 3277//1
f 3277//1 3305//1 1457//1
f 3277//1 1457//1 1462//1
f 3305//1 1459//1 1457//1
f 1464//1 3281//1 1462//1
f 1462//1 3281//1 3279//1
f 1462//1 3279//1 3277//1
f 3281//1 1464//1 3283//1
f 3283//1 1464//1 1466//1
f 3283//1 1466//1 3285//1
f 3285//1 1466//1 1471//1
f 3285//1 1471//1 1473//1
f 3285//1 1473//1 3288//1
f 3288//1 1473//1 1474//1
f 3288//1 1474//1 2575//1
f 2575//1 1474//1 1475//1
f 1482//1 1481//1 2433//1
f 2433//1 1481//1 3306//1
f 2433//1 3306//1 3307//1
f 3307//1 3306//1 3308//1
f 3307//1 3308//1 3309//1
f 3309//1 3308//1 3310//1
f 3309//1 3310//1 3311//1
f 3311//1 3310//1 3312//1
f 3311//1 3312//1 3313//1
f 3313//1 3312//1 3314//1
f 3313//1 3314//1 3315//1
f 3315//1 3314//1 3316//1
f 3315//1 3316//1 3317//1
f 3317//1 3316//1 3318//1
f 3317//1 3318//1 3319//1
f 3319//1 3318//1 3305//1
f 3319//1 3305//1 3273//1
f 3273//1 3305//1 3275//1
f 1481//1 1480//1 3306//1
f 3306//1 1480//1 3308//1
f 1480//1 1479//1 3308//1
f 3308//1 1479//1 3310//1
f 1479//1 1478//1 3310//1
f 3310//1 1478//1 3312//1
f 1478//1 1477//1 3312//1
f 3312//1 1477//1 3314//1
f 1477//1 1476//1 3314//1
f 3314//1 1476//1 3316//1
f 3316//1 1476//1 3318//1
f 3318//1 1476//1 1460//1
f 3318//1 1460//1 1459//1
f 1459//1 3305//1 3318//1
f 3273//1 3271//1 3319//1
f 3319//1 3271//1 3317//1
f 3317//1 3271//1 3315//1
f 3315//1 3271//1 3253//1
f 3315//1 3253//1 3313//1
f 3313//1 3253//1 3252//1
f 3313//1 3252//1 3311//1
f 3311//1 3252//1 3250//1
f 3311//1 3250//1 3309//1
f 3309//1 3250//1 3248//1
f 3309//1 3248//1 3307//1
f 3307//1 3248//1 3245//1
f 3307//1 3245//1 2433//1
f 2433//1 3245//1 2436//1
f 1179//1 3320//1 1180//1
f 1180//1 3320//1 3321//1
f 1180//1 3321//1 1182//1
f 1182//1 3321//1 3322//1
f 1182//1 3322//1 1183//1
f 1183//1 3322//1 3323//1
f 1183//1 3323//1 1184//1
f 1184//1 3323//1 3324//1
f 1184//1 3324//1 1191//1
f 1191//1 3324//1 3325//1
f 1191//1 3325//1 1192//1
f 1192//1 3325//1 3326//1
f 1192//1 3326//1 1193//1
f 1193//1 3326//1 3327//1
f 1193//1 3327//1 1194//1
f 1194//1 3327//1 3328//1
f 1194//1 3328//1 1195//1
f 1195//1 3328//1 3329//1
f 1195//1 3329//1 1197//1
f 1197//1 3329//1 3330//1
f 1197//1 3330//1 1198//1
f 1198//1 3330//1 3331//1
f 1198//1 3331//1 1199//1
f 1199//1 3331//1 3332//1
f 1199//1 3332//1 1200//1
f 1200//1 3332//1 3333//1
f 1200//1 3333//1 1201//1
f 1201//1 3333//1 3334//1
f 1201//1 3334//1 1202//1
f 1202//1 3334//1 3335//1
f 1202//1 3335//1 1203//1
f 1203//1 3335//1 3336//1
f 1203//1 3336//1 1160//1
f 1160//1 3336//1 3337//1
f 1160//1 3337//1 1159//1
f 1159//1 3337//1 3338//1
f 1159//1 3338//1 1158//1
f 1158//1 3338//1 3339//1
f 1158//1 3339//1 1204//1
f 1204//1 3339//1 3340//1
f 1204//1 3340//1 1205//1
f 1205//1 3340//1 3341//1
f 1205//1 3341//1 1206//1
f 1206//1 3341//1 3342//1
f 1206//1 3342//1 1208//1
f 1208//1 3342//1 3343//1
f 1208//1 3343//1 1209//1
f 1209//1 3343//1 3344//1
f 1209//1 3344//1 1210//1
f 1210//1 3344//1 3345//1
f 1210//1 3345//1 1211//1
f 1211//1 3345//1 3346//1
f 1211//1 3346//1 1213//1
f 1213//1 3346//1 3347//1
f 1213//1 3347//1 1214//1
f 1214//1 3347//1 3348//1
f 1214//1 3348//1 1215//1
f 1215//1 3348//1 3349//1
f 1215//1 3349//1 1216//1
f 1216//1 3349//1 3350//1
f 1216//1 3350//1 1217//1
f 1217//1 3350//1 3351//1
f 1217//1 3351//1 1219//1
f 1219//1 3351//1 3352//1
f 1219//1 3352//1 1179//1
f 1179//1 3352//1 3320//1
f 3269//1 3353//1 3229//1
f 3229//1 3353//1 3354//1
f 3229//1 3354//1 3228//1
f 3228//1 3354//1 3355//1
f 3228//1 3355//1 3230//1
f 3230//1 3355//1 3356//1
f 3230//1 3356//1 3231//1
f 3231//1 3356//1 3357//1
f 3231//1 3357//1 3232//1
f 3232//1 3357//1 3358//1
f 3232//1 3358//1 3233//1
f 3233//1 3358//1 3359//1
f 3233//1 3359//1 3234//1
f 3234//1 3359//1 3360//1
f 3234//1 3360//1 3235//1
f 3235//1 3360//1 3361//1
f 3235//1 3361//1 3236//1
f 3236//1 3361//1 3362//1
f 3236//1 3362//1 3237//1
f 3237//1 3362//1 3363//1
f 3237//1 3363//1 3238//1
f 3238//1 3363//1 3364//1
f 3238//1 3364//1 3239//1
f 3239//1 3364//1 3365//1
f 3239//1 3365//1 3240//1
f 3240//1 3365//1 3366//1
f 3240//1 3366//1 3241//1
f 3241//1 3366//1 3367//1
f 3241//1 3367//1 3242//1
f 3242//1 3367//1 3368//1
f 3242//1 3368//1 3243//1
f 3243//1 3368//1 3369//1
f 3243//1 3369//1 3244//1
f 3244//1 3369//1 3370//1
f 3244//1 3370//1 3254//1
f 3254//1 3370//1 3371//1
f 3254//1 3371//1 3255//1
f 3255//1 3371//1 3372//1
f 3255//1 3372//1 3256//1
f 3256//1 3372//1 3373//1
f 3256//1 3373//1 3257//1
f 3257//1 3373//1 3374//1
f 3257//1 3374//1 3258//1
f 3258//1 3374//1 3375//1
f 3258//1 3375//1 3259//1
f 3259//1 3375//1 3376//1
f 3259//1 3376//1 3260//1
f 3260//1 3376//1 3377//1
f 3260//1 3377//1 3261//1
f 3261//1 3377//1 3378//1
f 3261//1 3378//1 3262//1
f 3262//1 3378//1 3379//1
f 3262//1 3379//1 3263//1
f 3263//1 3379//1 3380//1
f 3263//1 3380//1 3264//1
f 3264//1 3380//1 3381//1
f 3264//1 3381//1 3265//1
f 3265//1 3381//1 3382//1
f 3265//1 3382//1 3266//1
f 3266//1 3382//1 3383//1
f 3266//1 3383//1 3267//1
f 3267//1 3383//1 3384//1
f 3267//1 3384//1 3268//1
f 3268//1 3384//1 3385//1
f 3268//1 3385//1 3269//1
f 3269//1 3385//1 3353//1
f 3321//1 3386//1 3322//1
f 3322//1 3386//1 3387//1
f 3322//1 3387//1 3323//1
f 3323//1 3387//1 3388//1
f 3323//1 3388//1 3324//1
f 3324//1 3388//1 3389//1
f 3324//1 3389//1 3325//1
f 3325//1 3389//1 3390//1
f 3325//1 3390//1 3326//1
f 3326//1 3390//1 3391//1
f 3326//1 3391//1 3327//1
f 3327//1 3391//1 3392//1
f 3327//1 3392//1 3328//1
f 3328//1 3392//1 3393//1
f 3328//1 3393//1 3329//1
f 3329//1 3393//1 3394//1
f 3329//1 3394//1 3330//1
f 3330//1 3394//1 3395//1
f 3330//1 3395//1 3331//1
f 3331//1 3395//1 3396//1
f 3331//1 3396//1 3332//1
f 3332//1 3396//1 3397//1
f 3332//1 3397//1 3333//1
f 3333//1 3397//1 3398//1
f 3333//1 3398//1 3334//1
f 3334//1 3398//1 3399//1
f 3334//1 3399//1 3335//1
f 3335//1 3399//1 3400//1
f 3335//1 3400//1 3336//1
f 3336//1 3400//1 3401//1
f 3336//1 3401//1 3337//1
f 3337//1 3401//1 3402//1
f 3337//1 3402//1 3338//1
f 3338//1 3402//1 3403//1
f 3338//1 3403//1 3339//1
f 3339//1 3403//1 3404//1
f 3339//1 3404//1 3340//1
f 3340//1 3404//1 3405//1
f 3340//1 3405//1 3341//1
f 3341//1 3405//1 3406//1
f 3341//1 3406//1 3342//1
f 3342//1 3406//1 3407//1
f 3342//1 3407//1 3343//1
f 3343//1 3407//1 3408//1
f 3343//1 3408//1 3344//1
f 3344//1 3408//1 3409//1
f 3344//1 3409//1 3345//1
f 3345//1 3409//1 3410//1
f 3345//1 3410//1 3346//1
f 3346//1 3410//1 3411//1
f 3346//1 3411//1 3347//1
f 3347//1 3411//1 3412//1
f 3347//1 3412//1 3348//1
f 3348//1 3412//1 3413//1
f 3348//1 3413//1 3349//1
f 3349//1 3413//1 3414//1
f 3349//1 3414//1 3350//1
f 3350//1 3414//1 3415//1
f 3350//1 3415//1 3351//1
f 3351//1 3415//1 3416//1
f 3351//1 3416//1 3352//1
f 3352//1 3416//1 3417//1
f 3352//1 3417//1 3320//1
f 3320//1 3417//1 3418//1
f 3320//1 3418//1 3321//1
f 3321//1 3418//1 3386//1
f 3386//1 3373//1 3387//1
f 3387//1 3373//1 3372//1
f 3387//1 3372//1 3388//1
f 3388//1 3372//1 3371//1
f 3388//1 3371//1 3389//1
f 3389//1 3371//1 3370//1
f 3389//1 3370//1 3390//1
f 3390//1 3370//1 3369//1
f 3390//1 3369//1 3391//1
f 3391//1 3369//1 3368//1
f 3391//1 3368//1 3392//1
f 3392//1 3368//1 3367//1
f 3392//1 3367//1 3393//1
f 3393//1 3367//1 3366//1
f 3393//1 3366//1 3394//1
f 3394//1 3366//1 3365//1
f 3394//1 3365//1 3395//1
f 3395//1 3365//1 3364//1
f 3395//1 3364//1 3396//1
f 3396//1 3364//1 3363//1
f 3396//1 3363//1 3397//1
f 3397//1 3363//1 3362//1
f 3397//1 3362//1 3398//1
f 3398//1 3362//1 3361//1
f 3398//1 3361//1 3399//1
f 3399//1 3361//1 3360//1
f 3399//1 3360//1 3400//1
f 3400//1 3360//1 3359//1
f 3400//1 3359//1 3401//1
f 3401//1 3359//1 3358//1
f 3401//1 3358//1 3402//1
f 3402//1 3358//1 3357//1
f 3402//1 3357//1 3403//1
f 3403//1 3357//1 3356//1
f 3403//1 3356//1 3404//1
f 3404//1 3356//1 3355//1
f 3404//1 3355//1 3405//1
f 3405//1 3355//1 3354//1
f 3405//1 3354//1 3406//1
f 3406//1 3354//1 3353//1
f 3406//1 3353//1 3407//1
f 3407//1 3353//1 3385//1
f 3407//1 3385//1 3408//1
f 3408//1 3385//1 3384//1
f 3408//1 3384//1 3409//1
f 3409//1 3384//1 3383//1
f 3409//1 3383//1 3410//1
f 3410//1 3383//1 3382//1
f 3410//1 3382//1 3411//1
f 3411//1 3382//1 3381//1
f 3411//1 3381//1 3412//1
f 3412//1 3381//1 3380//1
f 3412//1 3380//1 3413//1
f 3413//1 3380//1 3379//1
f 3413//1 3379//1 3414//1
f 3414//1 3379//1 3378//1
f 3414//1 3378//1 3415//1
f 3415//1 3378//1 3377//1
f 3415//1 3377//1 3416//1
f 3416//1 3377//1 3376//1
f 3416//1 3376//1 3417//1
f 3417//1 3376//1 3375//1
f 3417//1 3375//1 3418//1
f 3418//1 3375//1 3374//1
f 3418//1 3374//1 3386//1
f 3386//1 3374//1 3373//1
# Vertices: 3418, normals: 1, texture coordinates: 0, faces: 6836

