# File generated by FabConvert.com - Free Image and 3D model conversion tools

o obj1
v 2.97967482 1.90446091 11.9995575
v 2.97967482 1.90446091 6.58427429
v 2.79319715 2.10903549 11.9995575
v 2.79319715 2.10903549 6.58427429
v 2.64749098 2.34438705 11.9995575
v 2.64749098 2.34438705 6.58427429
v 2.54751539 2.60250854 11.9995575
v 2.54751539 2.60250854 6.58427429
v 2.49667311 2.87460327 11.9995575
v 2.49667311 2.87460327 6.58427429
v 2.49668837 3.15140915 11.9995575
v 2.49668837 3.15140915 6.58427429
v 2.54757643 3.42349625 11.9995575
v 2.54757643 3.42349625 6.58427429
v 2.64758253 3.68160248 11.9995575
v 2.64758253 3.68160248 6.58427429
v 2.79331923 3.91693878 11.9995575
v 2.79331923 3.91693878 6.58427429
v 2.97981215 4.12148666 11.9995575
v 2.97981215 4.12148666 6.58427429
v 3.20072865 4.2882843 11.9995575
v 3.20072865 4.2882843 6.58427429
v 3.44851613 4.41165161 11.9995575
v 3.44851613 4.41165161 6.58427429
v 3.71476674 4.4873848 11.9995575
v 3.71476674 4.4873848 6.58427429
v 3.99038625 4.51290512 11.9995575
v 3.99038625 4.51290512 6.58427429
v 4.26600599 4.48734665 11.9995575
v 4.26600599 4.48734665 6.58427429
v 4.53224134 4.41157913 11.9995575
v 4.53224134 4.41157913 6.58427429
v 4.78001356 4.2881813 11.9995575
v 4.78001356 4.2881813 6.58427429
v 5.00089979 4.12135315 11.9995575
v 5.00089979 4.12135315 6.58427429
v 5.18737745 3.91677856 11.9995575
v 5.18737745 3.91677856 6.58427429
v 5.33308363 3.68142319 11.9995575
v 5.33308363 3.68142319 6.58427429
v 5.43305922 3.42330551 11.9995575
v 5.43305922 3.42330551 6.58427429
v 5.4839015 3.15121078 11.9995575
v 5.4839015 3.15121078 6.58427429
v 5.48388624 2.87440491 11.9995575
v 5.48388624 2.87440491 6.58427429
v 5.43299818 2.60231781 11.9995575
v 5.43299818 2.60231781 6.58427429
v 5.33299208 2.34420776 11.9995575
v 5.33299208 2.34420776 6.58427429
v 5.18725538 2.10887527 11.9995575
v 5.18725538 2.10887527 6.58427429
v 5.00076246 1.90432739 11.9995575
v 5.00076246 1.90432739 6.58427429
v 4.77984571 1.73752975 11.9995575
v 4.77984571 1.73752975 6.58427429
v 4.53205824 1.61416245 11.9995575
v 4.53205824 1.61416245 6.58427429
v 4.26580763 1.53842926 11.9995575
v 4.26580763 1.53842926 6.58427429
v 3.99018788 1.51290512 11.9995575
v 3.99018788 1.51290512 6.58427429
v 3.71456838 1.53846741 11.9995575
v 3.71456838 1.53846741 6.58427429
v 3.44833302 1.61423492 11.9995575
v 3.44833302 1.61423492 6.58427429
v 3.20054555 1.73763275 11.9995575
v 3.20054555 1.73763275 6.58427429
v 2.64749098 2.34438705 1.16899157
v 2.79319715 2.10903549 1.16899157
v 2.97967482 1.90446091 1.16899157
v 3.20054555 1.73763275 1.16899157
v 3.44833302 1.61423492 1.16899157
v 3.71456838 1.53846741 1.16899157
v 3.99018788 1.51290512 1.16899157
v 4.26580763 1.53842926 1.16899157
v 4.53205824 1.61416245 1.16899157
v 4.77984571 1.73752975 1.16899157
v 5.00076246 1.90432739 1.16899157
v 5.18725538 2.10887527 1.16899157
v 5.33299208 2.34420776 1.16899157
v 5.43299818 2.60231781 1.16899157
v 5.48388624 2.87440491 1.16899157
v 5.4839015 3.15121078 1.16899157
v 5.43305922 3.42330551 1.16899157
v 5.33308363 3.68142319 1.16899157
v 5.18737745 3.91677856 1.16899157
v 5.00089979 4.12135315 1.16899157
v 4.78001356 4.2881813 1.16899157
v 4.53224134 4.41157913 1.16899157
v 4.26600599 4.48734665 1.16899157
v 3.99038625 4.51290512 1.16899157
v 3.71476674 4.4873848 1.16899157
v 3.44851613 4.41165161 1.16899157
v 3.20072865 4.2882843 1.16899157
v 2.97981215 4.12148666 1.16899157
v 2.79331923 3.91693878 1.16899157
v 2.64758253 3.68160248 1.16899157
v 2.54757643 3.42349625 1.16899157
v 2.49668837 3.15140915 1.16899157
v 2.49667311 2.87460327 1.16899157
v 2.54751539 2.60250854 1.16899157
v -5.00089979 -4.12135315 11.9995575
v -5.00089979 -4.12135315 6.58427429
v -5.18737745 -3.91677856 11.9995575
v -5.18737745 -3.91677856 6.58427429
v -5.33308363 -3.68142319 11.9995575
v -5.33308363 -3.68142319 6.58427429
v -5.43305922 -3.42330551 11.9995575
v -5.43305922 -3.42330551 6.58427429
v -5.4839015 -3.15121078 11.9995575
v -5.4839015 -3.15121078 6.58427429
v -5.48388624 -2.87440491 11.9995575
v -5.48388624 -2.87440491 6.58427429
v -5.43299818 -2.60231781 11.9995575
v -5.43299818 -2.60231781 6.58427429
v -5.33299208 -2.34421158 11.9995575
v -5.33299208 -2.34421158 6.58427429
v -5.18725538 -2.10887527 11.9995575
v -5.18725538 -2.10887527 6.58427429
v -5.00076246 -1.90432739 11.9995575
v -5.00076246 -1.90432739 6.58427429
v -4.77984571 -1.73752975 11.9995575
v -4.77984571 -1.73752975 6.58427429
v -4.53205824 -1.61416245 11.9995575
v -4.53205824 -1.61416245 6.58427429
v -4.26580763 -1.53842926 11.9995575
v -4.26580763 -1.53842926 6.58427429
v -3.99018836 -1.51290512 11.9995575
v -3.99018836 -1.51290512 6.58427429
v -3.71456885 -1.53846741 11.9995575
v -3.71456885 -1.53846741 6.58427429
v -3.4483335 -1.61423492 11.9995575
v -3.4483335 -1.61423492 6.58427429
v -3.20056129 -1.73763275 11.9995575
v -3.20056129 -1.73763275 6.58427429
v -2.97967529 -1.90446091 11.9995575
v -2.97967529 -1.90446091 6.58427429
v -2.79319763 -2.10903549 11.9995575
v -2.79319763 -2.10903549 6.58427429
v -2.64749146 -2.34439087 11.9995575
v -2.64749146 -2.34439087 6.58427429
v -2.54751587 -2.60250854 11.9995575
v -2.54751587 -2.60250854 6.58427429
v -2.49667358 -2.87460327 11.9995575
v -2.49667358 -2.87460327 6.58427429
v -2.49668884 -3.15140915 11.9995575
v -2.49668884 -3.15140915 6.58427429
v -2.5475769 -3.42349625 11.9995575
v -2.5475769 -3.42349625 6.58427429
v -2.64758301 -3.68160248 11.9995575
v -2.64758301 -3.68160248 6.58427429
v -2.7933197 -3.91693878 11.9995575
v -2.7933197 -3.91693878 6.58427429
v -2.97981262 -4.12148666 11.9995575
v -2.97981262 -4.12148666 6.58427429
v -3.20072913 -4.2882843 11.9995575
v -3.20072913 -4.2882843 6.58427429
v -3.44851661 -4.41165161 11.9995575
v -3.44851661 -4.41165161 6.58427429
v -3.71476722 -4.4873848 11.9995575
v -3.71476722 -4.4873848 6.58427429
v -3.99038672 -4.51290512 11.9995575
v -3.99038672 -4.51290512 6.58427429
v -4.26600599 -4.48734665 11.9995575
v -4.26600599 -4.48734665 6.58427429
v -4.53224134 -4.41157913 11.9995575
v -4.53224134 -4.41157913 6.58427429
v -4.78001356 -4.2881813 11.9995575
v -4.78001356 -4.2881813 6.58427429
v -5.33308363 -3.68142319 1.16899157
v -5.18737745 -3.91677856 1.16899157
v -5.00089979 -4.12135315 1.16899157
v -4.78001356 -4.2881813 1.16899157
v -4.53224134 -4.41157913 1.16899157
v -4.26600599 -4.48734665 1.16899157
v -3.99038672 -4.51290512 1.16899157
v -3.71476722 -4.4873848 1.16899157
v -3.44851661 -4.41165161 1.16899157
v -3.20072913 -4.2882843 1.16899157
v -2.97981262 -4.12148666 1.16899157
v -2.7933197 -3.91693878 1.16899157
v -2.64758301 -3.68160248 1.16899157
v -2.5475769 -3.42349625 1.16899157
v -2.49668884 -3.15140915 1.16899157
v -2.49667358 -2.87460327 1.16899157
v -2.54751587 -2.60250854 1.16899157
v -2.64749146 -2.34439087 1.16899157
v -2.79319763 -2.10903549 1.16899157
v -2.97967529 -1.90446091 1.16899157
v -3.20056129 -1.73763275 1.16899157
v -3.4483335 -1.61423492 1.16899157
v -3.71456885 -1.53846741 1.16899157
v -3.99018836 -1.51290512 1.16899157
v -4.26580763 -1.53842926 1.16899157
v -4.53205824 -1.61416245 1.16899157
v -4.77984571 -1.73752975 1.16899157
v -5.00076246 -1.90432739 1.16899157
v -5.18725538 -2.10887527 1.16899157
v -5.33299208 -2.34421158 1.16899157
v -5.43299818 -2.60231781 1.16899157
v -5.48388624 -2.87440491 1.16899157
v -5.4839015 -3.15121078 1.16899157
v -5.43305922 -3.42330551 1.16899157
v 1.04971278 1.07149506 11.9995575
v 1.22872889 0.86036301 11.9995575
v 1.36589015 0.6199379 11.9995575
v 1.45655787 0.35839844 11.9995575
v 1.49760401 0.08465576 11.9995575
v 4.39051771 -1.17076111 11.9995575
v 9.99995327 -0.03246689 11.9995575
v 9.97622585 0.68919373 11.9995575
v 9.90048122 1.40725708 11.9995575
v 0.83496052 1.24613571 11.9995575
v 0.591766 1.37833786 11.9995575
v 0.32841459 1.46360397 11.9995575
v 0.07600374 4.54330063 11.9995575
v 2.70655775 9.62676239 11.9995575
v 3.39413381 9.40637207 11.9995575
v 4.06404066 9.13694 11.9995575
v 4.71273756 8.81987 11.9995575
v 5.33688307 8.45681763 11.9995575
v 5.93319654 8.04967499 11.9995575
v 6.49856472 7.60056305 11.9995575
v 7.03007412 7.11182404 11.9995575
v 7.52491665 6.58601379 11.9995575
v 7.98052883 6.02586365 11.9995575
v 8.39454556 5.43429947 11.9995575
v 8.76478481 4.81440353 11.9995575
v 9.08933926 4.16940308 11.9995575
v 9.3664999 3.50267029 11.9995575
v 9.59483242 2.81767273 11.9995575
v 9.77313137 2.11798859 11.9995575
v -8.1928854 -5.73382187 11.9995575
v -7.75778103 -6.31005478 11.9995575
v -7.28224087 -6.85338974 11.9995575
v -6.76873684 -7.36099243 11.9995575
v -6.21993923 -7.83022308 11.9995575
v -5.63871717 -8.25862885 11.9995575
v -5.02809095 -8.6439743 11.9995575
v -4.39125013 -8.98426056 11.9995575
v -3.73152137 -9.27770233 11.9995575
v -8.58526516 -5.12769318 11.9995575
v -8.93289089 -4.4948349 11.9995575
v -9.23393154 -3.83853912 11.9995575
v -9.48684597 -3.16223145 11.9995575
v -9.6902914 -2.46944046 11.9995575
v -9.84323025 -1.76377106 11.9995575
v -9.94483852 -1.04890823 11.9995575
v -9.99459743 -0.32857895 11.9995575
v -9.99226284 0.39346695 11.9995575
v -4.39309645 1.16881561 11.9995575
v -9.93781948 1.11346054 11.9995575
v -5.95982313 3.24375534 11.9995575
v -9.83157253 1.82764816 11.9995575
v -9.67405605 2.53230667 11.9995575
v -9.46610928 3.22376251 11.9995575
v -9.20881557 3.89841461 11.9995575
v -8.90351772 4.55273819 11.9995575
v -8.55178738 5.18333054 11.9995575
v -8.15547085 5.78689575 11.9995575
v -7.71664333 6.36029053 11.9995575
v -7.23759365 6.90052795 11.9995575
v -6.72079372 7.40478516 11.9995575
v -6.16895962 7.87044525 11.9995575
v -1.49072278 6.61824036 11.9995575
v -5.58497572 8.29506683 11.9995575
v -4.97186232 8.67643738 11.9995575
v -4.33282423 9.01258087 11.9995575
v -3.67120337 9.30173492 11.9995575
v -2.990448 9.54239655 11.9995575
v -2.29408264 9.73329926 11.9995575
v -1.58576965 9.87346649 11.9995575
v -0.86918658 9.96215057 11.9995575
v -0.14808682 9.99890137 11.9995575
v 0.57380641 9.98352051 11.9995575
v 1.29269373 9.91609192 11.9995575
v 2.00485182 9.79696655 11.9995575
v -1.49760449 -0.08465576 11.9995575
v -1.45655835 -0.35839844 11.9995575
v -1.36590588 -0.6199379 11.9995575
v -1.22872937 -0.86036301 11.9995575
v -1.04971325 -1.07149506 11.9995575
v -0.83496112 -1.24613571 11.9995575
v -0.5917666 -1.37833786 11.9995575
v -0.32841519 -1.46360779 11.9995575
v -0.07858304 -4.54524612 11.9995575
v -3.05233741 -9.52277374 11.9995575
v -2.35723877 -9.71820068 11.9995575
v -1.64984131 -9.86296082 11.9995575
v 1.48814356 -6.62018585 11.9995575
v -0.93385333 -9.95629883 11.9995575
v -0.21299769 -9.99773026 11.9995575
v -1.48767102 0.19197083 11.9995575
v -1.42706311 0.46205902 11.9995575
v -1.31785595 0.71641541 11.9995575
v -1.1637727 0.94637299 11.9995575
v -0.97006243 1.14410019 11.9995575
v -0.74331689 1.3028717 11.9995575
v -0.49125695 1.41727066 11.9995575
v -0.2224734 1.48340988 11.9995575
v 0.05389375 1.49903107 11.9995575
v 1.48767054 -0.19197083 11.9995575
v 1.42706263 -0.46205902 11.9995575
v 1.31785548 -0.71641541 11.9995575
v 1.16377223 -0.94637299 11.9995575
v 0.97006184 -1.144104 11.9995575
v 0.74331629 -1.3028717 11.9995575
v 0.49125636 -1.41727066 11.9995575
v 0.22247283 -1.48340988 11.9995575
v -0.05389432 -1.49903107 11.9995575
v 0.50897181 -9.98703766 11.9995575
v 1.22828639 -9.92427826 11.9995575
v 1.94119215 -9.80978012 11.9995575
v 2.64398146 -9.64413452 11.9995575
v 3.33299184 -9.42821121 11.9995575
v 4.00462294 -9.16313171 11.9995575
v 4.65537977 -8.85028076 11.9995575
v 5.28185987 -8.49128723 11.9995575
v 5.88079786 -8.08802795 11.9995575
v 5.9572444 -3.24570084 11.9995575
v 6.44908047 -7.6425972 11.9995575
v 6.98374844 -7.15732574 11.9995575
v 7.48199368 -6.63473511 11.9995575
v 7.94123745 -6.07755661 11.9995575
v 8.35908413 -5.48868942 11.9995575
v 8.73333645 -4.87121201 11.9995575
v 9.0620718 -4.22833252 11.9995575
v 9.34355068 -3.56341171 11.9995575
v 9.57632351 -2.87991333 11.9995575
v 9.75916958 -2.1814003 11.9995575
v 9.89114285 -1.47151184 11.9995575
v 9.9715414 -0.75395584 11.9995575
v -4.39309645 1.16881561 5
v -5.95982313 3.24375534 5
v -2.09757996 2.90209198 9.79533386
v -2.34100342 2.71828842 9.78236389
v -2.57919312 2.53844833 9.7180481
v 0.07600386 4.54330063 5
v -0.72204608 3.94071579 7.99694824
v -0.74270648 3.92511368 8.30114746
v -0.80410779 3.87875748 8.59660339
v -2.09757996 2.90209198 6.19857788
v -1.85591114 3.08457565 6.23735046
v -1.62293994 3.26047897 6.32675171
v -3.58987403 1.77531052 8.14959717
v -3.58987403 1.77531052 7.84429884
v -3.54869056 1.80640411 7.54339552
v -0.90446484 3.80297852 8.87480164
v -1.04090881 3.6999588 9.12774658
v -1.20948803 3.57266617 9.34815979
v -1.40538037 3.42475128 9.52970886
v -1.62294006 3.26047897 9.66714478
v -1.85591125 3.08457565 9.75654602
v -2.80526733 2.36774445 9.60421753
v -3.01274085 2.21108627 9.44413757
v -3.1956327 2.0729866 9.2424469
v -3.34869361 1.95741272 9.00489807
v -3.46752906 1.86769104 8.7383728
v -3.54869056 1.80640411 8.45051575
v -3.46752906 1.86769104 7.25552368
v -3.34869361 1.95741272 6.98899841
v -3.1956327 2.0729866 6.75146484
v -3.01274085 2.21108627 6.54975891
v -2.80526733 2.36774445 6.38967896
v -2.57919312 2.53844833 6.27584839
v -2.34100342 2.71828842 6.21153259
v -1.40538025 3.42475128 6.46420288
v -1.20948792 3.57266617 6.64573669
v -1.04090881 3.6999588 6.8661499
v -0.90446478 3.80297852 7.11909485
v -0.80410773 3.87875748 7.39729309
v -0.74270648 3.92511368 7.69274902
v 3.57180715 -1.78894806 7.69274902
v 4.39051771 -1.17076111 5
v 3.59246755 -1.77334976 7.99694824
v 3.57180715 -1.78894806 8.30114746
v 3.51040578 -1.83530807 8.59660339
v 3.41004872 -1.91108322 8.87480164
v 3.27361989 -2.01410294 9.12774658
v 3.10502553 -2.14139938 9.34815979
v 2.90913343 -2.28931046 9.52970886
v 2.69157362 -2.45358276 9.66714478
v 2.45861769 -2.6294899 9.75654602
v 2.21693373 -2.81196976 9.79533386
v 1.97351027 -2.99577332 9.78236389
v 1.73533583 -3.17561722 9.7180481
v 1.50926161 -3.34632111 9.60421753
v 1.30178797 -3.50297546 9.44413757
v 1.11888099 -3.64107895 9.2424469
v 0.96581995 -3.75665283 9.00489807
v 0.84699976 -3.84637451 8.7383728
v 0.76582301 -3.90766144 8.45051575
v 0.72465485 -3.93875122 8.14959717
v -0.07858292 -4.54524612 5
v 0.72465485 -3.93875122 7.84429932
v 0.76582307 -3.90766144 7.543396
v 0.84699982 -3.84637451 7.25552368
v 0.96582001 -3.75665283 6.98899841
v 1.11888099 -3.64107895 6.75146484
v 1.30178809 -3.50297546 6.54975891
v 1.50926173 -3.34632111 6.38967896
v 1.73533595 -3.17561722 6.27584839
v 1.97351038 -2.99577332 6.21153259
v 2.21693373 -2.81196976 6.19857788
v 2.45861769 -2.6294899 6.23735046
v 2.69157362 -2.45358276 6.32675171
v 2.90913343 -2.28931046 6.46420288
v 3.10502553 -2.14139938 6.64573669
v 3.27361989 -2.01410294 6.8661499
v 3.41004872 -1.91108322 7.11909485
v 3.51040578 -1.83530807 7.39729309
v 1.48814368 -6.62018585 5
v -1.49072266 6.61824036 5
v 3.60087514 -5.02492905 9.79046631
v 3.36073232 -5.20625305 9.73887634
v 3.13099599 -5.37971497 9.63716125
v 5.9572444 -3.24570084 5
v 5.14755201 -3.85707092 8.22558594
v 5.09622145 -3.89583206 8.52403259
v 5.00538588 -3.96442413 8.80731201
v 3.72270131 -4.93294144 6.19694519
v 3.96546865 -4.74963379 6.22283936
v 4.20124769 -4.57160187 6.29977417
v 2.29783583 -6.00881195 8.22558594
v 2.28749037 -6.01662064 7.92056274
v 2.31843519 -5.99325562 7.61772156
v 4.42326307 -4.40396118 6.42552185
v 4.62513685 -4.25154114 6.59648132
v 4.80104017 -4.11872101 6.80773926
v 4.94592237 -4.00932693 7.05319214
v 5.05560255 -3.92650223 7.32580566
v 5.12695265 -3.87263107 7.61772156
v 5.15789747 -3.84926605 7.92056274
v 4.87763929 -4.06088257 9.06729126
v 4.71665907 -4.18242645 9.29647827
v 4.52709913 -4.32556152 9.48826599
v 4.31439161 -4.48617172 9.63716125
v 4.08465528 -4.65963364 9.73887634
v 3.84451222 -4.84095764 9.79046631
v 2.91828871 -5.54032135 9.48826599
v 2.72872877 -5.68346024 9.29647827
v 2.56776381 -5.80500412 9.06729126
v 2.44001722 -5.90145874 8.80731201
v 2.34916639 -5.97005463 8.52403259
v 2.38978529 -5.93938446 7.32580566
v 2.49948072 -5.85655975 7.05319214
v 2.64436293 -5.74716568 6.80773926
v 2.82026625 -5.61434555 6.59648132
v 3.02212453 -5.46192551 6.42552185
v 3.24413991 -5.29428482 6.29977417
v 3.47993398 -5.11624908 6.22283936
v 8.39454556 5.43429947 5.00000048
v 7.98052883 6.02586365 5
v 7.52491665 6.58601379 5
v 7.03007412 7.11182404 5
v 6.49856472 7.60056305 5
v 5.93319654 8.04967499 5
v 5.33688307 8.45681763 5
v 4.71273756 8.81987 5
v 4.06404066 9.13694 5
v 3.39413381 9.40637207 5
v 2.70655775 9.62676239 5
v 2.00485182 9.79696655 5
v 1.29269385 9.91609192 5
v 0.57380652 9.98352051 5
v -0.1480867 9.99890137 5
v -0.86918646 9.96215057 5
v -1.58576953 9.87346649 5
v -2.29408264 9.73329926 5
v -2.990448 9.54239655 5
v -3.67120337 9.30173492 5
v -4.33282423 9.01258087 5
v -4.4924159 8.93410492 7.99694777
v -4.50016737 8.93023682 7.82481337
v -4.52345228 8.91849518 7.65035963
v -4.56224012 8.89868927 7.47683716
v -4.61651564 8.8706131 7.30744934
v -4.68582106 8.83418274 7.14523315
v -4.97186232 8.67643738 5
v -4.76814222 8.79000092 6.99250793
v -4.8611598 8.73892212 6.85144043
v -4.96249342 8.68179321 6.72416687
v -5.07337904 8.61743164 6.60887146
v -5.19512892 8.54456329 6.50386047
v -5.32559156 8.46389008 6.41152954
v -5.58497572 8.29506683 5
v -5.46261549 8.37615204 6.33424377
v -5.60392714 8.28217316 6.27401733
v -5.74688673 8.18354034 6.23112488
v -5.88886976 8.08205414 6.20547485
v -6.16895962 7.87044525 5
v -6.02715969 7.97955322 6.19694519
v -6.16358852 7.87454987 6.20547485
v -6.30001736 7.76574707 6.23112488
v -6.43398952 7.65519714 6.27401733
v -6.72079372 7.40478516 5
v -6.5630331 7.54497528 6.33425903
v -6.68490505 7.43716431 6.41152954
v -6.79817104 7.33374023 6.50387573
v -6.9015646 7.23656464 6.60887146
v -6.99378872 7.14750671 6.72418213
v -7.23759365 6.90052795 5
v -7.07644558 7.06565094 6.85145569
v -7.15101528 6.99015045 6.99252319
v -7.21603298 6.9230423 7.14523315
v -7.27003384 6.86633301 7.30744934
v -7.31188869 6.82180786 7.47683716
v -7.34155178 6.78991699 7.65037489
v -7.3592062 6.77072906 7.82481337
v -7.71664333 6.36029053 5
v -7.36505032 6.76432037 7.99694777
v 8.76478481 4.81440353 5.00000048
v 9.08933926 4.16940308 5.00000048
v 9.3664999 3.50267029 5.00000048
v 9.59483242 2.81767273 5.00000048
v 9.77313137 2.11798859 5.00000048
v 9.90048122 1.40725708 5.00000048
v 9.97622585 0.68919373 5.00000048
v 9.99995327 -0.03246689 5.00000048
v 9.9715414 -0.75395584 5.00000048
v 9.89114285 -1.47151184 5.00000048
v 9.75916958 -2.1814003 5.00000048
v 9.57632351 -2.87991333 5.00000048
v 9.34355068 -3.56341171 5.00000048
v 9.0620718 -4.22833252 5.00000048
v 8.73333645 -4.87121201 5.00000048
v 8.35908413 -5.48868942 5
v 7.94123745 -6.07755661 5
v 7.48199368 -6.63473511 5
v 7.36282253 -6.76673889 7.99694824
v 7.35697842 -6.77314377 8.16908264
v 7.339324 -6.79232025 8.34353638
v 7.30964565 -6.82419968 8.51705933
v 7.26779079 -6.86871338 8.6864624
v 7.21377468 -6.92539978 8.84866333
v 7.14874172 -6.99248886 9.00138855
v 7.0741415 -7.06795883 9.14245605
v 6.99145412 -7.14979172 9.26972961
v 6.89919949 -7.23881149 9.38502502
v 6.79577541 -7.33595276 9.49003601
v 6.6824789 -7.4393425 9.5823822
v 6.56057644 -7.54711151 9.65965271
v 6.43150234 -7.65729523 9.71987915
v 6.2974844 -7.76779938 9.76277161
v 6.16100979 -7.87656403 9.78842163
v 6.0245657 -7.98151779 9.79695129
v 5.88622999 -8.08397675 9.78842163
v 5.74421644 -8.18540955 9.76277161
v 5.60121107 -8.28400421 9.71987915
v 5.45988417 -8.37792969 9.65963745
v 5.32282972 -8.46562576 9.58236694
v 5.19233656 -8.5462532 9.49003601
v 5.07057142 -8.61909103 9.38502502
v 4.95967054 -8.68341446 9.26971436
v 4.85830641 -8.74050903 9.14245605
v 4.76527357 -8.79155731 9.00138855
v 4.68293715 -8.83571625 8.84866333
v 4.61360121 -8.87212753 8.68644714
v 4.5593257 -8.90018463 8.51705933
v 4.52052259 -8.9199791 8.34353638
v 4.49723768 -8.9317131 8.16908264
v 4.48948622 -8.93557739 7.99694824
v 4.00462294 -9.16313171 5
v 4.49723768 -8.9317131 7.82481384
v 4.65537977 -8.85028076 5
v 4.52052259 -8.9199791 7.65037537
v 4.5593257 -8.90018463 7.47683716
v 4.61360121 -8.87212753 7.30744934
v 4.68293715 -8.83571625 7.14523315
v 4.76527357 -8.79155731 6.99252319
v 4.85830641 -8.74050903 6.85145569
v 4.95967054 -8.68341446 6.72418213
v 5.28185987 -8.49128723 5
v 5.07057142 -8.61909103 6.60887146
v 5.19233656 -8.5462532 6.50387573
v 5.32282972 -8.46562576 6.41152954
v 5.45988417 -8.37792969 6.33425903
v 5.60121107 -8.28400421 6.27401733
v 5.88079786 -8.08802795 5
v 5.74421644 -8.18540955 6.23112488
v 5.88622999 -8.08397675 6.20547485
v 6.0245657 -7.98151779 6.19694519
v 6.16100979 -7.87656403 6.20547485
v 6.44908047 -7.6425972 5
v 6.2974844 -7.76779938 6.23112488
v 6.43150234 -7.65729523 6.27401733
v 6.56057644 -7.54711151 6.33424377
v 6.6824789 -7.4393425 6.41152954
v 6.98374844 -7.15732574 5
v 6.79577541 -7.33595276 6.50386047
v 6.89919949 -7.23881149 6.60887146
v 6.99145412 -7.14979172 6.72416687
v 7.0741415 -7.06795883 6.85144043
v 7.14874172 -6.99248886 6.99250793
v 7.21377468 -6.92539978 7.14523315
v 7.26779079 -6.86871338 7.30744934
v 7.30964565 -6.82419968 7.47683716
v 7.339324 -6.79232025 7.65036011
v 7.35697842 -6.77314377 7.82481384
v 3.33299184 -9.42821121 5
v 2.64398146 -9.64413452 5
v 1.94119227 -9.80978012 5
v 1.2282865 -9.92427826 5
v 0.50897193 -9.98703766 5
v -0.21299757 -9.99773026 5
v -0.93385321 -9.95629883 5
v -1.64984119 -9.86296082 5
v -2.35723877 -9.71820068 5
v -3.05233741 -9.52277374 5
v -3.73152137 -9.27770233 5
v -4.39125013 -8.98426056 5
v -5.02809095 -8.6439743 5
v -5.63871717 -8.25862885 5
v -6.21993923 -7.83022308 5
v -6.76873684 -7.36099243 5
v -7.28224087 -6.85338974 5
v -7.75778103 -6.31005478 5
v -8.1928854 -5.73382187 5
v -8.58526516 -5.12769318 5
v -8.93289089 -4.4948349 5
v -9.23393154 -3.83853912 5
v -9.48684597 -3.16223145 5
v -9.6902914 -2.46944046 5
v -9.84323025 -1.76377106 5
v -9.94483852 -1.04890823 5
v -9.99459743 -0.32857895 5
v -9.99226284 0.39346695 5
v -9.93781948 1.11346054 5
v -9.83157253 1.82764816 5
v -9.67405605 2.53230667 5
v -9.46610928 3.22376251 5
v -9.20881557 3.89841461 5
v -8.90351772 4.55273819 5
v -8.55178738 5.18333054 5
v -8.15547085 5.78689575 5
v -6.99378872 7.14750671 9.2697134
v -7.07644558 7.06565094 9.1424551
v -7.15101528 6.99015045 9.0013876
v -6.43398952 7.65519714 9.71987915
v -6.5630331 7.54497528 9.65963745
v -6.68490505 7.43716431 9.58236694
v -5.88886976 8.08205414 9.78842163
v -6.02715969 7.97955322 9.79695129
v -6.16358852 7.87454987 9.78842163
v -5.32559156 8.46389008 9.5823822
v -5.46261549 8.37615204 9.65965271
v -5.60392714 8.28217316 9.71987915
v -4.68582106 8.83418274 8.84866333
v -4.76814222 8.79000092 9.00138855
v -4.8611598 8.73892212 9.14245605
v -4.50016737 8.93023682 8.16908264
v -4.52345228 8.91849518 8.34353638
v -4.56224012 8.89868927 8.51705933
v -4.61651564 8.8706131 8.6864624
v -4.96249342 8.68179321 9.26972961
v -5.07337904 8.61743164 9.38502502
v -5.19512892 8.54456329 9.49003601
v -5.74688673 8.18354034 9.76277161
v -6.30001736 7.76574707 9.76277161
v -6.79817104 7.33374023 9.49003506
v -6.9015646 7.23656464 9.38502407
v -7.21603298 6.9230423 8.84866333
v -7.27003384 6.86633301 8.68644714
v -7.31188869 6.82180786 8.51705933
v -7.34155178 6.78991699 8.34353638
v -7.3592062 6.77072906 8.16908264
v 1.0998075 1.02000427 9.00105286
v 1.19708228 0.90388107 8.98950195
v 1.28213477 0.77853394 9.00105286
v 1.35296607 0.64766312 9.03343201
v 1.40969825 0.51258469 9.082901
v 1.45252967 0.37438965 9.14492798
v 1.48152137 0.23408508 9.21499634
v 1.49690223 0.09304047 9.2893219
v 1.49911463 -0.04701614 9.36473083
v 1.48861659 -0.18435669 9.43804932
v 1.46519434 -0.32052231 9.5080719
v 1.42761195 -0.45925903 9.57559204
v 1.37545741 -0.59788132 9.63803101
v 1.30837977 -0.7335701 9.69267273
v 1.22619593 -0.86357498 9.73699951
v 1.13023341 -0.98553467 9.76965332
v 1.02239954 -1.09724426 9.78988647
v 0.90464747 -1.19650269 9.79695129
v 0.77705348 -1.28274155 9.79032898
v 0.64015168 -1.35605621 9.77052307
v 0.49658173 -1.41517639 9.73829651
v 0.34899876 -1.45883179 9.69438171
v 0.20004246 -1.48638535 9.6401062
v 0.05230688 -1.49874496 9.57800293
v -0.09158348 -1.49704361 9.51077271
v -0.22914144 -1.48239136 9.44102478
v -0.36425802 -1.45495605 9.36801147
v -0.49852008 -1.41451645 9.29289246
v -0.63014239 -1.36111069 9.21884155
v -0.75732434 -1.29478455 9.14904785
v -0.87867749 -1.21570206 9.08728027
v -0.99320996 -1.12407303 9.03805542
v -1.09977722 -1.0200386 9.00584412
v -1.19708252 -0.90388107 8.99436951
v -1.19708252 -0.90388107 6.99952698
v -1.09977722 -1.0200386 6.98805237
v -0.9932099 -1.12407303 6.95585632
v -0.87867743 -1.21570206 6.90661621
v -0.75732428 -1.29478455 6.84484863
v -0.63014233 -1.36111069 6.77505493
v -0.49852002 -1.41451645 6.70101929
v -0.36425796 -1.45495605 6.62588501
v -0.2291414 -1.48239136 6.5528717
v -0.09158343 -1.49704361 6.48312378
v 0.05230694 -1.49874496 6.41589355
v 0.20004252 -1.48638535 6.35379028
v 0.34899881 -1.45883179 6.29951477
v 0.49658179 -1.41517639 6.25559998
v 0.64015174 -1.35605621 6.22337341
v 0.77705353 -1.28274155 6.2035675
v 0.90464753 -1.19650269 6.19694519
v 1.02239966 -1.09724426 6.20401001
v 1.13023353 -0.98553467 6.22425842
v 1.22619605 -0.86357498 6.25691223
v 1.30837989 -0.7335701 6.30122375
v 1.37545753 -0.59788132 6.35586548
v 1.42761207 -0.45925903 6.41830444
v 1.46519446 -0.32052231 6.48582458
v 1.4886167 -0.18435669 6.55586243
v 1.49911475 -0.04701614 6.62916565
v 1.49690223 0.09304047 6.70457458
v 1.48152137 0.23408508 6.77890015
v 1.45252967 0.37438965 6.84896851
v 1.40969825 0.51258469 6.91099548
v 1.35296607 0.64766312 6.96046448
v 1.28213477 0.77853394 6.99284363
v 1.19708228 0.90388107 7.00439453
v 1.0998075 1.02000427 6.99284363
v 0.99333161 1.12395859 6.96046448
v 0.87895173 1.21550751 6.91101074
v 0.75776643 1.29452515 6.84896851
v 0.63076758 1.36082458 6.77891541
v 0.49931312 1.41423416 6.70458984
v 0.36521891 1.45471191 6.62918091
v 0.2302549 1.48221588 6.55586243
v 0.09288006 1.49696732 6.48583984
v -0.05084246 1.49879837 6.41830444
v -0.19845596 1.48659515 6.35588074
v -0.34732071 1.45923233 6.30122375
v -0.49485791 1.41578293 6.25691223
v -0.63844311 1.35686874 6.22425842
v -0.77540594 1.28373718 6.20401001
v -0.90310675 1.19766235 6.19694519
v -1.02098083 1.09856415 6.2035675
v -1.12898254 0.98696136 6.22337341
v -1.22514343 0.86506653 6.25559998
v -1.30754089 0.7350769 6.29951477
v -1.37481689 0.59934998 6.35379028
v -1.42715454 0.46064377 6.41589355
v -1.46492004 0.32178497 6.48312378
v -1.48847961 0.1854744 6.5528717
v -1.49908447 0.04801178 6.62588501
v -1.49694824 -0.0921936 6.70100403
v -1.48162842 -0.23340988 6.77505493
v -1.45265198 -0.37389374 6.84484863
v -1.40982056 -0.51226807 6.90661621
v -1.3530426 -0.64751053 6.95584106
v -1.28216553 -0.77849197 6.98805237
v 0.99333155 1.12395859 9.03343201
v 0.87895167 1.21550751 9.082901
v 0.75776637 1.29452515 9.14492798
v 0.63076752 1.36082458 9.21499634
v 0.49931306 1.41423416 9.28930664
v 0.36521885 1.45471191 9.36471558
v 0.23025486 1.48221588 9.43803406
v 0.09288 1.49696732 9.50805664
v -0.05084252 1.49879837 9.57559204
v -0.19845602 1.48659515 9.63803101
v -0.34732077 1.45923233 9.69267273
v -0.49485797 1.41578293 9.73698425
v -0.63844317 1.35686874 9.76965332
v -0.775406 1.28373718 9.78988647
v -0.90310681 1.19766235 9.79695129
v -1.02098095 1.09856415 9.79032898
v -1.12898266 0.98696136 9.77052307
v -1.22514355 0.86506653 9.73829651
v -1.30754101 0.7350769 9.69438171
v -1.37481701 0.59934998 9.6401062
v -1.42715466 0.46064377 9.57801819
v -1.46492016 0.32178497 9.51078796
v -1.48847973 0.1854744 9.44104004
v -1.49908459 0.04801178 9.36801147
v -1.49694824 -0.0921936 9.29289246
v -1.48162842 -0.23340988 9.21884155
v -1.45265198 -0.37389374 9.14906311
v -1.40982056 -0.51226807 9.08728027
v -1.3530426 -0.64751053 9.03805542
v -1.28216553 -0.77849197 9.00584412
v -3.6643064 4.97703171 9.79533386
v -3.4226377 5.15951538 9.75654602
v -3.18966651 5.3354187 9.66714478
v -5.15660048 3.85025024 8.14959717
v -5.115417 3.88134003 8.45051575
v -5.0342555 3.94263077 8.7383728
v -3.6643064 4.97703171 6.19857788
v -3.90772986 4.79322815 6.21153259
v -4.14590406 4.61338806 6.27584839
v -2.28877258 6.01565552 7.99694824
v -2.30943298 6.00005341 7.69274902
v -2.37083435 5.9536972 7.39729309
v -2.47119141 5.87791824 7.11909485
v -2.60762024 5.77489853 6.8661499
v -2.7762146 5.64760208 6.64573669
v -2.97210693 5.49969101 6.46420288
v -3.18966651 5.3354187 6.32675171
v -3.4226377 5.15951538 6.23735046
v -4.37199354 4.44268417 6.38967896
v -4.5794673 4.286026 6.54975891
v -4.76235914 4.14792633 6.75146484
v -4.91542006 4.03235245 6.98899841
v -5.0342555 3.94263077 7.25552368
v -5.115417 3.88134003 7.54339552
v -5.15660048 3.85025024 7.84429884
v -4.91542006 4.03235245 9.00489807
v -4.76235914 4.14792633 9.2424469
v -4.5794673 4.286026 9.44413757
v -4.37199354 4.44268417 9.60421753
v -4.14590406 4.61338806 9.7180481
v -3.90772986 4.79322815 9.78236389
v -2.97210693 5.49969101 9.52970886
v -2.7762146 5.64760208 9.34815979
v -2.60762024 5.77489853 9.12774658
v -2.47119141 5.87791824 8.87480164
v -2.37083435 5.9536972 8.59660339
v -2.30943298 6.00005341 8.30114746
v 9.63790798 6.71970367 5.00000048
v 9.59159756 6.80158997 5.00000048
v 9.56144619 6.89073181 5.00000048
v 9.83338833 6.49668121 5.00000048
v 9.76080227 6.55644226 5.00000048
v 9.70068264 6.62876129 5.00000048
v 10.9695425 4.5859642 5.00000048
v 11.01301479 4.66930389 5.00000048
v 10.09878445 6.41107178 5.00000048
v 11.0713644 4.7430954 5.00000048
v 10.19264126 6.4171524 5.00000048
v 11.14247036 4.80461502 5.00000048
v 10.28373623 6.44072723 5.00000048
v 11.22384548 4.85175323 5.00000048
v 10.36878872 6.48093414 5.00000048
v 11.38331509 4.94261932 5.00000048
v 10.49511623 6.54560089 5.00000048
v 11.46707058 5.00268173 5.00000048
v 10.64784145 6.60448456 5.00000048
v 11.55998135 5.0751152 5.00000048
v 10.83097744 6.65879822 5.00000048
v 11.76006985 5.24531174 5.00000048
v 11.04849148 6.70976257 5.00000048
v 11.94671535 5.42576218 5.00000048
v 11.30126858 6.75659943 5.00000048
v 12.11965752 5.61293411 5.00000048
v 11.58206081 6.79299927 5.00000048
v 12.27931023 5.80369949 5.00000048
v 11.88983059 6.81635284 5.00000048
v 12.3398571 6.61269379 5.00000048
v 12.22407341 6.82436371 5.00000048
v 10.94061184 4.30853271 5.00000048
v 10.93267727 4.40229416 5.00000048
v 10.94242764 4.49583817 5.00000048
v 11.04623318 4.03001022 5.00000048
v 11.00515652 4.11461639 5.00000048
v 10.99220181 4.14909744 5.00000048
v 11.25169277 3.84160614 5.00000048
v 11.17175198 3.89103699 5.00000048
v 11.10241604 3.95461655 5.00000048
v 11.66851711 1.65801239 5.00000048
v 11.70037746 1.74650192 5.00000048
v 11.74829006 1.82751846 5.00000048
v 11.67005825 1.36134338 5.00000048
v 11.66574001 1.39792252 5.00000048
v 11.66129971 1.4344902 5.00000048
v 11.7783041 1.10439682 5.00000048
v 11.72619534 1.182724 5.00000048
v 11.68969631 1.26937103 5.00000048
v 11.77834988 -1.10433197 5.00000048
v 11.84425259 -1.03713608 5.00000048
v 11.92147732 -0.9835434 5.00000048
v 11.67005825 -1.36134338 5.00000048
v 11.68971157 -1.26934433 5.00000048
v 11.72624111 -1.18262863 5.00000048
v 11.66850185 -1.65790939 5.00000048
v 11.65379238 -1.5650444 5.00000048
v 11.65675259 -1.47104263 5.00000048
v 11.25187588 -3.84151459 5.00000048
v 11.33967495 -3.8079567 5.00000048
v 11.81037807 -1.89797592 5.00000048
v 11.88465786 -1.95565796 5.00000048
v 11.4322958 -3.79141998 5.00000048
v 11.5263052 -3.7925148 5.00000048
v 11.04624844 -4.02998734 5.00000048
v 11.10247707 -3.95453644 5.00000048
v 11.17181301 -3.8909874 5.00000048
v 10.9406271 -4.3085022 5.00000048
v 10.96597195 -4.21794128 5.00000048
v 10.97914028 -4.18354034 5.00000048
v 10.96946621 -4.58576965 5.00000048
v 10.94241238 -4.49575424 5.00000048
v 10.93266201 -4.40218735 5.00000048
v 9.83347988 -6.49662399 5.00000048
v 9.91599941 -6.45151138 5.00000048
v 10.00558376 -6.42263794 5.00000048
v 9.63790798 -6.71970367 5.00000048
v 9.65891933 -6.68945694 5.00000048
v 9.67985439 -6.65914154 5.00000048
v 9.54853725 -6.98380661 5.00000048
v 9.56147671 -6.890625 5.00000048
v 9.59161282 -6.80156708 5.00000048
v 8.08392239 -8.63710022 5
v 8.17780972 -8.63050461 5
v 8.27114773 -8.64159393 5
v 7.83242702 -8.75766754 5
v 7.90814114 -8.701828 5
v 7.99299526 -8.66115189 5
v 7.63459682 -8.97860718 5
v 7.68517971 -8.89934921 5
v 7.74970913 -8.83094406 5
v 5.87475538 -10.33679199 5
v 5.96273756 -10.36989594 5
v 7.58160305 -9.25238419 5
v 7.59895229 -9.34481812 5
v 6.04301357 -10.41893005 5
v 7.63333035 -9.43241501 5
v 6.11265469 -10.48209 5
v 7.68350124 -9.51199722 5
v 6.16926479 -10.55719757 5
v 7.76292324 -9.62960815 5
v 6.27868557 -10.70455551 5
v 6.34840298 -10.78046417 5
v 5.59585524 -10.34151077 5
v 5.6879878 -10.32232285 5
v 5.78202772 -10.3207283 5
v 5.33210707 -10.47993469 5
v 5.41114759 -10.42896271 5
v 5.44381666 -10.41194534 5
v 5.1698451 -10.706604 5
v 5.20927382 -10.62128067 5
v 5.26403761 -10.54478455 5
v 3.05241323 -11.38359833 5
v 3.14408803 -11.40455627 5
v 3.23028493 -11.44234848 5
v 2.75808668 -11.42088699 5
v 2.7938838 -11.41218185 5
v 2.8296504 -11.4033699 5
v 2.51606703 -11.5593071 5
v 2.5875392 -11.49813843 5
v 2.66915846 -11.45146179 5
v 0.32344037 -11.82559204 5
v 0.39808634 -11.88291168 5
v 0.4606016 -11.95310974 5
v 0.05525191 -11.74906921 5
v 0.14895612 -11.75748062 5
v 0.23944072 -11.78329849 5
v -0.23933424 -11.78326035 5
v -0.14892593 -11.75747299 5
v -0.05525222 -11.74906921 5
v -2.45724487 -11.63288498 5
v -0.39793405 -11.88277054 5
v -0.32337964 -11.82554626 5
v -2.66912842 -11.45147324 5
v -2.58744812 -11.49819946 5
v -2.51600647 -11.55936432 5
v -2.95834351 -11.38018417 5
v -2.86538696 -11.3944397 5
v -2.82965088 -11.4033699 5
v -3.23011756 -11.44224548 5
v -3.14401221 -11.40452957 5
v -3.05230689 -11.38358307 5
v -5.26396132 -10.54486465 5
v -5.20922804 -10.62135315 5
v -5.16976881 -10.70679855 5
v -5.50898695 -10.37760925 5
v -5.47642469 -10.3948288 5
v -5.44381666 -10.41194534 5
v -5.78193617 -10.32072449 5
v -5.68788099 -10.32233429 5
v -5.59583998 -10.3415184 5
v -7.59971523 -9.06606293 5
v -7.58184719 -9.15847397 5
v -7.58160305 -9.25246811 5
v -7.74970913 -8.83094406 5
v -7.68516445 -8.8993721 5
v -7.63455105 -8.97870255 5
v -7.99288845 -8.66118622 5
v -7.90811062 -8.70184326 5
v -7.83242702 -8.75766754 5
v -9.553298 -7.07788849 5
v -9.57556057 -7.16920853 5
v -8.17759609 -8.63049698 5
v -8.27105618 -8.64157486 5
v -9.61456203 -7.25482178 5
v -8.36073208 -8.66994476 5
v -9.66886806 -7.33156967 5
v -8.44354153 -8.71463013 5
v -9.73660183 -7.39681244 5
v -8.5164938 -8.77402115 5
v -9.86968899 -7.52320099 5
v -8.62368679 -8.86704254 5
v -9.93664455 -7.60156631 5
v -8.75788784 -8.96076965 5
v -10.00950527 -7.69412613 5
v -8.92268276 -9.05733109 5
v -10.16305447 -7.90726471 5
v -9.12168789 -9.15886688 5
v -10.30110073 -8.12713623 5
v -9.3559103 -9.26483154 5
v -10.4242239 -8.35025406 5
v -9.61984158 -9.36737442 5
v -10.53358364 -8.57368851 5
v -9.91308498 -9.46370316 5
v -10.39877224 -9.37366867 5
v -10.2356863 -9.55147171 5
v -9.59159756 -6.80159378 5
v -9.56144619 -6.89073181 5
v -9.54853725 -6.98389053 5
v -9.76080227 -6.55644608 5
v -9.70068264 -6.62876129 5
v -9.67985439 -6.65914154 5
v -10.0053854 -6.42268372 5
v -9.91592312 -6.45154572 5
v -9.83338833 -6.49668503 5
v -10.93267727 -4.40229416 5
v -10.94242764 -4.49583817 5
v -10.9695425 -4.5859642 5
v -11.00515652 -4.11461639 5
v -10.99221706 -4.14909744 5
v -10.97914028 -4.18354034 5
v -11.17175198 -3.89103699 5
v -11.10241604 -3.95461655 5
v -11.04623318 -4.03001404 5
v -11.70037746 -1.74650192 5
v -11.74829006 -1.82751846 5
v -11.81043911 -1.89803314 5
v -11.65379238 -1.56507111 5
v -11.66851711 -1.65801239 5
v -11.72619534 -1.182724 5
v -11.68969631 -1.26937103 5
v -11.67005825 -1.36134338 5
v -11.84425259 1.03713608 5
v -11.92147732 0.98353958 5
v -11.92140102 -0.98358154 5
v -12.00742912 0.94532013 5
v -12.00733757 -0.94535446 5
v -12.09898186 0.92388535 5
v -12.09895134 -0.92388916 5
v -12.19294548 0.91996765 5
v -12.19294548 -0.91996765 5
v -12.37637138 0.91362 5
v -12.33485222 -0.91851807 5
v -12.47845268 0.89936066 5
v -12.49744987 -0.89968109 5
v -12.5943737 0.8783989 5
v -12.68484306 -0.8626709 5
v -12.85064507 0.82068253 5
v -12.9011364 -0.8067131 5
v -13.09976006 0.7476387 5
v -13.14672661 -0.73070908 5
v -13.33988762 0.66228104 5
v -13.41227531 -0.63244629 5
v -13.56991386 0.5675621 5
v -13.69564629 -0.51009369 5
v -13.99947929 -0.12063217 5
v -13.99531364 -0.36186218 5
v -11.72624111 1.18262863 5
v -11.77834988 1.10433197 5
v -11.65379238 1.5650444 5
v -11.65675259 1.47104263 5
v -11.66129971 1.4344902 5
v -11.74816799 1.82735062 5
v -11.70034695 1.74642563 5
v -11.66850185 1.65790558 5
v -11.17181301 3.8909874 5
v -11.25187588 3.84151459 5
v -11.33967495 3.8079567 5
v -10.97914028 4.18354034 5
v -10.99221706 4.14909744 5
v -11.00515652 4.11461639 5
v -10.94241238 4.49575424 5
v -10.93266201 4.40218735 5
v -10.9406271 4.3085022 5
v -10.00558376 6.42263794 5
v -10.09886074 6.41107178 5
v -11.01296902 4.66923141 5
v -11.07128811 4.74301529 5
v -10.19274807 6.41717529 5
v -11.14243984 4.80459976 5
v -10.28376675 6.44073486 5
v -11.22384548 4.85175323 5
v -10.36878872 6.48093414 5
v -11.34883022 4.91898346 5
v -10.53416348 6.56056213 5
v -10.6311636 6.59537506 5
v -9.76083279 6.556427 5
v -9.83347988 6.49662018 5
v -9.91599941 6.4515152 5
v -9.56147671 6.890625 5
v -9.59161282 6.80156708 5
v -9.63790798 6.71970367 5
v -9.55326748 7.0776825 5
v -9.54853725 6.9838028 5
v -7.99299526 8.66114807 5
v -8.08392239 8.63710022 5
v -8.17780972 8.63050079 5
v -7.68517971 8.89935303 5
v -7.74970913 8.83094788 5
v -7.77735806 8.80660248 5
v -7.58187771 9.15826416 5
v -7.59974575 9.06598663 5
v -7.63459682 8.97860718 5
v -5.78202772 10.32073212 5
v -5.87475538 10.33679199 5
v -5.96273756 10.36989594 5
v -5.47642469 10.3948288 5
v -5.50898695 10.37760925 5
v -5.59585524 10.34150696 5
v -5.20927382 10.62127686 5
v -5.26403761 10.54478455 5
v -5.33210707 10.47993469 5
v -3.23028541 11.44234467 5
v -3.3077848 11.49554443 5
v -5.14704847 10.79792023 5
v -5.14178419 10.89182281 5
v -3.37400794 11.56236267 5
v -5.15420485 10.98509979 5
v -3.42651343 11.64035797 5
v -5.18386793 11.07437897 5
v -3.46350074 11.7268219 5
v -5.23283339 11.20758057 5
v -3.53446937 11.89608765 5
v -3.5839994 11.98647308 5
v -2.95837402 11.38018036 5
v -3.0524137 11.38359833 5
v -3.14408851 11.40455627 5
v -2.58753967 11.49813843 5
v -2.66915894 11.45146179 5
v -2.75808716 11.42088318 5
v -2.45735168 11.63271332 5
v -2.5160675 11.55930328 5
v -0.23944105 11.78330231 5
v -0.32344067 11.82559204 5
v -0.39808664 11.88291168 5
v 0.1489256 11.75747681 5
v 0.05525191 11.74906921 5
v 0.0184172 11.74918365 5
v 0.32337934 11.82554626 5
v 0.23933391 11.78326416 5
v 2.51600599 11.55936432 5
v 2.4572444 11.63288879 5
v 2.41334486 11.71600342 5
v 2.75808668 11.42088318 5
v 2.66912794 11.45147705 5
v 2.58744764 11.49819946 5
v 3.14401174 11.40453339 5
v 3.05230641 11.38358307 5
v 2.95834303 11.38018036 5
v 5.16976881 10.70680237 5
v 5.14703321 10.79800415 5
v 3.30772328 11.49549103 5
v 3.37393117 11.56227875 5
v 5.14178419 10.89192963 5
v 5.15420485 10.98513031 5
v 5.33207655 10.47994995 5
v 5.26396132 10.54486847 5
v 5.20922804 10.62135315 5
v 5.68788099 10.32233429 5
v 5.59583998 10.34152222 5
v 5.50898695 10.37760925 5
v 5.87455702 10.33673859 5
v 5.78193617 10.32072449 5
v 7.63455105 8.97870636 5
v 7.59971523 9.06606293 5
v 7.58184719 9.15847015 5
v 7.90811062 8.70184326 5
v 7.83242702 8.75766754 5
v 7.80493069 8.78218079 5
v 8.08383083 8.63711548 5
v 7.99288845 8.66118622 5
v 9.54853725 6.98388672 5.00000048
v 9.553298 7.07788849 5.00000048
v 9.57556057 7.16921234 5.00000048
v -11.79809475 3.84893417 5
v -12.05880547 2.02472687 5
v -11.61848354 3.81119537 5
v -11.96847439 1.99842834 5
v -11.5263052 3.7925148 5
v -11.88465786 1.95565796 5
v -11.4322958 3.79141998 5
v -11.81037807 1.89797592 5
v -12.19624138 2.06009674 5
v -11.90061855 3.85951614 5
v -12.34960747 2.11730194 5
v -12.01818657 3.86690521 5
v -12.52270317 2.19808197 5
v -12.28082085 3.8721962 5
v -12.71931267 2.3041687 5
v -12.54018974 3.86089325 5
v -12.93957329 2.43674088 5
v -12.7937603 3.83547974 5
v -13.17388725 2.5956955 5
v -13.0397625 3.7985611 5
v -13.41975212 2.78231049 5
v -13.62154961 3.23316956 5
v -13.67524529 2.99795532 5
v -13.50204277 3.70064545 5
v -13.56381035 3.46742249 5
v -11.66574001 1.39792252 5
v -11.67005825 1.36134338 5
v -11.68971157 1.26934433 5
v -13.99531364 0.36186218 5
v -13.99947929 0.12063217 5
v -11.8441 -1.03726959 5
v -11.7783041 -1.10439682 5
v -11.66574001 -1.39792633 5
v -11.66129971 -1.4344902 5
v -11.65675259 -1.47104263 5
v -11.33959866 -3.80797958 5
v -11.88474941 -1.95571518 5
v -11.43218899 -3.79142761 5
v -11.96850491 -1.99843597 5
v -11.52627468 -3.79251099 5
v -12.05880547 -2.02472687 5
v -11.61848354 -3.81119537 5
v -12.23538017 -2.07478714 5
v -11.7566061 -3.84375381 5
v -12.3310833 -2.11306 5
v -11.91899014 -3.86437607 5
v -12.43862724 -2.16115952 5
v -12.10980034 -3.8732872 5
v -12.67362785 -2.27852631 5
v -12.33318901 -3.87071609 5
v -12.89803886 -2.40906525 5
v -12.58982658 -3.85569 5
v -13.11074638 -2.54940796 5
v -12.8711834 -3.82383728 5
v -13.31141472 -2.69642258 5
v -13.17559624 -3.77285385 5
v -13.56381035 -3.46742249 5
v -13.50204277 -3.70064545 5
v -13.67524529 -2.99795532 5
v -13.62154961 -3.23316956 5
v -11.25169277 -3.84160614 5
v -10.96597195 -4.21794128 5
v -10.94061184 -4.30853271 5
v -11.01301479 -4.66930389 5
v -10.09878445 -6.41107178 5
v -11.0713644 -4.7430954 5
v -10.19264126 -6.41715622 5
v -11.14247036 -4.80461502 5
v -10.28373623 -6.44072723 5
v -11.22384548 -4.85175323 5
v -10.36878872 -6.48093414 5
v -11.38331509 -4.94261932 5
v -10.49511623 -6.54560089 5
v -11.46707058 -5.00268173 5
v -10.64784145 -6.60448456 5
v -11.55998135 -5.0751152 5
v -10.83097744 -6.65880203 5
v -11.76006985 -5.24531174 5
v -11.04849148 -6.70976257 5
v -11.94671535 -5.42576218 5
v -11.30126858 -6.75659561 5
v -12.11965752 -5.61293411 5
v -11.58206081 -6.79299545 5
v -12.27931023 -5.80369949 5
v -11.88983059 -6.81634903 5
v -12.3398571 -6.6126976 5
v -12.22407341 -6.82436371 5
v -12.56040764 -6.18354034 5
v -12.45197868 -6.39906693 5
v -9.65891933 -6.68945694 5
v -9.63790798 -6.71970367 5
v -10.71560574 -9.009758 5
v -10.55876064 -9.19307709 5
v -8.08383083 -8.63711548 5
v -7.80493069 -8.78217697 5
v -7.77735806 -8.80660629 5
v -5.96266127 -10.3698616 5
v -7.59898281 -9.34492493 5
v -6.04293728 -10.4188652 5
v -7.6333456 -9.4324379 5
v -6.11263943 -10.48207092 5
v -7.68350124 -9.51199722 5
v -6.16926479 -10.55719757 5
v -7.78248501 -9.66656494 5
v -6.25106716 -10.67316437 5
v -7.8287344 -9.75867081 5
v -6.3589468 -10.79628372 5
v -7.87733364 -9.86598206 5
v -6.49584866 -10.92948151 5
v -7.97540188 -10.10967255 5
v -6.66476345 -11.07568741 5
v -8.05680752 -10.35618973 5
v -6.86682034 -11.23463058 5
v -8.12296963 -10.60229111 5
v -7.09854031 -11.39735413 5
v -8.17568874 -10.84540558 5
v -7.36021328 -11.56106186 5
v -7.85333157 -11.58987427 5
v -7.65244961 -11.72348404 5
v -8.24806118 -11.31236267 5
v -8.05189419 -11.45281982 5
v -5.87455702 -10.33673859 5
v -5.41114759 -10.42896271 5
v -5.33207655 -10.47995377 5
v -5.14703321 -10.79800415 5
v -3.30772376 -11.49548721 5
v -3.37393165 -11.56227875 5
v -5.14178419 -10.89193344 5
v -5.15420485 -10.9851265 5
v -3.42649817 -11.64033127 5
v -5.18386793 -11.07437515 5
v -3.46350074 -11.72682571 5
v -5.24298048 -11.24814224 5
v -3.515167 -11.85900116 5
v -5.26583815 -11.34864044 5
v -3.5904386 -12.00435638 5
v -5.28733778 -11.46446228 5
v -3.69149756 -12.1664505 5
v -5.32424879 -11.72454453 5
v -3.82051063 -12.34883118 5
v -5.34429884 -11.98337936 5
v -3.97866797 -12.55150986 5
v -5.34963942 -12.23816299 5
v -4.16470289 -12.76496124 5
v -5.34263563 -12.48682404 5
v -4.37959242 -12.98653412 5
v -4.85148573 -13.13251877 5
v -4.62446547 -13.21417236 5
v -5.30116224 -12.95753479 5
v -5.07707167 -13.04696655 5
v -2.79388428 -11.41218185 5
v -2.75808716 -11.42088699 5
v -2.41334534 -11.71600342 5
v -0.46055612 -11.95304108 5
v -0.50886548 -12.03373718 5
v -2.38575745 -11.80594254 5
v -0.54121411 -12.12210083 5
v -2.3755188 -11.89940262 5
v -0.55644238 -12.2149353 5
v -2.38294983 -11.99315262 5
v -0.57498181 -12.3556366 5
v -2.39877319 -12.17601776 5
v -2.39691162 -12.27906799 5
v -0.61328137 -12.51478195 5
v -2.39007568 -12.3966713 5
v -0.67260754 -12.6963501 5
v -2.36367798 -12.65802765 5
v -0.75422674 -12.9043045 5
v -2.32119751 -12.91413879 5
v -0.85928351 -13.13894653 5
v -2.26539612 -13.16279602 5
v -0.98883063 -13.39071274 5
v -2.19909668 -13.40255737 5
v -1.14445496 -13.65727234 5
v -1.56770313 -13.91194916 5
v -1.32772827 -13.93689728 5
v -2.0461731 -13.84966278 5
v -1.80720508 -13.88286591 5
v -0.01841751 -11.74918747 5
v 0.0184172 -11.74918747 5
v 0.50891089 -12.03383255 5
v 2.38578749 -11.80583572 5
v 2.41337538 -11.71592331 5
v 2.45735121 -11.63271332 5
v 2.37551832 -11.89937592 5
v 0.54122901 -12.12212753 5
v 2.38294935 -11.99315262 5
v 0.55644202 -12.2149353 5
v 2.39862013 -12.13420486 5
v 0.58485389 -12.39626694 5
v 0.61131263 -12.49588013 5
v 2.3995204 -12.29789352 5
v 0.64608741 -12.60842896 5
v 2.3853755 -12.48838043 5
v 0.73426795 -12.85587311 5
v 2.35589552 -12.70982742 5
v 0.83680695 -13.09437561 5
v 2.31004286 -12.96279144 5
v 0.95048493 -13.32245255 5
v 2.24450636 -13.23824692 5
v 1.07225013 -13.53938293 5
v 2.15719557 -13.53430176 5
v 1.80720484 -13.88286591 5
v 2.04617262 -13.84966278 5
v 1.32772803 -13.93689728 5
v 1.56770289 -13.91194916 5
v 2.86538649 -11.3944397 5
v 2.95837355 -11.38018417 5
v 3.30778432 -11.49554062 5
v 5.14704847 -10.79792404 5
v 5.14178419 -10.89182663 5
v 3.37400746 -11.56236267 5
v 5.15420485 -10.98509979 5
v 3.42651296 -11.64035416 5
v 5.18386793 -11.07437515 5
v 3.46350026 -11.72682571 5
v 5.23283339 -11.20758057 5
v 3.53446889 -11.89608765 5
v 3.58399892 -11.9864769 5
v 5.27287245 -11.36629486 5
v 3.64471364 -12.08743286 5
v 5.30471754 -11.55463409 5
v 3.78955007 -12.30657959 5
v 5.32910109 -11.77670288 5
v 3.94618154 -12.51361465 5
v 5.34510756 -12.03328705 5
v 4.11114454 -12.70785904 5
v 5.34741163 -12.31642151 5
v 4.28128004 -12.88934708 5
v 5.33349562 -12.6247673 5
v 5.07707167 -13.04696655 5
v 5.30116224 -12.95753479 5
v 4.62446547 -13.21417236 5
v 4.85148573 -13.13251877 5
v 5.47642469 -10.3948288 5
v 5.50898695 -10.37760925 5
v 7.83978176 -9.77413177 5
v 6.4315176 -10.86395645 5
v 7.91578579 -9.94937515 5
v 6.62458706 -11.04207611 5
v 7.99258327 -10.1591568 5
v 6.8262167 -11.20560455 5
v 8.06954861 -10.40444946 5
v 7.03286648 -11.3547287 5
v 8.13952541 -10.67881012 5
v 7.24148464 -11.49023056 5
v 8.19981289 -10.98152924 5
v 8.05189419 -11.45281982 5
v 8.24806118 -11.31236267 5
v 7.65244961 -11.72348404 5
v 7.85333157 -11.58987427 5
v 7.58187771 -9.15826416 5
v 7.59974575 -9.06598282 5
v 7.77735806 -8.80660629 5
v 7.80493069 -8.78217697 5
v 8.36082363 -8.66998672 5.00000048
v 9.614501 -7.25472641 5.00000048
v 9.57553005 -7.16913223 5.00000048
v 9.55326748 -7.0776825 5.00000048
v 9.66885281 -7.33154678 5.00000048
v 8.44357204 -8.71464539 5.00000048
v 9.73660183 -7.39681244 5.00000048
v 8.5164938 -8.77402115 5.00000048
v 9.84185696 -7.49200058 5.00000048
v 8.65800381 -8.8909111 5.00000048
v 8.74386501 -8.94792938 5.00000048
v 9.95107937 -7.61392975 5.00000048
v 8.8445425 -9.0091095 5.00000048
v 10.06680202 -7.76589584 5.00000048
v 9.07462978 -9.13584518 5.00000048
v 10.1915884 -7.95119858 5.00000048
v 9.30953884 -9.24637222 5.00000048
v 10.32501125 -8.17094803 5.00000048
v 9.54586697 -9.34170532 5.00000048
v 10.45861721 -8.42058563 5.00000048
v 9.78085232 -9.42333984 5.00000048
v 10.58959866 -8.70008087 5.00000048
v 10.55876064 -9.19307709 5.00000048
v 10.71560574 -9.009758 5.00000048
v 10.2356863 -9.55147171 5.00000048
v 10.39877224 -9.37366867 5.00000048
v 9.70068264 -6.62876129 5.00000048
v 9.76083279 -6.556427 5.00000048
v 10.09886074 -6.41106796 5.00000048
v 11.01296902 -4.66923523 5.00000048
v 11.07128811 -4.74301529 5.00000048
v 10.19274807 -6.41717148 5.00000048
v 11.14243984 -4.80459976 5.00000048
v 10.28376675 -6.44073486 5.00000048
v 11.22384548 -4.85175323 5.00000048
v 10.36878872 -6.48093414 5.00000048
v 11.34883022 -4.91898727 5.00000048
v 10.53416348 -6.56056213 5.00000048
v 10.6311636 -6.59537125 5.00000048
v 11.48405361 -5.01123047 5.00000048
v 10.74355984 -6.6306839 5.00000048
v 11.63278103 -5.13108826 5.00000048
v 10.99728298 -6.69866943 5.00000048
v 11.79827785 -5.28114319 5.00000048
v 11.25181484 -6.7497673 5.00000048
v 11.98042202 -5.46257782 5.00000048
v 11.50410366 -6.78577423 5.00000048
v 12.16988945 -5.67298889 5.00000048
v 11.75179958 -6.80880356 5.00000048
v 12.36393547 -5.91301727 5.00000048
v 12.45197868 -6.39906693 5.00000048
v 12.56040764 -6.18354034 5.00000048
v 12.22407341 -6.82436371 5.00000048
v 12.3398571 -6.6126976 5.00000048
v 10.99220181 -4.14909744 5.00000048
v 11.00515652 -4.11461639 5.00000048
v 11.96847439 -1.99842834 5.00000048
v 11.61846828 -3.81119537 5.00000048
v 12.05880547 -2.02472687 5.00000048
v 11.79809475 -3.84893417 5.00000048
v 12.19624138 -2.06009674 5.00000048
v 11.90061855 -3.85951614 5.00000048
v 12.34960747 -2.11730194 5.00000048
v 12.01818657 -3.86690521 5.00000048
v 12.52270317 -2.19808197 5.00000048
v 12.28082085 -3.8721962 5.00000048
v 12.71929741 -2.3041687 5.00000048
v 12.54018974 -3.86089706 5.00000048
v 12.93957329 -2.43674088 5.00000048
v 12.7937603 -3.83547974 5.00000048
v 13.17388725 -2.5956955 5.00000048
v 13.0397625 -3.7985611 5.00000048
v 13.41975212 -2.78231049 5.00000048
v 13.62154961 -3.23316956 5.00000048
v 13.67524529 -2.99795532 5.00000048
v 13.50204277 -3.70064545 5.00000048
v 13.56381035 -3.46742249 5.00000048
v 11.74816799 -1.82735062 5.00000048
v 11.70034695 -1.74642563 5.00000048
v 11.66129971 -1.4344902 5.00000048
v 11.66574001 -1.39792633 5.00000048
v 11.92140102 0.98358154 5.00000048
v 12.00742912 -0.94532013 5.00000048
v 12.00733757 0.94535446 5.00000048
v 12.09898186 -0.92388535 5.00000048
v 12.09895134 0.92388916 5.00000048
v 12.19294548 -0.91996765 5.00000048
v 12.19294548 0.91996765 5.00000048
v 12.37637138 -0.91362 5.00000048
v 12.33485222 0.91851807 5.00000048
v 12.47845268 -0.89936066 5.00000048
v 12.49744987 0.89968109 5.00000048
v 12.5943737 -0.8783989 5.00000048
v 12.68484306 0.8626709 5.00000048
v 12.85064507 -0.82068253 5.00000048
v 12.9011364 0.8067131 5.00000048
v 13.09976006 -0.7476387 5.00000048
v 13.14672661 0.73070908 5.00000048
v 13.33988762 -0.66228104 5.00000048
v 13.41227531 0.63244629 5.00000048
v 13.56991386 -0.5675621 5.00000048
v 13.69564629 0.51009369 5.00000048
v 13.99947929 0.12063217 5.00000048
v 13.99531364 0.36186218 5.00000048
v 13.99531364 -0.36186218 5.00000048
v 13.99947929 -0.12063217 5.00000048
v 11.8441 1.03726959 5.00000048
v 11.65675259 1.47104263 5.00000048
v 11.65379238 1.56507111 5.00000048
v 11.81043911 1.89803314 5.00000048
v 11.33959866 3.80797958 5.00000048
v 11.88474941 1.95571518 5.00000048
v 11.43218899 3.79142761 5.00000048
v 11.96850491 1.99843597 5.00000048
v 11.52627468 3.79251099 5.00000048
v 12.05880547 2.02472687 5.00000048
v 11.61846828 3.81119537 5.00000048
v 12.23538017 2.07478714 5.00000048
v 11.7566061 3.84375 5.00000048
v 12.3310833 2.11306 5.00000048
v 11.91899014 3.86437225 5.00000048
v 12.43862724 2.16115952 5.00000048
v 12.10980034 3.8732872 5.00000048
v 12.67362785 2.27852631 5.00000048
v 12.33318901 3.87071609 5.00000048
v 12.89803886 2.40906525 5.00000048
v 12.58982658 3.85569 5.00000048
v 13.11074638 2.54940796 5.00000048
v 12.8711834 3.82383728 5.00000048
v 13.31141472 2.69642258 5.00000048
v 13.17559624 3.77285385 5.00000048
v 13.56381035 3.46742249 5.00000048
v 13.50204277 3.70064545 5.00000048
v 13.67524529 2.99795532 5.00000048
v 13.62154961 3.23316956 5.00000048
v 10.97914028 4.18354034 5.00000048
v 10.96597195 4.21794128 5.00000048
v 12.56040764 6.18354034 5.00000048
v 12.45197868 6.39907074 5.00000048
v 10.0053854 6.42268372 5.00000048
v 9.91592312 6.45154572 5.00000048
v 9.67985439 6.65914154 5.00000048
v 9.65891933 6.68945312 5.00000048
v 8.27105618 8.64157104 5
v 9.61456203 7.25482178 5.00000048
v 8.36073208 8.66994476 5.00000048
v 9.66886806 7.33156586 5.00000048
v 8.44354153 8.71463013 5.00000048
v 9.73660183 7.39681244 5.00000048
v 8.5164938 8.77402496 5.00000048
v 9.86968899 7.52320099 5.00000048
v 8.62368679 8.86704254 5.00000048
v 9.93664455 7.6015625 5.00000048
v 8.75788784 8.96076965 5.00000048
v 10.00950527 7.69412994 5.00000048
v 8.92268276 9.0573349 5.00000048
v 10.16305447 7.90726471 5.00000048
v 9.12168789 9.15886688 5.00000048
v 10.30110073 8.12713623 5.00000048
v 9.3559103 9.26483154 5.00000048
v 10.4242239 8.35025787 5.00000048
v 9.61984158 9.36737061 5.00000048
v 10.53358364 8.57368469 5.00000048
v 9.91308498 9.46370697 5.00000048
v 10.39877224 9.37366486 5.00000048
v 10.2356863 9.55147552 5.00000048
v 10.71560574 9.009758 5.00000048
v 10.55876064 9.19307709 5.00000048
v 8.17759609 8.63050079 5
v 7.77735806 8.80660248 5
v 7.74970913 8.83094788 5
v 7.68516445 8.89937592 5
v 7.58160305 9.25246429 5
v 5.96266127 10.36985779 5
v 7.59898281 9.34492493 5
v 6.04293728 10.41886139 5
v 7.6333456 9.43244171 5
v 6.11263943 10.48207092 5
v 7.68350124 9.51199341 5
v 6.16926479 10.55719757 5
v 7.78248501 9.66656494 5
v 6.25106716 10.67316437 5
v 7.8287344 9.75867462 5
v 6.3589468 10.79627991 5
v 7.87733364 9.86598206 5
v 6.49584866 10.92948151 5
v 7.97540188 10.10967255 5
v 6.66476345 11.07569122 5
v 8.05680752 10.35619354 5
v 6.86682034 11.23462677 5
v 8.12296963 10.60229492 5
v 7.09854031 11.39735413 5
v 8.17568874 10.84540558 5
v 7.36021328 11.56105804 5
v 7.85333157 11.58987427 5
v 7.65244961 11.72348785 5
v 8.24806118 11.31236267 5
v 8.05189419 11.45281982 5
v 5.47642469 10.3948288 5
v 5.44381666 10.41194916 5
v 5.41114759 10.42896271 5
v 3.4264977 11.64033508 5
v 5.18386793 11.07437897 5
v 3.46350026 11.7268219 5
v 5.24298048 11.24813843 5
v 3.51516652 11.85900116 5
v 5.26583815 11.34864044 5
v 3.59043813 12.00435638 5
v 5.28733778 11.46446228 5
v 3.69149709 12.1664505 5
v 5.32424879 11.72454071 5
v 3.82051015 12.34883118 5
v 5.34429884 11.98337555 5
v 3.9786675 12.55151367 5
v 5.34963942 12.23815918 5
v 4.16470289 12.76496124 5
v 5.34263563 12.48682404 5
v 4.37959242 12.98653412 5
v 4.85148573 13.13251495 5
v 4.62446547 13.21417236 5
v 5.30116224 12.95753479 5
v 5.07707167 13.04696655 5
v 3.23011708 11.44224548 5
v 2.86538649 11.3944397 5
v 2.8296504 11.40336609 5
v 2.7938838 11.41218567 5
v 2.38575697 11.80593872 5
v 0.50886512 12.03373718 5
v 0.46055582 11.95304108 5
v 0.39793375 11.88277435 5
v 0.54121375 12.12210083 5
v 2.37551832 11.8993988 5
v 0.55644202 12.2149353 5
v 2.38294935 11.99315643 5
v 0.57498145 12.3556366 5
v 2.39877272 12.17601776 5
v 2.39691114 12.27906799 5
v 0.61328101 12.51478577 5
v 2.39007521 12.39666748 5
v 0.67260718 12.6963501 5
v 2.3636775 12.65802765 5
v 0.75422639 12.9043045 5
v 2.32119703 12.91413879 5
v 0.85928315 13.13894653 5
v 2.26539564 13.16279602 5
v 0.98883027 13.39071655 5
v 2.1990962 13.40255737 5
v 1.14445472 13.65727234 5
v 1.56770289 13.91194916 5
v 1.32772803 13.93689728 5
v 2.04617262 13.84966278 5
v 1.80720484 13.88286591 5
v -0.01841751 11.74918365 5
v -0.05525222 11.74906921 5
v -0.14895645 11.75747681 5
v -0.4606019 11.95310974 5
v -2.41337585 11.71592712 5
v -2.38578796 11.80583954 5
v -0.50891125 12.03383636 5
v -2.3755188 11.89937592 5
v -0.54122937 12.12212372 5
v -2.38294983 11.99315643 5
v -0.55644238 12.2149353 5
v -2.39862061 12.13420105 5
v -0.58485425 12.39626312 5
v -0.61131299 12.49588013 5
v -2.39952087 12.29789734 5
v -0.64608777 12.60842896 5
v -2.38537598 12.48838043 5
v -0.73426831 12.85587311 5
v -2.355896 12.70983124 5
v -0.83680731 13.09437561 5
v -2.31004333 12.96279144 5
v -0.95048529 13.32245636 5
v -2.24450684 13.2382431 5
v -1.07225037 13.53938293 5
v -2.15719604 13.53430176 5
v -1.80720508 13.88286591 5
v -2.0461731 13.84966278 5
v -1.32772827 13.93689728 5
v -1.56770313 13.91194916 5
v -2.79388428 11.41218567 5
v -2.82965088 11.40336609 5
v -2.86538696 11.3944397 5
v -5.27287245 11.36629486 5
v -3.64471412 12.08743286 5
v -5.30471754 11.55463409 5
v -3.78955054 12.30657959 5
v -5.32910109 11.77670288 5
v -3.94618201 12.51361084 5
v -5.34512281 12.03328705 5
v -4.11114454 12.70785522 5
v -5.34741163 12.31642151 5
v -4.28128004 12.88934326 5
v -5.33349562 12.62477112 5
v -5.07707167 13.04696655 5
v -5.30116224 12.95753479 5
v -4.62446547 13.21417236 5
v -4.85148573 13.13251495 5
v -5.1698451 10.706604 5
v -5.41114759 10.42896271 5
v -5.44381666 10.41194916 5
v -5.6879878 10.32231903 5
v -6.04301357 10.41893005 5
v -7.59895229 9.34481812 5
v -7.58160305 9.25238037 5
v -7.63333035 9.43241119 5
v -6.11265469 10.48209381 5
v -7.68350124 9.51199341 5
v -6.16926479 10.55719757 5
v -7.76292324 9.62960815 5
v -6.27868557 10.7045517 5
v -6.34840298 10.78046417 5
v -7.83978176 9.77413177 5
v -6.4315176 10.86396027 5
v -7.91578579 9.94937897 5
v -6.62458706 11.04207611 5
v -7.99258327 10.1591568 5
v -6.8262167 11.20560455 5
v -8.06954861 10.40444946 5
v -7.03286648 11.3547287 5
v -8.13952541 10.67881012 5
v -7.24148464 11.49022675 5
v -8.19981289 10.98152924 5
v -8.05189419 11.45281982 5
v -8.24806118 11.31236267 5
v -7.65244961 11.72348785 5
v -7.85333157 11.58987427 5
v -7.80493069 8.78218079 5
v -7.83242702 8.75766754 5
v -7.90814114 8.701828 5
v -9.57553005 7.16912842 5
v -8.27114773 8.64159393 5
v -9.614501 7.25473022 5
v -8.36082363 8.66998291 5
v -9.66885281 7.3315506 5
v -8.44357204 8.71464539 5
v -9.73660183 7.39681244 5
v -8.5164938 8.77402496 5
v -9.84185696 7.49200439 5
v -8.65800381 8.89091492 5
v -8.74386501 8.94792938 5
v -9.95107937 7.61392975 5
v -8.8445425 9.0091095 5
v -10.06680202 7.76589203 5
v -9.07462978 9.13584137 5
v -10.1915884 7.95119476 5
v -9.30953884 9.24636841 5
v -10.32501125 8.17094421 5
v -9.54586697 9.34170532 5
v -10.45861721 8.42058563 5
v -9.78085232 9.42333984 5
v -10.58959866 8.70008087 5
v -10.55876064 9.19307709 5
v -10.71560574 9.009758 5
v -10.2356863 9.55147552 5
v -10.39877224 9.37366486 5
v -9.65891933 6.68945312 5
v -9.67985439 6.65914154 5
v -9.70068264 6.62876129 5
v -11.48405361 5.01123047 5
v -10.74355984 6.6306839 5
v -11.63278103 5.13108826 5
v -10.99728298 6.69866943 5
v -11.79827785 5.28114319 5
v -11.25181484 6.74977112 5
v -11.98042202 5.46257782 5
v -11.50410366 6.78577423 5
v -12.16988945 5.67298889 5
v -11.75179958 6.80879974 5
v -12.36393547 5.91301727 5
v -12.45197868 6.39907074 5
v -12.56040764 6.18354034 5
v -12.22407341 6.82436371 5
v -12.3398571 6.61269379 5
v -10.96946621 4.58576965 5
v -10.96597195 4.21794128 5
v -11.04624844 4.02998734 5
v -11.10247707 3.95453644 5
v -13.99531364 0.36186218 0
v -13.99947929 0.12063217 0
v -13.99947929 -0.12063217 0
v -13.99531364 -0.36186218 0
v -12.19294548 -0.91996765 4.8E-07
v -12.19294548 -0.91996765 2.50000024
v -12.37637138 -0.91362 4.8E-07
v -12.5943737 -0.8783989 4.8E-07
v -12.47845268 -0.89936066 4.8E-07
v -12.85064507 -0.82068253 4.8E-07
v -13.09976006 -0.7476387 4.8E-07
v -13.33988762 -0.66228104 4.8E-07
v -13.56991386 -0.5675621 0
v -12.19294548 0.91996765 2.50000024
v -12.33485222 0.91851807 4.8E-07
v -12.49744987 0.89968109 4.8E-07
v -12.19294548 0.91996765 4.8E-07
v -12.68484306 0.8626709 4.8E-07
v -12.9011364 0.8067131 4.8E-07
v -13.14672661 0.73070908 4.8E-07
v -13.41227531 0.63244629 0
v -13.69564629 0.51009369 0
v -12.09786797 0.92411423 3.33332825
v -12.09786797 0.92411423 1.66665697
v -12.00526237 0.94610214 3.33332825
v -12.00526237 0.94610214 1.66665697
v -11.94926357 0.96902847 3.33332825
v -11.94926357 0.96902847 1.66665697
v -11.86794949 1.01844406 3.33332825
v -11.86794949 1.01844406 1.66665697
v -11.79737759 1.08230591 3.33332825
v -11.79737759 1.08230591 1.66665697
v -11.7402029 1.15834427 3.33332825
v -11.7402029 1.15834427 1.66665697
v -11.69854641 1.24390793 3.33332825
v -11.69854641 1.24390793 1.66665697
v -11.67005825 1.36134338 2.50000024
v -11.68969631 1.26937103 4.8E-07
v -11.67005825 1.36134338 4.8E-07
v -11.72619534 1.182724 4.8E-07
v -11.7783041 1.10439682 4.8E-07
v -11.8441 1.03726959 4.8E-07
v -11.92140102 0.98358154 4.8E-07
v -12.00733757 0.94535446 4.8E-07
v -12.09895134 0.92388916 4.8E-07
v -11.67005825 -1.36134338 2.50000024
v -11.6901083 -1.26831055 3.33332825
v -11.6901083 -1.26831055 1.66665697
v -11.72732449 -1.18071365 3.33332825
v -11.72732449 -1.18071365 1.66665697
v -11.75932217 -1.1293602 3.33332825
v -11.75932217 -1.1293602 1.66665697
v -11.82168484 -1.0574913 3.33332825
v -11.82168484 -1.0574913 1.66665697
v -11.89649868 -0.99863434 3.33332825
v -11.89649868 -0.99863434 1.66665697
v -11.98104763 -0.95503616 3.33332825
v -11.98104763 -0.95503616 1.66665697
v -12.07238579 -0.9283371 3.33332825
v -12.07238579 -0.9283371 1.66665697
v -12.09898186 -0.92388535 4.8E-07
v -12.00742912 -0.94532013 4.8E-07
v -11.92147732 -0.9835434 4.8E-07
v -11.84425259 -1.03713608 4.8E-07
v -11.77834988 -1.10433197 4.8E-07
v -11.72624111 -1.18262863 4.8E-07
v -11.68971157 -1.26934433 4.8E-07
v -11.67005825 -1.36134338 4.8E-07
v -11.65675259 -1.47104263 4.8E-07
v -11.65675259 -1.47104263 2.50000024
v -11.66129971 -1.4344902 4.8E-07
v -11.66574001 -1.39792633 4.8E-07
v -13.67524529 -2.99795532 0
v -13.62154961 -3.23316956 0
v -13.56381035 -3.46742249 0
v -13.50204277 -3.70064545 0
v -12.05880547 -2.02472687 2.50000024
v -12.19624138 -2.06009674 4.8E-07
v -12.34960747 -2.11730194 4.8E-07
v -12.05880547 -2.02472687 4.8E-07
v -12.52270317 -2.19808197 4.8E-07
v -12.71931267 -2.3041687 4.8E-07
v -12.93957329 -2.43674088 4.8E-07
v -13.17388725 -2.5956955 4.8E-07
v -13.41975212 -2.78231049 0
v -11.65379238 -1.5650444 4.8E-07
v -11.65629482 -1.59188461 1.66665697
v -11.65629482 -1.59188461 3.33332825
v -11.67626858 -1.68492889 1.66665697
v -11.67626858 -1.68492889 3.33332825
v -11.71357632 -1.77244186 1.66665697
v -11.71357632 -1.77244186 3.33332825
v -11.76681423 -1.85133743 1.66665697
v -11.76681423 -1.85133743 3.33332825
v -11.8339529 -1.91877747 1.66665697
v -11.8339529 -1.91877747 3.33332825
v -11.88282681 -1.95444107 1.66665697
v -11.88282681 -1.95444107 3.33332825
v -11.96748257 -1.99794769 1.66665697
v -11.96748257 -1.99794769 3.33332825
v -11.66850185 -1.65790939 4.8E-07
v -11.70034695 -1.74642563 4.8E-07
v -11.74816799 -1.82735062 4.8E-07
v -11.81037807 -1.89797592 4.8E-07
v -11.88465786 -1.95565796 4.8E-07
v -11.96847439 -1.99842834 4.8E-07
v -11.61848354 -3.81119537 4.8E-07
v -11.61848354 -3.81119537 2.50000024
v -11.79809475 -3.84893417 4.8E-07
v -12.01818657 -3.86690521 4.8E-07
v -11.90061855 -3.85951614 4.8E-07
v -12.28082085 -3.8721962 4.8E-07
v -12.54018974 -3.86089706 4.8E-07
v -12.7937603 -3.83547974 4.8E-07
v -13.0397625 -3.7985611 4.8E-07
v -11.00515652 -4.11461639 2.50000024
v -11.06092739 -4.00740814 3.33332825
v -11.06092739 -4.00740814 1.66665697
v -11.12184048 -3.93430328 3.33332825
v -11.12184048 -3.93430328 1.66665697
v -11.19555569 -3.87415314 3.33332825
v -11.19555569 -3.87415314 1.66665697
v -11.27935696 -3.82903671 3.33332825
v -11.27935696 -3.82903671 1.66665697
v -11.37014675 -3.80051804 3.33332825
v -11.37014675 -3.80051804 1.66665697
v -11.42999172 -3.79165649 3.33332825
v -11.42999172 -3.79165649 1.66665697
v -11.52516079 -3.79246902 3.33332825
v -11.52516079 -3.79246902 1.66665697
v -11.5263052 -3.7925148 4.8E-07
v -11.4322958 -3.79141998 4.8E-07
v -11.33967495 -3.8079567 4.8E-07
v -11.25187588 -3.84151459 4.8E-07
v -11.17181301 -3.8909874 4.8E-07
v -11.10247707 -3.95453644 4.8E-07
v -11.04624844 -4.02998734 4.8E-07
v -11.00515652 -4.11461639 4.8E-07
v -10.96597195 -4.21794128 4.8E-07
v -10.96597195 -4.21794128 2.50000024
v -10.97914028 -4.18354034 4.8E-07
v -10.99221706 -4.14909744 4.8E-07
v -12.56040764 -6.18354034 4.8E-07
v -12.45197868 -6.39906693 4.8E-07
v -12.3398571 -6.6126976 4.8E-07
v -12.22407341 -6.82436371 4.8E-07
v -11.22384548 -4.85175323 2.50000024
v -11.34883022 -4.91898727 4.8E-07
v -11.48405361 -5.01123047 4.8E-07
v -11.22384548 -4.85175323 4.8E-07
v -11.63278103 -5.13108826 4.8E-07
v -11.79827785 -5.28114319 4.8E-07
v -11.98042202 -5.46257782 4.8E-07
v -12.16988945 -5.67298889 4.8E-07
v -12.36393547 -5.91301727 4.8E-07
v -10.9406271 -4.3085022 4.8E-07
v -10.9366293 -4.33516312 1.66665697
v -10.9366293 -4.33516312 3.33332825
v -10.93374538 -4.43027878 1.66665697
v -10.93374538 -4.43027878 3.33332825
v -10.94903469 -4.52418137 1.66665697
v -10.94903469 -4.52418137 3.33332825
v -10.98184109 -4.61352921 1.66665697
v -10.98184109 -4.61352921 3.33332825
v -11.03088284 -4.69507217 1.66665697
v -11.03088284 -4.69507217 3.33332825
v -11.06980801 -4.74139404 1.66665697
v -11.06980801 -4.74139404 3.33332825
v -11.14158535 -4.80389786 1.66665697
v -11.14158535 -4.80389786 3.33332825
v -10.93266201 -4.40218735 4.8E-07
v -10.94241238 -4.49575424 4.8E-07
v -10.96946621 -4.58576965 4.8E-07
v -11.01296902 -4.66923523 4.8E-07
v -11.07128811 -4.74301529 4.8E-07
v -11.14243984 -4.80459976 4.8E-07
v -10.36878872 -6.48093414 4.8E-07
v -10.36878872 -6.48093414 2.50000024
v -10.53416348 -6.56056213 4.8E-07
v -10.74355984 -6.6306839 4.8E-07
v -10.6311636 -6.59537125 4.8E-07
v -10.99728298 -6.69866943 4.8E-07
v -11.25181484 -6.7497673 4.8E-07
v -11.50410366 -6.78577423 4.8E-07
v -11.75179958 -6.80880356 4.8E-07
v -9.70068264 -6.62876129 2.50000024
v -9.78048611 -6.53801346 3.33332825
v -9.78048611 -6.53801346 1.66665697
v -9.857131 -6.48160934 3.33332825
v -9.857131 -6.48160934 1.66665697
v -9.94308376 -6.4408493 3.33332825
v -9.94308376 -6.4408493 1.66665697
v -10.03526211 -6.417099 3.33332825
v -10.03526211 -6.417099 1.66665697
v -10.13021755 -6.41113281 3.33332825
v -10.13021755 -6.41113281 1.66665697
v -10.19045925 -6.41685486 3.33332825
v -10.19045925 -6.41685486 1.66665697
v -10.28266811 -6.44041824 3.33332825
v -10.28266811 -6.44041824 1.66665697
v -10.28376675 -6.44073486 4.8E-07
v -10.19274807 -6.41717148 4.8E-07
v -10.09886074 -6.41106796 4.8E-07
v -10.00558376 -6.42263794 4.8E-07
v -9.91599941 -6.45151138 4.8E-07
v -9.83347988 -6.49662399 4.8E-07
v -9.76083279 -6.556427 4.8E-07
v -9.70068264 -6.62876129 4.8E-07
v -9.63790798 -6.71970367 4.8E-07
v -9.63790798 -6.71970367 2.50000024
v -9.65891933 -6.68945694 4.8E-07
v -9.67985439 -6.65914154 4.8E-07
v -10.71560574 -9.009758 4.8E-07
v -10.55876064 -9.19307709 4.8E-07
v -10.39877224 -9.37366867 4.8E-07
v -10.2356863 -9.55147171 4.8E-07
v -9.73660183 -7.39681244 2.50000024
v -9.84185696 -7.49200058 4.8E-07
v -9.95107937 -7.61392975 4.8E-07
v -9.73660183 -7.39681244 4.8E-07
v -10.06680202 -7.76589584 4.8E-07
v -10.1915884 -7.95119858 4.8E-07
v -10.32501125 -8.17094803 4.8E-07
v -10.45861721 -8.42058563 4.8E-07
v -10.58959866 -8.70008087 4.8E-07
v -9.59161282 -6.80156708 4.8E-07
v -9.58135891 -6.82649612 1.66665697
v -9.58135891 -6.82649612 3.33332825
v -9.55580044 -6.91815948 1.66665697
v -9.55580044 -6.91815948 3.33332825
v -9.54815578 -7.01298904 1.66665697
v -9.54815578 -7.01298904 3.33332825
v -9.55863857 -7.10759354 1.66665697
v -9.55863857 -7.10759354 3.33332825
v -9.58674526 -7.1985054 1.66665697
v -9.58674526 -7.1985054 3.33332825
v -9.61344814 -7.25279617 1.66665697
v -9.61344814 -7.25279617 3.33332825
v -9.66818142 -7.33065796 1.66665697
v -9.66818142 -7.33065796 3.33332825
v -9.56147671 -6.890625 4.8E-07
v -9.54853725 -6.98380661 4.8E-07
v -9.55326748 -7.0776825 4.8E-07
v -9.57553005 -7.16913223 4.8E-07
v -9.614501 -7.25472641 4.8E-07
v -9.66885281 -7.33154678 4.8E-07
v -8.5164938 -8.77402115 4.8E-07
v -8.5164938 -8.77402115 2.50000024
v -8.65800381 -8.8909111 4.8E-07
v -8.8445425 -9.0091095 4.8E-07
v -8.74386501 -8.94792938 4.8E-07
v -9.07462978 -9.13584518 4.8E-07
v -9.30953884 -9.24637222 4.8E-07
v -9.54586697 -9.34170532 4.8E-07
v -9.78085232 -9.42333984 4.8E-07
v -7.83242702 -8.75766754 2.50000024
v -7.93162441 -8.68865204 3.33332825
v -7.93162441 -8.68865204 1.66665697
v -8.01954556 -8.65222931 3.33332825
v -8.01954556 -8.65222931 1.66665697
v -8.1127615 -8.63322449 3.33332825
v -8.1127615 -8.63322449 1.66665697
v -8.20794582 -8.63222504 3.33332825
v -8.20794582 -8.63222504 1.66665697
v -8.30157375 -8.64915848 3.33332825
v -8.30157375 -8.64915848 1.66665697
v -8.3586874 -8.66913223 3.33332825
v -8.3586874 -8.66913223 1.66665697
v -8.44258022 -8.714077 3.33332825
v -8.44258022 -8.714077 1.66665697
v -8.44357204 -8.71464539 4.8E-07
v -8.36082363 -8.66998672 4.8E-07
v -8.27114773 -8.64159393 4.8E-07
v -8.17780972 -8.63050461 4.8E-07
v -8.08392239 -8.63710022 4.8E-07
v -7.99299526 -8.66115189 4.8E-07
v -7.90814114 -8.701828 4.8E-07
v -7.83242702 -8.75766754 4.8E-07
v -7.74970913 -8.83094406 4.8E-07
v -7.74970913 -8.83094406 2.50000024
v -7.77735806 -8.80660629 4.8E-07
v -7.80493069 -8.78217697 4.8E-07
v -8.24806118 -11.31236267 4.8E-07
v -8.05189419 -11.45281982 4.8E-07
v -7.85333157 -11.58987427 4.8E-07
v -7.65244961 -11.72348404 4.8E-07
v -7.68350124 -9.51199722 2.50000024
v -7.76292324 -9.62960815 4.8E-07
v -7.83978176 -9.77413177 4.8E-07
v -7.68350124 -9.51199722 4.8E-07
v -7.91578579 -9.94937515 4.8E-07
v -7.99258327 -10.1591568 4.8E-07
v -8.06954861 -10.40444946 4.8E-07
v -8.13952541 -10.67881012 4.8E-07
v -8.19981289 -10.98152924 4.8E-07
v -7.68517971 -8.89934921 4.8E-07
v -7.66924953 -8.9210968 1.66665697
v -7.66924953 -8.9210968 3.33332825
v -7.6224966 -9.00398254 1.66665697
v -7.6224966 -9.00398254 3.33332825
v -7.59239101 -9.09423065 1.66665697
v -7.59239101 -9.09423065 3.33332825
v -7.57992458 -9.18859482 1.66665697
v -7.57992458 -9.18859482 3.33332825
v -7.58544827 -9.28358459 1.66665697
v -7.58544827 -9.28358459 3.33332825
v -7.59838772 -9.34269333 1.66665697
v -7.59838772 -9.34269333 3.33332825
v -7.6329031 -9.43139267 1.66665697
v -7.6329031 -9.43139267 3.33332825
v -7.63459682 -8.97860718 4.8E-07
v -7.59974575 -9.06598282 4.8E-07
v -7.58187771 -9.15826416 4.8E-07
v -7.58160305 -9.25238419 4.8E-07
v -7.59895229 -9.34481812 4.8E-07
v -7.63333035 -9.43241501 4.8E-07
v -6.16926479 -10.55719757 4.8E-07
v -6.16926479 -10.55719757 2.50000048
v -6.27868557 -10.70455551 4.8E-07
v -6.4315176 -10.86395645 4.8E-07
v -6.34840298 -10.78046417 4.8E-07
v -6.62458706 -11.04207611 4.8E-07
v -6.8262167 -11.20560455 4.8E-07
v -7.03286648 -11.3547287 4.8E-07
v -7.24148464 -11.49023056 4.8E-07
v -5.50898695 -10.37760925 2.50000048
v -5.62181044 -10.33433914 3.33332849
v -5.62181044 -10.33433914 1.66665697
v -5.71589613 -10.32001495 3.33332849
v -5.71589613 -10.32001495 1.66665697
v -5.81095839 -10.3238678 3.33332849
v -5.81095839 -10.3238678 1.66665697
v -5.90360975 -10.34567642 3.33332849
v -5.90360975 -10.34567642 1.66665697
v -5.99046278 -10.3845253 3.33332849
v -5.99046278 -10.3845253 1.66665697
v -6.04113674 -10.41758728 3.33332849
v -6.04113674 -10.41758728 1.66665697
v -6.11184597 -10.48130417 3.33332849
v -6.11184597 -10.48130417 1.66665697
v -6.11265469 -10.48209 4.8E-07
v -6.04301357 -10.41893005 4.8E-07
v -5.96273756 -10.36989594 4.8E-07
v -5.87475538 -10.33679199 4.8E-07
v -5.78202772 -10.3207283 4.8E-07
v -5.6879878 -10.32232285 4.8E-07
v -5.59585524 -10.34151077 4.8E-07
v -5.50898695 -10.37760925 4.8E-07
v -5.41114759 -10.42896271 4.8E-07
v -5.41114759 -10.42896271 2.50000048
v -5.44381666 -10.41194534 4.8E-07
v -5.47642469 -10.3948288 4.8E-07
v -5.30116224 -12.95753479 4.8E-07
v -5.07707167 -13.04696655 4.8E-07
v -4.85148573 -13.13251877 4.8E-07
v -4.62446547 -13.21417236 4.8E-07
v -5.18386793 -11.07437515 2.50000048
v -5.23283339 -11.20758057 4.8E-07
v -5.27287245 -11.36629486 4.8E-07
v -5.18386793 -11.07437515 4.8E-07
v -5.30471754 -11.55463409 4.8E-07
v -5.32910109 -11.77670288 4.8E-07
v -5.34512281 -12.03328705 4.8E-07
v -5.34741163 -12.31642151 4.8E-07
v -5.33349562 -12.6247673 4.8E-07
v -5.33210707 -10.47993469 4.8E-07
v -5.31143141 -10.49723816 1.66665697
v -5.31143141 -10.49723816 3.33332849
v -5.24620008 -10.56652832 1.66665697
v -5.24620008 -10.56652832 3.33332849
v -5.19537306 -10.64694595 1.66665697
v -5.19537306 -10.64694595 3.33332849
v -5.16068983 -10.73558426 1.66665697
v -5.16068983 -10.73558426 3.33332849
v -5.14332533 -10.82913971 1.66665697
v -5.14332533 -10.82913971 3.33332849
v -5.14173841 -10.88962555 1.66665697
v -5.14173841 -10.88962555 3.33332849
v -5.15402174 -10.98400497 1.66665697
v -5.15402174 -10.98400497 3.33332849
v -5.26403761 -10.54478455 4.8E-07
v -5.20927382 -10.62128067 4.8E-07
v -5.1698451 -10.706604 4.8E-07
v -5.14704847 -10.79792404 4.8E-07
v -5.14178419 -10.89182663 4.8E-07
v -5.15420485 -10.98509979 4.8E-07
v -3.46350074 -11.72682571 4.8E-07
v -3.46350074 -11.72682571 2.50000048
v -3.53446937 -11.89608765 4.8E-07
v -3.64471412 -12.08743286 4.8E-07
v -3.5839994 -11.9864769 4.8E-07
v -3.78955054 -12.30657959 4.8E-07
v -3.94618201 -12.51361465 4.8E-07
v -4.11114454 -12.70785904 4.8E-07
v -4.28128004 -12.88934708 4.8E-07
v -2.86538696 -11.3944397 2.50000048
v -2.98529053 -11.37943268 3.33332849
v -2.98529053 -11.37943268 1.66665697
v -3.08006263 -11.38803864 3.33332849
v -3.08006263 -11.38803864 1.66665697
v -3.17143226 -11.41452789 3.33332849
v -3.17143226 -11.41452789 1.66665697
v -3.25617957 -11.4578743 3.33332849
v -3.25617957 -11.4578743 1.66665697
v -3.33120704 -11.51638412 3.33332849
v -3.33120704 -11.51638412 1.66665697
v -3.37251258 -11.56061172 3.33332849
v -3.37251258 -11.56061172 1.66665697
v -3.42590308 -11.63939667 3.33332849
v -3.42590308 -11.63939667 1.66665697
v -3.42651343 -11.64035416 4.8E-07
v -3.37400794 -11.56236267 4.8E-07
v -3.3077848 -11.49554062 4.8E-07
v -3.23028541 -11.44234848 4.8E-07
v -3.14408851 -11.40455627 4.8E-07
v -3.0524137 -11.38359833 4.8E-07
v -2.95837402 -11.38018417 4.8E-07
v -2.86538696 -11.3944397 4.8E-07
v -2.75808716 -11.42088699 4.8E-07
v -2.75808716 -11.42088699 2.50000048
v -2.79388428 -11.41218185 4.8E-07
v -2.82965088 -11.4033699 4.8E-07
v -2.0461731 -13.84966278 4.8E-07
v -1.80720496 -13.88286591 4.8E-07
v -1.56770301 -13.91194916 4.8E-07
v -1.32772815 -13.93689728 4.8E-07
v -2.38294983 -11.99315262 2.50000048
v -2.39862061 -12.13420486 4.8E-07
v -2.39952087 -12.29789352 4.8E-07
v -2.38294983 -11.99315262 4.8E-07
v -2.38537598 -12.48838043 4.8E-07
v -2.355896 -12.70982742 4.8E-07
v -2.31004333 -12.96279144 4.8E-07
v -2.24450684 -13.23824692 4.8E-07
v -2.15719604 -13.53430176 4.8E-07
v -2.66915894 -11.45146179 4.8E-07
v -2.64494324 -11.46331787 1.66665697
v -2.64494324 -11.46331787 3.33332849
v -2.56503296 -11.51498032 1.66665697
v -2.56503296 -11.51498032 3.33332849
v -2.49642944 -11.5809021 1.66665697
v -2.49642944 -11.5809021 3.33332849
v -2.44154358 -11.6586647 1.66665697
v -2.44154358 -11.6586647 3.33332849
v -2.40228271 -11.74534225 1.66665697
v -2.40228271 -11.74534225 3.33332849
v -2.38627625 -11.80369568 1.66665697
v -2.38627625 -11.80369568 3.33332849
v -2.37561035 -11.89826965 1.66665697
v -2.37561035 -11.89826965 3.33332849
v -2.58753967 -11.49813843 4.8E-07
v -2.5160675 -11.5593071 4.8E-07
v -2.45735168 -11.63271332 4.8E-07
v -2.41337585 -11.71592331 4.8E-07
v -2.38578796 -11.80583572 4.8E-07
v -2.3755188 -11.89937592 4.8E-07
v -0.55644226 -12.2149353 4.8E-07
v -0.55644232 -12.2149353 2.50000048
v -0.58485413 -12.39626694 4.8E-07
v -0.64608765 -12.60842896 4.8E-07
v -0.61131287 -12.49588013 4.8E-07
v -0.73426819 -12.85587311 4.8E-07
v -0.83680719 -13.09437561 4.8E-07
v -0.95048517 -13.32245255 4.8E-07
v -1.07225025 -13.53938293 4.8E-07
v -0.05525218 -11.74906921 2.50000048
v -0.17526257 -11.76319122 3.33332849
v -0.17526254 -11.76319122 1.66665697
v -0.26522836 -11.7942276 3.33332849
v -0.26522833 -11.7942276 1.66665697
v -0.3475953 -11.84181595 3.33332849
v -0.34759527 -11.84181595 1.66665697
v -0.41950995 -11.90418243 3.33332849
v -0.41950992 -11.90418243 1.66665697
v -0.4783631 -11.9789505 3.33332849
v -0.47836307 -11.9789505 1.66665697
v -0.50787359 -12.03177261 3.33332849
v -0.50787359 -12.03177261 1.66665697
v -0.5408631 -12.12104797 3.33332849
v -0.5408631 -12.12104797 1.66665697
v -0.54122925 -12.12212753 4.8E-07
v -0.50891113 -12.03383255 4.8E-07
v -0.46060181 -11.95310974 4.8E-07
v -0.39808655 -11.88291168 4.8E-07
v -0.32344058 -11.82559204 4.8E-07
v -0.23944096 -11.78329849 4.8E-07
v -0.14895636 -11.75748062 4.8E-07
v -0.05525213 -11.74906921 4.8E-07
v 0.055252 -11.74906921 4.8E-07
v 0.05525196 -11.74906921 2.50000048
v 0.01841729 -11.74918747 4.8E-07
v -0.01841743 -11.74918747 4.8E-07
v 1.32772815 -13.93689728 4.8E-07
v 1.56770301 -13.91194916 4.8E-07
v 1.80720496 -13.88286591 4.8E-07
v 2.04617262 -13.84966278 4.8E-07
v 0.55644208 -12.2149353 2.50000048
v 0.57498157 -12.3556366 4.8E-07
v 0.61328113 -12.51478195 4.8E-07
v 0.55644214 -12.2149353 4.8E-07
v 0.6726073 -12.6963501 4.8E-07
v 0.75422651 -12.9043045 4.8E-07
v 0.85928327 -13.13894653 4.8E-07
v 0.98883039 -13.39071274 4.8E-07
v 1.14445484 -13.65727234 4.8E-07
v 0.14892569 -11.75747299 4.8E-07
v 0.17526233 -11.76319122 1.66665697
v 0.1752623 -11.76319122 3.33332849
v 0.26522815 -11.7942276 1.66665697
v 0.26522812 -11.7942276 3.33332849
v 0.3475951 -11.84181595 1.66665697
v 0.34759507 -11.84181595 3.33332849
v 0.41950974 -11.90418243 1.66665697
v 0.41950971 -11.90418243 3.33332849
v 0.47836289 -11.9789505 1.66665697
v 0.47836286 -11.9789505 3.33332849
v 0.50787336 -12.03177261 1.66665697
v 0.50787336 -12.03177261 3.33332849
v 0.54086286 -12.12104797 1.66665697
v 0.54086286 -12.12104797 3.33332849
v 0.239334 -11.78326035 4.8E-07
v 0.32337943 -11.82554626 4.8E-07
v 0.39793384 -11.88277054 4.8E-07
v 0.46055591 -11.95304108 4.8E-07
v 0.50886524 -12.03373718 4.8E-07
v 0.54121387 -12.12210083 4.8E-07
v 2.38294935 -11.99315262 4.8E-07
v 2.38294935 -11.99315262 2.50000048
v 2.39877272 -12.17601776 4.8E-07
v 2.39007521 -12.3966713 4.8E-07
v 2.39691114 -12.27906799 4.8E-07
v 2.3636775 -12.65802765 4.8E-07
v 2.32119703 -12.91413879 4.8E-07
v 2.26539564 -13.16279602 4.8E-07
v 2.1990962 -13.40255737 4.8E-07
v 2.75808668 -11.42088699 2.50000048
v 2.64494276 -11.46331787 3.33332849
v 2.64494276 -11.46331787 1.66665697
v 2.56503248 -11.51498032 3.33332849
v 2.56503248 -11.51498032 1.66665697
v 2.49642897 -11.5809021 3.33332849
v 2.49642897 -11.5809021 1.66665697
v 2.4415431 -11.6586647 3.33332849
v 2.4415431 -11.6586647 1.66665697
v 2.40228224 -11.74534225 3.33332849
v 2.40228224 -11.74534225 1.66665697
v 2.38627577 -11.80369568 3.33332849
v 2.38627577 -11.80369568 1.66665697
v 2.37560987 -11.89826965 3.33332849
v 2.37560987 -11.89826965 1.66665697
v 2.37551832 -11.89940262 4.8E-07
v 2.38575697 -11.80594254 4.8E-07
v 2.41334486 -11.71600342 4.8E-07
v 2.4572444 -11.63288498 4.8E-07
v 2.51600599 -11.55936432 4.8E-07
v 2.58744764 -11.49819946 4.8E-07
v 2.66912794 -11.45147324 4.8E-07
v 2.75808668 -11.42088699 4.8E-07
v 2.86538649 -11.3944397 4.8E-07
v 2.86538649 -11.3944397 2.50000048
v 2.8296504 -11.4033699 4.8E-07
v 2.7938838 -11.41218185 4.8E-07
v 4.62446547 -13.21417236 4.8E-07
v 4.85148573 -13.13251877 4.8E-07
v 5.07707167 -13.04696655 4.8E-07
v 5.30116224 -12.95753479 4.8E-07
v 3.46350026 -11.72682571 2.50000048
v 3.51516652 -11.85900116 4.8E-07
v 3.59043813 -12.00435638 4.8E-07
v 3.46350026 -11.72682571 4.8E-07
v 3.69149709 -12.1664505 4.8E-07
v 3.82051015 -12.34883118 4.8E-07
v 3.9786675 -12.55150986 4.8E-07
v 4.16470289 -12.76496124 4.8E-07
v 4.37959242 -12.98653412 4.8E-07
v 2.95834303 -11.38018417 4.8E-07
v 2.98529005 -11.37943268 1.66665697
v 2.98529005 -11.37943268 3.33332849
v 3.08006215 -11.38803864 1.66665697
v 3.08006215 -11.38803864 3.33332849
v 3.17143178 -11.41452789 1.66665697
v 3.17143178 -11.41452789 3.33332849
v 3.25617909 -11.4578743 1.66665697
v 3.25617909 -11.4578743 3.33332849
v 3.33120656 -11.51638412 1.66665697
v 3.33120656 -11.51638412 3.33332849
v 3.3725121 -11.56061172 1.66665697
v 3.3725121 -11.56061172 3.33332849
v 3.42590261 -11.63939667 1.66665697
v 3.42590261 -11.63939667 3.33332849
v 3.05230641 -11.38358307 4.8E-07
v 3.14401174 -11.40452957 4.8E-07
v 3.23011708 -11.44224548 4.8E-07
v 3.30772328 -11.49548721 4.8E-07
v 3.37393117 -11.56227875 4.8E-07
v 3.4264977 -11.64033127 4.8E-07
v 5.18386793 -11.07437515 4.8E-07
v 5.18386793 -11.07437515 2.50000048
v 5.24298048 -11.24814224 4.8E-07
v 5.28733778 -11.46446228 4.8E-07
v 5.26583815 -11.34864044 4.8E-07
v 5.32424879 -11.72454453 4.8E-07
v 5.34429884 -11.98337936 4.8E-07
v 5.34963942 -12.23816299 4.8E-07
v 5.34263563 -12.48682404 4.8E-07
v 5.41114759 -10.42896271 2.50000048
v 5.31143141 -10.49723816 3.33332849
v 5.31143141 -10.49723816 1.66665697
v 5.24620008 -10.56652832 3.33332849
v 5.24620008 -10.56652832 1.66665697
v 5.19537306 -10.64694595 3.33332849
v 5.19537306 -10.64694595 1.66665697
v 5.16068983 -10.73558426 3.33332849
v 5.16068983 -10.73558426 1.66665697
v 5.14332533 -10.82913971 3.33332849
v 5.14332533 -10.82913971 1.66665697
v 5.14173841 -10.88962555 3.33332849
v 5.14173841 -10.88962555 1.66665697
v 5.15402174 -10.98400497 3.33332849
v 5.15402174 -10.98400497 1.66665697
v 5.15420485 -10.9851265 4.8E-07
v 5.14178419 -10.89193344 4.8E-07
v 5.14703321 -10.79800415 4.8E-07
v 5.16976881 -10.70679855 4.8E-07
v 5.20922804 -10.62135315 4.8E-07
v 5.26396132 -10.54486465 4.8E-07
v 5.33207655 -10.47995377 4.8E-07
v 5.41114759 -10.42896271 4.8E-07
v 5.50898695 -10.37760925 4.8E-07
v 5.50898695 -10.37760925 2.50000048
v 5.47642469 -10.3948288 4.8E-07
v 5.44381666 -10.41194534 4.8E-07
v 7.65244961 -11.72348404 4.8E-07
v 7.85333157 -11.58987427 4.8E-07
v 8.05189419 -11.45281982 4.8E-07
v 8.24806118 -11.31236267 4.8E-07
v 6.16926479 -10.55719757 2.50000048
v 6.25106716 -10.67316437 4.8E-07
v 6.3589468 -10.79628372 4.8E-07
v 6.16926479 -10.55719757 4.8E-07
v 6.49584866 -10.92948151 4.8E-07
v 6.66476345 -11.07568741 4.8E-07
v 6.86682034 -11.23463058 4.8E-07
v 7.09854031 -11.39735413 4.8E-07
v 7.36021328 -11.56106186 4.8E-07
v 5.59583998 -10.3415184 4.8E-07
v 5.62181044 -10.33433914 1.66665697
v 5.62181044 -10.33433914 3.33332849
v 5.71589613 -10.32001495 1.66665697
v 5.71589613 -10.32001495 3.33332849
v 5.81095839 -10.3238678 1.66665697
v 5.81095839 -10.3238678 3.33332849
v 5.90360975 -10.34567642 1.66665697
v 5.90360975 -10.34567642 3.33332849
v 5.99046278 -10.3845253 1.66665697
v 5.99046278 -10.3845253 3.33332849
v 6.04113674 -10.41758728 1.66665697
v 6.04113674 -10.41758728 3.33332849
v 6.11184597 -10.48130417 1.66665697
v 6.11184597 -10.48130417 3.33332849
v 5.68788099 -10.32233429 4.8E-07
v 5.78193617 -10.32072449 4.8E-07
v 5.87455702 -10.33673859 4.8E-07
v 5.96266127 -10.3698616 4.8E-07
v 6.04293728 -10.4188652 4.8E-07
v 6.11263943 -10.48207092 4.8E-07
v 7.68350124 -9.51199722 4.8E-07
v 7.68350124 -9.51199722 2.50000072
v 7.78248501 -9.66656494 4.8E-07
v 7.87733364 -9.86598206 4.8E-07
v 7.8287344 -9.75867081 4.8E-07
v 7.97540188 -10.10967255 4.8E-07
v 8.05680752 -10.35618973 4.8E-07
v 8.12296963 -10.60229111 4.8E-07
v 8.17568874 -10.84540558 4.8E-07
v 7.74970913 -8.83094406 2.50000072
v 7.66924953 -8.9210968 3.33332872
v 7.66924953 -8.9210968 1.66665697
v 7.6224966 -9.00398254 3.33332872
v 7.6224966 -9.00398254 1.66665697
v 7.59239101 -9.09423065 3.33332872
v 7.59239101 -9.09423065 1.66665697
v 7.57992458 -9.18859482 3.33332872
v 7.57992458 -9.18859482 1.66665697
v 7.58544827 -9.28358459 3.33332872
v 7.58544827 -9.28358459 1.66665697
v 7.59838772 -9.34269333 3.33332872
v 7.59838772 -9.34269333 1.66665697
v 7.6329031 -9.43139267 3.33332872
v 7.6329031 -9.43139267 1.66665697
v 7.6333456 -9.4324379 4.8E-07
v 7.59898281 -9.34492493 4.8E-07
v 7.58160305 -9.25246811 4.8E-07
v 7.58184719 -9.15847397 4.8E-07
v 7.59971523 -9.06606293 4.8E-07
v 7.63455105 -8.97870255 4.8E-07
v 7.68516445 -8.8993721 4.8E-07
v 7.74970913 -8.83094406 4.8E-07
v 7.83242702 -8.75766754 4.8E-07
v 7.83242702 -8.75766754 2.50000072
v 7.80493069 -8.78217697 4.8E-07
v 7.77735806 -8.80660629 4.8E-07
v 10.2356863 -9.55147171 4.8E-07
v 10.39877224 -9.37366867 4.8E-07
v 10.55876064 -9.19307709 4.8E-07
v 10.71560574 -9.009758 4.8E-07
v 8.5164938 -8.77402115 2.50000072
v 8.62368679 -8.86704254 4.8E-07
v 8.75788784 -8.96076965 4.8E-07
v 8.5164938 -8.77402115 4.8E-07
v 8.92268276 -9.05733109 4.8E-07
v 9.12168789 -9.15886688 4.8E-07
v 9.3559103 -9.26483154 4.8E-07
v 9.61984158 -9.36737442 4.8E-07
v 9.91308498 -9.46370316 4.8E-07
v 7.90811062 -8.70184326 4.8E-07
v 7.93162441 -8.68865204 1.66665697
v 7.93162441 -8.68865204 3.33332872
v 8.01954556 -8.65222931 1.66665697
v 8.01954556 -8.65222931 3.33332872
v 8.1127615 -8.63322449 1.66665697
v 8.1127615 -8.63322449 3.33332872
v 8.20793056 -8.63222504 1.66665697
v 8.20793056 -8.63222504 3.33332872
v 8.30157375 -8.64915848 1.66665697
v 8.30157375 -8.64915848 3.33332872
v 8.3586874 -8.66913223 1.66665697
v 8.3586874 -8.66913223 3.33332872
v 8.44258022 -8.714077 1.66665697
v 8.44258022 -8.714077 3.33332872
v 7.99288845 -8.66118622 4.8E-07
v 8.08383083 -8.63711548 4.8E-07
v 8.17759609 -8.63049698 4.8E-07
v 8.27105618 -8.64157486 4.8E-07
v 8.36073208 -8.66994476 4.8E-07
v 8.44354153 -8.71463013 4.8E-07
v 9.73660183 -7.39681244 4.8E-07
v 9.73660183 -7.39681244 2.50000072
v 9.86968899 -7.52320099 4.8E-07
v 10.00950527 -7.69412613 4.8E-07
v 9.93664455 -7.60156631 4.8E-07
v 10.16305447 -7.90726471 4.8E-07
v 10.30110073 -8.12713623 4.8E-07
v 10.4242239 -8.35025406 4.8E-07
v 10.53358364 -8.57368851 4.8E-07
v 9.63790798 -6.71970367 2.50000072
v 9.58135891 -6.82649612 3.33332872
v 9.58135891 -6.82649612 1.66665697
v 9.55580044 -6.91815948 3.33332872
v 9.55580044 -6.91815948 1.66665697
v 9.54815578 -7.01298904 3.33332872
v 9.54815578 -7.01298904 1.66665697
v 9.55863857 -7.10759354 3.33332872
v 9.55863857 -7.10759354 1.66665697
v 9.58674526 -7.1985054 3.33332872
v 9.58674526 -7.1985054 1.66665697
v 9.61344814 -7.25279617 3.33332872
v 9.61344814 -7.25279617 1.66665697
v 9.66818142 -7.33065796 3.33332872
v 9.66818142 -7.33065796 1.66665697
v 9.66886806 -7.33156967 4.8E-07
v 9.61456203 -7.25482178 4.8E-07
v 9.57556057 -7.16920853 4.8E-07
v 9.553298 -7.07788849 4.8E-07
v 9.54853725 -6.98389053 4.8E-07
v 9.56144619 -6.89073181 4.8E-07
v 9.59159756 -6.80159378 4.8E-07
v 9.63790798 -6.71970367 4.8E-07
v 9.70068264 -6.62876129 4.8E-07
v 9.70068264 -6.62876129 2.50000072
v 9.67985439 -6.65914154 4.8E-07
v 9.65891933 -6.68945694 4.8E-07
v 12.22407341 -6.82436371 4.8E-07
v 12.3398571 -6.6126976 4.8E-07
v 12.45197868 -6.39906693 4.8E-07
v 12.56040764 -6.18354034 4.8E-07
v 10.36878872 -6.48093414 2.50000072
v 10.49511623 -6.54560089 4.8E-07
v 10.64784145 -6.60448456 4.8E-07
v 10.36878872 -6.48093414 4.8E-07
v 10.83097744 -6.65880203 4.8E-07
v 11.04849148 -6.70976257 4.8E-07
v 11.30126858 -6.75659561 4.8E-07
v 11.58206081 -6.79299545 4.8E-07
v 11.88983059 -6.81634903 4.8E-07
v 9.76080227 -6.55644608 4.8E-07
v 9.78047085 -6.53801346 1.66665697
v 9.78047085 -6.53801346 3.33332872
v 9.85711575 -6.48160934 1.66665697
v 9.85711575 -6.48160934 3.33332872
v 9.94308376 -6.4408493 1.66665697
v 9.94308376 -6.4408493 3.33332872
v 10.03526211 -6.417099 1.66665697
v 10.03526211 -6.417099 3.33332872
v 10.13021755 -6.41113281 1.66665697
v 10.13021755 -6.41113281 3.33332872
v 10.19045925 -6.41685486 1.66665697
v 10.19045925 -6.41685486 3.33332872
v 10.28266811 -6.44041824 1.66665697
v 10.28266811 -6.44041824 3.33332872
v 9.83338833 -6.49668503 4.8E-07
v 9.91592312 -6.45154572 4.8E-07
v 10.0053854 -6.42268372 4.8E-07
v 10.09878445 -6.41107178 4.8E-07
v 10.19264126 -6.41715622 4.8E-07
v 10.28373623 -6.44072723 4.8E-07
v 11.22384548 -4.85175323 4.8E-07
v 11.22384548 -4.85175323 2.50000072
v 11.38331509 -4.94261932 4.8E-07
v 11.55998135 -5.0751152 4.8E-07
v 11.46707058 -5.00268173 4.8E-07
v 11.76006985 -5.24531174 4.8E-07
v 11.94671535 -5.42576218 4.8E-07
v 12.11965752 -5.61293411 4.8E-07
v 12.27931023 -5.80369949 4.8E-07
v 10.96597195 -4.21794128 2.50000072
v 10.9366293 -4.33516312 3.33332872
v 10.9366293 -4.33516312 1.66665697
v 10.93374538 -4.43027878 3.33332872
v 10.93374538 -4.43027878 1.66665697
v 10.94903469 -4.52418137 3.33332872
v 10.94903469 -4.52418137 1.66665697
v 10.98184109 -4.61352921 3.33332872
v 10.98184109 -4.61352921 1.66665697
v 11.03088284 -4.69507217 3.33332872
v 11.03088284 -4.69507217 1.66665697
v 11.06980801 -4.74139404 3.33332872
v 11.06980801 -4.74139404 1.66665697
v 11.14158535 -4.80389786 3.33332872
v 11.14158535 -4.80389786 1.66665697
v 11.14247036 -4.80461502 4.8E-07
v 11.0713644 -4.7430954 4.8E-07
v 11.01301479 -4.66930389 4.8E-07
v 10.9695425 -4.5859642 4.8E-07
v 10.94242764 -4.49583817 4.8E-07
v 10.93267727 -4.40229416 4.8E-07
v 10.94061184 -4.30853271 4.8E-07
v 10.96597195 -4.21794128 4.8E-07
v 11.00515652 -4.11461639 4.8E-07
v 11.00515652 -4.11461639 2.50000072
v 10.99220181 -4.14909744 4.8E-07
v 10.97914028 -4.18354034 4.8E-07
v 13.50204277 -3.70064545 9.5E-07
v 13.56381035 -3.46742249 9.5E-07
v 13.62154961 -3.23316956 9.5E-07
v 13.67524529 -2.99795532 9.5E-07
v 11.61846828 -3.81119537 2.50000072
v 11.7566061 -3.84375381 4.8E-07
v 11.91899014 -3.86437607 4.8E-07
v 11.61846828 -3.81119537 4.8E-07
v 12.10980034 -3.8732872 4.8E-07
v 12.33318901 -3.87071609 4.8E-07
v 12.58982658 -3.85569 4.8E-07
v 12.8711834 -3.82383728 4.8E-07
v 13.17559624 -3.77285385 4.8E-07
v 11.04623318 -4.03001404 4.8E-07
v 11.06092739 -4.00740814 1.66665697
v 11.06092739 -4.00740814 3.33332872
v 11.12184048 -3.93430328 1.66665697
v 11.12184048 -3.93430328 3.33332872
v 11.19555569 -3.87415314 1.66665697
v 11.19555569 -3.87415314 3.33332872
v 11.27935696 -3.82903671 1.66665697
v 11.27935696 -3.82903671 3.33332872
v 11.37014675 -3.80051804 1.66665697
v 11.37014675 -3.80051804 3.33332872
v 11.42999172 -3.79165649 1.66665697
v 11.42999172 -3.79165649 3.33332872
v 11.52516079 -3.79246902 1.66665697
v 11.52516079 -3.79246902 3.33332872
v 11.10241604 -3.95461655 4.8E-07
v 11.17175198 -3.89103699 4.8E-07
v 11.25169277 -3.84160614 4.8E-07
v 11.33959866 -3.80797958 4.8E-07
v 11.43218899 -3.79142761 4.8E-07
v 11.52627468 -3.79251099 4.8E-07
v 12.05880547 -2.02472687 4.8E-07
v 12.05880547 -2.02472687 2.50000072
v 12.23538017 -2.07478714 4.8E-07
v 12.43862724 -2.16115952 4.8E-07
v 12.3310833 -2.11306 4.8E-07
v 12.67362785 -2.27852631 4.8E-07
v 12.89803886 -2.40906525 4.8E-07
v 13.11074638 -2.54940796 4.8E-07
v 13.31141472 -2.69642258 4.8E-07
v 11.65675259 -1.47104263 2.50000072
v 11.65629482 -1.59188461 3.33332872
v 11.65629482 -1.59188461 1.66665697
v 11.67626858 -1.68492889 3.33332872
v 11.67626858 -1.68492889 1.66665697
v 11.71357632 -1.77244186 3.33332872
v 11.71357632 -1.77244186 1.66665697
v 11.76681423 -1.85133743 3.33332872
v 11.76681423 -1.85133743 1.66665697
v 11.8339529 -1.91877747 3.33332872
v 11.8339529 -1.91877747 1.66665697
v 11.88282681 -1.95444107 3.33332872
v 11.88282681 -1.95444107 1.66665697
v 11.96748257 -1.99794769 3.33332872
v 11.96748257 -1.99794769 1.66665697
v 11.96850491 -1.99843597 4.8E-07
v 11.88474941 -1.95571518 4.8E-07
v 11.81043911 -1.89803314 4.8E-07
v 11.74829006 -1.82751846 4.8E-07
v 11.70037746 -1.74650192 4.8E-07
v 11.66851711 -1.65801239 4.8E-07
v 11.65379238 -1.56507111 4.8E-07
v 11.65675259 -1.47104263 4.8E-07
v 11.67005825 -1.36134338 4.8E-07
v 11.67005825 -1.36134338 2.50000072
v 11.66574001 -1.39792633 4.8E-07
v 11.66129971 -1.4344902 4.8E-07
v 11.65675259 1.47104263 4.8E-07
v 11.65675259 1.47104263 2.50000072
v 11.66129971 1.4344902 4.8E-07
v 11.66574001 1.39792252 4.8E-07
v 11.67005825 1.36134338 2.50000072
v 11.67005825 1.36134338 4.8E-07
v 13.99531364 -0.36186218 9.5E-07
v 13.99947929 -0.12063217 9.5E-07
v 13.99947929 0.12063217 9.5E-07
v 13.99531364 0.36186218 9.5E-07
v 12.19294548 0.91996765 4.8E-07
v 12.19294548 0.91996765 2.50000072
v 12.37637138 0.91362 4.8E-07
v 12.5943737 0.8783989 4.8E-07
v 12.47845268 0.89936066 4.8E-07
v 12.85064507 0.82068253 4.8E-07
v 13.09976006 0.7476387 4.8E-07
v 13.33988762 0.66228104 4.8E-07
v 13.56991386 0.5675621 9.5E-07
v 11.69854641 1.24390793 3.33332872
v 11.69854641 1.24390793 1.66665697
v 11.7402029 1.15834427 3.33332872
v 11.7402029 1.15834427 1.66665697
v 11.79737759 1.08230591 3.33332872
v 11.79737759 1.08230591 1.66665697
v 11.86794949 1.01844406 3.33332872
v 11.86794949 1.01844406 1.66665697
v 11.94926357 0.96902847 3.33332872
v 11.94926357 0.96902847 1.66665697
v 12.00526237 0.94610214 3.33332872
v 12.00526237 0.94610214 1.66665697
v 12.09786797 0.92411423 3.33332872
v 12.09786797 0.92411423 1.66665697
v 12.09898186 0.92388535 4.8E-07
v 12.00742912 0.94532013 4.8E-07
v 11.92147732 0.98353958 4.8E-07
v 11.84425259 1.03713608 4.8E-07
v 11.77834988 1.10433197 4.8E-07
v 11.72624111 1.18262863 4.8E-07
v 11.68971157 1.26934433 4.8E-07
v 12.19294548 -0.91996765 2.50000072
v 12.33485222 -0.91851807 4.8E-07
v 12.49744987 -0.89968109 4.8E-07
v 12.19294548 -0.91996765 4.8E-07
v 12.68484306 -0.8626709 4.8E-07
v 12.9011364 -0.8067131 4.8E-07
v 13.14672661 -0.73070908 4.8E-07
v 13.41227531 -0.63244629 9.5E-07
v 13.69564629 -0.51009369 9.5E-07
v 11.68969631 -1.26937103 4.8E-07
v 11.69854641 -1.24390793 1.66665697
v 11.69854641 -1.24390793 3.33332872
v 11.7402029 -1.15834808 1.66665697
v 11.7402029 -1.15834808 3.33332872
v 11.79737759 -1.08230591 1.66665697
v 11.79737759 -1.08230591 3.33332872
v 11.86794949 -1.01844406 1.66665697
v 11.86794949 -1.01844406 3.33332872
v 11.94926357 -0.96902847 1.66665697
v 11.94926357 -0.96902847 3.33332872
v 12.00526237 -0.94610214 1.66665697
v 12.00526237 -0.94610214 3.33332872
v 12.09786797 -0.92411423 1.66665697
v 12.09786797 -0.92411423 3.33332872
v 11.72619534 -1.182724 4.8E-07
v 11.7783041 -1.10439682 4.8E-07
v 11.8441 -1.03726959 4.8E-07
v 11.92140102 -0.98358154 4.8E-07
v 12.00733757 -0.94535446 4.8E-07
v 12.09895134 -0.92388916 4.8E-07
v -11.65675259 1.47104263 2.50000024
v -11.66129971 1.4344902 4.8E-07
v -11.66574001 1.39792252 4.8E-07
v -11.65675259 1.47104263 4.8E-07
v 13.67524529 2.99795532 9.5E-07
v 13.62154961 3.23316956 9.5E-07
v 13.56381035 3.46742249 9.5E-07
v 13.50204277 3.70064545 9.5E-07
v 11.61846828 3.81119537 4.8E-07
v 11.61846828 3.81119537 2.50000072
v 11.79809475 3.84893417 4.8E-07
v 12.01818657 3.86690521 4.8E-07
v 11.90061855 3.85951614 4.8E-07
v 12.28082085 3.8721962 4.8E-07
v 12.54018974 3.86089325 4.8E-07
v 12.7937603 3.83547974 4.8E-07
v 13.0397625 3.7985611 4.8E-07
v 11.00515652 4.11461639 2.50000072
v 11.06092739 4.00740814 3.33332872
v 11.06092739 4.00740814 1.66665697
v 11.12184048 3.93429947 3.33332872
v 11.12184048 3.93429947 1.66665697
v 11.19555569 3.87415314 3.33332872
v 11.19555569 3.87415314 1.66665697
v 11.27935696 3.82903671 3.33332872
v 11.27935696 3.82903671 1.66665697
v 11.37014675 3.80051804 3.33332872
v 11.37014675 3.80051804 1.66665697
v 11.42999172 3.79165649 3.33332872
v 11.42999172 3.79165649 1.66665697
v 11.52516079 3.79246902 3.33332872
v 11.52516079 3.79246902 1.66665697
v 11.5263052 3.7925148 4.8E-07
v 11.4322958 3.79141998 4.8E-07
v 11.33967495 3.8079567 4.8E-07
v 11.25187588 3.84151459 4.8E-07
v 11.17181301 3.8909874 4.8E-07
v 11.10247707 3.95453644 4.8E-07
v 11.04624844 4.02998734 4.8E-07
v 11.00515652 4.11461639 4.8E-07
v 12.05880547 2.02472687 2.50000072
v 12.19624138 2.06009674 4.8E-07
v 12.34960747 2.11730194 4.8E-07
v 12.05880547 2.02472687 4.8E-07
v 12.52270317 2.19808197 4.8E-07
v 12.71929741 2.3041687 4.8E-07
v 12.93957329 2.43674088 4.8E-07
v 13.17388725 2.5956955 4.8E-07
v 13.41975212 2.78231049 9.5E-07
v 11.65379238 1.5650444 4.8E-07
v 11.65629482 1.59188461 1.66665697
v 11.65629482 1.59188461 3.33332872
v 11.67626858 1.68492889 1.66665697
v 11.67626858 1.68492889 3.33332872
v 11.71357632 1.77244186 1.66665697
v 11.71357632 1.77244186 3.33332872
v 11.76681423 1.85133743 1.66665697
v 11.76681423 1.85133743 3.33332872
v 11.8339529 1.91877747 1.66665697
v 11.8339529 1.91877747 3.33332872
v 11.88282681 1.95444107 1.66665697
v 11.88282681 1.95444107 3.33332872
v 11.96748257 1.99794769 1.66665697
v 11.96748257 1.99794769 3.33332872
v 11.66850185 1.65790558 4.8E-07
v 11.70034695 1.74642563 4.8E-07
v 11.74816799 1.82735062 4.8E-07
v 11.81037807 1.89797592 4.8E-07
v 11.88465786 1.95565796 4.8E-07
v 11.96847439 1.99842834 4.8E-07
v 10.96597195 4.21794128 4.8E-07
v 10.96597195 4.21794128 2.50000072
v 10.97914028 4.18354034 4.8E-07
v 10.99220181 4.14909744 4.8E-07
v 12.56040764 6.18354034 4.8E-07
v 12.45197868 6.39907074 4.8E-07
v 12.3398571 6.61269379 4.8E-07
v 12.22407341 6.82436371 4.8E-07
v 11.22384548 4.85175323 2.50000072
v 11.34883022 4.91898346 4.8E-07
v 11.48405361 5.01123047 4.8E-07
v 11.22384548 4.85175323 4.8E-07
v 11.63278103 5.13108826 4.8E-07
v 11.79827785 5.28114319 4.8E-07
v 11.98042202 5.46257782 4.8E-07
v 12.16988945 5.67298889 4.8E-07
v 12.36393547 5.91301727 4.8E-07
v 10.9406271 4.3085022 4.8E-07
v 10.9366293 4.33516312 1.66665697
v 10.9366293 4.33516312 3.33332872
v 10.93374538 4.43027878 1.66665697
v 10.93374538 4.43027878 3.33332872
v 10.94903469 4.52418137 1.66665697
v 10.94903469 4.52418137 3.33332872
v 10.98184109 4.61352921 1.66665697
v 10.98184109 4.61352921 3.33332872
v 11.03088284 4.69507217 1.66665697
v 11.03088284 4.69507217 3.33332872
v 11.06980801 4.74139404 1.66665697
v 11.06980801 4.74139404 3.33332872
v 11.14158535 4.80389786 1.66665697
v 11.14158535 4.80389786 3.33332872
v 10.93266201 4.40218735 4.8E-07
v 10.94241238 4.49575424 4.8E-07
v 10.96946621 4.58576965 4.8E-07
v 11.01296902 4.66923141 4.8E-07
v 11.07128811 4.74301529 4.8E-07
v 11.14243984 4.80459976 4.8E-07
v 10.36878872 6.48093414 4.8E-07
v 10.36878872 6.48093414 2.50000072
v 10.53416348 6.56056213 4.8E-07
v 10.74355984 6.6306839 4.8E-07
v 10.6311636 6.59537506 4.8E-07
v 10.99728298 6.69866943 4.8E-07
v 11.25181484 6.74977112 4.8E-07
v 11.50410366 6.78577423 4.8E-07
v 11.75179958 6.80879974 4.8E-07
v 9.70068264 6.62876129 2.50000072
v 9.78047085 6.53801727 3.33332872
v 9.78047085 6.53801727 1.66665697
v 9.85711575 6.48161316 3.33332872
v 9.85711575 6.48161316 1.66665697
v 9.94308376 6.4408493 3.33332872
v 9.94308376 6.4408493 1.66665697
v 10.03526211 6.417099 3.33332872
v 10.03526211 6.417099 1.66665697
v 10.13021755 6.41113281 3.33332872
v 10.13021755 6.41113281 1.66665697
v 10.19045925 6.41685486 3.33332872
v 10.19045925 6.41685486 1.66665697
v 10.28266811 6.44042206 3.33332872
v 10.28266811 6.44042206 1.66665697
v 10.28376675 6.44073486 4.8E-07
v 10.19274807 6.41717529 4.8E-07
v 10.09886074 6.41107178 4.8E-07
v 10.00558376 6.42263794 4.8E-07
v 9.91599941 6.4515152 4.8E-07
v 9.83347988 6.49662018 4.8E-07
v 9.76083279 6.556427 4.8E-07
v 9.70068264 6.62876129 4.8E-07
v 9.63790798 6.71970367 4.8E-07
v 9.63790798 6.71970367 2.50000072
v 9.65891933 6.68945312 4.8E-07
v 9.67985439 6.65914154 4.8E-07
v 10.71560574 9.009758 4.8E-07
v 10.55876064 9.19307709 4.8E-07
v 10.39877224 9.37366486 4.8E-07
v 10.2356863 9.55147552 4.8E-07
v 9.73660183 7.39681244 2.50000072
v 9.84185696 7.49200439 4.8E-07
v 9.95107937 7.61392975 4.8E-07
v 9.73660183 7.39681244 4.8E-07
v 10.06680202 7.76589203 4.8E-07
v 10.1915884 7.95119476 4.8E-07
v 10.32501125 8.17094421 4.8E-07
v 10.45861721 8.42058563 4.8E-07
v 10.58959866 8.70008087 4.8E-07
v 9.59161282 6.80156708 4.8E-07
v 9.58135891 6.82649231 1.66665697
v 9.58135891 6.82649231 3.33332872
v 9.55580044 6.91815948 1.66665697
v 9.55580044 6.91815948 3.33332872
v 9.54815578 7.01299286 1.66665697
v 9.54815578 7.01299286 3.33332872
v 9.55863857 7.10759735 1.66665697
v 9.55863857 7.10759735 3.33332872
v 9.58674526 7.19850159 1.66665697
v 9.58674526 7.19850159 3.33332872
v 9.61344814 7.25279999 1.66665697
v 9.61344814 7.25279999 3.33332872
v 9.66818142 7.33065796 1.66665697
v 9.66818142 7.33065796 3.33332872
v 9.56147671 6.890625 4.8E-07
v 9.54853725 6.9838028 4.8E-07
v 9.55326748 7.0776825 4.8E-07
v 9.57553005 7.16912842 4.8E-07
v 9.614501 7.25473022 4.8E-07
v 9.66885281 7.3315506 4.8E-07
v 8.5164938 8.77402496 4.8E-07
v 8.5164938 8.77402496 2.50000072
v 8.65800381 8.89091492 4.8E-07
v 8.8445425 9.0091095 4.8E-07
v 8.74386501 8.94792938 4.8E-07
v 9.07462978 9.13584137 4.8E-07
v 9.30953884 9.24636841 4.8E-07
v 9.54586697 9.34170532 4.8E-07
v 9.78085232 9.42333984 4.8E-07
v 7.83242702 8.75766754 2.50000072
v 7.93162441 8.68865204 3.33332872
v 7.93162441 8.68865204 1.66665697
v 8.01954556 8.65222931 3.33332872
v 8.01954556 8.65222931 1.66665697
v 8.1127615 8.63322449 3.33332872
v 8.1127615 8.63322449 1.66665697
v 8.20793056 8.63222504 3.33332872
v 8.20793056 8.63222504 1.66665697
v 8.30157375 8.64916229 3.33332872
v 8.30157375 8.64916229 1.66665697
v 8.3586874 8.66912842 3.33332872
v 8.3586874 8.66912842 1.66665697
v 8.44258022 8.71407318 3.33332872
v 8.44258022 8.71407318 1.66665697
v 8.44357204 8.71464539 4.8E-07
v 8.36082363 8.66998291 4.8E-07
v 8.27114773 8.64159393 4.8E-07
v 8.17780972 8.63050079 4.8E-07
v 8.08392239 8.63710022 4.8E-07
v 7.99299526 8.66114807 4.8E-07
v 7.90814114 8.701828 4.8E-07
v 7.83242702 8.75766754 4.8E-07
v 7.74970913 8.83094788 4.8E-07
v 7.74970913 8.83094788 2.50000072
v 7.77735806 8.80660248 4.8E-07
v 7.80493069 8.78218079 4.8E-07
v 8.24806118 11.31236267 4.8E-07
v 8.05189419 11.45281982 4.8E-07
v 7.85333157 11.58987427 4.8E-07
v 7.65244961 11.72348785 4.8E-07
v 7.68350124 9.51199341 2.50000072
v 7.76292324 9.62960815 4.8E-07
v 7.83978176 9.77413177 4.8E-07
v 7.68350124 9.51199341 4.8E-07
v 7.91578579 9.94937897 4.8E-07
v 7.99258327 10.1591568 4.8E-07
v 8.06954861 10.40444946 4.8E-07
v 8.13952541 10.67881012 4.8E-07
v 8.19981289 10.98152924 4.8E-07
v 7.68517971 8.89935303 4.8E-07
v 7.66924953 8.9210968 1.66665697
v 7.66924953 8.9210968 3.33332872
v 7.6224966 9.00398254 1.66665697
v 7.6224966 9.00398254 3.33332872
v 7.59239101 9.09423065 1.66665697
v 7.59239101 9.09423065 3.33332872
v 7.57992458 9.188591 1.66665697
v 7.57992458 9.188591 3.33332872
v 7.58544827 9.28358459 1.66665697
v 7.58544827 9.28358459 3.33332872
v 7.59838772 9.34269714 1.66665697
v 7.59838772 9.34269714 3.33332872
v 7.6329031 9.43138885 1.66665697
v 7.6329031 9.43138885 3.33332872
v 7.63459682 8.97860718 4.8E-07
v 7.59974575 9.06598663 4.8E-07
v 7.58187771 9.15826416 4.8E-07
v 7.58160305 9.25238037 4.8E-07
v 7.59895229 9.34481812 4.8E-07
v 7.63333035 9.43241119 4.8E-07
v 6.16926479 10.55719757 4.8E-07
v 6.16926479 10.55719757 2.50000048
v 6.27868557 10.7045517 4.8E-07
v 6.4315176 10.86396027 4.8E-07
v 6.34840298 10.78046417 4.8E-07
v 6.62458706 11.04207611 4.8E-07
v 6.8262167 11.20560455 4.8E-07
v 7.03286648 11.3547287 4.8E-07
v 7.24148464 11.49022675 4.8E-07
v 5.50898695 10.37760925 2.50000048
v 5.62181044 10.33434296 3.33332849
v 5.62181044 10.33434296 1.66665697
v 5.71589613 10.32001495 3.33332849
v 5.71589613 10.32001495 1.66665697
v 5.81095839 10.3238678 3.33332849
v 5.81095839 10.3238678 1.66665697
v 5.90360975 10.34567261 3.33332849
v 5.90360975 10.34567261 1.66665697
v 5.99046278 10.38452911 3.33332849
v 5.99046278 10.38452911 1.66665697
v 6.04113674 10.41758728 3.33332849
v 6.04113674 10.41758728 1.66665697
v 6.11184597 10.48130035 3.33332849
v 6.11184597 10.48130035 1.66665697
v 6.11265469 10.48209381 4.8E-07
v 6.04301357 10.41893005 4.8E-07
v 5.96273756 10.36989594 4.8E-07
v 5.87475538 10.33679199 4.8E-07
v 5.78202772 10.32073212 4.8E-07
v 5.6879878 10.32231903 4.8E-07
v 5.59585524 10.34150696 4.8E-07
v 5.50898695 10.37760925 4.8E-07
v 5.41114759 10.42896271 4.8E-07
v 5.41114759 10.42896271 2.50000048
v 5.44381666 10.41194916 4.8E-07
v 5.47642469 10.3948288 4.8E-07
v 5.30116224 12.95753479 4.8E-07
v 5.07707167 13.04696655 4.8E-07
v 4.85148573 13.13251495 4.8E-07
v 4.62446547 13.21417236 4.8E-07
v 5.18386793 11.07437897 2.50000048
v 5.23283339 11.20758057 4.8E-07
v 5.27287245 11.36629486 4.8E-07
v 5.18386793 11.07437897 4.8E-07
v 5.30471754 11.55463409 4.8E-07
v 5.32910109 11.77670288 4.8E-07
v 5.34510756 12.03328705 4.8E-07
v 5.34741163 12.31642151 4.8E-07
v 5.33349562 12.62477112 4.8E-07
v 5.33210707 10.47993469 4.8E-07
v 5.31143141 10.49723816 1.66665697
v 5.31143141 10.49723816 3.33332849
v 5.24620008 10.56652832 1.66665697
v 5.24620008 10.56652832 3.33332849
v 5.19537306 10.64694977 1.66665697
v 5.19537306 10.64694977 3.33332849
v 5.16068983 10.73558807 1.66665697
v 5.16068983 10.73558807 3.33332849
v 5.14332533 10.82913971 1.66665697
v 5.14332533 10.82913971 3.33332849
v 5.14173841 10.88962555 1.66665697
v 5.14173841 10.88962555 3.33332849
v 5.15402174 10.98400116 1.66665697
v 5.15402174 10.98400116 3.33332849
v 5.26403761 10.54478455 4.8E-07
v 5.20927382 10.62127686 4.8E-07
v 5.1698451 10.706604 4.8E-07
v 5.14704847 10.79792023 4.8E-07
v 5.14178419 10.89182281 4.8E-07
v 5.15420485 10.98509979 4.8E-07
v 3.46350026 11.7268219 4.8E-07
v 3.46350026 11.7268219 2.50000048
v 3.53446889 11.89608765 4.8E-07
v 3.64471364 12.08743286 4.8E-07
v 3.58399892 11.98647308 4.8E-07
v 3.78955007 12.30657959 4.8E-07
v 3.94618154 12.51361084 4.8E-07
v 4.11114454 12.70785522 4.8E-07
v 4.28128004 12.88934326 4.8E-07
v 2.86538649 11.3944397 2.50000048
v 2.98529005 11.37943268 3.33332849
v 2.98529005 11.37943268 1.66665697
v 3.08006215 11.38803864 3.33332849
v 3.08006215 11.38803864 1.66665697
v 3.17143178 11.41452789 3.33332849
v 3.17143178 11.41452789 1.66665697
v 3.25617909 11.45787811 3.33332849
v 3.25617909 11.45787811 1.66665697
v 3.33120656 11.51638031 3.33332849
v 3.33120656 11.51638031 1.66665697
v 3.3725121 11.56060791 3.33332849
v 3.3725121 11.56060791 1.66665697
v 3.42590261 11.63939667 3.33332849
v 3.42590261 11.63939667 1.66665697
v 3.42651296 11.64035797 4.8E-07
v 3.37400746 11.56236267 4.8E-07
v 3.30778432 11.49554443 4.8E-07
v 3.23028493 11.44234467 4.8E-07
v 3.14408803 11.40455627 4.8E-07
v 3.05241323 11.38359833 4.8E-07
v 2.95837355 11.38018036 4.8E-07
v 2.86538649 11.3944397 4.8E-07
v 2.75808668 11.42088318 4.8E-07
v 2.75808668 11.42088318 2.50000048
v 2.7938838 11.41218567 4.8E-07
v 2.8296504 11.40336609 4.8E-07
v 2.04617262 13.84966278 4.8E-07
v 1.80720496 13.88286591 4.8E-07
v 1.56770301 13.91194916 4.8E-07
v 1.32772815 13.93689728 4.8E-07
v 2.38294935 11.99315643 2.50000048
v 2.39862013 12.13420105 4.8E-07
v 2.3995204 12.29789734 4.8E-07
v 2.38294935 11.99315643 4.8E-07
v 2.3853755 12.48838043 4.8E-07
v 2.35589552 12.70983124 4.8E-07
v 2.31004286 12.96279144 4.8E-07
v 2.24450636 13.2382431 4.8E-07
v 2.15719557 13.53430176 4.8E-07
v 2.66915846 11.45146179 4.8E-07
v 2.64494276 11.46331787 1.66665697
v 2.64494276 11.46331787 3.33332849
v 2.56503248 11.51498413 1.66665697
v 2.56503248 11.51498413 3.33332849
v 2.49642897 11.5809021 1.66665697
v 2.49642897 11.5809021 3.33332849
v 2.4415431 11.65866089 1.66665697
v 2.4415431 11.65866089 3.33332849
v 2.40228224 11.74534607 1.66665697
v 2.40228224 11.74534607 3.33332849
v 2.38627577 11.80369568 1.66665697
v 2.38627577 11.80369568 3.33332849
v 2.37560987 11.89826965 1.66665697
v 2.37560987 11.89826965 3.33332849
v 2.5875392 11.49813843 4.8E-07
v 2.51606703 11.55930328 4.8E-07
v 2.45735121 11.63271332 4.8E-07
v 2.41337538 11.71592712 4.8E-07
v 2.38578749 11.80583954 4.8E-07
v 2.37551832 11.89937592 4.8E-07
v 0.55644214 12.2149353 4.8E-07
v 0.55644208 12.2149353 2.50000048
v 0.58485401 12.39626312 4.8E-07
v 0.64608753 12.60842896 4.8E-07
v 0.61131275 12.49588013 4.8E-07
v 0.73426807 12.85587311 4.8E-07
v 0.83680707 13.09437561 4.8E-07
v 0.95048505 13.32245636 4.8E-07
v 1.07225025 13.53938293 4.8E-07
v 0.05525196 11.74906921 2.50000048
v 0.1752623 11.76319122 3.33332849
v 0.17526233 11.76319122 1.66665697
v 0.26522812 11.7942276 3.33332849
v 0.26522815 11.7942276 1.66665697
v 0.34759507 11.84181976 3.33332849
v 0.3475951 11.84181976 1.66665697
v 0.41950971 11.90418243 3.33332849
v 0.41950974 11.90418243 1.66665697
v 0.47836286 11.9789505 3.33332849
v 0.47836289 11.9789505 1.66665697
v 0.50787336 12.03177643 3.33332849
v 0.50787336 12.03177643 1.66665697
v 0.54086286 12.12104797 3.33332849
v 0.54086286 12.12104797 1.66665697
v 0.54122913 12.12212372 4.8E-07
v 0.50891101 12.03383636 4.8E-07
v 0.46060169 11.95310974 4.8E-07
v 0.39808643 11.88291168 4.8E-07
v 0.32344046 11.82559204 4.8E-07
v 0.23944081 11.78330231 4.8E-07
v 0.14895621 11.75747681 4.8E-07
v 0.055252 11.74906921 4.8E-07
v -0.05525213 11.74906921 4.8E-07
v -0.05525218 11.74906921 2.50000048
v -0.01841743 11.74918365 4.8E-07
v 0.01841729 11.74918365 4.8E-07
v -1.32772815 13.93689728 4.8E-07
v -1.56770301 13.91194916 4.8E-07
v -1.80720496 13.88286591 4.8E-07
v -2.0461731 13.84966278 4.8E-07
v -0.55644232 12.2149353 2.50000048
v -0.57498169 12.3556366 4.8E-07
v -0.61328125 12.51478577 4.8E-07
v -0.55644226 12.2149353 4.8E-07
v -0.67260742 12.6963501 4.8E-07
v -0.75422662 12.9043045 4.8E-07
v -0.85928339 13.13894653 4.8E-07
v -0.98883051 13.39071655 4.8E-07
v -1.14445484 13.65727234 4.8E-07
v -0.14892584 11.75747681 4.8E-07
v -0.17526254 11.76319122 1.66665697
v -0.17526257 11.76319122 3.33332849
v -0.26522833 11.7942276 1.66665697
v -0.26522836 11.7942276 3.33332849
v -0.34759527 11.84181976 1.66665697
v -0.3475953 11.84181976 3.33332849
v -0.41950992 11.90418243 1.66665697
v -0.41950995 11.90418243 3.33332849
v -0.47836307 11.9789505 1.66665697
v -0.4783631 11.9789505 3.33332849
v -0.50787359 12.03177643 1.66665697
v -0.50787359 12.03177643 3.33332849
v -0.5408631 12.12104797 1.66665697
v -0.5408631 12.12104797 3.33332849
v -0.23933415 11.78326416 4.8E-07
v -0.32337955 11.82554626 4.8E-07
v -0.39793396 11.88277435 4.8E-07
v -0.46055603 11.95304108 4.8E-07
v -0.50886536 12.03373718 4.8E-07
v -0.54121399 12.12210083 4.8E-07
v -2.38294983 11.99315643 4.8E-07
v -2.38294983 11.99315643 2.50000048
v -2.39877319 12.17601776 4.8E-07
v -2.39007568 12.39666748 4.8E-07
v -2.39691162 12.27906799 4.8E-07
v -2.36367798 12.65802765 4.8E-07
v -2.32119751 12.91413879 4.8E-07
v -2.26539612 13.16279602 4.8E-07
v -2.19909668 13.40255737 4.8E-07
v -2.75808716 11.42088318 2.50000048
v -2.64494324 11.46331787 3.33332849
v -2.64494324 11.46331787 1.66665697
v -2.56503296 11.51498413 3.33332849
v -2.56503296 11.51498413 1.66665697
v -2.49642944 11.5809021 3.33332849
v -2.49642944 11.5809021 1.66665697
v -2.44154358 11.65866089 3.33332849
v -2.44154358 11.65866089 1.66665697
v -2.40228271 11.74534607 3.33332849
v -2.40228271 11.74534607 1.66665697
v -2.38627625 11.80369568 3.33332849
v -2.38627625 11.80369568 1.66665697
v -2.37561035 11.89826965 3.33332849
v -2.37561035 11.89826965 1.66665697
v -2.3755188 11.8993988 4.8E-07
v -2.38575745 11.80593872 4.8E-07
v -2.41334534 11.71600342 4.8E-07
v -2.45724487 11.63288879 4.8E-07
v -2.51600647 11.55936432 4.8E-07
v -2.58744812 11.49819946 4.8E-07
v -2.66912842 11.45147705 4.8E-07
v -2.75808716 11.42088318 4.8E-07
v -2.86538696 11.3944397 4.8E-07
v -2.86538696 11.3944397 2.50000048
v -2.82965088 11.40336609 4.8E-07
v -2.79388428 11.41218567 4.8E-07
v -4.62446547 13.21417236 4.8E-07
v -4.85148573 13.13251495 4.8E-07
v -5.07707167 13.04696655 4.8E-07
v -5.30116224 12.95753479 4.8E-07
v -3.46350074 11.7268219 2.50000048
v -3.515167 11.85900116 4.8E-07
v -3.5904386 12.00435638 4.8E-07
v -3.46350074 11.7268219 4.8E-07
v -3.69149756 12.1664505 4.8E-07
v -3.82051063 12.34883118 4.8E-07
v -3.97866797 12.55151367 4.8E-07
v -4.16470289 12.76496124 4.8E-07
v -4.37959242 12.98653412 4.8E-07
v -2.95834351 11.38018036 4.8E-07
v -2.98529053 11.37943268 1.66665697
v -2.98529053 11.37943268 3.33332849
v -3.08006263 11.38803864 1.66665697
v -3.08006263 11.38803864 3.33332849
v -3.17143226 11.41452789 1.66665697
v -3.17143226 11.41452789 3.33332849
v -3.25617957 11.45787811 1.66665697
v -3.25617957 11.45787811 3.33332849
v -3.33120704 11.51638031 1.66665697
v -3.33120704 11.51638031 3.33332849
v -3.37251258 11.56060791 1.66665697
v -3.37251258 11.56060791 3.33332849
v -3.42590308 11.63939667 1.66665697
v -3.42590308 11.63939667 3.33332849
v -3.05230689 11.38358307 4.8E-07
v -3.14401221 11.40453339 4.8E-07
v -3.23011756 11.44224548 4.8E-07
v -3.30772376 11.49549103 4.8E-07
v -3.37393165 11.56227875 4.8E-07
v -3.42649817 11.64033508 4.8E-07
v -5.18386793 11.07437897 4.8E-07
v -5.18386793 11.07437897 2.50000048
v -5.24298048 11.24813843 4.8E-07
v -5.28733778 11.46446228 4.8E-07
v -5.26583815 11.34864044 4.8E-07
v -5.32424879 11.72454071 4.8E-07
v -5.34429884 11.98337555 4.8E-07
v -5.34963942 12.23815918 4.8E-07
v -5.34263563 12.48682404 4.8E-07
v -5.41114759 10.42896271 2.50000048
v -5.31143141 10.49723816 3.33332849
v -5.31143141 10.49723816 1.66665697
v -5.24620008 10.56652832 3.33332849
v -5.24620008 10.56652832 1.66665697
v -5.19537306 10.64694977 3.33332849
v -5.19537306 10.64694977 1.66665697
v -5.16068983 10.73558807 3.33332849
v -5.16068983 10.73558807 1.66665697
v -5.14332533 10.82913971 3.33332849
v -5.14332533 10.82913971 1.66665697
v -5.14173841 10.88962555 3.33332849
v -5.14173841 10.88962555 1.66665697
v -5.15402174 10.98400116 3.33332849
v -5.15402174 10.98400116 1.66665697
v -5.15420485 10.98513031 4.8E-07
v -5.14178419 10.89192963 4.8E-07
v -5.14703321 10.79800415 4.8E-07
v -5.16976881 10.70680237 4.8E-07
v -5.20922804 10.62135315 4.8E-07
v -5.26396132 10.54486847 4.8E-07
v -5.33207655 10.47994995 4.8E-07
v -5.41114759 10.42896271 4.8E-07
v -5.50898695 10.37760925 4.8E-07
v -5.50898695 10.37760925 2.50000048
v -5.47642469 10.3948288 4.8E-07
v -5.44381666 10.41194916 4.8E-07
v -7.65244961 11.72348785 4.8E-07
v -7.85333157 11.58987427 4.8E-07
v -8.05189419 11.45281982 4.8E-07
v -8.24806118 11.31236267 4.8E-07
v -6.16926479 10.55719757 2.50000048
v -6.25106716 10.67316437 4.8E-07
v -6.3589468 10.79627991 4.8E-07
v -6.16926479 10.55719757 4.8E-07
v -6.49584866 10.92948151 4.8E-07
v -6.66476345 11.07569122 4.8E-07
v -6.86682034 11.23462677 4.8E-07
v -7.09854031 11.39735413 4.8E-07
v -7.36021328 11.56105804 4.8E-07
v -5.59583998 10.34152222 4.8E-07
v -5.62181044 10.33434296 1.66665697
v -5.62181044 10.33434296 3.33332849
v -5.71589613 10.32001495 1.66665697
v -5.71589613 10.32001495 3.33332849
v -5.81095839 10.3238678 1.66665697
v -5.81095839 10.3238678 3.33332849
v -5.90360975 10.34567261 1.66665697
v -5.90360975 10.34567261 3.33332849
v -5.99046278 10.38452911 1.66665697
v -5.99046278 10.38452911 3.33332849
v -6.04113674 10.41758728 1.66665697
v -6.04113674 10.41758728 3.33332849
v -6.11184597 10.48130035 1.66665697
v -6.11184597 10.48130035 3.33332849
v -5.68788099 10.32233429 4.8E-07
v -5.78193617 10.32072449 4.8E-07
v -5.87455702 10.33673859 4.8E-07
v -5.96266127 10.36985779 4.8E-07
v -6.04293728 10.41886139 4.8E-07
v -6.11263943 10.48207092 4.8E-07
v -7.68350124 9.51199341 4.8E-07
v -7.68350124 9.51199341 2.50000024
v -7.78248501 9.66656494 4.8E-07
v -7.87733364 9.86598206 4.8E-07
v -7.8287344 9.75867462 4.8E-07
v -7.97540188 10.10967255 4.8E-07
v -8.05680752 10.35619354 4.8E-07
v -8.12296963 10.60229492 4.8E-07
v -8.17568874 10.84540558 4.8E-07
v -7.74970913 8.83094788 2.50000024
v -7.66924953 8.9210968 3.33332825
v -7.66924953 8.9210968 1.66665697
v -7.6224966 9.00398254 3.33332825
v -7.6224966 9.00398254 1.66665697
v -7.59239101 9.09423065 3.33332825
v -7.59239101 9.09423065 1.66665697
v -7.57992458 9.188591 3.33332825
v -7.57992458 9.188591 1.66665697
v -7.58544827 9.28358459 3.33332825
v -7.58544827 9.28358459 1.66665697
v -7.59838772 9.34269714 3.33332825
v -7.59838772 9.34269714 1.66665697
v -7.6329031 9.43138885 3.33332825
v -7.6329031 9.43138885 1.66665697
v -7.6333456 9.43244171 4.8E-07
v -7.59898281 9.34492493 4.8E-07
v -7.58160305 9.25246429 4.8E-07
v -7.58184719 9.15847015 4.8E-07
v -7.59971523 9.06606293 4.8E-07
v -7.63455105 8.97870636 4.8E-07
v -7.68516445 8.89937592 4.8E-07
v -7.74970913 8.83094788 4.8E-07
v -7.83242702 8.75766754 4.8E-07
v -7.83242702 8.75766754 2.50000024
v -7.80493069 8.78218079 4.8E-07
v -7.77735806 8.80660248 4.8E-07
v -10.2356863 9.55147552 4.8E-07
v -10.39877224 9.37366486 4.8E-07
v -10.55876064 9.19307709 4.8E-07
v -10.71560574 9.009758 4.8E-07
v -8.5164938 8.77402496 2.50000024
v -8.62368679 8.86704254 4.8E-07
v -8.75788784 8.96076965 4.8E-07
v -8.5164938 8.77402496 4.8E-07
v -8.92268276 9.0573349 4.8E-07
v -9.12168789 9.15886688 4.8E-07
v -9.3559103 9.26483154 4.8E-07
v -9.61984158 9.36737061 4.8E-07
v -9.91308498 9.46370697 4.8E-07
v -7.90811062 8.70184326 4.8E-07
v -7.93162441 8.68865204 1.66665697
v -7.93162441 8.68865204 3.33332825
v -8.01954556 8.65222931 1.66665697
v -8.01954556 8.65222931 3.33332825
v -8.1127615 8.63322449 1.66665697
v -8.1127615 8.63322449 3.33332825
v -8.20794582 8.63222504 1.66665697
v -8.20794582 8.63222504 3.33332825
v -8.30157375 8.64916229 1.66665697
v -8.30157375 8.64916229 3.33332825
v -8.3586874 8.66912842 1.66665697
v -8.3586874 8.66912842 3.33332825
v -8.44258022 8.71407318 1.66665697
v -8.44258022 8.71407318 3.33332825
v -7.99288845 8.66118622 4.8E-07
v -8.08383083 8.63711548 4.8E-07
v -8.17759609 8.63050079 4.8E-07
v -8.27105618 8.64157104 4.8E-07
v -8.36073208 8.66994476 4.8E-07
v -8.44354153 8.71463013 4.8E-07
v -9.73660183 7.39681244 4.8E-07
v -9.73660183 7.39681244 2.50000024
v -9.86968899 7.52320099 4.8E-07
v -10.00950527 7.69412994 4.8E-07
v -9.93664455 7.6015625 4.8E-07
v -10.16305447 7.90726471 4.8E-07
v -10.30110073 8.12713623 4.8E-07
v -10.4242239 8.35025787 4.8E-07
v -10.53358364 8.57368469 4.8E-07
v -9.63790798 6.71970367 2.50000024
v -9.58135891 6.82649231 3.33332825
v -9.58135891 6.82649231 1.66665697
v -9.55580044 6.91815948 3.33332825
v -9.55580044 6.91815948 1.66665697
v -9.54815578 7.01299286 3.33332825
v -9.54815578 7.01299286 1.66665697
v -9.55863857 7.10759735 3.33332825
v -9.55863857 7.10759735 1.66665697
v -9.58674526 7.19850159 3.33332825
v -9.58674526 7.19850159 1.66665697
v -9.61344814 7.25279999 3.33332825
v -9.61344814 7.25279999 1.66665697
v -9.66818142 7.33065796 3.33332825
v -9.66818142 7.33065796 1.66665697
v -9.66886806 7.33156586 4.8E-07
v -9.61456203 7.25482178 4.8E-07
v -9.57556057 7.16921234 4.8E-07
v -9.553298 7.07788849 4.8E-07
v -9.54853725 6.98388672 4.8E-07
v -9.56144619 6.89073181 4.8E-07
v -9.59159756 6.80158997 4.8E-07
v -9.63790798 6.71970367 4.8E-07
v -9.70068264 6.62876129 4.8E-07
v -9.70068264 6.62876129 2.50000024
v -9.67985439 6.65914154 4.8E-07
v -9.65891933 6.68945312 4.8E-07
v -12.22407341 6.82436371 4.8E-07
v -12.3398571 6.61269379 4.8E-07
v -12.45197868 6.39907074 4.8E-07
v -12.56040764 6.18354034 4.8E-07
v -10.36878872 6.48093414 2.50000024
v -10.49511623 6.54560089 4.8E-07
v -10.64784145 6.60448456 4.8E-07
v -10.36878872 6.48093414 4.8E-07
v -10.83097744 6.65879822 4.8E-07
v -11.04849148 6.70976257 4.8E-07
v -11.30126858 6.75659943 4.8E-07
v -11.58206081 6.79299927 4.8E-07
v -11.88983059 6.81635284 4.8E-07
v -9.76080227 6.55644226 4.8E-07
v -9.78048611 6.53801727 1.66665697
v -9.78048611 6.53801727 3.33332825
v -9.857131 6.48161316 1.66665697
v -9.857131 6.48161316 3.33332825
v -9.94308376 6.4408493 1.66665697
v -9.94308376 6.4408493 3.33332825
v -10.03526211 6.417099 1.66665697
v -10.03526211 6.417099 3.33332825
v -10.13021755 6.41113281 1.66665697
v -10.13021755 6.41113281 3.33332825
v -10.19045925 6.41685486 1.66665697
v -10.19045925 6.41685486 3.33332825
v -10.28266811 6.44042206 1.66665697
v -10.28266811 6.44042206 3.33332825
v -9.83338833 6.49668121 4.8E-07
v -9.91592312 6.45154572 4.8E-07
v -10.0053854 6.42268372 4.8E-07
v -10.09878445 6.41107178 4.8E-07
v -10.19264126 6.4171524 4.8E-07
v -10.28373623 6.44072723 4.8E-07
v -11.22384548 4.85175323 4.8E-07
v -11.22384548 4.85175323 2.50000024
v -11.38331509 4.94261932 4.8E-07
v -11.55998135 5.0751152 4.8E-07
v -11.46707058 5.00268173 4.8E-07
v -11.76006985 5.24531174 4.8E-07
v -11.94671535 5.42576218 4.8E-07
v -12.11965752 5.61293411 4.8E-07
v -12.27931023 5.80369949 4.8E-07
v -10.96597195 4.21794128 2.50000024
v -10.9366293 4.33516312 3.33332825
v -10.9366293 4.33516312 1.66665697
v -10.93374538 4.43027878 3.33332825
v -10.93374538 4.43027878 1.66665697
v -10.94903469 4.52418137 3.33332825
v -10.94903469 4.52418137 1.66665697
v -10.98184109 4.61352921 3.33332825
v -10.98184109 4.61352921 1.66665697
v -11.03088284 4.69507217 3.33332825
v -11.03088284 4.69507217 1.66665697
v -11.06980801 4.74139404 3.33332825
v -11.06980801 4.74139404 1.66665697
v -11.14158535 4.80389786 3.33332825
v -11.14158535 4.80389786 1.66665697
v -11.14247036 4.80461502 4.8E-07
v -11.0713644 4.7430954 4.8E-07
v -11.01301479 4.66930389 4.8E-07
v -10.9695425 4.5859642 4.8E-07
v -10.94242764 4.49583817 4.8E-07
v -10.93267727 4.40229416 4.8E-07
v -10.94061184 4.30853271 4.8E-07
v -10.96597195 4.21794128 4.8E-07
v -11.00515652 4.11461639 4.8E-07
v -11.00515652 4.11461639 2.50000024
v -10.99221706 4.14909744 4.8E-07
v -10.97914028 4.18354034 4.8E-07
v 1.47445667 0.27562332 4.8E-07
v 1.49999976 0 4.8E-07
v 1.39871204 0.54186249 4.8E-07
v 1.27532947 0.78964996 4.8E-07
v 1.10852039 1.01054382 4.8E-07
v 0.90394574 1.1970253 4.8E-07
v 0.6686095 1.34274673 4.8E-07
v 0.41049182 1.44273758 4.8E-07
v 0.13839713 1.49360275 4.8E-07
v -0.13839728 1.49360275 4.8E-07
v -0.41049194 1.44273758 4.8E-07
v -0.66860962 1.34274673 4.8E-07
v -0.90394586 1.1970253 4.8E-07
v -1.10852039 1.01054382 4.8E-07
v -1.27532947 0.78964996 4.8E-07
v -1.39871204 0.54186249 4.8E-07
v -1.47445667 0.27562332 4.8E-07
v -11.04623318 4.03001022 4.8E-07
v -1.49999976 0 4.8E-07
v -1.47445667 -0.27562332 4.8E-07
v -1.39871204 -0.54186249 4.8E-07
v -1.27532947 -0.78964996 4.8E-07
v -1.10852039 -1.01054382 4.8E-07
v -0.90394586 -1.1970253 4.8E-07
v -0.66860962 -1.34274673 4.8E-07
v -0.41049194 -1.44273758 4.8E-07
v -0.13839728 -1.49360275 4.8E-07
v 0.13839713 -1.49360275 4.8E-07
v 0.41049182 -1.44273758 4.8E-07
v 0.6686095 -1.34274673 4.8E-07
v 0.90394574 -1.1970253 4.8E-07
v 1.10852039 -1.01054382 4.8E-07
v 1.27532947 -0.78964996 4.8E-07
v 1.39871204 -0.54186249 4.8E-07
v 1.47445667 -0.27562332 4.8E-07
v -11.65379238 1.56507111 4.8E-07
v -11.10241604 3.95461655 4.8E-07
v -11.66851711 1.65801239 4.8E-07
v -11.17175198 3.89103699 4.8E-07
v -11.70037746 1.74650192 4.8E-07
v -11.25169277 3.84160614 4.8E-07
v -11.74829006 1.82751846 4.8E-07
v -11.81043911 1.89803314 4.8E-07
v -11.33959866 3.80797958 4.8E-07
v -11.88474941 1.95571518 4.8E-07
v -11.43218899 3.79142761 4.8E-07
v -11.96850491 1.99843597 4.8E-07
v -11.52627468 3.79251099 4.8E-07
v -12.05880547 2.02472687 4.8E-07
v -11.61848354 3.81119537 4.8E-07
v -12.23538017 2.07478714 4.8E-07
v -11.7566061 3.84375 4.8E-07
v -12.3310833 2.11306 4.8E-07
v -11.91899014 3.86437225 4.8E-07
v -12.43862724 2.16115952 4.8E-07
v -12.10980034 3.8732872 4.8E-07
v -12.67362785 2.27852631 4.8E-07
v -12.33318901 3.87071609 4.8E-07
v -12.89803886 2.40906525 4.8E-07
v -12.58982658 3.85569 4.8E-07
v -13.11074638 2.54940796 4.8E-07
v -12.8711834 3.82383728 4.8E-07
v -13.31141472 2.69642258 4.8E-07
v -13.17559624 3.77285385 4.8E-07
v -13.56381035 3.46742249 0
v -13.50204277 3.70064545 0
v -13.67524529 2.99795532 0
v -13.62154961 3.23316956 0
v -11.61848354 3.81119537 2.50000024
v -11.06092739 4.00740814 1.66665697
v -11.06092739 4.00740814 3.33332825
v -11.12184048 3.93429947 1.66665697
v -11.12184048 3.93429947 3.33332825
v -11.19555569 3.87415314 1.66665697
v -11.19555569 3.87415314 3.33332825
v -11.27935696 3.82903671 1.66665697
v -11.27935696 3.82903671 3.33332825
v -11.37014675 3.80051804 1.66665697
v -11.37014675 3.80051804 3.33332825
v -11.42999172 3.79165649 1.66665697
v -11.42999172 3.79165649 3.33332825
v -11.52516079 3.79246902 1.66665697
v -11.52516079 3.79246902 3.33332825
v -12.05880547 2.02472687 2.50000024
v -11.65629482 1.59188461 3.33332825
v -11.65629482 1.59188461 1.66665697
v -11.67626858 1.68492889 3.33332825
v -11.67626858 1.68492889 1.66665697
v -11.71357632 1.77244186 3.33332825
v -11.71357632 1.77244186 1.66665697
v -11.76681423 1.85133743 3.33332825
v -11.76681423 1.85133743 1.66665697
v -11.8339529 1.91877747 3.33332825
v -11.8339529 1.91877747 1.66665697
v -11.88282681 1.95444107 3.33332825
v -11.88282681 1.95444107 1.66665697
v -11.96748257 1.99794769 3.33332825
v -11.96748257 1.99794769 1.66665697
v 1.22872901 0.86036301 3.5021975
v 1.0497129 1.07149506 3.5021975
v 0.8349607 1.24613571 3.5021975
v 0.59176618 1.37833786 3.5021975
v 0.32841474 1.46360397 3.5021975
v 0.05389391 1.49903107 3.5021975
v -0.22247325 1.48340988 3.5021975
v -0.4912568 1.41727066 3.5021975
v -0.74331671 1.3028717 3.5021975
v -0.97006226 1.14410019 3.5021975
v -1.16377258 0.94637299 3.5021975
v -1.31785583 0.71641541 3.5021975
v -1.42729187 0.46134567 3.5021975
v -1.4876709 0.19197083 3.5021975
v -1.49760437 -0.08465576 3.5021975
v -1.45655823 -0.35839844 3.5021975
v -1.36590576 -0.6199379 3.5021975
v -1.22872925 -0.86036301 3.5021975
v -1.04971313 -1.07149506 3.5021975
v -0.83496094 -1.24613571 3.5021975
v -0.59176642 -1.37833786 3.5021975
v -0.32841504 -1.46360779 3.5021975
v -0.05389417 -1.49903107 3.5021975
v 0.22247298 -1.48340988 3.5021975
v 0.49125651 -1.41727066 3.5021975
v 0.74331647 -1.3028717 3.5021975
v 0.97006202 -1.144104 3.5021975
v 1.16377234 -0.94637299 3.5021975
v 1.3178556 -0.71641541 3.5021975
v 1.42706275 -0.46205902 3.5021975
v 1.48767066 -0.19197083 3.5021975
v 1.49760413 0.08465576 3.5021975
v 1.45655799 0.35839844 3.5021975
v 1.36589026 0.6199379 3.5021975
vn 0 0 0
f 1//1 2//1 3//1
f 3//1 2//1 4//1
f 3//1 4//1 5//1
f 5//1 4//1 6//1
f 5//1 6//1 7//1
f 7//1 6//1 8//1
f 7//1 8//1 9//1
f 9//1 8//1 10//1
f 9//1 10//1 11//1
f 11//1 10//1 12//1
f 11//1 12//1 13//1
f 13//1 12//1 14//1
f 13//1 14//1 15//1
f 15//1 14//1 16//1
f 15//1 16//1 17//1
f 17//1 16//1 18//1
f 17//1 18//1 19//1
f 19//1 18//1 20//1
f 19//1 20//1 21//1
f 21//1 20//1 22//1
f 21//1 22//1 23//1
f 23//1 22//1 24//1
f 23//1 24//1 25//1
f 25//1 24//1 26//1
f 25//1 26//1 27//1
f 27//1 26//1 28//1
f 27//1 28//1 29//1
f 29//1 28//1 30//1
f 29//1 30//1 31//1
f 31//1 30//1 32//1
f 31//1 32//1 33//1
f 33//1 32//1 34//1
f 33//1 34//1 35//1
f 35//1 34//1 36//1
f 35//1 36//1 37//1
f 37//1 36//1 38//1
f 37//1 38//1 39//1
f 39//1 38//1 40//1
f 39//1 40//1 41//1
f 41//1 40//1 42//1
f 41//1 42//1 43//1
f 43//1 42//1 44//1
f 43//1 44//1 45//1
f 45//1 44//1 46//1
f 45//1 46//1 47//1
f 47//1 46//1 48//1
f 47//1 48//1 49//1
f 49//1 48//1 50//1
f 49//1 50//1 51//1
f 51//1 50//1 52//1
f 51//1 52//1 53//1
f 53//1 52//1 54//1
f 53//1 54//1 55//1
f 55//1 54//1 56//1
f 55//1 56//1 57//1
f 57//1 56//1 58//1
f 57//1 58//1 59//1
f 59//1 58//1 60//1
f 59//1 60//1 61//1
f 61//1 60//1 62//1
f 61//1 62//1 63//1
f 63//1 62//1 64//1
f 63//1 64//1 65//1
f 65//1 64//1 66//1
f 65//1 66//1 67//1
f 67//1 66//1 68//1
f 67//1 68//1 1//1
f 1//1 68//1 2//1
f 69//1 6//1 70//1
f 70//1 6//1 4//1
f 70//1 4//1 71//1
f 71//1 4//1 2//1
f 71//1 2//1 72//1
f 72//1 2//1 68//1
f 72//1 68//1 73//1
f 73//1 68//1 66//1
f 73//1 66//1 74//1
f 74//1 66//1 64//1
f 74//1 64//1 75//1
f 75//1 64//1 62//1
f 75//1 62//1 76//1
f 76//1 62//1 60//1
f 76//1 60//1 77//1
f 77//1 60//1 58//1
f 77//1 58//1 78//1
f 78//1 58//1 56//1
f 78//1 56//1 79//1
f 79//1 56//1 54//1
f 79//1 54//1 80//1
f 80//1 54//1 52//1
f 80//1 52//1 81//1
f 81//1 52//1 50//1
f 81//1 50//1 82//1
f 82//1 50//1 48//1
f 82//1 48//1 83//1
f 83//1 48//1 46//1
f 83//1 46//1 84//1
f 84//1 46//1 44//1
f 84//1 44//1 85//1
f 85//1 44//1 42//1
f 85//1 42//1 86//1
f 86//1 42//1 40//1
f 86//1 40//1 87//1
f 87//1 40//1 38//1
f 87//1 38//1 88//1
f 88//1 38//1 36//1
f 88//1 36//1 89//1
f 89//1 36//1 34//1
f 89//1 34//1 90//1
f 90//1 34//1 32//1
f 90//1 32//1 91//1
f 91//1 32//1 30//1
f 91//1 30//1 92//1
f 92//1 30//1 28//1
f 92//1 28//1 93//1
f 93//1 28//1 26//1
f 93//1 26//1 94//1
f 94//1 26//1 24//1
f 94//1 24//1 95//1
f 95//1 24//1 22//1
f 95//1 22//1 96//1
f 96//1 22//1 20//1
f 96//1 20//1 97//1
f 97//1 20//1 18//1
f 97//1 18//1 98//1
f 98//1 18//1 16//1
f 98//1 16//1 99//1
f 99//1 16//1 14//1
f 99//1 14//1 100//1
f 100//1 14//1 12//1
f 100//1 12//1 101//1
f 101//1 12//1 10//1
f 101//1 10//1 102//1
f 102//1 10//1 8//1
f 102//1 8//1 69//1
f 69//1 8//1 6//1
f 71//1 86//1 70//1
f 70//1 86//1 87//1
f 70//1 87//1 69//1
f 69//1 87//1 88//1
f 69//1 88//1 102//1
f 102//1 88//1 89//1
f 102//1 89//1 101//1
f 101//1 89//1 90//1
f 101//1 90//1 100//1
f 100//1 90//1 91//1
f 100//1 91//1 99//1
f 99//1 91//1 92//1
f 99//1 92//1 98//1
f 98//1 92//1 93//1
f 98//1 93//1 97//1
f 97//1 93//1 94//1
f 97//1 94//1 96//1
f 96//1 94//1 95//1
f 86//1 71//1 85//1
f 85//1 71//1 72//1
f 85//1 72//1 84//1
f 84//1 72//1 73//1
f 84//1 73//1 83//1
f 83//1 73//1 74//1
f 83//1 74//1 82//1
f 82//1 74//1 75//1
f 82//1 75//1 81//1
f 81//1 75//1 76//1
f 81//1 76//1 80//1
f 80//1 76//1 77//1
f 80//1 77//1 79//1
f 79//1 77//1 78//1
f 103//1 104//1 105//1
f 105//1 104//1 106//1
f 105//1 106//1 107//1
f 107//1 106//1 108//1
f 107//1 108//1 109//1
f 109//1 108//1 110//1
f 109//1 110//1 111//1
f 111//1 110//1 112//1
f 111//1 112//1 113//1
f 113//1 112//1 114//1
f 113//1 114//1 115//1
f 115//1 114//1 116//1
f 115//1 116//1 117//1
f 117//1 116//1 118//1
f 117//1 118//1 119//1
f 119//1 118//1 120//1
f 119//1 120//1 121//1
f 121//1 120//1 122//1
f 121//1 122//1 123//1
f 123//1 122//1 124//1
f 123//1 124//1 125//1
f 125//1 124//1 126//1
f 125//1 126//1 127//1
f 127//1 126//1 128//1
f 127//1 128//1 129//1
f 129//1 128//1 130//1
f 129//1 130//1 131//1
f 131//1 130//1 132//1
f 131//1 132//1 133//1
f 133//1 132//1 134//1
f 133//1 134//1 135//1
f 135//1 134//1 136//1
f 135//1 136//1 137//1
f 137//1 136//1 138//1
f 137//1 138//1 139//1
f 139//1 138//1 140//1
f 139//1 140//1 141//1
f 141//1 140//1 142//1
f 141//1 142//1 143//1
f 143//1 142//1 144//1
f 143//1 144//1 145//1
f 145//1 144//1 146//1
f 145//1 146//1 147//1
f 147//1 146//1 148//1
f 147//1 148//1 149//1
f 149//1 148//1 150//1
f 149//1 150//1 151//1
f 151//1 150//1 152//1
f 151//1 152//1 153//1
f 153//1 152//1 154//1
f 153//1 154//1 155//1
f 155//1 154//1 156//1
f 155//1 156//1 157//1
f 157//1 156//1 158//1
f 157//1 158//1 159//1
f 159//1 158//1 160//1
f 159//1 160//1 161//1
f 161//1 160//1 162//1
f 161//1 162//1 163//1
f 163//1 162//1 164//1
f 163//1 164//1 165//1
f 165//1 164//1 166//1
f 165//1 166//1 167//1
f 167//1 166//1 168//1
f 167//1 168//1 169//1
f 169//1 168//1 170//1
f 169//1 170//1 103//1
f 103//1 170//1 104//1
f 171//1 108//1 172//1
f 172//1 108//1 106//1
f 172//1 106//1 173//1
f 173//1 106//1 104//1
f 173//1 104//1 174//1
f 174//1 104//1 170//1
f 174//1 170//1 175//1
f 175//1 170//1 168//1
f 175//1 168//1 176//1
f 176//1 168//1 166//1
f 176//1 166//1 177//1
f 177//1 166//1 164//1
f 177//1 164//1 178//1
f 178//1 164//1 162//1
f 178//1 162//1 179//1
f 179//1 162//1 160//1
f 179//1 160//1 180//1
f 180//1 160//1 158//1
f 180//1 158//1 181//1
f 181//1 158//1 156//1
f 181//1 156//1 182//1
f 182//1 156//1 154//1
f 182//1 154//1 183//1
f 183//1 154//1 152//1
f 183//1 152//1 184//1
f 184//1 152//1 150//1
f 184//1 150//1 185//1
f 185//1 150//1 148//1
f 185//1 148//1 186//1
f 186//1 148//1 146//1
f 186//1 146//1 187//1
f 187//1 146//1 144//1
f 187//1 144//1 188//1
f 188//1 144//1 142//1
f 188//1 142//1 189//1
f 189//1 142//1 140//1
f 189//1 140//1 190//1
f 190//1 140//1 138//1
f 190//1 138//1 191//1
f 191//1 138//1 136//1
f 191//1 136//1 192//1
f 192//1 136//1 134//1
f 192//1 134//1 193//1
f 193//1 134//1 132//1
f 193//1 132//1 194//1
f 194//1 132//1 130//1
f 194//1 130//1 195//1
f 195//1 130//1 128//1
f 195//1 128//1 196//1
f 196//1 128//1 126//1
f 196//1 126//1 197//1
f 197//1 126//1 124//1
f 197//1 124//1 198//1
f 198//1 124//1 122//1
f 198//1 122//1 199//1
f 199//1 122//1 120//1
f 199//1 120//1 200//1
f 200//1 120//1 118//1
f 200//1 118//1 201//1
f 201//1 118//1 116//1
f 201//1 116//1 202//1
f 202//1 116//1 114//1
f 202//1 114//1 203//1
f 203//1 114//1 112//1
f 203//1 112//1 204//1
f 204//1 112//1 110//1
f 204//1 110//1 171//1
f 171//1 110//1 108//1
f 173//1 188//1 172//1
f 172//1 188//1 189//1
f 172//1 189//1 171//1
f 171//1 189//1 190//1
f 171//1 190//1 204//1
f 204//1 190//1 191//1
f 204//1 191//1 203//1
f 203//1 191//1 192//1
f 203//1 192//1 202//1
f 202//1 192//1 193//1
f 202//1 193//1 201//1
f 201//1 193//1 194//1
f 201//1 194//1 200//1
f 200//1 194//1 195//1
f 200//1 195//1 199//1
f 199//1 195//1 196//1
f 199//1 196//1 198//1
f 198//1 196//1 197//1
f 188//1 173//1 187//1
f 187//1 173//1 174//1
f 187//1 174//1 186//1
f 186//1 174//1 175//1
f 186//1 175//1 185//1
f 185//1 175//1 176//1
f 185//1 176//1 184//1
f 184//1 176//1 177//1
f 184//1 177//1 183//1
f 183//1 177//1 178//1
f 183//1 178//1 182//1
f 182//1 178//1 179//1
f 182//1 179//1 181//1
f 181//1 179//1 180//1
f 5//1 205//1 3//1
f 3//1 205//1 206//1
f 3//1 206//1 1//1
f 1//1 206//1 207//1
f 1//1 207//1 67//1
f 67//1 207//1 208//1
f 67//1 208//1 65//1
f 65//1 208//1 209//1
f 65//1 209//1 63//1
f 63//1 209//1 210//1
f 63//1 210//1 61//1
f 61//1 210//1 59//1
f 59//1 210//1 57//1
f 57//1 210//1 55//1
f 55//1 210//1 53//1
f 53//1 210//1 211//1
f 53//1 211//1 51//1
f 51//1 211//1 212//1
f 51//1 212//1 213//1
f 205//1 5//1 214//1
f 214//1 5//1 7//1
f 214//1 7//1 215//1
f 215//1 7//1 9//1
f 215//1 9//1 216//1
f 216//1 9//1 11//1
f 216//1 11//1 217//1
f 217//1 11//1 13//1
f 217//1 13//1 15//1
f 15//1 17//1 217//1
f 217//1 17//1 19//1
f 217//1 19//1 21//1
f 217//1 21//1 218//1
f 218//1 21//1 23//1
f 218//1 23//1 219//1
f 219//1 23//1 220//1
f 220//1 23//1 25//1
f 220//1 25//1 221//1
f 221//1 25//1 27//1
f 221//1 27//1 222//1
f 222//1 27//1 29//1
f 222//1 29//1 223//1
f 223//1 29//1 31//1
f 223//1 31//1 224//1
f 224//1 31//1 33//1
f 224//1 33//1 225//1
f 225//1 33//1 35//1
f 225//1 35//1 226//1
f 226//1 35//1 37//1
f 226//1 37//1 227//1
f 227//1 37//1 228//1
f 228//1 37//1 39//1
f 228//1 39//1 229//1
f 229//1 39//1 41//1
f 229//1 41//1 230//1
f 230//1 41//1 43//1
f 230//1 43//1 231//1
f 231//1 43//1 45//1
f 231//1 45//1 232//1
f 232//1 45//1 47//1
f 232//1 47//1 233//1
f 233//1 47//1 49//1
f 233//1 49//1 213//1
f 213//1 49//1 51//1
f 107//1 234//1 105//1
f 105//1 234//1 235//1
f 105//1 235//1 103//1
f 103//1 235//1 236//1
f 103//1 236//1 169//1
f 169//1 236//1 237//1
f 169//1 237//1 167//1
f 167//1 237//1 238//1
f 167//1 238//1 165//1
f 165//1 238//1 239//1
f 165//1 239//1 163//1
f 163//1 239//1 240//1
f 163//1 240//1 161//1
f 161//1 240//1 241//1
f 161//1 241//1 242//1
f 234//1 107//1 243//1
f 243//1 107//1 109//1
f 243//1 109//1 244//1
f 244//1 109//1 111//1
f 244//1 111//1 245//1
f 245//1 111//1 113//1
f 245//1 113//1 246//1
f 246//1 113//1 115//1
f 246//1 115//1 247//1
f 247//1 115//1 117//1
f 247//1 117//1 248//1
f 248//1 117//1 249//1
f 249//1 117//1 119//1
f 249//1 119//1 250//1
f 250//1 119//1 121//1
f 250//1 121//1 251//1
f 251//1 121//1 252//1
f 251//1 252//1 253//1
f 253//1 252//1 254//1
f 253//1 254//1 255//1
f 255//1 254//1 256//1
f 256//1 254//1 257//1
f 257//1 254//1 258//1
f 258//1 254//1 259//1
f 259//1 254//1 260//1
f 260//1 254//1 261//1
f 261//1 254//1 262//1
f 262//1 254//1 263//1
f 263//1 254//1 264//1
f 264//1 254//1 265//1
f 265//1 254//1 266//1
f 265//1 266//1 267//1
f 267//1 266//1 268//1
f 268//1 266//1 269//1
f 269//1 266//1 270//1
f 270//1 266//1 271//1
f 271//1 266//1 272//1
f 272//1 266//1 273//1
f 273//1 266//1 274//1
f 274//1 266//1 275//1
f 275//1 266//1 276//1
f 276//1 266//1 277//1
f 277//1 266//1 278//1
f 278//1 266//1 217//1
f 278//1 217//1 218//1
f 121//1 123//1 252//1
f 252//1 123//1 125//1
f 252//1 125//1 127//1
f 127//1 129//1 252//1
f 252//1 129//1 131//1
f 252//1 131//1 279//1
f 279//1 131//1 133//1
f 279//1 133//1 280//1
f 280//1 133//1 135//1
f 280//1 135//1 281//1
f 281//1 135//1 137//1
f 281//1 137//1 282//1
f 282//1 137//1 139//1
f 282//1 139//1 283//1
f 283//1 139//1 141//1
f 283//1 141//1 284//1
f 284//1 141//1 143//1
f 284//1 143//1 285//1
f 285//1 143//1 145//1
f 285//1 145//1 286//1
f 286//1 145//1 147//1
f 286//1 147//1 287//1
f 287//1 147//1 149//1
f 287//1 149//1 151//1
f 151//1 153//1 287//1
f 287//1 153//1 155//1
f 287//1 155//1 157//1
f 159//1 288//1 157//1
f 157//1 288//1 289//1
f 157//1 289//1 287//1
f 287//1 289//1 290//1
f 287//1 290//1 291//1
f 291//1 290//1 292//1
f 291//1 292//1 293//1
f 288//1 159//1 242//1
f 242//1 159//1 161//1
f 279//1 294//1 252//1
f 252//1 294//1 295//1
f 252//1 295//1 296//1
f 296//1 297//1 252//1
f 252//1 297//1 298//1
f 252//1 298//1 217//1
f 217//1 298//1 299//1
f 217//1 299//1 300//1
f 300//1 301//1 217//1
f 217//1 301//1 302//1
f 217//1 302//1 216//1
f 209//1 303//1 210//1
f 210//1 303//1 304//1
f 210//1 304//1 305//1
f 305//1 306//1 210//1
f 210//1 306//1 307//1
f 210//1 307//1 287//1
f 287//1 307//1 308//1
f 287//1 308//1 309//1
f 309//1 310//1 287//1
f 287//1 310//1 311//1
f 287//1 311//1 286//1
f 293//1 312//1 291//1
f 291//1 312//1 313//1
f 291//1 313//1 314//1
f 314//1 315//1 291//1
f 291//1 315//1 316//1
f 291//1 316//1 317//1
f 317//1 318//1 291//1
f 291//1 318//1 319//1
f 291//1 319//1 320//1
f 291//1 320//1 321//1
f 321//1 320//1 322//1
f 321//1 322//1 323//1
f 323//1 324//1 321//1
f 321//1 324//1 325//1
f 321//1 325//1 326//1
f 326//1 327//1 321//1
f 321//1 327//1 328//1
f 321//1 328//1 329//1
f 329//1 330//1 321//1
f 321//1 330//1 331//1
f 321//1 331//1 332//1
f 332//1 333//1 321//1
f 321//1 333//1 210//1
f 210//1 333//1 211//1
f 252//1 334//1 254//1
f 254//1 334//1 335//1
f 217//1 336//1 252//1
f 252//1 336//1 337//1
f 252//1 337//1 338//1
f 339//1 340//1 217//1
f 217//1 340//1 341//1
f 217//1 341//1 342//1
f 334//1 343//1 339//1
f 339//1 343//1 344//1
f 339//1 344//1 345//1
f 252//1 346//1 334//1
f 334//1 346//1 347//1
f 334//1 347//1 348//1
f 342//1 349//1 217//1
f 217//1 349//1 350//1
f 217//1 350//1 351//1
f 351//1 352//1 217//1
f 217//1 352//1 353//1
f 217//1 353//1 354//1
f 354//1 336//1 217//1
f 338//1 355//1 252//1
f 252//1 355//1 356//1
f 252//1 356//1 357//1
f 357//1 358//1 252//1
f 252//1 358//1 359//1
f 252//1 359//1 360//1
f 360//1 346//1 252//1
f 348//1 361//1 334//1
f 334//1 361//1 362//1
f 334//1 362//1 363//1
f 363//1 364//1 334//1
f 334//1 364//1 365//1
f 334//1 365//1 366//1
f 366//1 367//1 334//1
f 334//1 367//1 343//1
f 345//1 368//1 339//1
f 339//1 368//1 369//1
f 339//1 369//1 370//1
f 370//1 371//1 339//1
f 339//1 371//1 372//1
f 339//1 372//1 373//1
f 373//1 340//1 339//1
f 374//1 375//1 376//1
f 376//1 375//1 210//1
f 376//1 210//1 377//1
f 377//1 210//1 378//1
f 378//1 210//1 379//1
f 379//1 210//1 380//1
f 380//1 210//1 381//1
f 381//1 210//1 382//1
f 382//1 210//1 383//1
f 383//1 210//1 384//1
f 384//1 210//1 385//1
f 385//1 210//1 287//1
f 385//1 287//1 386//1
f 386//1 287//1 387//1
f 387//1 287//1 388//1
f 388//1 287//1 389//1
f 389//1 287//1 390//1
f 390//1 287//1 391//1
f 391//1 287//1 392//1
f 392//1 287//1 393//1
f 393//1 287//1 394//1
f 394//1 287//1 395//1
f 394//1 395//1 396//1
f 396//1 395//1 397//1
f 397//1 395//1 398//1
f 398//1 395//1 399//1
f 399//1 395//1 400//1
f 400//1 395//1 401//1
f 401//1 395//1 402//1
f 402//1 395//1 403//1
f 403//1 395//1 404//1
f 404//1 395//1 405//1
f 405//1 395//1 375//1
f 405//1 375//1 406//1
f 406//1 375//1 407//1
f 407//1 375//1 408//1
f 408//1 375//1 409//1
f 409//1 375//1 410//1
f 410//1 375//1 411//1
f 411//1 375//1 412//1
f 412//1 375//1 374//1
f 291//1 413//1 287//1
f 287//1 413//1 395//1
f 266//1 414//1 217//1
f 217//1 414//1 339//1
f 321//1 415//1 291//1
f 291//1 415//1 416//1
f 291//1 416//1 417//1
f 418//1 419//1 321//1
f 321//1 419//1 420//1
f 321//1 420//1 421//1
f 413//1 422//1 418//1
f 418//1 422//1 423//1
f 418//1 423//1 424//1
f 291//1 425//1 413//1
f 413//1 425//1 426//1
f 413//1 426//1 427//1
f 424//1 428//1 418//1
f 418//1 428//1 429//1
f 418//1 429//1 430//1
f 430//1 431//1 418//1
f 418//1 431//1 432//1
f 418//1 432//1 433//1
f 433//1 434//1 418//1
f 418//1 434//1 419//1
f 421//1 435//1 321//1
f 321//1 435//1 436//1
f 321//1 436//1 437//1
f 437//1 438//1 321//1
f 321//1 438//1 439//1
f 321//1 439//1 440//1
f 440//1 415//1 321//1
f 417//1 441//1 291//1
f 291//1 441//1 442//1
f 291//1 442//1 443//1
f 443//1 444//1 291//1
f 291//1 444//1 445//1
f 291//1 445//1 425//1
f 427//1 446//1 413//1
f 413//1 446//1 447//1
f 413//1 447//1 448//1
f 448//1 449//1 413//1
f 413//1 449//1 450//1
f 413//1 450//1 451//1
f 451//1 452//1 413//1
f 413//1 452//1 422//1
f 228//1 453//1 227//1
f 227//1 453//1 454//1
f 227//1 454//1 226//1
f 226//1 454//1 455//1
f 226//1 455//1 225//1
f 225//1 455//1 456//1
f 225//1 456//1 224//1
f 224//1 456//1 457//1
f 224//1 457//1 223//1
f 223//1 457//1 458//1
f 223//1 458//1 222//1
f 222//1 458//1 459//1
f 222//1 459//1 221//1
f 221//1 459//1 460//1
f 221//1 460//1 220//1
f 220//1 460//1 461//1
f 220//1 461//1 219//1
f 219//1 461//1 462//1
f 219//1 462//1 218//1
f 218//1 462//1 463//1
f 218//1 463//1 278//1
f 278//1 463//1 464//1
f 278//1 464//1 277//1
f 277//1 464//1 465//1
f 277//1 465//1 276//1
f 276//1 465//1 466//1
f 276//1 466//1 275//1
f 275//1 466//1 467//1
f 275//1 467//1 274//1
f 274//1 467//1 468//1
f 274//1 468//1 273//1
f 273//1 468//1 469//1
f 273//1 469//1 272//1
f 272//1 469//1 470//1
f 272//1 470//1 271//1
f 271//1 470//1 471//1
f 271//1 471//1 270//1
f 270//1 471//1 472//1
f 270//1 472//1 269//1
f 269//1 472//1 473//1
f 269//1 473//1 474//1
f 474//1 473//1 475//1
f 475//1 473//1 476//1
f 476//1 473//1 477//1
f 477//1 473//1 478//1
f 478//1 473//1 479//1
f 479//1 473//1 480//1
f 479//1 480//1 481//1
f 481//1 480//1 482//1
f 482//1 480//1 483//1
f 483//1 480//1 484//1
f 484//1 480//1 485//1
f 485//1 480//1 486//1
f 486//1 480//1 487//1
f 486//1 487//1 488//1
f 488//1 487//1 489//1
f 489//1 487//1 490//1
f 490//1 487//1 491//1
f 491//1 487//1 492//1
f 491//1 492//1 493//1
f 493//1 492//1 494//1
f 494//1 492//1 495//1
f 495//1 492//1 496//1
f 496//1 492//1 497//1
f 496//1 497//1 498//1
f 498//1 497//1 499//1
f 499//1 497//1 500//1
f 500//1 497//1 501//1
f 501//1 497//1 502//1
f 502//1 497//1 503//1
f 502//1 503//1 504//1
f 504//1 503//1 505//1
f 505//1 503//1 506//1
f 506//1 503//1 507//1
f 507//1 503//1 508//1
f 508//1 503//1 509//1
f 509//1 503//1 510//1
f 510//1 503//1 511//1
f 510//1 511//1 512//1
f 512//1 511//1 262//1
f 512//1 262//1 263//1
f 453//1 228//1 513//1
f 513//1 228//1 229//1
f 513//1 229//1 514//1
f 514//1 229//1 230//1
f 514//1 230//1 515//1
f 515//1 230//1 231//1
f 515//1 231//1 516//1
f 516//1 231//1 232//1
f 516//1 232//1 517//1
f 517//1 232//1 233//1
f 517//1 233//1 518//1
f 518//1 233//1 213//1
f 518//1 213//1 519//1
f 519//1 213//1 212//1
f 519//1 212//1 520//1
f 520//1 212//1 211//1
f 520//1 211//1 521//1
f 521//1 211//1 333//1
f 521//1 333//1 522//1
f 522//1 333//1 332//1
f 522//1 332//1 523//1
f 523//1 332//1 331//1
f 523//1 331//1 524//1
f 524//1 331//1 330//1
f 524//1 330//1 525//1
f 525//1 330//1 329//1
f 525//1 329//1 526//1
f 526//1 329//1 328//1
f 526//1 328//1 527//1
f 527//1 328//1 327//1
f 527//1 327//1 528//1
f 528//1 327//1 326//1
f 528//1 326//1 529//1
f 529//1 326//1 325//1
f 529//1 325//1 530//1
f 530//1 325//1 324//1
f 530//1 324//1 531//1
f 531//1 324//1 532//1
f 532//1 324//1 533//1
f 533//1 324//1 534//1
f 534//1 324//1 535//1
f 535//1 324//1 536//1
f 536//1 324//1 323//1
f 536//1 323//1 537//1
f 537//1 323//1 538//1
f 538//1 323//1 539//1
f 539//1 323//1 540//1
f 540//1 323//1 541//1
f 541//1 323//1 542//1
f 542//1 323//1 322//1
f 542//1 322//1 543//1
f 543//1 322//1 544//1
f 544//1 322//1 545//1
f 545//1 322//1 546//1
f 546//1 322//1 320//1
f 546//1 320//1 547//1
f 547//1 320//1 548//1
f 548//1 320//1 549//1
f 549//1 320//1 550//1
f 550//1 320//1 319//1
f 550//1 319//1 551//1
f 551//1 319//1 552//1
f 552//1 319//1 553//1
f 553//1 319//1 554//1
f 554//1 319//1 555//1
f 555//1 319//1 318//1
f 555//1 318//1 556//1
f 556//1 318//1 557//1
f 557//1 318//1 558//1
f 558//1 318//1 559//1
f 559//1 318//1 560//1
f 560//1 318//1 561//1
f 561//1 318//1 562//1
f 562//1 318//1 317//1
f 562//1 317//1 563//1
f 563//1 317//1 564//1
f 563//1 564//1 565//1
f 565//1 564//1 566//1
f 565//1 566//1 567//1
f 567//1 566//1 568//1
f 568//1 566//1 569//1
f 569//1 566//1 570//1
f 570//1 566//1 571//1
f 571//1 566//1 572//1
f 572//1 566//1 573//1
f 573//1 566//1 574//1
f 573//1 574//1 575//1
f 575//1 574//1 576//1
f 576//1 574//1 577//1
f 577//1 574//1 578//1
f 578//1 574//1 579//1
f 579//1 574//1 580//1
f 579//1 580//1 581//1
f 581//1 580//1 582//1
f 582//1 580//1 583//1
f 583//1 580//1 584//1
f 584//1 580//1 585//1
f 584//1 585//1 586//1
f 586//1 585//1 587//1
f 587//1 585//1 588//1
f 588//1 585//1 589//1
f 589//1 585//1 590//1
f 589//1 590//1 591//1
f 591//1 590//1 592//1
f 592//1 590//1 593//1
f 593//1 590//1 594//1
f 594//1 590//1 595//1
f 595//1 590//1 596//1
f 596//1 590//1 530//1
f 596//1 530//1 597//1
f 597//1 530//1 598//1
f 598//1 530//1 599//1
f 599//1 530//1 600//1
f 600//1 530//1 531//1
f 564//1 317//1 601//1
f 601//1 317//1 316//1
f 601//1 316//1 602//1
f 602//1 316//1 315//1
f 602//1 315//1 603//1
f 603//1 315//1 314//1
f 603//1 314//1 604//1
f 604//1 314//1 313//1
f 604//1 313//1 605//1
f 605//1 313//1 312//1
f 605//1 312//1 606//1
f 606//1 312//1 293//1
f 606//1 293//1 607//1
f 607//1 293//1 292//1
f 607//1 292//1 608//1
f 608//1 292//1 290//1
f 608//1 290//1 609//1
f 609//1 290//1 289//1
f 609//1 289//1 610//1
f 610//1 289//1 288//1
f 610//1 288//1 611//1
f 611//1 288//1 242//1
f 611//1 242//1 612//1
f 612//1 242//1 241//1
f 612//1 241//1 613//1
f 613//1 241//1 240//1
f 613//1 240//1 614//1
f 614//1 240//1 239//1
f 614//1 239//1 615//1
f 615//1 239//1 238//1
f 615//1 238//1 616//1
f 616//1 238//1 237//1
f 616//1 237//1 617//1
f 617//1 237//1 236//1
f 617//1 236//1 618//1
f 618//1 236//1 235//1
f 618//1 235//1 619//1
f 619//1 235//1 234//1
f 619//1 234//1 620//1
f 620//1 234//1 243//1
f 620//1 243//1 621//1
f 621//1 243//1 244//1
f 621//1 244//1 622//1
f 622//1 244//1 245//1
f 622//1 245//1 623//1
f 623//1 245//1 246//1
f 623//1 246//1 624//1
f 624//1 246//1 247//1
f 624//1 247//1 625//1
f 625//1 247//1 248//1
f 625//1 248//1 626//1
f 626//1 248//1 249//1
f 626//1 249//1 627//1
f 627//1 249//1 250//1
f 627//1 250//1 628//1
f 628//1 250//1 251//1
f 628//1 251//1 629//1
f 629//1 251//1 253//1
f 629//1 253//1 630//1
f 630//1 253//1 255//1
f 630//1 255//1 631//1
f 631//1 255//1 256//1
f 631//1 256//1 632//1
f 632//1 256//1 257//1
f 632//1 257//1 633//1
f 633//1 257//1 258//1
f 633//1 258//1 634//1
f 634//1 258//1 259//1
f 634//1 259//1 635//1
f 635//1 259//1 260//1
f 635//1 260//1 636//1
f 636//1 260//1 261//1
f 636//1 261//1 511//1
f 511//1 261//1 262//1
f 264//1 637//1 263//1
f 263//1 637//1 638//1
f 263//1 638//1 639//1
f 265//1 640//1 264//1
f 264//1 640//1 641//1
f 264//1 641//1 642//1
f 267//1 643//1 265//1
f 265//1 643//1 644//1
f 265//1 644//1 645//1
f 268//1 646//1 267//1
f 267//1 646//1 647//1
f 267//1 647//1 648//1
f 269//1 649//1 268//1
f 268//1 649//1 650//1
f 268//1 650//1 651//1
f 474//1 652//1 269//1
f 269//1 652//1 653//1
f 269//1 653//1 654//1
f 654//1 655//1 269//1
f 269//1 655//1 649//1
f 651//1 656//1 268//1
f 268//1 656//1 657//1
f 268//1 657//1 658//1
f 658//1 646//1 268//1
f 648//1 659//1 267//1
f 267//1 659//1 643//1
f 645//1 660//1 265//1
f 265//1 660//1 640//1
f 642//1 661//1 264//1
f 264//1 661//1 662//1
f 264//1 662//1 637//1
f 639//1 663//1 263//1
f 263//1 663//1 664//1
f 263//1 664//1 665//1
f 665//1 666//1 263//1
f 263//1 666//1 667//1
f 263//1 667//1 512//1
f 668//1 349//1 669//1
f 669//1 349//1 379//1
f 669//1 379//1 670//1
f 670//1 379//1 671//1
f 671//1 379//1 380//1
f 671//1 380//1 672//1
f 672//1 380//1 673//1
f 673//1 380//1 674//1
f 674//1 380//1 381//1
f 674//1 381//1 675//1
f 675//1 381//1 676//1
f 676//1 381//1 677//1
f 677//1 381//1 382//1
f 677//1 382//1 678//1
f 678//1 382//1 679//1
f 679//1 382//1 383//1
f 679//1 383//1 680//1
f 680//1 383//1 681//1
f 681//1 383//1 682//1
f 682//1 383//1 384//1
f 682//1 384//1 683//1
f 683//1 384//1 684//1
f 684//1 384//1 385//1
f 684//1 385//1 685//1
f 685//1 385//1 686//1
f 686//1 385//1 386//1
f 686//1 386//1 687//1
f 687//1 386//1 387//1
f 687//1 387//1 688//1
f 688//1 387//1 689//1
f 689//1 387//1 690//1
f 690//1 387//1 388//1
f 690//1 388//1 691//1
f 691//1 388//1 692//1
f 692//1 388//1 389//1
f 692//1 389//1 693//1
f 693//1 389//1 694//1
f 694//1 389//1 390//1
f 694//1 390//1 695//1
f 695//1 390//1 696//1
f 696//1 390//1 697//1
f 697//1 390//1 391//1
f 697//1 391//1 698//1
f 698//1 391//1 699//1
f 699//1 391//1 700//1
f 700//1 391//1 701//1
f 701//1 391//1 392//1
f 701//1 392//1 359//1
f 359//1 392//1 360//1
f 360//1 392//1 393//1
f 360//1 393//1 346//1
f 346//1 393//1 394//1
f 346//1 394//1 347//1
f 347//1 394//1 396//1
f 347//1 396//1 348//1
f 348//1 396//1 397//1
f 348//1 397//1 361//1
f 361//1 397//1 398//1
f 361//1 398//1 702//1
f 702//1 398//1 399//1
f 702//1 399//1 703//1
f 703//1 399//1 704//1
f 704//1 399//1 705//1
f 705//1 399//1 706//1
f 706//1 399//1 400//1
f 706//1 400//1 707//1
f 707//1 400//1 708//1
f 708//1 400//1 709//1
f 709//1 400//1 401//1
f 709//1 401//1 710//1
f 710//1 401//1 711//1
f 711//1 401//1 402//1
f 711//1 402//1 712//1
f 712//1 402//1 713//1
f 713//1 402//1 714//1
f 714//1 402//1 403//1
f 714//1 403//1 715//1
f 715//1 403//1 716//1
f 716//1 403//1 404//1
f 716//1 404//1 717//1
f 717//1 404//1 405//1
f 717//1 405//1 718//1
f 718//1 405//1 719//1
f 719//1 405//1 406//1
f 719//1 406//1 720//1
f 720//1 406//1 721//1
f 721//1 406//1 407//1
f 721//1 407//1 722//1
f 722//1 407//1 723//1
f 723//1 407//1 724//1
f 724//1 407//1 408//1
f 724//1 408//1 725//1
f 725//1 408//1 726//1
f 726//1 408//1 409//1
f 726//1 409//1 727//1
f 727//1 409//1 728//1
f 728//1 409//1 729//1
f 729//1 409//1 410//1
f 729//1 410//1 730//1
f 730//1 410//1 731//1
f 731//1 410//1 732//1
f 732//1 410//1 733//1
f 733//1 410//1 411//1
f 733//1 411//1 734//1
f 734//1 411//1 371//1
f 734//1 371//1 735//1
f 735//1 371//1 370//1
f 735//1 370//1 736//1
f 736//1 370//1 737//1
f 737//1 370//1 738//1
f 738//1 370//1 739//1
f 739//1 370//1 369//1
f 739//1 369//1 740//1
f 740//1 369//1 741//1
f 741//1 369//1 742//1
f 742//1 369//1 368//1
f 742//1 368//1 743//1
f 743//1 368//1 744//1
f 744//1 368//1 345//1
f 744//1 345//1 745//1
f 745//1 345//1 746//1
f 746//1 345//1 747//1
f 747//1 345//1 344//1
f 747//1 344//1 748//1
f 748//1 344//1 749//1
f 749//1 344//1 343//1
f 749//1 343//1 750//1
f 750//1 343//1 751//1
f 751//1 343//1 367//1
f 751//1 367//1 752//1
f 752//1 367//1 366//1
f 752//1 366//1 753//1
f 753//1 366//1 754//1
f 754//1 366//1 365//1
f 754//1 365//1 755//1
f 755//1 365//1 756//1
f 756//1 365//1 757//1
f 757//1 365//1 364//1
f 757//1 364//1 758//1
f 758//1 364//1 759//1
f 759//1 364//1 363//1
f 759//1 363//1 760//1
f 760//1 363//1 761//1
f 761//1 363//1 762//1
f 762//1 363//1 362//1
f 762//1 362//1 763//1
f 763//1 362//1 764//1
f 764//1 362//1 765//1
f 765//1 362//1 702//1
f 702//1 362//1 361//1
f 668//1 766//1 349//1
f 349//1 766//1 350//1
f 350//1 766//1 767//1
f 350//1 767//1 768//1
f 768//1 769//1 350//1
f 350//1 769//1 351//1
f 351//1 769//1 770//1
f 351//1 770//1 771//1
f 771//1 772//1 351//1
f 351//1 772//1 352//1
f 352//1 772//1 773//1
f 352//1 773//1 774//1
f 352//1 774//1 353//1
f 353//1 774//1 775//1
f 353//1 775//1 776//1
f 776//1 777//1 353//1
f 353//1 777//1 354//1
f 354//1 777//1 778//1
f 354//1 778//1 779//1
f 354//1 779//1 336//1
f 336//1 779//1 780//1
f 336//1 780//1 781//1
f 336//1 781//1 337//1
f 337//1 781//1 782//1
f 337//1 782//1 338//1
f 338//1 782//1 783//1
f 338//1 783//1 784//1
f 784//1 785//1 338//1
f 338//1 785//1 355//1
f 355//1 785//1 786//1
f 355//1 786//1 787//1
f 355//1 787//1 356//1
f 356//1 787//1 788//1
f 356//1 788//1 789//1
f 356//1 789//1 357//1
f 357//1 789//1 790//1
f 357//1 790//1 791//1
f 791//1 792//1 357//1
f 357//1 792//1 358//1
f 358//1 792//1 793//1
f 358//1 793//1 794//1
f 794//1 795//1 358//1
f 358//1 795//1 701//1
f 358//1 701//1 359//1
f 377//1 341//1 376//1
f 376//1 341//1 340//1
f 376//1 340//1 374//1
f 374//1 340//1 373//1
f 374//1 373//1 412//1
f 412//1 373//1 372//1
f 412//1 372//1 411//1
f 411//1 372//1 371//1
f 341//1 377//1 342//1
f 342//1 377//1 378//1
f 342//1 378//1 349//1
f 349//1 378//1 379//1
f 283//1 700//1 282//1
f 282//1 700//1 701//1
f 282//1 701//1 795//1
f 700//1 283//1 699//1
f 699//1 283//1 284//1
f 699//1 284//1 698//1
f 698//1 284//1 697//1
f 697//1 284//1 285//1
f 697//1 285//1 696//1
f 696//1 285//1 695//1
f 695//1 285//1 286//1
f 695//1 286//1 694//1
f 694//1 286//1 693//1
f 693//1 286//1 311//1
f 693//1 311//1 692//1
f 692//1 311//1 691//1
f 691//1 311//1 310//1
f 691//1 310//1 690//1
f 690//1 310//1 689//1
f 689//1 310//1 309//1
f 689//1 309//1 688//1
f 688//1 309//1 687//1
f 687//1 309//1 308//1
f 687//1 308//1 686//1
f 686//1 308//1 685//1
f 685//1 308//1 307//1
f 685//1 307//1 684//1
f 684//1 307//1 306//1
f 684//1 306//1 683//1
f 683//1 306//1 682//1
f 682//1 306//1 305//1
f 682//1 305//1 681//1
f 681//1 305//1 680//1
f 680//1 305//1 304//1
f 680//1 304//1 679//1
f 679//1 304//1 678//1
f 678//1 304//1 303//1
f 678//1 303//1 677//1
f 677//1 303//1 676//1
f 676//1 303//1 209//1
f 676//1 209//1 675//1
f 675//1 209//1 674//1
f 674//1 209//1 208//1
f 674//1 208//1 673//1
f 673//1 208//1 672//1
f 672//1 208//1 207//1
f 672//1 207//1 671//1
f 671//1 207//1 670//1
f 670//1 207//1 206//1
f 670//1 206//1 669//1
f 669//1 206//1 668//1
f 668//1 206//1 205//1
f 668//1 205//1 766//1
f 766//1 205//1 214//1
f 766//1 214//1 767//1
f 767//1 214//1 768//1
f 768//1 214//1 215//1
f 768//1 215//1 769//1
f 769//1 215//1 770//1
f 770//1 215//1 216//1
f 770//1 216//1 771//1
f 771//1 216//1 772//1
f 772//1 216//1 302//1
f 772//1 302//1 773//1
f 773//1 302//1 774//1
f 774//1 302//1 301//1
f 774//1 301//1 775//1
f 775//1 301//1 776//1
f 776//1 301//1 300//1
f 776//1 300//1 777//1
f 777//1 300//1 778//1
f 778//1 300//1 299//1
f 778//1 299//1 779//1
f 779//1 299//1 780//1
f 780//1 299//1 298//1
f 780//1 298//1 781//1
f 781//1 298//1 297//1
f 781//1 297//1 782//1
f 782//1 297//1 783//1
f 783//1 297//1 296//1
f 783//1 296//1 784//1
f 784//1 296//1 785//1
f 785//1 296//1 295//1
f 785//1 295//1 786//1
f 786//1 295//1 787//1
f 787//1 295//1 294//1
f 787//1 294//1 788//1
f 788//1 294//1 789//1
f 789//1 294//1 279//1
f 789//1 279//1 790//1
f 790//1 279//1 791//1
f 791//1 279//1 280//1
f 791//1 280//1 792//1
f 792//1 280//1 793//1
f 793//1 280//1 281//1
f 793//1 281//1 794//1
f 794//1 281//1 795//1
f 795//1 281//1 282//1
f 210//1 375//1 321//1
f 321//1 375//1 418//1
f 254//1 796//1 266//1
f 266//1 796//1 797//1
f 266//1 797//1 798//1
f 335//1 799//1 254//1
f 254//1 799//1 800//1
f 254//1 800//1 801//1
f 414//1 802//1 335//1
f 335//1 802//1 803//1
f 335//1 803//1 804//1
f 266//1 805//1 414//1
f 414//1 805//1 806//1
f 414//1 806//1 807//1
f 807//1 808//1 414//1
f 414//1 808//1 809//1
f 414//1 809//1 810//1
f 810//1 811//1 414//1
f 414//1 811//1 812//1
f 414//1 812//1 813//1
f 813//1 802//1 414//1
f 804//1 814//1 335//1
f 335//1 814//1 815//1
f 335//1 815//1 816//1
f 816//1 817//1 335//1
f 335//1 817//1 818//1
f 335//1 818//1 819//1
f 819//1 820//1 335//1
f 335//1 820//1 799//1
f 801//1 821//1 254//1
f 254//1 821//1 822//1
f 254//1 822//1 823//1
f 823//1 824//1 254//1
f 254//1 824//1 825//1
f 254//1 825//1 826//1
f 826//1 796//1 254//1
f 798//1 827//1 266//1
f 266//1 827//1 828//1
f 266//1 828//1 829//1
f 829//1 830//1 266//1
f 266//1 830//1 831//1
f 266//1 831//1 832//1
f 832//1 805//1 266//1
f 667//1 799//1 512//1
f 512//1 799//1 820//1
f 512//1 820//1 510//1
f 510//1 820//1 509//1
f 509//1 820//1 819//1
f 509//1 819//1 508//1
f 508//1 819//1 818//1
f 508//1 818//1 507//1
f 507//1 818//1 506//1
f 506//1 818//1 817//1
f 506//1 817//1 505//1
f 505//1 817//1 504//1
f 504//1 817//1 816//1
f 504//1 816//1 502//1
f 502//1 816//1 501//1
f 501//1 816//1 815//1
f 501//1 815//1 500//1
f 500//1 815//1 814//1
f 500//1 814//1 499//1
f 499//1 814//1 498//1
f 498//1 814//1 804//1
f 498//1 804//1 496//1
f 496//1 804//1 495//1
f 495//1 804//1 803//1
f 495//1 803//1 494//1
f 494//1 803//1 493//1
f 493//1 803//1 802//1
f 493//1 802//1 491//1
f 491//1 802//1 813//1
f 491//1 813//1 490//1
f 490//1 813//1 489//1
f 489//1 813//1 812//1
f 489//1 812//1 488//1
f 488//1 812//1 486//1
f 486//1 812//1 811//1
f 486//1 811//1 485//1
f 485//1 811//1 810//1
f 485//1 810//1 484//1
f 484//1 810//1 483//1
f 483//1 810//1 809//1
f 483//1 809//1 482//1
f 482//1 809//1 481//1
f 481//1 809//1 808//1
f 481//1 808//1 479//1
f 479//1 808//1 478//1
f 478//1 808//1 807//1
f 478//1 807//1 477//1
f 477//1 807//1 806//1
f 477//1 806//1 476//1
f 476//1 806//1 475//1
f 475//1 806//1 805//1
f 475//1 805//1 474//1
f 474//1 805//1 652//1
f 652//1 805//1 832//1
f 652//1 832//1 653//1
f 653//1 832//1 654//1
f 654//1 832//1 831//1
f 654//1 831//1 655//1
f 655//1 831//1 830//1
f 655//1 830//1 649//1
f 649//1 830//1 650//1
f 650//1 830//1 829//1
f 650//1 829//1 651//1
f 651//1 829//1 656//1
f 656//1 829//1 828//1
f 656//1 828//1 657//1
f 657//1 828//1 658//1
f 658//1 828//1 827//1
f 658//1 827//1 646//1
f 646//1 827//1 798//1
f 646//1 798//1 647//1
f 647//1 798//1 648//1
f 648//1 798//1 797//1
f 648//1 797//1 659//1
f 659//1 797//1 643//1
f 643//1 797//1 796//1
f 643//1 796//1 644//1
f 644//1 796//1 826//1
f 644//1 826//1 645//1
f 645//1 826//1 660//1
f 660//1 826//1 825//1
f 660//1 825//1 640//1
f 640//1 825//1 641//1
f 641//1 825//1 824//1
f 641//1 824//1 642//1
f 642//1 824//1 661//1
f 661//1 824//1 823//1
f 661//1 823//1 662//1
f 662//1 823//1 822//1
f 662//1 822//1 637//1
f 637//1 822//1 638//1
f 638//1 822//1 821//1
f 638//1 821//1 639//1
f 639//1 821//1 663//1
f 663//1 821//1 801//1
f 663//1 801//1 664//1
f 664//1 801//1 665//1
f 665//1 801//1 800//1
f 665//1 800//1 666//1
f 666//1 800//1 799//1
f 666//1 799//1 667//1
f 565//1 426//1 563//1
f 563//1 426//1 425//1
f 563//1 425//1 562//1
f 562//1 425//1 561//1
f 561//1 425//1 445//1
f 561//1 445//1 560//1
f 560//1 445//1 559//1
f 559//1 445//1 444//1
f 559//1 444//1 558//1
f 558//1 444//1 557//1
f 557//1 444//1 443//1
f 557//1 443//1 556//1
f 556//1 443//1 442//1
f 556//1 442//1 555//1
f 555//1 442//1 554//1
f 554//1 442//1 441//1
f 554//1 441//1 553//1
f 553//1 441//1 552//1
f 552//1 441//1 417//1
f 552//1 417//1 551//1
f 551//1 417//1 550//1
f 550//1 417//1 416//1
f 550//1 416//1 549//1
f 549//1 416//1 415//1
f 549//1 415//1 548//1
f 548//1 415//1 547//1
f 547//1 415//1 440//1
f 547//1 440//1 546//1
f 546//1 440//1 545//1
f 545//1 440//1 439//1
f 545//1 439//1 544//1
f 544//1 439//1 438//1
f 544//1 438//1 543//1
f 543//1 438//1 542//1
f 542//1 438//1 437//1
f 542//1 437//1 541//1
f 541//1 437//1 540//1
f 540//1 437//1 436//1
f 540//1 436//1 539//1
f 539//1 436//1 538//1
f 538//1 436//1 435//1
f 538//1 435//1 537//1
f 537//1 435//1 421//1
f 537//1 421//1 536//1
f 536//1 421//1 535//1
f 535//1 421//1 420//1
f 535//1 420//1 534//1
f 534//1 420//1 533//1
f 533//1 420//1 419//1
f 533//1 419//1 532//1
f 532//1 419//1 531//1
f 531//1 419//1 434//1
f 531//1 434//1 600//1
f 600//1 434//1 433//1
f 600//1 433//1 599//1
f 599//1 433//1 598//1
f 598//1 433//1 432//1
f 598//1 432//1 597//1
f 597//1 432//1 596//1
f 596//1 432//1 431//1
f 596//1 431//1 595//1
f 595//1 431//1 430//1
f 595//1 430//1 594//1
f 594//1 430//1 593//1
f 593//1 430//1 429//1
f 593//1 429//1 592//1
f 592//1 429//1 591//1
f 591//1 429//1 428//1
f 591//1 428//1 589//1
f 589//1 428//1 588//1
f 588//1 428//1 424//1
f 588//1 424//1 587//1
f 587//1 424//1 423//1
f 587//1 423//1 586//1
f 586//1 423//1 584//1
f 584//1 423//1 422//1
f 584//1 422//1 583//1
f 583//1 422//1 582//1
f 582//1 422//1 452//1
f 582//1 452//1 581//1
f 581//1 452//1 579//1
f 579//1 452//1 451//1
f 579//1 451//1 578//1
f 578//1 451//1 450//1
f 578//1 450//1 577//1
f 577//1 450//1 576//1
f 576//1 450//1 449//1
f 576//1 449//1 575//1
f 575//1 449//1 573//1
f 573//1 449//1 448//1
f 573//1 448//1 572//1
f 572//1 448//1 571//1
f 571//1 448//1 447//1
f 571//1 447//1 570//1
f 570//1 447//1 446//1
f 570//1 446//1 569//1
f 569//1 446//1 568//1
f 568//1 446//1 427//1
f 568//1 427//1 567//1
f 567//1 427//1 565//1
f 565//1 427//1 426//1
f 453//1 833//1 454//1
f 454//1 833//1 834//1
f 454//1 834//1 835//1
f 513//1 836//1 453//1
f 453//1 836//1 837//1
f 453//1 837//1 838//1
f 514//1 839//1 513//1
f 513//1 839//1 840//1
f 513//1 840//1 841//1
f 841//1 840//1 842//1
f 841//1 842//1 843//1
f 843//1 842//1 844//1
f 843//1 844//1 845//1
f 845//1 844//1 846//1
f 845//1 846//1 847//1
f 847//1 846//1 848//1
f 847//1 848//1 849//1
f 849//1 848//1 850//1
f 849//1 850//1 851//1
f 851//1 850//1 852//1
f 851//1 852//1 853//1
f 853//1 852//1 854//1
f 853//1 854//1 855//1
f 855//1 854//1 856//1
f 855//1 856//1 857//1
f 857//1 856//1 858//1
f 857//1 858//1 859//1
f 859//1 858//1 860//1
f 859//1 860//1 861//1
f 861//1 860//1 862//1
f 861//1 862//1 863//1
f 515//1 864//1 514//1
f 514//1 864//1 865//1
f 514//1 865//1 866//1
f 516//1 867//1 515//1
f 515//1 867//1 868//1
f 515//1 868//1 869//1
f 517//1 870//1 516//1
f 516//1 870//1 871//1
f 516//1 871//1 872//1
f 518//1 873//1 517//1
f 517//1 873//1 874//1
f 517//1 874//1 875//1
f 519//1 876//1 518//1
f 518//1 876//1 877//1
f 518//1 877//1 878//1
f 520//1 879//1 519//1
f 519//1 879//1 880//1
f 519//1 880//1 881//1
f 521//1 882//1 520//1
f 520//1 882//1 883//1
f 520//1 883//1 884//1
f 522//1 885//1 521//1
f 521//1 885//1 886//1
f 521//1 886//1 887//1
f 523//1 888//1 522//1
f 522//1 888//1 889//1
f 522//1 889//1 890//1
f 524//1 891//1 523//1
f 523//1 891//1 892//1
f 523//1 892//1 893//1
f 893//1 892//1 894//1
f 894//1 892//1 895//1
f 894//1 895//1 896//1
f 525//1 897//1 524//1
f 524//1 897//1 898//1
f 524//1 898//1 899//1
f 526//1 900//1 525//1
f 525//1 900//1 901//1
f 525//1 901//1 902//1
f 527//1 903//1 526//1
f 526//1 903//1 904//1
f 526//1 904//1 905//1
f 528//1 906//1 527//1
f 527//1 906//1 907//1
f 527//1 907//1 908//1
f 529//1 909//1 528//1
f 528//1 909//1 910//1
f 528//1 910//1 911//1
f 530//1 912//1 529//1
f 529//1 912//1 913//1
f 529//1 913//1 914//1
f 590//1 915//1 530//1
f 530//1 915//1 916//1
f 530//1 916//1 917//1
f 585//1 918//1 590//1
f 590//1 918//1 919//1
f 590//1 919//1 920//1
f 580//1 921//1 585//1
f 585//1 921//1 922//1
f 585//1 922//1 923//1
f 574//1 924//1 580//1
f 580//1 924//1 925//1
f 580//1 925//1 926//1
f 926//1 925//1 927//1
f 927//1 925//1 928//1
f 927//1 928//1 929//1
f 929//1 928//1 930//1
f 929//1 930//1 931//1
f 931//1 930//1 932//1
f 931//1 932//1 933//1
f 933//1 932//1 934//1
f 933//1 934//1 935//1
f 566//1 936//1 574//1
f 574//1 936//1 937//1
f 574//1 937//1 938//1
f 564//1 939//1 566//1
f 566//1 939//1 940//1
f 566//1 940//1 941//1
f 601//1 942//1 564//1
f 564//1 942//1 943//1
f 564//1 943//1 944//1
f 602//1 945//1 601//1
f 601//1 945//1 946//1
f 601//1 946//1 947//1
f 603//1 948//1 602//1
f 602//1 948//1 949//1
f 602//1 949//1 950//1
f 604//1 951//1 603//1
f 603//1 951//1 952//1
f 603//1 952//1 953//1
f 605//1 954//1 604//1
f 604//1 954//1 955//1
f 604//1 955//1 956//1
f 606//1 957//1 605//1
f 605//1 957//1 958//1
f 605//1 958//1 959//1
f 607//1 960//1 606//1
f 606//1 960//1 961//1
f 606//1 961//1 962//1
f 608//1 963//1 607//1
f 607//1 963//1 964//1
f 607//1 964//1 965//1
f 609//1 966//1 608//1
f 608//1 966//1 967//1
f 608//1 967//1 968//1
f 610//1 969//1 609//1
f 609//1 969//1 970//1
f 609//1 970//1 971//1
f 611//1 972//1 610//1
f 610//1 972//1 973//1
f 610//1 973//1 974//1
f 612//1 975//1 611//1
f 611//1 975//1 976//1
f 611//1 976//1 977//1
f 613//1 978//1 612//1
f 612//1 978//1 979//1
f 612//1 979//1 980//1
f 614//1 981//1 613//1
f 613//1 981//1 982//1
f 613//1 982//1 983//1
f 615//1 984//1 614//1
f 614//1 984//1 985//1
f 614//1 985//1 986//1
f 616//1 987//1 615//1
f 615//1 987//1 988//1
f 615//1 988//1 989//1
f 617//1 990//1 616//1
f 616//1 990//1 991//1
f 616//1 991//1 992//1
f 618//1 993//1 617//1
f 617//1 993//1 994//1
f 617//1 994//1 995//1
f 995//1 994//1 996//1
f 996//1 994//1 997//1
f 996//1 997//1 998//1
f 998//1 997//1 999//1
f 998//1 999//1 1000//1
f 1000//1 999//1 1001//1
f 1000//1 1001//1 1002//1
f 1002//1 1001//1 1003//1
f 1002//1 1003//1 1004//1
f 1004//1 1003//1 1005//1
f 1004//1 1005//1 1006//1
f 1006//1 1005//1 1007//1
f 1006//1 1007//1 1008//1
f 1008//1 1007//1 1009//1
f 1008//1 1009//1 1010//1
f 1010//1 1009//1 1011//1
f 1010//1 1011//1 1012//1
f 1012//1 1011//1 1013//1
f 1012//1 1013//1 1014//1
f 1014//1 1013//1 1015//1
f 1014//1 1015//1 1016//1
f 1016//1 1015//1 1017//1
f 1016//1 1017//1 1018//1
f 619//1 1019//1 618//1
f 618//1 1019//1 1020//1
f 618//1 1020//1 1021//1
f 620//1 1022//1 619//1
f 619//1 1022//1 1023//1
f 619//1 1023//1 1024//1
f 621//1 1025//1 620//1
f 620//1 1025//1 1026//1
f 620//1 1026//1 1027//1
f 622//1 1028//1 621//1
f 621//1 1028//1 1029//1
f 621//1 1029//1 1030//1
f 623//1 1031//1 622//1
f 622//1 1031//1 1032//1
f 622//1 1032//1 1033//1
f 624//1 1034//1 623//1
f 623//1 1034//1 1035//1
f 623//1 1035//1 1036//1
f 625//1 1037//1 624//1
f 624//1 1037//1 1038//1
f 624//1 1038//1 1039//1
f 626//1 1040//1 625//1
f 625//1 1040//1 1041//1
f 625//1 1041//1 1037//1
f 627//1 1042//1 626//1
f 626//1 1042//1 1043//1
f 626//1 1043//1 1044//1
f 628//1 1045//1 627//1
f 627//1 1045//1 1046//1
f 627//1 1046//1 1047//1
f 1047//1 1046//1 1048//1
f 1047//1 1048//1 1049//1
f 1049//1 1048//1 1050//1
f 1049//1 1050//1 1051//1
f 1051//1 1050//1 1052//1
f 1051//1 1052//1 1053//1
f 1053//1 1052//1 1054//1
f 1053//1 1054//1 1055//1
f 1055//1 1054//1 1056//1
f 1055//1 1056//1 1057//1
f 1057//1 1056//1 1058//1
f 1057//1 1058//1 1059//1
f 1059//1 1058//1 1060//1
f 1059//1 1060//1 1061//1
f 1061//1 1060//1 1062//1
f 1061//1 1062//1 1063//1
f 1063//1 1062//1 1064//1
f 1063//1 1064//1 1065//1
f 1065//1 1064//1 1066//1
f 1065//1 1066//1 1067//1
f 1067//1 1066//1 1068//1
f 1067//1 1068//1 1069//1
f 629//1 1070//1 628//1
f 628//1 1070//1 1071//1
f 628//1 1071//1 1045//1
f 630//1 1072//1 629//1
f 629//1 1072//1 1073//1
f 629//1 1073//1 1074//1
f 631//1 1075//1 630//1
f 630//1 1075//1 1076//1
f 630//1 1076//1 1077//1
f 632//1 1078//1 631//1
f 631//1 1078//1 1079//1
f 631//1 1079//1 1080//1
f 633//1 1081//1 632//1
f 632//1 1081//1 1082//1
f 632//1 1082//1 1083//1
f 634//1 1084//1 633//1
f 633//1 1084//1 1085//1
f 633//1 1085//1 1086//1
f 635//1 1087//1 634//1
f 634//1 1087//1 1088//1
f 634//1 1088//1 1089//1
f 1089//1 1088//1 1090//1
f 1090//1 1088//1 1091//1
f 1090//1 1091//1 1092//1
f 1092//1 1091//1 1093//1
f 1092//1 1093//1 1094//1
f 1094//1 1093//1 1095//1
f 1094//1 1095//1 1096//1
f 1096//1 1095//1 1097//1
f 1096//1 1097//1 1098//1
f 636//1 1099//1 635//1
f 635//1 1099//1 1100//1
f 635//1 1100//1 1101//1
f 511//1 1102//1 636//1
f 636//1 1102//1 1103//1
f 636//1 1103//1 1104//1
f 503//1 1105//1 511//1
f 511//1 1105//1 1106//1
f 511//1 1106//1 1102//1
f 497//1 1107//1 503//1
f 503//1 1107//1 1108//1
f 503//1 1108//1 1109//1
f 492//1 1110//1 497//1
f 497//1 1110//1 1111//1
f 497//1 1111//1 1112//1
f 487//1 1113//1 492//1
f 492//1 1113//1 1114//1
f 492//1 1114//1 1115//1
f 480//1 1116//1 487//1
f 487//1 1116//1 1117//1
f 487//1 1117//1 1118//1
f 473//1 1119//1 480//1
f 480//1 1119//1 1120//1
f 480//1 1120//1 1121//1
f 472//1 1122//1 473//1
f 473//1 1122//1 1123//1
f 473//1 1123//1 1124//1
f 471//1 1125//1 472//1
f 472//1 1125//1 1126//1
f 472//1 1126//1 1127//1
f 1127//1 1126//1 1128//1
f 1128//1 1126//1 1129//1
f 1128//1 1129//1 1130//1
f 1130//1 1129//1 1131//1
f 1130//1 1131//1 1132//1
f 1132//1 1131//1 1133//1
f 1132//1 1133//1 1134//1
f 1134//1 1133//1 1135//1
f 1134//1 1135//1 1136//1
f 470//1 1137//1 471//1
f 471//1 1137//1 1138//1
f 471//1 1138//1 1139//1
f 469//1 1140//1 470//1
f 470//1 1140//1 1141//1
f 470//1 1141//1 1142//1
f 468//1 1143//1 469//1
f 469//1 1143//1 1144//1
f 469//1 1144//1 1140//1
f 467//1 1145//1 468//1
f 468//1 1145//1 1146//1
f 468//1 1146//1 1147//1
f 466//1 1148//1 467//1
f 467//1 1148//1 1149//1
f 467//1 1149//1 1150//1
f 465//1 1151//1 466//1
f 466//1 1151//1 1152//1
f 466//1 1152//1 1148//1
f 464//1 1153//1 465//1
f 465//1 1153//1 1154//1
f 465//1 1154//1 1155//1
f 463//1 1156//1 464//1
f 464//1 1156//1 1157//1
f 464//1 1157//1 1158//1
f 462//1 1159//1 463//1
f 463//1 1159//1 1160//1
f 463//1 1160//1 1161//1
f 461//1 1162//1 462//1
f 462//1 1162//1 1163//1
f 462//1 1163//1 1164//1
f 1164//1 1163//1 1165//1
f 1165//1 1163//1 1166//1
f 1165//1 1166//1 1167//1
f 460//1 1168//1 461//1
f 461//1 1168//1 1169//1
f 461//1 1169//1 1170//1
f 459//1 1171//1 460//1
f 460//1 1171//1 1172//1
f 460//1 1172//1 1173//1
f 458//1 1174//1 459//1
f 459//1 1174//1 1175//1
f 459//1 1175//1 1171//1
f 457//1 1176//1 458//1
f 458//1 1176//1 1177//1
f 458//1 1177//1 1178//1
f 456//1 1179//1 457//1
f 457//1 1179//1 1180//1
f 457//1 1180//1 1181//1
f 455//1 1182//1 456//1
f 456//1 1182//1 1183//1
f 456//1 1183//1 1179//1
f 454//1 1184//1 455//1
f 455//1 1184//1 1185//1
f 455//1 1185//1 1186//1
f 1187//1 1188//1 1189//1
f 1189//1 1188//1 1190//1
f 1189//1 1190//1 1191//1
f 1191//1 1190//1 1192//1
f 1191//1 1192//1 1193//1
f 1193//1 1192//1 1080//1
f 1080//1 1192//1 1194//1
f 1080//1 1194//1 631//1
f 631//1 1194//1 1075//1
f 1188//1 1187//1 1195//1
f 1195//1 1187//1 1196//1
f 1195//1 1196//1 1197//1
f 1197//1 1196//1 1198//1
f 1197//1 1198//1 1199//1
f 1199//1 1198//1 1200//1
f 1199//1 1200//1 1201//1
f 1201//1 1200//1 1202//1
f 1201//1 1202//1 1203//1
f 1203//1 1202//1 1204//1
f 1203//1 1204//1 1205//1
f 1205//1 1204//1 1206//1
f 1205//1 1206//1 1207//1
f 1207//1 1206//1 1208//1
f 1207//1 1208//1 1209//1
f 1210//1 1211//1 1206//1
f 1206//1 1211//1 1208//1
f 1077//1 1072//1 630//1
f 1074//1 1212//1 629//1
f 629//1 1212//1 1213//1
f 629//1 1213//1 1214//1
f 1214//1 1070//1 629//1
f 1215//1 1216//1 1066//1
f 1066//1 1216//1 1068//1
f 1047//1 1217//1 627//1
f 627//1 1217//1 1218//1
f 627//1 1218//1 1042//1
f 1044//1 1219//1 626//1
f 626//1 1219//1 1220//1
f 626//1 1220//1 1221//1
f 1221//1 1040//1 626//1
f 624//1 1039//1 1222//1
f 1222//1 1039//1 1223//1
f 1222//1 1223//1 1224//1
f 1224//1 1223//1 1225//1
f 1224//1 1225//1 1226//1
f 1226//1 1225//1 1227//1
f 1226//1 1227//1 1228//1
f 1228//1 1227//1 1229//1
f 1228//1 1229//1 1230//1
f 1230//1 1229//1 1231//1
f 1230//1 1231//1 1232//1
f 1232//1 1231//1 1233//1
f 1232//1 1233//1 1234//1
f 1234//1 1233//1 1235//1
f 1234//1 1235//1 1236//1
f 1236//1 1235//1 1237//1
f 1236//1 1237//1 1238//1
f 1238//1 1237//1 1239//1
f 1238//1 1239//1 1240//1
f 1240//1 1239//1 1241//1
f 1240//1 1241//1 1242//1
f 1242//1 1241//1 1243//1
f 1242//1 1243//1 1244//1
f 1245//1 1246//1 1241//1
f 1241//1 1246//1 1243//1
f 1222//1 1247//1 624//1
f 624//1 1247//1 1034//1
f 1036//1 1031//1 623//1
f 1033//1 1248//1 622//1
f 622//1 1248//1 1249//1
f 622//1 1249//1 1028//1
f 1030//1 1250//1 621//1
f 621//1 1250//1 1251//1
f 621//1 1251//1 1025//1
f 1250//1 1252//1 1251//1
f 1251//1 1252//1 1253//1
f 1253//1 1252//1 1254//1
f 1253//1 1254//1 1255//1
f 1255//1 1254//1 1256//1
f 1255//1 1256//1 1257//1
f 1257//1 1256//1 1258//1
f 1257//1 1258//1 1259//1
f 1259//1 1258//1 1260//1
f 1259//1 1260//1 1261//1
f 1261//1 1260//1 1262//1
f 1261//1 1262//1 1263//1
f 1263//1 1262//1 1264//1
f 1263//1 1264//1 1265//1
f 1265//1 1264//1 1266//1
f 1265//1 1266//1 1267//1
f 1267//1 1266//1 1268//1
f 1267//1 1268//1 1269//1
f 1269//1 1268//1 1270//1
f 1269//1 1270//1 1271//1
f 1271//1 1270//1 1272//1
f 1271//1 1272//1 1273//1
f 1274//1 1275//1 1270//1
f 1270//1 1275//1 1272//1
f 1027//1 1022//1 620//1
f 1024//1 1276//1 619//1
f 619//1 1276//1 1277//1
f 619//1 1277//1 1019//1
f 1021//1 993//1 618//1
f 1278//1 1279//1 1015//1
f 1015//1 1279//1 1017//1
f 995//1 1280//1 617//1
f 617//1 1280//1 990//1
f 992//1 1281//1 616//1
f 616//1 1281//1 1282//1
f 616//1 1282//1 987//1
f 989//1 984//1 615//1
f 614//1 986//1 1283//1
f 1283//1 986//1 1284//1
f 1283//1 1284//1 1285//1
f 1285//1 1284//1 1286//1
f 1285//1 1286//1 1287//1
f 1287//1 1286//1 1288//1
f 1287//1 1288//1 1289//1
f 1289//1 1288//1 1290//1
f 1289//1 1290//1 1291//1
f 1291//1 1290//1 1292//1
f 1291//1 1292//1 1293//1
f 1293//1 1292//1 1294//1
f 1293//1 1294//1 1295//1
f 1295//1 1294//1 1296//1
f 1295//1 1296//1 1297//1
f 1297//1 1296//1 1298//1
f 1297//1 1298//1 1299//1
f 1299//1 1298//1 1300//1
f 1299//1 1300//1 1301//1
f 1301//1 1300//1 1302//1
f 1301//1 1302//1 1303//1
f 1303//1 1302//1 1304//1
f 1303//1 1304//1 1305//1
f 1306//1 1307//1 1302//1
f 1302//1 1307//1 1304//1
f 1283//1 1308//1 614//1
f 614//1 1308//1 981//1
f 983//1 978//1 613//1
f 980//1 1309//1 612//1
f 612//1 1309//1 1310//1
f 612//1 1310//1 975//1
f 977//1 1311//1 611//1
f 611//1 1311//1 1312//1
f 611//1 1312//1 972//1
f 1312//1 1311//1 1313//1
f 1313//1 1311//1 1314//1
f 1313//1 1314//1 1315//1
f 1313//1 1315//1 1316//1
f 1316//1 1315//1 1317//1
f 1316//1 1317//1 1318//1
f 1318//1 1317//1 1319//1
f 1318//1 1319//1 1320//1
f 1320//1 1319//1 1321//1
f 1320//1 1321//1 1322//1
f 1322//1 1321//1 1323//1
f 1322//1 1323//1 1324//1
f 1324//1 1323//1 1325//1
f 1324//1 1325//1 1326//1
f 1326//1 1325//1 1327//1
f 1326//1 1327//1 1328//1
f 1328//1 1327//1 1329//1
f 1328//1 1329//1 1330//1
f 1330//1 1329//1 1331//1
f 1330//1 1331//1 1332//1
f 1332//1 1331//1 1333//1
f 1332//1 1333//1 1334//1
f 1335//1 1336//1 1331//1
f 1331//1 1336//1 1333//1
f 974//1 969//1 610//1
f 971//1 1337//1 609//1
f 609//1 1337//1 1338//1
f 609//1 1338//1 966//1
f 968//1 963//1 608//1
f 963//1 1339//1 964//1
f 964//1 1339//1 1340//1
f 1340//1 1339//1 1341//1
f 1341//1 1339//1 1342//1
f 1341//1 1342//1 1343//1
f 1343//1 1342//1 1344//1
f 1343//1 1344//1 1345//1
f 1345//1 1344//1 1346//1
f 1345//1 1346//1 1347//1
f 1347//1 1346//1 1348//1
f 1347//1 1348//1 1349//1
f 1347//1 1349//1 1350//1
f 1350//1 1349//1 1351//1
f 1350//1 1351//1 1352//1
f 1352//1 1351//1 1353//1
f 1352//1 1353//1 1354//1
f 1354//1 1353//1 1355//1
f 1354//1 1355//1 1356//1
f 1356//1 1355//1 1357//1
f 1356//1 1357//1 1358//1
f 1358//1 1357//1 1359//1
f 1358//1 1359//1 1360//1
f 1360//1 1359//1 1361//1
f 1360//1 1361//1 1362//1
f 1363//1 1364//1 1359//1
f 1359//1 1364//1 1361//1
f 965//1 960//1 607//1
f 962//1 1365//1 606//1
f 606//1 1365//1 1366//1
f 606//1 1366//1 957//1
f 959//1 954//1 605//1
f 1367//1 1368//1 956//1
f 956//1 1368//1 1369//1
f 956//1 1369//1 604//1
f 604//1 1369//1 1370//1
f 604//1 1370//1 951//1
f 1368//1 1367//1 1371//1
f 1371//1 1367//1 1372//1
f 1371//1 1372//1 1373//1
f 1373//1 1372//1 1374//1
f 1373//1 1374//1 1375//1
f 1375//1 1374//1 1376//1
f 1375//1 1376//1 1377//1
f 1375//1 1377//1 1378//1
f 1378//1 1377//1 1379//1
f 1378//1 1379//1 1380//1
f 1380//1 1379//1 1381//1
f 1380//1 1381//1 1382//1
f 1382//1 1381//1 1383//1
f 1382//1 1383//1 1384//1
f 1384//1 1383//1 1385//1
f 1384//1 1385//1 1386//1
f 1386//1 1385//1 1387//1
f 1386//1 1387//1 1388//1
f 1388//1 1387//1 1389//1
f 1388//1 1389//1 1390//1
f 1391//1 1392//1 1387//1
f 1387//1 1392//1 1389//1
f 953//1 948//1 603//1
f 950//1 1393//1 602//1
f 602//1 1393//1 1394//1
f 602//1 1394//1 945//1
f 947//1 1395//1 601//1
f 601//1 1395//1 1396//1
f 601//1 1396//1 942//1
f 1396//1 1395//1 1397//1
f 1397//1 1395//1 1398//1
f 1397//1 1398//1 1399//1
f 1399//1 1398//1 1400//1
f 1399//1 1400//1 1401//1
f 1401//1 1400//1 1402//1
f 1401//1 1402//1 1403//1
f 1403//1 1402//1 1404//1
f 1403//1 1404//1 1405//1
f 1403//1 1405//1 1406//1
f 1406//1 1405//1 1407//1
f 1406//1 1407//1 1408//1
f 1408//1 1407//1 1409//1
f 1408//1 1409//1 1410//1
f 1410//1 1409//1 1411//1
f 1410//1 1411//1 1412//1
f 1412//1 1411//1 1413//1
f 1412//1 1413//1 1414//1
f 1414//1 1413//1 1415//1
f 1414//1 1415//1 1416//1
f 1416//1 1415//1 1417//1
f 1416//1 1417//1 1418//1
f 1419//1 1420//1 1415//1
f 1415//1 1420//1 1417//1
f 944//1 939//1 564//1
f 941//1 1421//1 566//1
f 566//1 1421//1 1422//1
f 566//1 1422//1 936//1
f 938//1 924//1 574//1
f 933//1 935//1 1423//1
f 1423//1 935//1 1424//1
f 1423//1 1424//1 1425//1
f 1425//1 1424//1 1426//1
f 1425//1 1426//1 1427//1
f 1427//1 1426//1 1428//1
f 1427//1 1428//1 1429//1
f 1429//1 1428//1 1430//1
f 1429//1 1430//1 1431//1
f 1431//1 1430//1 1432//1
f 1431//1 1432//1 1433//1
f 1433//1 1432//1 1434//1
f 1433//1 1434//1 1435//1
f 1436//1 1437//1 1432//1
f 1432//1 1437//1 1434//1
f 926//1 1438//1 580//1
f 580//1 1438//1 1439//1
f 580//1 1439//1 921//1
f 923//1 1440//1 585//1
f 585//1 1440//1 1441//1
f 585//1 1441//1 918//1
f 920//1 915//1 590//1
f 1442//1 1443//1 917//1
f 917//1 1443//1 1444//1
f 917//1 1444//1 530//1
f 530//1 1444//1 1445//1
f 530//1 1445//1 912//1
f 1443//1 1442//1 1446//1
f 1446//1 1442//1 1447//1
f 1446//1 1447//1 1448//1
f 1448//1 1447//1 1449//1
f 1448//1 1449//1 1450//1
f 1450//1 1449//1 1451//1
f 1450//1 1451//1 1452//1
f 1450//1 1452//1 1453//1
f 1453//1 1452//1 1454//1
f 1453//1 1454//1 1455//1
f 1455//1 1454//1 1456//1
f 1455//1 1456//1 1457//1
f 1457//1 1456//1 1458//1
f 1457//1 1458//1 1459//1
f 1459//1 1458//1 1460//1
f 1459//1 1460//1 1461//1
f 1461//1 1460//1 1462//1
f 1461//1 1462//1 1463//1
f 1463//1 1462//1 1464//1
f 1463//1 1464//1 1465//1
f 1466//1 1467//1 1462//1
f 1462//1 1467//1 1464//1
f 914//1 909//1 529//1
f 911//1 1468//1 528//1
f 528//1 1468//1 1469//1
f 528//1 1469//1 906//1
f 908//1 1470//1 527//1
f 527//1 1470//1 1471//1
f 527//1 1471//1 903//1
f 1471//1 1470//1 1472//1
f 1472//1 1470//1 1473//1
f 1472//1 1473//1 1474//1
f 1474//1 1473//1 1475//1
f 1474//1 1475//1 1476//1
f 1476//1 1475//1 1477//1
f 1476//1 1477//1 1478//1
f 1478//1 1477//1 1479//1
f 1478//1 1479//1 1480//1
f 1478//1 1480//1 1481//1
f 1481//1 1480//1 1482//1
f 1481//1 1482//1 1483//1
f 1483//1 1482//1 1484//1
f 1483//1 1484//1 1485//1
f 1485//1 1484//1 1486//1
f 1485//1 1486//1 1487//1
f 1487//1 1486//1 1488//1
f 1487//1 1488//1 1489//1
f 1489//1 1488//1 1490//1
f 1489//1 1490//1 1491//1
f 1491//1 1490//1 1492//1
f 1491//1 1492//1 1493//1
f 1494//1 1495//1 1490//1
f 1490//1 1495//1 1492//1
f 905//1 900//1 526//1
f 902//1 1496//1 525//1
f 525//1 1496//1 1497//1
f 525//1 1497//1 897//1
f 899//1 891//1 524//1
f 894//1 896//1 1498//1
f 1498//1 896//1 1499//1
f 1498//1 1499//1 1500//1
f 1500//1 1499//1 1501//1
f 1500//1 1501//1 1502//1
f 1502//1 1501//1 1503//1
f 1502//1 1503//1 1504//1
f 1504//1 1503//1 1505//1
f 1504//1 1505//1 1506//1
f 1506//1 1505//1 1507//1
f 1506//1 1507//1 1508//1
f 1508//1 1507//1 1509//1
f 1508//1 1509//1 1510//1
f 1510//1 1509//1 1511//1
f 1510//1 1511//1 1512//1
f 1512//1 1511//1 1513//1
f 1512//1 1513//1 1514//1
f 1514//1 1513//1 1515//1
f 1514//1 1515//1 1516//1
f 1517//1 1518//1 1513//1
f 1513//1 1518//1 1515//1
f 893//1 1519//1 523//1
f 523//1 1519//1 1520//1
f 523//1 1520//1 888//1
f 890//1 1521//1 522//1
f 522//1 1521//1 1522//1
f 522//1 1522//1 885//1
f 887//1 882//1 521//1
f 520//1 884//1 1523//1
f 1523//1 884//1 1524//1
f 1523//1 1524//1 1525//1
f 1525//1 1524//1 1526//1
f 1525//1 1526//1 1527//1
f 1527//1 1526//1 1528//1
f 1527//1 1528//1 1529//1
f 1529//1 1528//1 1530//1
f 1529//1 1530//1 1531//1
f 1531//1 1530//1 1532//1
f 1531//1 1532//1 1533//1
f 1533//1 1532//1 1534//1
f 1533//1 1534//1 1535//1
f 1535//1 1534//1 1536//1
f 1535//1 1536//1 1537//1
f 1537//1 1536//1 1538//1
f 1537//1 1538//1 1539//1
f 1539//1 1538//1 1540//1
f 1539//1 1540//1 1541//1
f 1541//1 1540//1 1542//1
f 1541//1 1542//1 1543//1
f 1543//1 1542//1 1544//1
f 1543//1 1544//1 1545//1
f 1546//1 1547//1 1542//1
f 1542//1 1547//1 1544//1
f 1523//1 1548//1 520//1
f 520//1 1548//1 879//1
f 881//1 876//1 519//1
f 878//1 1549//1 518//1
f 518//1 1549//1 1550//1
f 518//1 1550//1 873//1
f 875//1 1551//1 517//1
f 517//1 1551//1 1552//1
f 517//1 1552//1 870//1
f 1551//1 1553//1 1552//1
f 1552//1 1553//1 1554//1
f 1554//1 1553//1 1555//1
f 1554//1 1555//1 1556//1
f 1556//1 1555//1 1557//1
f 1556//1 1557//1 1558//1
f 1558//1 1557//1 1559//1
f 1558//1 1559//1 1560//1
f 1560//1 1559//1 1561//1
f 1560//1 1561//1 1562//1
f 1562//1 1561//1 1563//1
f 1562//1 1563//1 1564//1
f 1564//1 1563//1 1565//1
f 1564//1 1565//1 1566//1
f 1566//1 1565//1 1567//1
f 1566//1 1567//1 1568//1
f 1568//1 1567//1 1569//1
f 1568//1 1569//1 1570//1
f 1570//1 1569//1 1571//1
f 1570//1 1571//1 1572//1
f 1572//1 1571//1 1573//1
f 1572//1 1573//1 1574//1
f 1575//1 1576//1 1571//1
f 1571//1 1576//1 1573//1
f 872//1 867//1 516//1
f 869//1 1577//1 515//1
f 515//1 1577//1 1578//1
f 515//1 1578//1 864//1
f 866//1 839//1 514//1
f 1579//1 1580//1 860//1
f 860//1 1580//1 862//1
f 841//1 1581//1 513//1
f 513//1 1581//1 1582//1
f 513//1 1582//1 836//1
f 838//1 1583//1 453//1
f 453//1 1583//1 1584//1
f 453//1 1584//1 833//1
f 835//1 1184//1 454//1
f 455//1 1186//1 1585//1
f 1585//1 1186//1 1586//1
f 1585//1 1586//1 1587//1
f 1587//1 1586//1 1588//1
f 1587//1 1588//1 1589//1
f 1589//1 1588//1 1590//1
f 1589//1 1590//1 1591//1
f 1591//1 1590//1 1592//1
f 1591//1 1592//1 1593//1
f 1593//1 1592//1 1594//1
f 1593//1 1594//1 1595//1
f 1595//1 1594//1 1596//1
f 1595//1 1596//1 1597//1
f 1597//1 1596//1 1598//1
f 1597//1 1598//1 1599//1
f 1599//1 1598//1 1600//1
f 1599//1 1600//1 1601//1
f 1601//1 1600//1 1602//1
f 1601//1 1602//1 1603//1
f 1603//1 1602//1 1604//1
f 1603//1 1604//1 1605//1
f 1605//1 1604//1 1606//1
f 1605//1 1606//1 1607//1
f 1608//1 1609//1 1604//1
f 1604//1 1609//1 1606//1
f 1585//1 1610//1 455//1
f 455//1 1610//1 1182//1
f 1181//1 1611//1 457//1
f 457//1 1611//1 1612//1
f 457//1 1612//1 1613//1
f 1613//1 1176//1 457//1
f 458//1 1178//1 1174//1
f 1174//1 1178//1 1614//1
f 1174//1 1614//1 1615//1
f 1615//1 1614//1 1616//1
f 1615//1 1616//1 1617//1
f 1617//1 1616//1 1618//1
f 1617//1 1618//1 1619//1
f 1619//1 1618//1 1620//1
f 1619//1 1620//1 1621//1
f 1621//1 1620//1 1622//1
f 1621//1 1622//1 1623//1
f 1623//1 1622//1 1624//1
f 1623//1 1624//1 1625//1
f 1625//1 1624//1 1626//1
f 1625//1 1626//1 1627//1
f 1627//1 1626//1 1628//1
f 1627//1 1628//1 1629//1
f 1629//1 1628//1 1630//1
f 1629//1 1630//1 1631//1
f 1631//1 1630//1 1632//1
f 1631//1 1632//1 1633//1
f 1633//1 1632//1 1634//1
f 1633//1 1634//1 1635//1
f 1635//1 1634//1 1636//1
f 1635//1 1636//1 1637//1
f 1638//1 1639//1 1634//1
f 1634//1 1639//1 1636//1
f 1173//1 1640//1 460//1
f 460//1 1640//1 1641//1
f 460//1 1641//1 1642//1
f 1642//1 1168//1 460//1
f 1170//1 1162//1 461//1
f 1165//1 1167//1 1643//1
f 1643//1 1167//1 1644//1
f 1643//1 1644//1 1645//1
f 1645//1 1644//1 1646//1
f 1645//1 1646//1 1647//1
f 1647//1 1646//1 1648//1
f 1647//1 1648//1 1649//1
f 1649//1 1648//1 1650//1
f 1649//1 1650//1 1651//1
f 1651//1 1650//1 1652//1
f 1651//1 1652//1 1653//1
f 1653//1 1652//1 1654//1
f 1653//1 1654//1 1655//1
f 1655//1 1654//1 1656//1
f 1655//1 1656//1 1657//1
f 1657//1 1656//1 1658//1
f 1657//1 1658//1 1659//1
f 1659//1 1658//1 1660//1
f 1659//1 1660//1 1661//1
f 1662//1 1663//1 1658//1
f 1658//1 1663//1 1660//1
f 1164//1 1664//1 462//1
f 462//1 1664//1 1159//1
f 1161//1 1665//1 463//1
f 463//1 1665//1 1666//1
f 463//1 1666//1 1667//1
f 1667//1 1156//1 463//1
f 1158//1 1153//1 464//1
f 1668//1 1669//1 1155//1
f 1155//1 1669//1 1670//1
f 1155//1 1670//1 465//1
f 465//1 1670//1 1671//1
f 465//1 1671//1 1151//1
f 1669//1 1668//1 1672//1
f 1672//1 1668//1 1673//1
f 1672//1 1673//1 1674//1
f 1674//1 1673//1 1675//1
f 1674//1 1675//1 1676//1
f 1676//1 1675//1 1677//1
f 1676//1 1677//1 1678//1
f 1676//1 1678//1 1679//1
f 1679//1 1678//1 1680//1
f 1679//1 1680//1 1681//1
f 1681//1 1680//1 1682//1
f 1681//1 1682//1 1683//1
f 1683//1 1682//1 1684//1
f 1683//1 1684//1 1685//1
f 1685//1 1684//1 1686//1
f 1685//1 1686//1 1687//1
f 1687//1 1686//1 1688//1
f 1687//1 1688//1 1689//1
f 1689//1 1688//1 1690//1
f 1689//1 1690//1 1691//1
f 1692//1 1693//1 1688//1
f 1688//1 1693//1 1690//1
f 1150//1 1694//1 467//1
f 467//1 1694//1 1695//1
f 467//1 1695//1 1696//1
f 1696//1 1145//1 467//1
f 1697//1 1698//1 1147//1
f 1147//1 1698//1 1143//1
f 1147//1 1143//1 468//1
f 1698//1 1697//1 1699//1
f 1699//1 1697//1 1700//1
f 1699//1 1700//1 1701//1
f 1701//1 1700//1 1702//1
f 1701//1 1702//1 1703//1
f 1703//1 1702//1 1704//1
f 1703//1 1704//1 1705//1
f 1705//1 1704//1 1706//1
f 1705//1 1706//1 1707//1
f 1705//1 1707//1 1708//1
f 1708//1 1707//1 1709//1
f 1708//1 1709//1 1710//1
f 1710//1 1709//1 1711//1
f 1710//1 1711//1 1712//1
f 1712//1 1711//1 1713//1
f 1712//1 1713//1 1714//1
f 1714//1 1713//1 1715//1
f 1714//1 1715//1 1716//1
f 1716//1 1715//1 1717//1
f 1716//1 1717//1 1718//1
f 1718//1 1717//1 1719//1
f 1718//1 1719//1 1720//1
f 1721//1 1722//1 1717//1
f 1717//1 1722//1 1719//1
f 1142//1 1723//1 470//1
f 470//1 1723//1 1724//1
f 470//1 1724//1 1725//1
f 1725//1 1137//1 470//1
f 1139//1 1125//1 471//1
f 1134//1 1136//1 1726//1
f 1726//1 1136//1 1727//1
f 1726//1 1727//1 1728//1
f 1728//1 1727//1 1729//1
f 1728//1 1729//1 1730//1
f 1730//1 1729//1 1731//1
f 1730//1 1731//1 1732//1
f 1732//1 1731//1 1733//1
f 1732//1 1733//1 1734//1
f 1734//1 1733//1 1735//1
f 1734//1 1735//1 1736//1
f 1736//1 1735//1 1737//1
f 1736//1 1737//1 1738//1
f 1739//1 1740//1 1735//1
f 1735//1 1740//1 1737//1
f 1127//1 1741//1 472//1
f 472//1 1741//1 1122//1
f 1124//1 1742//1 473//1
f 473//1 1742//1 1743//1
f 473//1 1743//1 1119//1
f 1121//1 1744//1 480//1
f 480//1 1744//1 1116//1
f 1745//1 1746//1 1118//1
f 1118//1 1746//1 1747//1
f 1118//1 1747//1 487//1
f 487//1 1747//1 1113//1
f 1746//1 1745//1 1748//1
f 1748//1 1745//1 1749//1
f 1748//1 1749//1 1750//1
f 1750//1 1749//1 1751//1
f 1750//1 1751//1 1752//1
f 1752//1 1751//1 1753//1
f 1752//1 1753//1 1754//1
f 1752//1 1754//1 1755//1
f 1755//1 1754//1 1756//1
f 1755//1 1756//1 1757//1
f 1757//1 1756//1 1758//1
f 1757//1 1758//1 1759//1
f 1759//1 1758//1 1760//1
f 1759//1 1760//1 1761//1
f 1761//1 1760//1 1762//1
f 1761//1 1762//1 1763//1
f 1763//1 1762//1 1764//1
f 1763//1 1764//1 1765//1
f 1765//1 1764//1 1766//1
f 1765//1 1766//1 1767//1
f 1768//1 1769//1 1764//1
f 1764//1 1769//1 1766//1
f 1115//1 1110//1 492//1
f 1112//1 1770//1 497//1
f 497//1 1770//1 1771//1
f 497//1 1771//1 1772//1
f 1772//1 1107//1 497//1
f 503//1 1109//1 1773//1
f 1773//1 1109//1 1774//1
f 1773//1 1774//1 1775//1
f 1775//1 1774//1 1776//1
f 1775//1 1776//1 1777//1
f 1777//1 1776//1 1778//1
f 1777//1 1778//1 1779//1
f 1779//1 1778//1 1780//1
f 1779//1 1780//1 1781//1
f 1781//1 1780//1 1782//1
f 1781//1 1782//1 1783//1
f 1781//1 1783//1 1784//1
f 1784//1 1783//1 1785//1
f 1784//1 1785//1 1786//1
f 1786//1 1785//1 1787//1
f 1786//1 1787//1 1788//1
f 1788//1 1787//1 1789//1
f 1788//1 1789//1 1790//1
f 1790//1 1789//1 1791//1
f 1790//1 1791//1 1792//1
f 1792//1 1791//1 1793//1
f 1792//1 1793//1 1794//1
f 1794//1 1793//1 1795//1
f 1794//1 1795//1 1796//1
f 1797//1 1798//1 1793//1
f 1793//1 1798//1 1795//1
f 1773//1 1105//1 503//1
f 1104//1 1799//1 636//1
f 636//1 1799//1 1800//1
f 636//1 1800//1 1801//1
f 1801//1 1099//1 636//1
f 1101//1 1087//1 635//1
f 1096//1 1098//1 1802//1
f 1802//1 1098//1 1803//1
f 1802//1 1803//1 1804//1
f 1804//1 1803//1 1805//1
f 1804//1 1805//1 1806//1
f 1806//1 1805//1 1807//1
f 1806//1 1807//1 1808//1
f 1808//1 1807//1 1809//1
f 1808//1 1809//1 1810//1
f 1810//1 1809//1 1811//1
f 1810//1 1811//1 1812//1
f 1812//1 1811//1 1813//1
f 1812//1 1813//1 1814//1
f 1815//1 1816//1 1811//1
f 1811//1 1816//1 1813//1
f 1089//1 1817//1 634//1
f 634//1 1817//1 1084//1
f 1086//1 1818//1 633//1
f 633//1 1818//1 1081//1
f 1083//1 1819//1 632//1
f 632//1 1819//1 1820//1
f 632//1 1820//1 1078//1
f 395//1 413//1 375//1
f 375//1 413//1 418//1
f 1215//1 1821//1 1216//1
f 1216//1 1821//1 1822//1
f 1216//1 1822//1 1068//1
f 1068//1 1822//1 1823//1
f 1068//1 1823//1 1069//1
f 1069//1 1823//1 1824//1
f 1825//1 1826//1 1827//1
f 1827//1 1826//1 1055//1
f 1827//1 1055//1 1057//1
f 1826//1 1053//1 1055//1
f 1059//1 1828//1 1057//1
f 1057//1 1828//1 1829//1
f 1057//1 1829//1 1827//1
f 1828//1 1059//1 1830//1
f 1830//1 1059//1 1061//1
f 1830//1 1061//1 1831//1
f 1831//1 1061//1 1063//1
f 1831//1 1063//1 1832//1
f 1832//1 1063//1 1065//1
f 1832//1 1065//1 1833//1
f 1833//1 1065//1 1067//1
f 1833//1 1067//1 1824//1
f 1824//1 1067//1 1069//1
f 1052//1 1834//1 1054//1
f 1054//1 1834//1 1835//1
f 1054//1 1835//1 1836//1
f 1834//1 1837//1 1835//1
f 1838//1 1058//1 1836//1
f 1836//1 1058//1 1056//1
f 1836//1 1056//1 1054//1
f 1058//1 1838//1 1060//1
f 1060//1 1838//1 1839//1
f 1060//1 1839//1 1062//1
f 1062//1 1839//1 1840//1
f 1062//1 1840//1 1064//1
f 1064//1 1840//1 1841//1
f 1064//1 1841//1 1066//1
f 1066//1 1841//1 1842//1
f 1066//1 1842//1 1215//1
f 1215//1 1842//1 1821//1
f 1052//1 1050//1 1834//1
f 1834//1 1050//1 1843//1
f 1834//1 1843//1 1844//1
f 1844//1 1843//1 1845//1
f 1844//1 1845//1 1846//1
f 1846//1 1845//1 1847//1
f 1846//1 1847//1 1848//1
f 1848//1 1847//1 1849//1
f 1848//1 1849//1 1850//1
f 1850//1 1849//1 1851//1
f 1850//1 1851//1 1852//1
f 1852//1 1851//1 1853//1
f 1852//1 1853//1 1854//1
f 1854//1 1853//1 1855//1
f 1854//1 1855//1 1856//1
f 1856//1 1855//1 1857//1
f 1856//1 1857//1 1858//1
f 1858//1 1857//1 1859//1
f 1050//1 1048//1 1843//1
f 1843//1 1048//1 1845//1
f 1845//1 1048//1 1847//1
f 1847//1 1048//1 1046//1
f 1847//1 1046//1 1849//1
f 1849//1 1046//1 1045//1
f 1849//1 1045//1 1851//1
f 1851//1 1045//1 1071//1
f 1851//1 1071//1 1853//1
f 1853//1 1071//1 1070//1
f 1853//1 1070//1 1855//1
f 1855//1 1070//1 1214//1
f 1855//1 1214//1 1857//1
f 1857//1 1214//1 1213//1
f 1858//1 1860//1 1856//1
f 1856//1 1860//1 1854//1
f 1860//1 1861//1 1854//1
f 1854//1 1861//1 1852//1
f 1861//1 1862//1 1852//1
f 1852//1 1862//1 1850//1
f 1862//1 1863//1 1850//1
f 1850//1 1863//1 1848//1
f 1863//1 1864//1 1848//1
f 1848//1 1864//1 1846//1
f 1846//1 1864//1 1844//1
f 1844//1 1864//1 1865//1
f 1844//1 1865//1 1837//1
f 1837//1 1834//1 1844//1
f 1044//1 1043//1 1866//1
f 1866//1 1043//1 1867//1
f 1866//1 1867//1 1868//1
f 1868//1 1867//1 1869//1
f 1868//1 1869//1 1870//1
f 1870//1 1869//1 1871//1
f 1870//1 1871//1 1872//1
f 1872//1 1871//1 1873//1
f 1872//1 1873//1 1874//1
f 1874//1 1873//1 1875//1
f 1874//1 1875//1 1876//1
f 1876//1 1875//1 1877//1
f 1876//1 1877//1 1878//1
f 1878//1 1877//1 1879//1
f 1878//1 1879//1 1880//1
f 1880//1 1879//1 1826//1
f 1880//1 1826//1 1881//1
f 1881//1 1826//1 1825//1
f 1043//1 1042//1 1867//1
f 1867//1 1042//1 1869//1
f 1869//1 1042//1 1871//1
f 1871//1 1042//1 1218//1
f 1871//1 1218//1 1873//1
f 1873//1 1218//1 1217//1
f 1873//1 1217//1 1875//1
f 1875//1 1217//1 1047//1
f 1875//1 1047//1 1877//1
f 1877//1 1047//1 1049//1
f 1877//1 1049//1 1879//1
f 1879//1 1049//1 1051//1
f 1879//1 1051//1 1826//1
f 1826//1 1051//1 1053//1
f 1881//1 1882//1 1880//1
f 1880//1 1882//1 1878//1
f 1882//1 1883//1 1878//1
f 1878//1 1883//1 1876//1
f 1883//1 1884//1 1876//1
f 1876//1 1884//1 1874//1
f 1884//1 1885//1 1874//1
f 1874//1 1885//1 1872//1
f 1885//1 1886//1 1872//1
f 1872//1 1886//1 1870//1
f 1870//1 1886//1 1868//1
f 1868//1 1886//1 1887//1
f 1868//1 1887//1 1888//1
f 1888//1 1866//1 1868//1
f 1889//1 1890//1 1891//1
f 1891//1 1890//1 1892//1
f 1892//1 1890//1 1221//1
f 1892//1 1221//1 1866//1
f 1866//1 1221//1 1220//1
f 1866//1 1220//1 1219//1
f 1219//1 1044//1 1866//1
f 1866//1 1888//1 1892//1
f 1245//1 1893//1 1246//1
f 1246//1 1893//1 1894//1
f 1246//1 1894//1 1243//1
f 1243//1 1894//1 1895//1
f 1243//1 1895//1 1244//1
f 1244//1 1895//1 1896//1
f 1227//1 1897//1 1229//1
f 1229//1 1897//1 1898//1
f 1229//1 1898//1 1899//1
f 1897//1 1900//1 1898//1
f 1901//1 1233//1 1899//1
f 1899//1 1233//1 1231//1
f 1899//1 1231//1 1229//1
f 1233//1 1901//1 1235//1
f 1235//1 1901//1 1902//1
f 1235//1 1902//1 1237//1
f 1237//1 1902//1 1903//1
f 1237//1 1903//1 1239//1
f 1239//1 1903//1 1904//1
f 1239//1 1904//1 1241//1
f 1241//1 1904//1 1905//1
f 1241//1 1905//1 1245//1
f 1245//1 1905//1 1893//1
f 1889//1 1906//1 1890//1
f 1890//1 1906//1 1907//1
f 1890//1 1907//1 1908//1
f 1908//1 1907//1 1909//1
f 1908//1 1909//1 1910//1
f 1910//1 1909//1 1911//1
f 1910//1 1911//1 1912//1
f 1912//1 1911//1 1913//1
f 1912//1 1913//1 1914//1
f 1914//1 1913//1 1915//1
f 1914//1 1915//1 1916//1
f 1916//1 1915//1 1917//1
f 1916//1 1917//1 1918//1
f 1918//1 1917//1 1919//1
f 1918//1 1919//1 1920//1
f 1920//1 1919//1 1897//1
f 1920//1 1897//1 1225//1
f 1225//1 1897//1 1227//1
f 1906//1 1921//1 1907//1
f 1907//1 1921//1 1909//1
f 1921//1 1922//1 1909//1
f 1909//1 1922//1 1911//1
f 1922//1 1923//1 1911//1
f 1911//1 1923//1 1913//1
f 1923//1 1924//1 1913//1
f 1913//1 1924//1 1915//1
f 1924//1 1925//1 1915//1
f 1915//1 1925//1 1917//1
f 1917//1 1925//1 1919//1
f 1919//1 1925//1 1926//1
f 1919//1 1926//1 1900//1
f 1900//1 1897//1 1919//1
f 1225//1 1223//1 1920//1
f 1920//1 1223//1 1918//1
f 1918//1 1223//1 1916//1
f 1916//1 1223//1 1039//1
f 1916//1 1039//1 1914//1
f 1914//1 1039//1 1038//1
f 1914//1 1038//1 1912//1
f 1912//1 1038//1 1037//1
f 1912//1 1037//1 1910//1
f 1910//1 1037//1 1041//1
f 1910//1 1041//1 1908//1
f 1908//1 1041//1 1040//1
f 1908//1 1040//1 1890//1
f 1890//1 1040//1 1221//1
f 1927//1 1928//1 1929//1
f 1929//1 1928//1 1230//1
f 1929//1 1230//1 1232//1
f 1928//1 1228//1 1230//1
f 1234//1 1930//1 1232//1
f 1232//1 1930//1 1931//1
f 1232//1 1931//1 1929//1
f 1930//1 1234//1 1932//1
f 1932//1 1234//1 1236//1
f 1932//1 1236//1 1933//1
f 1933//1 1236//1 1238//1
f 1933//1 1238//1 1934//1
f 1934//1 1238//1 1240//1
f 1934//1 1240//1 1935//1
f 1935//1 1240//1 1242//1
f 1935//1 1242//1 1896//1
f 1896//1 1242//1 1244//1
f 1031//1 1036//1 1936//1
f 1936//1 1036//1 1937//1
f 1936//1 1937//1 1938//1
f 1938//1 1937//1 1939//1
f 1938//1 1939//1 1940//1
f 1940//1 1939//1 1941//1
f 1940//1 1941//1 1942//1
f 1942//1 1941//1 1943//1
f 1942//1 1943//1 1944//1
f 1944//1 1943//1 1945//1
f 1944//1 1945//1 1946//1
f 1946//1 1945//1 1947//1
f 1946//1 1947//1 1948//1
f 1948//1 1947//1 1949//1
f 1948//1 1949//1 1950//1
f 1950//1 1949//1 1928//1
f 1950//1 1928//1 1951//1
f 1951//1 1928//1 1927//1
f 1036//1 1035//1 1937//1
f 1937//1 1035//1 1939//1
f 1035//1 1034//1 1939//1
f 1939//1 1034//1 1941//1
f 1034//1 1247//1 1941//1
f 1941//1 1247//1 1943//1
f 1247//1 1222//1 1943//1
f 1943//1 1222//1 1945//1
f 1222//1 1224//1 1945//1
f 1945//1 1224//1 1947//1
f 1947//1 1224//1 1949//1
f 1949//1 1224//1 1226//1
f 1949//1 1226//1 1228//1
f 1228//1 1928//1 1949//1
f 1951//1 1952//1 1950//1
f 1950//1 1952//1 1948//1
f 1948//1 1952//1 1946//1
f 1946//1 1952//1 1953//1
f 1946//1 1953//1 1944//1
f 1944//1 1953//1 1954//1
f 1944//1 1954//1 1942//1
f 1942//1 1954//1 1955//1
f 1942//1 1955//1 1940//1
f 1940//1 1955//1 1956//1
f 1940//1 1956//1 1938//1
f 1938//1 1956//1 1957//1
f 1938//1 1957//1 1936//1
f 1936//1 1957//1 1958//1
f 1959//1 1960//1 1961//1
f 1961//1 1960//1 1962//1
f 1962//1 1960//1 1248//1
f 1962//1 1248//1 1936//1
f 1936//1 1248//1 1033//1
f 1936//1 1033//1 1032//1
f 1032//1 1031//1 1936//1
f 1936//1 1958//1 1962//1
f 1274//1 1963//1 1275//1
f 1275//1 1963//1 1964//1
f 1275//1 1964//1 1272//1
f 1272//1 1964//1 1965//1
f 1272//1 1965//1 1273//1
f 1273//1 1965//1 1966//1
f 1256//1 1967//1 1258//1
f 1258//1 1967//1 1968//1
f 1258//1 1968//1 1969//1
f 1967//1 1970//1 1968//1
f 1971//1 1262//1 1969//1
f 1969//1 1262//1 1260//1
f 1969//1 1260//1 1258//1
f 1262//1 1971//1 1264//1
f 1264//1 1971//1 1972//1
f 1264//1 1972//1 1266//1
f 1266//1 1972//1 1973//1
f 1266//1 1973//1 1268//1
f 1268//1 1973//1 1974//1
f 1268//1 1974//1 1270//1
f 1270//1 1974//1 1975//1
f 1270//1 1975//1 1274//1
f 1274//1 1975//1 1963//1
f 1959//1 1976//1 1960//1
f 1960//1 1976//1 1977//1
f 1960//1 1977//1 1978//1
f 1978//1 1977//1 1979//1
f 1978//1 1979//1 1980//1
f 1980//1 1979//1 1981//1
f 1980//1 1981//1 1982//1
f 1982//1 1981//1 1983//1
f 1982//1 1983//1 1984//1
f 1984//1 1983//1 1985//1
f 1984//1 1985//1 1986//1
f 1986//1 1985//1 1987//1
f 1986//1 1987//1 1988//1
f 1988//1 1987//1 1989//1
f 1988//1 1989//1 1990//1
f 1990//1 1989//1 1967//1
f 1990//1 1967//1 1254//1
f 1254//1 1967//1 1256//1
f 1976//1 1991//1 1977//1
f 1977//1 1991//1 1979//1
f 1991//1 1992//1 1979//1
f 1979//1 1992//1 1981//1
f 1992//1 1993//1 1981//1
f 1981//1 1993//1 1983//1
f 1993//1 1994//1 1983//1
f 1983//1 1994//1 1985//1
f 1994//1 1995//1 1985//1
f 1985//1 1995//1 1987//1
f 1987//1 1995//1 1989//1
f 1989//1 1995//1 1996//1
f 1989//1 1996//1 1970//1
f 1970//1 1967//1 1989//1
f 1254//1 1252//1 1990//1
f 1990//1 1252//1 1988//1
f 1988//1 1252//1 1986//1
f 1986//1 1252//1 1250//1
f 1986//1 1250//1 1984//1
f 1984//1 1250//1 1030//1
f 1984//1 1030//1 1982//1
f 1982//1 1030//1 1029//1
f 1982//1 1029//1 1980//1
f 1980//1 1029//1 1028//1
f 1980//1 1028//1 1978//1
f 1978//1 1028//1 1249//1
f 1978//1 1249//1 1960//1
f 1960//1 1249//1 1248//1
f 1997//1 1998//1 1999//1
f 1999//1 1998//1 1259//1
f 1999//1 1259//1 1261//1
f 1998//1 1257//1 1259//1
f 1263//1 2000//1 1261//1
f 1261//1 2000//1 2001//1
f 1261//1 2001//1 1999//1
f 2000//1 1263//1 2002//1
f 2002//1 1263//1 1265//1
f 2002//1 1265//1 2003//1
f 2003//1 1265//1 1267//1
f 2003//1 1267//1 2004//1
f 2004//1 1267//1 1269//1
f 2004//1 1269//1 2005//1
f 2005//1 1269//1 1271//1
f 2005//1 1271//1 1966//1
f 1966//1 1271//1 1273//1
f 1023//1 1022//1 2006//1
f 2006//1 1022//1 2007//1
f 2006//1 2007//1 2008//1
f 2008//1 2007//1 2009//1
f 2008//1 2009//1 2010//1
f 2010//1 2009//1 2011//1
f 2010//1 2011//1 2012//1
f 2012//1 2011//1 2013//1
f 2012//1 2013//1 2014//1
f 2014//1 2013//1 2015//1
f 2014//1 2015//1 2016//1
f 2016//1 2015//1 2017//1
f 2016//1 2017//1 2018//1
f 2018//1 2017//1 2019//1
f 2018//1 2019//1 2020//1
f 2020//1 2019//1 1998//1
f 2020//1 1998//1 2021//1
f 2021//1 1998//1 1997//1
f 1022//1 1027//1 2007//1
f 2007//1 1027//1 2009//1
f 1027//1 1026//1 2009//1
f 2009//1 1026//1 2011//1
f 1026//1 1025//1 2011//1
f 2011//1 1025//1 2013//1
f 1025//1 1251//1 2013//1
f 2013//1 1251//1 2015//1
f 1251//1 1253//1 2015//1
f 2015//1 1253//1 2017//1
f 2017//1 1253//1 2019//1
f 2019//1 1253//1 1255//1
f 2019//1 1255//1 1257//1
f 1257//1 1998//1 2019//1
f 2021//1 2022//1 2020//1
f 2020//1 2022//1 2018//1
f 2018//1 2022//1 2016//1
f 2016//1 2022//1 2023//1
f 2016//1 2023//1 2014//1
f 2014//1 2023//1 2024//1
f 2014//1 2024//1 2012//1
f 2012//1 2024//1 2025//1
f 2012//1 2025//1 2010//1
f 2010//1 2025//1 2026//1
f 2010//1 2026//1 2008//1
f 2008//1 2026//1 2027//1
f 2008//1 2027//1 2006//1
f 2006//1 2027//1 2028//1
f 2029//1 2030//1 2031//1
f 2031//1 2030//1 2032//1
f 2032//1 2030//1 1277//1
f 2032//1 1277//1 2006//1
f 2006//1 1277//1 1276//1
f 2006//1 1276//1 1024//1
f 1024//1 1023//1 2006//1
f 2006//1 2028//1 2032//1
f 1278//1 2033//1 1279//1
f 1279//1 2033//1 2034//1
f 1279//1 2034//1 1017//1
f 1017//1 2034//1 2035//1
f 1017//1 2035//1 1018//1
f 1018//1 2035//1 2036//1
f 1001//1 2037//1 1003//1
f 1003//1 2037//1 2038//1
f 1003//1 2038//1 2039//1
f 2037//1 2040//1 2038//1
f 2041//1 1007//1 2039//1
f 2039//1 1007//1 1005//1
f 2039//1 1005//1 1003//1
f 1007//1 2041//1 1009//1
f 1009//1 2041//1 2042//1
f 1009//1 2042//1 1011//1
f 1011//1 2042//1 2043//1
f 1011//1 2043//1 1013//1
f 1013//1 2043//1 2044//1
f 1013//1 2044//1 1015//1
f 1015//1 2044//1 2045//1
f 1015//1 2045//1 1278//1
f 1278//1 2045//1 2033//1
f 2029//1 2046//1 2030//1
f 2030//1 2046//1 2047//1
f 2030//1 2047//1 2048//1
f 2048//1 2047//1 2049//1
f 2048//1 2049//1 2050//1
f 2050//1 2049//1 2051//1
f 2050//1 2051//1 2052//1
f 2052//1 2051//1 2053//1
f 2052//1 2053//1 2054//1
f 2054//1 2053//1 2055//1
f 2054//1 2055//1 2056//1
f 2056//1 2055//1 2057//1
f 2056//1 2057//1 2058//1
f 2058//1 2057//1 2059//1
f 2058//1 2059//1 2060//1
f 2060//1 2059//1 2037//1
f 2060//1 2037//1 999//1
f 999//1 2037//1 1001//1
f 2046//1 2061//1 2047//1
f 2047//1 2061//1 2049//1
f 2061//1 2062//1 2049//1
f 2049//1 2062//1 2051//1
f 2062//1 2063//1 2051//1
f 2051//1 2063//1 2053//1
f 2063//1 2064//1 2053//1
f 2053//1 2064//1 2055//1
f 2064//1 2065//1 2055//1
f 2055//1 2065//1 2057//1
f 2057//1 2065//1 2059//1
f 2059//1 2065//1 2066//1
f 2059//1 2066//1 2040//1
f 2040//1 2037//1 2059//1
f 999//1 997//1 2060//1
f 2060//1 997//1 2058//1
f 2058//1 997//1 2056//1
f 2056//1 997//1 994//1
f 2056//1 994//1 2054//1
f 2054//1 994//1 993//1
f 2054//1 993//1 2052//1
f 2052//1 993//1 1021//1
f 2052//1 1021//1 2050//1
f 2050//1 1021//1 1020//1
f 2050//1 1020//1 2048//1
f 2048//1 1020//1 1019//1
f 2048//1 1019//1 2030//1
f 2030//1 1019//1 1277//1
f 2067//1 2068//1 2069//1
f 2069//1 2068//1 1004//1
f 2069//1 1004//1 1006//1
f 2068//1 1002//1 1004//1
f 1008//1 2070//1 1006//1
f 1006//1 2070//1 2071//1
f 1006//1 2071//1 2069//1
f 2070//1 1008//1 2072//1
f 2072//1 1008//1 1010//1
f 2072//1 1010//1 2073//1
f 2073//1 1010//1 1012//1
f 2073//1 1012//1 2074//1
f 2074//1 1012//1 1014//1
f 2074//1 1014//1 2075//1
f 2075//1 1014//1 1016//1
f 2075//1 1016//1 2036//1
f 2036//1 1016//1 1018//1
f 992//1 991//1 2076//1
f 2076//1 991//1 2077//1
f 2076//1 2077//1 2078//1
f 2078//1 2077//1 2079//1
f 2078//1 2079//1 2080//1
f 2080//1 2079//1 2081//1
f 2080//1 2081//1 2082//1
f 2082//1 2081//1 2083//1
f 2082//1 2083//1 2084//1
f 2084//1 2083//1 2085//1
f 2084//1 2085//1 2086//1
f 2086//1 2085//1 2087//1
f 2086//1 2087//1 2088//1
f 2088//1 2087//1 2089//1
f 2088//1 2089//1 2090//1
f 2090//1 2089//1 2068//1
f 2090//1 2068//1 2091//1
f 2091//1 2068//1 2067//1
f 991//1 990//1 2077//1
f 2077//1 990//1 2079//1
f 990//1 1280//1 2079//1
f 2079//1 1280//1 2081//1
f 1280//1 995//1 2081//1
f 2081//1 995//1 2083//1
f 995//1 996//1 2083//1
f 2083//1 996//1 2085//1
f 996//1 998//1 2085//1
f 2085//1 998//1 2087//1
f 2087//1 998//1 2089//1
f 2089//1 998//1 1000//1
f 2089//1 1000//1 1002//1
f 1002//1 2068//1 2089//1
f 2091//1 2092//1 2090//1
f 2090//1 2092//1 2088//1
f 2088//1 2092//1 2086//1
f 2086//1 2092//1 2093//1
f 2086//1 2093//1 2084//1
f 2084//1 2093//1 2094//1
f 2084//1 2094//1 2082//1
f 2082//1 2094//1 2095//1
f 2082//1 2095//1 2080//1
f 2080//1 2095//1 2096//1
f 2080//1 2096//1 2078//1
f 2078//1 2096//1 2097//1
f 2078//1 2097//1 2076//1
f 2076//1 2097//1 2098//1
f 2099//1 2100//1 2101//1
f 2101//1 2100//1 2102//1
f 2102//1 2100//1 987//1
f 2102//1 987//1 2076//1
f 2076//1 987//1 1282//1
f 2076//1 1282//1 1281//1
f 1281//1 992//1 2076//1
f 2076//1 2098//1 2102//1
f 1306//1 2103//1 1307//1
f 1307//1 2103//1 2104//1
f 1307//1 2104//1 1304//1
f 1304//1 2104//1 2105//1
f 1304//1 2105//1 1305//1
f 1305//1 2105//1 2106//1
f 1288//1 2107//1 1290//1
f 1290//1 2107//1 2108//1
f 1290//1 2108//1 2109//1
f 2107//1 2110//1 2108//1
f 2111//1 1294//1 2109//1
f 2109//1 1294//1 1292//1
f 2109//1 1292//1 1290//1
f 1294//1 2111//1 1296//1
f 1296//1 2111//1 2112//1
f 1296//1 2112//1 1298//1
f 1298//1 2112//1 2113//1
f 1298//1 2113//1 1300//1
f 1300//1 2113//1 2114//1
f 1300//1 2114//1 1302//1
f 1302//1 2114//1 2115//1
f 1302//1 2115//1 1306//1
f 1306//1 2115//1 2103//1
f 2099//1 2116//1 2100//1
f 2100//1 2116//1 2117//1
f 2100//1 2117//1 2118//1
f 2118//1 2117//1 2119//1
f 2118//1 2119//1 2120//1
f 2120//1 2119//1 2121//1
f 2120//1 2121//1 2122//1
f 2122//1 2121//1 2123//1
f 2122//1 2123//1 2124//1
f 2124//1 2123//1 2125//1
f 2124//1 2125//1 2126//1
f 2126//1 2125//1 2127//1
f 2126//1 2127//1 2128//1
f 2128//1 2127//1 2129//1
f 2128//1 2129//1 2130//1
f 2130//1 2129//1 2107//1
f 2130//1 2107//1 1286//1
f 1286//1 2107//1 1288//1
f 2116//1 2131//1 2117//1
f 2117//1 2131//1 2119//1
f 2131//1 2132//1 2119//1
f 2119//1 2132//1 2121//1
f 2132//1 2133//1 2121//1
f 2121//1 2133//1 2123//1
f 2133//1 2134//1 2123//1
f 2123//1 2134//1 2125//1
f 2134//1 2135//1 2125//1
f 2125//1 2135//1 2127//1
f 2127//1 2135//1 2129//1
f 2129//1 2135//1 2136//1
f 2129//1 2136//1 2110//1
f 2110//1 2107//1 2129//1
f 1286//1 1284//1 2130//1
f 2130//1 1284//1 2128//1
f 2128//1 1284//1 2126//1
f 2126//1 1284//1 986//1
f 2126//1 986//1 2124//1
f 2124//1 986//1 985//1
f 2124//1 985//1 2122//1
f 2122//1 985//1 984//1
f 2122//1 984//1 2120//1
f 2120//1 984//1 989//1
f 2120//1 989//1 2118//1
f 2118//1 989//1 988//1
f 2118//1 988//1 2100//1
f 2100//1 988//1 987//1
f 2137//1 2138//1 2139//1
f 2139//1 2138//1 1291//1
f 2139//1 1291//1 1293//1
f 2138//1 1289//1 1291//1
f 1295//1 2140//1 1293//1
f 1293//1 2140//1 2141//1
f 1293//1 2141//1 2139//1
f 2140//1 1295//1 2142//1
f 2142//1 1295//1 1297//1
f 2142//1 1297//1 2143//1
f 2143//1 1297//1 1299//1
f 2143//1 1299//1 2144//1
f 2144//1 1299//1 1301//1
f 2144//1 1301//1 2145//1
f 2145//1 1301//1 1303//1
f 2145//1 1303//1 2106//1
f 2106//1 1303//1 1305//1
f 978//1 983//1 2146//1
f 2146//1 983//1 2147//1
f 2146//1 2147//1 2148//1
f 2148//1 2147//1 2149//1
f 2148//1 2149//1 2150//1
f 2150//1 2149//1 2151//1
f 2150//1 2151//1 2152//1
f 2152//1 2151//1 2153//1
f 2152//1 2153//1 2154//1
f 2154//1 2153//1 2155//1
f 2154//1 2155//1 2156//1
f 2156//1 2155//1 2157//1
f 2156//1 2157//1 2158//1
f 2158//1 2157//1 2159//1
f 2158//1 2159//1 2160//1
f 2160//1 2159//1 2138//1
f 2160//1 2138//1 2161//1
f 2161//1 2138//1 2137//1
f 983//1 982//1 2147//1
f 2147//1 982//1 2149//1
f 982//1 981//1 2149//1
f 2149//1 981//1 2151//1
f 981//1 1308//1 2151//1
f 2151//1 1308//1 2153//1
f 1308//1 1283//1 2153//1
f 2153//1 1283//1 2155//1
f 1283//1 1285//1 2155//1
f 2155//1 1285//1 2157//1
f 2157//1 1285//1 2159//1
f 2159//1 1285//1 1287//1
f 2159//1 1287//1 1289//1
f 1289//1 2138//1 2159//1
f 2161//1 2162//1 2160//1
f 2160//1 2162//1 2158//1
f 2158//1 2162//1 2156//1
f 2156//1 2162//1 2163//1
f 2156//1 2163//1 2154//1
f 2154//1 2163//1 2164//1
f 2154//1 2164//1 2152//1
f 2152//1 2164//1 2165//1
f 2152//1 2165//1 2150//1
f 2150//1 2165//1 2166//1
f 2150//1 2166//1 2148//1
f 2148//1 2166//1 2167//1
f 2148//1 2167//1 2146//1
f 2146//1 2167//1 2168//1
f 2169//1 2170//1 2171//1
f 2171//1 2170//1 2172//1
f 2172//1 2170//1 1309//1
f 2172//1 1309//1 2146//1
f 2146//1 1309//1 980//1
f 2146//1 980//1 979//1
f 979//1 978//1 2146//1
f 2146//1 2168//1 2172//1
f 1335//1 2173//1 1336//1
f 1336//1 2173//1 2174//1
f 1336//1 2174//1 1333//1
f 1333//1 2174//1 2175//1
f 1333//1 2175//1 1334//1
f 1334//1 2175//1 2176//1
f 1317//1 2177//1 1319//1
f 1319//1 2177//1 2178//1
f 1319//1 2178//1 2179//1
f 2177//1 2180//1 2178//1
f 2181//1 1323//1 2179//1
f 2179//1 1323//1 1321//1
f 2179//1 1321//1 1319//1
f 1323//1 2181//1 1325//1
f 1325//1 2181//1 2182//1
f 1325//1 2182//1 1327//1
f 1327//1 2182//1 2183//1
f 1327//1 2183//1 1329//1
f 1329//1 2183//1 2184//1
f 1329//1 2184//1 1331//1
f 1331//1 2184//1 2185//1
f 1331//1 2185//1 1335//1
f 1335//1 2185//1 2173//1
f 2169//1 2186//1 2170//1
f 2170//1 2186//1 2187//1
f 2170//1 2187//1 2188//1
f 2188//1 2187//1 2189//1
f 2188//1 2189//1 2190//1
f 2190//1 2189//1 2191//1
f 2190//1 2191//1 2192//1
f 2192//1 2191//1 2193//1
f 2192//1 2193//1 2194//1
f 2194//1 2193//1 2195//1
f 2194//1 2195//1 2196//1
f 2196//1 2195//1 2197//1
f 2196//1 2197//1 2198//1
f 2198//1 2197//1 2199//1
f 2198//1 2199//1 2200//1
f 2200//1 2199//1 2177//1
f 2200//1 2177//1 1315//1
f 1315//1 2177//1 1317//1
f 2186//1 2201//1 2187//1
f 2187//1 2201//1 2189//1
f 2201//1 2202//1 2189//1
f 2189//1 2202//1 2191//1
f 2202//1 2203//1 2191//1
f 2191//1 2203//1 2193//1
f 2203//1 2204//1 2193//1
f 2193//1 2204//1 2195//1
f 2204//1 2205//1 2195//1
f 2195//1 2205//1 2197//1
f 2197//1 2205//1 2199//1
f 2199//1 2205//1 2206//1
f 2199//1 2206//1 2180//1
f 2180//1 2177//1 2199//1
f 1315//1 1314//1 2200//1
f 2200//1 1314//1 2198//1
f 2198//1 1314//1 2196//1
f 2196//1 1314//1 1311//1
f 2196//1 1311//1 2194//1
f 2194//1 1311//1 977//1
f 2194//1 977//1 2192//1
f 2192//1 977//1 976//1
f 2192//1 976//1 2190//1
f 2190//1 976//1 975//1
f 2190//1 975//1 2188//1
f 2188//1 975//1 1310//1
f 2188//1 1310//1 2170//1
f 2170//1 1310//1 1309//1
f 2207//1 2208//1 2209//1
f 2209//1 2208//1 1320//1
f 2209//1 1320//1 1322//1
f 2208//1 1318//1 1320//1
f 1324//1 2210//1 1322//1
f 1322//1 2210//1 2211//1
f 1322//1 2211//1 2209//1
f 2210//1 1324//1 2212//1
f 2212//1 1324//1 1326//1
f 2212//1 1326//1 2213//1
f 2213//1 1326//1 1328//1
f 2213//1 1328//1 2214//1
f 2214//1 1328//1 1330//1
f 2214//1 1330//1 2215//1
f 2215//1 1330//1 1332//1
f 2215//1 1332//1 2176//1
f 2176//1 1332//1 1334//1
f 970//1 969//1 2216//1
f 2216//1 969//1 2217//1
f 2216//1 2217//1 2218//1
f 2218//1 2217//1 2219//1
f 2218//1 2219//1 2220//1
f 2220//1 2219//1 2221//1
f 2220//1 2221//1 2222//1
f 2222//1 2221//1 2223//1
f 2222//1 2223//1 2224//1
f 2224//1 2223//1 2225//1
f 2224//1 2225//1 2226//1
f 2226//1 2225//1 2227//1
f 2226//1 2227//1 2228//1
f 2228//1 2227//1 2229//1
f 2228//1 2229//1 2230//1
f 2230//1 2229//1 2208//1
f 2230//1 2208//1 2231//1
f 2231//1 2208//1 2207//1
f 969//1 974//1 2217//1
f 2217//1 974//1 2219//1
f 974//1 973//1 2219//1
f 2219//1 973//1 2221//1
f 973//1 972//1 2221//1
f 2221//1 972//1 2223//1
f 972//1 1312//1 2223//1
f 2223//1 1312//1 2225//1
f 1312//1 1313//1 2225//1
f 2225//1 1313//1 2227//1
f 2227//1 1313//1 2229//1
f 2229//1 1313//1 1316//1
f 2229//1 1316//1 1318//1
f 1318//1 2208//1 2229//1
f 2231//1 2232//1 2230//1
f 2230//1 2232//1 2228//1
f 2228//1 2232//1 2226//1
f 2226//1 2232//1 2233//1
f 2226//1 2233//1 2224//1
f 2224//1 2233//1 2234//1
f 2224//1 2234//1 2222//1
f 2222//1 2234//1 2235//1
f 2222//1 2235//1 2220//1
f 2220//1 2235//1 2236//1
f 2220//1 2236//1 2218//1
f 2218//1 2236//1 2237//1
f 2218//1 2237//1 2216//1
f 2216//1 2237//1 2238//1
f 2239//1 2240//1 2241//1
f 2241//1 2240//1 2242//1
f 2242//1 2240//1 1338//1
f 2242//1 1338//1 2216//1
f 2216//1 1338//1 1337//1
f 2216//1 1337//1 971//1
f 971//1 970//1 2216//1
f 2216//1 2238//1 2242//1
f 1363//1 2243//1 1364//1
f 1364//1 2243//1 2244//1
f 1364//1 2244//1 1361//1
f 1361//1 2244//1 2245//1
f 1361//1 2245//1 1362//1
f 1362//1 2245//1 2246//1
f 1346//1 2247//1 1348//1
f 1348//1 2247//1 2248//1
f 1348//1 2248//1 2249//1
f 2247//1 2250//1 2248//1
f 2251//1 1351//1 2249//1
f 2249//1 1351//1 1349//1
f 2249//1 1349//1 1348//1
f 1351//1 2251//1 1353//1
f 1353//1 2251//1 2252//1
f 1353//1 2252//1 1355//1
f 1355//1 2252//1 2253//1
f 1355//1 2253//1 1357//1
f 1357//1 2253//1 2254//1
f 1357//1 2254//1 1359//1
f 1359//1 2254//1 2255//1
f 1359//1 2255//1 1363//1
f 1363//1 2255//1 2243//1
f 2239//1 2256//1 2240//1
f 2240//1 2256//1 2257//1
f 2240//1 2257//1 2258//1
f 2258//1 2257//1 2259//1
f 2258//1 2259//1 2260//1
f 2260//1 2259//1 2261//1
f 2260//1 2261//1 2262//1
f 2262//1 2261//1 2263//1
f 2262//1 2263//1 2264//1
f 2264//1 2263//1 2265//1
f 2264//1 2265//1 2266//1
f 2266//1 2265//1 2267//1
f 2266//1 2267//1 2268//1
f 2268//1 2267//1 2269//1
f 2268//1 2269//1 2270//1
f 2270//1 2269//1 2247//1
f 2270//1 2247//1 1344//1
f 1344//1 2247//1 1346//1
f 2256//1 2271//1 2257//1
f 2257//1 2271//1 2259//1
f 2271//1 2272//1 2259//1
f 2259//1 2272//1 2261//1
f 2272//1 2273//1 2261//1
f 2261//1 2273//1 2263//1
f 2273//1 2274//1 2263//1
f 2263//1 2274//1 2265//1
f 2274//1 2275//1 2265//1
f 2265//1 2275//1 2267//1
f 2267//1 2275//1 2269//1
f 2269//1 2275//1 2276//1
f 2269//1 2276//1 2250//1
f 2250//1 2247//1 2269//1
f 1344//1 1342//1 2270//1
f 2270//1 1342//1 2268//1
f 2268//1 1342//1 2266//1
f 2266//1 1342//1 1339//1
f 2266//1 1339//1 2264//1
f 2264//1 1339//1 963//1
f 2264//1 963//1 2262//1
f 2262//1 963//1 968//1
f 2262//1 968//1 2260//1
f 2260//1 968//1 967//1
f 2260//1 967//1 2258//1
f 2258//1 967//1 966//1
f 2258//1 966//1 2240//1
f 2240//1 966//1 1338//1
f 2277//1 2278//1 2279//1
f 2279//1 2278//1 1347//1
f 2279//1 1347//1 1350//1
f 2278//1 1345//1 1347//1
f 1352//1 2280//1 1350//1
f 1350//1 2280//1 2281//1
f 1350//1 2281//1 2279//1
f 2280//1 1352//1 2282//1
f 2282//1 1352//1 1354//1
f 2282//1 1354//1 2283//1
f 2283//1 1354//1 1356//1
f 2283//1 1356//1 2284//1
f 2284//1 1356//1 1358//1
f 2284//1 1358//1 2285//1
f 2285//1 1358//1 1360//1
f 2285//1 1360//1 2246//1
f 2246//1 1360//1 1362//1
f 962//1 961//1 2286//1
f 2286//1 961//1 2287//1
f 2286//1 2287//1 2288//1
f 2288//1 2287//1 2289//1
f 2288//1 2289//1 2290//1
f 2290//1 2289//1 2291//1
f 2290//1 2291//1 2292//1
f 2292//1 2291//1 2293//1
f 2292//1 2293//1 2294//1
f 2294//1 2293//1 2295//1
f 2294//1 2295//1 2296//1
f 2296//1 2295//1 2297//1
f 2296//1 2297//1 2298//1
f 2298//1 2297//1 2299//1
f 2298//1 2299//1 2300//1
f 2300//1 2299//1 2278//1
f 2300//1 2278//1 2301//1
f 2301//1 2278//1 2277//1
f 961//1 960//1 2287//1
f 2287//1 960//1 2289//1
f 960//1 965//1 2289//1
f 2289//1 965//1 2291//1
f 965//1 964//1 2291//1
f 2291//1 964//1 2293//1
f 964//1 1340//1 2293//1
f 2293//1 1340//1 2295//1
f 1340//1 1341//1 2295//1
f 2295//1 1341//1 2297//1
f 2297//1 1341//1 2299//1
f 2299//1 1341//1 1343//1
f 2299//1 1343//1 1345//1
f 1345//1 2278//1 2299//1
f 2301//1 2302//1 2300//1
f 2300//1 2302//1 2298//1
f 2298//1 2302//1 2296//1
f 2296//1 2302//1 2303//1
f 2296//1 2303//1 2294//1
f 2294//1 2303//1 2304//1
f 2294//1 2304//1 2292//1
f 2292//1 2304//1 2305//1
f 2292//1 2305//1 2290//1
f 2290//1 2305//1 2306//1
f 2290//1 2306//1 2288//1
f 2288//1 2306//1 2307//1
f 2288//1 2307//1 2286//1
f 2286//1 2307//1 2308//1
f 2309//1 2310//1 2311//1
f 2311//1 2310//1 2312//1
f 2312//1 2310//1 957//1
f 2312//1 957//1 2286//1
f 2286//1 957//1 1366//1
f 2286//1 1366//1 1365//1
f 1365//1 962//1 2286//1
f 2286//1 2308//1 2312//1
f 1391//1 2313//1 1392//1
f 1392//1 2313//1 2314//1
f 1392//1 2314//1 1389//1
f 1389//1 2314//1 2315//1
f 1389//1 2315//1 1390//1
f 1390//1 2315//1 2316//1
f 1374//1 2317//1 1376//1
f 1376//1 2317//1 2318//1
f 1376//1 2318//1 2319//1
f 2317//1 2320//1 2318//1
f 2321//1 1379//1 2319//1
f 2319//1 1379//1 1377//1
f 2319//1 1377//1 1376//1
f 1379//1 2321//1 1381//1
f 1381//1 2321//1 2322//1
f 1381//1 2322//1 1383//1
f 1383//1 2322//1 2323//1
f 1383//1 2323//1 1385//1
f 1385//1 2323//1 2324//1
f 1385//1 2324//1 1387//1
f 1387//1 2324//1 2325//1
f 1387//1 2325//1 1391//1
f 1391//1 2325//1 2313//1
f 2309//1 2326//1 2310//1
f 2310//1 2326//1 2327//1
f 2310//1 2327//1 2328//1
f 2328//1 2327//1 2329//1
f 2328//1 2329//1 2330//1
f 2330//1 2329//1 2331//1
f 2330//1 2331//1 2332//1
f 2332//1 2331//1 2333//1
f 2332//1 2333//1 2334//1
f 2334//1 2333//1 2335//1
f 2334//1 2335//1 2336//1
f 2336//1 2335//1 2337//1
f 2336//1 2337//1 2338//1
f 2338//1 2337//1 2339//1
f 2338//1 2339//1 2340//1
f 2340//1 2339//1 2317//1
f 2340//1 2317//1 1372//1
f 1372//1 2317//1 1374//1
f 2326//1 2341//1 2327//1
f 2327//1 2341//1 2329//1
f 2341//1 2342//1 2329//1
f 2329//1 2342//1 2331//1
f 2342//1 2343//1 2331//1
f 2331//1 2343//1 2333//1
f 2343//1 2344//1 2333//1
f 2333//1 2344//1 2335//1
f 2344//1 2345//1 2335//1
f 2335//1 2345//1 2337//1
f 2337//1 2345//1 2339//1
f 2339//1 2345//1 2346//1
f 2339//1 2346//1 2320//1
f 2320//1 2317//1 2339//1
f 1372//1 1367//1 2340//1
f 2340//1 1367//1 2338//1
f 2338//1 1367//1 2336//1
f 2336//1 1367//1 956//1
f 2336//1 956//1 2334//1
f 2334//1 956//1 955//1
f 2334//1 955//1 2332//1
f 2332//1 955//1 954//1
f 2332//1 954//1 2330//1
f 2330//1 954//1 959//1
f 2330//1 959//1 2328//1
f 2328//1 959//1 958//1
f 2328//1 958//1 2310//1
f 2310//1 958//1 957//1
f 2347//1 2348//1 2349//1
f 2349//1 2348//1 1375//1
f 2349//1 1375//1 1378//1
f 2348//1 1373//1 1375//1
f 1380//1 2350//1 1378//1
f 1378//1 2350//1 2351//1
f 1378//1 2351//1 2349//1
f 2350//1 1380//1 2352//1
f 2352//1 1380//1 1382//1
f 2352//1 1382//1 2353//1
f 2353//1 1382//1 1384//1
f 2353//1 1384//1 2354//1
f 2354//1 1384//1 1386//1
f 2354//1 1386//1 2355//1
f 2355//1 1386//1 1388//1
f 2355//1 1388//1 2316//1
f 2316//1 1388//1 1390//1
f 948//1 953//1 2356//1
f 2356//1 953//1 2357//1
f 2356//1 2357//1 2358//1
f 2358//1 2357//1 2359//1
f 2358//1 2359//1 2360//1
f 2360//1 2359//1 2361//1
f 2360//1 2361//1 2362//1
f 2362//1 2361//1 2363//1
f 2362//1 2363//1 2364//1
f 2364//1 2363//1 2365//1
f 2364//1 2365//1 2366//1
f 2366//1 2365//1 2367//1
f 2366//1 2367//1 2368//1
f 2368//1 2367//1 2369//1
f 2368//1 2369//1 2370//1
f 2370//1 2369//1 2348//1
f 2370//1 2348//1 2371//1
f 2371//1 2348//1 2347//1
f 953//1 952//1 2357//1
f 2357//1 952//1 2359//1
f 952//1 951//1 2359//1
f 2359//1 951//1 2361//1
f 951//1 1370//1 2361//1
f 2361//1 1370//1 2363//1
f 1370//1 1369//1 2363//1
f 2363//1 1369//1 2365//1
f 1369//1 1368//1 2365//1
f 2365//1 1368//1 2367//1
f 2367//1 1368//1 2369//1
f 2369//1 1368//1 1371//1
f 2369//1 1371//1 1373//1
f 1373//1 2348//1 2369//1
f 2371//1 2372//1 2370//1
f 2370//1 2372//1 2368//1
f 2368//1 2372//1 2366//1
f 2366//1 2372//1 2373//1
f 2366//1 2373//1 2364//1
f 2364//1 2373//1 2374//1
f 2364//1 2374//1 2362//1
f 2362//1 2374//1 2375//1
f 2362//1 2375//1 2360//1
f 2360//1 2375//1 2376//1
f 2360//1 2376//1 2358//1
f 2358//1 2376//1 2377//1
f 2358//1 2377//1 2356//1
f 2356//1 2377//1 2378//1
f 2379//1 2380//1 2381//1
f 2381//1 2380//1 2382//1
f 2382//1 2380//1 1393//1
f 2382//1 1393//1 2356//1
f 2356//1 1393//1 950//1
f 2356//1 950//1 949//1
f 949//1 948//1 2356//1
f 2356//1 2378//1 2382//1
f 1419//1 2383//1 1420//1
f 1420//1 2383//1 2384//1
f 1420//1 2384//1 1417//1
f 1417//1 2384//1 2385//1
f 1417//1 2385//1 1418//1
f 1418//1 2385//1 2386//1
f 1402//1 2387//1 1404//1
f 1404//1 2387//1 2388//1
f 1404//1 2388//1 2389//1
f 2387//1 2390//1 2388//1
f 2391//1 1407//1 2389//1
f 2389//1 1407//1 1405//1
f 2389//1 1405//1 1404//1
f 1407//1 2391//1 1409//1
f 1409//1 2391//1 2392//1
f 1409//1 2392//1 1411//1
f 1411//1 2392//1 2393//1
f 1411//1 2393//1 1413//1
f 1413//1 2393//1 2394//1
f 1413//1 2394//1 1415//1
f 1415//1 2394//1 2395//1
f 1415//1 2395//1 1419//1
f 1419//1 2395//1 2383//1
f 2379//1 2396//1 2380//1
f 2380//1 2396//1 2397//1
f 2380//1 2397//1 2398//1
f 2398//1 2397//1 2399//1
f 2398//1 2399//1 2400//1
f 2400//1 2399//1 2401//1
f 2400//1 2401//1 2402//1
f 2402//1 2401//1 2403//1
f 2402//1 2403//1 2404//1
f 2404//1 2403//1 2405//1
f 2404//1 2405//1 2406//1
f 2406//1 2405//1 2407//1
f 2406//1 2407//1 2408//1
f 2408//1 2407//1 2409//1
f 2408//1 2409//1 2410//1
f 2410//1 2409//1 2387//1
f 2410//1 2387//1 1400//1
f 1400//1 2387//1 1402//1
f 2396//1 2411//1 2397//1
f 2397//1 2411//1 2399//1
f 2411//1 2412//1 2399//1
f 2399//1 2412//1 2401//1
f 2412//1 2413//1 2401//1
f 2401//1 2413//1 2403//1
f 2413//1 2414//1 2403//1
f 2403//1 2414//1 2405//1
f 2414//1 2415//1 2405//1
f 2405//1 2415//1 2407//1
f 2407//1 2415//1 2409//1
f 2409//1 2415//1 2416//1
f 2409//1 2416//1 2390//1
f 2390//1 2387//1 2409//1
f 1400//1 1398//1 2410//1
f 2410//1 1398//1 2408//1
f 2408//1 1398//1 2406//1
f 2406//1 1398//1 1395//1
f 2406//1 1395//1 2404//1
f 2404//1 1395//1 947//1
f 2404//1 947//1 2402//1
f 2402//1 947//1 946//1
f 2402//1 946//1 2400//1
f 2400//1 946//1 945//1
f 2400//1 945//1 2398//1
f 2398//1 945//1 1394//1
f 2398//1 1394//1 2380//1
f 2380//1 1394//1 1393//1
f 2417//1 2418//1 2419//1
f 2419//1 2418//1 1403//1
f 2419//1 1403//1 1406//1
f 2418//1 1401//1 1403//1
f 1408//1 2420//1 1406//1
f 1406//1 2420//1 2421//1
f 1406//1 2421//1 2419//1
f 2420//1 1408//1 2422//1
f 2422//1 1408//1 1410//1
f 2422//1 1410//1 2423//1
f 2423//1 1410//1 1412//1
f 2423//1 1412//1 2424//1
f 2424//1 1412//1 1414//1
f 2424//1 1414//1 2425//1
f 2425//1 1414//1 1416//1
f 2425//1 1416//1 2386//1
f 2386//1 1416//1 1418//1
f 940//1 939//1 2426//1
f 2426//1 939//1 2427//1
f 2426//1 2427//1 2428//1
f 2428//1 2427//1 2429//1
f 2428//1 2429//1 2430//1
f 2430//1 2429//1 2431//1
f 2430//1 2431//1 2432//1
f 2432//1 2431//1 2433//1
f 2432//1 2433//1 2434//1
f 2434//1 2433//1 2435//1
f 2434//1 2435//1 2436//1
f 2436//1 2435//1 2437//1
f 2436//1 2437//1 2438//1
f 2438//1 2437//1 2439//1
f 2438//1 2439//1 2440//1
f 2440//1 2439//1 2418//1
f 2440//1 2418//1 2441//1
f 2441//1 2418//1 2417//1
f 939//1 944//1 2427//1
f 2427//1 944//1 2429//1
f 944//1 943//1 2429//1
f 2429//1 943//1 2431//1
f 943//1 942//1 2431//1
f 2431//1 942//1 2433//1
f 942//1 1396//1 2433//1
f 2433//1 1396//1 2435//1
f 1396//1 1397//1 2435//1
f 2435//1 1397//1 2437//1
f 2437//1 1397//1 2439//1
f 2439//1 1397//1 1399//1
f 2439//1 1399//1 1401//1
f 1401//1 2418//1 2439//1
f 2441//1 2442//1 2440//1
f 2440//1 2442//1 2438//1
f 2438//1 2442//1 2436//1
f 2436//1 2442//1 2443//1
f 2436//1 2443//1 2434//1
f 2434//1 2443//1 2444//1
f 2434//1 2444//1 2432//1
f 2432//1 2444//1 2445//1
f 2432//1 2445//1 2430//1
f 2430//1 2445//1 2446//1
f 2430//1 2446//1 2428//1
f 2428//1 2446//1 2447//1
f 2428//1 2447//1 2426//1
f 2426//1 2447//1 2448//1
f 2449//1 2450//1 2451//1
f 2451//1 2450//1 2452//1
f 2452//1 2450//1 1422//1
f 2452//1 1422//1 2426//1
f 2426//1 1422//1 1421//1
f 2426//1 1421//1 941//1
f 941//1 940//1 2426//1
f 2426//1 2448//1 2452//1
f 1436//1 2453//1 1437//1
f 1437//1 2453//1 2454//1
f 1437//1 2454//1 1434//1
f 1434//1 2454//1 2455//1
f 1434//1 2455//1 1435//1
f 1435//1 2455//1 2456//1
f 932//1 2457//1 934//1
f 934//1 2457//1 2458//1
f 934//1 2458//1 2459//1
f 2457//1 2460//1 2458//1
f 2461//1 1424//1 2459//1
f 2459//1 1424//1 935//1
f 2459//1 935//1 934//1
f 1424//1 2461//1 1426//1
f 1426//1 2461//1 2462//1
f 1426//1 2462//1 1428//1
f 1428//1 2462//1 2463//1
f 1428//1 2463//1 1430//1
f 1430//1 2463//1 2464//1
f 1430//1 2464//1 1432//1
f 1432//1 2464//1 2465//1
f 1432//1 2465//1 1436//1
f 1436//1 2465//1 2453//1
f 2449//1 2466//1 2450//1
f 2450//1 2466//1 2467//1
f 2450//1 2467//1 2468//1
f 2468//1 2467//1 2469//1
f 2468//1 2469//1 2470//1
f 2470//1 2469//1 2471//1
f 2470//1 2471//1 2472//1
f 2472//1 2471//1 2473//1
f 2472//1 2473//1 2474//1
f 2474//1 2473//1 2475//1
f 2474//1 2475//1 2476//1
f 2476//1 2475//1 2477//1
f 2476//1 2477//1 2478//1
f 2478//1 2477//1 2479//1
f 2478//1 2479//1 2480//1
f 2480//1 2479//1 2457//1
f 2480//1 2457//1 930//1
f 930//1 2457//1 932//1
f 2466//1 2481//1 2467//1
f 2467//1 2481//1 2469//1
f 2481//1 2482//1 2469//1
f 2469//1 2482//1 2471//1
f 2482//1 2483//1 2471//1
f 2471//1 2483//1 2473//1
f 2483//1 2484//1 2473//1
f 2473//1 2484//1 2475//1
f 2484//1 2485//1 2475//1
f 2475//1 2485//1 2477//1
f 2477//1 2485//1 2479//1
f 2479//1 2485//1 2486//1
f 2479//1 2486//1 2460//1
f 2460//1 2457//1 2479//1
f 930//1 928//1 2480//1
f 2480//1 928//1 2478//1
f 2478//1 928//1 2476//1
f 2476//1 928//1 925//1
f 2476//1 925//1 2474//1
f 2474//1 925//1 924//1
f 2474//1 924//1 2472//1
f 2472//1 924//1 938//1
f 2472//1 938//1 2470//1
f 2470//1 938//1 937//1
f 2470//1 937//1 2468//1
f 2468//1 937//1 936//1
f 2468//1 936//1 2450//1
f 2450//1 936//1 1422//1
f 2487//1 2488//1 2489//1
f 2489//1 2488//1 933//1
f 2489//1 933//1 1423//1
f 2488//1 931//1 933//1
f 1425//1 2490//1 1423//1
f 1423//1 2490//1 2491//1
f 1423//1 2491//1 2489//1
f 2490//1 1425//1 2492//1
f 2492//1 1425//1 1427//1
f 2492//1 1427//1 2493//1
f 2493//1 1427//1 1429//1
f 2493//1 1429//1 2494//1
f 2494//1 1429//1 1431//1
f 2494//1 1431//1 2495//1
f 2495//1 1431//1 1433//1
f 2495//1 1433//1 2456//1
f 2456//1 1433//1 1435//1
f 923//1 922//1 2496//1
f 2496//1 922//1 2497//1
f 2496//1 2497//1 2498//1
f 2498//1 2497//1 2499//1
f 2498//1 2499//1 2500//1
f 2500//1 2499//1 2501//1
f 2500//1 2501//1 2502//1
f 2502//1 2501//1 2503//1
f 2502//1 2503//1 2504//1
f 2504//1 2503//1 2505//1
f 2504//1 2505//1 2506//1
f 2506//1 2505//1 2507//1
f 2506//1 2507//1 2508//1
f 2508//1 2507//1 2509//1
f 2508//1 2509//1 2510//1
f 2510//1 2509//1 2488//1
f 2510//1 2488//1 2511//1
f 2511//1 2488//1 2487//1
f 922//1 921//1 2497//1
f 2497//1 921//1 2499//1
f 921//1 1439//1 2499//1
f 2499//1 1439//1 2501//1
f 1439//1 1438//1 2501//1
f 2501//1 1438//1 2503//1
f 1438//1 926//1 2503//1
f 2503//1 926//1 2505//1
f 926//1 927//1 2505//1
f 2505//1 927//1 2507//1
f 2507//1 927//1 2509//1
f 2509//1 927//1 929//1
f 2509//1 929//1 931//1
f 931//1 2488//1 2509//1
f 2511//1 2512//1 2510//1
f 2510//1 2512//1 2508//1
f 2508//1 2512//1 2506//1
f 2506//1 2512//1 2513//1
f 2506//1 2513//1 2504//1
f 2504//1 2513//1 2514//1
f 2504//1 2514//1 2502//1
f 2502//1 2514//1 2515//1
f 2502//1 2515//1 2500//1
f 2500//1 2515//1 2516//1
f 2500//1 2516//1 2498//1
f 2498//1 2516//1 2517//1
f 2498//1 2517//1 2496//1
f 2496//1 2517//1 2518//1
f 2519//1 2520//1 2521//1
f 2521//1 2520//1 2522//1
f 2522//1 2520//1 918//1
f 2522//1 918//1 2496//1
f 2496//1 918//1 1441//1
f 2496//1 1441//1 1440//1
f 1440//1 923//1 2496//1
f 2496//1 2518//1 2522//1
f 1466//1 2523//1 1467//1
f 1467//1 2523//1 2524//1
f 1467//1 2524//1 1464//1
f 1464//1 2524//1 2525//1
f 1464//1 2525//1 1465//1
f 1465//1 2525//1 2526//1
f 1449//1 2527//1 1451//1
f 1451//1 2527//1 2528//1
f 1451//1 2528//1 2529//1
f 2527//1 2530//1 2528//1
f 2531//1 1454//1 2529//1
f 2529//1 1454//1 1452//1
f 2529//1 1452//1 1451//1
f 1454//1 2531//1 1456//1
f 1456//1 2531//1 2532//1
f 1456//1 2532//1 1458//1
f 1458//1 2532//1 2533//1
f 1458//1 2533//1 1460//1
f 1460//1 2533//1 2534//1
f 1460//1 2534//1 1462//1
f 1462//1 2534//1 2535//1
f 1462//1 2535//1 1466//1
f 1466//1 2535//1 2523//1
f 2519//1 2536//1 2520//1
f 2520//1 2536//1 2537//1
f 2520//1 2537//1 2538//1
f 2538//1 2537//1 2539//1
f 2538//1 2539//1 2540//1
f 2540//1 2539//1 2541//1
f 2540//1 2541//1 2542//1
f 2542//1 2541//1 2543//1
f 2542//1 2543//1 2544//1
f 2544//1 2543//1 2545//1
f 2544//1 2545//1 2546//1
f 2546//1 2545//1 2547//1
f 2546//1 2547//1 2548//1
f 2548//1 2547//1 2549//1
f 2548//1 2549//1 2550//1
f 2550//1 2549//1 2527//1
f 2550//1 2527//1 1447//1
f 1447//1 2527//1 1449//1
f 2536//1 2551//1 2537//1
f 2537//1 2551//1 2539//1
f 2551//1 2552//1 2539//1
f 2539//1 2552//1 2541//1
f 2552//1 2553//1 2541//1
f 2541//1 2553//1 2543//1
f 2553//1 2554//1 2543//1
f 2543//1 2554//1 2545//1
f 2554//1 2555//1 2545//1
f 2545//1 2555//1 2547//1
f 2547//1 2555//1 2549//1
f 2549//1 2555//1 2556//1
f 2549//1 2556//1 2530//1
f 2530//1 2527//1 2549//1
f 1447//1 1442//1 2550//1
f 2550//1 1442//1 2548//1
f 2548//1 1442//1 2546//1
f 2546//1 1442//1 917//1
f 2546//1 917//1 2544//1
f 2544//1 917//1 916//1
f 2544//1 916//1 2542//1
f 2542//1 916//1 915//1
f 2542//1 915//1 2540//1
f 2540//1 915//1 920//1
f 2540//1 920//1 2538//1
f 2538//1 920//1 919//1
f 2538//1 919//1 2520//1
f 2520//1 919//1 918//1
f 2557//1 2558//1 2559//1
f 2559//1 2558//1 1450//1
f 2559//1 1450//1 1453//1
f 2558//1 1448//1 1450//1
f 1455//1 2560//1 1453//1
f 1453//1 2560//1 2561//1
f 1453//1 2561//1 2559//1
f 2560//1 1455//1 2562//1
f 2562//1 1455//1 1457//1
f 2562//1 1457//1 2563//1
f 2563//1 1457//1 1459//1
f 2563//1 1459//1 2564//1
f 2564//1 1459//1 1461//1
f 2564//1 1461//1 2565//1
f 2565//1 1461//1 1463//1
f 2565//1 1463//1 2526//1
f 2526//1 1463//1 1465//1
f 909//1 914//1 2566//1
f 2566//1 914//1 2567//1
f 2566//1 2567//1 2568//1
f 2568//1 2567//1 2569//1
f 2568//1 2569//1 2570//1
f 2570//1 2569//1 2571//1
f 2570//1 2571//1 2572//1
f 2572//1 2571//1 2573//1
f 2572//1 2573//1 2574//1
f 2574//1 2573//1 2575//1
f 2574//1 2575//1 2576//1
f 2576//1 2575//1 2577//1
f 2576//1 2577//1 2578//1
f 2578//1 2577//1 2579//1
f 2578//1 2579//1 2580//1
f 2580//1 2579//1 2558//1
f 2580//1 2558//1 2581//1
f 2581//1 2558//1 2557//1
f 914//1 913//1 2567//1
f 2567//1 913//1 2569//1
f 913//1 912//1 2569//1
f 2569//1 912//1 2571//1
f 912//1 1445//1 2571//1
f 2571//1 1445//1 2573//1
f 1445//1 1444//1 2573//1
f 2573//1 1444//1 2575//1
f 1444//1 1443//1 2575//1
f 2575//1 1443//1 2577//1
f 2577//1 1443//1 2579//1
f 2579//1 1443//1 1446//1
f 2579//1 1446//1 1448//1
f 1448//1 2558//1 2579//1
f 2581//1 2582//1 2580//1
f 2580//1 2582//1 2578//1
f 2578//1 2582//1 2576//1
f 2576//1 2582//1 2583//1
f 2576//1 2583//1 2574//1
f 2574//1 2583//1 2584//1
f 2574//1 2584//1 2572//1
f 2572//1 2584//1 2585//1
f 2572//1 2585//1 2570//1
f 2570//1 2585//1 2586//1
f 2570//1 2586//1 2568//1
f 2568//1 2586//1 2587//1
f 2568//1 2587//1 2566//1
f 2566//1 2587//1 2588//1
f 2589//1 2590//1 2591//1
f 2591//1 2590//1 2592//1
f 2592//1 2590//1 1468//1
f 2592//1 1468//1 2566//1
f 2566//1 1468//1 911//1
f 2566//1 911//1 910//1
f 910//1 909//1 2566//1
f 2566//1 2588//1 2592//1
f 1494//1 2593//1 1495//1
f 1495//1 2593//1 2594//1
f 1495//1 2594//1 1492//1
f 1492//1 2594//1 2595//1
f 1492//1 2595//1 1493//1
f 1493//1 2595//1 2596//1
f 1477//1 2597//1 1479//1
f 1479//1 2597//1 2598//1
f 1479//1 2598//1 2599//1
f 2597//1 2600//1 2598//1
f 2601//1 1482//1 2599//1
f 2599//1 1482//1 1480//1
f 2599//1 1480//1 1479//1
f 1482//1 2601//1 1484//1
f 1484//1 2601//1 2602//1
f 1484//1 2602//1 1486//1
f 1486//1 2602//1 2603//1
f 1486//1 2603//1 1488//1
f 1488//1 2603//1 2604//1
f 1488//1 2604//1 1490//1
f 1490//1 2604//1 2605//1
f 1490//1 2605//1 1494//1
f 1494//1 2605//1 2593//1
f 2589//1 2606//1 2590//1
f 2590//1 2606//1 2607//1
f 2590//1 2607//1 2608//1
f 2608//1 2607//1 2609//1
f 2608//1 2609//1 2610//1
f 2610//1 2609//1 2611//1
f 2610//1 2611//1 2612//1
f 2612//1 2611//1 2613//1
f 2612//1 2613//1 2614//1
f 2614//1 2613//1 2615//1
f 2614//1 2615//1 2616//1
f 2616//1 2615//1 2617//1
f 2616//1 2617//1 2618//1
f 2618//1 2617//1 2619//1
f 2618//1 2619//1 2620//1
f 2620//1 2619//1 2597//1
f 2620//1 2597//1 1475//1
f 1475//1 2597//1 1477//1
f 2606//1 2621//1 2607//1
f 2607//1 2621//1 2609//1
f 2621//1 2622//1 2609//1
f 2609//1 2622//1 2611//1
f 2622//1 2623//1 2611//1
f 2611//1 2623//1 2613//1
f 2623//1 2624//1 2613//1
f 2613//1 2624//1 2615//1
f 2624//1 2625//1 2615//1
f 2615//1 2625//1 2617//1
f 2617//1 2625//1 2619//1
f 2619//1 2625//1 2626//1
f 2619//1 2626//1 2600//1
f 2600//1 2597//1 2619//1
f 1475//1 1473//1 2620//1
f 2620//1 1473//1 2618//1
f 2618//1 1473//1 2616//1
f 2616//1 1473//1 1470//1
f 2616//1 1470//1 2614//1
f 2614//1 1470//1 908//1
f 2614//1 908//1 2612//1
f 2612//1 908//1 907//1
f 2612//1 907//1 2610//1
f 2610//1 907//1 906//1
f 2610//1 906//1 2608//1
f 2608//1 906//1 1469//1
f 2608//1 1469//1 2590//1
f 2590//1 1469//1 1468//1
f 2627//1 2628//1 2629//1
f 2629//1 2628//1 1478//1
f 2629//1 1478//1 1481//1
f 2628//1 1476//1 1478//1
f 1483//1 2630//1 1481//1
f 1481//1 2630//1 2631//1
f 1481//1 2631//1 2629//1
f 2630//1 1483//1 2632//1
f 2632//1 1483//1 1485//1
f 2632//1 1485//1 2633//1
f 2633//1 1485//1 1487//1
f 2633//1 1487//1 2634//1
f 2634//1 1487//1 1489//1
f 2634//1 1489//1 2635//1
f 2635//1 1489//1 1491//1
f 2635//1 1491//1 2596//1
f 2596//1 1491//1 1493//1
f 901//1 900//1 2636//1
f 2636//1 900//1 2637//1
f 2636//1 2637//1 2638//1
f 2638//1 2637//1 2639//1
f 2638//1 2639//1 2640//1
f 2640//1 2639//1 2641//1
f 2640//1 2641//1 2642//1
f 2642//1 2641//1 2643//1
f 2642//1 2643//1 2644//1
f 2644//1 2643//1 2645//1
f 2644//1 2645//1 2646//1
f 2646//1 2645//1 2647//1
f 2646//1 2647//1 2648//1
f 2648//1 2647//1 2649//1
f 2648//1 2649//1 2650//1
f 2650//1 2649//1 2628//1
f 2650//1 2628//1 2651//1
f 2651//1 2628//1 2627//1
f 900//1 905//1 2637//1
f 2637//1 905//1 2639//1
f 905//1 904//1 2639//1
f 2639//1 904//1 2641//1
f 904//1 903//1 2641//1
f 2641//1 903//1 2643//1
f 903//1 1471//1 2643//1
f 2643//1 1471//1 2645//1
f 1471//1 1472//1 2645//1
f 2645//1 1472//1 2647//1
f 2647//1 1472//1 2649//1
f 2649//1 1472//1 1474//1
f 2649//1 1474//1 1476//1
f 1476//1 2628//1 2649//1
f 2651//1 2652//1 2650//1
f 2650//1 2652//1 2648//1
f 2648//1 2652//1 2646//1
f 2646//1 2652//1 2653//1
f 2646//1 2653//1 2644//1
f 2644//1 2653//1 2654//1
f 2644//1 2654//1 2642//1
f 2642//1 2654//1 2655//1
f 2642//1 2655//1 2640//1
f 2640//1 2655//1 2656//1
f 2640//1 2656//1 2638//1
f 2638//1 2656//1 2657//1
f 2638//1 2657//1 2636//1
f 2636//1 2657//1 2658//1
f 2659//1 2660//1 2661//1
f 2661//1 2660//1 2662//1
f 2662//1 2660//1 1497//1
f 2662//1 1497//1 2636//1
f 2636//1 1497//1 1496//1
f 2636//1 1496//1 902//1
f 902//1 901//1 2636//1
f 2636//1 2658//1 2662//1
f 1517//1 2663//1 1518//1
f 1518//1 2663//1 2664//1
f 1518//1 2664//1 1515//1
f 1515//1 2664//1 2665//1
f 1515//1 2665//1 1516//1
f 1516//1 2665//1 2666//1
f 1499//1 2667//1 1501//1
f 1501//1 2667//1 2668//1
f 1501//1 2668//1 2669//1
f 2667//1 2670//1 2668//1
f 2671//1 1505//1 2669//1
f 2669//1 1505//1 1503//1
f 2669//1 1503//1 1501//1
f 1505//1 2671//1 1507//1
f 1507//1 2671//1 2672//1
f 1507//1 2672//1 1509//1
f 1509//1 2672//1 2673//1
f 1509//1 2673//1 1511//1
f 1511//1 2673//1 2674//1
f 1511//1 2674//1 1513//1
f 1513//1 2674//1 2675//1
f 1513//1 2675//1 1517//1
f 1517//1 2675//1 2663//1
f 2659//1 2676//1 2660//1
f 2660//1 2676//1 2677//1
f 2660//1 2677//1 2678//1
f 2678//1 2677//1 2679//1
f 2678//1 2679//1 2680//1
f 2680//1 2679//1 2681//1
f 2680//1 2681//1 2682//1
f 2682//1 2681//1 2683//1
f 2682//1 2683//1 2684//1
f 2684//1 2683//1 2685//1
f 2684//1 2685//1 2686//1
f 2686//1 2685//1 2687//1
f 2686//1 2687//1 2688//1
f 2688//1 2687//1 2689//1
f 2688//1 2689//1 2690//1
f 2690//1 2689//1 2667//1
f 2690//1 2667//1 896//1
f 896//1 2667//1 1499//1
f 2676//1 2691//1 2677//1
f 2677//1 2691//1 2679//1
f 2691//1 2692//1 2679//1
f 2679//1 2692//1 2681//1
f 2692//1 2693//1 2681//1
f 2681//1 2693//1 2683//1
f 2693//1 2694//1 2683//1
f 2683//1 2694//1 2685//1
f 2694//1 2695//1 2685//1
f 2685//1 2695//1 2687//1
f 2687//1 2695//1 2689//1
f 2689//1 2695//1 2696//1
f 2689//1 2696//1 2670//1
f 2670//1 2667//1 2689//1
f 896//1 895//1 2690//1
f 2690//1 895//1 2688//1
f 2688//1 895//1 2686//1
f 2686//1 895//1 892//1
f 2686//1 892//1 2684//1
f 2684//1 892//1 891//1
f 2684//1 891//1 2682//1
f 2682//1 891//1 899//1
f 2682//1 899//1 2680//1
f 2680//1 899//1 898//1
f 2680//1 898//1 2678//1
f 2678//1 898//1 897//1
f 2678//1 897//1 2660//1
f 2660//1 897//1 1497//1
f 2697//1 2698//1 2699//1
f 2699//1 2698//1 1502//1
f 2699//1 1502//1 1504//1
f 2698//1 1500//1 1502//1
f 1506//1 2700//1 1504//1
f 1504//1 2700//1 2701//1
f 1504//1 2701//1 2699//1
f 2700//1 1506//1 2702//1
f 2702//1 1506//1 1508//1
f 2702//1 1508//1 2703//1
f 2703//1 1508//1 1510//1
f 2703//1 1510//1 2704//1
f 2704//1 1510//1 1512//1
f 2704//1 1512//1 2705//1
f 2705//1 1512//1 1514//1
f 2705//1 1514//1 2666//1
f 2666//1 1514//1 1516//1
f 890//1 889//1 2706//1
f 2706//1 889//1 2707//1
f 2706//1 2707//1 2708//1
f 2708//1 2707//1 2709//1
f 2708//1 2709//1 2710//1
f 2710//1 2709//1 2711//1
f 2710//1 2711//1 2712//1
f 2712//1 2711//1 2713//1
f 2712//1 2713//1 2714//1
f 2714//1 2713//1 2715//1
f 2714//1 2715//1 2716//1
f 2716//1 2715//1 2717//1
f 2716//1 2717//1 2718//1
f 2718//1 2717//1 2719//1
f 2718//1 2719//1 2720//1
f 2720//1 2719//1 2698//1
f 2720//1 2698//1 2721//1
f 2721//1 2698//1 2697//1
f 889//1 888//1 2707//1
f 2707//1 888//1 2709//1
f 888//1 1520//1 2709//1
f 2709//1 1520//1 2711//1
f 1520//1 1519//1 2711//1
f 2711//1 1519//1 2713//1
f 1519//1 893//1 2713//1
f 2713//1 893//1 2715//1
f 893//1 894//1 2715//1
f 2715//1 894//1 2717//1
f 2717//1 894//1 2719//1
f 2719//1 894//1 1498//1
f 2719//1 1498//1 1500//1
f 1500//1 2698//1 2719//1
f 2721//1 2722//1 2720//1
f 2720//1 2722//1 2718//1
f 2718//1 2722//1 2716//1
f 2716//1 2722//1 2723//1
f 2716//1 2723//1 2714//1
f 2714//1 2723//1 2724//1
f 2714//1 2724//1 2712//1
f 2712//1 2724//1 2725//1
f 2712//1 2725//1 2710//1
f 2710//1 2725//1 2726//1
f 2710//1 2726//1 2708//1
f 2708//1 2726//1 2727//1
f 2708//1 2727//1 2706//1
f 2706//1 2727//1 2728//1
f 2729//1 2730//1 2731//1
f 2731//1 2730//1 2732//1
f 2732//1 2730//1 885//1
f 2732//1 885//1 2706//1
f 2706//1 885//1 1522//1
f 2706//1 1522//1 1521//1
f 1521//1 890//1 2706//1
f 2706//1 2728//1 2732//1
f 2733//1 2734//1 2735//1
f 2735//1 2734//1 2736//1
f 2736//1 2734//1 1549//1
f 2736//1 1549//1 2737//1
f 2737//1 1549//1 878//1
f 2737//1 878//1 877//1
f 877//1 876//1 2737//1
f 2737//1 2738//1 2736//1
f 1546//1 2739//1 1547//1
f 1547//1 2739//1 2740//1
f 1547//1 2740//1 1544//1
f 1544//1 2740//1 2741//1
f 1544//1 2741//1 1545//1
f 1545//1 2741//1 2742//1
f 2743//1 2744//1 2745//1
f 2745//1 2744//1 1531//1
f 2745//1 1531//1 1533//1
f 2744//1 1529//1 1531//1
f 1535//1 2746//1 1533//1
f 1533//1 2746//1 2747//1
f 1533//1 2747//1 2745//1
f 2746//1 1535//1 2748//1
f 2748//1 1535//1 1537//1
f 2748//1 1537//1 2749//1
f 2749//1 1537//1 1539//1
f 2749//1 1539//1 2750//1
f 2750//1 1539//1 1541//1
f 2750//1 1541//1 2751//1
f 2751//1 1541//1 1543//1
f 2751//1 1543//1 2742//1
f 2742//1 1543//1 1545//1
f 876//1 881//1 2737//1
f 2737//1 881//1 2752//1
f 2737//1 2752//1 2753//1
f 2753//1 2752//1 2754//1
f 2753//1 2754//1 2755//1
f 2755//1 2754//1 2756//1
f 2755//1 2756//1 2757//1
f 2757//1 2756//1 2758//1
f 2757//1 2758//1 2759//1
f 2759//1 2758//1 2760//1
f 2759//1 2760//1 2761//1
f 2761//1 2760//1 2762//1
f 2761//1 2762//1 2763//1
f 2763//1 2762//1 2764//1
f 2763//1 2764//1 2765//1
f 2765//1 2764//1 2744//1
f 2765//1 2744//1 2766//1
f 2766//1 2744//1 2743//1
f 881//1 880//1 2752//1
f 2752//1 880//1 2754//1
f 880//1 879//1 2754//1
f 2754//1 879//1 2756//1
f 879//1 1548//1 2756//1
f 2756//1 1548//1 2758//1
f 1548//1 1523//1 2758//1
f 2758//1 1523//1 2760//1
f 1523//1 1525//1 2760//1
f 2760//1 1525//1 2762//1
f 2762//1 1525//1 2764//1
f 2764//1 1525//1 1527//1
f 2764//1 1527//1 1529//1
f 1529//1 2744//1 2764//1
f 2766//1 2767//1 2765//1
f 2765//1 2767//1 2763//1
f 2763//1 2767//1 2761//1
f 2761//1 2767//1 2768//1
f 2761//1 2768//1 2759//1
f 2759//1 2768//1 2769//1
f 2759//1 2769//1 2757//1
f 2757//1 2769//1 2770//1
f 2757//1 2770//1 2755//1
f 2755//1 2770//1 2771//1
f 2755//1 2771//1 2753//1
f 2753//1 2771//1 2772//1
f 2753//1 2772//1 2737//1
f 2737//1 2772//1 2738//1
f 1528//1 2773//1 1530//1
f 1530//1 2773//1 2774//1
f 1530//1 2774//1 2775//1
f 2773//1 2776//1 2774//1
f 2777//1 1534//1 2775//1
f 2775//1 1534//1 1532//1
f 2775//1 1532//1 1530//1
f 1534//1 2777//1 1536//1
f 1536//1 2777//1 2778//1
f 1536//1 2778//1 1538//1
f 1538//1 2778//1 2779//1
f 1538//1 2779//1 1540//1
f 1540//1 2779//1 2780//1
f 1540//1 2780//1 1542//1
f 1542//1 2780//1 2781//1
f 1542//1 2781//1 1546//1
f 1546//1 2781//1 2739//1
f 2729//1 2782//1 2730//1
f 2730//1 2782//1 2783//1
f 2730//1 2783//1 2784//1
f 2784//1 2783//1 2785//1
f 2784//1 2785//1 2786//1
f 2786//1 2785//1 2787//1
f 2786//1 2787//1 2788//1
f 2788//1 2787//1 2789//1
f 2788//1 2789//1 2790//1
f 2790//1 2789//1 2791//1
f 2790//1 2791//1 2792//1
f 2792//1 2791//1 2793//1
f 2792//1 2793//1 2794//1
f 2794//1 2793//1 2795//1
f 2794//1 2795//1 2796//1
f 2796//1 2795//1 2773//1
f 2796//1 2773//1 1526//1
f 1526//1 2773//1 1528//1
f 2782//1 2797//1 2783//1
f 2783//1 2797//1 2785//1
f 2797//1 2798//1 2785//1
f 2785//1 2798//1 2787//1
f 2798//1 2799//1 2787//1
f 2787//1 2799//1 2789//1
f 2799//1 2800//1 2789//1
f 2789//1 2800//1 2791//1
f 2800//1 2801//1 2791//1
f 2791//1 2801//1 2793//1
f 2793//1 2801//1 2795//1
f 2795//1 2801//1 2802//1
f 2795//1 2802//1 2776//1
f 2776//1 2773//1 2795//1
f 1526//1 1524//1 2796//1
f 2796//1 1524//1 2794//1
f 2794//1 1524//1 2792//1
f 2792//1 1524//1 884//1
f 2792//1 884//1 2790//1
f 2790//1 884//1 883//1
f 2790//1 883//1 2788//1
f 2788//1 883//1 882//1
f 2788//1 882//1 2786//1
f 2786//1 882//1 887//1
f 2786//1 887//1 2784//1
f 2784//1 887//1 886//1
f 2784//1 886//1 2730//1
f 2730//1 886//1 885//1
f 1073//1 2803//1 1074//1
f 1074//1 2803//1 1212//1
f 1212//1 2803//1 1213//1
f 1213//1 2803//1 2804//1
f 1213//1 2804//1 1857//1
f 1857//1 2804//1 2805//1
f 1857//1 2805//1 1859//1
f 2803//1 2806//1 2804//1
f 1575//1 2807//1 1576//1
f 1576//1 2807//1 2808//1
f 1576//1 2808//1 1573//1
f 1573//1 2808//1 2809//1
f 1573//1 2809//1 1574//1
f 1574//1 2809//1 2810//1
f 2811//1 2812//1 2813//1
f 2813//1 2812//1 1560//1
f 2813//1 1560//1 1562//1
f 2812//1 1558//1 1560//1
f 1564//1 2814//1 1562//1
f 1562//1 2814//1 2815//1
f 1562//1 2815//1 2813//1
f 2814//1 1564//1 2816//1
f 2816//1 1564//1 1566//1
f 2816//1 1566//1 2817//1
f 2817//1 1566//1 1568//1
f 2817//1 1568//1 2818//1
f 2818//1 1568//1 1570//1
f 2818//1 1570//1 2819//1
f 2819//1 1570//1 1572//1
f 2819//1 1572//1 2810//1
f 2810//1 1572//1 1574//1
f 868//1 867//1 2820//1
f 2820//1 867//1 2821//1
f 2820//1 2821//1 2822//1
f 2822//1 2821//1 2823//1
f 2822//1 2823//1 2824//1
f 2824//1 2823//1 2825//1
f 2824//1 2825//1 2826//1
f 2826//1 2825//1 2827//1
f 2826//1 2827//1 2828//1
f 2828//1 2827//1 2829//1
f 2828//1 2829//1 2830//1
f 2830//1 2829//1 2831//1
f 2830//1 2831//1 2832//1
f 2832//1 2831//1 2833//1
f 2832//1 2833//1 2834//1
f 2834//1 2833//1 2812//1
f 2834//1 2812//1 2835//1
f 2835//1 2812//1 2811//1
f 867//1 872//1 2821//1
f 2821//1 872//1 2823//1
f 872//1 871//1 2823//1
f 2823//1 871//1 2825//1
f 871//1 870//1 2825//1
f 2825//1 870//1 2827//1
f 870//1 1552//1 2827//1
f 2827//1 1552//1 2829//1
f 1552//1 1554//1 2829//1
f 2829//1 1554//1 2831//1
f 2831//1 1554//1 2833//1
f 2833//1 1554//1 1556//1
f 2833//1 1556//1 1558//1
f 1558//1 2812//1 2833//1
f 2835//1 2836//1 2834//1
f 2834//1 2836//1 2832//1
f 2832//1 2836//1 2830//1
f 2830//1 2836//1 2837//1
f 2830//1 2837//1 2828//1
f 2828//1 2837//1 2838//1
f 2828//1 2838//1 2826//1
f 2826//1 2838//1 2839//1
f 2826//1 2839//1 2824//1
f 2824//1 2839//1 2840//1
f 2824//1 2840//1 2822//1
f 2822//1 2840//1 2841//1
f 2822//1 2841//1 2820//1
f 2820//1 2841//1 2842//1
f 1557//1 2843//1 1559//1
f 1559//1 2843//1 2844//1
f 1559//1 2844//1 2845//1
f 2843//1 2846//1 2844//1
f 2847//1 1563//1 2845//1
f 2845//1 1563//1 1561//1
f 2845//1 1561//1 1559//1
f 1563//1 2847//1 1565//1
f 1565//1 2847//1 2848//1
f 1565//1 2848//1 1567//1
f 1567//1 2848//1 2849//1
f 1567//1 2849//1 1569//1
f 1569//1 2849//1 2850//1
f 1569//1 2850//1 1571//1
f 1571//1 2850//1 2851//1
f 1571//1 2851//1 1575//1
f 1575//1 2851//1 2807//1
f 2733//1 2852//1 2734//1
f 2734//1 2852//1 2853//1
f 2734//1 2853//1 2854//1
f 2854//1 2853//1 2855//1
f 2854//1 2855//1 2856//1
f 2856//1 2855//1 2857//1
f 2856//1 2857//1 2858//1
f 2858//1 2857//1 2859//1
f 2858//1 2859//1 2860//1
f 2860//1 2859//1 2861//1
f 2860//1 2861//1 2862//1
f 2862//1 2861//1 2863//1
f 2862//1 2863//1 2864//1
f 2864//1 2863//1 2865//1
f 2864//1 2865//1 2866//1
f 2866//1 2865//1 2843//1
f 2866//1 2843//1 1555//1
f 1555//1 2843//1 1557//1
f 2852//1 2867//1 2853//1
f 2853//1 2867//1 2855//1
f 2867//1 2868//1 2855//1
f 2855//1 2868//1 2857//1
f 2868//1 2869//1 2857//1
f 2857//1 2869//1 2859//1
f 2869//1 2870//1 2859//1
f 2859//1 2870//1 2861//1
f 2870//1 2871//1 2861//1
f 2861//1 2871//1 2863//1
f 2863//1 2871//1 2865//1
f 2865//1 2871//1 2872//1
f 2865//1 2872//1 2846//1
f 2846//1 2843//1 2865//1
f 1555//1 1553//1 2866//1
f 2866//1 1553//1 2864//1
f 2864//1 1553//1 2862//1
f 2862//1 1553//1 1551//1
f 2862//1 1551//1 2860//1
f 2860//1 1551//1 875//1
f 2860//1 875//1 2858//1
f 2858//1 875//1 874//1
f 2858//1 874//1 2856//1
f 2856//1 874//1 873//1
f 2856//1 873//1 2854//1
f 2854//1 873//1 1550//1
f 2854//1 1550//1 2734//1
f 2734//1 1550//1 1549//1
f 2873//1 2874//1 2875//1
f 2875//1 2874//1 2876//1
f 2876//1 2874//1 1578//1
f 2876//1 1578//1 2820//1
f 2820//1 1578//1 1577//1
f 2820//1 1577//1 869//1
f 869//1 868//1 2820//1
f 2820//1 2842//1 2876//1
f 1579//1 2877//1 1580//1
f 1580//1 2877//1 2878//1
f 1580//1 2878//1 862//1
f 862//1 2878//1 2879//1
f 862//1 2879//1 863//1
f 863//1 2879//1 2880//1
f 846//1 2881//1 848//1
f 848//1 2881//1 2882//1
f 848//1 2882//1 2883//1
f 2881//1 2884//1 2882//1
f 2885//1 852//1 2883//1
f 2883//1 852//1 850//1
f 2883//1 850//1 848//1
f 852//1 2885//1 854//1
f 854//1 2885//1 2886//1
f 854//1 2886//1 856//1
f 856//1 2886//1 2887//1
f 856//1 2887//1 858//1
f 858//1 2887//1 2888//1
f 858//1 2888//1 860//1
f 860//1 2888//1 2889//1
f 860//1 2889//1 1579//1
f 1579//1 2889//1 2877//1
f 2873//1 2890//1 2874//1
f 2874//1 2890//1 2891//1
f 2874//1 2891//1 2892//1
f 2892//1 2891//1 2893//1
f 2892//1 2893//1 2894//1
f 2894//1 2893//1 2895//1
f 2894//1 2895//1 2896//1
f 2896//1 2895//1 2897//1
f 2896//1 2897//1 2898//1
f 2898//1 2897//1 2899//1
f 2898//1 2899//1 2900//1
f 2900//1 2899//1 2901//1
f 2900//1 2901//1 2902//1
f 2902//1 2901//1 2903//1
f 2902//1 2903//1 2904//1
f 2904//1 2903//1 2881//1
f 2904//1 2881//1 844//1
f 844//1 2881//1 846//1
f 2890//1 2905//1 2891//1
f 2891//1 2905//1 2893//1
f 2905//1 2906//1 2893//1
f 2893//1 2906//1 2895//1
f 2906//1 2907//1 2895//1
f 2895//1 2907//1 2897//1
f 2907//1 2908//1 2897//1
f 2897//1 2908//1 2899//1
f 2908//1 2909//1 2899//1
f 2899//1 2909//1 2901//1
f 2901//1 2909//1 2903//1
f 2903//1 2909//1 2910//1
f 2903//1 2910//1 2884//1
f 2884//1 2881//1 2903//1
f 844//1 842//1 2904//1
f 2904//1 842//1 2902//1
f 2902//1 842//1 2900//1
f 2900//1 842//1 840//1
f 2900//1 840//1 2898//1
f 2898//1 840//1 839//1
f 2898//1 839//1 2896//1
f 2896//1 839//1 866//1
f 2896//1 866//1 2894//1
f 2894//1 866//1 865//1
f 2894//1 865//1 2892//1
f 2892//1 865//1 864//1
f 2892//1 864//1 2874//1
f 2874//1 864//1 1578//1
f 2911//1 2912//1 2913//1
f 2913//1 2912//1 849//1
f 2913//1 849//1 851//1
f 2912//1 847//1 849//1
f 853//1 2914//1 851//1
f 851//1 2914//1 2915//1
f 851//1 2915//1 2913//1
f 2914//1 853//1 2916//1
f 2916//1 853//1 855//1
f 2916//1 855//1 2917//1
f 2917//1 855//1 857//1
f 2917//1 857//1 2918//1
f 2918//1 857//1 859//1
f 2918//1 859//1 2919//1
f 2919//1 859//1 861//1
f 2919//1 861//1 2880//1
f 2880//1 861//1 863//1
f 838//1 837//1 2920//1
f 2920//1 837//1 2921//1
f 2920//1 2921//1 2922//1
f 2922//1 2921//1 2923//1
f 2922//1 2923//1 2924//1
f 2924//1 2923//1 2925//1
f 2924//1 2925//1 2926//1
f 2926//1 2925//1 2927//1
f 2926//1 2927//1 2928//1
f 2928//1 2927//1 2929//1
f 2928//1 2929//1 2930//1
f 2930//1 2929//1 2931//1
f 2930//1 2931//1 2932//1
f 2932//1 2931//1 2933//1
f 2932//1 2933//1 2934//1
f 2934//1 2933//1 2912//1
f 2934//1 2912//1 2935//1
f 2935//1 2912//1 2911//1
f 837//1 836//1 2921//1
f 2921//1 836//1 2923//1
f 836//1 1582//1 2923//1
f 2923//1 1582//1 2925//1
f 1582//1 1581//1 2925//1
f 2925//1 1581//1 2927//1
f 1581//1 841//1 2927//1
f 2927//1 841//1 2929//1
f 841//1 843//1 2929//1
f 2929//1 843//1 2931//1
f 2931//1 843//1 2933//1
f 2933//1 843//1 845//1
f 2933//1 845//1 847//1
f 847//1 2912//1 2933//1
f 2935//1 2936//1 2934//1
f 2934//1 2936//1 2932//1
f 2932//1 2936//1 2930//1
f 2930//1 2936//1 2937//1
f 2930//1 2937//1 2928//1
f 2928//1 2937//1 2938//1
f 2928//1 2938//1 2926//1
f 2926//1 2938//1 2939//1
f 2926//1 2939//1 2924//1
f 2924//1 2939//1 2940//1
f 2924//1 2940//1 2922//1
f 2922//1 2940//1 2941//1
f 2922//1 2941//1 2920//1
f 2920//1 2941//1 2942//1
f 2943//1 2944//1 2945//1
f 2945//1 2944//1 2946//1
f 2946//1 2944//1 833//1
f 2946//1 833//1 2920//1
f 2920//1 833//1 1584//1
f 2920//1 1584//1 1583//1
f 1583//1 838//1 2920//1
f 2920//1 2942//1 2946//1
f 1608//1 2947//1 1609//1
f 1609//1 2947//1 2948//1
f 1609//1 2948//1 1606//1
f 1606//1 2948//1 2949//1
f 1606//1 2949//1 1607//1
f 1607//1 2949//1 2950//1
f 1590//1 2951//1 1592//1
f 1592//1 2951//1 2952//1
f 1592//1 2952//1 2953//1
f 2951//1 2954//1 2952//1
f 2955//1 1596//1 2953//1
f 2953//1 1596//1 1594//1
f 2953//1 1594//1 1592//1
f 1596//1 2955//1 1598//1
f 1598//1 2955//1 2956//1
f 1598//1 2956//1 1600//1
f 1600//1 2956//1 2957//1
f 1600//1 2957//1 1602//1
f 1602//1 2957//1 2958//1
f 1602//1 2958//1 1604//1
f 1604//1 2958//1 2959//1
f 1604//1 2959//1 1608//1
f 1608//1 2959//1 2947//1
f 2943//1 2960//1 2944//1
f 2944//1 2960//1 2961//1
f 2944//1 2961//1 2962//1
f 2962//1 2961//1 2963//1
f 2962//1 2963//1 2964//1
f 2964//1 2963//1 2965//1
f 2964//1 2965//1 2966//1
f 2966//1 2965//1 2967//1
f 2966//1 2967//1 2968//1
f 2968//1 2967//1 2969//1
f 2968//1 2969//1 2970//1
f 2970//1 2969//1 2971//1
f 2970//1 2971//1 2972//1
f 2972//1 2971//1 2973//1
f 2972//1 2973//1 2974//1
f 2974//1 2973//1 2951//1
f 2974//1 2951//1 1588//1
f 1588//1 2951//1 1590//1
f 2960//1 2975//1 2961//1
f 2961//1 2975//1 2963//1
f 2975//1 2976//1 2963//1
f 2963//1 2976//1 2965//1
f 2976//1 2977//1 2965//1
f 2965//1 2977//1 2967//1
f 2977//1 2978//1 2967//1
f 2967//1 2978//1 2969//1
f 2978//1 2979//1 2969//1
f 2969//1 2979//1 2971//1
f 2971//1 2979//1 2973//1
f 2973//1 2979//1 2980//1
f 2973//1 2980//1 2954//1
f 2954//1 2951//1 2973//1
f 1588//1 1586//1 2974//1
f 2974//1 1586//1 2972//1
f 2972//1 1586//1 2970//1
f 2970//1 1586//1 1186//1
f 2970//1 1186//1 2968//1
f 2968//1 1186//1 1185//1
f 2968//1 1185//1 2966//1
f 2966//1 1185//1 1184//1
f 2966//1 1184//1 2964//1
f 2964//1 1184//1 835//1
f 2964//1 835//1 2962//1
f 2962//1 835//1 834//1
f 2962//1 834//1 2944//1
f 2944//1 834//1 833//1
f 2981//1 2982//1 2983//1
f 2983//1 2982//1 1593//1
f 2983//1 1593//1 1595//1
f 2982//1 1591//1 1593//1
f 1597//1 2984//1 1595//1
f 1595//1 2984//1 2985//1
f 1595//1 2985//1 2983//1
f 2984//1 1597//1 2986//1
f 2986//1 1597//1 1599//1
f 2986//1 1599//1 2987//1
f 2987//1 1599//1 1601//1
f 2987//1 1601//1 2988//1
f 2988//1 1601//1 1603//1
f 2988//1 1603//1 2989//1
f 2989//1 1603//1 1605//1
f 2989//1 1605//1 2950//1
f 2950//1 1605//1 1607//1
f 1180//1 1179//1 2990//1
f 2990//1 1179//1 2991//1
f 2990//1 2991//1 2992//1
f 2992//1 2991//1 2993//1
f 2992//1 2993//1 2994//1
f 2994//1 2993//1 2995//1
f 2994//1 2995//1 2996//1
f 2996//1 2995//1 2997//1
f 2996//1 2997//1 2998//1
f 2998//1 2997//1 2999//1
f 2998//1 2999//1 3000//1
f 3000//1 2999//1 3001//1
f 3000//1 3001//1 3002//1
f 3002//1 3001//1 3003//1
f 3002//1 3003//1 3004//1
f 3004//1 3003//1 2982//1
f 3004//1 2982//1 3005//1
f 3005//1 2982//1 2981//1
f 1179//1 1183//1 2991//1
f 2991//1 1183//1 2993//1
f 1183//1 1182//1 2993//1
f 2993//1 1182//1 2995//1
f 1182//1 1610//1 2995//1
f 2995//1 1610//1 2997//1
f 1610//1 1585//1 2997//1
f 2997//1 1585//1 2999//1
f 1585//1 1587//1 2999//1
f 2999//1 1587//1 3001//1
f 3001//1 1587//1 3003//1
f 3003//1 1587//1 1589//1
f 3003//1 1589//1 1591//1
f 1591//1 2982//1 3003//1
f 3005//1 3006//1 3004//1
f 3004//1 3006//1 3002//1
f 3002//1 3006//1 3000//1
f 3000//1 3006//1 3007//1
f 3000//1 3007//1 2998//1
f 2998//1 3007//1 3008//1
f 2998//1 3008//1 2996//1
f 2996//1 3008//1 3009//1
f 2996//1 3009//1 2994//1
f 2994//1 3009//1 3010//1
f 2994//1 3010//1 2992//1
f 2992//1 3010//1 3011//1
f 2992//1 3011//1 2990//1
f 2990//1 3011//1 3012//1
f 3013//1 3014//1 3015//1
f 3015//1 3014//1 3016//1
f 3016//1 3014//1 1612//1
f 3016//1 1612//1 2990//1
f 2990//1 1612//1 1611//1
f 2990//1 1611//1 1181//1
f 1181//1 1180//1 2990//1
f 2990//1 3012//1 3016//1
f 1638//1 3017//1 1639//1
f 1639//1 3017//1 3018//1
f 1639//1 3018//1 1636//1
f 1636//1 3018//1 3019//1
f 1636//1 3019//1 1637//1
f 1637//1 3019//1 3020//1
f 1620//1 3021//1 1622//1
f 1622//1 3021//1 3022//1
f 1622//1 3022//1 3023//1
f 3021//1 3024//1 3022//1
f 3025//1 1626//1 3023//1
f 3023//1 1626//1 1624//1
f 3023//1 1624//1 1622//1
f 1626//1 3025//1 1628//1
f 1628//1 3025//1 3026//1
f 1628//1 3026//1 1630//1
f 1630//1 3026//1 3027//1
f 1630//1 3027//1 1632//1
f 1632//1 3027//1 3028//1
f 1632//1 3028//1 1634//1
f 1634//1 3028//1 3029//1
f 1634//1 3029//1 1638//1
f 1638//1 3029//1 3017//1
f 3013//1 3030//1 3014//1
f 3014//1 3030//1 3031//1
f 3014//1 3031//1 3032//1
f 3032//1 3031//1 3033//1
f 3032//1 3033//1 3034//1
f 3034//1 3033//1 3035//1
f 3034//1 3035//1 3036//1
f 3036//1 3035//1 3037//1
f 3036//1 3037//1 3038//1
f 3038//1 3037//1 3039//1
f 3038//1 3039//1 3040//1
f 3040//1 3039//1 3041//1
f 3040//1 3041//1 3042//1
f 3042//1 3041//1 3043//1
f 3042//1 3043//1 3044//1
f 3044//1 3043//1 3021//1
f 3044//1 3021//1 1618//1
f 1618//1 3021//1 1620//1
f 3030//1 3045//1 3031//1
f 3031//1 3045//1 3033//1
f 3045//1 3046//1 3033//1
f 3033//1 3046//1 3035//1
f 3046//1 3047//1 3035//1
f 3035//1 3047//1 3037//1
f 3047//1 3048//1 3037//1
f 3037//1 3048//1 3039//1
f 3048//1 3049//1 3039//1
f 3039//1 3049//1 3041//1
f 3041//1 3049//1 3043//1
f 3043//1 3049//1 3050//1
f 3043//1 3050//1 3024//1
f 3024//1 3021//1 3043//1
f 1618//1 1616//1 3044//1
f 3044//1 1616//1 3042//1
f 3042//1 1616//1 3040//1
f 3040//1 1616//1 1614//1
f 3040//1 1614//1 3038//1
f 3038//1 1614//1 1178//1
f 3038//1 1178//1 3036//1
f 3036//1 1178//1 1177//1
f 3036//1 1177//1 3034//1
f 3034//1 1177//1 1176//1
f 3034//1 1176//1 3032//1
f 3032//1 1176//1 1613//1
f 3032//1 1613//1 3014//1
f 3014//1 1613//1 1612//1
f 3051//1 3052//1 3053//1
f 3053//1 3052//1 1623//1
f 3053//1 1623//1 1625//1
f 3052//1 1621//1 1623//1
f 1627//1 3054//1 1625//1
f 1625//1 3054//1 3055//1
f 1625//1 3055//1 3053//1
f 3054//1 1627//1 3056//1
f 3056//1 1627//1 1629//1
f 3056//1 1629//1 3057//1
f 3057//1 1629//1 1631//1
f 3057//1 1631//1 3058//1
f 3058//1 1631//1 1633//1
f 3058//1 1633//1 3059//1
f 3059//1 1633//1 1635//1
f 3059//1 1635//1 3020//1
f 3020//1 1635//1 1637//1
f 1173//1 1172//1 3060//1
f 3060//1 1172//1 3061//1
f 3060//1 3061//1 3062//1
f 3062//1 3061//1 3063//1
f 3062//1 3063//1 3064//1
f 3064//1 3063//1 3065//1
f 3064//1 3065//1 3066//1
f 3066//1 3065//1 3067//1
f 3066//1 3067//1 3068//1
f 3068//1 3067//1 3069//1
f 3068//1 3069//1 3070//1
f 3070//1 3069//1 3071//1
f 3070//1 3071//1 3072//1
f 3072//1 3071//1 3073//1
f 3072//1 3073//1 3074//1
f 3074//1 3073//1 3052//1
f 3074//1 3052//1 3075//1
f 3075//1 3052//1 3051//1
f 1172//1 1171//1 3061//1
f 3061//1 1171//1 3063//1
f 1171//1 1175//1 3063//1
f 3063//1 1175//1 3065//1
f 1175//1 1174//1 3065//1
f 3065//1 1174//1 3067//1
f 1174//1 1615//1 3067//1
f 3067//1 1615//1 3069//1
f 1615//1 1617//1 3069//1
f 3069//1 1617//1 3071//1
f 3071//1 1617//1 3073//1
f 3073//1 1617//1 1619//1
f 3073//1 1619//1 1621//1
f 1621//1 3052//1 3073//1
f 3075//1 3076//1 3074//1
f 3074//1 3076//1 3072//1
f 3072//1 3076//1 3070//1
f 3070//1 3076//1 3077//1
f 3070//1 3077//1 3068//1
f 3068//1 3077//1 3078//1
f 3068//1 3078//1 3066//1
f 3066//1 3078//1 3079//1
f 3066//1 3079//1 3064//1
f 3064//1 3079//1 3080//1
f 3064//1 3080//1 3062//1
f 3062//1 3080//1 3081//1
f 3062//1 3081//1 3060//1
f 3060//1 3081//1 3082//1
f 3083//1 3084//1 3085//1
f 3085//1 3084//1 3086//1
f 3086//1 3084//1 1642//1
f 3086//1 1642//1 3060//1
f 3060//1 1642//1 1641//1
f 3060//1 1641//1 1640//1
f 1640//1 1173//1 3060//1
f 3060//1 3082//1 3086//1
f 1662//1 3087//1 1663//1
f 1663//1 3087//1 3088//1
f 1663//1 3088//1 1660//1
f 1660//1 3088//1 3089//1
f 1660//1 3089//1 1661//1
f 1661//1 3089//1 3090//1
f 1644//1 3091//1 1646//1
f 1646//1 3091//1 3092//1
f 1646//1 3092//1 3093//1
f 3091//1 3094//1 3092//1
f 3095//1 1650//1 3093//1
f 3093//1 1650//1 1648//1
f 3093//1 1648//1 1646//1
f 1650//1 3095//1 1652//1
f 1652//1 3095//1 3096//1
f 1652//1 3096//1 1654//1
f 1654//1 3096//1 3097//1
f 1654//1 3097//1 1656//1
f 1656//1 3097//1 3098//1
f 1656//1 3098//1 1658//1
f 1658//1 3098//1 3099//1
f 1658//1 3099//1 1662//1
f 1662//1 3099//1 3087//1
f 3083//1 3100//1 3084//1
f 3084//1 3100//1 3101//1
f 3084//1 3101//1 3102//1
f 3102//1 3101//1 3103//1
f 3102//1 3103//1 3104//1
f 3104//1 3103//1 3105//1
f 3104//1 3105//1 3106//1
f 3106//1 3105//1 3107//1
f 3106//1 3107//1 3108//1
f 3108//1 3107//1 3109//1
f 3108//1 3109//1 3110//1
f 3110//1 3109//1 3111//1
f 3110//1 3111//1 3112//1
f 3112//1 3111//1 3113//1
f 3112//1 3113//1 3114//1
f 3114//1 3113//1 3091//1
f 3114//1 3091//1 1167//1
f 1167//1 3091//1 1644//1
f 3100//1 3115//1 3101//1
f 3101//1 3115//1 3103//1
f 3115//1 3116//1 3103//1
f 3103//1 3116//1 3105//1
f 3116//1 3117//1 3105//1
f 3105//1 3117//1 3107//1
f 3117//1 3118//1 3107//1
f 3107//1 3118//1 3109//1
f 3118//1 3119//1 3109//1
f 3109//1 3119//1 3111//1
f 3111//1 3119//1 3113//1
f 3113//1 3119//1 3120//1
f 3113//1 3120//1 3094//1
f 3094//1 3091//1 3113//1
f 1167//1 1166//1 3114//1
f 3114//1 1166//1 3112//1
f 3112//1 1166//1 3110//1
f 3110//1 1166//1 1163//1
f 3110//1 1163//1 3108//1
f 3108//1 1163//1 1162//1
f 3108//1 1162//1 3106//1
f 3106//1 1162//1 1170//1
f 3106//1 1170//1 3104//1
f 3104//1 1170//1 1169//1
f 3104//1 1169//1 3102//1
f 3102//1 1169//1 1168//1
f 3102//1 1168//1 3084//1
f 3084//1 1168//1 1642//1
f 3121//1 3122//1 3123//1
f 3123//1 3122//1 1647//1
f 3123//1 1647//1 1649//1
f 3122//1 1645//1 1647//1
f 1651//1 3124//1 1649//1
f 1649//1 3124//1 3125//1
f 1649//1 3125//1 3123//1
f 3124//1 1651//1 3126//1
f 3126//1 1651//1 1653//1
f 3126//1 1653//1 3127//1
f 3127//1 1653//1 1655//1
f 3127//1 1655//1 3128//1
f 3128//1 1655//1 1657//1
f 3128//1 1657//1 3129//1
f 3129//1 1657//1 1659//1
f 3129//1 1659//1 3090//1
f 3090//1 1659//1 1661//1
f 1665//1 1161//1 3130//1
f 3130//1 1161//1 3131//1
f 3130//1 3131//1 3132//1
f 3132//1 3131//1 3133//1
f 3132//1 3133//1 3134//1
f 3134//1 3133//1 3135//1
f 3134//1 3135//1 3136//1
f 3136//1 3135//1 3137//1
f 3136//1 3137//1 3138//1
f 3138//1 3137//1 3139//1
f 3138//1 3139//1 3140//1
f 3140//1 3139//1 3141//1
f 3140//1 3141//1 3142//1
f 3142//1 3141//1 3143//1
f 3142//1 3143//1 3144//1
f 3144//1 3143//1 3122//1
f 3144//1 3122//1 3145//1
f 3145//1 3122//1 3121//1
f 1161//1 1160//1 3131//1
f 3131//1 1160//1 3133//1
f 1160//1 1159//1 3133//1
f 3133//1 1159//1 3135//1
f 1159//1 1664//1 3135//1
f 3135//1 1664//1 3137//1
f 1664//1 1164//1 3137//1
f 3137//1 1164//1 3139//1
f 1164//1 1165//1 3139//1
f 3139//1 1165//1 3141//1
f 3141//1 1165//1 3143//1
f 3143//1 1165//1 1643//1
f 3143//1 1643//1 1645//1
f 1645//1 3122//1 3143//1
f 3145//1 3146//1 3144//1
f 3144//1 3146//1 3142//1
f 3142//1 3146//1 3140//1
f 3140//1 3146//1 3147//1
f 3140//1 3147//1 3138//1
f 3138//1 3147//1 3148//1
f 3138//1 3148//1 3136//1
f 3136//1 3148//1 3149//1
f 3136//1 3149//1 3134//1
f 3134//1 3149//1 3150//1
f 3134//1 3150//1 3132//1
f 3132//1 3150//1 3151//1
f 3132//1 3151//1 3130//1
f 3130//1 3151//1 3152//1
f 3153//1 3154//1 3155//1
f 3155//1 3154//1 3156//1
f 3156//1 3154//1 1156//1
f 3156//1 1156//1 3130//1
f 3130//1 1156//1 1667//1
f 3130//1 1667//1 1666//1
f 1666//1 1665//1 3130//1
f 3130//1 3152//1 3156//1
f 1692//1 3157//1 1693//1
f 1693//1 3157//1 3158//1
f 1693//1 3158//1 1690//1
f 1690//1 3158//1 3159//1
f 1690//1 3159//1 1691//1
f 1691//1 3159//1 3160//1
f 1675//1 3161//1 1677//1
f 1677//1 3161//1 3162//1
f 1677//1 3162//1 3163//1
f 3161//1 3164//1 3162//1
f 3165//1 1680//1 3163//1
f 3163//1 1680//1 1678//1
f 3163//1 1678//1 1677//1
f 1680//1 3165//1 1682//1
f 1682//1 3165//1 3166//1
f 1682//1 3166//1 1684//1
f 1684//1 3166//1 3167//1
f 1684//1 3167//1 1686//1
f 1686//1 3167//1 3168//1
f 1686//1 3168//1 1688//1
f 1688//1 3168//1 3169//1
f 1688//1 3169//1 1692//1
f 1692//1 3169//1 3157//1
f 3153//1 3170//1 3154//1
f 3154//1 3170//1 3171//1
f 3154//1 3171//1 3172//1
f 3172//1 3171//1 3173//1
f 3172//1 3173//1 3174//1
f 3174//1 3173//1 3175//1
f 3174//1 3175//1 3176//1
f 3176//1 3175//1 3177//1
f 3176//1 3177//1 3178//1
f 3178//1 3177//1 3179//1
f 3178//1 3179//1 3180//1
f 3180//1 3179//1 3181//1
f 3180//1 3181//1 3182//1
f 3182//1 3181//1 3183//1
f 3182//1 3183//1 3184//1
f 3184//1 3183//1 3161//1
f 3184//1 3161//1 1673//1
f 1673//1 3161//1 1675//1
f 3170//1 3185//1 3171//1
f 3171//1 3185//1 3173//1
f 3185//1 3186//1 3173//1
f 3173//1 3186//1 3175//1
f 3186//1 3187//1 3175//1
f 3175//1 3187//1 3177//1
f 3187//1 3188//1 3177//1
f 3177//1 3188//1 3179//1
f 3188//1 3189//1 3179//1
f 3179//1 3189//1 3181//1
f 3181//1 3189//1 3183//1
f 3183//1 3189//1 3190//1
f 3183//1 3190//1 3164//1
f 3164//1 3161//1 3183//1
f 1673//1 1668//1 3184//1
f 3184//1 1668//1 3182//1
f 3182//1 1668//1 3180//1
f 3180//1 1668//1 1155//1
f 3180//1 1155//1 3178//1
f 3178//1 1155//1 1154//1
f 3178//1 1154//1 3176//1
f 3176//1 1154//1 1153//1
f 3176//1 1153//1 3174//1
f 3174//1 1153//1 1158//1
f 3174//1 1158//1 3172//1
f 3172//1 1158//1 1157//1
f 3172//1 1157//1 3154//1
f 3154//1 1157//1 1156//1
f 3191//1 3192//1 3193//1
f 3193//1 3192//1 1676//1
f 3193//1 1676//1 1679//1
f 3192//1 1674//1 1676//1
f 1681//1 3194//1 1679//1
f 1679//1 3194//1 3195//1
f 1679//1 3195//1 3193//1
f 3194//1 1681//1 3196//1
f 3196//1 1681//1 1683//1
f 3196//1 1683//1 3197//1
f 3197//1 1683//1 1685//1
f 3197//1 1685//1 3198//1
f 3198//1 1685//1 1687//1
f 3198//1 1687//1 3199//1
f 3199//1 1687//1 1689//1
f 3199//1 1689//1 3160//1
f 3160//1 1689//1 1691//1
f 1149//1 1148//1 3200//1
f 3200//1 1148//1 3201//1
f 3200//1 3201//1 3202//1
f 3202//1 3201//1 3203//1
f 3202//1 3203//1 3204//1
f 3204//1 3203//1 3205//1
f 3204//1 3205//1 3206//1
f 3206//1 3205//1 3207//1
f 3206//1 3207//1 3208//1
f 3208//1 3207//1 3209//1
f 3208//1 3209//1 3210//1
f 3210//1 3209//1 3211//1
f 3210//1 3211//1 3212//1
f 3212//1 3211//1 3213//1
f 3212//1 3213//1 3214//1
f 3214//1 3213//1 3192//1
f 3214//1 3192//1 3215//1
f 3215//1 3192//1 3191//1
f 1148//1 1152//1 3201//1
f 3201//1 1152//1 3203//1
f 1152//1 1151//1 3203//1
f 3203//1 1151//1 3205//1
f 1151//1 1671//1 3205//1
f 3205//1 1671//1 3207//1
f 1671//1 1670//1 3207//1
f 3207//1 1670//1 3209//1
f 1670//1 1669//1 3209//1
f 3209//1 1669//1 3211//1
f 3211//1 1669//1 3213//1
f 3213//1 1669//1 1672//1
f 3213//1 1672//1 1674//1
f 1674//1 3192//1 3213//1
f 3215//1 3216//1 3214//1
f 3214//1 3216//1 3212//1
f 3212//1 3216//1 3210//1
f 3210//1 3216//1 3217//1
f 3210//1 3217//1 3208//1
f 3208//1 3217//1 3218//1
f 3208//1 3218//1 3206//1
f 3206//1 3218//1 3219//1
f 3206//1 3219//1 3204//1
f 3204//1 3219//1 3220//1
f 3204//1 3220//1 3202//1
f 3202//1 3220//1 3221//1
f 3202//1 3221//1 3200//1
f 3200//1 3221//1 3222//1
f 3223//1 3224//1 3225//1
f 3225//1 3224//1 3226//1
f 3226//1 3224//1 1695//1
f 3226//1 1695//1 3200//1
f 3200//1 1695//1 1694//1
f 3200//1 1694//1 1150//1
f 1150//1 1149//1 3200//1
f 3200//1 3222//1 3226//1
f 1721//1 3227//1 1722//1
f 1722//1 3227//1 3228//1
f 1722//1 3228//1 1719//1
f 1719//1 3228//1 3229//1
f 1719//1 3229//1 1720//1
f 1720//1 3229//1 3230//1
f 1704//1 3231//1 1706//1
f 1706//1 3231//1 3232//1
f 1706//1 3232//1 3233//1
f 3231//1 3234//1 3232//1
f 3235//1 1709//1 3233//1
f 3233//1 1709//1 1707//1
f 3233//1 1707//1 1706//1
f 1709//1 3235//1 1711//1
f 1711//1 3235//1 3236//1
f 1711//1 3236//1 1713//1
f 1713//1 3236//1 3237//1
f 1713//1 3237//1 1715//1
f 1715//1 3237//1 3238//1
f 1715//1 3238//1 1717//1
f 1717//1 3238//1 3239//1
f 1717//1 3239//1 1721//1
f 1721//1 3239//1 3227//1
f 3223//1 3240//1 3224//1
f 3224//1 3240//1 3241//1
f 3224//1 3241//1 3242//1
f 3242//1 3241//1 3243//1
f 3242//1 3243//1 3244//1
f 3244//1 3243//1 3245//1
f 3244//1 3245//1 3246//1
f 3246//1 3245//1 3247//1
f 3246//1 3247//1 3248//1
f 3248//1 3247//1 3249//1
f 3248//1 3249//1 3250//1
f 3250//1 3249//1 3251//1
f 3250//1 3251//1 3252//1
f 3252//1 3251//1 3253//1
f 3252//1 3253//1 3254//1
f 3254//1 3253//1 3231//1
f 3254//1 3231//1 1702//1
f 1702//1 3231//1 1704//1
f 3240//1 3255//1 3241//1
f 3241//1 3255//1 3243//1
f 3255//1 3256//1 3243//1
f 3243//1 3256//1 3245//1
f 3256//1 3257//1 3245//1
f 3245//1 3257//1 3247//1
f 3257//1 3258//1 3247//1
f 3247//1 3258//1 3249//1
f 3258//1 3259//1 3249//1
f 3249//1 3259//1 3251//1
f 3251//1 3259//1 3253//1
f 3253//1 3259//1 3260//1
f 3253//1 3260//1 3234//1
f 3234//1 3231//1 3253//1
f 1702//1 1700//1 3254//1
f 3254//1 1700//1 3252//1
f 3252//1 1700//1 3250//1
f 3250//1 1700//1 1697//1
f 3250//1 1697//1 3248//1
f 3248//1 1697//1 1147//1
f 3248//1 1147//1 3246//1
f 3246//1 1147//1 1146//1
f 3246//1 1146//1 3244//1
f 3244//1 1146//1 1145//1
f 3244//1 1145//1 3242//1
f 3242//1 1145//1 1696//1
f 3242//1 1696//1 3224//1
f 3224//1 1696//1 1695//1
f 3261//1 3262//1 3263//1
f 3263//1 3262//1 1705//1
f 3263//1 1705//1 1708//1
f 3262//1 1703//1 1705//1
f 1710//1 3264//1 1708//1
f 1708//1 3264//1 3265//1
f 1708//1 3265//1 3263//1
f 3264//1 1710//1 3266//1
f 3266//1 1710//1 1712//1
f 3266//1 1712//1 3267//1
f 3267//1 1712//1 1714//1
f 3267//1 1714//1 3268//1
f 3268//1 1714//1 1716//1
f 3268//1 1716//1 3269//1
f 3269//1 1716//1 1718//1
f 3269//1 1718//1 3230//1
f 3230//1 1718//1 1720//1
f 1142//1 1141//1 3270//1
f 3270//1 1141//1 3271//1
f 3270//1 3271//1 3272//1
f 3272//1 3271//1 3273//1
f 3272//1 3273//1 3274//1
f 3274//1 3273//1 3275//1
f 3274//1 3275//1 3276//1
f 3276//1 3275//1 3277//1
f 3276//1 3277//1 3278//1
f 3278//1 3277//1 3279//1
f 3278//1 3279//1 3280//1
f 3280//1 3279//1 3281//1
f 3280//1 3281//1 3282//1
f 3282//1 3281//1 3283//1
f 3282//1 3283//1 3284//1
f 3284//1 3283//1 3262//1
f 3284//1 3262//1 3285//1
f 3285//1 3262//1 3261//1
f 1141//1 1140//1 3271//1
f 3271//1 1140//1 3273//1
f 1140//1 1144//1 3273//1
f 3273//1 1144//1 3275//1
f 1144//1 1143//1 3275//1
f 3275//1 1143//1 3277//1
f 1143//1 1698//1 3277//1
f 3277//1 1698//1 3279//1
f 1698//1 1699//1 3279//1
f 3279//1 1699//1 3281//1
f 3281//1 1699//1 3283//1
f 3283//1 1699//1 1701//1
f 3283//1 1701//1 1703//1
f 1703//1 3262//1 3283//1
f 3285//1 3286//1 3284//1
f 3284//1 3286//1 3282//1
f 3282//1 3286//1 3280//1
f 3280//1 3286//1 3287//1
f 3280//1 3287//1 3278//1
f 3278//1 3287//1 3288//1
f 3278//1 3288//1 3276//1
f 3276//1 3288//1 3289//1
f 3276//1 3289//1 3274//1
f 3274//1 3289//1 3290//1
f 3274//1 3290//1 3272//1
f 3272//1 3290//1 3291//1
f 3272//1 3291//1 3270//1
f 3270//1 3291//1 3292//1
f 3293//1 3294//1 3295//1
f 3295//1 3294//1 3296//1
f 3296//1 3294//1 1725//1
f 3296//1 1725//1 3270//1
f 3270//1 1725//1 1724//1
f 3270//1 1724//1 1723//1
f 1723//1 1142//1 3270//1
f 3270//1 3292//1 3296//1
f 1739//1 3297//1 1740//1
f 1740//1 3297//1 3298//1
f 1740//1 3298//1 1737//1
f 1737//1 3298//1 3299//1
f 1737//1 3299//1 1738//1
f 1738//1 3299//1 3300//1
f 1133//1 3301//1 1135//1
f 1135//1 3301//1 3302//1
f 1135//1 3302//1 3303//1
f 3301//1 3304//1 3302//1
f 3305//1 1727//1 3303//1
f 3303//1 1727//1 1136//1
f 3303//1 1136//1 1135//1
f 1727//1 3305//1 1729//1
f 1729//1 3305//1 3306//1
f 1729//1 3306//1 1731//1
f 1731//1 3306//1 3307//1
f 1731//1 3307//1 1733//1
f 1733//1 3307//1 3308//1
f 1733//1 3308//1 1735//1
f 1735//1 3308//1 3309//1
f 1735//1 3309//1 1739//1
f 1739//1 3309//1 3297//1
f 3293//1 3310//1 3294//1
f 3294//1 3310//1 3311//1
f 3294//1 3311//1 3312//1
f 3312//1 3311//1 3313//1
f 3312//1 3313//1 3314//1
f 3314//1 3313//1 3315//1
f 3314//1 3315//1 3316//1
f 3316//1 3315//1 3317//1
f 3316//1 3317//1 3318//1
f 3318//1 3317//1 3319//1
f 3318//1 3319//1 3320//1
f 3320//1 3319//1 3321//1
f 3320//1 3321//1 3322//1
f 3322//1 3321//1 3323//1
f 3322//1 3323//1 3324//1
f 3324//1 3323//1 3301//1
f 3324//1 3301//1 1131//1
f 1131//1 3301//1 1133//1
f 3310//1 3325//1 3311//1
f 3311//1 3325//1 3313//1
f 3325//1 3326//1 3313//1
f 3313//1 3326//1 3315//1
f 3326//1 3327//1 3315//1
f 3315//1 3327//1 3317//1
f 3327//1 3328//1 3317//1
f 3317//1 3328//1 3319//1
f 3328//1 3329//1 3319//1
f 3319//1 3329//1 3321//1
f 3321//1 3329//1 3323//1
f 3323//1 3329//1 3330//1
f 3323//1 3330//1 3304//1
f 3304//1 3301//1 3323//1
f 1131//1 1129//1 3324//1
f 3324//1 1129//1 3322//1
f 3322//1 1129//1 3320//1
f 3320//1 1129//1 1126//1
f 3320//1 1126//1 3318//1
f 3318//1 1126//1 1125//1
f 3318//1 1125//1 3316//1
f 3316//1 1125//1 1139//1
f 3316//1 1139//1 3314//1
f 3314//1 1139//1 1138//1
f 3314//1 1138//1 3312//1
f 3312//1 1138//1 1137//1
f 3312//1 1137//1 3294//1
f 3294//1 1137//1 1725//1
f 3331//1 3332//1 3333//1
f 3333//1 3332//1 1134//1
f 3333//1 1134//1 1726//1
f 3332//1 1132//1 1134//1
f 1728//1 3334//1 1726//1
f 1726//1 3334//1 3335//1
f 1726//1 3335//1 3333//1
f 3334//1 1728//1 3336//1
f 3336//1 1728//1 1730//1
f 3336//1 1730//1 3337//1
f 3337//1 1730//1 1732//1
f 3337//1 1732//1 3338//1
f 3338//1 1732//1 1734//1
f 3338//1 1734//1 3339//1
f 3339//1 1734//1 1736//1
f 3339//1 1736//1 3300//1
f 3300//1 1736//1 1738//1
f 1742//1 1124//1 3340//1
f 3340//1 1124//1 3341//1
f 3340//1 3341//1 3342//1
f 3342//1 3341//1 3343//1
f 3342//1 3343//1 3344//1
f 3344//1 3343//1 3345//1
f 3344//1 3345//1 3346//1
f 3346//1 3345//1 3347//1
f 3346//1 3347//1 3348//1
f 3348//1 3347//1 3349//1
f 3348//1 3349//1 3350//1
f 3350//1 3349//1 3351//1
f 3350//1 3351//1 3352//1
f 3352//1 3351//1 3353//1
f 3352//1 3353//1 3354//1
f 3354//1 3353//1 3332//1
f 3354//1 3332//1 3355//1
f 3355//1 3332//1 3331//1
f 1124//1 1123//1 3341//1
f 3341//1 1123//1 3343//1
f 1123//1 1122//1 3343//1
f 3343//1 1122//1 3345//1
f 1122//1 1741//1 3345//1
f 3345//1 1741//1 3347//1
f 1741//1 1127//1 3347//1
f 3347//1 1127//1 3349//1
f 1127//1 1128//1 3349//1
f 3349//1 1128//1 3351//1
f 3351//1 1128//1 3353//1
f 3353//1 1128//1 1130//1
f 3353//1 1130//1 1132//1
f 1132//1 3332//1 3353//1
f 3355//1 3356//1 3354//1
f 3354//1 3356//1 3352//1
f 3352//1 3356//1 3350//1
f 3350//1 3356//1 3357//1
f 3350//1 3357//1 3348//1
f 3348//1 3357//1 3358//1
f 3348//1 3358//1 3346//1
f 3346//1 3358//1 3359//1
f 3346//1 3359//1 3344//1
f 3344//1 3359//1 3360//1
f 3344//1 3360//1 3342//1
f 3342//1 3360//1 3361//1
f 3342//1 3361//1 3340//1
f 3340//1 3361//1 3362//1
f 3363//1 3364//1 3365//1
f 3365//1 3364//1 3366//1
f 3366//1 3364//1 1120//1
f 3366//1 1120//1 3340//1
f 3340//1 1120//1 1119//1
f 3340//1 1119//1 1743//1
f 1743//1 1742//1 3340//1
f 3340//1 3362//1 3366//1
f 1768//1 3367//1 1769//1
f 1769//1 3367//1 3368//1
f 1769//1 3368//1 1766//1
f 1766//1 3368//1 3369//1
f 1766//1 3369//1 1767//1
f 1767//1 3369//1 3370//1
f 1751//1 3371//1 1753//1
f 1753//1 3371//1 3372//1
f 1753//1 3372//1 3373//1
f 3371//1 3374//1 3372//1
f 3375//1 1756//1 3373//1
f 3373//1 1756//1 1754//1
f 3373//1 1754//1 1753//1
f 1756//1 3375//1 1758//1
f 1758//1 3375//1 3376//1
f 1758//1 3376//1 1760//1
f 1760//1 3376//1 3377//1
f 1760//1 3377//1 1762//1
f 1762//1 3377//1 3378//1
f 1762//1 3378//1 1764//1
f 1764//1 3378//1 3379//1
f 1764//1 3379//1 1768//1
f 1768//1 3379//1 3367//1
f 3363//1 3380//1 3364//1
f 3364//1 3380//1 3381//1
f 3364//1 3381//1 3382//1
f 3382//1 3381//1 3383//1
f 3382//1 3383//1 3384//1
f 3384//1 3383//1 3385//1
f 3384//1 3385//1 3386//1
f 3386//1 3385//1 3387//1
f 3386//1 3387//1 3388//1
f 3388//1 3387//1 3389//1
f 3388//1 3389//1 3390//1
f 3390//1 3389//1 3391//1
f 3390//1 3391//1 3392//1
f 3392//1 3391//1 3393//1
f 3392//1 3393//1 3394//1
f 3394//1 3393//1 3371//1
f 3394//1 3371//1 1749//1
f 1749//1 3371//1 1751//1
f 3380//1 3395//1 3381//1
f 3381//1 3395//1 3383//1
f 3395//1 3396//1 3383//1
f 3383//1 3396//1 3385//1
f 3396//1 3397//1 3385//1
f 3385//1 3397//1 3387//1
f 3397//1 3398//1 3387//1
f 3387//1 3398//1 3389//1
f 3398//1 3399//1 3389//1
f 3389//1 3399//1 3391//1
f 3391//1 3399//1 3393//1
f 3393//1 3399//1 3400//1
f 3393//1 3400//1 3374//1
f 3374//1 3371//1 3393//1
f 1749//1 1745//1 3394//1
f 3394//1 1745//1 3392//1
f 3392//1 1745//1 3390//1
f 3390//1 1745//1 1118//1
f 3390//1 1118//1 3388//1
f 3388//1 1118//1 1117//1
f 3388//1 1117//1 3386//1
f 3386//1 1117//1 1116//1
f 3386//1 1116//1 3384//1
f 3384//1 1116//1 1744//1
f 3384//1 1744//1 3382//1
f 3382//1 1744//1 1121//1
f 3382//1 1121//1 3364//1
f 3364//1 1121//1 1120//1
f 3401//1 3402//1 3403//1
f 3403//1 3402//1 1752//1
f 3403//1 1752//1 1755//1
f 3402//1 1750//1 1752//1
f 1757//1 3404//1 1755//1
f 1755//1 3404//1 3405//1
f 1755//1 3405//1 3403//1
f 3404//1 1757//1 3406//1
f 3406//1 1757//1 1759//1
f 3406//1 1759//1 3407//1
f 3407//1 1759//1 1761//1
f 3407//1 1761//1 3408//1
f 3408//1 1761//1 1763//1
f 3408//1 1763//1 3409//1
f 3409//1 1763//1 1765//1
f 3409//1 1765//1 3370//1
f 3370//1 1765//1 1767//1
f 1111//1 1110//1 3410//1
f 3410//1 1110//1 3411//1
f 3410//1 3411//1 3412//1
f 3412//1 3411//1 3413//1
f 3412//1 3413//1 3414//1
f 3414//1 3413//1 3415//1
f 3414//1 3415//1 3416//1
f 3416//1 3415//1 3417//1
f 3416//1 3417//1 3418//1
f 3418//1 3417//1 3419//1
f 3418//1 3419//1 3420//1
f 3420//1 3419//1 3421//1
f 3420//1 3421//1 3422//1
f 3422//1 3421//1 3423//1
f 3422//1 3423//1 3424//1
f 3424//1 3423//1 3402//1
f 3424//1 3402//1 3425//1
f 3425//1 3402//1 3401//1
f 1110//1 1115//1 3411//1
f 3411//1 1115//1 3413//1
f 1115//1 1114//1 3413//1
f 3413//1 1114//1 3415//1
f 1114//1 1113//1 3415//1
f 3415//1 1113//1 3417//1
f 1113//1 1747//1 3417//1
f 3417//1 1747//1 3419//1
f 1747//1 1746//1 3419//1
f 3419//1 1746//1 3421//1
f 3421//1 1746//1 3423//1
f 3423//1 1746//1 1748//1
f 3423//1 1748//1 1750//1
f 1750//1 3402//1 3423//1
f 3425//1 3426//1 3424//1
f 3424//1 3426//1 3422//1
f 3422//1 3426//1 3420//1
f 3420//1 3426//1 3427//1
f 3420//1 3427//1 3418//1
f 3418//1 3427//1 3428//1
f 3418//1 3428//1 3416//1
f 3416//1 3428//1 3429//1
f 3416//1 3429//1 3414//1
f 3414//1 3429//1 3430//1
f 3414//1 3430//1 3412//1
f 3412//1 3430//1 3431//1
f 3412//1 3431//1 3410//1
f 3410//1 3431//1 3432//1
f 3433//1 3434//1 3435//1
f 3435//1 3434//1 3436//1
f 3436//1 3434//1 1771//1
f 3436//1 1771//1 3410//1
f 3410//1 1771//1 1770//1
f 3410//1 1770//1 1112//1
f 1112//1 1111//1 3410//1
f 3410//1 3432//1 3436//1
f 1797//1 3437//1 1798//1
f 1798//1 3437//1 3438//1
f 1798//1 3438//1 1795//1
f 1795//1 3438//1 3439//1
f 1795//1 3439//1 1796//1
f 1796//1 3439//1 3440//1
f 1780//1 3441//1 1782//1
f 1782//1 3441//1 3442//1
f 1782//1 3442//1 3443//1
f 3441//1 3444//1 3442//1
f 3445//1 1785//1 3443//1
f 3443//1 1785//1 1783//1
f 3443//1 1783//1 1782//1
f 1785//1 3445//1 1787//1
f 1787//1 3445//1 3446//1
f 1787//1 3446//1 1789//1
f 1789//1 3446//1 3447//1
f 1789//1 3447//1 1791//1
f 1791//1 3447//1 3448//1
f 1791//1 3448//1 1793//1
f 1793//1 3448//1 3449//1
f 1793//1 3449//1 1797//1
f 1797//1 3449//1 3437//1
f 3433//1 3450//1 3434//1
f 3434//1 3450//1 3451//1
f 3434//1 3451//1 3452//1
f 3452//1 3451//1 3453//1
f 3452//1 3453//1 3454//1
f 3454//1 3453//1 3455//1
f 3454//1 3455//1 3456//1
f 3456//1 3455//1 3457//1
f 3456//1 3457//1 3458//1
f 3458//1 3457//1 3459//1
f 3458//1 3459//1 3460//1
f 3460//1 3459//1 3461//1
f 3460//1 3461//1 3462//1
f 3462//1 3461//1 3463//1
f 3462//1 3463//1 3464//1
f 3464//1 3463//1 3441//1
f 3464//1 3441//1 1778//1
f 1778//1 3441//1 1780//1
f 3450//1 3465//1 3451//1
f 3451//1 3465//1 3453//1
f 3465//1 3466//1 3453//1
f 3453//1 3466//1 3455//1
f 3466//1 3467//1 3455//1
f 3455//1 3467//1 3457//1
f 3467//1 3468//1 3457//1
f 3457//1 3468//1 3459//1
f 3468//1 3469//1 3459//1
f 3459//1 3469//1 3461//1
f 3461//1 3469//1 3463//1
f 3463//1 3469//1 3470//1
f 3463//1 3470//1 3444//1
f 3444//1 3441//1 3463//1
f 1778//1 1776//1 3464//1
f 3464//1 1776//1 3462//1
f 3462//1 1776//1 3460//1
f 3460//1 1776//1 1774//1
f 3460//1 1774//1 3458//1
f 3458//1 1774//1 1109//1
f 3458//1 1109//1 3456//1
f 3456//1 1109//1 1108//1
f 3456//1 1108//1 3454//1
f 3454//1 1108//1 1107//1
f 3454//1 1107//1 3452//1
f 3452//1 1107//1 1772//1
f 3452//1 1772//1 3434//1
f 3434//1 1772//1 1771//1
f 3471//1 3472//1 3473//1
f 3473//1 3472//1 1781//1
f 3473//1 1781//1 1784//1
f 3472//1 1779//1 1781//1
f 1786//1 3474//1 1784//1
f 1784//1 3474//1 3475//1
f 1784//1 3475//1 3473//1
f 3474//1 1786//1 3476//1
f 3476//1 1786//1 1788//1
f 3476//1 1788//1 3477//1
f 3477//1 1788//1 1790//1
f 3477//1 1790//1 3478//1
f 3478//1 1790//1 1792//1
f 3478//1 1792//1 3479//1
f 3479//1 1792//1 1794//1
f 3479//1 1794//1 3440//1
f 3440//1 1794//1 1796//1
f 1104//1 1103//1 3480//1
f 3480//1 1103//1 3481//1
f 3480//1 3481//1 3482//1
f 3482//1 3481//1 3483//1
f 3482//1 3483//1 3484//1
f 3484//1 3483//1 3485//1
f 3484//1 3485//1 3486//1
f 3486//1 3485//1 3487//1
f 3486//1 3487//1 3488//1
f 3488//1 3487//1 3489//1
f 3488//1 3489//1 3490//1
f 3490//1 3489//1 3491//1
f 3490//1 3491//1 3492//1
f 3492//1 3491//1 3493//1
f 3492//1 3493//1 3494//1
f 3494//1 3493//1 3472//1
f 3494//1 3472//1 3495//1
f 3495//1 3472//1 3471//1
f 1103//1 1102//1 3481//1
f 3481//1 1102//1 3483//1
f 1102//1 1106//1 3483//1
f 3483//1 1106//1 3485//1
f 1106//1 1105//1 3485//1
f 3485//1 1105//1 3487//1
f 1105//1 1773//1 3487//1
f 3487//1 1773//1 3489//1
f 1773//1 1775//1 3489//1
f 3489//1 1775//1 3491//1
f 3491//1 1775//1 3493//1
f 3493//1 1775//1 1777//1
f 3493//1 1777//1 1779//1
f 1779//1 3472//1 3493//1
f 3495//1 3496//1 3494//1
f 3494//1 3496//1 3492//1
f 3492//1 3496//1 3490//1
f 3490//1 3496//1 3497//1
f 3490//1 3497//1 3488//1
f 3488//1 3497//1 3498//1
f 3488//1 3498//1 3486//1
f 3486//1 3498//1 3499//1
f 3486//1 3499//1 3484//1
f 3484//1 3499//1 3500//1
f 3484//1 3500//1 3482//1
f 3482//1 3500//1 3501//1
f 3482//1 3501//1 3480//1
f 3480//1 3501//1 3502//1
f 3503//1 3504//1 3505//1
f 3505//1 3504//1 3506//1
f 3506//1 3504//1 1801//1
f 3506//1 1801//1 3480//1
f 3480//1 1801//1 1800//1
f 3480//1 1800//1 1799//1
f 1799//1 1104//1 3480//1
f 3480//1 3502//1 3506//1
f 1815//1 3507//1 1816//1
f 1816//1 3507//1 3508//1
f 1816//1 3508//1 1813//1
f 1813//1 3508//1 3509//1
f 1813//1 3509//1 1814//1
f 1814//1 3509//1 3510//1
f 1095//1 3511//1 1097//1
f 1097//1 3511//1 3512//1
f 1097//1 3512//1 3513//1
f 3511//1 3514//1 3512//1
f 3515//1 1803//1 3513//1
f 3513//1 1803//1 1098//1
f 3513//1 1098//1 1097//1
f 1803//1 3515//1 1805//1
f 1805//1 3515//1 3516//1
f 1805//1 3516//1 1807//1
f 1807//1 3516//1 3517//1
f 1807//1 3517//1 1809//1
f 1809//1 3517//1 3518//1
f 1809//1 3518//1 1811//1
f 1811//1 3518//1 3519//1
f 1811//1 3519//1 1815//1
f 1815//1 3519//1 3507//1
f 3503//1 3520//1 3504//1
f 3504//1 3520//1 3521//1
f 3504//1 3521//1 3522//1
f 3522//1 3521//1 3523//1
f 3522//1 3523//1 3524//1
f 3524//1 3523//1 3525//1
f 3524//1 3525//1 3526//1
f 3526//1 3525//1 3527//1
f 3526//1 3527//1 3528//1
f 3528//1 3527//1 3529//1
f 3528//1 3529//1 3530//1
f 3530//1 3529//1 3531//1
f 3530//1 3531//1 3532//1
f 3532//1 3531//1 3533//1
f 3532//1 3533//1 3534//1
f 3534//1 3533//1 3511//1
f 3534//1 3511//1 1093//1
f 1093//1 3511//1 1095//1
f 3520//1 3535//1 3521//1
f 3521//1 3535//1 3523//1
f 3535//1 3536//1 3523//1
f 3523//1 3536//1 3525//1
f 3536//1 3537//1 3525//1
f 3525//1 3537//1 3527//1
f 3537//1 3538//1 3527//1
f 3527//1 3538//1 3529//1
f 3538//1 3539//1 3529//1
f 3529//1 3539//1 3531//1
f 3531//1 3539//1 3533//1
f 3533//1 3539//1 3540//1
f 3533//1 3540//1 3514//1
f 3514//1 3511//1 3533//1
f 1093//1 1091//1 3534//1
f 3534//1 1091//1 3532//1
f 3532//1 1091//1 3530//1
f 3530//1 1091//1 1088//1
f 3530//1 1088//1 3528//1
f 3528//1 1088//1 1087//1
f 3528//1 1087//1 3526//1
f 3526//1 1087//1 1101//1
f 3526//1 1101//1 3524//1
f 3524//1 1101//1 1100//1
f 3524//1 1100//1 3522//1
f 3522//1 1100//1 1099//1
f 3522//1 1099//1 3504//1
f 3504//1 1099//1 1801//1
f 3541//1 3542//1 3543//1
f 3543//1 3542//1 1096//1
f 3543//1 1096//1 1802//1
f 3542//1 1094//1 1096//1
f 1804//1 3544//1 1802//1
f 1802//1 3544//1 3545//1
f 1802//1 3545//1 3543//1
f 3544//1 1804//1 3546//1
f 3546//1 1804//1 1806//1
f 3546//1 1806//1 3547//1
f 3547//1 1806//1 1808//1
f 3547//1 1808//1 3548//1
f 3548//1 1808//1 1810//1
f 3548//1 1810//1 3549//1
f 3549//1 1810//1 1812//1
f 3549//1 1812//1 3510//1
f 3510//1 1812//1 1814//1
f 1818//1 1086//1 3550//1
f 3550//1 1086//1 3551//1
f 3550//1 3551//1 3552//1
f 3552//1 3551//1 3553//1
f 3552//1 3553//1 3554//1
f 3554//1 3553//1 3555//1
f 3554//1 3555//1 3556//1
f 3556//1 3555//1 3557//1
f 3556//1 3557//1 3558//1
f 3558//1 3557//1 3559//1
f 3558//1 3559//1 3560//1
f 3560//1 3559//1 3561//1
f 3560//1 3561//1 3562//1
f 3562//1 3561//1 3563//1
f 3562//1 3563//1 3564//1
f 3564//1 3563//1 3542//1
f 3564//1 3542//1 3565//1
f 3565//1 3542//1 3541//1
f 1086//1 1085//1 3551//1
f 3551//1 1085//1 3553//1
f 1085//1 1084//1 3553//1
f 3553//1 1084//1 3555//1
f 1084//1 1817//1 3555//1
f 3555//1 1817//1 3557//1
f 1817//1 1089//1 3557//1
f 3557//1 1089//1 3559//1
f 1089//1 1090//1 3559//1
f 3559//1 1090//1 3561//1
f 3561//1 1090//1 3563//1
f 3563//1 1090//1 1092//1
f 3563//1 1092//1 1094//1
f 1094//1 3542//1 3563//1
f 3565//1 3566//1 3564//1
f 3564//1 3566//1 3562//1
f 3562//1 3566//1 3560//1
f 3560//1 3566//1 3567//1
f 3560//1 3567//1 3558//1
f 3558//1 3567//1 3568//1
f 3558//1 3568//1 3556//1
f 3556//1 3568//1 3569//1
f 3556//1 3569//1 3554//1
f 3554//1 3569//1 3570//1
f 3554//1 3570//1 3552//1
f 3552//1 3570//1 3571//1
f 3552//1 3571//1 3550//1
f 3550//1 3571//1 3572//1
f 3573//1 3574//1 3575//1
f 3575//1 3574//1 3576//1
f 3576//1 3574//1 1083//1
f 3576//1 1083//1 3550//1
f 3550//1 1083//1 1082//1
f 3550//1 1082//1 1081//1
f 1081//1 1818//1 3550//1
f 3550//1 3572//1 3576//1
f 3577//1 2738//1 3578//1
f 3578//1 2738//1 2772//1
f 3578//1 2772//1 2782//1
f 2782//1 2772//1 2797//1
f 2797//1 2772//1 2771//1
f 2797//1 2771//1 2798//1
f 2798//1 2771//1 2770//1
f 2798//1 2770//1 2799//1
f 2799//1 2770//1 2769//1
f 2799//1 2769//1 2768//1
f 3579//1 2852//1 3577//1
f 3577//1 2852//1 2733//1
f 3577//1 2733//1 2735//1
f 3579//1 3580//1 2852//1
f 2852//1 3580//1 3581//1
f 2852//1 3581//1 3582//1
f 3582//1 3583//1 2852//1
f 2852//1 3583//1 3584//1
f 2852//1 3584//1 3585//1
f 3585//1 3586//1 2852//1
f 2852//1 3586//1 2841//1
f 2852//1 2841//1 2867//1
f 2867//1 2841//1 2840//1
f 2867//1 2840//1 2868//1
f 2868//1 2840//1 2839//1
f 2868//1 2839//1 2869//1
f 2869//1 2839//1 2838//1
f 2869//1 2838//1 2870//1
f 2870//1 2838//1 2837//1
f 2870//1 2837//1 2871//1
f 2871//1 2837//1 2836//1
f 2871//1 2836//1 2872//1
f 2872//1 2836//1 2835//1
f 2872//1 2835//1 2846//1
f 2846//1 2835//1 2811//1
f 2846//1 2811//1 2844//1
f 2844//1 2811//1 2813//1
f 2844//1 2813//1 2815//1
f 3587//1 3292//1 3586//1
f 3586//1 3292//1 3291//1
f 3586//1 3291//1 3240//1
f 3240//1 3291//1 3255//1
f 3255//1 3291//1 3290//1
f 3255//1 3290//1 3256//1
f 3256//1 3290//1 3289//1
f 3256//1 3289//1 3257//1
f 3257//1 3289//1 3288//1
f 3257//1 3288//1 3287//1
f 3588//1 3361//1 3587//1
f 3587//1 3361//1 3310//1
f 3587//1 3310//1 3293//1
f 3589//1 3363//1 3588//1
f 3588//1 3363//1 3365//1
f 3588//1 3365//1 3366//1
f 3590//1 3433//1 3589//1
f 3589//1 3433//1 3435//1
f 3589//1 3435//1 3436//1
f 3591//1 3502//1 3590//1
f 3590//1 3502//1 3501//1
f 3590//1 3501//1 3450//1
f 3450//1 3501//1 3500//1
f 3450//1 3500//1 3465//1
f 3465//1 3500//1 3499//1
f 3465//1 3499//1 3466//1
f 3466//1 3499//1 3498//1
f 3466//1 3498//1 3467//1
f 3467//1 3498//1 3497//1
f 3467//1 3497//1 3468//1
f 3468//1 3497//1 3496//1
f 3468//1 3496//1 3469//1
f 3469//1 3496//1 3495//1
f 3469//1 3495//1 3470//1
f 3470//1 3495//1 3471//1
f 3470//1 3471//1 3444//1
f 3444//1 3471//1 3473//1
f 3444//1 3473//1 3442//1
f 3442//1 3473//1 3475//1
f 3442//1 3475//1 3443//1
f 3443//1 3475//1 3474//1
f 3443//1 3474//1 3445//1
f 3445//1 3474//1 3476//1
f 3445//1 3476//1 3446//1
f 3446//1 3476//1 3477//1
f 3446//1 3477//1 3447//1
f 3447//1 3477//1 3478//1
f 3447//1 3478//1 3448//1
f 3448//1 3478//1 3479//1
f 3448//1 3479//1 3449//1
f 3449//1 3479//1 3438//1
f 3449//1 3438//1 3437//1
f 3592//1 3571//1 3591//1
f 3591//1 3571//1 3520//1
f 3591//1 3520//1 3503//1
f 3593//1 3594//1 3592//1
f 3592//1 3594//1 3573//1
f 3592//1 3573//1 3575//1
f 3595//1 1859//1 3593//1
f 3593//1 1859//1 2805//1
f 3593//1 2805//1 2804//1
f 3596//1 1888//1 3595//1
f 3595//1 1888//1 1887//1
f 3595//1 1887//1 1858//1
f 1858//1 1887//1 1860//1
f 1860//1 1887//1 1886//1
f 1860//1 1886//1 1861//1
f 1861//1 1886//1 1885//1
f 1861//1 1885//1 1862//1
f 1862//1 1885//1 1884//1
f 1862//1 1884//1 1883//1
f 3597//1 1906//1 3596//1
f 3596//1 1906//1 1889//1
f 3596//1 1889//1 1891//1
f 1906//1 3597//1 1952//1
f 1952//1 3597//1 3598//1
f 1952//1 3598//1 3599//1
f 3599//1 3600//1 1952//1
f 1952//1 3600//1 3601//1
f 1952//1 3601//1 3602//1
f 3602//1 3603//1 1952//1
f 1952//1 3603//1 3604//1
f 1952//1 3604//1 2675//1
f 2675//1 3604//1 3605//1
f 2675//1 3605//1 3606//1
f 3606//1 3607//1 2675//1
f 2675//1 3607//1 2723//1
f 2675//1 2723//1 2722//1
f 2723//1 3607//1 2724//1
f 2724//1 3607//1 3608//1
f 2724//1 3608//1 2725//1
f 2725//1 3608//1 3609//1
f 2725//1 3609//1 2726//1
f 2726//1 3609//1 3610//1
f 2726//1 3610//1 2727//1
f 2727//1 3610//1 3611//1
f 2727//1 3611//1 2728//1
f 2728//1 3611//1 2732//1
f 2732//1 3611//1 2731//1
f 2731//1 3611//1 2729//1
f 2729//1 3611//1 3578//1
f 2729//1 3578//1 2782//1
f 3575//1 3576//1 3592//1
f 3592//1 3576//1 3572//1
f 3592//1 3572//1 3571//1
f 3520//1 3571//1 3535//1
f 3535//1 3571//1 3570//1
f 3535//1 3570//1 3569//1
f 3535//1 3569//1 3536//1
f 3536//1 3569//1 3568//1
f 3536//1 3568//1 3537//1
f 3537//1 3568//1 3567//1
f 3537//1 3567//1 3538//1
f 3538//1 3567//1 3566//1
f 3538//1 3566//1 3539//1
f 3539//1 3566//1 3565//1
f 3539//1 3565//1 3540//1
f 3540//1 3565//1 3541//1
f 3540//1 3541//1 3514//1
f 3514//1 3541//1 3543//1
f 3514//1 3543//1 3512//1
f 3512//1 3543//1 3545//1
f 3512//1 3545//1 3513//1
f 3513//1 3545//1 3544//1
f 3513//1 3544//1 3515//1
f 3515//1 3544//1 3546//1
f 3515//1 3546//1 3516//1
f 3516//1 3546//1 3547//1
f 3516//1 3547//1 3517//1
f 3517//1 3547//1 3548//1
f 3517//1 3548//1 3518//1
f 3518//1 3548//1 3549//1
f 3518//1 3549//1 3519//1
f 3519//1 3549//1 3508//1
f 3519//1 3508//1 3507//1
f 3510//1 3509//1 3549//1
f 3549//1 3509//1 3508//1
f 3503//1 3505//1 3591//1
f 3591//1 3505//1 3506//1
f 3591//1 3506//1 3502//1
f 3440//1 3439//1 3479//1
f 3479//1 3439//1 3438//1
f 3450//1 3433//1 3590//1
f 3436//1 3432//1 3589//1
f 3589//1 3432//1 3431//1
f 3589//1 3431//1 3380//1
f 3380//1 3431//1 3430//1
f 3380//1 3430//1 3395//1
f 3395//1 3430//1 3429//1
f 3395//1 3429//1 3396//1
f 3396//1 3429//1 3428//1
f 3396//1 3428//1 3397//1
f 3397//1 3428//1 3427//1
f 3397//1 3427//1 3398//1
f 3398//1 3427//1 3426//1
f 3398//1 3426//1 3399//1
f 3399//1 3426//1 3425//1
f 3399//1 3425//1 3400//1
f 3400//1 3425//1 3401//1
f 3400//1 3401//1 3374//1
f 3374//1 3401//1 3403//1
f 3374//1 3403//1 3372//1
f 3372//1 3403//1 3405//1
f 3372//1 3405//1 3373//1
f 3373//1 3405//1 3404//1
f 3373//1 3404//1 3375//1
f 3375//1 3404//1 3406//1
f 3375//1 3406//1 3376//1
f 3376//1 3406//1 3407//1
f 3376//1 3407//1 3377//1
f 3377//1 3407//1 3408//1
f 3377//1 3408//1 3378//1
f 3378//1 3408//1 3409//1
f 3378//1 3409//1 3379//1
f 3379//1 3409//1 3368//1
f 3379//1 3368//1 3367//1
f 3370//1 3369//1 3409//1
f 3409//1 3369//1 3368//1
f 3380//1 3363//1 3589//1
f 3366//1 3362//1 3588//1
f 3588//1 3362//1 3361//1
f 3310//1 3361//1 3325//1
f 3325//1 3361//1 3360//1
f 3325//1 3360//1 3359//1
f 3325//1 3359//1 3326//1
f 3326//1 3359//1 3358//1
f 3326//1 3358//1 3327//1
f 3327//1 3358//1 3357//1
f 3327//1 3357//1 3328//1
f 3328//1 3357//1 3356//1
f 3328//1 3356//1 3329//1
f 3329//1 3356//1 3355//1
f 3329//1 3355//1 3330//1
f 3330//1 3355//1 3331//1
f 3330//1 3331//1 3304//1
f 3304//1 3331//1 3333//1
f 3304//1 3333//1 3302//1
f 3302//1 3333//1 3335//1
f 3302//1 3335//1 3303//1
f 3303//1 3335//1 3334//1
f 3303//1 3334//1 3305//1
f 3305//1 3334//1 3336//1
f 3305//1 3336//1 3306//1
f 3306//1 3336//1 3337//1
f 3306//1 3337//1 3307//1
f 3307//1 3337//1 3338//1
f 3307//1 3338//1 3308//1
f 3308//1 3338//1 3339//1
f 3308//1 3339//1 3309//1
f 3309//1 3339//1 3298//1
f 3309//1 3298//1 3297//1
f 3300//1 3299//1 3339//1
f 3339//1 3299//1 3298//1
f 3293//1 3295//1 3587//1
f 3587//1 3295//1 3296//1
f 3587//1 3296//1 3292//1
f 3286//1 3259//1 3287//1
f 3287//1 3259//1 3258//1
f 3287//1 3258//1 3257//1
f 3286//1 3285//1 3259//1
f 3259//1 3285//1 3260//1
f 3260//1 3285//1 3261//1
f 3260//1 3261//1 3234//1
f 3234//1 3261//1 3263//1
f 3234//1 3263//1 3232//1
f 3232//1 3263//1 3265//1
f 3232//1 3265//1 3233//1
f 3233//1 3265//1 3264//1
f 3233//1 3264//1 3235//1
f 3235//1 3264//1 3266//1
f 3235//1 3266//1 3236//1
f 3236//1 3266//1 3267//1
f 3236//1 3267//1 3237//1
f 3237//1 3267//1 3268//1
f 3237//1 3268//1 3238//1
f 3238//1 3268//1 3269//1
f 3238//1 3269//1 3239//1
f 3239//1 3269//1 3228//1
f 3239//1 3228//1 3227//1
f 3230//1 3229//1 3269//1
f 3269//1 3229//1 3228//1
f 3240//1 3223//1 3586//1
f 3586//1 3223//1 3225//1
f 3586//1 3225//1 3226//1
f 3226//1 3222//1 3586//1
f 3586//1 3222//1 3221//1
f 3586//1 3221//1 3170//1
f 3170//1 3221//1 3185//1
f 3185//1 3221//1 3220//1
f 3185//1 3220//1 3186//1
f 3186//1 3220//1 3219//1
f 3186//1 3219//1 3187//1
f 3187//1 3219//1 3218//1
f 3187//1 3218//1 3217//1
f 3216//1 3189//1 3217//1
f 3217//1 3189//1 3188//1
f 3217//1 3188//1 3187//1
f 3189//1 3216//1 3190//1
f 3190//1 3216//1 3215//1
f 3190//1 3215//1 3164//1
f 3164//1 3215//1 3191//1
f 3164//1 3191//1 3162//1
f 3162//1 3191//1 3193//1
f 3162//1 3193//1 3195//1
f 3162//1 3195//1 3163//1
f 3163//1 3195//1 3194//1
f 3163//1 3194//1 3165//1
f 3165//1 3194//1 3196//1
f 3165//1 3196//1 3166//1
f 3166//1 3196//1 3197//1
f 3166//1 3197//1 3167//1
f 3167//1 3197//1 3198//1
f 3167//1 3198//1 3168//1
f 3168//1 3198//1 3199//1
f 3168//1 3199//1 3169//1
f 3169//1 3199//1 3158//1
f 3169//1 3158//1 3157//1
f 3160//1 3159//1 3199//1
f 3199//1 3159//1 3158//1
f 3170//1 3153//1 3586//1
f 3586//1 3153//1 3155//1
f 3586//1 3155//1 3156//1
f 3156//1 3152//1 3586//1
f 3586//1 3152//1 3151//1
f 3586//1 3151//1 3100//1
f 3100//1 3151//1 3115//1
f 3115//1 3151//1 3150//1
f 3115//1 3150//1 3116//1
f 3116//1 3150//1 3149//1
f 3116//1 3149//1 3117//1
f 3117//1 3149//1 3148//1
f 3117//1 3148//1 3118//1
f 3118//1 3148//1 3147//1
f 3118//1 3147//1 3119//1
f 3119//1 3147//1 3146//1
f 3119//1 3146//1 3120//1
f 3120//1 3146//1 3145//1
f 3120//1 3145//1 3094//1
f 3094//1 3145//1 3121//1
f 3094//1 3121//1 3092//1
f 3092//1 3121//1 3123//1
f 3092//1 3123//1 3125//1
f 3092//1 3125//1 3093//1
f 3093//1 3125//1 3124//1
f 3093//1 3124//1 3095//1
f 3095//1 3124//1 3126//1
f 3095//1 3126//1 3096//1
f 3096//1 3126//1 3127//1
f 3096//1 3127//1 3097//1
f 3097//1 3127//1 3128//1
f 3097//1 3128//1 3098//1
f 3098//1 3128//1 3129//1
f 3098//1 3129//1 3099//1
f 3099//1 3129//1 3088//1
f 3099//1 3088//1 3087//1
f 3090//1 3089//1 3129//1
f 3129//1 3089//1 3088//1
f 3100//1 3083//1 3586//1
f 3586//1 3083//1 3085//1
f 3586//1 3085//1 3086//1
f 3086//1 3082//1 3586//1
f 3586//1 3082//1 3081//1
f 3586//1 3081//1 3030//1
f 3030//1 3081//1 3045//1
f 3045//1 3081//1 3080//1
f 3045//1 3080//1 3046//1
f 3046//1 3080//1 3079//1
f 3046//1 3079//1 3047//1
f 3047//1 3079//1 3078//1
f 3047//1 3078//1 3048//1
f 3048//1 3078//1 3077//1
f 3048//1 3077//1 3049//1
f 3049//1 3077//1 3076//1
f 3049//1 3076//1 3050//1
f 3050//1 3076//1 3075//1
f 3050//1 3075//1 3024//1
f 3024//1 3075//1 3051//1
f 3024//1 3051//1 3022//1
f 3022//1 3051//1 3053//1
f 3022//1 3053//1 3055//1
f 3022//1 3055//1 3023//1
f 3023//1 3055//1 3054//1
f 3023//1 3054//1 3025//1
f 3025//1 3054//1 3056//1
f 3025//1 3056//1 3026//1
f 3026//1 3056//1 3057//1
f 3026//1 3057//1 3027//1
f 3027//1 3057//1 3058//1
f 3027//1 3058//1 3028//1
f 3028//1 3058//1 3059//1
f 3028//1 3059//1 3029//1
f 3029//1 3059//1 3018//1
f 3029//1 3018//1 3017//1
f 3020//1 3019//1 3059//1
f 3059//1 3019//1 3018//1
f 3030//1 3013//1 3586//1
f 3586//1 3013//1 3015//1
f 3586//1 3015//1 3016//1
f 3016//1 3012//1 3586//1
f 3586//1 3012//1 3011//1
f 3586//1 3011//1 2960//1
f 2960//1 3011//1 2975//1
f 2975//1 3011//1 3010//1
f 2975//1 3010//1 2976//1
f 2976//1 3010//1 3009//1
f 2976//1 3009//1 2977//1
f 2977//1 3009//1 3008//1
f 2977//1 3008//1 2978//1
f 2978//1 3008//1 3007//1
f 2978//1 3007//1 2979//1
f 2979//1 3007//1 3006//1
f 2979//1 3006//1 2980//1
f 2980//1 3006//1 3005//1
f 2980//1 3005//1 2954//1
f 2954//1 3005//1 2981//1
f 2954//1 2981//1 2952//1
f 2952//1 2981//1 2983//1
f 2952//1 2983//1 2985//1
f 2952//1 2985//1 2953//1
f 2953//1 2985//1 2984//1
f 2953//1 2984//1 2955//1
f 2955//1 2984//1 2986//1
f 2955//1 2986//1 2956//1
f 2956//1 2986//1 2987//1
f 2956//1 2987//1 2957//1
f 2957//1 2987//1 2988//1
f 2957//1 2988//1 2958//1
f 2958//1 2988//1 2989//1
f 2958//1 2989//1 2959//1
f 2959//1 2989//1 2948//1
f 2959//1 2948//1 2947//1
f 2950//1 2949//1 2989//1
f 2989//1 2949//1 2948//1
f 2960//1 2943//1 3586//1
f 3586//1 2943//1 2945//1
f 3586//1 2945//1 2946//1
f 2946//1 2942//1 3586//1
f 3586//1 2942//1 2941//1
f 3586//1 2941//1 2890//1
f 2890//1 2941//1 2905//1
f 2905//1 2941//1 2940//1
f 2905//1 2940//1 2906//1
f 2906//1 2940//1 2939//1
f 2906//1 2939//1 2907//1
f 2907//1 2939//1 2938//1
f 2907//1 2938//1 2908//1
f 2908//1 2938//1 2937//1
f 2908//1 2937//1 2909//1
f 2909//1 2937//1 2936//1
f 2909//1 2936//1 2910//1
f 2910//1 2936//1 2935//1
f 2910//1 2935//1 2884//1
f 2884//1 2935//1 2911//1
f 2884//1 2911//1 2882//1
f 2882//1 2911//1 2913//1
f 2882//1 2913//1 2915//1
f 2882//1 2915//1 2883//1
f 2883//1 2915//1 2914//1
f 2883//1 2914//1 2885//1
f 2885//1 2914//1 2916//1
f 2885//1 2916//1 2886//1
f 2886//1 2916//1 2917//1
f 2886//1 2917//1 2887//1
f 2887//1 2917//1 2918//1
f 2887//1 2918//1 2888//1
f 2888//1 2918//1 2919//1
f 2888//1 2919//1 2889//1
f 2889//1 2919//1 2878//1
f 2889//1 2878//1 2877//1
f 2880//1 2879//1 2919//1
f 2919//1 2879//1 2878//1
f 2890//1 2873//1 3586//1
f 3586//1 2873//1 2875//1
f 3586//1 2875//1 2876//1
f 2876//1 2842//1 3586//1
f 3586//1 2842//1 2841//1
f 2844//1 2815//1 2845//1
f 2845//1 2815//1 2814//1
f 2845//1 2814//1 2847//1
f 2847//1 2814//1 2816//1
f 2847//1 2816//1 2848//1
f 2848//1 2816//1 2817//1
f 2848//1 2817//1 2849//1
f 2849//1 2817//1 2818//1
f 2849//1 2818//1 2850//1
f 2850//1 2818//1 2819//1
f 2850//1 2819//1 2851//1
f 2851//1 2819//1 2808//1
f 2851//1 2808//1 2807//1
f 2810//1 2809//1 2819//1
f 2819//1 2809//1 2808//1
f 2735//1 2736//1 3577//1
f 3577//1 2736//1 2738//1
f 2767//1 2801//1 2768//1
f 2768//1 2801//1 2800//1
f 2768//1 2800//1 2799//1
f 2767//1 2766//1 2801//1
f 2801//1 2766//1 2802//1
f 2802//1 2766//1 2743//1
f 2802//1 2743//1 2776//1
f 2776//1 2743//1 2745//1
f 2776//1 2745//1 2774//1
f 2774//1 2745//1 2747//1
f 2774//1 2747//1 2775//1
f 2775//1 2747//1 2746//1
f 2775//1 2746//1 2777//1
f 2777//1 2746//1 2748//1
f 2777//1 2748//1 2778//1
f 2778//1 2748//1 2749//1
f 2778//1 2749//1 2779//1
f 2779//1 2749//1 2750//1
f 2779//1 2750//1 2780//1
f 2780//1 2750//1 2751//1
f 2780//1 2751//1 2781//1
f 2781//1 2751//1 2740//1
f 2781//1 2740//1 2739//1
f 2742//1 2741//1 2751//1
f 2751//1 2741//1 2740//1
f 2722//1 2721//1 2675//1
f 2675//1 2721//1 2697//1
f 2675//1 2697//1 2699//1
f 2699//1 2701//1 2675//1
f 2675//1 2701//1 2700//1
f 2675//1 2700//1 2702//1
f 2702//1 2703//1 2675//1
f 2675//1 2703//1 2704//1
f 2675//1 2704//1 2705//1
f 2666//1 2665//1 2705//1
f 2705//1 2665//1 2664//1
f 2705//1 2664//1 2675//1
f 2675//1 2664//1 2663//1
f 2674//1 2696//1 2675//1
f 2675//1 2696//1 2695//1
f 2675//1 2695//1 1952//1
f 1952//1 2695//1 1953//1
f 1953//1 2695//1 2694//1
f 1953//1 2694//1 1954//1
f 1954//1 2694//1 2693//1
f 1954//1 2693//1 1955//1
f 1955//1 2693//1 2692//1
f 1955//1 2692//1 1956//1
f 1956//1 2692//1 2691//1
f 1956//1 2691//1 1957//1
f 1957//1 2691//1 2676//1
f 1957//1 2676//1 1958//1
f 1958//1 2676//1 2659//1
f 1958//1 2659//1 1962//1
f 1962//1 2659//1 2661//1
f 1962//1 2661//1 1961//1
f 1961//1 2661//1 2662//1
f 1961//1 2662//1 1959//1
f 1959//1 2662//1 2658//1
f 1959//1 2658//1 2028//1
f 2028//1 2658//1 2589//1
f 2028//1 2589//1 2032//1
f 2032//1 2589//1 2591//1
f 2032//1 2591//1 2031//1
f 2031//1 2591//1 2592//1
f 2031//1 2592//1 2029//1
f 2029//1 2592//1 2588//1
f 2029//1 2588//1 2098//1
f 2098//1 2588//1 2519//1
f 2098//1 2519//1 2102//1
f 2102//1 2519//1 2521//1
f 2102//1 2521//1 2101//1
f 2101//1 2521//1 2522//1
f 2101//1 2522//1 2099//1
f 2099//1 2522//1 2518//1
f 2099//1 2518//1 2168//1
f 2168//1 2518//1 2449//1
f 2168//1 2449//1 2172//1
f 2172//1 2449//1 2451//1
f 2172//1 2451//1 2171//1
f 2171//1 2451//1 2452//1
f 2171//1 2452//1 2169//1
f 2169//1 2452//1 2448//1
f 2169//1 2448//1 2379//1
f 2379//1 2448//1 2396//1
f 2396//1 2448//1 2447//1
f 2396//1 2447//1 2411//1
f 2411//1 2447//1 2446//1
f 2411//1 2446//1 2445//1
f 2674//1 2673//1 2696//1
f 2696//1 2673//1 2670//1
f 2670//1 2673//1 2672//1
f 2670//1 2672//1 2671//1
f 2671//1 2669//1 2670//1
f 2670//1 2669//1 2668//1
f 2589//1 2658//1 2606//1
f 2606//1 2658//1 2657//1
f 2606//1 2657//1 2621//1
f 2621//1 2657//1 2656//1
f 2621//1 2656//1 2655//1
f 2621//1 2655//1 2622//1
f 2622//1 2655//1 2654//1
f 2622//1 2654//1 2623//1
f 2623//1 2654//1 2653//1
f 2623//1 2653//1 2624//1
f 2624//1 2653//1 2652//1
f 2624//1 2652//1 2625//1
f 2625//1 2652//1 2651//1
f 2625//1 2651//1 2626//1
f 2626//1 2651//1 2627//1
f 2626//1 2627//1 2600//1
f 2600//1 2627//1 2629//1
f 2600//1 2629//1 2598//1
f 2598//1 2629//1 2631//1
f 2598//1 2631//1 2599//1
f 2599//1 2631//1 2630//1
f 2599//1 2630//1 2601//1
f 2601//1 2630//1 2632//1
f 2601//1 2632//1 2602//1
f 2602//1 2632//1 2633//1
f 2602//1 2633//1 2603//1
f 2603//1 2633//1 2634//1
f 2603//1 2634//1 2604//1
f 2604//1 2634//1 2635//1
f 2604//1 2635//1 2605//1
f 2605//1 2635//1 2594//1
f 2605//1 2594//1 2593//1
f 2596//1 2595//1 2635//1
f 2635//1 2595//1 2594//1
f 2519//1 2588//1 2536//1
f 2536//1 2588//1 2587//1
f 2536//1 2587//1 2586//1
f 2536//1 2586//1 2551//1
f 2551//1 2586//1 2585//1
f 2551//1 2585//1 2552//1
f 2552//1 2585//1 2584//1
f 2552//1 2584//1 2553//1
f 2553//1 2584//1 2583//1
f 2553//1 2583//1 2554//1
f 2554//1 2583//1 2582//1
f 2554//1 2582//1 2555//1
f 2555//1 2582//1 2581//1
f 2555//1 2581//1 2556//1
f 2556//1 2581//1 2557//1
f 2556//1 2557//1 2530//1
f 2530//1 2557//1 2559//1
f 2530//1 2559//1 2528//1
f 2528//1 2559//1 2561//1
f 2528//1 2561//1 2529//1
f 2529//1 2561//1 2560//1
f 2529//1 2560//1 2531//1
f 2531//1 2560//1 2562//1
f 2531//1 2562//1 2532//1
f 2532//1 2562//1 2563//1
f 2532//1 2563//1 2533//1
f 2533//1 2563//1 2564//1
f 2533//1 2564//1 2534//1
f 2534//1 2564//1 2565//1
f 2534//1 2565//1 2535//1
f 2535//1 2565//1 2524//1
f 2535//1 2524//1 2523//1
f 2526//1 2525//1 2565//1
f 2565//1 2525//1 2524//1
f 2449//1 2518//1 2466//1
f 2466//1 2518//1 2517//1
f 2466//1 2517//1 2516//1
f 2466//1 2516//1 2481//1
f 2481//1 2516//1 2515//1
f 2481//1 2515//1 2482//1
f 2482//1 2515//1 2514//1
f 2482//1 2514//1 2483//1
f 2483//1 2514//1 2513//1
f 2483//1 2513//1 2484//1
f 2484//1 2513//1 2512//1
f 2484//1 2512//1 2485//1
f 2485//1 2512//1 2511//1
f 2485//1 2511//1 2486//1
f 2486//1 2511//1 2487//1
f 2486//1 2487//1 2460//1
f 2460//1 2487//1 2489//1
f 2460//1 2489//1 2458//1
f 2458//1 2489//1 2491//1
f 2458//1 2491//1 2459//1
f 2459//1 2491//1 2490//1
f 2459//1 2490//1 2461//1
f 2461//1 2490//1 2492//1
f 2461//1 2492//1 2462//1
f 2462//1 2492//1 2493//1
f 2462//1 2493//1 2463//1
f 2463//1 2493//1 2494//1
f 2463//1 2494//1 2464//1
f 2464//1 2494//1 2495//1
f 2464//1 2495//1 2465//1
f 2465//1 2495//1 2454//1
f 2465//1 2454//1 2453//1
f 2456//1 2455//1 2495//1
f 2495//1 2455//1 2454//1
f 2411//1 2445//1 2412//1
f 2412//1 2445//1 2444//1
f 2412//1 2444//1 2413//1
f 2413//1 2444//1 2443//1
f 2413//1 2443//1 2414//1
f 2414//1 2443//1 2442//1
f 2414//1 2442//1 2415//1
f 2415//1 2442//1 2441//1
f 2415//1 2441//1 2416//1
f 2416//1 2441//1 2417//1
f 2416//1 2417//1 2390//1
f 2390//1 2417//1 2419//1
f 2390//1 2419//1 2388//1
f 2388//1 2419//1 2421//1
f 2388//1 2421//1 2389//1
f 2389//1 2421//1 2420//1
f 2389//1 2420//1 2391//1
f 2391//1 2420//1 2422//1
f 2391//1 2422//1 2392//1
f 2392//1 2422//1 2423//1
f 2392//1 2423//1 2393//1
f 2393//1 2423//1 2424//1
f 2393//1 2424//1 2394//1
f 2394//1 2424//1 2425//1
f 2394//1 2425//1 2395//1
f 2395//1 2425//1 2384//1
f 2395//1 2384//1 2383//1
f 2386//1 2385//1 2425//1
f 2425//1 2385//1 2384//1
f 2381//1 2242//1 2379//1
f 2379//1 2242//1 2238//1
f 2379//1 2238//1 2169//1
f 2169//1 2238//1 2186//1
f 2186//1 2238//1 2237//1
f 2186//1 2237//1 2201//1
f 2201//1 2237//1 2236//1
f 2201//1 2236//1 2202//1
f 2202//1 2236//1 2235//1
f 2202//1 2235//1 2203//1
f 2203//1 2235//1 2234//1
f 2203//1 2234//1 2204//1
f 2204//1 2234//1 2233//1
f 2204//1 2233//1 2205//1
f 2205//1 2233//1 2232//1
f 2205//1 2232//1 2206//1
f 2206//1 2232//1 2231//1
f 2206//1 2231//1 2180//1
f 2180//1 2231//1 2207//1
f 2180//1 2207//1 2178//1
f 2178//1 2207//1 2209//1
f 2178//1 2209//1 2211//1
f 2242//1 2381//1 2241//1
f 2241//1 2381//1 2382//1
f 2241//1 2382//1 2239//1
f 2239//1 2382//1 2378//1
f 2239//1 2378//1 2308//1
f 2308//1 2378//1 2312//1
f 2312//1 2378//1 2311//1
f 2311//1 2378//1 2309//1
f 2309//1 2378//1 2326//1
f 2326//1 2378//1 2377//1
f 2326//1 2377//1 2341//1
f 2341//1 2377//1 2376//1
f 2341//1 2376//1 2342//1
f 2342//1 2376//1 2375//1
f 2342//1 2375//1 2343//1
f 2343//1 2375//1 2374//1
f 2343//1 2374//1 2373//1
f 2372//1 2345//1 2373//1
f 2373//1 2345//1 2344//1
f 2373//1 2344//1 2343//1
f 2372//1 2371//1 2345//1
f 2345//1 2371//1 2346//1
f 2346//1 2371//1 2347//1
f 2346//1 2347//1 2320//1
f 2320//1 2347//1 2349//1
f 2320//1 2349//1 2318//1
f 2318//1 2349//1 2351//1
f 2318//1 2351//1 2319//1
f 2319//1 2351//1 2350//1
f 2319//1 2350//1 2321//1
f 2321//1 2350//1 2352//1
f 2321//1 2352//1 2322//1
f 2322//1 2352//1 2353//1
f 2322//1 2353//1 2323//1
f 2323//1 2353//1 2354//1
f 2323//1 2354//1 2324//1
f 2324//1 2354//1 2355//1
f 2324//1 2355//1 2325//1
f 2325//1 2355//1 2314//1
f 2325//1 2314//1 2313//1
f 2316//1 2315//1 2355//1
f 2355//1 2315//1 2314//1
f 2239//1 2308//1 2256//1
f 2256//1 2308//1 2307//1
f 2256//1 2307//1 2271//1
f 2271//1 2307//1 2306//1
f 2271//1 2306//1 2272//1
f 2272//1 2306//1 2305//1
f 2272//1 2305//1 2273//1
f 2273//1 2305//1 2304//1
f 2273//1 2304//1 2303//1
f 2302//1 2275//1 2303//1
f 2303//1 2275//1 2274//1
f 2303//1 2274//1 2273//1
f 2275//1 2302//1 2276//1
f 2276//1 2302//1 2301//1
f 2276//1 2301//1 2250//1
f 2250//1 2301//1 2277//1
f 2250//1 2277//1 2248//1
f 2248//1 2277//1 2279//1
f 2248//1 2279//1 2281//1
f 2248//1 2281//1 2249//1
f 2249//1 2281//1 2280//1
f 2249//1 2280//1 2251//1
f 2251//1 2280//1 2282//1
f 2251//1 2282//1 2252//1
f 2252//1 2282//1 2283//1
f 2252//1 2283//1 2253//1
f 2253//1 2283//1 2284//1
f 2253//1 2284//1 2254//1
f 2254//1 2284//1 2285//1
f 2254//1 2285//1 2255//1
f 2255//1 2285//1 2244//1
f 2255//1 2244//1 2243//1
f 2246//1 2245//1 2285//1
f 2285//1 2245//1 2244//1
f 2178//1 2211//1 2179//1
f 2179//1 2211//1 2210//1
f 2179//1 2210//1 2181//1
f 2181//1 2210//1 2212//1
f 2181//1 2212//1 2182//1
f 2182//1 2212//1 2213//1
f 2182//1 2213//1 2183//1
f 2183//1 2213//1 2214//1
f 2183//1 2214//1 2184//1
f 2184//1 2214//1 2215//1
f 2184//1 2215//1 2185//1
f 2185//1 2215//1 2174//1
f 2185//1 2174//1 2173//1
f 2176//1 2175//1 2215//1
f 2215//1 2175//1 2174//1
f 2099//1 2168//1 2116//1
f 2116//1 2168//1 2167//1
f 2116//1 2167//1 2131//1
f 2131//1 2167//1 2166//1
f 2131//1 2166//1 2132//1
f 2132//1 2166//1 2165//1
f 2132//1 2165//1 2133//1
f 2133//1 2165//1 2164//1
f 2133//1 2164//1 2134//1
f 2134//1 2164//1 2163//1
f 2134//1 2163//1 2135//1
f 2135//1 2163//1 2162//1
f 2135//1 2162//1 2136//1
f 2136//1 2162//1 2161//1
f 2136//1 2161//1 2110//1
f 2110//1 2161//1 2137//1
f 2110//1 2137//1 2108//1
f 2108//1 2137//1 2139//1
f 2108//1 2139//1 2141//1
f 2108//1 2141//1 2109//1
f 2109//1 2141//1 2140//1
f 2109//1 2140//1 2111//1
f 2111//1 2140//1 2142//1
f 2111//1 2142//1 2112//1
f 2112//1 2142//1 2143//1
f 2112//1 2143//1 2113//1
f 2113//1 2143//1 2144//1
f 2113//1 2144//1 2114//1
f 2114//1 2144//1 2145//1
f 2114//1 2145//1 2115//1
f 2115//1 2145//1 2104//1
f 2115//1 2104//1 2103//1
f 2106//1 2105//1 2145//1
f 2145//1 2105//1 2104//1
f 2029//1 2098//1 2046//1
f 2046//1 2098//1 2097//1
f 2046//1 2097//1 2061//1
f 2061//1 2097//1 2096//1
f 2061//1 2096//1 2062//1
f 2062//1 2096//1 2095//1
f 2062//1 2095//1 2063//1
f 2063//1 2095//1 2094//1
f 2063//1 2094//1 2064//1
f 2064//1 2094//1 2093//1
f 2064//1 2093//1 2065//1
f 2065//1 2093//1 2092//1
f 2065//1 2092//1 2066//1
f 2066//1 2092//1 2091//1
f 2066//1 2091//1 2040//1
f 2040//1 2091//1 2067//1
f 2040//1 2067//1 2038//1
f 2038//1 2067//1 2069//1
f 2038//1 2069//1 2071//1
f 2038//1 2071//1 2039//1
f 2039//1 2071//1 2070//1
f 2039//1 2070//1 2041//1
f 2041//1 2070//1 2072//1
f 2041//1 2072//1 2042//1
f 2042//1 2072//1 2073//1
f 2042//1 2073//1 2043//1
f 2043//1 2073//1 2074//1
f 2043//1 2074//1 2044//1
f 2044//1 2074//1 2075//1
f 2044//1 2075//1 2045//1
f 2045//1 2075//1 2034//1
f 2045//1 2034//1 2033//1
f 2036//1 2035//1 2075//1
f 2075//1 2035//1 2034//1
f 1959//1 2028//1 1976//1
f 1976//1 2028//1 2027//1
f 1976//1 2027//1 1991//1
f 1991//1 2027//1 2026//1
f 1991//1 2026//1 1992//1
f 1992//1 2026//1 2025//1
f 1992//1 2025//1 1993//1
f 1993//1 2025//1 2024//1
f 1993//1 2024//1 1994//1
f 1994//1 2024//1 2023//1
f 1994//1 2023//1 1995//1
f 1995//1 2023//1 2022//1
f 1995//1 2022//1 1996//1
f 1996//1 2022//1 1970//1
f 1970//1 2022//1 1968//1
f 1968//1 2022//1 1969//1
f 1969//1 2022//1 1971//1
f 1971//1 2022//1 1972//1
f 1972//1 2022//1 1973//1
f 1973//1 2022//1 2021//1
f 1973//1 2021//1 1997//1
f 1997//1 1999//1 1973//1
f 1973//1 1999//1 2001//1
f 1973//1 2001//1 2000//1
f 2000//1 2002//1 1973//1
f 1973//1 2002//1 2003//1
f 1973//1 2003//1 2004//1
f 1973//1 2004//1 1974//1
f 1974//1 2004//1 2005//1
f 1974//1 2005//1 1964//1
f 1964//1 2005//1 1965//1
f 1965//1 2005//1 1966//1
f 1963//1 1975//1 1964//1
f 1964//1 1975//1 1974//1
f 1951//1 1926//1 1952//1
f 1952//1 1926//1 1925//1
f 1952//1 1925//1 1924//1
f 1926//1 1951//1 1900//1
f 1900//1 1951//1 1927//1
f 1900//1 1927//1 1898//1
f 1898//1 1927//1 1929//1
f 1898//1 1929//1 1931//1
f 1898//1 1931//1 1899//1
f 1899//1 1931//1 1930//1
f 1899//1 1930//1 1901//1
f 1901//1 1930//1 1932//1
f 1901//1 1932//1 1902//1
f 1902//1 1932//1 1933//1
f 1902//1 1933//1 1903//1
f 1903//1 1933//1 1934//1
f 1903//1 1934//1 1904//1
f 1904//1 1934//1 1935//1
f 1904//1 1935//1 1905//1
f 1905//1 1935//1 1894//1
f 1905//1 1894//1 1893//1
f 1896//1 1895//1 1935//1
f 1935//1 1895//1 1894//1
f 1924//1 1923//1 1952//1
f 1952//1 1923//1 1922//1
f 1952//1 1922//1 1921//1
f 1921//1 1906//1 1952//1
f 1891//1 1892//1 3596//1
f 3596//1 1892//1 1888//1
f 1882//1 1864//1 1883//1
f 1883//1 1864//1 1863//1
f 1883//1 1863//1 1862//1
f 1882//1 1881//1 1864//1
f 1864//1 1881//1 1865//1
f 1865//1 1881//1 1825//1
f 1865//1 1825//1 1837//1
f 1837//1 1825//1 1827//1
f 1837//1 1827//1 1835//1
f 1835//1 1827//1 1829//1
f 1835//1 1829//1 1836//1
f 1836//1 1829//1 1828//1
f 1836//1 1828//1 1838//1
f 1838//1 1828//1 1830//1
f 1838//1 1830//1 1839//1
f 1839//1 1830//1 1831//1
f 1839//1 1831//1 1840//1
f 1840//1 1831//1 1832//1
f 1840//1 1832//1 1841//1
f 1841//1 1832//1 1833//1
f 1841//1 1833//1 1842//1
f 1842//1 1833//1 1822//1
f 1842//1 1822//1 1821//1
f 1824//1 1823//1 1833//1
f 1833//1 1823//1 1822//1
f 1858//1 1859//1 3595//1
f 2804//1 2806//1 3593//1
f 3593//1 2806//1 3612//1
f 3593//1 3612//1 3594//1
f 3594//1 3612//1 3613//1
f 3613//1 3612//1 3614//1
f 3613//1 3614//1 3615//1
f 3615//1 3614//1 3616//1
f 3615//1 3616//1 3617//1
f 3617//1 3616//1 3618//1
f 3617//1 3618//1 3619//1
f 3617//1 3619//1 3620//1
f 3620//1 3619//1 3621//1
f 3620//1 3621//1 3622//1
f 3622//1 3621//1 3623//1
f 3622//1 3623//1 3624//1
f 3624//1 3623//1 3625//1
f 3624//1 3625//1 3626//1
f 3626//1 3625//1 3627//1
f 3626//1 3627//1 3628//1
f 3628//1 3627//1 3629//1
f 3628//1 3629//1 3630//1
f 3630//1 3629//1 3631//1
f 3630//1 3631//1 3632//1
f 3632//1 3631//1 3633//1
f 3632//1 3633//1 3634//1
f 3634//1 3633//1 3635//1
f 3634//1 3635//1 3636//1
f 3636//1 3635//1 3637//1
f 3636//1 3637//1 3638//1
f 3638//1 3637//1 3639//1
f 3638//1 3639//1 3640//1
f 3640//1 3639//1 3641//1
f 3640//1 3641//1 3642//1
f 3643//1 3644//1 3639//1
f 3639//1 3644//1 3641//1
f 1210//1 3642//1 1211//1
f 1211//1 3642//1 3641//1
f 1211//1 3641//1 1208//1
f 1208//1 3641//1 3644//1
f 1208//1 3644//1 1209//1
f 1209//1 3644//1 3643//1
f 1189//1 3645//1 1187//1
f 1187//1 3645//1 3628//1
f 1187//1 3628//1 3630//1
f 3645//1 3626//1 3628//1
f 3632//1 1198//1 3630//1
f 3630//1 1198//1 1196//1
f 3630//1 1196//1 1187//1
f 1198//1 3632//1 1200//1
f 1200//1 3632//1 3634//1
f 1200//1 3634//1 1202//1
f 1202//1 3634//1 3636//1
f 1202//1 3636//1 1204//1
f 1204//1 3636//1 3638//1
f 1204//1 3638//1 1206//1
f 1206//1 3638//1 3640//1
f 1206//1 3640//1 1210//1
f 1210//1 3640//1 3642//1
f 3573//1 3594//1 3574//1
f 3574//1 3594//1 3646//1
f 3574//1 3646//1 3647//1
f 3647//1 3646//1 3648//1
f 3647//1 3648//1 3649//1
f 3649//1 3648//1 3650//1
f 3649//1 3650//1 3651//1
f 3651//1 3650//1 3652//1
f 3651//1 3652//1 3653//1
f 3653//1 3652//1 3654//1
f 3653//1 3654//1 3655//1
f 3655//1 3654//1 3656//1
f 3655//1 3656//1 3657//1
f 3657//1 3656//1 3658//1
f 3657//1 3658//1 3659//1
f 3659//1 3658//1 3645//1
f 3659//1 3645//1 1191//1
f 1191//1 3645//1 1189//1
f 3594//1 3613//1 3646//1
f 3646//1 3613//1 3648//1
f 3613//1 3615//1 3648//1
f 3648//1 3615//1 3650//1
f 3615//1 3617//1 3650//1
f 3650//1 3617//1 3652//1
f 3617//1 3620//1 3652//1
f 3652//1 3620//1 3654//1
f 3620//1 3622//1 3654//1
f 3654//1 3622//1 3656//1
f 3656//1 3622//1 3658//1
f 3658//1 3622//1 3624//1
f 3658//1 3624//1 3626//1
f 3626//1 3645//1 3658//1
f 1191//1 1193//1 3659//1
f 3659//1 1193//1 3657//1
f 3657//1 1193//1 3655//1
f 3655//1 1193//1 1080//1
f 3655//1 1080//1 3653//1
f 3653//1 1080//1 1079//1
f 3653//1 1079//1 3651//1
f 3651//1 1079//1 1078//1
f 3651//1 1078//1 3649//1
f 3649//1 1078//1 1820//1
f 3649//1 1820//1 3647//1
f 3647//1 1820//1 1819//1
f 3647//1 1819//1 3574//1
f 3574//1 1819//1 1083//1
f 3625//1 3660//1 3627//1
f 3627//1 3660//1 1195//1
f 3627//1 1195//1 1197//1
f 3660//1 1188//1 1195//1
f 1199//1 3631//1 1197//1
f 1197//1 3631//1 3629//1
f 1197//1 3629//1 3627//1
f 3631//1 1199//1 3633//1
f 3633//1 1199//1 1201//1
f 3633//1 1201//1 3635//1
f 3635//1 1201//1 1203//1
f 3635//1 1203//1 3637//1
f 3637//1 1203//1 1205//1
f 3637//1 1205//1 3639//1
f 3639//1 1205//1 1207//1
f 3639//1 1207//1 3643//1
f 3643//1 1207//1 1209//1
f 1073//1 1072//1 2803//1
f 2803//1 1072//1 3661//1
f 2803//1 3661//1 3662//1
f 3662//1 3661//1 3663//1
f 3662//1 3663//1 3664//1
f 3664//1 3663//1 3665//1
f 3664//1 3665//1 3666//1
f 3666//1 3665//1 3667//1
f 3666//1 3667//1 3668//1
f 3668//1 3667//1 3669//1
f 3668//1 3669//1 3670//1
f 3670//1 3669//1 3671//1
f 3670//1 3671//1 3672//1
f 3672//1 3671//1 3673//1
f 3672//1 3673//1 3674//1
f 3674//1 3673//1 3660//1
f 3674//1 3660//1 3623//1
f 3623//1 3660//1 3625//1
f 1072//1 1077//1 3661//1
f 3661//1 1077//1 3663//1
f 1077//1 1076//1 3663//1
f 3663//1 1076//1 3665//1
f 1076//1 1075//1 3665//1
f 3665//1 1075//1 3667//1
f 1075//1 1194//1 3667//1
f 3667//1 1194//1 3669//1
f 1194//1 1192//1 3669//1
f 3669//1 1192//1 3671//1
f 3671//1 1192//1 3673//1
f 3673//1 1192//1 1190//1
f 3673//1 1190//1 1188//1
f 1188//1 3660//1 3673//1
f 3623//1 3621//1 3674//1
f 3674//1 3621//1 3672//1
f 3672//1 3621//1 3670//1
f 3670//1 3621//1 3619//1
f 3670//1 3619//1 3668//1
f 3668//1 3619//1 3618//1
f 3668//1 3618//1 3666//1
f 3666//1 3618//1 3616//1
f 3666//1 3616//1 3664//1
f 3664//1 3616//1 3614//1
f 3664//1 3614//1 3662//1
f 3662//1 3614//1 3612//1
f 3662//1 3612//1 2803//1
f 2803//1 3612//1 2806//1
f 339//1 414//1 334//1
f 334//1 414//1 335//1
f 733//1 734//1 3675//1
f 3675//1 734//1 735//1
f 3675//1 735//1 3676//1
f 3676//1 735//1 736//1
f 3676//1 736//1 3677//1
f 3677//1 736//1 737//1
f 3677//1 737//1 738//1
f 3677//1 738//1 3678//1
f 3678//1 738//1 739//1
f 3678//1 739//1 740//1
f 3678//1 740//1 3679//1
f 3679//1 740//1 741//1
f 3679//1 741//1 742//1
f 3679//1 742//1 3680//1
f 3680//1 742//1 743//1
f 3680//1 743//1 744//1
f 3680//1 744//1 3681//1
f 3681//1 744//1 745//1
f 3681//1 745//1 746//1
f 3681//1 746//1 3682//1
f 3682//1 746//1 747//1
f 3682//1 747//1 748//1
f 3682//1 748//1 3683//1
f 3683//1 748//1 749//1
f 3683//1 749//1 750//1
f 3683//1 750//1 3684//1
f 3684//1 750//1 751//1
f 3684//1 751//1 3685//1
f 3685//1 751//1 752//1
f 3685//1 752//1 753//1
f 3685//1 753//1 3686//1
f 3686//1 753//1 754//1
f 3686//1 754//1 755//1
f 3686//1 755//1 3687//1
f 3687//1 755//1 756//1
f 3687//1 756//1 757//1
f 3687//1 757//1 3688//1
f 3688//1 757//1 758//1
f 3688//1 758//1 759//1
f 3688//1 759//1 3689//1
f 3689//1 759//1 760//1
f 3689//1 760//1 761//1
f 3689//1 761//1 3690//1
f 3690//1 761//1 762//1
f 3690//1 762//1 763//1
f 3690//1 763//1 3691//1
f 3691//1 763//1 764//1
f 3691//1 764//1 765//1
f 3691//1 765//1 3692//1
f 3692//1 765//1 702//1
f 3692//1 702//1 703//1
f 3692//1 703//1 3693//1
f 3693//1 703//1 704//1
f 3693//1 704//1 3694//1
f 3694//1 704//1 705//1
f 3694//1 705//1 706//1
f 3694//1 706//1 3695//1
f 3695//1 706//1 707//1
f 3695//1 707//1 708//1
f 3695//1 708//1 3696//1
f 3696//1 708//1 709//1
f 3696//1 709//1 710//1
f 3696//1 710//1 3697//1
f 3697//1 710//1 711//1
f 3697//1 711//1 712//1
f 3697//1 712//1 3698//1
f 3698//1 712//1 713//1
f 3698//1 713//1 714//1
f 3698//1 714//1 3699//1
f 3699//1 714//1 715//1
f 3699//1 715//1 716//1
f 3699//1 716//1 3700//1
f 3700//1 716//1 717//1
f 3700//1 717//1 718//1
f 3700//1 718//1 3701//1
f 3701//1 718//1 719//1
f 3701//1 719//1 3702//1
f 3702//1 719//1 720//1
f 3702//1 720//1 721//1
f 3702//1 721//1 3703//1
f 3703//1 721//1 722//1
f 3703//1 722//1 723//1
f 3703//1 723//1 3704//1
f 3704//1 723//1 724//1
f 3704//1 724//1 725//1
f 3704//1 725//1 3705//1
f 3705//1 725//1 726//1
f 3705//1 726//1 727//1
f 3705//1 727//1 3706//1
f 3706//1 727//1 728//1
f 3706//1 728//1 729//1
f 3706//1 729//1 3707//1
f 3707//1 729//1 730//1
f 3707//1 730//1 731//1
f 3707//1 731//1 3708//1
f 3708//1 731//1 732//1
f 3708//1 732//1 733//1
f 3708//1 733//1 3675//1
f 3611//1 3705//1 3578//1
f 3578//1 3705//1 3706//1
f 3578//1 3706//1 3577//1
f 3577//1 3706//1 3707//1
f 3577//1 3707//1 3579//1
f 3579//1 3707//1 3708//1
f 3579//1 3708//1 3580//1
f 3580//1 3708//1 3675//1
f 3580//1 3675//1 3581//1
f 3581//1 3675//1 3676//1
f 3581//1 3676//1 3582//1
f 3582//1 3676//1 3677//1
f 3582//1 3677//1 3583//1
f 3583//1 3677//1 3678//1
f 3583//1 3678//1 3584//1
f 3584//1 3678//1 3679//1
f 3584//1 3679//1 3585//1
f 3585//1 3679//1 3680//1
f 3585//1 3680//1 3586//1
f 3586//1 3680//1 3681//1
f 3586//1 3681//1 3587//1
f 3587//1 3681//1 3682//1
f 3587//1 3682//1 3588//1
f 3588//1 3682//1 3683//1
f 3588//1 3683//1 3589//1
f 3589//1 3683//1 3684//1
f 3589//1 3684//1 3590//1
f 3590//1 3684//1 3685//1
f 3590//1 3685//1 3591//1
f 3591//1 3685//1 3686//1
f 3591//1 3686//1 3592//1
f 3592//1 3686//1 3687//1
f 3592//1 3687//1 3593//1
f 3593//1 3687//1 3688//1
f 3593//1 3688//1 3595//1
f 3595//1 3688//1 3689//1
f 3595//1 3689//1 3596//1
f 3596//1 3689//1 3690//1
f 3596//1 3690//1 3597//1
f 3597//1 3690//1 3691//1
f 3597//1 3691//1 3598//1
f 3598//1 3691//1 3692//1
f 3598//1 3692//1 3599//1
f 3599//1 3692//1 3693//1
f 3599//1 3693//1 3600//1
f 3600//1 3693//1 3694//1
f 3600//1 3694//1 3601//1
f 3601//1 3694//1 3695//1
f 3601//1 3695//1 3602//1
f 3602//1 3695//1 3696//1
f 3602//1 3696//1 3603//1
f 3603//1 3696//1 3697//1
f 3603//1 3697//1 3604//1
f 3604//1 3697//1 3698//1
f 3604//1 3698//1 3605//1
f 3605//1 3698//1 3699//1
f 3605//1 3699//1 3606//1
f 3606//1 3699//1 3700//1
f 3606//1 3700//1 3607//1
f 3607//1 3700//1 3701//1
f 3607//1 3701//1 3608//1
f 3608//1 3701//1 3702//1
f 3608//1 3702//1 3609//1
f 3609//1 3702//1 3703//1
f 3609//1 3703//1 3610//1
f 3610//1 3703//1 3704//1
f 3610//1 3704//1 3611//1
f 3611//1 3704//1 3705//1
# Vertices: 3708, normals: 1, texture coordinates: 0, faces: 7432

