# File generated by FabConvert.com - Free Image and 3D model conversion tools

o obj1
v 15.04096699 -46.55212784 4.8E-07
v 5.04096651 -46.55212784 4.8E-07
v 15.04096699 -46.55212784 6
v 5.04096651 -46.55212784 6
v 15.04096699 -35.55212784 4.8E-07
v 15.04096699 -35.55212784 6
v 5.04096651 -35.55212784 4.8E-07
v 5.04096651 -35.55212784 6
v -5.04096651 -46.55212784 6
v -5.04096651 -35.55212784 6
v -5.04096651 -46.55212784 4.8E-07
v -5.04096651 -35.55212784 4.8E-07
v -15.04096699 -46.55212784 6
v -15.04096699 -46.55212784 4.8E-07
v -15.04096699 -35.55212784 6
v -15.04096699 -35.55212784 4.8E-07
v -36.52425766 30.99965668 6
v -36.63358307 30.99965668 4.00099564
v -36 30.99965668 6
v -36.63358307 30.99965668 1.99900424
v -36 30.99965668 0
v -36.52425766 30.99965668 0
v 15.5 -31 6
v -2.57849193 -26.89009666 6
v -2.57849193 -34.59009552 6
v 19.45022011 -47.91585159 6
v 22.2568779 -46.67838287 6
v 24.98522949 -45.27668762 6
v 10.66032887 -50.60234451 6
v 13.64172745 -49.88129044 6
v 16.57513237 -48.98474121 6
v 1.53367686 -51.69030762 6
v -1.53367686 -51.69030762 6
v -4.59563494 -51.50844574 6
v -7.64142418 -51.14536667 6
v -10.66032887 -50.60234451 6
v -13.64172745 -49.88129044 6
v -16.57513237 -48.98474121 6
v -19.45022011 -47.91585159 6
v -22.2568779 -46.67838287 6
v -24.98522949 -45.27668762 6
v -27.77818489 -34.59009933 6
v -27.62567711 -43.71569443 6
v -30.16893196 -42.00090027 6
v -32.60604095 -40.13833618 6
v -34.92843628 -38.13455582 6
v -36 -31 6
v -37.12794495 -35.99660492 6
v -36.52396393 -31 6
v -39.19682693 -33.7320137 6
v -41.12780762 -31.34874153 6
v -38.35152054 -28.70820045 6
v -42.91408539 -28.85517693 6
v -40.03549576 -26.308918 6
v -44.54938507 -26.26009178 6
v -41.56957626 -23.81113815 6
v -46.02794266 -23.57261848 6
v -42.94802475 -21.22421074 6
v -47.34456635 -20.80220985 6
v -44.16567993 -18.55782127 6
v -48.49462128 -17.95861435 6
v -45.21798325 -15.82195187 6
v -49.47405624 -15.05183506 6
v -46.1009903 -13.02684689 6
v -50.27943039 -12.09210014 6
v -46.81139755 -10.18297005 6
v -50.90790939 -9.08982182 6
v -47.34654999 -7.3009696 6
v -51.35728073 -6.05556345 6
v -47.70444107 -4.39163446 6
v -49.20000076 -3 6
v -47.88372803 -1.46585739 6
v -47.88373947 1.46540773 6
v 18 26 6
v 26 30.99965668 6
v 18 44.3959465 6
v 24.98522949 45.27668762 6
v 22.2568779 46.67838287 6
v -18 26 6
v -2.57849216 21.58990288 6
v -2.57849216 13.88990307 6
v 15.5 -4 6
v -18 44.3959465 6
v -27.62567711 43.71569443 6
v -30.16893196 42.00090027 6
v -32.60604095 40.13833618 6
v -15.33904457 45.38406754 6
v -16.57513237 48.98474121 6
v -19.45022011 47.91585159 6
v -22.2568779 46.67838287 6
v -13.64172745 49.88129044 6
v -12.62423801 46.21286392 6
v -10.66032887 50.60234451 6
v -9.86511135 46.8794136 6
v -7.64142418 51.14536667 6
v -7.07135057 47.38138962 6
v -4.59563494 51.50844574 6
v -4.25276518 47.71701813 6
v -1.53367686 51.69030762 6
v -1.41924918 47.88513184 6
v 1.41924918 47.88513184 6
v 1.53367686 51.69030762 6
v 4.25276518 47.71701813 6
v 4.59563494 51.50844574 6
v 7.07135057 47.38138962 6
v 7.64142418 51.14536667 6
v 9.86511135 46.8794136 6
v 10.66032887 50.60234451 6
v 12.62423801 46.21286392 6
v 13.64172745 49.88129044 6
v 15.33904457 45.38406754 6
v 16.57513237 48.98474121 6
v 19.45022011 47.91585159 6
v -37.12794495 35.99660492 6
v -39.19682693 33.7320137 6
v -41.12780762 31.34874153 6
v -32.24033737 -10.05618477 6
v -32.18922424 -9.66795635 6
v -32.03937531 -9.30618477 6
v -49.20000076 3 6
v -47.70447922 4.39118671 6
v -51.35728073 6.05556345 6
v -47.34661865 7.30052519 6
v -50.90790939 9.08982182 6
v -46.81149673 10.1825304 6
v -50.27943039 12.09210014 6
v -46.10111237 13.02641392 6
v -49.47405624 15.05183506 6
v -45.2181282 15.82152748 6
v -48.49462128 17.95861435 6
v -44.16585541 18.55740547 6
v -47.34456635 20.80220985 6
v -42.94822311 21.22380638 6
v -46.02794266 23.57261848 6
v -41.56980133 23.81074715 6
v -44.54938507 26.26009178 6
v -40.0357399 26.30854225 6
v -42.91408539 28.85517693 6
v -38.35179138 28.70783997 6
v -27.77818489 21.58990288 6
v -27.77818489 13.88990307 6
v -31.80099487 -8.99552441 6
v -29.44129753 -9.30618477 6
v -29.29144669 -9.66795635 6
v -29.24033546 -10.05618477 6
v -29.29144669 -10.44441319 6
v 51.6259613 3 6
v 51.35728073 6.05556345 6
v 49.20000076 3 6
v 47.70447922 4.39118671 6
v 47.88373947 1.46540773 6
v 47.34661865 7.30052519 6
v 50.90790939 9.08982182 6
v 46.81149673 10.1825304 6
v 50.27943039 12.09210014 6
v 46.10111237 13.02641392 6
v 49.47405624 15.05183506 6
v 45.2181282 15.82152748 6
v 48.49462128 17.95861435 6
v 44.16585541 18.55740547 6
v 47.34456635 20.80220985 6
v 42.94822311 21.22380638 6
v 46.02794266 23.57261848 6
v 41.56980133 23.81074715 6
v 44.54938507 26.26009178 6
v 40.0357399 26.30854225 6
v 42.91408539 28.85517693 6
v 38.35179138 28.70783997 6
v 41.12780762 31.34874153 6
v 36.52425766 30.99965668 6
v 39.19682693 33.7320137 6
v 37.12794495 35.99660492 6
v 34.92843628 38.13455582 6
v 32.60604095 40.13833618 6
v 30.16893196 42.00090027 6
v 27.62567711 43.71569443 6
v -24.98522949 45.27668762 6
v -34.92843628 38.13455582 6
v -51.6259613 3 6
v -51.6259613 -3 6
v 4.59563494 -51.50844574 6
v 7.64142418 -51.14536667 6
v 27.62567711 -43.71569443 6
v 30.16893196 -42.00090027 6
v 32.60604095 -40.13833618 6
v 36.52396393 -31 6
v 34.92843628 -38.13455582 6
v 37.12794495 -35.99660492 6
v 39.19682693 -33.7320137 6
v 41.12780762 -31.34874153 6
v 38.35152054 -28.70820045 6
v 42.91408539 -28.85517693 6
v 40.03549576 -26.308918 6
v 44.54938507 -26.26009178 6
v 41.56957626 -23.81113815 6
v 46.02794266 -23.57261848 6
v 42.94802475 -21.22421074 6
v 47.34456635 -20.80220985 6
v 44.16567993 -18.55782127 6
v 48.49462128 -17.95861435 6
v 45.21798325 -15.82195187 6
v 49.47405624 -15.05183506 6
v 46.1009903 -13.02684689 6
v 50.27943039 -12.09210014 6
v 46.81139755 -10.18297005 6
v 50.90790939 -9.08982182 6
v 47.34654999 -7.3009696 6
v 51.35728073 -6.05556345 6
v 47.70444107 -4.39163446 6
v 49.20000076 -3 6
v 47.88372803 -1.46585739 6
v 51.6259613 -3 6
v -27.77818489 -26.89009666 6
v -31.12856483 -24.50507355 6
v -31.49033546 -24.3552227 6
v -29.29144669 -22.66795731 6
v -29.24033546 -23.05618477 6
v -29.29144669 -23.44441414 6
v -31.12856483 -8.60729599 6
v -30.74033546 -8.55618477 6
v -30.35210609 -8.60729599 6
v -29.99033546 -8.75714684 6
v -29.67967606 -8.99552441 6
v -29.44129753 -10.80618477 6
v -29.44129753 -22.30618477 6
v -29.67967606 -11.11684513 6
v -29.67967606 -21.99552536 6
v -29.99033546 -11.3552227 6
v -29.99033546 -21.75714684 6
v -30.35210609 -11.50507355 6
v -30.352108 -21.60729599 6
v -30.74033546 -11.55618477 6
v -30.74033546 -21.55618477 6
v -31.12856483 -21.60729599 6
v -31.12856483 -11.50507355 6
v -31.49033546 -11.3552227 6
v -31.49033546 -21.75714684 6
v -31.80099487 -11.11684513 6
v -31.80099487 -21.99552536 6
v -32.03937531 -10.80618477 6
v -32.03937531 -22.30618477 6
v -32.18922424 -10.44441319 6
v -32.18922424 -22.66795731 6
v -32.24033737 -23.05618477 6
v -32.18922424 -23.44441414 6
v -32.03937531 -23.80618477 6
v -31.80099487 -24.11684608 6
v -31.49033546 -8.75714684 6
v -29.44129753 -23.80618477 6
v -29.67967606 -24.11684608 6
v -29.99033546 -24.3552227 6
v -30.352108 -24.50507355 6
v -30.74033546 -24.55618477 6
v 26 -4 6
v -36 1.44888878 3.38822865
v -36 1.5 3
v -36 1.44888878 2.61177135
v -36 1.29903805 2.25
v -36 1.06066012 1.93933988
v -36 0.75 1.70096195
v -36 0.38822857 1.55111122
v -36 0 1.5
v -36 -31 0
v -36 -0.38822857 1.55111122
v -36 -0.75 1.70096195
v -36 -1.06066012 1.93933988
v -36 -1.29903805 2.25
v -36 -1.44888878 2.61177135
v -36 -1.5 3
v -36 -1.44888878 3.38822865
v -36 -1.29903805 3.75
v -36 -1.06066012 4.06066036
v -36 -0.75 4.29903793
v -36 -0.38822857 4.44888878
v -36 0 4.5
v -36 0.38822857 4.44888878
v -36 0.75 4.29903793
v -36 1.06066012 4.06066036
v -36 1.29903805 3.75
v 36.52425766 30.99965668 0
v 36.63358307 30.99965668 1.99900424
v 26 30.99965668 0
v 36.63358307 30.99965668 4.00099564
v 18 44.3959465 2.4E-07
v 18 26 4.8E-07
v 18.00000191 44.48593903 1.99932528
v 18.00000191 44.48593903 4.00067472
v 38.42691803 28.76407433 3
v 40.11416626 26.3600769 3
v 41.65122986 23.85738945 3
v 43.03235626 21.26538086 3
v 44.25236893 18.59375763 3
v 45.30670547 15.85251904 3
v 46.19141769 13.05193138 3
v 46.90319061 10.20247746 3
v 47.43936539 7.31482553 3
v 47.79792786 4.39978838 3
v 47.97655487 1.5 3
v 47.70447922 4.39118671 0
v 47.88373947 1.46540773 0
v 38.35179138 28.70783997 0
v 40.0357399 26.30854225 0
v 41.56980133 23.81074715 0
v 42.94822311 21.22380638 0
v 44.16585541 18.55740547 0
v 45.2181282 15.82152748 0
v 46.10111237 13.02641392 0
v 46.81149673 10.1825304 0
v 47.34661865 7.30052519 0
v 47.88372803 -1.46585739 0
v 47.97655487 -0 1.5
v 47.97655487 0.38822857 1.55111122
v 47.97655487 0.75 1.70096195
v 47.70444107 -4.39163446 0
v 47.97655487 -1.5 3
v 47.97655487 -1.44888878 2.61177135
v 47.97655487 -1.29903805 2.25
v 47.34654999 -7.3009696 0
v 47.43929672 -7.31527138 3
v 47.79788589 -4.40023708 3
v 46.90309525 -10.2029171 3
v 46.81139755 -10.18297005 0
v 46.19129562 -13.05236435 3
v 46.1009903 -13.02684689 0
v 45.3065567 -15.85294533 3
v 45.21798325 -15.82195187 0
v 44.25219345 -18.59417343 3
v 44.16567993 -18.55782127 0
v 43.03215408 -21.26578522 3
v 42.94802475 -21.22421074 0
v 41.65100479 -23.85778046 3
v 41.56957626 -23.81113815 0
v 40.1139183 -26.36045456 3
v 40.03549576 -26.308918 0
v 38.42664719 -28.76443481 3
v 38.35152054 -28.70820045 0
v 36.63328934 -31 1.99900424
v 36.52396393 -31 0
v 36.63328934 -31 4.00099564
v 47.97655487 -0 4.5
v 47.97655487 -0.38822857 4.44888878
v 47.97655487 -0.75 4.29903793
v 47.97655487 1.44888878 3.38822865
v 47.97655487 1.29903805 3.75
v 47.97655487 1.06066012 4.06066036
v 47.97655487 0.75 4.29903793
v 47.97655487 0.38822857 4.44888878
v 47.97655487 -1.06066012 4.06066036
v 47.97655487 -1.29903805 3.75
v 47.97655487 -1.44888878 3.38822865
v 47.97655487 -1.06066012 1.93933988
v 47.97655487 -0.75 1.70096195
v 47.97655487 -0.38822857 1.55111122
v 47.97655487 1.06066012 1.93933988
v 47.97655487 1.29903805 2.25
v 47.97655487 1.44888878 2.61177135
v -29 32.5 1
v -29 15.50000095 1
v -29 32.5 0
v -29 15.50000095 0
v -5.00009727 15.50000095 1
v -5.00009537 15.50000095 0
v -8.60729694 17.35191154 1
v -8.55618477 17.74014091 1
v -8.60729694 18.12837029 1
v -8.75714684 18.49014091 1
v -5.00009727 26.00000191 1
v -8.99552536 18.80080032 1
v -9.30618572 19.03917885 1
v -9.66795635 19.18902969 1
v -10.05618572 19.24014091 1
v -18 26 1
v -10.44441414 19.18902969 1
v -10.80618572 19.03917885 1
v -11.11684513 18.80080032 1
v -21.99552536 18.80080032 1
v -22.30618477 19.03917885 1
v -21.75714684 18.49014091 1
v -11.35522366 18.49014091 1
v -21.60729599 18.12837029 1
v -11.50507355 18.12837029 1
v -21.55618477 17.74014091 1
v -11.55618477 17.74014091 1
v -11.50507355 17.35191154 1
v -11.35522366 16.99014091 1
v -21.75714684 16.99014091 1
v -21.60729599 17.35191154 1
v -21.99552536 16.67948151 1
v -11.11684513 16.67948151 1
v -22.30618477 16.44110298 1
v -10.80618477 16.44110298 1
v -22.66795731 16.29125214 1
v -10.44441414 16.29125214 1
v -23.05618477 16.24014091 1
v -10.05618477 16.24014091 1
v -9.66795635 16.29125214 1
v -9.30618477 16.44110298 1
v -8.99552536 16.67948151 1
v -8.75714684 16.99014091 1
v -22.66795731 19.18902969 1
v -23.05618477 19.24014091 1
v -23.44441414 19.18902969 1
v -23.80618477 19.03917885 1
v -24.11684608 18.80080032 1
v -24.3552227 18.49014091 1
v -24.50507355 18.12837029 1
v -24.55618477 17.74014091 1
v -24.50507355 17.35191154 1
v -24.3552227 16.99014091 1
v -24.11684608 16.67948151 1
v -23.80618477 16.44110298 1
v -23.44441414 16.29125214 1
v -18 32.5 1
v -18 32.5 0
v -38.35179138 28.70783997 0
v -38.42691803 28.76407433 3
v -40.11416626 26.3600769 3
v -41.65122986 23.85738945 3
v -43.03235626 21.26538086 3
v -44.25236893 18.59375763 3
v -45.30670547 15.85251904 3
v -46.19141769 13.05193138 3
v -46.90319061 10.20247746 3
v -47.43936539 7.31482553 3
v -47.79792786 4.39978838 3
v -47.97655487 1.5 3
v -47.70447922 4.39118671 0
v -47.88373947 1.46540773 0
v -47.97655487 1.44888878 2.61177135
v -47.97655487 1.29903805 2.25
v -47.97655487 1.44888878 3.38822865
v -47.97655487 1.29903805 3.75
v -47.97655487 1.06066012 4.06066036
v -47.97655487 0.75 4.29903793
v -47.97655487 0.38822857 4.44888878
v -47.97655487 0 4.5
v -47.97655487 -0.38822857 4.44888878
v -47.97655487 -0.75 4.29903793
v -47.97655487 -1.06066012 4.06066036
v -47.97655487 -1.29903805 3.75
v -47.97655487 -1.44888878 3.38822865
v -47.97655487 -1.5 3
v -47.79788589 -4.40023708 3
v -47.43929672 -7.31527138 3
v -46.90309525 -10.2029171 3
v -46.19129562 -13.05236435 3
v -45.3065567 -15.85294533 3
v -44.25219345 -18.59417343 3
v -43.03215408 -21.26578522 3
v -41.65100479 -23.85778046 3
v -40.1139183 -26.36045456 3
v -40.03549576 -26.308918 0
v -38.35152054 -28.70820045 0
v -38.42664719 -28.76443481 3
v -36.63328934 -31 1.99900424
v -36.63328934 -31 4.00099564
v -36.52396393 -31 0
v -41.56957626 -23.81113815 0
v -42.94802475 -21.22421074 0
v -44.16567993 -18.55782127 0
v -45.21798325 -15.82195187 0
v -46.1009903 -13.02684689 0
v -46.81139755 -10.18297005 0
v -47.34654999 -7.3009696 0
v -47.70444107 -4.39163446 0
v -47.88372803 -1.46585739 0
v -47.97655487 -1.44888878 2.61177135
v -47.97655487 -1.29903805 2.25
v -47.97655487 -1.06066012 1.93933988
v -47.97655487 -0.75 1.70096195
v -47.97655487 -0.38822857 1.55111122
v -47.97655487 0 1.5
v -47.97655487 0.38822857 1.55111122
v -47.97655487 0.75 1.70096195
v -47.97655487 1.06066012 1.93933988
v -47.34661865 7.30052519 0
v -46.81149673 10.1825304 0
v -46.10111237 13.02641392 0
v -45.2181282 15.82152748 0
v -44.16585541 18.55740547 0
v -42.94822311 21.22380638 0
v -41.56980133 23.81074715 0
v -40.0357399 26.30854225 0
v 13.88990307 -27.77818489 0
v 21.58990288 -27.77818489 0
v 26 -31 0
v 21.58990288 -2.57849216 0
v -8.60729599 -30.35210609 0
v -8.55618477 -30.74033546 0
v -8.60729599 -31.12856483 0
v -8.75714684 -31.49033546 0
v -8.99552441 -31.80099487 0
v -9.30618477 -32.03937531 0
v -9.66795635 -32.18922424 0
v -10.05618477 -32.24033737 0
v -10.44441319 -32.18922424 0
v -10.80618477 -32.03937531 0
v -11.11684513 -31.80099487 0
v -11.3552227 -31.49033546 0
v -11.50507355 -31.12856483 0
v -11.55618477 -30.74033546 0
v -21.55618477 -30.74033546 0
v -21.60729599 -30.352108 0
v 10.66032887 -50.60234451 0
v 7.64142418 -51.14536667 0
v 4.59563494 -51.50844574 0
v 19.45022011 -47.91585159 0
v 16.57513237 -48.98474121 0
v 13.64172745 -49.88129044 0
v -19.45022011 -47.91585159 0
v -22.2568779 -46.67838287 0
v -24.98522949 -45.27668762 0
v -10.66032887 -50.60234451 0
v -13.64172745 -49.88129044 0
v -16.57513237 -48.98474121 0
v -41.12780762 31.34874153 0
v -39.19682693 33.7320137 0
v -37.12794495 35.99660492 0
v -42.91408539 28.85517693 0
v -44.54938507 26.26009178 0
v -46.02794266 23.57261848 0
v -47.34456635 20.80220985 0
v -48.49462128 17.95861435 0
v -49.47405624 15.05183506 0
v -50.27943039 12.09210014 0
v -50.90790939 9.08982182 0
v -51.35728073 6.05556345 0
v -49.20000076 3 0
v -49.20000076 -3 0
v -51.35728073 -6.05556345 0
v -50.90790939 -9.08982182 0
v -50.27943039 -12.09210014 0
v -49.47405624 -15.05183506 0
v -48.49462128 -17.95861435 0
v -47.34456635 -20.80220985 0
v -46.02794266 -23.57261848 0
v -44.54938507 -26.26009178 0
v -42.91408539 -28.85517693 0
v -41.12780762 -31.34874153 0
v -39.19682693 -33.7320137 0
v -37.12794495 -35.99660492 0
v -34.92843628 -38.13455582 0
v -24.3552227 -31.49033546 0
v -32.60604095 -40.13833618 0
v -24.11684608 -31.80099487 0
v -30.16893196 -42.00090027 0
v -23.80618477 -32.03937531 0
v -23.44441414 -32.18922424 0
v -34.59009552 -2.57849193 0
v -34.59009933 -27.77818489 0
v -26.89009666 -27.77818489 0
v 15.33904457 45.38406754 0
v 16.57513237 48.98474121 0
v 19.45022011 47.91585159 0
v 22.2568779 46.67838287 0
v 13.64172745 49.88129044 0
v 12.62423706 46.21286392 0
v 10.66032887 50.60234451 0
v 9.8651104 46.8794136 0
v 7.64142418 51.14536667 0
v 7.07135057 47.38138962 0
v 4.59563494 51.50844574 0
v 4.2527647 47.71701813 0
v 1.53367686 51.69030762 0
v 1.4192487 47.88513184 0
v -1.53367686 51.69030762 0
v -1.41924977 47.88513184 0
v -4.25276566 47.71701813 0
v -4.59563494 51.50844574 0
v -7.07135153 47.38138962 0
v -7.64142418 51.14536667 0
v -9.86511135 46.8794136 0
v -10.66032887 50.60234451 0
v -12.62423801 46.21286011 0
v -13.64172745 49.88129044 0
v -15.33904552 45.38406754 0
v -16.57513237 48.98474121 0
v -18 44.3959465 0
v -19.45022011 47.91585159 0
v -22.2568779 46.67838287 0
v -24.98522949 45.27668762 0
v -27.62567711 43.71569443 0
v -30.16893196 42.00090027 0
v -32.60604095 40.13833618 0
v -34.92843628 38.13455582 0
v -26.89009666 -2.57849193 0
v -5.00009727 26.00000191 0
v 13.88990307 -2.57849216 0
v -9.66795635 -29.29144669 0
v -10.05618477 -29.24033546 0
v 34.92843628 38.13455582 0
v 37.12794495 35.99660492 0
v 39.19682693 33.7320137 0
v 34.92843628 -38.13455582 0
v 32.60604095 -40.13833618 0
v 30.16893196 -42.00090027 0
v 41.12780762 -31.34874153 0
v 39.19682693 -33.7320137 0
v 37.12794495 -35.99660492 0
v 42.91408539 -28.85517693 0
v 44.54938507 -26.26009178 0
v 46.02794266 -23.57261848 0
v 47.34456635 -20.80220985 0
v 48.49462128 -17.95861435 0
v 49.47405624 -15.05183506 0
v 50.27943039 -12.09210014 0
v 50.90790939 -9.08982182 0
v 51.35728073 -6.05556345 0
v 49.20000076 -3 0
v 49.20000076 3 0
v 51.35728073 6.05556345 0
v 50.90790939 9.08982182 0
v 50.27943039 12.09210014 0
v 49.47405624 15.05183506 0
v 48.49462128 17.95861435 0
v 47.34456635 20.80220985 0
v 46.02794266 23.57261848 0
v 44.54938507 26.26009178 0
v 42.91408539 28.85517693 0
v 41.12780762 31.34874153 0
v -51.6259613 3 0
v 24.98522949 45.27668762 0
v 27.62567711 43.71569443 0
v 30.16893196 42.00090027 0
v 32.60604095 40.13833618 0
v 51.6259613 3 0
v 51.6259613 -3 0
v 27.62567711 -43.71569443 0
v 24.98522949 -45.27668762 0
v 22.2568779 -46.67838287 0
v 1.53367686 -51.69030762 0
v -1.53367686 -51.69030762 0
v -4.59563494 -51.50844574 0
v -7.64142418 -51.14536667 0
v -27.62567711 -43.71569443 0
v -23.05618477 -32.24033737 0
v -22.66795731 -32.18922424 0
v -22.30618477 -32.03937531 0
v -21.99552536 -31.80099487 0
v -51.6259613 -3 0
v -8.75714684 -29.99033546 0
v -8.99552441 -29.67967606 0
v -9.30618477 -29.44129753 0
v -10.44441319 -29.29144669 0
v -22.66795731 -29.29144669 0
v -23.05618477 -29.24033546 0
v -23.44441414 -29.29144669 0
v -10.80618477 -29.44129753 0
v -22.30618477 -29.44129753 0
v -11.11684513 -29.67967606 0
v -21.99552536 -29.67967606 0
v -11.3552227 -29.99033546 0
v -21.75714684 -29.99033546 0
v -11.50507355 -30.35210609 0
v -23.80618477 -29.44129753 0
v -24.11684608 -29.67967606 0
v -24.3552227 -29.99033546 0
v -24.50507355 -30.352108 0
v -24.55618477 -30.74033546 0
v -24.50507355 -31.12856483 0
v -21.75714684 -31.49033546 0
v -21.60729599 -31.12856483 0
v 26 1.5 3
v 26 1.44888878 2.61177135
v 26 1.29903805 2.25
v 26 -0 4.5
v 26 0.38822857 4.44888878
v 26 0.75 4.29903793
v 26 -4 5
v 26 -0.38822857 4.44888878
v 26 -0.75 4.29903793
v 26 -1.06066012 4.06066036
v 26 -31 5
v 26 -1.29903805 3.75
v 26 -1.44888878 3.38822865
v 26 -1.5 3
v 26 -1.44888878 2.61177135
v 26 -1.29903805 2.25
v 26 -1.06066012 1.93933988
v 26 -0.75 1.70096195
v 26 -0.38822857 1.55111122
v 26 -0 1.5
v 26 0.38822857 1.55111122
v 26 0.75 1.70096195
v 26 1.06066012 1.93933988
v 26 1.06066012 4.06066036
v 26 1.29903805 3.75
v 26 1.44888878 3.38822865
v 15.36909103 45.47296906 3
v 12.64896679 46.30338669 3
v 9.88443565 46.97124481 3
v 7.08520222 47.4742012 3
v 4.26109552 47.81048965 3
v 1.44888878 47.97655487 3.38822865
v 1.5 47.97655487 3
v 1.29903805 47.97655487 3.75
v 1.06066012 47.97655487 4.06066036
v 0.75 47.97655487 4.29903793
v 0.38822857 47.97655487 4.44888878
v 0 47.97655487 4.5
v -0.38822857 47.97655487 4.44888878
v -0.75 47.97655487 4.29903793
v -1.06066012 47.97655487 4.06066036
v -1.29903805 47.97655487 3.75
v -1.44888878 47.97655487 3.38822865
v -1.5 47.97655487 3
v -4.261096 47.81048965 3
v -7.08520269 47.4742012 3
v -9.88443565 46.97124481 3
v -12.64896679 46.30338669 3
v -15.36909199 45.47296906 3
v -18 44.48593903 4.00067472
v -18 44.48593903 1.99932528
v -1.44888878 47.97655487 2.61177135
v -1.29903805 47.97655487 2.25
v -1.06066012 47.97655487 1.93933988
v -0.75 47.97655487 1.70096195
v -0.38822857 47.97655487 1.55111122
v 0 47.97655487 1.5
v 0.38822857 47.97655487 1.55111122
v 0.75 47.97655487 1.70096195
v 1.06066012 47.97655487 1.93933988
v 1.29903805 47.97655487 2.25
v 1.44888878 47.97655487 2.61177135
v 1.5 26 3
v 1.44888878 26 3.38822865
v 1.29903805 26 3.75
v 0 26 1.5
v 0.38822857 26 1.55111122
v 0.75 26 1.70096195
v -0.38822857 26 1.55111122
v -0.75 26 1.70096195
v -1.06066012 26 1.93933988
v -1.29903805 26 2.25
v -1.44888878 26 2.61177135
v -1.5 26 3
v -1.44888878 26 3.38822865
v -1.29903805 26 3.75
v -1.06066012 26 4.06066036
v -0.75 26 4.29903793
v -0.38822857 26 4.44888878
v 0 26 4.5
v 0.38822857 26 4.44888878
v 0.75 26 4.29903793
v 1.06066012 26 4.06066036
v 1.06066012 26 1.93933988
v 1.29903805 26 2.25
v 1.44888878 26 2.61177135
v -21.60729599 18.12837029 2.80000019
v -21.55618477 17.74014091 2.80000019
v -21.60729599 17.35191154 2.80000019
v -21.75714684 16.99014091 2.80000019
v -21.99552536 16.67948151 2.80000019
v -22.30618477 16.44110298 2.80000019
v -22.66795731 16.29125214 2.80000019
v -23.05618477 16.24014091 2.80000019
v -23.44441414 16.29125214 2.80000019
v -23.80618477 16.44110298 2.80000019
v -24.11684608 16.67948151 2.80000019
v -24.3552227 16.99014091 2.80000019
v -24.50507355 17.35191154 2.80000019
v -24.55618477 17.74014091 2.80000019
v -24.50507355 18.12837029 2.80000019
v -24.3552227 18.49014091 2.80000019
v -24.11684608 18.80080032 2.80000019
v -23.80618477 19.03917885 2.80000019
v -23.44441414 19.18902969 2.80000019
v -23.05618477 19.24014091 2.80000019
v -22.66795731 19.18902969 2.80000019
v -22.30618477 19.03917885 2.80000019
v -21.99552536 18.80080032 2.80000019
v -21.75714684 18.49014091 2.80000019
v -8.60729694 18.12837029 2.80000019
v -8.55618477 17.74014091 2.80000019
v -8.60729694 17.35191154 2.80000019
v -8.75714684 16.99014091 2.80000019
v -8.99552536 16.67948151 2.80000019
v -9.30618477 16.44110298 2.80000019
v -9.66795635 16.29125214 2.80000019
v -10.05618477 16.24014091 2.80000019
v -10.44441414 16.29125214 2.80000019
v -10.80618477 16.44110298 2.80000019
v -11.11684513 16.67948151 2.80000019
v -11.35522366 16.99014091 2.80000019
v -11.50507355 17.35191154 2.80000019
v -11.55618477 17.74014091 2.80000019
v -11.50507355 18.12837029 2.80000019
v -11.35522366 18.49014091 2.80000019
v -11.11684513 18.80080032 2.80000019
v -10.80618572 19.03917885 2.80000019
v -10.44441414 19.18902969 2.80000019
v -10.05618572 19.24014091 2.80000019
v -9.66795635 19.18902969 2.80000019
v -9.30618572 19.03917885 2.80000019
v -8.99552536 18.80080032 2.80000019
v -8.75714684 18.49014091 2.80000019
v 18.12837029 -11.50507355 5
v 18.12837029 -11.50507355 3.19999981
v 17.74014091 -11.55618477 5
v 17.74014091 -11.55618477 3.19999981
v 17.35191154 -11.50507355 5
v 17.35191154 -11.50507355 3.19999981
v 16.99014091 -11.35522366 5
v 16.99014091 -11.35522366 3.19999981
v 16.67948151 -11.11684513 5
v 16.67948151 -11.11684513 3.19999981
v 16.44110298 -10.80618477 5
v 16.44110298 -10.80618477 3.19999981
v 16.29125214 -10.44441414 5
v 16.29125214 -10.44441414 3.19999981
v 16.24014091 -10.05618477 5
v 16.24014091 -10.05618477 3.19999981
v 16.29125214 -9.66795635 5
v 16.29125214 -9.66795635 3.19999981
v 16.44110298 -9.30618477 5
v 16.44110298 -9.30618477 3.19999981
v 16.67948151 -8.99552536 5
v 16.67948151 -8.99552536 3.19999981
v 16.99014091 -8.75714684 5
v 16.99014091 -8.75714684 3.19999981
v 17.35191154 -8.60729694 5
v 17.35191154 -8.60729694 3.19999981
v 17.74014091 -8.55618477 5
v 17.74014091 -8.55618477 3.19999981
v 18.12837029 -8.60729694 5
v 18.12837029 -8.60729694 3.19999981
v 18.49014091 -8.75714684 5
v 18.49014091 -8.75714684 3.19999981
v 18.80080032 -8.99552536 5
v 18.80080032 -8.99552536 3.19999981
v 19.03917885 -9.30618477 5
v 19.03917885 -9.30618477 3.19999981
v 19.18902969 -9.66795635 5
v 19.18902969 -9.66795635 3.19999981
v 19.24014091 -10.05618477 5
v 19.24014091 -10.05618477 3.19999981
v 19.18902969 -10.44441414 5
v 19.18902969 -10.44441414 3.19999981
v 19.03917885 -10.80618477 5
v 19.03917885 -10.80618477 3.19999981
v 18.80080032 -11.11684513 5
v 18.80080032 -11.11684513 3.19999981
v 18.49014091 -11.35522366 5
v 18.49014091 -11.35522366 3.19999981
v 15.5 -4 5
v 18.12837029 -21.60729599 3.19999981
v 18.12837029 -21.60729599 5
v 17.74014091 -21.55618477 3.19999981
v 17.74014091 -21.55618477 5
v 17.35191154 -21.60729599 3.19999981
v 17.35191154 -21.60729599 5
v 16.99014091 -21.75714684 3.19999981
v 16.99014091 -21.75714684 5
v 16.67948151 -21.99552536 3.19999981
v 16.67948151 -21.99552536 5
v 16.44110298 -22.30618477 3.19999981
v 16.44110298 -22.30618477 5
v 16.29125214 -22.66795731 3.19999981
v 16.29125214 -22.66795731 5
v 16.24014091 -23.05618477 3.19999981
v 16.24014091 -23.05618477 5
v 16.29125214 -23.44441414 3.19999981
v 16.29125214 -23.44441414 5
v 16.44110298 -23.80618477 3.19999981
v 16.44110298 -23.80618477 5
v 16.67948151 -24.11684608 3.19999981
v 16.67948151 -24.11684608 5
v 16.99014091 -24.3552227 3.19999981
v 16.99014091 -24.3552227 5
v 17.35191154 -24.50507355 3.19999981
v 17.35191154 -24.50507355 5
v 17.74014091 -24.55618477 3.19999981
v 17.74014091 -24.55618477 5
v 18.12837029 -24.50507355 3.19999981
v 18.12837029 -24.50507355 5
v 18.49014091 -24.3552227 3.19999981
v 18.49014091 -24.3552227 5
v 18.80080032 -24.11684608 3.19999981
v 18.80080032 -24.11684608 5
v 19.03917885 -23.80618477 3.19999981
v 19.03917885 -23.80618477 5
v 19.18902969 -23.44441414 3.19999981
v 19.18902969 -23.44441414 5
v 19.24014091 -23.05618477 3.19999981
v 19.24014091 -23.05618477 5
v 19.18902969 -22.66795731 3.19999981
v 19.18902969 -22.66795731 5
v 19.03917885 -22.30618477 3.19999981
v 19.03917885 -22.30618477 5
v 18.80080032 -21.99552536 3.19999981
v 18.80080032 -21.99552536 5
v 18.49014091 -21.75714684 3.19999981
v 18.49014091 -21.75714684 5
v 15.5 -31 5
v -30.352108 -21.60729599 3.19999981
v -30.74033546 -21.55618477 3.19999981
v -31.12856483 -21.60729599 3.19999981
v -31.49033546 -21.75714684 3.19999981
v -31.80099487 -21.99552536 3.19999981
v -32.03937531 -22.30618477 3.19999981
v -32.18922424 -22.66795731 3.19999981
v -32.24033737 -23.05618477 3.19999981
v -32.18922424 -23.44441414 3.19999981
v -32.03937531 -23.80618477 3.19999981
v -31.80099487 -24.11684608 3.19999981
v -31.49033546 -24.3552227 3.19999981
v -31.12856483 -24.50507355 3.19999981
v -30.74033546 -24.55618477 3.19999981
v -30.352108 -24.50507355 3.19999981
v -29.99033546 -24.3552227 3.19999981
v -29.67967606 -24.11684608 3.19999981
v -29.44129753 -23.80618477 3.19999981
v -29.29144669 -23.44441414 3.19999981
v -29.24033546 -23.05618477 3.19999981
v -29.29144669 -22.66795731 3.19999981
v -29.44129753 -22.30618477 3.19999981
v -29.67967606 -21.99552536 3.19999981
v -29.99033546 -21.75714684 3.19999981
v -30.35210609 -8.60729599 3.19999981
v -30.74033546 -8.55618477 3.19999981
v -31.12856483 -8.60729599 3.19999981
v -31.49033546 -8.75714684 3.19999981
v -31.80099487 -8.99552441 3.19999981
v -32.03937531 -9.30618477 3.19999981
v -32.18922424 -9.66795635 3.19999981
v -32.24033737 -10.05618477 3.19999981
v -32.18922424 -10.44441319 3.19999981
v -32.03937531 -10.80618477 3.19999981
v -31.80099487 -11.11684513 3.19999981
v -31.49033546 -11.3552227 3.19999981
v -31.12856483 -11.50507355 3.19999981
v -30.74033546 -11.55618477 3.19999981
v -30.35210609 -11.50507355 3.19999981
v -29.99033546 -11.3552227 3.19999981
v -29.67967606 -11.11684513 3.19999981
v -29.44129753 -10.80618477 3.19999981
v -29.29144669 -10.44441319 3.19999981
v -29.24033546 -10.05618477 3.19999981
v -29.29144669 -9.66795635 3.19999981
v -29.44129753 -9.30618477 3.19999981
v -29.67967606 -8.99552441 3.19999981
v -29.99033546 -8.75714684 3.19999981
v -26.89009666 -27.77818489 2.80000019
v -27.77818489 -27.77818489 2.80000019
v -34.59009933 -27.77818489 3.19999981
v -27.77818489 -27.77818489 3.19999981
v -26.89009666 -2.57849193 3.19999981
v -26.89009666 -26.89009666 2.80000019
v -26.89009666 -26.89009666 3.19999981
v -23.80618477 -29.44129753 2.80000019
v -23.44441414 -29.29144669 2.80000019
v -23.05618477 -29.24033546 2.80000019
v -27.77818489 -34.59009933 2.80000019
v -24.55618477 -30.74033546 2.80000019
v -24.50507355 -30.352108 2.80000019
v -24.3552227 -29.99033546 2.80000019
v -2.57849193 -34.59009552 2.80000019
v -10.05618477 -32.24033737 2.80000019
v -10.44441319 -32.18922424 2.80000019
v -22.66795731 -32.18922424 2.80000019
v -22.30618477 -32.03937531 2.80000019
v -10.80618477 -32.03937531 2.80000019
v -21.99552536 -31.80099487 2.80000019
v -11.11684513 -31.80099487 2.80000019
v -21.75714684 -31.49033546 2.80000019
v -11.3552227 -31.49033546 2.80000019
v -21.60729599 -31.12856483 2.80000019
v -11.50507355 -31.12856483 2.80000019
v -21.55618477 -30.74033546 2.80000019
v -11.55618477 -30.74033546 2.80000019
v -21.60729599 -30.352108 2.80000019
v -11.50507355 -30.35210609 2.80000019
v -21.75714684 -29.99033546 2.80000019
v -11.3552227 -29.99033546 2.80000019
v -21.99552536 -29.67967606 2.80000019
v -11.11684513 -29.67967606 2.80000019
v -22.30618477 -29.44129753 2.80000019
v -10.80618477 -29.44129753 2.80000019
v -22.66795731 -29.29144669 2.80000019
v -10.44441319 -29.29144669 2.80000019
v -10.05618477 -29.24033546 2.80000019
v -2.57849193 -26.89009666 2.80000019
v -9.66795635 -29.29144669 2.80000019
v -9.30618477 -29.44129753 2.80000019
v -8.55618477 -30.74033546 2.80000019
v -8.60729599 -31.12856483 2.80000019
v -8.75714684 -31.49033546 2.80000019
v -23.05618477 -32.24033737 2.80000019
v -23.44441414 -32.18922424 2.80000019
v -23.80618477 -32.03937531 2.80000019
v -24.11684608 -31.80099487 2.80000019
v -24.3552227 -31.49033546 2.80000019
v -24.50507355 -31.12856483 2.80000019
v -24.11684608 -29.67967606 2.80000019
v -8.99552441 -31.80099487 2.80000019
v -9.30618477 -32.03937531 2.80000019
v -9.66795635 -32.18922424 2.80000019
v -8.99552441 -29.67967606 2.80000019
v -8.75714684 -29.99033546 2.80000019
v -8.60729599 -30.35210609 2.80000019
v -34.59009552 -2.57849193 3.19999981
v 21.58990288 -27.77818489 3.19999981
v 21.58990288 -2.57849216 3.19999981
v 13.88990307 -27.77818489 3.19999981
v 13.88990307 -2.57849216 3.19999981
v -27.77818489 -26.89009666 3.19999981
v -27.77818489 21.58990288 2.80000019
v -2.57849216 21.58990288 2.80000019
v -27.77818489 13.88990307 2.80000019
v -2.57849216 13.88990307 2.80000019
v -1.44888878 -51.77827835 2.61177135
v -1.5 -51.77827835 3
v -1.53625548 -51.77721405 3
v -1.44888878 -51.77827835 3.38822865
v -1.29903805 -51.77827835 3.75
v -1.06066012 -51.77827835 4.06066036
v -0.75 -51.77827835 4.29903793
v -0.38822857 -51.77827835 4.44888878
v 0 -51.77827835 4.5
v 0.38822857 -51.77827835 4.44888878
v 0.75 -51.77827835 4.29903793
v 1.06066012 -51.77827835 4.06066036
v 1.29903805 -51.77827835 3.75
v 1.44888878 -51.77827835 3.38822865
v 1.53625548 -51.77721405 3
v 1.5 -51.77827835 3
v 1.44888878 -51.77827835 2.61177135
v 1.29903805 -51.77827835 2.25
v 1.06066012 -51.77827835 1.93933988
v 0.75 -51.77827835 1.70096195
v 0.38822857 -51.77827835 1.55111122
v 0 -51.77827835 1.5
v -0.38822857 -51.77827835 1.55111122
v -0.75 -51.77827835 1.70096195
v -1.06066012 -51.77827835 1.93933988
v -1.29903805 -51.77827835 2.25
v 51.70337677 -3 4.00049925
v 51.4436264 -6.06574488 3
v 51.70337677 -3 1.99950063
v 50.99349976 -9.10510445 3
v 50.36396408 -12.11243057 3
v 49.55723572 -15.07714176 3
v 48.5761528 -17.98880768 3
v 47.42416763 -20.83718491 3
v 46.10533142 -23.61225128 3
v 44.62428284 -26.30424309 3
v 42.98623657 -28.90369034 3
v 41.19695663 -31.4014473 3
v 39.26272964 -33.78872681 3
v 37.19036865 -36.05712891 3
v 34.98716354 -38.19866943 3
v 32.66086197 -40.20582199 3
v 30.21965408 -42.07151794 3
v 27.67212486 -43.7891922 3
v 25.02723694 -45.35280991 3
v 22.29429817 -46.75686264 3
v 19.4829216 -47.99641418 3
v 16.60299873 -49.06710052 3
v 13.66466331 -49.96515656 3
v 10.67825222 -50.68742371 3
v 7.6542716 -51.23135757 3
v 4.60336161 -51.595047 3
v -4.60336161 -51.595047 3
v -7.6542716 -51.23135757 3
v -10.67825222 -50.68742371 3
v -13.66466331 -49.96515656 3
v -16.60299873 -49.06710052 3
v -19.4829216 -47.99641418 3
v -22.29429817 -46.75686264 3
v -25.02723694 -45.35280991 3
v -27.67212486 -43.7891922 3
v -30.21965408 -42.07151794 3
v -32.66086197 -40.20582199 3
v -34.98716354 -38.19866943 3
v -37.19036865 -36.05712891 3
v -39.26272964 -33.78872681 3
v -41.19695663 -31.4014473 3
v -42.98623657 -28.90369034 3
v -44.62428284 -26.30424309 3
v -46.10533142 -23.61225128 3
v -47.42416763 -20.83718491 3
v -48.5761528 -17.98880768 3
v -49.55723572 -15.07714176 3
v -50.36396408 -12.11243057 3
v -50.99349976 -9.10510445 3
v -51.4436264 -6.06574488 3
v -51.70337677 -3 4.00049925
v -51.70337677 -3 1.99950063
v -51.70337677 3 4.00049925
v -51.4436264 6.06574488 3
v -51.70337677 3 1.99950063
v -50.99349976 9.10510445 3
v -50.36396408 12.11243057 3
v -49.55723572 15.07714176 3
v -48.5761528 17.98880768 3
v -47.42416763 20.83718491 3
v -46.10533142 23.61225128 3
v -44.62428284 26.30424309 3
v -42.98623657 28.90369034 3
v -41.19695663 31.4014473 3
v -39.26272964 33.78872681 3
v -37.19036865 36.05712891 3
v -34.98716354 38.19866943 3
v -32.66086197 40.20582199 3
v -30.21965408 42.07151794 3
v -27.67212486 43.7891922 3
v -25.02723694 45.35280991 3
v -22.29429817 46.75686264 3
v -19.4829216 47.99641418 3
v -16.60299873 49.06710052 3
v -13.66466331 49.96515656 3
v -10.67825222 50.68742371 3
v -7.6542716 51.23135757 3
v -4.60336161 51.595047 3
v -1.53625548 51.77721405 3
v -1.44888878 51.77827835 3.38822865
v -1.29903805 51.77827835 3.75
v -1.06066012 51.77827835 4.06066036
v -0.75 51.77827835 4.29903793
v -0.38822857 51.77827835 4.44888878
v 0 51.77827835 4.5
v 0.38822857 51.77827835 4.44888878
v 0.75 51.77827835 4.29903793
v 1.06066012 51.77827835 4.06066036
v 1.29903805 51.77827835 3.75
v 1.44888878 51.77827835 3.38822865
v 1.53625548 51.77721405 3
v 1.5 51.77827835 3
v 1.44888878 51.77827835 2.61177135
v 1.29903805 51.77827835 2.25
v 1.06066012 51.77827835 1.93933988
v 0.75 51.77827835 1.70096195
v 0.38822857 51.77827835 1.55111122
v 0 51.77827835 1.5
v -0.38822857 51.77827835 1.55111122
v -0.75 51.77827835 1.70096195
v -1.06066012 51.77827835 1.93933988
v -1.29903805 51.77827835 2.25
v -1.44888878 51.77827835 2.61177135
v -1.5 51.77827835 3
v 4.60336161 51.595047 3
v 7.6542716 51.23135757 3
v 10.67825222 50.68742371 3
v 13.66466331 49.96515656 3
v 16.60299873 49.06710052 3
v 19.4829216 47.99641418 3
v 22.29429817 46.75686264 3
v 25.02723694 45.35280991 3
v 27.67212486 43.7891922 3
v 30.21965408 42.07151794 3
v 32.66086197 40.20582199 3
v 34.98716354 38.19866943 3
v 37.19036865 36.05712891 3
v 39.26272964 33.78872681 3
v 41.19695663 31.4014473 3
v 42.98623657 28.90369034 3
v 44.62428284 26.30424309 3
v 46.10533142 23.61225128 3
v 47.42416763 20.83718491 3
v 48.5761528 17.98880768 3
v 49.55723572 15.07714176 3
v 50.36396408 12.11243057 3
v 50.99349976 9.10510445 3
v 51.4436264 6.06574488 3
v 51.70337677 3 4.00049925
v 51.70337677 3 1.99950063
v 49.20000076 1.44888878 2.61177135
v 49.20000076 1.5 3
v 49.20000076 1.44888878 3.38822865
v 49.20000076 1.29903805 3.75
v 49.20000076 1.06066012 4.06066036
v 49.20000076 0.75 4.29903793
v 49.20000076 0.38822857 4.44888878
v 49.20000076 -0 4.5
v 49.20000076 -0.38822857 4.44888878
v 49.20000076 -0.75 4.29903793
v 49.20000076 -1.06066012 4.06066036
v 49.20000076 -1.29903805 3.75
v 49.20000076 -1.44888878 3.38822865
v 49.20000076 -1.5 3
v 49.20000076 -1.44888878 2.61177135
v 49.20000076 -1.29903805 2.25
v 49.20000076 -1.06066012 1.93933988
v 49.20000076 -0.75 1.70096195
v 49.20000076 -0.38822857 1.55111122
v 49.20000076 -0 1.5
v 49.20000076 0.38822857 1.55111122
v 49.20000076 0.75 1.70096195
v 49.20000076 1.06066012 1.93933988
v 49.20000076 1.29903805 2.25
v -49.20000076 -1.5 3
v -49.20000076 -1.44888878 2.61177135
v -49.20000076 -1.29903805 2.25
v -49.20000076 0 4.5
v -49.20000076 -0.38822857 4.44888878
v -49.20000076 -0.75 4.29903793
v -49.20000076 1.5 3
v -49.20000076 1.44888878 3.38822865
v -49.20000076 1.29903805 3.75
v -49.20000076 0 1.5
v -49.20000076 0.38822857 1.55111122
v -49.20000076 0.75 1.70096195
v -49.20000076 1.06066012 4.06066036
v -49.20000076 0.75 4.29903793
v -49.20000076 0.38822857 4.44888878
v -49.20000076 -1.06066012 4.06066036
v -49.20000076 -1.29903805 3.75
v -49.20000076 -1.44888878 3.38822865
v -49.20000076 -1.06066012 1.93933988
v -49.20000076 -0.75 1.70096195
v -49.20000076 -0.38822857 1.55111122
v -49.20000076 1.06066012 1.93933988
v -49.20000076 1.29903805 2.25
v -49.20000076 1.44888878 2.61177135
v 0.29263547 0.29263547 1.52882206
v 0 0 1.5
v 8.66666698 -0 1.5
v 0.29263547 -0.29263547 1.52882206
v 8.66666698 -0.38822857 1.55111122
v 0.57402515 -0.57402515 1.61418068
v 8.66666698 -0.75 1.70096195
v 0.83335537 -0.83335537 1.75279558
v 8.66666698 -1.06066012 1.93933988
v 1.06066012 -1.06066012 1.93933988
v 1.24720442 -1.24720442 2.16664457
v 8.66666698 -1.29903805 2.25
v 1.38581932 -1.38581932 2.42597485
v 8.66666698 -1.44888878 2.61177135
v 1.47117794 -1.47117794 2.70736456
v 1.49277711 -1.49277711 2.85297441
v 8.66666698 -1.5 3
v 1.5 -1.5 3
v 1.49277711 -1.49277711 3.14702559
v 8.66666698 -1.44888878 3.38822865
v 1.47117794 -1.47117794 3.29263544
v 1.38581932 -1.38581932 3.57402515
v 8.66666698 -1.29903805 3.75
v 1.24720442 -1.24720442 3.83335543
v 8.66666698 -1.06066012 4.06066036
v 1.06066012 -1.06066012 4.06066036
v 0.83335537 -0.83335537 4.2472043
v 8.66666698 -0.75 4.29903793
v 0.57402515 -0.57402515 4.38581944
v 8.66666698 -0.38822857 4.44888878
v 0.29263547 -0.29263547 4.47117805
v 8.66666698 -0 4.5
v 0 0 4.5
v 0.29263547 0.29263547 4.47117805
v 8.66666698 0.38822857 4.44888878
v 0.57402515 0.57402515 4.38581944
v 8.66666698 0.75 4.29903793
v 0.83335537 0.83335537 4.2472043
v 8.66666698 1.06066012 4.06066036
v 1.06066012 1.06066012 4.06066036
v 1.24720442 1.24720442 3.83335543
v 8.66666698 1.29903805 3.75
v 1.38581932 1.38581932 3.57402515
v 8.66666698 1.44888878 3.38822865
v 1.47117794 1.47117794 3.29263544
v 1.49277711 1.49277711 3.14702559
v 8.66666698 1.5 3
v 1.5 1.5 3
v 1.49277711 1.49277711 2.85297441
v 8.66666698 1.44888878 2.61177135
v 1.47117794 1.47117794 2.70736456
v 1.38581932 1.38581932 2.42597485
v 8.66666698 1.29903805 2.25
v 1.24720442 1.24720442 2.16664457
v 8.66666698 1.06066012 1.93933988
v 1.06066012 1.06066012 1.93933988
v 0.83335537 0.83335537 1.75279558
v 8.66666698 0.75 1.70096195
v 0.57402515 0.57402515 1.61418068
v 8.66666698 0.38822857 1.55111122
v 17.33333397 1.44888878 3.38822865
v 17.33333397 1.5 3
v 17.33333397 1.44888878 2.61177135
v 17.33333397 1.29903805 2.25
v 17.33333397 1.06066012 1.93933988
v 17.33333397 0.75 1.70096195
v 17.33333397 0.38822857 1.55111122
v 17.33333397 -0 1.5
v 17.33333397 -0.38822857 1.55111122
v 17.33333397 -0.75 1.70096195
v 17.33333397 -1.06066012 1.93933988
v 17.33333397 -1.29903805 2.25
v 17.33333397 -1.44888878 2.61177135
v 17.33333397 -1.5 3
v 17.33333397 -1.44888878 3.38822865
v 17.33333397 -1.29903805 3.75
v 17.33333397 -1.06066012 4.06066036
v 17.33333397 -0.75 4.29903793
v 17.33333397 -0.38822857 4.44888878
v 17.33333397 -0 4.5
v 17.33333397 0.38822857 4.44888878
v 17.33333397 0.75 4.29903793
v 17.33333397 1.06066012 4.06066036
v 17.33333397 1.29903805 3.75
v -28.79999924 1.44888878 2.61177135
v -28.79999924 1.5 3
v -28.79999924 1.44888878 3.38822865
v -28.79999924 1.29903805 3.75
v -28.79999924 1.06066012 4.06066036
v -28.79999924 0.75 4.29903793
v -28.79999924 0.38822857 4.44888878
v -28.79999924 0 4.5
v -28.79999924 -0.38822857 4.44888878
v -28.79999924 -0.75 4.29903793
v -28.79999924 -1.06066012 4.06066036
v -28.79999924 -1.29903805 3.75
v -28.79999924 -1.44888878 3.38822865
v -28.79999924 -1.5 3
v -28.79999924 -1.44888878 2.61177135
v -28.79999924 -1.29903805 2.25
v -28.79999924 -1.06066012 1.93933988
v -28.79999924 -0.75 1.70096195
v -28.79999924 -0.38822857 1.55111122
v -28.79999924 0 1.5
v -28.79999924 0.38822857 1.55111122
v -28.79999924 0.75 1.70096195
v -28.79999924 1.06066012 1.93933988
v -28.79999924 1.29903805 2.25
v -0.29263547 0.29263547 4.47117805
v -7.19999981 0 4.5
v -0.29263547 -0.29263547 4.47117805
v -7.19999981 -0.38822857 4.44888878
v -0.57402515 -0.57402515 4.38581944
v -7.19999981 -0.75 4.29903793
v -0.83335537 -0.83335537 4.2472043
v -7.19999981 -1.06066012 4.06066036
v -1.06066012 -1.06066012 4.06066036
v -1.24720442 -1.24720442 3.83335543
v -7.19999981 -1.29903805 3.75
v -1.38581932 -1.38581932 3.57402515
v -7.19999981 -1.44888878 3.38822865
v -1.47117794 -1.47117794 3.29263544
v -1.49277711 -1.49277711 3.14702559
v -7.19999981 -1.5 3
v -1.5 -1.5 3
v -1.49277711 -1.49277711 2.85297441
v -7.19999981 -1.44888878 2.61177135
v -1.47117794 -1.47117794 2.70736456
v -1.38581932 -1.38581932 2.42597485
v -7.19999981 -1.29903805 2.25
v -1.24720442 -1.24720442 2.16664457
v -7.19999981 -1.06066012 1.93933988
v -1.06066012 -1.06066012 1.93933988
v -0.83335537 -0.83335537 1.75279558
v -7.19999981 -0.75 1.70096195
v -0.57402515 -0.57402515 1.61418068
v -7.19999981 -0.38822857 1.55111122
v -0.29263547 -0.29263547 1.52882206
v -7.19999981 0 1.5
v -0.29263547 0.29263547 1.52882206
v -7.19999981 0.38822857 1.55111122
v -0.57402515 0.57402515 1.61418068
v -7.19999981 0.75 1.70096195
v -0.83335537 0.83335537 1.75279558
v -7.19999981 1.06066012 1.93933988
v -1.06066012 1.06066012 1.93933988
v -1.24720442 1.24720442 2.16664457
v -7.19999981 1.29903805 2.25
v -1.38581932 1.38581932 2.42597485
v -7.19999981 1.44888878 2.61177135
v -1.47117794 1.47117794 2.70736456
v -1.49277711 1.49277711 2.85297441
v -7.19999981 1.5 3
v -1.5 1.5 3
v -1.49277711 1.49277711 3.14702559
v -7.19999981 1.44888878 3.38822865
v -1.47117794 1.47117794 3.29263544
v -1.38581932 1.38581932 3.57402515
v -7.19999981 1.29903805 3.75
v -1.24720442 1.24720442 3.83335543
v -7.19999981 1.06066012 4.06066036
v -1.06066012 1.06066012 4.06066036
v -0.83335537 0.83335537 4.2472043
v -7.19999981 0.75 4.29903793
v -0.57402515 0.57402515 4.38581944
v -7.19999981 0.38822857 4.44888878
v -21.60000038 1.5 3
v -21.60000038 1.44888878 3.38822865
v -21.60000038 1.29903805 3.75
v -21.60000038 1.06066012 4.06066036
v -21.60000038 0.75 4.29903793
v -21.60000038 0.38822857 4.44888878
v -21.60000038 0 4.5
v -21.60000038 -0.38822857 4.44888878
v -21.60000038 -0.75 4.29903793
v -21.60000038 -1.06066012 4.06066036
v -21.60000038 -1.29903805 3.75
v -21.60000038 -1.44888878 3.38822865
v -21.60000038 -1.5 3
v -21.60000038 -1.44888878 2.61177135
v -21.60000038 -1.29903805 2.25
v -21.60000038 -1.06066012 1.93933988
v -21.60000038 -0.75 1.70096195
v -21.60000038 -0.38822857 1.55111122
v -21.60000038 0 1.5
v -21.60000038 0.38822857 1.55111122
v -21.60000038 0.75 1.70096195
v -21.60000038 1.06066012 1.93933988
v -21.60000038 1.29903805 2.25
v -21.60000038 1.44888878 2.61177135
v -14.39999962 1.5 3
v -14.39999962 1.44888878 3.38822865
v -14.39999962 1.29903805 3.75
v -14.39999962 1.06066012 4.06066036
v -14.39999962 0.75 4.29903793
v -14.39999962 0.38822857 4.44888878
v -14.39999962 0 4.5
v -14.39999962 -0.38822857 4.44888878
v -14.39999962 -0.75 4.29903793
v -14.39999962 -1.06066012 4.06066036
v -14.39999962 -1.29903805 3.75
v -14.39999962 -1.44888878 3.38822865
v -14.39999962 -1.5 3
v -14.39999962 -1.44888878 2.61177135
v -14.39999962 -1.29903805 2.25
v -14.39999962 -1.06066012 1.93933988
v -14.39999962 -0.75 1.70096195
v -14.39999962 -0.38822857 1.55111122
v -14.39999962 0 1.5
v -14.39999962 0.38822857 1.55111122
v -14.39999962 0.75 1.70096195
v -14.39999962 1.06066012 1.93933988
v -14.39999962 1.29903805 2.25
v -14.39999962 1.44888878 2.61177135
v -1.44888878 17.33333397 3.38822865
v -1.5 17.33333397 3
v -1.44888878 17.33333397 2.61177135
v -1.29903805 17.33333397 2.25
v -1.06066012 17.33333397 1.93933988
v -0.75 17.33333397 1.70096195
v -0.38822857 17.33333397 1.55111122
v 0 17.33333397 1.5
v 0.38822857 17.33333397 1.55111122
v 0.75 17.33333397 1.70096195
v 1.06066012 17.33333397 1.93933988
v 1.29903805 17.33333397 2.25
v 1.44888878 17.33333397 2.61177135
v 1.5 17.33333397 3
v 1.44888878 17.33333397 3.38822865
v 1.29903805 17.33333397 3.75
v 1.06066012 17.33333397 4.06066036
v 0.75 17.33333397 4.29903793
v 0.38822857 17.33333397 4.44888878
v 0 17.33333397 4.5
v -0.38822857 17.33333397 4.44888878
v -0.75 17.33333397 4.29903793
v -1.06066012 17.33333397 4.06066036
v -1.29903805 17.33333397 3.75
v 0 8.66666698 4.5
v -0.38822857 8.66666698 4.44888878
v -0.75 8.66666698 4.29903793
v -1.06066012 8.66666698 4.06066036
v -1.29903805 8.66666698 3.75
v -1.44888878 8.66666698 3.38822865
v -1.5 8.66666698 3
v -1.44888878 8.66666698 2.61177135
v -1.29903805 8.66666698 2.25
v -1.06066012 8.66666698 1.93933988
v -0.75 8.66666698 1.70096195
v -0.38822857 8.66666698 1.55111122
v 0 8.66666698 1.5
v 0.38822857 8.66666698 1.55111122
v 0.75 8.66666698 1.70096195
v 1.06066012 8.66666698 1.93933988
v 1.29903805 8.66666698 2.25
v 1.44888878 8.66666698 2.61177135
v 1.5 8.66666698 3
v 1.44888878 8.66666698 3.38822865
v 1.29903805 8.66666698 3.75
v 1.06066012 8.66666698 4.06066036
v 0.75 8.66666698 4.29903793
v 0.38822857 8.66666698 4.44888878
v 0 -7.39689684 1.5
v -0.38822857 -7.39689684 1.55111122
v -0.75 -7.39689684 1.70096195
v -1.06066012 -7.39689684 1.93933988
v -1.29903805 -7.39689684 2.25
v -1.44888878 -7.39689684 2.61177135
v -1.5 -7.39689684 3
v -1.44888878 -7.39689684 3.38822865
v -1.29903805 -7.39689684 3.75
v -1.06066012 -7.39689684 4.06066036
v -0.75 -7.39689684 4.29903793
v -0.38822857 -7.39689684 4.44888878
v 0 -7.39689684 4.5
v 0.38822857 -7.39689684 4.44888878
v 0.75 -7.39689684 4.29903793
v 1.06066012 -7.39689684 4.06066036
v 1.29903805 -7.39689684 3.75
v 1.44888878 -7.39689684 3.38822865
v 1.5 -7.39689684 3
v 1.44888878 -7.39689684 2.61177135
v 1.29903805 -7.39689684 2.25
v 1.06066012 -7.39689684 1.93933988
v 0.75 -7.39689684 1.70096195
v 0.38822857 -7.39689684 1.55111122
v -1.44888878 -44.38138199 2.61177135
v -1.5 -44.38138199 3
v -1.44888878 -44.38138199 3.38822865
v -1.29903805 -44.38138199 3.75
v -1.06066012 -44.38138199 4.06066036
v -0.75 -44.38138199 4.29903793
v -0.38822857 -44.38138199 4.44888878
v 0 -44.38138199 4.5
v 0.38822857 -44.38138199 4.44888878
v 0.75 -44.38138199 4.29903793
v 1.06066012 -44.38138199 4.06066036
v 1.29903805 -44.38138199 3.75
v 1.44888878 -44.38138199 3.38822865
v 1.5 -44.38138199 3
v 1.44888878 -44.38138199 2.61177135
v 1.29903805 -44.38138199 2.25
v 1.06066012 -44.38138199 1.93933988
v 0.75 -44.38138199 1.70096195
v 0.38822857 -44.38138199 1.55111122
v 0 -44.38138199 1.5
v -0.38822857 -44.38138199 1.55111122
v -0.75 -44.38138199 1.70096195
v -1.06066012 -44.38138199 1.93933988
v -1.29903805 -44.38138199 2.25
v -1.5 -36.98448563 3
v -1.44888878 -36.98448563 3.38822865
v -1.29903805 -36.98448563 3.75
v -1.06066012 -36.98448563 4.06066036
v -0.75 -36.98448563 4.29903793
v -0.38822857 -36.98448563 4.44888878
v 0 -36.98448563 4.5
v 0.38822857 -36.98448563 4.44888878
v 0.75 -36.98448563 4.29903793
v 1.06066012 -36.98448563 4.06066036
v 1.29903805 -36.98448563 3.75
v 1.44888878 -36.98448563 3.38822865
v 1.5 -36.98448563 3
v 1.44888878 -36.98448563 2.61177135
v 1.29903805 -36.98448563 2.25
v 1.06066012 -36.98448563 1.93933988
v 0.75 -36.98448563 1.70096195
v 0.38822857 -36.98448563 1.55111122
v 0 -36.98448563 1.5
v -0.38822857 -36.98448563 1.55111122
v -0.75 -36.98448563 1.70096195
v -1.06066012 -36.98448563 1.93933988
v -1.29903805 -36.98448563 2.25
v -1.44888878 -36.98448563 2.61177135
v -1.5 -29.58758736 3
v -1.44888878 -29.58758736 3.38822865
v -1.29903805 -29.58758736 3.75
v -1.06066012 -29.58758736 4.06066036
v -0.75 -29.58758736 4.29903793
v -0.38822857 -29.58758736 4.44888878
v 0 -29.58758736 4.5
v 0.38822857 -29.58758736 4.44888878
v 0.75 -29.58758736 4.29903793
v 1.06066012 -29.58758736 4.06066036
v 1.29903805 -29.58758736 3.75
v 1.44888878 -29.58758736 3.38822865
v 1.5 -29.58758736 3
v 1.44888878 -29.58758736 2.61177135
v 1.29903805 -29.58758736 2.25
v 1.06066012 -29.58758736 1.93933988
v 0.75 -29.58758736 1.70096195
v 0.38822857 -29.58758736 1.55111122
v 0 -29.58758736 1.5
v -0.38822857 -29.58758736 1.55111122
v -0.75 -29.58758736 1.70096195
v -1.06066012 -29.58758736 1.93933988
v -1.29903805 -29.58758736 2.25
v -1.44888878 -29.58758736 2.61177135
v -1.5 -22.19069099 3
v -1.44888878 -22.19069099 3.38822865
v -1.29903805 -22.19069099 3.75
v -1.06066012 -22.19069099 4.06066036
v -0.75 -22.19069099 4.29903793
v -0.38822857 -22.19069099 4.44888878
v 0 -22.19069099 4.5
v 0.38822857 -22.19069099 4.44888878
v 0.75 -22.19069099 4.29903793
v 1.06066012 -22.19069099 4.06066036
v 1.29903805 -22.19069099 3.75
v 1.44888878 -22.19069099 3.38822865
v 1.5 -22.19069099 3
v 1.44888878 -22.19069099 2.61177135
v 1.29903805 -22.19069099 2.25
v 1.06066012 -22.19069099 1.93933988
v 0.75 -22.19069099 1.70096195
v 0.38822857 -22.19069099 1.55111122
v 0 -22.19069099 1.5
v -0.38822857 -22.19069099 1.55111122
v -0.75 -22.19069099 1.70096195
v -1.06066012 -22.19069099 1.93933988
v -1.29903805 -22.19069099 2.25
v -1.44888878 -22.19069099 2.61177135
v -1.5 -14.79379368 3
v -1.44888878 -14.79379368 3.38822865
v -1.29903805 -14.79379368 3.75
v -1.06066012 -14.79379368 4.06066036
v -0.75 -14.79379368 4.29903793
v -0.38822857 -14.79379368 4.44888878
v 0 -14.79379368 4.5
v 0.38822857 -14.79379368 4.44888878
v 0.75 -14.79379368 4.29903793
v 1.06066012 -14.79379368 4.06066036
v 1.29903805 -14.79379368 3.75
v 1.44888878 -14.79379368 3.38822865
v 1.5 -14.79379368 3
v 1.44888878 -14.79379368 2.61177135
v 1.29903805 -14.79379368 2.25
v 1.06066012 -14.79379368 1.93933988
v 0.75 -14.79379368 1.70096195
v 0.38822857 -14.79379368 1.55111122
v 0 -14.79379368 1.5
v -0.38822857 -14.79379368 1.55111122
v -0.75 -14.79379368 1.70096195
v -1.06066012 -14.79379368 1.93933988
v -1.29903805 -14.79379368 2.25
v -1.44888878 -14.79379368 2.61177135
vn 0 0 0
f 1//1 2//1 3//1
f 3//1 2//1 4//1
f 5//1 1//1 6//1
f 6//1 1//1 3//1
f 7//1 5//1 8//1
f 8//1 5//1 6//1
f 2//1 7//1 4//1
f 4//1 7//1 8//1
f 9//1 10//1 11//1
f 11//1 10//1 12//1
f 13//1 9//1 14//1
f 14//1 9//1 11//1
f 15//1 13//1 16//1
f 16//1 13//1 14//1
f 10//1 15//1 12//1
f 12//1 15//1 16//1
f 17//1 18//1 19//1
f 19//1 18//1 20//1
f 19//1 20//1 21//1
f 21//1 20//1 22//1
f 6//1 23//1 8//1
f 8//1 23//1 24//1
f 8//1 24//1 25//1
f 3//1 26//1 6//1
f 6//1 26//1 27//1
f 6//1 27//1 28//1
f 4//1 29//1 3//1
f 3//1 29//1 30//1
f 3//1 30//1 31//1
f 8//1 25//1 4//1
f 4//1 25//1 9//1
f 4//1 9//1 32//1
f 32//1 9//1 33//1
f 33//1 9//1 34//1
f 34//1 9//1 35//1
f 35//1 9//1 36//1
f 36//1 9//1 13//1
f 36//1 13//1 37//1
f 37//1 13//1 38//1
f 38//1 13//1 39//1
f 39//1 13//1 15//1
f 39//1 15//1 40//1
f 40//1 15//1 41//1
f 41//1 15//1 42//1
f 41//1 42//1 43//1
f 43//1 42//1 44//1
f 44//1 42//1 45//1
f 45//1 42//1 46//1
f 46//1 42//1 47//1
f 46//1 47//1 48//1
f 48//1 47//1 49//1
f 48//1 49//1 50//1
f 50//1 49//1 51//1
f 51//1 49//1 52//1
f 51//1 52//1 53//1
f 53//1 52//1 54//1
f 53//1 54//1 55//1
f 55//1 54//1 56//1
f 55//1 56//1 57//1
f 57//1 56//1 58//1
f 57//1 58//1 59//1
f 59//1 58//1 60//1
f 59//1 60//1 61//1
f 61//1 60//1 62//1
f 61//1 62//1 63//1
f 63//1 62//1 64//1
f 63//1 64//1 65//1
f 65//1 64//1 66//1
f 65//1 66//1 67//1
f 67//1 66//1 68//1
f 67//1 68//1 69//1
f 69//1 68//1 70//1
f 69//1 70//1 71//1
f 71//1 70//1 72//1
f 71//1 72//1 73//1
f 42//1 15//1 25//1
f 25//1 15//1 10//1
f 25//1 10//1 9//1
f 74//1 75//1 76//1
f 76//1 75//1 77//1
f 76//1 77//1 78//1
f 79//1 80//1 74//1
f 74//1 80//1 81//1
f 74//1 81//1 82//1
f 82//1 81//1 24//1
f 82//1 24//1 23//1
f 83//1 84//1 79//1
f 79//1 84//1 85//1
f 79//1 85//1 86//1
f 87//1 88//1 83//1
f 83//1 88//1 89//1
f 83//1 89//1 90//1
f 88//1 87//1 91//1
f 91//1 87//1 92//1
f 91//1 92//1 93//1
f 93//1 92//1 94//1
f 93//1 94//1 95//1
f 95//1 94//1 96//1
f 95//1 96//1 97//1
f 97//1 96//1 98//1
f 97//1 98//1 99//1
f 99//1 98//1 100//1
f 99//1 100//1 101//1
f 99//1 101//1 102//1
f 102//1 101//1 103//1
f 102//1 103//1 104//1
f 104//1 103//1 105//1
f 104//1 105//1 106//1
f 106//1 105//1 107//1
f 106//1 107//1 108//1
f 108//1 107//1 109//1
f 108//1 109//1 110//1
f 110//1 109//1 111//1
f 110//1 111//1 112//1
f 112//1 111//1 76//1
f 112//1 76//1 113//1
f 113//1 76//1 78//1
f 19//1 114//1 17//1
f 17//1 114//1 115//1
f 17//1 115//1 116//1
f 47//1 117//1 19//1
f 19//1 117//1 118//1
f 19//1 118//1 119//1
f 71//1 73//1 120//1
f 120//1 73//1 121//1
f 120//1 121//1 122//1
f 122//1 121//1 123//1
f 122//1 123//1 124//1
f 124//1 123//1 125//1
f 124//1 125//1 126//1
f 126//1 125//1 127//1
f 126//1 127//1 128//1
f 128//1 127//1 129//1
f 128//1 129//1 130//1
f 130//1 129//1 131//1
f 130//1 131//1 132//1
f 132//1 131//1 133//1
f 132//1 133//1 134//1
f 134//1 133//1 135//1
f 134//1 135//1 136//1
f 136//1 135//1 137//1
f 136//1 137//1 138//1
f 138//1 137//1 139//1
f 138//1 139//1 116//1
f 116//1 139//1 17//1
f 140//1 19//1 141//1
f 141//1 19//1 119//1
f 141//1 119//1 142//1
f 19//1 140//1 79//1
f 79//1 140//1 80//1
f 141//1 143//1 81//1
f 81//1 143//1 144//1
f 81//1 144//1 24//1
f 24//1 144//1 145//1
f 24//1 145//1 146//1
f 147//1 148//1 149//1
f 149//1 148//1 150//1
f 149//1 150//1 151//1
f 150//1 148//1 152//1
f 152//1 148//1 153//1
f 152//1 153//1 154//1
f 154//1 153//1 155//1
f 154//1 155//1 156//1
f 156//1 155//1 157//1
f 156//1 157//1 158//1
f 158//1 157//1 159//1
f 158//1 159//1 160//1
f 160//1 159//1 161//1
f 160//1 161//1 162//1
f 162//1 161//1 163//1
f 162//1 163//1 164//1
f 164//1 163//1 165//1
f 164//1 165//1 166//1
f 166//1 165//1 167//1
f 166//1 167//1 168//1
f 168//1 167//1 169//1
f 168//1 169//1 170//1
f 170//1 169//1 171//1
f 170//1 171//1 172//1
f 172//1 173//1 170//1
f 170//1 173//1 75//1
f 75//1 173//1 174//1
f 75//1 174//1 175//1
f 175//1 176//1 75//1
f 75//1 176//1 77//1
f 90//1 177//1 83//1
f 83//1 177//1 84//1
f 79//1 86//1 19//1
f 19//1 86//1 178//1
f 19//1 178//1 114//1
f 122//1 179//1 120//1
f 71//1 180//1 69//1
f 32//1 181//1 4//1
f 4//1 181//1 182//1
f 4//1 182//1 29//1
f 31//1 26//1 3//1
f 28//1 183//1 6//1
f 6//1 183//1 184//1
f 6//1 184//1 23//1
f 23//1 184//1 185//1
f 23//1 185//1 186//1
f 186//1 185//1 187//1
f 186//1 187//1 188//1
f 188//1 189//1 186//1
f 186//1 189//1 190//1
f 186//1 190//1 191//1
f 191//1 190//1 192//1
f 191//1 192//1 193//1
f 193//1 192//1 194//1
f 193//1 194//1 195//1
f 195//1 194//1 196//1
f 195//1 196//1 197//1
f 197//1 196//1 198//1
f 197//1 198//1 199//1
f 199//1 198//1 200//1
f 199//1 200//1 201//1
f 201//1 200//1 202//1
f 201//1 202//1 203//1
f 203//1 202//1 204//1
f 203//1 204//1 205//1
f 205//1 204//1 206//1
f 205//1 206//1 207//1
f 207//1 206//1 208//1
f 207//1 208//1 209//1
f 209//1 208//1 210//1
f 209//1 210//1 211//1
f 211//1 210//1 151//1
f 151//1 210//1 149//1
f 208//1 212//1 210//1
f 42//1 213//1 47//1
f 47//1 213//1 214//1
f 47//1 214//1 215//1
f 24//1 216//1 213//1
f 213//1 216//1 217//1
f 213//1 217//1 218//1
f 219//1 220//1 141//1
f 141//1 220//1 221//1
f 141//1 221//1 222//1
f 222//1 223//1 141//1
f 141//1 223//1 143//1
f 24//1 146//1 216//1
f 216//1 146//1 224//1
f 216//1 224//1 225//1
f 225//1 224//1 226//1
f 225//1 226//1 227//1
f 227//1 226//1 228//1
f 227//1 228//1 229//1
f 229//1 228//1 230//1
f 229//1 230//1 231//1
f 231//1 230//1 232//1
f 231//1 232//1 233//1
f 233//1 232//1 234//1
f 234//1 232//1 235//1
f 234//1 235//1 236//1
f 234//1 236//1 237//1
f 237//1 236//1 238//1
f 237//1 238//1 239//1
f 239//1 238//1 240//1
f 239//1 240//1 241//1
f 241//1 240//1 242//1
f 241//1 242//1 243//1
f 243//1 242//1 47//1
f 243//1 47//1 244//1
f 244//1 47//1 245//1
f 245//1 47//1 246//1
f 246//1 47//1 247//1
f 247//1 47//1 215//1
f 242//1 117//1 47//1
f 142//1 248//1 141//1
f 141//1 248//1 219//1
f 218//1 249//1 213//1
f 213//1 249//1 250//1
f 213//1 250//1 251//1
f 251//1 252//1 213//1
f 213//1 252//1 253//1
f 213//1 253//1 214//1
f 82//1 254//1 74//1
f 74//1 254//1 75//1
f 255//1 19//1 256//1
f 256//1 19//1 21//1
f 256//1 21//1 257//1
f 257//1 21//1 258//1
f 258//1 21//1 259//1
f 259//1 21//1 260//1
f 260//1 21//1 261//1
f 261//1 21//1 262//1
f 262//1 21//1 263//1
f 262//1 263//1 264//1
f 264//1 263//1 265//1
f 265//1 263//1 266//1
f 266//1 263//1 267//1
f 267//1 263//1 268//1
f 268//1 263//1 269//1
f 269//1 263//1 47//1
f 269//1 47//1 270//1
f 270//1 47//1 271//1
f 271//1 47//1 272//1
f 272//1 47//1 273//1
f 273//1 47//1 274//1
f 274//1 47//1 275//1
f 275//1 47//1 19//1
f 275//1 19//1 276//1
f 276//1 19//1 277//1
f 277//1 19//1 278//1
f 278//1 19//1 279//1
f 279//1 19//1 255//1
f 280//1 281//1 282//1
f 282//1 281//1 283//1
f 282//1 283//1 75//1
f 75//1 283//1 170//1
f 284//1 285//1 286//1
f 286//1 285//1 287//1
f 287//1 285//1 74//1
f 287//1 74//1 76//1
f 170//1 283//1 168//1
f 168//1 283//1 288//1
f 168//1 288//1 166//1
f 166//1 288//1 289//1
f 166//1 289//1 164//1
f 164//1 289//1 290//1
f 164//1 290//1 162//1
f 162//1 290//1 291//1
f 162//1 291//1 160//1
f 160//1 291//1 292//1
f 160//1 292//1 158//1
f 158//1 292//1 293//1
f 158//1 293//1 156//1
f 156//1 293//1 294//1
f 156//1 294//1 154//1
f 154//1 294//1 295//1
f 154//1 295//1 152//1
f 152//1 295//1 296//1
f 152//1 296//1 150//1
f 150//1 296//1 297//1
f 150//1 297//1 298//1
f 298//1 297//1 299//1
f 298//1 299//1 300//1
f 283//1 281//1 288//1
f 288//1 281//1 301//1
f 288//1 301//1 289//1
f 289//1 301//1 302//1
f 289//1 302//1 290//1
f 290//1 302//1 303//1
f 290//1 303//1 291//1
f 291//1 303//1 304//1
f 291//1 304//1 292//1
f 292//1 304//1 305//1
f 292//1 305//1 293//1
f 293//1 305//1 306//1
f 293//1 306//1 294//1
f 294//1 306//1 307//1
f 294//1 307//1 295//1
f 295//1 307//1 308//1
f 295//1 308//1 296//1
f 296//1 308//1 309//1
f 296//1 309//1 297//1
f 297//1 309//1 299//1
f 281//1 280//1 301//1
f 310//1 311//1 300//1
f 300//1 311//1 312//1
f 300//1 312//1 313//1
f 314//1 315//1 310//1
f 310//1 315//1 316//1
f 310//1 316//1 317//1
f 318//1 319//1 314//1
f 314//1 319//1 320//1
f 314//1 320//1 315//1
f 315//1 320//1 209//1
f 315//1 209//1 211//1
f 319//1 318//1 321//1
f 321//1 318//1 322//1
f 321//1 322//1 323//1
f 323//1 322//1 324//1
f 323//1 324//1 325//1
f 325//1 324//1 326//1
f 325//1 326//1 327//1
f 327//1 326//1 328//1
f 327//1 328//1 329//1
f 329//1 328//1 330//1
f 329//1 330//1 331//1
f 331//1 330//1 332//1
f 331//1 332//1 333//1
f 333//1 332//1 334//1
f 333//1 334//1 335//1
f 335//1 334//1 336//1
f 335//1 336//1 337//1
f 337//1 336//1 338//1
f 337//1 339//1 335//1
f 335//1 339//1 191//1
f 335//1 191//1 333//1
f 333//1 191//1 193//1
f 333//1 193//1 331//1
f 331//1 193//1 195//1
f 331//1 195//1 329//1
f 329//1 195//1 197//1
f 329//1 197//1 327//1
f 327//1 197//1 199//1
f 327//1 199//1 325//1
f 325//1 199//1 201//1
f 325//1 201//1 323//1
f 323//1 201//1 203//1
f 323//1 203//1 321//1
f 321//1 203//1 205//1
f 321//1 205//1 319//1
f 319//1 205//1 207//1
f 319//1 207//1 320//1
f 320//1 207//1 209//1
f 339//1 186//1 191//1
f 151//1 340//1 211//1
f 211//1 340//1 341//1
f 211//1 341//1 342//1
f 150//1 298//1 151//1
f 151//1 298//1 343//1
f 151//1 343//1 344//1
f 344//1 345//1 151//1
f 151//1 345//1 346//1
f 151//1 346//1 347//1
f 347//1 340//1 151//1
f 342//1 348//1 211//1
f 211//1 348//1 349//1
f 211//1 349//1 350//1
f 350//1 315//1 211//1
f 317//1 351//1 310//1
f 310//1 351//1 352//1
f 310//1 352//1 353//1
f 353//1 311//1 310//1
f 313//1 354//1 300//1
f 300//1 354//1 355//1
f 300//1 355//1 356//1
f 356//1 298//1 300//1
f 357//1 358//1 359//1
f 359//1 358//1 360//1
f 358//1 361//1 360//1
f 360//1 361//1 362//1
f 363//1 364//1 361//1
f 361//1 364//1 365//1
f 361//1 365//1 366//1
f 361//1 366//1 367//1
f 367//1 366//1 368//1
f 367//1 368//1 369//1
f 369//1 370//1 367//1
f 367//1 370//1 371//1
f 367//1 371//1 372//1
f 372//1 371//1 373//1
f 372//1 373//1 374//1
f 374//1 375//1 372//1
f 372//1 375//1 376//1
f 372//1 376//1 377//1
f 376//1 375//1 378//1
f 378//1 375//1 379//1
f 378//1 379//1 380//1
f 380//1 379//1 381//1
f 380//1 381//1 382//1
f 382//1 381//1 383//1
f 382//1 383//1 384//1
f 385//1 386//1 384//1
f 384//1 386//1 387//1
f 384//1 387//1 382//1
f 386//1 385//1 388//1
f 388//1 385//1 389//1
f 388//1 389//1 390//1
f 390//1 389//1 391//1
f 390//1 391//1 392//1
f 392//1 391//1 393//1
f 392//1 393//1 394//1
f 394//1 393//1 395//1
f 394//1 395//1 361//1
f 361//1 395//1 396//1
f 361//1 396//1 397//1
f 397//1 398//1 361//1
f 361//1 398//1 399//1
f 361//1 399//1 363//1
f 377//1 400//1 372//1
f 372//1 400//1 401//1
f 372//1 401//1 402//1
f 372//1 402//1 357//1
f 357//1 402//1 403//1
f 357//1 403//1 404//1
f 357//1 404//1 358//1
f 358//1 404//1 405//1
f 358//1 405//1 406//1
f 406//1 407//1 358//1
f 358//1 407//1 408//1
f 358//1 408//1 409//1
f 409//1 410//1 358//1
f 358//1 410//1 411//1
f 358//1 411//1 412//1
f 412//1 394//1 358//1
f 358//1 394//1 361//1
f 357//1 413//1 372//1
f 359//1 414//1 357//1
f 357//1 414//1 413//1
f 22//1 20//1 415//1
f 415//1 20//1 416//1
f 415//1 416//1 417//1
f 417//1 416//1 137//1
f 417//1 137//1 135//1
f 20//1 18//1 416//1
f 416//1 18//1 139//1
f 416//1 139//1 137//1
f 18//1 17//1 139//1
f 417//1 135//1 418//1
f 418//1 135//1 133//1
f 418//1 133//1 419//1
f 419//1 133//1 131//1
f 419//1 131//1 420//1
f 420//1 131//1 129//1
f 420//1 129//1 421//1
f 421//1 129//1 127//1
f 421//1 127//1 422//1
f 422//1 127//1 125//1
f 422//1 125//1 423//1
f 423//1 125//1 123//1
f 423//1 123//1 424//1
f 424//1 123//1 121//1
f 424//1 121//1 425//1
f 425//1 121//1 426//1
f 425//1 426//1 427//1
f 427//1 426//1 428//1
f 428//1 426//1 429//1
f 428//1 429//1 430//1
f 121//1 73//1 426//1
f 426//1 73//1 431//1
f 431//1 73//1 432//1
f 432//1 73//1 433//1
f 433//1 73//1 434//1
f 434//1 73//1 435//1
f 435//1 73//1 436//1
f 436//1 73//1 72//1
f 436//1 72//1 437//1
f 437//1 72//1 438//1
f 438//1 72//1 439//1
f 439//1 72//1 440//1
f 440//1 72//1 441//1
f 441//1 72//1 442//1
f 442//1 72//1 70//1
f 442//1 70//1 443//1
f 443//1 70//1 68//1
f 443//1 68//1 444//1
f 444//1 68//1 66//1
f 444//1 66//1 445//1
f 445//1 66//1 64//1
f 445//1 64//1 446//1
f 446//1 64//1 62//1
f 446//1 62//1 447//1
f 447//1 62//1 60//1
f 447//1 60//1 448//1
f 448//1 60//1 58//1
f 448//1 58//1 449//1
f 449//1 58//1 56//1
f 449//1 56//1 450//1
f 450//1 56//1 451//1
f 450//1 451//1 452//1
f 452//1 451//1 453//1
f 453//1 451//1 454//1
f 453//1 454//1 455//1
f 455//1 454//1 456//1
f 456//1 454//1 52//1
f 456//1 52//1 49//1
f 56//1 54//1 451//1
f 451//1 54//1 454//1
f 54//1 52//1 454//1
f 455//1 457//1 453//1
f 452//1 458//1 450//1
f 450//1 458//1 459//1
f 450//1 459//1 449//1
f 449//1 459//1 460//1
f 449//1 460//1 448//1
f 448//1 460//1 461//1
f 448//1 461//1 447//1
f 447//1 461//1 462//1
f 447//1 462//1 446//1
f 446//1 462//1 463//1
f 446//1 463//1 445//1
f 445//1 463//1 464//1
f 445//1 464//1 444//1
f 444//1 464//1 465//1
f 444//1 465//1 443//1
f 443//1 465//1 442//1
f 465//1 466//1 442//1
f 442//1 466//1 467//1
f 467//1 466//1 468//1
f 468//1 466//1 469//1
f 469//1 466//1 470//1
f 470//1 466//1 471//1
f 471//1 466//1 472//1
f 472//1 466//1 428//1
f 472//1 428//1 473//1
f 473//1 428//1 474//1
f 474//1 428//1 475//1
f 475//1 428//1 430//1
f 427//1 476//1 425//1
f 425//1 476//1 424//1
f 476//1 477//1 424//1
f 424//1 477//1 423//1
f 477//1 478//1 423//1
f 423//1 478//1 422//1
f 478//1 479//1 422//1
f 422//1 479//1 421//1
f 479//1 480//1 421//1
f 421//1 480//1 420//1
f 480//1 481//1 420//1
f 420//1 481//1 419//1
f 481//1 482//1 419//1
f 419//1 482//1 418//1
f 482//1 483//1 418//1
f 418//1 483//1 417//1
f 483//1 415//1 417//1
f 7//1 484//1 5//1
f 5//1 484//1 485//1
f 5//1 485//1 486//1
f 486//1 485//1 487//1
f 486//1 487//1 282//1
f 282//1 487//1 285//1
f 282//1 285//1 284//1
f 2//1 11//1 7//1
f 7//1 11//1 12//1
f 7//1 12//1 488//1
f 488//1 12//1 489//1
f 489//1 12//1 490//1
f 490//1 12//1 491//1
f 491//1 12//1 492//1
f 492//1 12//1 493//1
f 493//1 12//1 494//1
f 494//1 12//1 495//1
f 495//1 12//1 16//1
f 495//1 16//1 496//1
f 496//1 16//1 497//1
f 497//1 16//1 498//1
f 498//1 16//1 499//1
f 499//1 16//1 500//1
f 500//1 16//1 501//1
f 501//1 16//1 502//1
f 501//1 502//1 503//1
f 1//1 504//1 2//1
f 2//1 504//1 505//1
f 2//1 505//1 506//1
f 5//1 507//1 1//1
f 1//1 507//1 508//1
f 1//1 508//1 509//1
f 14//1 510//1 16//1
f 16//1 510//1 511//1
f 16//1 511//1 512//1
f 11//1 513//1 14//1
f 14//1 513//1 514//1
f 14//1 514//1 515//1
f 415//1 516//1 22//1
f 22//1 516//1 517//1
f 22//1 517//1 518//1
f 516//1 415//1 519//1
f 519//1 415//1 483//1
f 519//1 483//1 520//1
f 520//1 483//1 482//1
f 520//1 482//1 521//1
f 521//1 482//1 481//1
f 521//1 481//1 522//1
f 522//1 481//1 480//1
f 522//1 480//1 523//1
f 523//1 480//1 479//1
f 523//1 479//1 524//1
f 524//1 479//1 478//1
f 524//1 478//1 525//1
f 525//1 478//1 477//1
f 525//1 477//1 526//1
f 526//1 477//1 476//1
f 526//1 476//1 527//1
f 527//1 476//1 427//1
f 527//1 427//1 528//1
f 528//1 427//1 428//1
f 528//1 428//1 529//1
f 529//1 428//1 466//1
f 529//1 466//1 465//1
f 529//1 465//1 530//1
f 530//1 465//1 464//1
f 530//1 464//1 531//1
f 531//1 464//1 463//1
f 531//1 463//1 532//1
f 532//1 463//1 462//1
f 532//1 462//1 533//1
f 533//1 462//1 461//1
f 533//1 461//1 534//1
f 534//1 461//1 460//1
f 534//1 460//1 535//1
f 535//1 460//1 459//1
f 535//1 459//1 536//1
f 536//1 459//1 458//1
f 536//1 458//1 537//1
f 537//1 458//1 452//1
f 537//1 452//1 538//1
f 538//1 452//1 453//1
f 538//1 453//1 539//1
f 539//1 453//1 457//1
f 539//1 457//1 540//1
f 540//1 457//1 541//1
f 541//1 457//1 263//1
f 541//1 263//1 542//1
f 542//1 263//1 543//1
f 542//1 543//1 544//1
f 544//1 543//1 545//1
f 544//1 545//1 546//1
f 546//1 545//1 547//1
f 546//1 547//1 548//1
f 21//1 549//1 263//1
f 263//1 549//1 550//1
f 263//1 550//1 551//1
f 22//1 518//1 21//1
f 21//1 518//1 359//1
f 21//1 359//1 360//1
f 552//1 553//1 284//1
f 284//1 553//1 554//1
f 284//1 554//1 555//1
f 553//1 552//1 556//1
f 556//1 552//1 557//1
f 556//1 557//1 558//1
f 558//1 557//1 559//1
f 558//1 559//1 560//1
f 560//1 559//1 561//1
f 560//1 561//1 562//1
f 562//1 561//1 563//1
f 562//1 563//1 564//1
f 564//1 563//1 565//1
f 564//1 565//1 566//1
f 566//1 565//1 567//1
f 566//1 567//1 568//1
f 566//1 568//1 569//1
f 569//1 568//1 570//1
f 569//1 570//1 571//1
f 571//1 570//1 572//1
f 571//1 572//1 573//1
f 573//1 572//1 574//1
f 573//1 574//1 575//1
f 575//1 574//1 576//1
f 575//1 576//1 577//1
f 577//1 576//1 578//1
f 577//1 578//1 579//1
f 579//1 578//1 580//1
f 580//1 578//1 581//1
f 581//1 578//1 414//1
f 581//1 414//1 582//1
f 582//1 414//1 359//1
f 582//1 359//1 583//1
f 583//1 359//1 584//1
f 584//1 359//1 585//1
f 585//1 359//1 518//1
f 362//1 586//1 360//1
f 360//1 586//1 549//1
f 360//1 549//1 21//1
f 587//1 285//1 362//1
f 362//1 285//1 588//1
f 362//1 588//1 586//1
f 586//1 588//1 589//1
f 586//1 589//1 590//1
f 282//1 591//1 280//1
f 280//1 591//1 592//1
f 280//1 592//1 593//1
f 338//1 594//1 486//1
f 486//1 594//1 595//1
f 486//1 595//1 596//1
f 336//1 597//1 338//1
f 338//1 597//1 598//1
f 338//1 598//1 599//1
f 597//1 336//1 600//1
f 600//1 336//1 334//1
f 600//1 334//1 601//1
f 601//1 334//1 332//1
f 601//1 332//1 602//1
f 602//1 332//1 330//1
f 602//1 330//1 603//1
f 603//1 330//1 328//1
f 603//1 328//1 604//1
f 604//1 328//1 326//1
f 604//1 326//1 605//1
f 605//1 326//1 324//1
f 605//1 324//1 606//1
f 606//1 324//1 322//1
f 606//1 322//1 607//1
f 607//1 322//1 318//1
f 607//1 318//1 608//1
f 608//1 318//1 314//1
f 608//1 314//1 609//1
f 609//1 314//1 310//1
f 609//1 310//1 300//1
f 609//1 300//1 610//1
f 610//1 300//1 299//1
f 610//1 299//1 611//1
f 611//1 299//1 309//1
f 611//1 309//1 612//1
f 612//1 309//1 308//1
f 612//1 308//1 613//1
f 613//1 308//1 307//1
f 613//1 307//1 614//1
f 614//1 307//1 306//1
f 614//1 306//1 615//1
f 615//1 306//1 305//1
f 615//1 305//1 616//1
f 616//1 305//1 304//1
f 616//1 304//1 617//1
f 617//1 304//1 303//1
f 617//1 303//1 618//1
f 618//1 303//1 302//1
f 618//1 302//1 619//1
f 619//1 302//1 301//1
f 619//1 301//1 620//1
f 620//1 301//1 280//1
f 620//1 280//1 593//1
f 621//1 527//1 528//1
f 555//1 622//1 284//1
f 284//1 622//1 282//1
f 622//1 623//1 282//1
f 282//1 623//1 624//1
f 282//1 624//1 625//1
f 625//1 591//1 282//1
f 611//1 626//1 610//1
f 609//1 627//1 608//1
f 599//1 594//1 338//1
f 596//1 628//1 486//1
f 486//1 628//1 5//1
f 628//1 629//1 5//1
f 5//1 629//1 630//1
f 5//1 630//1 507//1
f 509//1 504//1 1//1
f 506//1 631//1 2//1
f 2//1 631//1 632//1
f 2//1 632//1 11//1
f 11//1 632//1 633//1
f 11//1 633//1 634//1
f 634//1 513//1 11//1
f 515//1 510//1 14//1
f 635//1 636//1 512//1
f 512//1 636//1 637//1
f 512//1 637//1 16//1
f 16//1 637//1 638//1
f 16//1 638//1 639//1
f 636//1 635//1 548//1
f 548//1 635//1 546//1
f 530//1 640//1 529//1
f 488//1 641//1 7//1
f 7//1 641//1 484//1
f 641//1 642//1 484//1
f 484//1 642//1 643//1
f 484//1 643//1 588//1
f 588//1 643//1 589//1
f 590//1 644//1 586//1
f 586//1 644//1 645//1
f 586//1 645//1 551//1
f 551//1 645//1 646//1
f 551//1 646//1 647//1
f 644//1 648//1 645//1
f 645//1 648//1 649//1
f 649//1 648//1 650//1
f 649//1 650//1 651//1
f 651//1 650//1 652//1
f 651//1 652//1 653//1
f 653//1 652//1 654//1
f 653//1 654//1 503//1
f 503//1 654//1 501//1
f 647//1 655//1 551//1
f 551//1 655//1 656//1
f 551//1 656//1 657//1
f 657//1 658//1 551//1
f 551//1 658//1 659//1
f 551//1 659//1 660//1
f 551//1 660//1 263//1
f 263//1 660//1 543//1
f 639//1 661//1 16//1
f 16//1 661//1 662//1
f 16//1 662//1 502//1
f 487//1 588//1 285//1
f 75//1 663//1 282//1
f 282//1 663//1 664//1
f 282//1 664//1 665//1
f 254//1 666//1 75//1
f 75//1 666//1 667//1
f 75//1 667//1 668//1
f 254//1 669//1 666//1
f 666//1 669//1 670//1
f 670//1 669//1 671//1
f 671//1 669//1 672//1
f 672//1 669//1 673//1
f 672//1 673//1 674//1
f 674//1 673//1 675//1
f 675//1 673//1 676//1
f 676//1 673//1 677//1
f 677//1 673//1 486//1
f 677//1 486//1 678//1
f 678//1 486//1 679//1
f 679//1 486//1 680//1
f 680//1 486//1 681//1
f 681//1 486//1 682//1
f 682//1 486//1 282//1
f 682//1 282//1 683//1
f 683//1 282//1 684//1
f 684//1 282//1 685//1
f 685//1 282//1 665//1
f 668//1 686//1 75//1
f 75//1 686//1 687//1
f 75//1 687//1 688//1
f 688//1 663//1 75//1
f 284//1 286//1 552//1
f 552//1 286//1 689//1
f 552//1 689//1 690//1
f 690//1 689//1 109//1
f 690//1 109//1 107//1
f 286//1 287//1 689//1
f 689//1 287//1 111//1
f 689//1 111//1 109//1
f 287//1 76//1 111//1
f 690//1 107//1 691//1
f 691//1 107//1 105//1
f 691//1 105//1 692//1
f 692//1 105//1 103//1
f 692//1 103//1 693//1
f 693//1 103//1 694//1
f 693//1 694//1 695//1
f 103//1 101//1 694//1
f 694//1 101//1 696//1
f 696//1 101//1 697//1
f 697//1 101//1 698//1
f 698//1 101//1 699//1
f 699//1 101//1 700//1
f 700//1 101//1 100//1
f 700//1 100//1 701//1
f 701//1 100//1 702//1
f 702//1 100//1 703//1
f 703//1 100//1 704//1
f 704//1 100//1 705//1
f 705//1 100//1 706//1
f 706//1 100//1 98//1
f 706//1 98//1 707//1
f 707//1 98//1 96//1
f 707//1 96//1 708//1
f 708//1 96//1 94//1
f 708//1 94//1 709//1
f 709//1 94//1 92//1
f 709//1 92//1 710//1
f 710//1 92//1 87//1
f 710//1 87//1 711//1
f 711//1 87//1 712//1
f 711//1 712//1 713//1
f 87//1 83//1 712//1
f 578//1 576//1 713//1
f 713//1 576//1 711//1
f 576//1 574//1 711//1
f 711//1 574//1 710//1
f 574//1 572//1 710//1
f 710//1 572//1 709//1
f 572//1 570//1 709//1
f 709//1 570//1 708//1
f 570//1 568//1 708//1
f 708//1 568//1 707//1
f 707//1 568//1 706//1
f 706//1 568//1 567//1
f 706//1 567//1 714//1
f 714//1 567//1 715//1
f 715//1 567//1 716//1
f 716//1 567//1 717//1
f 717//1 567//1 718//1
f 718//1 567//1 719//1
f 719//1 567//1 565//1
f 719//1 565//1 720//1
f 720//1 565//1 721//1
f 721//1 565//1 722//1
f 722//1 565//1 723//1
f 723//1 565//1 724//1
f 724//1 565//1 563//1
f 724//1 563//1 693//1
f 693//1 563//1 561//1
f 693//1 561//1 692//1
f 692//1 561//1 559//1
f 692//1 559//1 691//1
f 691//1 559//1 557//1
f 691//1 557//1 690//1
f 690//1 557//1 552//1
f 695//1 724//1 693//1
f 285//1 725//1 74//1
f 74//1 725//1 726//1
f 74//1 726//1 727//1
f 587//1 728//1 285//1
f 285//1 728//1 729//1
f 285//1 729//1 730//1
f 587//1 367//1 728//1
f 728//1 367//1 731//1
f 731//1 367//1 732//1
f 732//1 367//1 733//1
f 733//1 367//1 734//1
f 734//1 367//1 372//1
f 734//1 372//1 735//1
f 735//1 372//1 736//1
f 736//1 372//1 737//1
f 737//1 372//1 79//1
f 737//1 79//1 738//1
f 738//1 79//1 739//1
f 739//1 79//1 740//1
f 740//1 79//1 741//1
f 741//1 79//1 742//1
f 742//1 79//1 74//1
f 742//1 74//1 743//1
f 743//1 74//1 744//1
f 744//1 74//1 745//1
f 745//1 74//1 727//1
f 730//1 746//1 285//1
f 285//1 746//1 747//1
f 285//1 747//1 748//1
f 748//1 725//1 285//1
f 414//1 578//1 413//1
f 413//1 578//1 713//1
f 413//1 713//1 712//1
f 83//1 79//1 712//1
f 712//1 79//1 413//1
f 79//1 372//1 413//1
f 749//1 380//1 750//1
f 750//1 380//1 382//1
f 750//1 382//1 751//1
f 751//1 382//1 387//1
f 751//1 387//1 752//1
f 752//1 387//1 386//1
f 752//1 386//1 753//1
f 753//1 386//1 388//1
f 753//1 388//1 754//1
f 754//1 388//1 390//1
f 754//1 390//1 755//1
f 755//1 390//1 392//1
f 755//1 392//1 756//1
f 756//1 392//1 394//1
f 756//1 394//1 757//1
f 757//1 394//1 412//1
f 757//1 412//1 758//1
f 758//1 412//1 411//1
f 758//1 411//1 759//1
f 759//1 411//1 410//1
f 759//1 410//1 760//1
f 760//1 410//1 409//1
f 760//1 409//1 761//1
f 761//1 409//1 408//1
f 761//1 408//1 762//1
f 762//1 408//1 407//1
f 762//1 407//1 763//1
f 763//1 407//1 406//1
f 763//1 406//1 764//1
f 764//1 406//1 405//1
f 764//1 405//1 765//1
f 765//1 405//1 404//1
f 765//1 404//1 766//1
f 766//1 404//1 403//1
f 766//1 403//1 767//1
f 767//1 403//1 402//1
f 767//1 402//1 768//1
f 768//1 402//1 401//1
f 768//1 401//1 769//1
f 769//1 401//1 400//1
f 769//1 400//1 770//1
f 770//1 400//1 377//1
f 770//1 377//1 771//1
f 771//1 377//1 376//1
f 771//1 376//1 772//1
f 772//1 376//1 378//1
f 772//1 378//1 749//1
f 749//1 378//1 380//1
f 773//1 365//1 774//1
f 774//1 365//1 364//1
f 774//1 364//1 775//1
f 775//1 364//1 363//1
f 775//1 363//1 776//1
f 776//1 363//1 399//1
f 776//1 399//1 777//1
f 777//1 399//1 398//1
f 777//1 398//1 778//1
f 778//1 398//1 397//1
f 778//1 397//1 779//1
f 779//1 397//1 396//1
f 779//1 396//1 780//1
f 780//1 396//1 395//1
f 780//1 395//1 781//1
f 781//1 395//1 393//1
f 781//1 393//1 782//1
f 782//1 393//1 391//1
f 782//1 391//1 783//1
f 783//1 391//1 389//1
f 783//1 389//1 784//1
f 784//1 389//1 385//1
f 784//1 385//1 785//1
f 785//1 385//1 384//1
f 785//1 384//1 786//1
f 786//1 384//1 383//1
f 786//1 383//1 787//1
f 787//1 383//1 381//1
f 787//1 381//1 788//1
f 788//1 381//1 379//1
f 788//1 379//1 789//1
f 789//1 379//1 375//1
f 789//1 375//1 790//1
f 790//1 375//1 374//1
f 790//1 374//1 791//1
f 791//1 374//1 373//1
f 791//1 373//1 792//1
f 792//1 373//1 371//1
f 792//1 371//1 793//1
f 793//1 371//1 370//1
f 793//1 370//1 794//1
f 794//1 370//1 369//1
f 794//1 369//1 795//1
f 795//1 369//1 368//1
f 795//1 368//1 796//1
f 796//1 368//1 366//1
f 796//1 366//1 773//1
f 773//1 366//1 365//1
f 797//1 798//1 799//1
f 799//1 798//1 800//1
f 799//1 800//1 801//1
f 801//1 800//1 802//1
f 801//1 802//1 803//1
f 803//1 802//1 804//1
f 803//1 804//1 805//1
f 805//1 804//1 806//1
f 805//1 806//1 807//1
f 807//1 806//1 808//1
f 807//1 808//1 809//1
f 809//1 808//1 810//1
f 809//1 810//1 811//1
f 811//1 810//1 812//1
f 811//1 812//1 813//1
f 813//1 812//1 814//1
f 813//1 814//1 815//1
f 815//1 814//1 816//1
f 815//1 816//1 817//1
f 817//1 816//1 818//1
f 817//1 818//1 819//1
f 819//1 818//1 820//1
f 819//1 820//1 821//1
f 821//1 820//1 822//1
f 821//1 822//1 823//1
f 823//1 822//1 824//1
f 823//1 824//1 825//1
f 825//1 824//1 826//1
f 825//1 826//1 827//1
f 827//1 826//1 828//1
f 827//1 828//1 829//1
f 829//1 828//1 830//1
f 829//1 830//1 831//1
f 831//1 830//1 832//1
f 831//1 832//1 833//1
f 833//1 832//1 834//1
f 833//1 834//1 835//1
f 835//1 834//1 836//1
f 835//1 836//1 837//1
f 837//1 836//1 838//1
f 837//1 838//1 839//1
f 839//1 838//1 840//1
f 839//1 840//1 841//1
f 841//1 840//1 842//1
f 841//1 842//1 843//1
f 843//1 842//1 844//1
f 843//1 844//1 797//1
f 797//1 844//1 798//1
f 254//1 82//1 669//1
f 669//1 82//1 845//1
f 846//1 847//1 848//1
f 848//1 847//1 849//1
f 848//1 849//1 850//1
f 850//1 849//1 851//1
f 850//1 851//1 852//1
f 852//1 851//1 853//1
f 852//1 853//1 854//1
f 854//1 853//1 855//1
f 854//1 855//1 856//1
f 856//1 855//1 857//1
f 856//1 857//1 858//1
f 858//1 857//1 859//1
f 858//1 859//1 860//1
f 860//1 859//1 861//1
f 860//1 861//1 862//1
f 862//1 861//1 863//1
f 862//1 863//1 864//1
f 864//1 863//1 865//1
f 864//1 865//1 866//1
f 866//1 865//1 867//1
f 866//1 867//1 868//1
f 868//1 867//1 869//1
f 868//1 869//1 870//1
f 870//1 869//1 871//1
f 870//1 871//1 872//1
f 872//1 871//1 873//1
f 872//1 873//1 874//1
f 874//1 873//1 875//1
f 874//1 875//1 876//1
f 876//1 875//1 877//1
f 876//1 877//1 878//1
f 878//1 877//1 879//1
f 878//1 879//1 880//1
f 880//1 879//1 881//1
f 880//1 881//1 882//1
f 882//1 881//1 883//1
f 882//1 883//1 884//1
f 884//1 883//1 885//1
f 884//1 885//1 886//1
f 886//1 885//1 887//1
f 886//1 887//1 888//1
f 888//1 887//1 889//1
f 888//1 889//1 890//1
f 890//1 889//1 891//1
f 890//1 891//1 892//1
f 892//1 891//1 893//1
f 892//1 893//1 846//1
f 846//1 893//1 847//1
f 82//1 23//1 845//1
f 845//1 23//1 894//1
f 801//1 849//1 799//1
f 799//1 849//1 847//1
f 799//1 847//1 797//1
f 797//1 847//1 893//1
f 797//1 893//1 843//1
f 843//1 893//1 891//1
f 843//1 891//1 841//1
f 841//1 891//1 889//1
f 841//1 889//1 839//1
f 839//1 889//1 887//1
f 839//1 887//1 837//1
f 837//1 887//1 669//1
f 837//1 669//1 835//1
f 835//1 669//1 833//1
f 833//1 669//1 831//1
f 831//1 669//1 829//1
f 829//1 669//1 827//1
f 827//1 669//1 845//1
f 827//1 845//1 825//1
f 825//1 845//1 823//1
f 823//1 845//1 821//1
f 821//1 845//1 819//1
f 819//1 845//1 817//1
f 817//1 845//1 815//1
f 815//1 845//1 813//1
f 813//1 845//1 811//1
f 811//1 845//1 861//1
f 811//1 861//1 859//1
f 849//1 801//1 851//1
f 851//1 801//1 803//1
f 851//1 803//1 853//1
f 853//1 803//1 805//1
f 853//1 805//1 855//1
f 855//1 805//1 807//1
f 855//1 807//1 857//1
f 857//1 807//1 809//1
f 857//1 809//1 859//1
f 859//1 809//1 811//1
f 845//1 894//1 861//1
f 861//1 894//1 863//1
f 863//1 894//1 865//1
f 865//1 894//1 867//1
f 867//1 894//1 869//1
f 869//1 894//1 871//1
f 871//1 894//1 873//1
f 873//1 894//1 875//1
f 875//1 894//1 877//1
f 877//1 894//1 879//1
f 879//1 894//1 673//1
f 879//1 673//1 881//1
f 881//1 673//1 883//1
f 883//1 673//1 885//1
f 885//1 673//1 887//1
f 887//1 673//1 669//1
f 895//1 231//1 896//1
f 896//1 231//1 233//1
f 896//1 233//1 897//1
f 897//1 233//1 234//1
f 897//1 234//1 898//1
f 898//1 234//1 237//1
f 898//1 237//1 899//1
f 899//1 237//1 239//1
f 899//1 239//1 900//1
f 900//1 239//1 241//1
f 900//1 241//1 901//1
f 901//1 241//1 243//1
f 901//1 243//1 902//1
f 902//1 243//1 244//1
f 902//1 244//1 903//1
f 903//1 244//1 245//1
f 903//1 245//1 904//1
f 904//1 245//1 246//1
f 904//1 246//1 905//1
f 905//1 246//1 247//1
f 905//1 247//1 906//1
f 906//1 247//1 215//1
f 906//1 215//1 907//1
f 907//1 215//1 214//1
f 907//1 214//1 908//1
f 908//1 214//1 253//1
f 908//1 253//1 909//1
f 909//1 253//1 252//1
f 909//1 252//1 910//1
f 910//1 252//1 251//1
f 910//1 251//1 911//1
f 911//1 251//1 250//1
f 911//1 250//1 912//1
f 912//1 250//1 249//1
f 912//1 249//1 913//1
f 913//1 249//1 218//1
f 913//1 218//1 914//1
f 914//1 218//1 217//1
f 914//1 217//1 915//1
f 915//1 217//1 216//1
f 915//1 216//1 916//1
f 916//1 216//1 225//1
f 916//1 225//1 917//1
f 917//1 225//1 227//1
f 917//1 227//1 918//1
f 918//1 227//1 229//1
f 918//1 229//1 895//1
f 895//1 229//1 231//1
f 919//1 221//1 920//1
f 920//1 221//1 220//1
f 920//1 220//1 921//1
f 921//1 220//1 219//1
f 921//1 219//1 922//1
f 922//1 219//1 248//1
f 922//1 248//1 923//1
f 923//1 248//1 142//1
f 923//1 142//1 924//1
f 924//1 142//1 119//1
f 924//1 119//1 925//1
f 925//1 119//1 118//1
f 925//1 118//1 926//1
f 926//1 118//1 117//1
f 926//1 117//1 927//1
f 927//1 117//1 242//1
f 927//1 242//1 928//1
f 928//1 242//1 240//1
f 928//1 240//1 929//1
f 929//1 240//1 238//1
f 929//1 238//1 930//1
f 930//1 238//1 236//1
f 930//1 236//1 931//1
f 931//1 236//1 235//1
f 931//1 235//1 932//1
f 932//1 235//1 232//1
f 932//1 232//1 933//1
f 933//1 232//1 230//1
f 933//1 230//1 934//1
f 934//1 230//1 228//1
f 934//1 228//1 935//1
f 935//1 228//1 226//1
f 935//1 226//1 936//1
f 936//1 226//1 224//1
f 936//1 224//1 937//1
f 937//1 224//1 146//1
f 937//1 146//1 938//1
f 938//1 146//1 145//1
f 938//1 145//1 939//1
f 939//1 145//1 144//1
f 939//1 144//1 940//1
f 940//1 144//1 143//1
f 940//1 143//1 941//1
f 941//1 143//1 223//1
f 941//1 223//1 942//1
f 942//1 223//1 222//1
f 942//1 222//1 919//1
f 919//1 222//1 221//1
f 943//1 551//1 944//1
f 944//1 551//1 550//1
f 944//1 550//1 945//1
f 945//1 946//1 944//1
f 947//1 586//1 948//1
f 948//1 586//1 551//1
f 948//1 551//1 943//1
f 948//1 949//1 947//1
f 944//1 950//1 943//1
f 943//1 950//1 951//1
f 943//1 951//1 952//1
f 953//1 954//1 944//1
f 944//1 954//1 955//1
f 944//1 955//1 956//1
f 957//1 958//1 953//1
f 953//1 958//1 959//1
f 953//1 959//1 960//1
f 960//1 959//1 961//1
f 961//1 959//1 962//1
f 961//1 962//1 963//1
f 963//1 962//1 964//1
f 963//1 964//1 965//1
f 965//1 964//1 966//1
f 965//1 966//1 967//1
f 967//1 966//1 968//1
f 967//1 968//1 969//1
f 969//1 968//1 970//1
f 969//1 970//1 971//1
f 971//1 970//1 972//1
f 971//1 972//1 973//1
f 973//1 972//1 974//1
f 973//1 974//1 975//1
f 975//1 974//1 976//1
f 975//1 976//1 977//1
f 977//1 976//1 978//1
f 977//1 978//1 979//1
f 979//1 978//1 980//1
f 979//1 980//1 948//1
f 948//1 980//1 981//1
f 948//1 981//1 982//1
f 982//1 981//1 983//1
f 982//1 983//1 984//1
f 982//1 985//1 957//1
f 957//1 985//1 986//1
f 957//1 986//1 987//1
f 979//1 948//1 952//1
f 952//1 948//1 943//1
f 960//1 988//1 953//1
f 953//1 988//1 989//1
f 953//1 989//1 990//1
f 990//1 991//1 953//1
f 953//1 991//1 992//1
f 953//1 992//1 993//1
f 993//1 954//1 953//1
f 956//1 994//1 944//1
f 944//1 994//1 950//1
f 987//1 995//1 957//1
f 957//1 995//1 996//1
f 957//1 996//1 997//1
f 997//1 958//1 957//1
f 984//1 998//1 982//1
f 982//1 998//1 999//1
f 982//1 999//1 1000//1
f 1000//1 985//1 982//1
f 1001//1 549//1 947//1
f 947//1 549//1 586//1
f 549//1 1001//1 550//1
f 550//1 1001//1 945//1
f 485//1 1002//1 487//1
f 487//1 1002//1 1003//1
f 1004//1 1002//1 484//1
f 484//1 1002//1 485//1
f 1005//1 588//1 1003//1
f 1003//1 588//1 487//1
f 588//1 1005//1 484//1
f 484//1 1005//1 1004//1
f 897//1 931//1 896//1
f 896//1 931//1 932//1
f 896//1 932//1 895//1
f 895//1 932//1 933//1
f 895//1 933//1 918//1
f 918//1 933//1 934//1
f 918//1 934//1 917//1
f 917//1 934//1 935//1
f 917//1 935//1 916//1
f 916//1 935//1 936//1
f 916//1 936//1 915//1
f 915//1 936//1 937//1
f 915//1 937//1 949//1
f 949//1 937//1 938//1
f 949//1 938//1 947//1
f 947//1 938//1 939//1
f 947//1 939//1 940//1
f 931//1 897//1 930//1
f 930//1 897//1 898//1
f 930//1 898//1 929//1
f 929//1 898//1 899//1
f 929//1 899//1 928//1
f 928//1 899//1 900//1
f 928//1 900//1 927//1
f 927//1 900//1 901//1
f 927//1 901//1 945//1
f 945//1 901//1 902//1
f 945//1 902//1 903//1
f 903//1 904//1 945//1
f 945//1 904//1 905//1
f 945//1 905//1 906//1
f 906//1 907//1 945//1
f 945//1 907//1 908//1
f 945//1 908//1 946//1
f 946//1 908//1 909//1
f 946//1 909//1 910//1
f 910//1 911//1 946//1
f 946//1 911//1 912//1
f 946//1 912//1 1006//1
f 1006//1 912//1 913//1
f 1006//1 913//1 914//1
f 1006//1 914//1 949//1
f 949//1 914//1 915//1
f 921//1 1001//1 920//1
f 920//1 1001//1 947//1
f 920//1 947//1 919//1
f 919//1 947//1 942//1
f 942//1 947//1 941//1
f 941//1 947//1 940//1
f 921//1 922//1 1001//1
f 1001//1 922//1 923//1
f 1001//1 923//1 924//1
f 924//1 925//1 1001//1
f 1001//1 925//1 926//1
f 1001//1 926//1 945//1
f 945//1 926//1 927//1
f 798//1 848//1 800//1
f 800//1 848//1 850//1
f 800//1 850//1 802//1
f 802//1 850//1 852//1
f 802//1 852//1 804//1
f 804//1 852//1 806//1
f 806//1 852//1 854//1
f 806//1 854//1 808//1
f 808//1 854//1 856//1
f 808//1 856//1 810//1
f 810//1 856//1 858//1
f 810//1 858//1 1004//1
f 1004//1 858//1 860//1
f 1004//1 860//1 862//1
f 848//1 798//1 846//1
f 846//1 798//1 844//1
f 846//1 844//1 892//1
f 892//1 844//1 890//1
f 890//1 844//1 842//1
f 890//1 842//1 888//1
f 888//1 842//1 840//1
f 888//1 840//1 886//1
f 886//1 840//1 838//1
f 886//1 838//1 1002//1
f 1002//1 838//1 836//1
f 1002//1 836//1 1003//1
f 1003//1 836//1 834//1
f 1003//1 834//1 832//1
f 832//1 830//1 1003//1
f 1003//1 830//1 828//1
f 1003//1 828//1 826//1
f 826//1 824//1 1003//1
f 1003//1 824//1 1005//1
f 1005//1 824//1 822//1
f 1005//1 822//1 820//1
f 820//1 818//1 1005//1
f 1005//1 818//1 816//1
f 1005//1 816//1 814//1
f 814//1 812//1 1005//1
f 1005//1 812//1 1004//1
f 1004//1 812//1 810//1
f 862//1 864//1 1004//1
f 1004//1 864//1 866//1
f 1004//1 866//1 868//1
f 868//1 870//1 1004//1
f 1004//1 870//1 872//1
f 1004//1 872//1 1002//1
f 1002//1 872//1 874//1
f 1002//1 874//1 876//1
f 876//1 878//1 1002//1
f 1002//1 878//1 880//1
f 1002//1 880//1 882//1
f 882//1 884//1 1002//1
f 1002//1 884//1 886//1
f 25//1 957//1 42//1
f 42//1 957//1 953//1
f 982//1 24//1 949//1
f 949//1 24//1 213//1
f 949//1 213//1 1006//1
f 949//1 948//1 982//1
f 1006//1 213//1 946//1
f 946//1 213//1 42//1
f 946//1 42//1 953//1
f 953//1 944//1 946//1
f 957//1 25//1 982//1
f 982//1 25//1 24//1
f 971//1 503//1 969//1
f 969//1 503//1 502//1
f 969//1 502//1 967//1
f 967//1 502//1 662//1
f 967//1 662//1 965//1
f 965//1 662//1 661//1
f 965//1 661//1 963//1
f 963//1 661//1 639//1
f 963//1 639//1 961//1
f 961//1 639//1 638//1
f 961//1 638//1 960//1
f 960//1 638//1 637//1
f 960//1 637//1 988//1
f 988//1 637//1 636//1
f 988//1 636//1 989//1
f 989//1 636//1 548//1
f 989//1 548//1 990//1
f 990//1 548//1 547//1
f 990//1 547//1 991//1
f 991//1 547//1 545//1
f 991//1 545//1 992//1
f 992//1 545//1 543//1
f 992//1 543//1 993//1
f 993//1 543//1 660//1
f 993//1 660//1 954//1
f 954//1 660//1 659//1
f 954//1 659//1 955//1
f 955//1 659//1 658//1
f 955//1 658//1 956//1
f 956//1 658//1 657//1
f 956//1 657//1 994//1
f 994//1 657//1 656//1
f 994//1 656//1 950//1
f 950//1 656//1 655//1
f 950//1 655//1 951//1
f 951//1 655//1 647//1
f 951//1 647//1 952//1
f 952//1 647//1 646//1
f 952//1 646//1 979//1
f 979//1 646//1 645//1
f 979//1 645//1 977//1
f 977//1 645//1 649//1
f 977//1 649//1 975//1
f 975//1 649//1 651//1
f 975//1 651//1 973//1
f 973//1 651//1 653//1
f 973//1 653//1 971//1
f 971//1 653//1 503//1
f 1000//1 488//1 985//1
f 985//1 488//1 489//1
f 985//1 489//1 986//1
f 986//1 489//1 490//1
f 986//1 490//1 987//1
f 987//1 490//1 491//1
f 987//1 491//1 995//1
f 995//1 491//1 492//1
f 995//1 492//1 996//1
f 996//1 492//1 493//1
f 996//1 493//1 997//1
f 997//1 493//1 494//1
f 997//1 494//1 958//1
f 958//1 494//1 495//1
f 958//1 495//1 959//1
f 959//1 495//1 496//1
f 959//1 496//1 962//1
f 962//1 496//1 497//1
f 962//1 497//1 964//1
f 964//1 497//1 498//1
f 964//1 498//1 966//1
f 966//1 498//1 499//1
f 966//1 499//1 968//1
f 968//1 499//1 500//1
f 968//1 500//1 970//1
f 970//1 500//1 501//1
f 970//1 501//1 972//1
f 972//1 501//1 654//1
f 972//1 654//1 974//1
f 974//1 654//1 652//1
f 974//1 652//1 976//1
f 976//1 652//1 650//1
f 976//1 650//1 978//1
f 978//1 650//1 648//1
f 978//1 648//1 980//1
f 980//1 648//1 644//1
f 980//1 644//1 981//1
f 981//1 644//1 590//1
f 981//1 590//1 983//1
f 983//1 590//1 589//1
f 983//1 589//1 984//1
f 984//1 589//1 643//1
f 984//1 643//1 998//1
f 998//1 643//1 642//1
f 998//1 642//1 999//1
f 999//1 642//1 641//1
f 999//1 641//1 1000//1
f 1000//1 641//1 488//1
f 1007//1 1008//1 140//1
f 140//1 1008//1 80//1
f 1009//1 141//1 1010//1
f 1010//1 141//1 81//1
f 1010//1 81//1 1008//1
f 1008//1 81//1 80//1
f 1009//1 762//1 1007//1
f 1007//1 762//1 763//1
f 1007//1 763//1 764//1
f 1010//1 780//1 1009//1
f 1009//1 780//1 781//1
f 1009//1 781//1 755//1
f 755//1 781//1 782//1
f 755//1 782//1 754//1
f 754//1 782//1 783//1
f 754//1 783//1 753//1
f 753//1 783//1 784//1
f 753//1 784//1 752//1
f 752//1 784//1 785//1
f 752//1 785//1 751//1
f 751//1 785//1 786//1
f 751//1 786//1 750//1
f 750//1 786//1 787//1
f 750//1 787//1 749//1
f 749//1 787//1 788//1
f 749//1 788//1 772//1
f 772//1 788//1 789//1
f 772//1 789//1 771//1
f 771//1 789//1 790//1
f 771//1 790//1 770//1
f 770//1 790//1 791//1
f 770//1 791//1 769//1
f 769//1 791//1 1007//1
f 769//1 1007//1 768//1
f 768//1 1007//1 767//1
f 767//1 1007//1 766//1
f 766//1 1007//1 765//1
f 765//1 1007//1 764//1
f 1008//1 774//1 1010//1
f 1010//1 774//1 775//1
f 1010//1 775//1 776//1
f 1007//1 792//1 1008//1
f 1008//1 792//1 793//1
f 1008//1 793//1 794//1
f 776//1 777//1 1010//1
f 1010//1 777//1 778//1
f 1010//1 778//1 779//1
f 779//1 780//1 1010//1
f 791//1 792//1 1007//1
f 794//1 795//1 1008//1
f 1008//1 795//1 796//1
f 1008//1 796//1 773//1
f 773//1 774//1 1008//1
f 755//1 756//1 1009//1
f 1009//1 756//1 757//1
f 1009//1 757//1 758//1
f 758//1 759//1 1009//1
f 1009//1 759//1 760//1
f 1009//1 760//1 761//1
f 761//1 762//1 1009//1
f 1009//1 1007//1 141//1
f 141//1 1007//1 140//1
f 362//1 361//1 587//1
f 587//1 361//1 367//1
f 1011//1 1012//1 1013//1
f 1013//1 1012//1 1014//1
f 1013//1 1014//1 33//1
f 33//1 1014//1 1015//1
f 33//1 1015//1 1016//1
f 1016//1 1017//1 33//1
f 33//1 1017//1 1018//1
f 33//1 1018//1 1019//1
f 33//1 1019//1 32//1
f 32//1 1019//1 1020//1
f 32//1 1020//1 1021//1
f 1021//1 1022//1 32//1
f 32//1 1022//1 1023//1
f 32//1 1023//1 1024//1
f 32//1 1024//1 1025//1
f 1025//1 1024//1 1026//1
f 1025//1 1026//1 1027//1
f 1025//1 1027//1 631//1
f 631//1 1027//1 1028//1
f 631//1 1028//1 1029//1
f 1029//1 1030//1 631//1
f 631//1 1030//1 1031//1
f 631//1 1031//1 1032//1
f 631//1 1032//1 632//1
f 632//1 1032//1 1033//1
f 632//1 1033//1 1034//1
f 1034//1 1035//1 632//1
f 632//1 1035//1 1036//1
f 632//1 1036//1 1011//1
f 632//1 1011//1 1013//1
f 212//1 208//1 1037//1
f 1037//1 208//1 1038//1
f 1037//1 1038//1 1039//1
f 1039//1 1038//1 608//1
f 1039//1 608//1 627//1
f 1038//1 208//1 1040//1
f 1040//1 208//1 206//1
f 1040//1 206//1 1041//1
f 1041//1 206//1 204//1
f 1041//1 204//1 1042//1
f 1042//1 204//1 202//1
f 1042//1 202//1 1043//1
f 1043//1 202//1 200//1
f 1043//1 200//1 1044//1
f 1044//1 200//1 198//1
f 1044//1 198//1 1045//1
f 1045//1 198//1 196//1
f 1045//1 196//1 1046//1
f 1046//1 196//1 194//1
f 1046//1 194//1 1047//1
f 1047//1 194//1 192//1
f 1047//1 192//1 1048//1
f 1048//1 192//1 190//1
f 1048//1 190//1 1049//1
f 1049//1 190//1 189//1
f 1049//1 189//1 1050//1
f 1050//1 189//1 188//1
f 1050//1 188//1 1051//1
f 1051//1 188//1 187//1
f 1051//1 187//1 1052//1
f 1052//1 187//1 185//1
f 1052//1 185//1 1053//1
f 1053//1 185//1 184//1
f 1053//1 184//1 1054//1
f 1054//1 184//1 183//1
f 1054//1 183//1 1055//1
f 1055//1 183//1 28//1
f 1055//1 28//1 1056//1
f 1056//1 28//1 27//1
f 1056//1 27//1 1057//1
f 1057//1 27//1 26//1
f 1057//1 26//1 1058//1
f 1058//1 26//1 31//1
f 1058//1 31//1 1059//1
f 1059//1 31//1 30//1
f 1059//1 30//1 1060//1
f 1060//1 30//1 29//1
f 1060//1 29//1 1061//1
f 1061//1 29//1 182//1
f 1061//1 182//1 1062//1
f 1062//1 182//1 181//1
f 1062//1 181//1 1025//1
f 1025//1 181//1 32//1
f 1013//1 33//1 1063//1
f 1063//1 33//1 34//1
f 1063//1 34//1 1064//1
f 1064//1 34//1 35//1
f 1064//1 35//1 1065//1
f 1065//1 35//1 36//1
f 1065//1 36//1 1066//1
f 1066//1 36//1 37//1
f 1066//1 37//1 1067//1
f 1067//1 37//1 38//1
f 1067//1 38//1 1068//1
f 1068//1 38//1 39//1
f 1068//1 39//1 1069//1
f 1069//1 39//1 40//1
f 1069//1 40//1 1070//1
f 1070//1 40//1 41//1
f 1070//1 41//1 1071//1
f 1071//1 41//1 43//1
f 1071//1 43//1 1072//1
f 1072//1 43//1 44//1
f 1072//1 44//1 1073//1
f 1073//1 44//1 45//1
f 1073//1 45//1 1074//1
f 1074//1 45//1 46//1
f 1074//1 46//1 1075//1
f 1075//1 46//1 48//1
f 1075//1 48//1 1076//1
f 1076//1 48//1 50//1
f 1076//1 50//1 1077//1
f 1077//1 50//1 51//1
f 1077//1 51//1 1078//1
f 1078//1 51//1 53//1
f 1078//1 53//1 1079//1
f 1079//1 53//1 55//1
f 1079//1 55//1 1080//1
f 1080//1 55//1 57//1
f 1080//1 57//1 1081//1
f 1081//1 57//1 59//1
f 1081//1 59//1 1082//1
f 1082//1 59//1 61//1
f 1082//1 61//1 1083//1
f 1083//1 61//1 63//1
f 1083//1 63//1 1084//1
f 1084//1 63//1 65//1
f 1084//1 65//1 1085//1
f 1085//1 65//1 67//1
f 1085//1 67//1 1086//1
f 1086//1 67//1 69//1
f 1086//1 69//1 1087//1
f 1087//1 69//1 180//1
f 1087//1 1088//1 1086//1
f 1086//1 1088//1 530//1
f 1086//1 530//1 1085//1
f 1085//1 530//1 531//1
f 1085//1 531//1 1084//1
f 1084//1 531//1 532//1
f 1084//1 532//1 1083//1
f 1083//1 532//1 533//1
f 1083//1 533//1 1082//1
f 1082//1 533//1 534//1
f 1082//1 534//1 1081//1
f 1081//1 534//1 535//1
f 1081//1 535//1 1080//1
f 1080//1 535//1 536//1
f 1080//1 536//1 1079//1
f 1079//1 536//1 537//1
f 1079//1 537//1 1078//1
f 1078//1 537//1 538//1
f 1078//1 538//1 1077//1
f 1077//1 538//1 539//1
f 1077//1 539//1 1076//1
f 1076//1 539//1 540//1
f 1076//1 540//1 1075//1
f 1075//1 540//1 541//1
f 1075//1 541//1 1074//1
f 1074//1 541//1 542//1
f 1074//1 542//1 1073//1
f 1073//1 542//1 544//1
f 1073//1 544//1 1072//1
f 1072//1 544//1 546//1
f 1072//1 546//1 1071//1
f 1071//1 546//1 635//1
f 1071//1 635//1 1070//1
f 1070//1 635//1 512//1
f 1070//1 512//1 1069//1
f 1069//1 512//1 511//1
f 1069//1 511//1 1068//1
f 1068//1 511//1 510//1
f 1068//1 510//1 1067//1
f 1067//1 510//1 515//1
f 1067//1 515//1 1066//1
f 1066//1 515//1 514//1
f 1066//1 514//1 1065//1
f 1065//1 514//1 513//1
f 1065//1 513//1 1064//1
f 1064//1 513//1 634//1
f 1064//1 634//1 1063//1
f 1063//1 634//1 633//1
f 1063//1 633//1 1013//1
f 1013//1 633//1 632//1
f 1088//1 640//1 530//1
f 1025//1 631//1 1062//1
f 1062//1 631//1 506//1
f 1062//1 506//1 1061//1
f 1061//1 506//1 505//1
f 1061//1 505//1 1060//1
f 1060//1 505//1 504//1
f 1060//1 504//1 1059//1
f 1059//1 504//1 509//1
f 1059//1 509//1 1058//1
f 1058//1 509//1 508//1
f 1058//1 508//1 1057//1
f 1057//1 508//1 507//1
f 1057//1 507//1 1056//1
f 1056//1 507//1 630//1
f 1056//1 630//1 1055//1
f 1055//1 630//1 629//1
f 1055//1 629//1 1054//1
f 1054//1 629//1 628//1
f 1054//1 628//1 1053//1
f 1053//1 628//1 596//1
f 1053//1 596//1 1052//1
f 1052//1 596//1 595//1
f 1052//1 595//1 1051//1
f 1051//1 595//1 594//1
f 1051//1 594//1 1050//1
f 1050//1 594//1 599//1
f 1050//1 599//1 1049//1
f 1049//1 599//1 598//1
f 1049//1 598//1 1048//1
f 1048//1 598//1 597//1
f 1048//1 597//1 1047//1
f 1047//1 597//1 600//1
f 1047//1 600//1 1046//1
f 1046//1 600//1 601//1
f 1046//1 601//1 1045//1
f 1045//1 601//1 602//1
f 1045//1 602//1 1044//1
f 1044//1 602//1 603//1
f 1044//1 603//1 1043//1
f 1043//1 603//1 604//1
f 1043//1 604//1 1042//1
f 1042//1 604//1 605//1
f 1042//1 605//1 1041//1
f 1041//1 605//1 606//1
f 1041//1 606//1 1040//1
f 1040//1 606//1 607//1
f 1040//1 607//1 1038//1
f 1038//1 607//1 608//1
f 179//1 122//1 1089//1
f 1089//1 122//1 1090//1
f 1089//1 1090//1 1091//1
f 1091//1 1090//1 527//1
f 1091//1 527//1 621//1
f 1090//1 122//1 1092//1
f 1092//1 122//1 124//1
f 1092//1 124//1 1093//1
f 1093//1 124//1 126//1
f 1093//1 126//1 1094//1
f 1094//1 126//1 128//1
f 1094//1 128//1 1095//1
f 1095//1 128//1 130//1
f 1095//1 130//1 1096//1
f 1096//1 130//1 132//1
f 1096//1 132//1 1097//1
f 1097//1 132//1 134//1
f 1097//1 134//1 1098//1
f 1098//1 134//1 136//1
f 1098//1 136//1 1099//1
f 1099//1 136//1 138//1
f 1099//1 138//1 1100//1
f 1100//1 138//1 116//1
f 1100//1 116//1 1101//1
f 1101//1 116//1 115//1
f 1101//1 115//1 1102//1
f 1102//1 115//1 114//1
f 1102//1 114//1 1103//1
f 1103//1 114//1 178//1
f 1103//1 178//1 1104//1
f 1104//1 178//1 86//1
f 1104//1 86//1 1105//1
f 1105//1 86//1 85//1
f 1105//1 85//1 1106//1
f 1106//1 85//1 84//1
f 1106//1 84//1 1107//1
f 1107//1 84//1 177//1
f 1107//1 177//1 1108//1
f 1108//1 177//1 90//1
f 1108//1 90//1 1109//1
f 1109//1 90//1 89//1
f 1109//1 89//1 1110//1
f 1110//1 89//1 88//1
f 1110//1 88//1 1111//1
f 1111//1 88//1 91//1
f 1111//1 91//1 1112//1
f 1112//1 91//1 93//1
f 1112//1 93//1 1113//1
f 1113//1 93//1 95//1
f 1113//1 95//1 1114//1
f 1114//1 95//1 97//1
f 1114//1 97//1 1115//1
f 1115//1 97//1 99//1
f 1115//1 99//1 1116//1
f 1116//1 99//1 1117//1
f 1117//1 99//1 1118//1
f 1118//1 99//1 1119//1
f 1119//1 99//1 1120//1
f 1120//1 99//1 1121//1
f 1121//1 99//1 102//1
f 1121//1 102//1 1122//1
f 1122//1 102//1 1123//1
f 1123//1 102//1 1124//1
f 1124//1 102//1 1125//1
f 1125//1 102//1 1126//1
f 1126//1 102//1 1127//1
f 1126//1 1127//1 1128//1
f 1128//1 1127//1 1129//1
f 1129//1 1127//1 564//1
f 1129//1 564//1 1130//1
f 1130//1 564//1 1131//1
f 1131//1 564//1 1132//1
f 1132//1 564//1 1133//1
f 1133//1 564//1 1134//1
f 1134//1 564//1 566//1
f 1134//1 566//1 1135//1
f 1135//1 566//1 1136//1
f 1136//1 566//1 1137//1
f 1137//1 566//1 1138//1
f 1138//1 566//1 1139//1
f 1139//1 566//1 1115//1
f 1139//1 1115//1 1140//1
f 1140//1 1115//1 1116//1
f 1127//1 102//1 1141//1
f 1141//1 102//1 104//1
f 1141//1 104//1 1142//1
f 1142//1 104//1 106//1
f 1142//1 106//1 1143//1
f 1143//1 106//1 108//1
f 1143//1 108//1 1144//1
f 1144//1 108//1 110//1
f 1144//1 110//1 1145//1
f 1145//1 110//1 112//1
f 1145//1 112//1 1146//1
f 1146//1 112//1 113//1
f 1146//1 113//1 1147//1
f 1147//1 113//1 78//1
f 1147//1 78//1 1148//1
f 1148//1 78//1 77//1
f 1148//1 77//1 1149//1
f 1149//1 77//1 176//1
f 1149//1 176//1 1150//1
f 1150//1 176//1 175//1
f 1150//1 175//1 1151//1
f 1151//1 175//1 174//1
f 1151//1 174//1 1152//1
f 1152//1 174//1 173//1
f 1152//1 173//1 1153//1
f 1153//1 173//1 172//1
f 1153//1 172//1 1154//1
f 1154//1 172//1 171//1
f 1154//1 171//1 1155//1
f 1155//1 171//1 169//1
f 1155//1 169//1 1156//1
f 1156//1 169//1 167//1
f 1156//1 167//1 1157//1
f 1157//1 167//1 165//1
f 1157//1 165//1 1158//1
f 1158//1 165//1 163//1
f 1158//1 163//1 1159//1
f 1159//1 163//1 161//1
f 1159//1 161//1 1160//1
f 1160//1 161//1 159//1
f 1160//1 159//1 1161//1
f 1161//1 159//1 157//1
f 1161//1 157//1 1162//1
f 1162//1 157//1 155//1
f 1162//1 155//1 1163//1
f 1163//1 155//1 153//1
f 1163//1 153//1 1164//1
f 1164//1 153//1 148//1
f 1164//1 148//1 1165//1
f 1165//1 148//1 147//1
f 1165//1 1166//1 1164//1
f 1164//1 1166//1 611//1
f 1164//1 611//1 1163//1
f 1163//1 611//1 612//1
f 1163//1 612//1 1162//1
f 1162//1 612//1 613//1
f 1162//1 613//1 1161//1
f 1161//1 613//1 614//1
f 1161//1 614//1 1160//1
f 1160//1 614//1 615//1
f 1160//1 615//1 1159//1
f 1159//1 615//1 616//1
f 1159//1 616//1 1158//1
f 1158//1 616//1 617//1
f 1158//1 617//1 1157//1
f 1157//1 617//1 618//1
f 1157//1 618//1 1156//1
f 1156//1 618//1 619//1
f 1156//1 619//1 1155//1
f 1155//1 619//1 620//1
f 1155//1 620//1 1154//1
f 1154//1 620//1 593//1
f 1154//1 593//1 1153//1
f 1153//1 593//1 592//1
f 1153//1 592//1 1152//1
f 1152//1 592//1 591//1
f 1152//1 591//1 1151//1
f 1151//1 591//1 625//1
f 1151//1 625//1 1150//1
f 1150//1 625//1 624//1
f 1150//1 624//1 1149//1
f 1149//1 624//1 623//1
f 1149//1 623//1 1148//1
f 1148//1 623//1 622//1
f 1148//1 622//1 1147//1
f 1147//1 622//1 555//1
f 1147//1 555//1 1146//1
f 1146//1 555//1 554//1
f 1146//1 554//1 1145//1
f 1145//1 554//1 553//1
f 1145//1 553//1 1144//1
f 1144//1 553//1 556//1
f 1144//1 556//1 1143//1
f 1143//1 556//1 558//1
f 1143//1 558//1 1142//1
f 1142//1 558//1 560//1
f 1142//1 560//1 1141//1
f 1141//1 560//1 562//1
f 1141//1 562//1 1127//1
f 1127//1 562//1 564//1
f 1166//1 626//1 611//1
f 1115//1 566//1 1114//1
f 1114//1 566//1 569//1
f 1114//1 569//1 1113//1
f 1113//1 569//1 571//1
f 1113//1 571//1 1112//1
f 1112//1 571//1 573//1
f 1112//1 573//1 1111//1
f 1111//1 573//1 575//1
f 1111//1 575//1 1110//1
f 1110//1 575//1 577//1
f 1110//1 577//1 1109//1
f 1109//1 577//1 579//1
f 1109//1 579//1 1108//1
f 1108//1 579//1 580//1
f 1108//1 580//1 1107//1
f 1107//1 580//1 581//1
f 1107//1 581//1 1106//1
f 1106//1 581//1 582//1
f 1106//1 582//1 1105//1
f 1105//1 582//1 583//1
f 1105//1 583//1 1104//1
f 1104//1 583//1 584//1
f 1104//1 584//1 1103//1
f 1103//1 584//1 585//1
f 1103//1 585//1 1102//1
f 1102//1 585//1 518//1
f 1102//1 518//1 1101//1
f 1101//1 518//1 517//1
f 1101//1 517//1 1100//1
f 1100//1 517//1 516//1
f 1100//1 516//1 1099//1
f 1099//1 516//1 519//1
f 1099//1 519//1 1098//1
f 1098//1 519//1 520//1
f 1098//1 520//1 1097//1
f 1097//1 520//1 521//1
f 1097//1 521//1 1096//1
f 1096//1 521//1 522//1
f 1096//1 522//1 1095//1
f 1095//1 522//1 523//1
f 1095//1 523//1 1094//1
f 1094//1 523//1 524//1
f 1094//1 524//1 1093//1
f 1093//1 524//1 525//1
f 1093//1 525//1 1092//1
f 1092//1 525//1 526//1
f 1092//1 526//1 1090//1
f 1090//1 526//1 527//1
f 626//1 1166//1 610//1
f 610//1 1166//1 1165//1
f 610//1 1165//1 149//1
f 149//1 1165//1 147//1
f 640//1 1088//1 529//1
f 529//1 1088//1 1087//1
f 529//1 1087//1 71//1
f 71//1 1087//1 180//1
f 49//1 47//1 456//1
f 456//1 47//1 263//1
f 456//1 263//1 455//1
f 455//1 263//1 457//1
f 212//1 1037//1 210//1
f 210//1 1037//1 1039//1
f 210//1 1039//1 609//1
f 609//1 1039//1 627//1
f 1167//1 610//1 1168//1
f 1168//1 610//1 149//1
f 1168//1 149//1 1169//1
f 1169//1 149//1 1170//1
f 1170//1 149//1 1171//1
f 1171//1 149//1 1172//1
f 1172//1 149//1 1173//1
f 1173//1 149//1 1174//1
f 1174//1 149//1 210//1
f 1174//1 210//1 1175//1
f 1175//1 210//1 1176//1
f 1176//1 210//1 1177//1
f 1177//1 210//1 1178//1
f 1178//1 210//1 1179//1
f 1179//1 210//1 1180//1
f 1180//1 210//1 609//1
f 1180//1 609//1 1181//1
f 1181//1 609//1 1182//1
f 1182//1 609//1 1183//1
f 1183//1 609//1 1184//1
f 1184//1 609//1 1185//1
f 1185//1 609//1 1186//1
f 1186//1 609//1 610//1
f 1186//1 610//1 1187//1
f 1187//1 610//1 1188//1
f 1188//1 610//1 1189//1
f 1189//1 610//1 1190//1
f 1190//1 610//1 1167//1
f 179//1 1089//1 120//1
f 120//1 1089//1 1091//1
f 120//1 1091//1 528//1
f 528//1 1091//1 621//1
f 71//1 1191//1 529//1
f 529//1 1191//1 1192//1
f 529//1 1192//1 1193//1
f 120//1 1194//1 71//1
f 71//1 1194//1 1195//1
f 71//1 1195//1 1196//1
f 528//1 1197//1 120//1
f 120//1 1197//1 1198//1
f 120//1 1198//1 1199//1
f 529//1 1200//1 528//1
f 528//1 1200//1 1201//1
f 528//1 1201//1 1202//1
f 1199//1 1203//1 120//1
f 120//1 1203//1 1204//1
f 120//1 1204//1 1205//1
f 1205//1 1194//1 120//1
f 1196//1 1206//1 71//1
f 71//1 1206//1 1207//1
f 71//1 1207//1 1208//1
f 1208//1 1191//1 71//1
f 1193//1 1209//1 529//1
f 529//1 1209//1 1210//1
f 529//1 1210//1 1211//1
f 1211//1 1200//1 529//1
f 1202//1 1212//1 528//1
f 528//1 1212//1 1213//1
f 528//1 1213//1 1214//1
f 1214//1 1197//1 528//1
f 431//1 1198//1 426//1
f 426//1 1198//1 1197//1
f 426//1 1197//1 429//1
f 429//1 1197//1 1214//1
f 429//1 1214//1 430//1
f 430//1 1214//1 1213//1
f 430//1 1213//1 475//1
f 475//1 1213//1 1212//1
f 475//1 1212//1 474//1
f 474//1 1212//1 1202//1
f 474//1 1202//1 473//1
f 473//1 1202//1 1201//1
f 473//1 1201//1 472//1
f 472//1 1201//1 1200//1
f 472//1 1200//1 471//1
f 471//1 1200//1 1211//1
f 471//1 1211//1 470//1
f 470//1 1211//1 1210//1
f 470//1 1210//1 469//1
f 469//1 1210//1 1209//1
f 469//1 1209//1 468//1
f 468//1 1209//1 1193//1
f 468//1 1193//1 467//1
f 467//1 1193//1 1192//1
f 467//1 1192//1 442//1
f 442//1 1192//1 1191//1
f 442//1 1191//1 441//1
f 441//1 1191//1 1208//1
f 441//1 1208//1 440//1
f 440//1 1208//1 1207//1
f 440//1 1207//1 439//1
f 439//1 1207//1 1206//1
f 439//1 1206//1 438//1
f 438//1 1206//1 1196//1
f 438//1 1196//1 437//1
f 437//1 1196//1 1195//1
f 437//1 1195//1 436//1
f 436//1 1195//1 1194//1
f 436//1 1194//1 435//1
f 435//1 1194//1 1205//1
f 435//1 1205//1 434//1
f 434//1 1205//1 1204//1
f 434//1 1204//1 433//1
f 433//1 1204//1 1203//1
f 433//1 1203//1 432//1
f 432//1 1203//1 1199//1
f 432//1 1199//1 431//1
f 431//1 1199//1 1198//1
f 1215//1 1216//1 1217//1
f 1217//1 1216//1 1218//1
f 1217//1 1218//1 1219//1
f 1219//1 1218//1 1220//1
f 1219//1 1220//1 1221//1
f 1221//1 1220//1 1222//1
f 1221//1 1222//1 1223//1
f 1223//1 1222//1 1224//1
f 1223//1 1224//1 1225//1
f 1223//1 1225//1 1226//1
f 1226//1 1225//1 1227//1
f 1226//1 1227//1 1228//1
f 1228//1 1227//1 1229//1
f 1228//1 1229//1 1230//1
f 1228//1 1230//1 1231//1
f 1231//1 1230//1 1232//1
f 1231//1 1232//1 1233//1
f 1231//1 1233//1 1234//1
f 1234//1 1233//1 1235//1
f 1234//1 1235//1 1236//1
f 1234//1 1236//1 1237//1
f 1237//1 1236//1 1238//1
f 1237//1 1238//1 1239//1
f 1239//1 1238//1 1240//1
f 1239//1 1240//1 1241//1
f 1239//1 1241//1 1242//1
f 1242//1 1241//1 1243//1
f 1242//1 1243//1 1244//1
f 1244//1 1243//1 1245//1
f 1244//1 1245//1 1246//1
f 1246//1 1245//1 1247//1
f 1246//1 1247//1 1248//1
f 1246//1 1248//1 1249//1
f 1249//1 1248//1 1250//1
f 1249//1 1250//1 1251//1
f 1251//1 1250//1 1252//1
f 1251//1 1252//1 1253//1
f 1253//1 1252//1 1254//1
f 1253//1 1254//1 1255//1
f 1253//1 1255//1 1256//1
f 1256//1 1255//1 1257//1
f 1256//1 1257//1 1258//1
f 1258//1 1257//1 1259//1
f 1258//1 1259//1 1260//1
f 1258//1 1260//1 1261//1
f 1261//1 1260//1 1262//1
f 1261//1 1262//1 1263//1
f 1261//1 1263//1 1264//1
f 1264//1 1263//1 1265//1
f 1264//1 1265//1 1266//1
f 1264//1 1266//1 1267//1
f 1267//1 1266//1 1268//1
f 1267//1 1268//1 1269//1
f 1269//1 1268//1 1270//1
f 1269//1 1270//1 1271//1
f 1269//1 1271//1 1272//1
f 1272//1 1271//1 1273//1
f 1272//1 1273//1 1274//1
f 1274//1 1273//1 1215//1
f 1274//1 1215//1 1217//1
f 688//1 1275//1 663//1
f 663//1 1275//1 1276//1
f 663//1 1276//1 664//1
f 664//1 1276//1 1277//1
f 664//1 1277//1 665//1
f 665//1 1277//1 1278//1
f 665//1 1278//1 685//1
f 685//1 1278//1 1279//1
f 685//1 1279//1 684//1
f 684//1 1279//1 1280//1
f 684//1 1280//1 683//1
f 683//1 1280//1 1281//1
f 683//1 1281//1 682//1
f 682//1 1281//1 1282//1
f 682//1 1282//1 681//1
f 681//1 1282//1 1283//1
f 681//1 1283//1 680//1
f 680//1 1283//1 1284//1
f 680//1 1284//1 679//1
f 679//1 1284//1 1285//1
f 679//1 1285//1 678//1
f 678//1 1285//1 1286//1
f 678//1 1286//1 677//1
f 677//1 1286//1 1287//1
f 677//1 1287//1 676//1
f 676//1 1287//1 1288//1
f 676//1 1288//1 675//1
f 675//1 1288//1 1289//1
f 675//1 1289//1 674//1
f 674//1 1289//1 1290//1
f 674//1 1290//1 672//1
f 672//1 1290//1 1291//1
f 672//1 1291//1 671//1
f 671//1 1291//1 1292//1
f 671//1 1292//1 670//1
f 670//1 1292//1 1293//1
f 670//1 1293//1 666//1
f 666//1 1293//1 1294//1
f 666//1 1294//1 667//1
f 667//1 1294//1 1295//1
f 667//1 1295//1 668//1
f 668//1 1295//1 1296//1
f 668//1 1296//1 686//1
f 686//1 1296//1 1297//1
f 686//1 1297//1 687//1
f 687//1 1297//1 1298//1
f 687//1 1298//1 688//1
f 688//1 1298//1 1275//1
f 1261//1 1276//1 1258//1
f 1258//1 1276//1 1275//1
f 1258//1 1275//1 1256//1
f 1256//1 1275//1 1298//1
f 1256//1 1298//1 1253//1
f 1253//1 1298//1 1297//1
f 1253//1 1297//1 1251//1
f 1251//1 1297//1 1296//1
f 1251//1 1296//1 1249//1
f 1249//1 1296//1 1295//1
f 1249//1 1295//1 1246//1
f 1246//1 1295//1 1294//1
f 1246//1 1294//1 1244//1
f 1244//1 1294//1 1293//1
f 1244//1 1293//1 1242//1
f 1242//1 1293//1 1292//1
f 1242//1 1292//1 1239//1
f 1239//1 1292//1 1291//1
f 1239//1 1291//1 1237//1
f 1237//1 1291//1 1290//1
f 1237//1 1290//1 1234//1
f 1234//1 1290//1 1289//1
f 1234//1 1289//1 1231//1
f 1231//1 1289//1 1288//1
f 1231//1 1288//1 1228//1
f 1228//1 1288//1 1287//1
f 1228//1 1287//1 1226//1
f 1226//1 1287//1 1286//1
f 1226//1 1286//1 1223//1
f 1223//1 1286//1 1285//1
f 1223//1 1285//1 1221//1
f 1221//1 1285//1 1284//1
f 1221//1 1284//1 1219//1
f 1219//1 1284//1 1283//1
f 1219//1 1283//1 1217//1
f 1217//1 1283//1 1282//1
f 1217//1 1282//1 1274//1
f 1274//1 1282//1 1281//1
f 1274//1 1281//1 1272//1
f 1272//1 1281//1 1280//1
f 1272//1 1280//1 1269//1
f 1269//1 1280//1 1279//1
f 1269//1 1279//1 1267//1
f 1267//1 1279//1 1278//1
f 1267//1 1278//1 1264//1
f 1264//1 1278//1 1277//1
f 1264//1 1277//1 1261//1
f 1261//1 1277//1 1276//1
f 356//1 1167//1 298//1
f 298//1 1167//1 1168//1
f 298//1 1168//1 343//1
f 343//1 1168//1 1169//1
f 343//1 1169//1 344//1
f 344//1 1169//1 1170//1
f 344//1 1170//1 345//1
f 345//1 1170//1 1171//1
f 345//1 1171//1 346//1
f 346//1 1171//1 1172//1
f 346//1 1172//1 347//1
f 347//1 1172//1 1173//1
f 347//1 1173//1 340//1
f 340//1 1173//1 1174//1
f 340//1 1174//1 341//1
f 341//1 1174//1 1175//1
f 341//1 1175//1 342//1
f 342//1 1175//1 1176//1
f 342//1 1176//1 348//1
f 348//1 1176//1 1177//1
f 348//1 1177//1 349//1
f 349//1 1177//1 1178//1
f 349//1 1178//1 350//1
f 350//1 1178//1 1179//1
f 350//1 1179//1 315//1
f 315//1 1179//1 1180//1
f 315//1 1180//1 316//1
f 316//1 1180//1 1181//1
f 316//1 1181//1 317//1
f 317//1 1181//1 1182//1
f 317//1 1182//1 351//1
f 351//1 1182//1 1183//1
f 351//1 1183//1 352//1
f 352//1 1183//1 1184//1
f 352//1 1184//1 353//1
f 353//1 1184//1 1185//1
f 353//1 1185//1 311//1
f 311//1 1185//1 1186//1
f 311//1 1186//1 312//1
f 312//1 1186//1 1187//1
f 312//1 1187//1 313//1
f 313//1 1187//1 1188//1
f 313//1 1188//1 354//1
f 354//1 1188//1 1189//1
f 354//1 1189//1 355//1
f 355//1 1189//1 1190//1
f 355//1 1190//1 356//1
f 356//1 1190//1 1167//1
f 257//1 1299//1 256//1
f 256//1 1299//1 1300//1
f 256//1 1300//1 255//1
f 255//1 1300//1 1301//1
f 255//1 1301//1 279//1
f 279//1 1301//1 1302//1
f 279//1 1302//1 278//1
f 278//1 1302//1 1303//1
f 278//1 1303//1 277//1
f 277//1 1303//1 1304//1
f 277//1 1304//1 276//1
f 276//1 1304//1 1305//1
f 276//1 1305//1 275//1
f 275//1 1305//1 1306//1
f 275//1 1306//1 274//1
f 274//1 1306//1 1307//1
f 274//1 1307//1 273//1
f 273//1 1307//1 1308//1
f 273//1 1308//1 272//1
f 272//1 1308//1 1309//1
f 272//1 1309//1 271//1
f 271//1 1309//1 1310//1
f 271//1 1310//1 270//1
f 270//1 1310//1 1311//1
f 270//1 1311//1 269//1
f 269//1 1311//1 1312//1
f 269//1 1312//1 268//1
f 268//1 1312//1 1313//1
f 268//1 1313//1 267//1
f 267//1 1313//1 1314//1
f 267//1 1314//1 266//1
f 266//1 1314//1 1315//1
f 266//1 1315//1 265//1
f 265//1 1315//1 1316//1
f 265//1 1316//1 264//1
f 264//1 1316//1 1317//1
f 264//1 1317//1 262//1
f 262//1 1317//1 1318//1
f 262//1 1318//1 261//1
f 261//1 1318//1 1319//1
f 261//1 1319//1 260//1
f 260//1 1319//1 1320//1
f 260//1 1320//1 259//1
f 259//1 1320//1 1321//1
f 259//1 1321//1 258//1
f 258//1 1321//1 1322//1
f 258//1 1322//1 257//1
f 257//1 1322//1 1299//1
f 1323//1 1247//1 1324//1
f 1324//1 1247//1 1325//1
f 1324//1 1325//1 1326//1
f 1326//1 1325//1 1327//1
f 1326//1 1327//1 1328//1
f 1328//1 1327//1 1329//1
f 1328//1 1329//1 1330//1
f 1330//1 1329//1 1331//1
f 1330//1 1331//1 1332//1
f 1330//1 1332//1 1333//1
f 1333//1 1332//1 1334//1
f 1333//1 1334//1 1335//1
f 1335//1 1334//1 1336//1
f 1335//1 1336//1 1337//1
f 1335//1 1337//1 1338//1
f 1338//1 1337//1 1339//1
f 1338//1 1339//1 1340//1
f 1338//1 1340//1 1341//1
f 1341//1 1340//1 1342//1
f 1341//1 1342//1 1343//1
f 1341//1 1343//1 1344//1
f 1344//1 1343//1 1345//1
f 1344//1 1345//1 1346//1
f 1346//1 1345//1 1347//1
f 1346//1 1347//1 1348//1
f 1346//1 1348//1 1349//1
f 1349//1 1348//1 1350//1
f 1349//1 1350//1 1351//1
f 1351//1 1350//1 1352//1
f 1351//1 1352//1 1353//1
f 1353//1 1352//1 1216//1
f 1353//1 1216//1 1354//1
f 1353//1 1354//1 1355//1
f 1355//1 1354//1 1356//1
f 1355//1 1356//1 1357//1
f 1357//1 1356//1 1358//1
f 1357//1 1358//1 1359//1
f 1359//1 1358//1 1360//1
f 1359//1 1360//1 1361//1
f 1359//1 1361//1 1362//1
f 1362//1 1361//1 1363//1
f 1362//1 1363//1 1364//1
f 1364//1 1363//1 1365//1
f 1364//1 1365//1 1366//1
f 1364//1 1366//1 1367//1
f 1367//1 1366//1 1368//1
f 1367//1 1368//1 1369//1
f 1367//1 1369//1 1370//1
f 1370//1 1369//1 1371//1
f 1370//1 1371//1 1372//1
f 1370//1 1372//1 1373//1
f 1373//1 1372//1 1374//1
f 1373//1 1374//1 1375//1
f 1375//1 1374//1 1376//1
f 1375//1 1376//1 1377//1
f 1375//1 1377//1 1378//1
f 1378//1 1377//1 1379//1
f 1378//1 1379//1 1380//1
f 1380//1 1379//1 1323//1
f 1380//1 1323//1 1324//1
f 1300//1 1381//1 1301//1
f 1301//1 1381//1 1382//1
f 1301//1 1382//1 1302//1
f 1302//1 1382//1 1383//1
f 1302//1 1383//1 1303//1
f 1303//1 1383//1 1384//1
f 1303//1 1384//1 1304//1
f 1304//1 1384//1 1385//1
f 1304//1 1385//1 1305//1
f 1305//1 1385//1 1386//1
f 1305//1 1386//1 1306//1
f 1306//1 1386//1 1387//1
f 1306//1 1387//1 1307//1
f 1307//1 1387//1 1388//1
f 1307//1 1388//1 1308//1
f 1308//1 1388//1 1389//1
f 1308//1 1389//1 1309//1
f 1309//1 1389//1 1390//1
f 1309//1 1390//1 1310//1
f 1310//1 1390//1 1391//1
f 1310//1 1391//1 1311//1
f 1311//1 1391//1 1392//1
f 1311//1 1392//1 1312//1
f 1312//1 1392//1 1393//1
f 1312//1 1393//1 1313//1
f 1313//1 1393//1 1394//1
f 1313//1 1394//1 1314//1
f 1314//1 1394//1 1395//1
f 1314//1 1395//1 1315//1
f 1315//1 1395//1 1396//1
f 1315//1 1396//1 1316//1
f 1316//1 1396//1 1397//1
f 1316//1 1397//1 1317//1
f 1317//1 1397//1 1398//1
f 1317//1 1398//1 1318//1
f 1318//1 1398//1 1399//1
f 1318//1 1399//1 1319//1
f 1319//1 1399//1 1400//1
f 1319//1 1400//1 1320//1
f 1320//1 1400//1 1401//1
f 1320//1 1401//1 1321//1
f 1321//1 1401//1 1402//1
f 1321//1 1402//1 1322//1
f 1322//1 1402//1 1403//1
f 1322//1 1403//1 1299//1
f 1299//1 1403//1 1404//1
f 1299//1 1404//1 1300//1
f 1300//1 1404//1 1381//1
f 1381//1 1405//1 1382//1
f 1382//1 1405//1 1406//1
f 1382//1 1406//1 1383//1
f 1383//1 1406//1 1407//1
f 1383//1 1407//1 1384//1
f 1384//1 1407//1 1408//1
f 1384//1 1408//1 1385//1
f 1385//1 1408//1 1409//1
f 1385//1 1409//1 1386//1
f 1386//1 1409//1 1410//1
f 1386//1 1410//1 1387//1
f 1387//1 1410//1 1411//1
f 1387//1 1411//1 1388//1
f 1388//1 1411//1 1412//1
f 1388//1 1412//1 1389//1
f 1389//1 1412//1 1413//1
f 1389//1 1413//1 1390//1
f 1390//1 1413//1 1414//1
f 1390//1 1414//1 1391//1
f 1391//1 1414//1 1415//1
f 1391//1 1415//1 1392//1
f 1392//1 1415//1 1416//1
f 1392//1 1416//1 1393//1
f 1393//1 1416//1 1417//1
f 1393//1 1417//1 1394//1
f 1394//1 1417//1 1418//1
f 1394//1 1418//1 1395//1
f 1395//1 1418//1 1419//1
f 1395//1 1419//1 1396//1
f 1396//1 1419//1 1420//1
f 1396//1 1420//1 1397//1
f 1397//1 1420//1 1421//1
f 1397//1 1421//1 1398//1
f 1398//1 1421//1 1422//1
f 1398//1 1422//1 1399//1
f 1399//1 1422//1 1423//1
f 1399//1 1423//1 1400//1
f 1400//1 1423//1 1424//1
f 1400//1 1424//1 1401//1
f 1401//1 1424//1 1425//1
f 1401//1 1425//1 1402//1
f 1402//1 1425//1 1426//1
f 1402//1 1426//1 1403//1
f 1403//1 1426//1 1427//1
f 1403//1 1427//1 1404//1
f 1404//1 1427//1 1428//1
f 1404//1 1428//1 1381//1
f 1381//1 1428//1 1405//1
f 1405//1 1367//1 1406//1
f 1406//1 1367//1 1370//1
f 1406//1 1370//1 1407//1
f 1407//1 1370//1 1373//1
f 1407//1 1373//1 1408//1
f 1408//1 1373//1 1375//1
f 1408//1 1375//1 1409//1
f 1409//1 1375//1 1378//1
f 1409//1 1378//1 1410//1
f 1410//1 1378//1 1380//1
f 1410//1 1380//1 1411//1
f 1411//1 1380//1 1324//1
f 1411//1 1324//1 1412//1
f 1412//1 1324//1 1326//1
f 1412//1 1326//1 1413//1
f 1413//1 1326//1 1328//1
f 1413//1 1328//1 1414//1
f 1414//1 1328//1 1330//1
f 1414//1 1330//1 1415//1
f 1415//1 1330//1 1333//1
f 1415//1 1333//1 1416//1
f 1416//1 1333//1 1335//1
f 1416//1 1335//1 1417//1
f 1417//1 1335//1 1338//1
f 1417//1 1338//1 1418//1
f 1418//1 1338//1 1341//1
f 1418//1 1341//1 1419//1
f 1419//1 1341//1 1344//1
f 1419//1 1344//1 1420//1
f 1420//1 1344//1 1346//1
f 1420//1 1346//1 1421//1
f 1421//1 1346//1 1349//1
f 1421//1 1349//1 1422//1
f 1422//1 1349//1 1351//1
f 1422//1 1351//1 1423//1
f 1423//1 1351//1 1353//1
f 1423//1 1353//1 1424//1
f 1424//1 1353//1 1355//1
f 1424//1 1355//1 1425//1
f 1425//1 1355//1 1357//1
f 1425//1 1357//1 1426//1
f 1426//1 1357//1 1359//1
f 1426//1 1359//1 1427//1
f 1427//1 1359//1 1362//1
f 1427//1 1362//1 1428//1
f 1428//1 1362//1 1364//1
f 1428//1 1364//1 1405//1
f 1405//1 1364//1 1367//1
f 737//1 1429//1 736//1
f 736//1 1429//1 1430//1
f 736//1 1430//1 735//1
f 735//1 1430//1 1431//1
f 735//1 1431//1 734//1
f 734//1 1431//1 1432//1
f 734//1 1432//1 733//1
f 733//1 1432//1 1433//1
f 733//1 1433//1 732//1
f 732//1 1433//1 1434//1
f 732//1 1434//1 731//1
f 731//1 1434//1 1435//1
f 731//1 1435//1 728//1
f 728//1 1435//1 1436//1
f 728//1 1436//1 729//1
f 729//1 1436//1 1437//1
f 729//1 1437//1 730//1
f 730//1 1437//1 1438//1
f 730//1 1438//1 746//1
f 746//1 1438//1 1439//1
f 746//1 1439//1 747//1
f 747//1 1439//1 1440//1
f 747//1 1440//1 748//1
f 748//1 1440//1 1441//1
f 748//1 1441//1 725//1
f 725//1 1441//1 1442//1
f 725//1 1442//1 726//1
f 726//1 1442//1 1443//1
f 726//1 1443//1 727//1
f 727//1 1443//1 1444//1
f 727//1 1444//1 745//1
f 745//1 1444//1 1445//1
f 745//1 1445//1 744//1
f 744//1 1445//1 1446//1
f 744//1 1446//1 743//1
f 743//1 1446//1 1447//1
f 743//1 1447//1 742//1
f 742//1 1447//1 1448//1
f 742//1 1448//1 741//1
f 741//1 1448//1 1449//1
f 741//1 1449//1 740//1
f 740//1 1449//1 1450//1
f 740//1 1450//1 739//1
f 739//1 1450//1 1451//1
f 739//1 1451//1 738//1
f 738//1 1451//1 1452//1
f 738//1 1452//1 737//1
f 737//1 1452//1 1429//1
f 1248//1 1247//1 1453//1
f 1453//1 1247//1 1323//1
f 1453//1 1323//1 1454//1
f 1454//1 1323//1 1379//1
f 1454//1 1379//1 1455//1
f 1455//1 1379//1 1377//1
f 1455//1 1377//1 1456//1
f 1456//1 1377//1 1376//1
f 1456//1 1376//1 1374//1
f 1456//1 1374//1 1457//1
f 1457//1 1374//1 1372//1
f 1457//1 1372//1 1458//1
f 1458//1 1372//1 1371//1
f 1458//1 1371//1 1369//1
f 1458//1 1369//1 1459//1
f 1459//1 1369//1 1368//1
f 1459//1 1368//1 1366//1
f 1459//1 1366//1 1460//1
f 1460//1 1366//1 1365//1
f 1460//1 1365//1 1363//1
f 1460//1 1363//1 1461//1
f 1461//1 1363//1 1361//1
f 1461//1 1361//1 1462//1
f 1462//1 1361//1 1360//1
f 1462//1 1360//1 1358//1
f 1462//1 1358//1 1463//1
f 1463//1 1358//1 1356//1
f 1463//1 1356//1 1464//1
f 1464//1 1356//1 1354//1
f 1464//1 1354//1 1465//1
f 1465//1 1354//1 1216//1
f 1465//1 1216//1 1215//1
f 1465//1 1215//1 1466//1
f 1466//1 1215//1 1273//1
f 1466//1 1273//1 1467//1
f 1467//1 1273//1 1271//1
f 1467//1 1271//1 1468//1
f 1468//1 1271//1 1270//1
f 1468//1 1270//1 1268//1
f 1468//1 1268//1 1469//1
f 1469//1 1268//1 1266//1
f 1469//1 1266//1 1470//1
f 1470//1 1266//1 1265//1
f 1470//1 1265//1 1263//1
f 1470//1 1263//1 1471//1
f 1471//1 1263//1 1262//1
f 1471//1 1262//1 1260//1
f 1471//1 1260//1 1472//1
f 1472//1 1260//1 1259//1
f 1472//1 1259//1 1257//1
f 1472//1 1257//1 1473//1
f 1473//1 1257//1 1255//1
f 1473//1 1255//1 1474//1
f 1474//1 1255//1 1254//1
f 1474//1 1254//1 1252//1
f 1474//1 1252//1 1475//1
f 1475//1 1252//1 1250//1
f 1475//1 1250//1 1476//1
f 1476//1 1250//1 1248//1
f 1476//1 1248//1 1453//1
f 1430//1 1459//1 1431//1
f 1431//1 1459//1 1460//1
f 1431//1 1460//1 1432//1
f 1432//1 1460//1 1461//1
f 1432//1 1461//1 1433//1
f 1433//1 1461//1 1462//1
f 1433//1 1462//1 1434//1
f 1434//1 1462//1 1463//1
f 1434//1 1463//1 1435//1
f 1435//1 1463//1 1464//1
f 1435//1 1464//1 1436//1
f 1436//1 1464//1 1465//1
f 1436//1 1465//1 1437//1
f 1437//1 1465//1 1466//1
f 1437//1 1466//1 1438//1
f 1438//1 1466//1 1467//1
f 1438//1 1467//1 1439//1
f 1439//1 1467//1 1468//1
f 1439//1 1468//1 1440//1
f 1440//1 1468//1 1469//1
f 1440//1 1469//1 1441//1
f 1441//1 1469//1 1470//1
f 1441//1 1470//1 1442//1
f 1442//1 1470//1 1471//1
f 1442//1 1471//1 1443//1
f 1443//1 1471//1 1472//1
f 1443//1 1472//1 1444//1
f 1444//1 1472//1 1473//1
f 1444//1 1473//1 1445//1
f 1445//1 1473//1 1474//1
f 1445//1 1474//1 1446//1
f 1446//1 1474//1 1475//1
f 1446//1 1475//1 1447//1
f 1447//1 1475//1 1476//1
f 1447//1 1476//1 1448//1
f 1448//1 1476//1 1453//1
f 1448//1 1453//1 1449//1
f 1449//1 1453//1 1454//1
f 1449//1 1454//1 1450//1
f 1450//1 1454//1 1455//1
f 1450//1 1455//1 1451//1
f 1451//1 1455//1 1456//1
f 1451//1 1456//1 1452//1
f 1452//1 1456//1 1457//1
f 1452//1 1457//1 1429//1
f 1429//1 1457//1 1458//1
f 1429//1 1458//1 1430//1
f 1430//1 1458//1 1459//1
f 338//1 486//1 337//1
f 337//1 486//1 673//1
f 337//1 673//1 339//1
f 339//1 673//1 186//1
f 186//1 673//1 23//1
f 23//1 673//1 894//1
f 1218//1 1216//1 1477//1
f 1477//1 1216//1 1352//1
f 1477//1 1352//1 1478//1
f 1478//1 1352//1 1350//1
f 1478//1 1350//1 1479//1
f 1479//1 1350//1 1348//1
f 1479//1 1348//1 1480//1
f 1480//1 1348//1 1347//1
f 1480//1 1347//1 1345//1
f 1480//1 1345//1 1481//1
f 1481//1 1345//1 1343//1
f 1481//1 1343//1 1482//1
f 1482//1 1343//1 1342//1
f 1482//1 1342//1 1340//1
f 1482//1 1340//1 1483//1
f 1483//1 1340//1 1339//1
f 1483//1 1339//1 1337//1
f 1483//1 1337//1 1484//1
f 1484//1 1337//1 1336//1
f 1484//1 1336//1 1334//1
f 1484//1 1334//1 1485//1
f 1485//1 1334//1 1332//1
f 1485//1 1332//1 1486//1
f 1486//1 1332//1 1331//1
f 1486//1 1331//1 1329//1
f 1486//1 1329//1 1487//1
f 1487//1 1329//1 1327//1
f 1487//1 1327//1 1488//1
f 1488//1 1327//1 1325//1
f 1488//1 1325//1 1489//1
f 1489//1 1325//1 1247//1
f 1489//1 1247//1 1245//1
f 1489//1 1245//1 1490//1
f 1490//1 1245//1 1243//1
f 1490//1 1243//1 1491//1
f 1491//1 1243//1 1241//1
f 1491//1 1241//1 1492//1
f 1492//1 1241//1 1240//1
f 1492//1 1240//1 1238//1
f 1492//1 1238//1 1493//1
f 1493//1 1238//1 1236//1
f 1493//1 1236//1 1494//1
f 1494//1 1236//1 1235//1
f 1494//1 1235//1 1233//1
f 1494//1 1233//1 1495//1
f 1495//1 1233//1 1232//1
f 1495//1 1232//1 1230//1
f 1495//1 1230//1 1496//1
f 1496//1 1230//1 1229//1
f 1496//1 1229//1 1227//1
f 1496//1 1227//1 1497//1
f 1497//1 1227//1 1225//1
f 1497//1 1225//1 1498//1
f 1498//1 1225//1 1224//1
f 1498//1 1224//1 1222//1
f 1498//1 1222//1 1499//1
f 1499//1 1222//1 1220//1
f 1499//1 1220//1 1500//1
f 1500//1 1220//1 1218//1
f 1500//1 1218//1 1477//1
f 1011//1 1501//1 1012//1
f 1012//1 1501//1 1502//1
f 1012//1 1502//1 1014//1
f 1014//1 1502//1 1503//1
f 1014//1 1503//1 1015//1
f 1015//1 1503//1 1504//1
f 1015//1 1504//1 1016//1
f 1016//1 1504//1 1505//1
f 1016//1 1505//1 1017//1
f 1017//1 1505//1 1506//1
f 1017//1 1506//1 1018//1
f 1018//1 1506//1 1507//1
f 1018//1 1507//1 1019//1
f 1019//1 1507//1 1508//1
f 1019//1 1508//1 1020//1
f 1020//1 1508//1 1509//1
f 1020//1 1509//1 1021//1
f 1021//1 1509//1 1510//1
f 1021//1 1510//1 1022//1
f 1022//1 1510//1 1511//1
f 1022//1 1511//1 1023//1
f 1023//1 1511//1 1512//1
f 1023//1 1512//1 1024//1
f 1024//1 1512//1 1513//1
f 1024//1 1513//1 1026//1
f 1026//1 1513//1 1514//1
f 1026//1 1514//1 1027//1
f 1027//1 1514//1 1515//1
f 1027//1 1515//1 1028//1
f 1028//1 1515//1 1516//1
f 1028//1 1516//1 1029//1
f 1029//1 1516//1 1517//1
f 1029//1 1517//1 1030//1
f 1030//1 1517//1 1518//1
f 1030//1 1518//1 1031//1
f 1031//1 1518//1 1519//1
f 1031//1 1519//1 1032//1
f 1032//1 1519//1 1520//1
f 1032//1 1520//1 1033//1
f 1033//1 1520//1 1521//1
f 1033//1 1521//1 1034//1
f 1034//1 1521//1 1522//1
f 1034//1 1522//1 1035//1
f 1035//1 1522//1 1523//1
f 1035//1 1523//1 1036//1
f 1036//1 1523//1 1524//1
f 1036//1 1524//1 1011//1
f 1011//1 1524//1 1501//1
f 1502//1 1525//1 1503//1
f 1503//1 1525//1 1526//1
f 1503//1 1526//1 1504//1
f 1504//1 1526//1 1527//1
f 1504//1 1527//1 1505//1
f 1505//1 1527//1 1528//1
f 1505//1 1528//1 1506//1
f 1506//1 1528//1 1529//1
f 1506//1 1529//1 1507//1
f 1507//1 1529//1 1530//1
f 1507//1 1530//1 1508//1
f 1508//1 1530//1 1531//1
f 1508//1 1531//1 1509//1
f 1509//1 1531//1 1532//1
f 1509//1 1532//1 1510//1
f 1510//1 1532//1 1533//1
f 1510//1 1533//1 1511//1
f 1511//1 1533//1 1534//1
f 1511//1 1534//1 1512//1
f 1512//1 1534//1 1535//1
f 1512//1 1535//1 1513//1
f 1513//1 1535//1 1536//1
f 1513//1 1536//1 1514//1
f 1514//1 1536//1 1537//1
f 1514//1 1537//1 1515//1
f 1515//1 1537//1 1538//1
f 1515//1 1538//1 1516//1
f 1516//1 1538//1 1539//1
f 1516//1 1539//1 1517//1
f 1517//1 1539//1 1540//1
f 1517//1 1540//1 1518//1
f 1518//1 1540//1 1541//1
f 1518//1 1541//1 1519//1
f 1519//1 1541//1 1542//1
f 1519//1 1542//1 1520//1
f 1520//1 1542//1 1543//1
f 1520//1 1543//1 1521//1
f 1521//1 1543//1 1544//1
f 1521//1 1544//1 1522//1
f 1522//1 1544//1 1545//1
f 1522//1 1545//1 1523//1
f 1523//1 1545//1 1546//1
f 1523//1 1546//1 1524//1
f 1524//1 1546//1 1547//1
f 1524//1 1547//1 1501//1
f 1501//1 1547//1 1548//1
f 1501//1 1548//1 1502//1
f 1502//1 1548//1 1525//1
f 1525//1 1549//1 1526//1
f 1526//1 1549//1 1550//1
f 1526//1 1550//1 1527//1
f 1527//1 1550//1 1551//1
f 1527//1 1551//1 1528//1
f 1528//1 1551//1 1552//1
f 1528//1 1552//1 1529//1
f 1529//1 1552//1 1553//1
f 1529//1 1553//1 1530//1
f 1530//1 1553//1 1554//1
f 1530//1 1554//1 1531//1
f 1531//1 1554//1 1555//1
f 1531//1 1555//1 1532//1
f 1532//1 1555//1 1556//1
f 1532//1 1556//1 1533//1
f 1533//1 1556//1 1557//1
f 1533//1 1557//1 1534//1
f 1534//1 1557//1 1558//1
f 1534//1 1558//1 1535//1
f 1535//1 1558//1 1559//1
f 1535//1 1559//1 1536//1
f 1536//1 1559//1 1560//1
f 1536//1 1560//1 1537//1
f 1537//1 1560//1 1561//1
f 1537//1 1561//1 1538//1
f 1538//1 1561//1 1562//1
f 1538//1 1562//1 1539//1
f 1539//1 1562//1 1563//1
f 1539//1 1563//1 1540//1
f 1540//1 1563//1 1564//1
f 1540//1 1564//1 1541//1
f 1541//1 1564//1 1565//1
f 1541//1 1565//1 1542//1
f 1542//1 1565//1 1566//1
f 1542//1 1566//1 1543//1
f 1543//1 1566//1 1567//1
f 1543//1 1567//1 1544//1
f 1544//1 1567//1 1568//1
f 1544//1 1568//1 1545//1
f 1545//1 1568//1 1569//1
f 1545//1 1569//1 1546//1
f 1546//1 1569//1 1570//1
f 1546//1 1570//1 1547//1
f 1547//1 1570//1 1571//1
f 1547//1 1571//1 1548//1
f 1548//1 1571//1 1572//1
f 1548//1 1572//1 1525//1
f 1525//1 1572//1 1549//1
f 1549//1 1573//1 1550//1
f 1550//1 1573//1 1574//1
f 1550//1 1574//1 1551//1
f 1551//1 1574//1 1575//1
f 1551//1 1575//1 1552//1
f 1552//1 1575//1 1576//1
f 1552//1 1576//1 1553//1
f 1553//1 1576//1 1577//1
f 1553//1 1577//1 1554//1
f 1554//1 1577//1 1578//1
f 1554//1 1578//1 1555//1
f 1555//1 1578//1 1579//1
f 1555//1 1579//1 1556//1
f 1556//1 1579//1 1580//1
f 1556//1 1580//1 1557//1
f 1557//1 1580//1 1581//1
f 1557//1 1581//1 1558//1
f 1558//1 1581//1 1582//1
f 1558//1 1582//1 1559//1
f 1559//1 1582//1 1583//1
f 1559//1 1583//1 1560//1
f 1560//1 1583//1 1584//1
f 1560//1 1584//1 1561//1
f 1561//1 1584//1 1585//1
f 1561//1 1585//1 1562//1
f 1562//1 1585//1 1586//1
f 1562//1 1586//1 1563//1
f 1563//1 1586//1 1587//1
f 1563//1 1587//1 1564//1
f 1564//1 1587//1 1588//1
f 1564//1 1588//1 1565//1
f 1565//1 1588//1 1589//1
f 1565//1 1589//1 1566//1
f 1566//1 1589//1 1590//1
f 1566//1 1590//1 1567//1
f 1567//1 1590//1 1591//1
f 1567//1 1591//1 1568//1
f 1568//1 1591//1 1592//1
f 1568//1 1592//1 1569//1
f 1569//1 1592//1 1593//1
f 1569//1 1593//1 1570//1
f 1570//1 1593//1 1594//1
f 1570//1 1594//1 1571//1
f 1571//1 1594//1 1595//1
f 1571//1 1595//1 1572//1
f 1572//1 1595//1 1596//1
f 1572//1 1596//1 1549//1
f 1549//1 1596//1 1573//1
f 1573//1 1597//1 1574//1
f 1574//1 1597//1 1598//1
f 1574//1 1598//1 1575//1
f 1575//1 1598//1 1599//1
f 1575//1 1599//1 1576//1
f 1576//1 1599//1 1600//1
f 1576//1 1600//1 1577//1
f 1577//1 1600//1 1601//1
f 1577//1 1601//1 1578//1
f 1578//1 1601//1 1602//1
f 1578//1 1602//1 1579//1
f 1579//1 1602//1 1603//1
f 1579//1 1603//1 1580//1
f 1580//1 1603//1 1604//1
f 1580//1 1604//1 1581//1
f 1581//1 1604//1 1605//1
f 1581//1 1605//1 1582//1
f 1582//1 1605//1 1606//1
f 1582//1 1606//1 1583//1
f 1583//1 1606//1 1607//1
f 1583//1 1607//1 1584//1
f 1584//1 1607//1 1608//1
f 1584//1 1608//1 1585//1
f 1585//1 1608//1 1609//1
f 1585//1 1609//1 1586//1
f 1586//1 1609//1 1610//1
f 1586//1 1610//1 1587//1
f 1587//1 1610//1 1611//1
f 1587//1 1611//1 1588//1
f 1588//1 1611//1 1612//1
f 1588//1 1612//1 1589//1
f 1589//1 1612//1 1613//1
f 1589//1 1613//1 1590//1
f 1590//1 1613//1 1614//1
f 1590//1 1614//1 1591//1
f 1591//1 1614//1 1615//1
f 1591//1 1615//1 1592//1
f 1592//1 1615//1 1616//1
f 1592//1 1616//1 1593//1
f 1593//1 1616//1 1617//1
f 1593//1 1617//1 1594//1
f 1594//1 1617//1 1618//1
f 1594//1 1618//1 1595//1
f 1595//1 1618//1 1619//1
f 1595//1 1619//1 1596//1
f 1596//1 1619//1 1620//1
f 1596//1 1620//1 1573//1
f 1573//1 1620//1 1597//1
f 1597//1 1483//1 1598//1
f 1598//1 1483//1 1484//1
f 1598//1 1484//1 1599//1
f 1599//1 1484//1 1485//1
f 1599//1 1485//1 1600//1
f 1600//1 1485//1 1486//1
f 1600//1 1486//1 1601//1
f 1601//1 1486//1 1487//1
f 1601//1 1487//1 1602//1
f 1602//1 1487//1 1488//1
f 1602//1 1488//1 1603//1
f 1603//1 1488//1 1489//1
f 1603//1 1489//1 1604//1
f 1604//1 1489//1 1490//1
f 1604//1 1490//1 1605//1
f 1605//1 1490//1 1491//1
f 1605//1 1491//1 1606//1
f 1606//1 1491//1 1492//1
f 1606//1 1492//1 1607//1
f 1607//1 1492//1 1493//1
f 1607//1 1493//1 1608//1
f 1608//1 1493//1 1494//1
f 1608//1 1494//1 1609//1
f 1609//1 1494//1 1495//1
f 1609//1 1495//1 1610//1
f 1610//1 1495//1 1496//1
f 1610//1 1496//1 1611//1
f 1611//1 1496//1 1497//1
f 1611//1 1497//1 1612//1
f 1612//1 1497//1 1498//1
f 1612//1 1498//1 1613//1
f 1613//1 1498//1 1499//1
f 1613//1 1499//1 1614//1
f 1614//1 1499//1 1500//1
f 1614//1 1500//1 1615//1
f 1615//1 1500//1 1477//1
f 1615//1 1477//1 1616//1
f 1616//1 1477//1 1478//1
f 1616//1 1478//1 1617//1
f 1617//1 1478//1 1479//1
f 1617//1 1479//1 1618//1
f 1618//1 1479//1 1480//1
f 1618//1 1480//1 1619//1
f 1619//1 1480//1 1481//1
f 1619//1 1481//1 1620//1
f 1620//1 1481//1 1482//1
f 1620//1 1482//1 1597//1
f 1597//1 1482//1 1483//1
f 1116//1 705//1 1140//1
f 1140//1 705//1 706//1
f 1140//1 706//1 1139//1
f 1139//1 706//1 714//1
f 1139//1 714//1 1138//1
f 1138//1 714//1 715//1
f 1138//1 715//1 1137//1
f 1137//1 715//1 716//1
f 1137//1 716//1 1136//1
f 1136//1 716//1 717//1
f 1136//1 717//1 1135//1
f 1135//1 717//1 718//1
f 1135//1 718//1 1134//1
f 1134//1 718//1 719//1
f 1134//1 719//1 1133//1
f 1133//1 719//1 720//1
f 1133//1 720//1 1132//1
f 1132//1 720//1 721//1
f 1132//1 721//1 1131//1
f 1131//1 721//1 722//1
f 1131//1 722//1 1130//1
f 1130//1 722//1 723//1
f 1130//1 723//1 1129//1
f 1129//1 723//1 724//1
f 1129//1 724//1 1128//1
f 1128//1 724//1 695//1
f 1128//1 695//1 1126//1
f 1126//1 695//1 694//1
f 1126//1 694//1 1125//1
f 1125//1 694//1 696//1
f 1125//1 696//1 1124//1
f 1124//1 696//1 697//1
f 1124//1 697//1 1123//1
f 1123//1 697//1 698//1
f 1123//1 698//1 1122//1
f 1122//1 698//1 699//1
f 1122//1 699//1 1121//1
f 1121//1 699//1 700//1
f 1121//1 700//1 1120//1
f 1120//1 700//1 701//1
f 1120//1 701//1 1119//1
f 1119//1 701//1 702//1
f 1119//1 702//1 1118//1
f 1118//1 702//1 703//1
f 1118//1 703//1 1117//1
f 1117//1 703//1 704//1
f 1117//1 704//1 1116//1
f 1116//1 704//1 705//1
# Vertices: 1620, normals: 1, texture coordinates: 0, faces: 3316

