# File generated by FabConvert.com - Free Image and 3D model conversion tools

o obj1
v -32.45148468 -47.33466721 5.42182159
v -32.4909668 -44.36942673 5.67564297
v -32.50855255 -47.32863998 6
v -32.4909668 -44.36942673 6.32435703
v -32.45148468 -47.33466721 6.57817841
v -32.35151291 -44.36942673 6.95790482
v -32.27912521 -47.35287094 7.15061998
v -32.07912445 -44.36942673 7.54666138
v -31.99551964 -47.38280487 7.67634678
v -31.6865387 -44.36942673 8.06309891
v -31.62733459 -47.4216423 8.12385464
v -31.19211388 -44.36942673 8.48306656
v -31.1790123 -47.46888733 8.49092579
v -30.65409088 -47.52414703 8.77267742
v -30.61896706 -44.36942673 8.78693008
v -30.08383751 -47.58410645 8.94350243
v -29.99389839 -44.36942673 8.96047974
v -29.50862122 -47.64450836 9
v -29.34613609 -44.36942673 8.99559975
v -28.93340302 -47.7048378 8.94352913
v -28.70596695 -44.36942673 8.8906498
v -28.36312103 -47.76457214 8.77272224
v -28.1033268 -44.36942673 8.65053558
v -27.83816528 -47.81949234 8.49097443
v -27.5663929 -44.36942673 8.28648567
v -27.38980865 -47.86634827 8.12389374
v -27.12027359 -44.36942673 7.81552267
v -27.02160263 -47.9047966 7.67637253
v -26.78582573 -44.36942673 7.2596674
v -26.73798561 -47.93439102 7.1506319
v -26.57869148 -44.36942673 6.64491129
v -26.56562233 -47.95236588 6.57818174
v -26.50855255 -44.36942673 6
v -26.50855255 -47.9583168 6
v -26.56562233 -47.95236588 5.42181826
v -26.57869148 -44.36942673 5.35508871
v -26.73798561 -47.93439102 4.8493681
v -26.78582573 -44.36942673 4.7403326
v -27.02160263 -47.9047966 4.32362747
v -27.12027359 -44.36942673 4.18447733
v -27.38980865 -47.86634827 3.87610602
v -27.5663929 -44.36942673 3.71351385
v -27.83816528 -47.81949234 3.50902557
v -28.1033268 -44.36942673 3.34946394
v -28.36312103 -47.76457214 3.22727799
v -28.70596695 -44.36942673 3.10934997
v -28.93340302 -47.7048378 3.05647111
v -29.34613609 -44.36942673 3.00439978
v -29.50862122 -47.64450836 3
v -29.99389839 -44.36942673 3.0395205
v -30.08383751 -47.58410645 3.05649734
v -30.61896706 -44.36942673 3.21306992
v -30.65409088 -47.52414703 3.22732258
v -31.19211388 -44.36942673 3.51693296
v -31.1790123 -47.46888733 3.50907397
v -31.62733459 -47.4216423 3.87614512
v -31.6865387 -44.36942673 3.93690157
v -31.99551964 -47.38280487 4.32365322
v -32.07912445 -44.36942673 4.45333862
v -32.27912521 -47.35287094 4.84938002
v -32.35151291 -44.36942673 5.04209518
v -28.05966377 -44.36942673 5.61177158
v -28.00855255 -44.36942673 6
v -28.20951462 -44.36942673 5.25
v -28.44789314 -44.36942673 4.93933964
v -28.75855255 -44.36942673 4.70096207
v -29.12032318 -44.36942673 4.55111122
v -29.50855255 -44.36942673 4.5
v -29.89678192 -44.36942673 4.55111122
v -30.25855255 -44.36942673 4.70096207
v -30.56921387 -44.36942673 4.93933964
v -30.80759048 -44.36942673 5.25
v -30.95744133 -44.36942673 5.61177158
v -31.00855255 -44.36942673 6
v -30.95744133 -44.36942673 6.38822842
v -30.80759048 -44.36942673 6.75
v -30.56921387 -44.36942673 7.06066036
v -30.25855255 -44.36942673 7.29903793
v -29.89678192 -44.36942673 7.44888878
v -29.50855255 -44.36942673 7.5
v -29.12032318 -44.36942673 7.44888878
v -28.75855255 -44.36942673 7.29903793
v -28.44789314 -44.36942673 7.06066036
v -28.20951462 -44.36942673 6.75
v -28.05966377 -44.36942673 6.38822842
v -28.05966377 -38.20000076 6.38822842
v -28.00855255 -38.20000076 6
v -28.05966377 -38.20000076 5.61177158
v -28.20951462 -38.20000076 5.25
v -28.44789314 -38.20000076 4.93933964
v -28.75855255 -38.20000076 4.70096207
v -29.12032318 -38.20000076 4.55111122
v -29.50855255 -38.20000076 4.5
v -29.89678192 -38.20000076 4.55111122
v -30.25855255 -38.20000076 4.70096207
v -30.56921387 -38.20000076 4.93933964
v -30.80759048 -38.20000076 5.25
v -30.95744133 -38.20000076 5.61177158
v -31.00855255 -38.20000076 6
v -30.95744133 -38.20000076 6.38822842
v -30.80759048 -38.20000076 6.75
v -30.56921387 -38.20000076 7.06066036
v -30.25855255 -38.20000076 7.29903793
v -29.89678192 -38.20000076 7.44888878
v -29.50855255 -38.20000076 7.5
v -29.12032318 -38.20000076 7.44888878
v -28.75855255 -38.20000076 7.29903793
v -28.44789314 -38.20000076 7.06066036
v -28.20951462 -38.20000076 6.75
v -18.05966377 -44.36942673 6.38822842
v -18.05966377 -38.20000076 6.38822842
v -18.00855255 -44.36942673 6
v -18.00855255 -38.20000076 6
v -18.05966377 -44.36942673 5.61177158
v -18.05966377 -38.20000076 5.61177158
v -18.20951462 -44.36942673 5.25
v -18.20951462 -38.20000076 5.25
v -18.44789124 -44.36942673 4.93933964
v -18.44789124 -38.20000076 4.93933964
v -18.75855255 -44.36942673 4.70096207
v -18.75855255 -38.20000076 4.70096207
v -19.12032318 -44.36942673 4.55111122
v -19.12032318 -38.20000076 4.55111122
v -19.50855255 -44.36942673 4.5
v -19.50855255 -38.20000076 4.5
v -19.89678192 -44.36942673 4.55111122
v -19.89678192 -38.20000076 4.55111122
v -20.25855255 -44.36942673 4.70096207
v -20.25855255 -38.20000076 4.70096207
v -20.56921196 -44.36942673 4.93933964
v -20.56921196 -38.20000076 4.93933964
v -20.80759048 -44.36942673 5.25
v -20.80759048 -38.20000076 5.25
v -20.95744133 -44.36942673 5.61177158
v -20.95744133 -38.20000076 5.61177158
v -21.00855255 -44.36942673 6
v -21.00855255 -38.20000076 6
v -20.95744133 -44.36942673 6.38822842
v -20.95744133 -38.20000076 6.38822842
v -20.80759048 -44.36942673 6.75
v -20.80759048 -38.20000076 6.75
v -20.56921196 -44.36942673 7.06066036
v -20.56921196 -38.20000076 7.06066036
v -20.25855255 -44.36942673 7.29903793
v -20.25855255 -38.20000076 7.29903793
v -19.89678192 -44.36942673 7.44888878
v -19.89678192 -38.20000076 7.44888878
v -19.50855255 -44.36942673 7.5
v -19.50855255 -38.20000076 7.5
v -19.12032318 -44.36942673 7.44888878
v -19.12032318 -38.20000076 7.44888878
v -18.75855255 -44.36942673 7.29903793
v -18.75855255 -38.20000076 7.29903793
v -18.44789124 -44.36942673 7.06066036
v -18.44789124 -38.20000076 7.06066036
v -18.20951462 -44.36942673 6.75
v -18.20951462 -38.20000076 6.75
v -22.45148277 -47.95236588 5.42181826
v -22.4909668 -44.36942673 5.67564297
v -22.50855255 -47.9583168 6
v -22.4909668 -44.36942673 6.32435703
v -22.45148277 -47.95236588 6.57818174
v -22.35151291 -44.36942673 6.95790482
v -22.27911949 -47.93439102 7.1506319
v -22.07912445 -44.36942673 7.54666138
v -21.99550247 -47.9047966 7.67637253
v -21.6865387 -44.36942673 8.06309891
v -21.62729645 -47.86634827 8.12389374
v -21.19211388 -44.36942673 8.48306656
v -21.17893982 -47.81949234 8.49097443
v -20.65398407 -47.76457214 8.77272224
v -20.61896706 -44.36942673 8.78693008
v -20.08370209 -47.7048378 8.94352913
v -19.99389839 -44.36942673 8.96047974
v -19.50848389 -47.64450836 9
v -19.34613609 -44.36942673 8.99559975
v -18.93326759 -47.58410645 8.94350243
v -18.70596695 -44.36942673 8.8906498
v -18.36301422 -47.52414703 8.77267742
v -18.1033268 -44.36942673 8.65053558
v -17.8380928 -47.46888733 8.49092579
v -17.56639481 -44.36942673 8.28648567
v -17.38977051 -47.4216423 8.12385464
v -17.12027359 -44.36942673 7.81552267
v -17.02158546 -47.38280487 7.67634678
v -16.78582573 -44.36942673 7.2596674
v -16.73797989 -47.35287094 7.15061998
v -16.57869148 -44.36942673 6.64491129
v -16.56562042 -47.33466721 6.57817841
v -16.50855255 -44.36942673 6
v -16.50855255 -47.32863998 6
v -16.56562042 -47.33466721 5.42182159
v -16.57869148 -44.36942673 5.35508871
v -16.73797989 -47.35287094 4.84938002
v -16.78582573 -44.36942673 4.7403326
v -17.02158546 -47.38280487 4.32365322
v -17.12027359 -44.36942673 4.18447733
v -17.38977051 -47.4216423 3.87614512
v -17.56639481 -44.36942673 3.71351385
v -17.8380928 -47.46888733 3.50907397
v -18.1033268 -44.36942673 3.34946394
v -18.36301422 -47.52414703 3.22732258
v -18.70596695 -44.36942673 3.10934997
v -18.93326759 -47.58410645 3.05649734
v -19.34613609 -44.36942673 3.00439978
v -19.50848389 -47.64450836 3
v -19.99389839 -44.36942673 3.0395205
v -20.08370209 -47.7048378 3.05647111
v -20.61896706 -44.36942673 3.21306992
v -20.65398407 -47.76457214 3.22727799
v -21.19211388 -44.36942673 3.51693296
v -21.17893982 -47.81949234 3.50902557
v -21.62729645 -47.86634827 3.87610602
v -21.6865387 -44.36942673 3.93690157
v -21.99550247 -47.9047966 4.32362747
v -22.07912445 -44.36942673 4.45333862
v -22.27911949 -47.93439102 4.8493681
v -22.35151291 -44.36942673 5.04209518
v -16.50855255 -43.26661682 12
v -16.05405617 -43.18009567 11.33995724
v -16.50855255 -38.20000076 12
v -15.86284542 -38.20000076 11.02511215
v -15.6497612 -43.09897232 10.6384182
v -15.3353548 -38.20000076 9.98151398
v -15.30158043 -43.02593994 9.90276146
v -15.01537418 -42.96386337 9.14008617
v -14.9332943 -38.20000076 8.88347435
v -14.79323387 -42.91442108 8.358778
v -14.66215992 -38.20000076 7.74600792
v -14.63489723 -42.87828064 7.56853008
v -14.54009342 -42.85610962 6.77903795
v -14.52565861 -38.20000076 6.58466721
v -14.50855255 -42.84857178 6
v -14.52565861 -38.20000076 5.41533279
v -14.54009342 -42.85610962 5.22096205
v -14.66215992 -38.20000076 4.25399208
v -14.63489723 -42.87828064 4.43146992
v -14.79323387 -42.91442108 3.64122152
v -14.9332943 -38.20000076 3.11652589
v -15.01537418 -42.96386337 2.85991383
v -15.3353548 -38.20000076 2.01848626
v -15.30158043 -43.02593994 2.0972383
v -15.6497612 -43.09897232 1.3615818
v -15.86284542 -38.20000076 0.97488785
v -16.05405617 -43.18009567 0.66004276
v -16.50855255 -38.20000076 0
v -16.50855255 -43.26661682 0
v -26.00758743 -38.20000076 6.05378819
v -25.97043037 -38.20000076 5.66397667
v -25.83364868 -38.20000076 5.2970643
v -25.60656548 -38.20000076 4.97805595
v -25.30465126 -38.20000076 4.72869158
v -24.94848633 -38.20000076 4.5659647
v -33.15425873 -38.20000076 0.97488785
v -33.68175125 -38.20000076 2.01848626
v -34.0838089 -38.20000076 3.11652589
v -25.94258881 -38.20000076 6.43993425
v -25.77986145 -38.20000076 6.79609966
v -25.5304966 -38.20000076 7.09801197
v -25.21148872 -38.20000076 7.32509661
v -24.84457588 -38.20000076 7.4618783
v -33.15425873 -38.20000076 11.02511215
v -32.50855255 -38.20000076 12
v -33.68175125 -38.20000076 9.98151398
v -34.0838089 -38.20000076 8.88347435
v -34.35494614 -38.20000076 7.74600792
v -34.49144745 -38.20000076 6.58466721
v -34.49144745 -38.20000076 5.41533279
v -34.35494614 -38.20000076 4.25399208
v -24.06861877 -38.20000076 7.4340353
v -23.71245384 -38.20000076 7.27130842
v -23.41053963 -38.20000076 7.02194405
v -23.18345642 -38.20000076 6.7029357
v -23.04667473 -38.20000076 6.33602333
v -23.00951767 -38.20000076 5.94621181
v -23.0745163 -38.20000076 5.56006575
v -23.23724365 -38.20000076 5.20390034
v -23.48660851 -38.20000076 4.90198803
v -23.80561638 -38.20000076 4.67490339
v -24.17252922 -38.20000076 4.5381217
v -24.45476341 -38.20000076 7.49903536
v -24.56234169 -38.20000076 4.50096464
v -32.50855255 -38.20000076 0
v -32.50855255 -46.94677734 0
v -33.15425873 -46.94677734 0.97488785
v -33.68175125 -46.94677734 2.01848626
v -34.0838089 -46.94677734 3.11652589
v -34.35494614 -46.94677734 4.25399208
v -34.49144745 -46.94677734 5.41533279
v -34.49144745 -46.94677734 6.58466721
v -34.35494614 -46.94677734 7.74600792
v -34.0838089 -46.94677734 8.88347435
v -33.68175125 -46.94677734 9.98151398
v -33.15425873 -46.94677734 11.02511215
v -32.50855255 -46.94677734 12
v -14.01331329 -42.72996521 0
v -14.23207569 -46.50154877 0
v -16.81251144 -46.99756241 0
v -19.41637611 -47.3504982 0
v -11.68292618 -45.86396408 0
v -11.55338764 -42.04953766 0
v -9.17282295 -45.08675385 0
v -9.13705349 -41.22762299 0
v -6.70940781 -44.17228317 0
v -6.77244186 -40.26698685 0
v -4.30018044 -43.12333298 0
v -4.46750832 -39.17086411 0
v -1.95247459 -41.94309616 0
v -2.23000717 -37.94293594 0
v 0.32656097 -40.63516998 0
v -0.06746864 -36.58734131 0
v 2.52998924 -39.20353699 0
v 2.01283073 -35.10863495 0
v 4.65110207 -37.65254974 0
v 4.00389099 -33.51179886 0
v 6.68344116 -35.98693466 0
v 5.89901352 -31.80220032 0
v 8.62081909 -34.21176147 0
v 7.69182205 -29.9855957 0
v 10.45734024 -32.33243561 0
v 9.37628174 -28.06809616 0
v 12.18740845 -30.35467529 0
v 10.94672775 -26.05615234 0
v 13.80576324 -28.28450394 0
v 12.39787292 -23.95653725 0
v 15.30747223 -26.12822533 0
v 13.72483826 -21.77631378 0
v 16.68796539 -23.89240074 0
v 14.92315674 -19.5228157 0
v 17.94304276 -21.58383751 0
v 15.98879623 -17.20362854 0
v 19.06887817 -19.20956612 0
v 16.91816711 -14.82655621 0
v 20.06204987 -16.77681351 0
v 17.70814896 -12.39959526 0
v 20.91952896 -14.29298401 0
v 18.35608292 -9.93091202 0
v 21.63870621 -11.76564217 0
v 22.21739578 -9.20248127 0
v 18.85978699 -7.42881346 0
v 22.6538353 -6.61130428 0
v 19.21756363 -4.90171862 0
v 22.94668961 -4 0
v 19.42821121 -2.35813046 0
v 19.49102402 0.19339207 0
v 22.94668961 4 0
v 19.40578461 2.74426389 0
v 19.17278671 5.28590202 0
v 22.65462494 6.60565281 0
v 18.79280853 7.80975389 0
v 22.21960068 9.19128227 0
v 21.64293671 11.74905205 0
v 18.26712799 10.30732822 0
v 20.92637634 14.27120781 0
v 17.59752274 12.7702198 0
v 20.07209396 16.7501049 0
v 16.78623581 15.19014359 0
v 19.08267975 19.17822838 0
v 15.83600235 17.55895424 0
v 17.96113205 21.54821968 0
v 14.75001907 19.86868477 0
v 16.71085358 23.85289574 0
v 13.53193665 22.11156082 0
v 15.33562851 26.08526802 0
v 12.18585968 24.28003693 0
v 13.83963013 28.23857117 0
v 10.71631241 26.36681366 0
v 12.22739029 30.30627823 0
v 9.12824249 28.36487389 0
v 10.50379944 32.28211975 0
v 7.42699051 30.26749229 0
v 8.67407608 34.16011047 0
v 5.61828232 32.06826782 0
v 6.74377251 35.93455505 0
v 3.70820427 33.76113892 0
v 4.71873665 37.60007477 0
v 1.70318413 35.34041214 0
v 2.60510635 39.15162277 0
v -0.39003372 36.80077362 0
v 0.40929031 40.58449173 0
v -2.56440353 38.13731003 0
v -1.86205673 41.89434433 0
v -4.81261253 39.34552002 0
v -4.20204735 43.07720947 0
v -7.12709236 40.42134094 0
v -6.60359192 44.12949753 0
v -9.50005817 41.36115265 0
v -9.05941105 45.04801941 0
v -11.92352295 42.16179657 0
v -11.56205845 45.8299942 0
v -14.38933468 42.8205719 0
v -14.10394859 46.47304916 0
v -16.88919449 43.33526611 0
v -16.6773777 46.97523499 0
v -19.41469383 43.70414734 0
v -19.27454376 47.3350296 0
v -21.9573307 43.9259758 0
v -21.88757706 47.55134583 0
v -24.50855255 44 0
v -24.50855255 47.62352371 0
v 34.04911041 4 0
v 34.17040253 1.3342526 0
v 34.17040253 -1.3342526 0
v 34.04911041 -4 0
v -22.03574371 -47.5592804 0
v -24.66263771 -47.62327576 0
v -27.28906441 -47.5422821 0
v -29.90702629 -47.31655502 0
v -14.01331329 -42.72996521 12
v -11.55338764 -42.04953766 12
v -9.13705349 -41.22762299 12
v -6.77244186 -40.26698685 12
v -4.46750832 -39.17086411 12
v -2.23000717 -37.94293594 12
v -0.06746864 -36.58734131 12
v 2.01283073 -35.10863495 12
v 4.00389099 -33.51179886 12
v 5.89901352 -31.80220032 12
v 7.69182205 -29.9855957 12
v 9.37628174 -28.06809616 12
v 10.94672775 -26.05615234 12
v 12.39787292 -23.95653725 12
v 13.72483826 -21.77631378 12
v 14.92315674 -19.5228157 12
v 15.98879623 -17.20362854 12
v 16.91816711 -14.82655621 12
v 17.70814896 -12.39959526 12
v 18.35608292 -9.93091202 12
v 18.85978699 -7.42881346 12
v 19.21756363 -4.90171862 12
v 19.42821121 -2.35813046 12
v 19.46587372 -1.5 2
v 19.46587372 -1.5 10
v 19.46683884 -1.47160888 2.28836393
v 19.46683884 -1.47160888 9.71163559
v 19.46961975 -1.38581097 2.57404542
v 19.46961975 -1.38581097 9.42595482
v 19.47383881 -1.24447107 2.83670712
v 19.47383881 -1.24447107 9.16329288
v 19.47866058 -1.06066024 3.06066012
v 19.47866058 -1.06066024 8.93933964
v 19.48348236 -0.83670723 3.24447107
v 19.48348236 -0.83670723 8.7555294
v 19.48770142 -0.57404542 3.38581085
v 19.48770142 -0.57404542 8.61418915
v 19.49047852 -0.28836396 3.47160888
v 19.49047852 -0.28836396 8.52839088
v 19.49144745 -0 3.5
v 19.49144745 -0 8.5
v 19.49047852 0.28836396 8.52839088
v 19.49102402 0.19339207 12
v 19.48770142 -0.57404542 11.38581085
v 19.48348236 -0.83670723 11.2444706
v 19.47866058 -1.06066024 11.06066036
v 19.40578461 2.74426389 12
v 19.47866058 1.06066024 11.06066036
v 19.48348236 0.83670723 11.2444706
v 19.48770142 0.57404542 11.38581085
v 19.17278671 5.28590202 12
v 19.46587372 1.5 10
v 19.46587372 1.5 2
v 19.46683884 1.47160888 9.71163559
v 19.46683884 1.47160888 2.28836393
v 19.46961975 1.38581097 9.42595482
v 19.46961975 1.38581097 2.57404542
v 19.47383881 1.24447107 9.16329288
v 19.47383881 1.24447107 2.83670712
v 19.47866058 1.06066024 8.93933964
v 19.47866058 1.06066024 3.06066012
v 19.48348236 0.83670723 8.7555294
v 19.48348236 0.83670723 3.24447107
v 19.48770142 0.57404542 8.61418915
v 19.48770142 0.57404542 3.38581085
v 19.49047852 0.28836396 3.47160888
v 18.79280853 7.80975389 12
v 18.26712799 10.30732822 12
v 17.59752274 12.7702198 12
v 16.78623581 15.19014359 12
v 15.83600235 17.55895424 12
v 14.75001907 19.86868477 12
v 13.53193665 22.11156082 12
v 12.18585968 24.28003693 12
v 10.71631241 26.36681366 12
v 9.12824249 28.36487389 12
v 7.42699051 30.26749229 12
v 5.61828232 32.06826782 12
v 3.70820427 33.76113892 12
v 1.70318413 35.34041214 12
v -0.39003372 36.80077362 12
v -2.56440353 38.13731003 12
v -4.81261253 39.34552002 12
v -7.12709236 40.42134094 12
v -9.50005817 41.36115265 12
v -11.92352295 42.16179657 12
v -14.38933468 42.8205719 12
v -16.88919449 43.33526611 12
v -18.50855255 43.58898926 6
v -18.53692627 43.5929718 6.57330227
v -18.62231827 43.6046524 7.15446758
v -18.76514244 43.62362671 7.73274708
v -19.41469383 43.70414734 12
v -18.96581078 43.64949036 8.29739189
v -19.22333145 43.68138123 8.83825874
v -19.531147 43.71748352 9.34755898
v -19.88131523 43.75596237 9.81808472
v -20.26589203 43.79497528 10.24262238
v -20.69042778 43.83395004 10.62720394
v -21.16095352 43.87232208 10.97737885
v -21.9573307 43.9259758 12
v -21.67026138 43.90827179 11.28520203
v -22.21113586 43.93997955 11.54273224
v -22.77578926 43.9656601 11.74340439
v -23.35407639 43.984478 11.88623238
v -23.93524742 43.9960556 11.97162628
v -24.50855255 44 12
v -18.53692627 43.5929718 5.42669773
v -18.62231827 43.6046524 4.84553242
v -18.76514244 43.62362671 4.26725292
v -18.96581078 43.64949036 3.70260787
v -19.22333145 43.68138123 3.16174173
v -19.531147 43.71748352 2.65244055
v -19.88131523 43.75596237 2.18191552
v -20.26589203 43.79497528 1.7573781
v -20.69042778 43.83395004 1.37279606
v -21.16095352 43.87232208 1.02262115
v -21.67026138 43.90827179 0.7147975
v -22.21113586 43.93997955 0.45726824
v -22.77578926 43.9656601 0.25659513
v -23.35407639 43.984478 0.11376715
v -23.93524742 43.9960556 0.02837324
v 19.47866058 1.06066024 0.93933964
v 19.47383881 1.24447107 1.16329288
v 19.46961975 1.38581097 1.42595482
v 19.48770142 -0.57404542 0.61418915
v 19.49047852 -0.28836396 0.52839088
v 19.49144745 -0 0.5
v 19.46683884 -1.47160888 1.71163607
v 19.46961975 -1.38581097 1.42595482
v 19.47383881 -1.24447107 1.16329288
v 19.47866058 -1.06066024 0.93933964
v 19.48348236 -0.83670723 0.75552893
v 19.49047852 0.28836396 0.52839088
v 19.48770142 0.57404542 0.61418915
v 19.48348236 0.83670723 0.75552893
v 19.46683884 1.47160888 1.71163607
v 19.46683884 1.47160888 10.28836441
v 19.46961975 1.38581097 10.57404518
v 19.47383881 1.24447107 10.83670712
v 19.49047852 0.28836396 11.47160912
v 19.49144745 -0 11.5
v 19.49047852 -0.28836396 11.47160912
v 19.47383881 -1.24447107 10.83670712
v 19.46961975 -1.38581097 10.57404518
v 19.46683884 -1.47160888 10.28836441
v 34.35615921 1.47167361 9.71196365
v 34.33658218 1.5 10
v 26.9521637 1.5 10
v 34.31700134 1.47167373 10.28803539
v 26.9521637 1.44888878 10.38822842
v 34.29758835 1.38604343 10.57348442
v 26.9521637 1.29903805 10.75
v 34.27972412 1.24489975 10.83606911
v 26.9521637 1.06093276 11.06038761
v 34.26447678 1.06119931 11.06012058
v 34.25195694 0.83732218 11.2440567
v 26.9521637 0.75 11.29903793
v 34.24232101 0.57457 11.38559341
v 26.9521637 0.38822857 11.44888878
v 34.23646927 0.28866315 11.47154999
v 26.9521637 1.95E-06 11.5
v 34.2345314 3.86E-06 11.5
v 34.23646927 -0.28865522 11.4715519
v 26.9521637 -0.38822857 11.44888878
v 34.24232101 -0.57456243 11.38559723
v 26.9521637 -0.75 11.29903793
v 34.25195694 -0.83731544 11.24406147
v 26.9521637 -1.06093001 11.06039047
v 34.26447678 -1.06119382 11.0601263
v 34.27972412 -1.24489522 10.83607578
v 26.9521637 -1.29903805 10.75
v 34.29758835 -1.38604021 10.57349205
v 26.9521637 -1.44888878 10.38822842
v 34.31700134 -1.47167218 10.28804398
v 26.9521637 -1.5 10
v 34.33658218 -1.5 10.00000763
v 34.35615921 -1.47167516 9.71197224
v 26.9521637 -1.44888878 9.61177158
v 34.37555313 -1.38604581 9.42652225
v 26.9521637 -1.29903805 9.25
v 34.39338684 -1.24490249 9.16393471
v 26.9521637 -1.06093121 8.93961143
v 34.40859985 -1.06120145 8.93988132
v 34.42108536 -0.83732355 8.7559433
v 26.9521637 -0.75 8.70096207
v 34.43069458 -0.57457066 8.61440659
v 26.9521637 -0.38822857 8.55111122
v 34.43652725 -0.28866333 8.52845001
v 26.9521637 -1.92E-06 8.5
v 34.43845749 -3.86E-06 8.5
v 34.43652725 0.2886554 8.5284481
v 26.9521637 0.38822857 8.55111122
v 34.43069458 0.57456309 8.61440372
v 26.9521637 0.75 8.70096207
v 34.42108917 0.83731687 8.75593948
v 26.9521637 1.06092846 8.93960762
v 34.40859985 1.06119597 8.93987656
v 34.39338684 1.24489796 9.16392803
v 26.9521637 1.29903805 9.25
v 34.37555313 1.38604271 9.42651463
v 26.9521637 1.44888878 9.61177158
v 34.31700134 1.47167373 1.71196461
v 34.33658218 1.5 2
v 26.9521637 1.5 2
v 34.35615921 1.47167361 2.28803611
v 26.9521637 1.44888878 2.38822865
v 34.37555313 1.38604271 2.57348537
v 26.9521637 1.29903805 2.75
v 34.39338684 1.24489796 2.83607173
v 26.9521637 1.06092846 3.0603919
v 34.40859985 1.06119597 3.06012392
v 34.42108917 0.83731687 3.24406075
v 26.9521637 0.75 3.29903817
v 34.43069458 0.57456309 3.38559628
v 26.9521637 0.38822857 3.44888878
v 34.43652725 0.2886554 3.47155142
v 26.9521637 -1.92E-06 3.5
v 34.43845749 -3.86E-06 3.5
v 34.43652725 -0.28866333 3.47154975
v 26.9521637 -0.38822857 3.44888878
v 34.43069458 -0.57457066 3.38559318
v 26.9521637 -0.75 3.29903817
v 34.42108536 -0.83732355 3.24405622
v 26.9521637 -1.06093121 3.06038904
v 34.40859985 -1.06120145 3.06011844
v 34.39338684 -1.24490249 2.83606505
v 26.9521637 -1.29903805 2.75
v 34.37555313 -1.38604581 2.57347798
v 26.9521637 -1.44888878 2.38822865
v 34.35615921 -1.47167516 2.288028
v 26.9521637 -1.5 2
v 34.33658218 -1.5 1.99999237
v 34.31700134 -1.47167218 1.7119565
v 26.9521637 -1.44888878 1.61177158
v 34.29758835 -1.38604021 1.42650843
v 26.9521637 -1.29903805 1.25
v 34.27972412 -1.24489522 1.16392422
v 26.9521637 -1.06093001 0.93960953
v 34.26447678 -1.06119382 0.9398737
v 34.25195694 -0.83731544 0.75593853
v 26.9521637 -0.75 0.70096207
v 34.24232101 -0.57456243 0.61440325
v 26.9521637 -0.38822857 0.55111122
v 34.23646927 -0.28865522 0.52844858
v 26.9521637 1.95E-06 0.5
v 34.2345314 3.86E-06 0.5
v 34.23646927 0.28866315 0.52845001
v 26.9521637 0.38822857 0.55111122
v 34.24232101 0.57457 0.61440659
v 26.9521637 0.75 0.70096207
v 34.25195694 0.83732218 0.75594282
v 26.9521637 1.06093276 0.93961239
v 34.26447678 1.06119931 0.93987942
v 34.27972412 1.24489975 1.16393089
v 26.9521637 1.29903805 1.25
v 34.29758835 1.38604343 1.42651606
v 26.9521637 1.44888878 1.61177158
v 34.29471588 1.71580029 10.49794769
v 34.29471588 1.85788178 10.4411459
v 34.29471588 1.93962944 10.40605736
v 34.44224548 0.97062421 8.20486736
v 34.29471588 2.15855885 10.30303669
v 34.44224548 1.08018029 8.15331459
v 34.29471588 2.37203574 10.18914604
v 34.44224548 1.18700778 8.09632111
v 34.29471588 2.57952046 10.06467438
v 34.44224548 1.29083681 8.03403282
v 34.29471588 2.78048921 9.92993355
v 34.44224548 1.39140499 7.96660709
v 34.29471588 2.97443438 9.78526688
v 34.44224548 1.4884584 7.89421272
v 34.29471588 3.16086555 9.63103676
v 34.44224548 1.58175194 7.81703377
v 34.29471588 3.33931231 9.46763515
v 34.44224548 1.67104971 7.73526478
v 34.29471588 3.5093236 9.29547405
v 34.44224548 1.75612628 7.64911222
v 34.29471588 3.67047 9.11498833
v 34.44224548 1.83676672 7.55879402
v 34.29471588 3.82234454 8.92663383
v 34.44224548 1.91276741 7.4645381
v 34.29471588 3.96456337 8.73088646
v 34.44224548 1.98393619 7.36658287
v 34.44224548 2.05009341 7.26517487
v 34.49144745 -0 6
v 34.44224548 0.85861617 8.25085068
v 34.44224548 0.74443924 8.29114819
v 34.44224548 0.62838179 8.3256588
v 34.44224548 0.510737 8.35429382
v 34.44224548 0.39180204 8.37698174
v 34.44224548 0.15126587 8.4043026
v 34.44224548 0.27187735 8.39366531
v 34.44224548 -0.09079776 8.40734482
v 34.44224548 0.03027229 8.40886593
v 34.44224548 -0.33194453 8.38607693
v 34.44224548 -0.21163845 8.39974213
v 34.44224548 -0.56973934 8.34071541
v 34.44224548 -0.45141208 8.36638451
v 34.44224548 -0.80178094 8.27171707
v 34.44224548 -0.68662739 8.30913258
v 34.44224548 -0.91490912 8.22856331
v 34.29471588 -1.82829225 10.45340919
v 34.29471588 -2.04974151 10.3559227
v 34.44224548 -1.0257262 8.17977905
v 34.44224548 -1.13395214 8.12548923
v 34.29471588 -1.60222459 10.5396452
v 34.17040253 -1.3342526 12
v 34.17040253 1.3342526 12
v 34.29471588 1.48763692 10.57847595
v 34.29471588 1.71580029 1.50205278
v 34.29471588 1.48763692 1.42152452
v 34.29471588 -1.60222459 1.4603548
v 34.29471588 -1.81443763 1.54092884
v 34.29471588 -1.82829225 1.54659128
v 34.29471588 -2.04974151 1.6440773
v 34.44224548 -1.0257262 3.82022095
v 34.29471588 -2.26601291 1.75256729
v 34.44224548 -1.13395214 3.874511
v 34.29471588 -2.47656035 1.87178612
v 34.44224548 -1.23931372 3.93417025
v 34.29471588 -2.68085146 2.00143313
v 34.44224548 -1.34154463 3.99904799
v 34.29471588 -2.87837076 2.14118123
v 34.44224548 -1.44038665 4.06898022
v 34.29471588 -3.06861901 2.29067683
v 34.44224548 -1.53559017 4.14379025
v 34.29471588 -3.25111556 2.44954252
v 34.44224548 -1.62691462 4.22328949
v 34.29471588 -3.42539954 2.61737704
v 34.44224548 -1.71412933 4.30727673
v 34.29471588 -3.59103084 2.79375625
v 34.44224548 -1.797014 4.39554024
v 34.29471588 -3.74759078 2.97823477
v 34.44224548 -1.8753593 4.48785639
v 34.29471588 -3.89468384 3.1703465
v 34.44224548 -1.94896734 4.58399248
v 34.44224548 -2.01765203 4.68370533
v 34.44224548 -0.91490912 3.77143717
v 34.44224548 -0.80178094 3.72828293
v 34.44224548 -0.68662739 3.69086719
v 34.44224548 -0.56973934 3.65928459
v 34.44224548 -0.45141208 3.63361502
v 34.44224548 -0.33194453 3.61392283
v 34.44224548 -0.09079776 3.59265566
v 34.44224548 -0.21163845 3.60025835
v 34.44224548 0.15126587 3.59569764
v 34.44224548 0.03027229 3.59113407
v 34.44224548 0.39180204 3.62301826
v 34.44224548 0.27187735 3.60633469
v 34.44224548 0.62838179 3.67434144
v 34.44224548 0.510737 3.64570642
v 34.44224548 0.74443924 3.70885158
v 34.44224548 0.85861617 3.74914932
v 34.44224548 0.97062421 3.79513264
v 34.29471588 1.93962944 1.59394312
v 34.04911041 4 12
v 34.04911041 -4 12
v 34.24526596 -4 9.60400772
v 34.29471588 -2.68085146 9.99856663
v 34.29471588 -2.47656035 10.12821388
v 34.29471588 -2.26601291 10.24743271
v 34.44224548 -1.23931372 8.06583023
v 34.34342575 -4 7.20200443
v 34.29471588 -3.89468384 8.82965374
v 34.29471588 -3.74759078 9.02176476
v 34.29471588 -3.59103084 9.20624352
v 34.44224548 -1.8753593 7.51214361
v 34.44224548 -1.797014 7.60445976
v 34.34342575 -4 4.79799557
v 34.44224548 -2.40829515 6.06053972
v 34.44224548 -2.40221167 6.18146658
v 34.44224548 -2.39005995 6.30193472
v 34.24526596 -4 2.39599228
v 34.44224548 -2.1924963 5.00174618
v 34.44224548 -2.23988366 5.11316729
v 34.29471588 2.15855885 1.69696331
v 34.44224548 1.08018029 3.84668589
v 34.44224548 1.18700778 3.90367866
v 34.24526596 4 2.39599228
v 34.29471588 2.78048921 2.07006598
v 34.29471588 2.57952046 1.9353261
v 34.29471588 2.37203574 1.81085348
v 34.44224548 1.29083681 3.9659667
v 34.34342575 4 4.79799557
v 34.29471588 3.96456337 3.26911402
v 34.29471588 3.82234454 3.0733664
v 34.29471588 3.67047 2.88501167
v 34.44224548 1.91276741 4.5354619
v 34.44224548 1.83676672 4.44120598
v 34.34342575 4 7.20200443
v 34.44224548 2.40905595 6
v 34.44224548 2.40601325 5.8789587
v 34.44224548 2.39689279 5.75822306
v 34.24526596 4 9.60400772
v 34.44224548 2.16671777 7.05303621
v 34.44224548 2.2168901 6.94284105
v 34.44224548 2.38171744 5.63809824
v 34.44224548 2.36052585 5.51888752
v 34.44224548 2.33337116 5.40089226
v 34.44224548 2.30032229 5.28441
v 34.44224548 2.26146245 5.16973591
v 34.44224548 2.2168901 5.05715895
v 34.44224548 2.16671777 4.94696379
v 34.44224548 2.11107183 4.83942842
v 34.44224548 2.05009341 4.73482513
v 34.44224548 1.98393619 4.63341713
v 34.44224548 1.75612628 4.35088778
v 34.44224548 1.67104971 4.26473522
v 34.44224548 1.58175194 4.18296623
v 34.44224548 1.4884584 4.10578728
v 34.44224548 1.39140499 4.03339291
v 34.44224548 -2.08123994 4.78674364
v 34.44224548 -2.13957047 4.89284611
v 34.44224548 -2.28161287 5.22682905
v 34.44224548 -2.31757855 5.34244347
v 34.44224548 -2.34768987 5.45971918
v 34.44224548 -2.37187076 5.5783596
v 34.44224548 -2.39005995 5.69806528
v 34.44224548 -2.40221167 5.81853342
v 34.44224548 -2.40829515 5.93946028
v 34.44224548 -2.37187076 6.4216404
v 34.44224548 -2.34768987 6.54028082
v 34.44224548 -2.31757855 6.65755653
v 34.44224548 -2.28161287 6.77317095
v 34.44224548 -2.23988366 6.88683271
v 34.44224548 -2.1924963 6.99825382
v 34.44224548 -2.13957047 7.10715389
v 34.44224548 -2.08123994 7.21325636
v 34.44224548 -2.01765203 7.31629467
v 34.44224548 -1.94896734 7.41600752
v 34.44224548 -1.71412933 7.69272327
v 34.44224548 -1.62691462 7.77671051
v 34.44224548 -1.53559017 7.85620975
v 34.44224548 -1.44038665 7.93101978
v 34.44224548 -1.34154463 8.00095177
v 34.44224548 2.11107183 7.16057158
v 34.44224548 2.26146245 6.83026409
v 34.44224548 2.30032229 6.71559
v 34.44224548 2.33337116 6.59910774
v 34.44224548 2.36052585 6.48111248
v 34.44224548 2.38171744 6.36190176
v 34.44224548 2.39689279 6.24177694
v 34.44224548 2.40601325 6.1210413
v 34.29471588 -2.87837076 9.85881901
v 34.29471588 -3.25111556 9.550457
v 34.29471588 -3.42539954 9.38262272
v 34.29471588 2.97443438 2.2147336
v 34.29471588 3.33931231 2.53236461
v 34.29471588 3.5093236 2.70452595
v 34.29471588 -3.06861901 9.70932293
v 34.29471588 3.16086555 2.368963
v -24.12032318 47.97655487 4.55111122
v -25.23860168 47.8242569 1.96175337
v -24.50855255 47.97655487 4.5
v -25.23860168 47.96951675 4.45328617
v -24.89678192 47.97655487 4.55111122
v -25.23860168 47.97552872 4.65250158
v -25.25855255 47.97655487 4.70096207
v -25.56921196 47.97655487 4.93933964
v -27.90987396 47.84863663 4.28568363
v -25.80759048 47.97655487 5.25
v -27.90987396 47.86046219 4.65573359
v -25.95744133 47.97655487 5.61177158
v -26.00855255 47.97655487 6
v -27.90987396 47.86046219 7.34426641
v -25.95744133 47.97655487 6.38822842
v -25.80759048 47.97655487 6.75
v -25.56921196 47.97655487 7.06066036
v -25.23860168 47.97552872 7.34749842
v -25.25855255 47.97655487 7.29903793
v -24.89678192 47.97655487 7.44888878
v -25.23860168 47.8242569 10.03824615
v -24.50855255 47.97655487 7.5
v -22.56506348 47.79056931 10.0354023
v -22.56506348 47.9417305 7.34654903
v -19.89755821 47.60859299 10.02003574
v -19.89755821 47.75918198 7.34142208
v -17.24435806 47.27889252 9.99219608
v -17.24435806 47.42844009 7.33213234
v -14.61369896 46.80249786 9.9519701
v -14.61369896 46.95053482 7.31870937
v -12.01374149 46.1808815 9.89948082
v -12.01374149 46.32695389 7.30119467
v -9.4525528 45.41596985 9.83489227
v -9.4525528 45.55962372 7.27964258
v -6.93808174 44.51014328 9.75840473
v -6.93808174 44.65093231 7.25411987
v -4.47812843 43.46620941 9.67025566
v -4.47812843 43.60369492 7.2247057
v -2.08032608 42.28740311 9.57071877
v -2.08032608 42.42116165 7.19149208
v 0.24788475 40.97739029 9.46010208
v 0.24788475 41.10700226 7.15458059
v 2.49928093 39.5402298 9.33874893
v 2.49928093 39.66529465 7.1140871
v 4.66687584 37.98038101 9.20703697
v 4.66687584 38.10051346 7.07013702
v 6.74394417 36.30268478 9.06537247
v 6.74394417 36.41751099 7.02286625
v 8.72404099 34.51234818 8.91419792
v 8.72404099 34.62151337 6.97242165
v 10.60102081 32.61492538 8.75398064
v 10.60102081 32.71808624 6.91895962
v 12.36906433 30.61630249 8.58521843
v 12.36906433 30.7131443 6.8626461
v 14.02268219 28.5226841 8.40843487
v 14.02268219 28.61290169 6.80365658
v 15.55673981 26.34056282 8.22417831
v 15.55673981 26.42387962 6.74217272
v 16.96648407 24.07671165 8.03302002
v 16.96648407 24.15286827 6.67838669
v 18.24753952 21.73815536 7.83555412
v 18.24753952 21.80691338 6.61249542
v 19.39592743 19.3321476 7.63239288
v 19.39592743 19.39329529 6.54470348
v 20.40808868 16.86615562 7.4241662
v 20.40808868 16.91950417 6.47522163
v 21.28087997 14.34782982 7.21152067
v 21.28087997 14.39321327 6.40426493
v 22.01159286 11.7849865 6.99511576
v 22.01159286 11.82226276 6.33205414
v 22.59796143 9.18557549 6.77562332
v 22.59796143 9.21463013 6.25881338
v 23.03816605 6.55766344 6.55372429
v 23.03816605 6.57840538 6.18476915
v 23.3093605 4 7.20304251
v 23.3093605 4 4.79695749
v -23.75855255 47.97655487 4.70096207
v -22.56506348 47.9417305 4.65345097
v -22.56506348 47.79056931 1.96459818
v -25.44715881 47.62352371 0.07387018
v -23.44789314 47.97655487 4.93933964
v -23.20951462 47.97655487 5.25
v -23.05966377 47.97655487 5.61177158
v -23.00855255 47.97655487 6
v -23.05966377 47.97655487 6.38822842
v -23.20951462 47.97655487 6.75
v -23.44789314 47.97655487 7.06066036
v -23.75855255 47.97655487 7.29903793
v -24.12032318 47.97655487 7.44888878
v 23.18836594 4 9.60608292
v 23.03816605 4.24121618 11.03206062
v 22.94668961 4 12
v 23.03816605 4.51698017 10.78606796
v 22.65462494 6.60565281 12
v 23.03816605 4.77850151 10.52498436
v 23.03816605 5.02495623 10.24963188
v 23.03816605 5.2555666 9.96088123
v 23.03816605 5.46960545 9.65964127
v 22.59796143 7.66149044 11.12620258
v 22.59796143 7.93714619 10.68807983
v 22.21960068 9.19128227 12
v 22.01159286 10.50482082 11.43368149
v 21.64293671 11.74905205 12
v 22.01159286 10.79325294 10.83547878
v 21.28087997 13.14042759 11.88703537
v 21.28087997 13.45015144 11.14018059
v 20.92637634 14.27120781 12
v 21.28087997 13.7174654 10.37711716
v 20.40808868 16.12514877 11.14538765
v 20.40808868 16.38853836 10.23216915
v 19.39592743 18.78469849 10.85095215
v 19.39592743 19.02736855 9.78891754
v 18.24753952 21.39544296 10.26047134
v 18.24753952 21.60085297 9.05282593
v 16.96648407 23.92464066 9.38124466
v 23.03816605 5.66639853 9.34686184
v 23.03816605 5.84532499 9.02353001
v 23.03816605 6.00582075 8.69066429
v 22.59796143 8.41258812 9.76891899
v 22.59796143 8.61087513 9.29077721
v 22.01159286 11.0476532 10.22202873
v 22.01159286 11.26721859 9.59526634
v 21.28087997 13.94152737 9.60025406
v 20.40808868 16.60025406 9.30560589
v 19.39592743 19.21004295 8.7149353
v 23.18836594 4 2.39391661
v 23.03816605 6.14737988 3.65068531
v 23.03816605 6.26955557 3.9994421
v 23.03816605 6.37196302 4.35450697
v 22.59796143 8.78201199 3.19774032
v 22.59796143 8.92545795 3.69509363
v 22.01159286 11.26721859 2.40473366
v 22.01159286 11.45125866 3.04283214
v 21.28087997 13.7174654 1.62288237
v 21.28087997 13.94152737 2.39974594
v 20.40808868 16.12514877 0.85461235
v 20.40808868 16.38853836 1.76783085
v 19.39592743 18.48279953 0.1023078
v 19.39592743 18.78469849 1.14904785
v 18.24753952 21.12257195 0.54531622
v 23.03816605 4.24121618 0.9679389
v 23.03816605 4.51698017 1.21393204
v 23.03816605 4.77850151 1.47501612
v 23.03816605 5.02495623 1.75036764
v 22.59796143 7.03865242 0.04737377
v 23.03816605 5.2555666 2.03911877
v 22.59796143 7.36167765 0.45183897
v 23.03816605 5.46960545 2.34035897
v 22.59796143 7.66149044 0.87379742
v 23.03816605 5.66639853 2.65313816
v 22.59796143 7.93714619 1.31191969
v 23.03816605 5.84532499 2.97647023
v 22.59796143 8.18777561 1.76482344
v 23.03816605 6.00582075 3.30933571
v 22.59796143 8.41258812 2.23108149
v 22.59796143 8.61087513 2.70922279
v 22.01159286 10.50482082 0.56631804
v 21.28087997 13.14042759 0.11296511
v 22.01159286 10.79325294 1.16452122
v 21.28087997 13.45015144 0.85981989
v 15.55673981 25.92529297 0.8375001
v 16.96648407 23.69713211 1.28119326
v 18.24753952 21.39544296 1.73952818
v 19.39592743 19.02736855 2.21108294
v 19.39592743 19.21004295 3.28506494
v 20.40808868 16.75962639 3.6313796
v 20.40808868 16.86615562 4.5758338
v 21.28087997 14.34782982 4.78847933
v 21.28087997 14.39321327 5.59573507
v 22.01159286 11.82226276 5.66794586
v 14.02268219 28.0730114 0.40982533
v 12.36906433 30.42292595 1.70035982
v 10.60102081 32.4089241 1.4196806
v 8.72404099 34.29436493 1.1532135
v 6.74394417 36.07339096 0.90178537
v 4.66687584 37.74048996 0.66617632
v 2.49928093 39.2904892 0.44711685
v 0.24788475 40.71857071 0.24528742
v -2.08032608 42.02031326 0.06131363
v -2.08032608 42.28740311 2.42928147
v -4.47812843 43.46620941 2.3297441
v -2.08032608 42.42116165 4.80850792
v -4.47812843 43.60369492 4.7752943
v -6.93808174 44.51014328 2.24159503
v -6.93808174 44.65093231 4.74588013
v -9.4525528 45.41596985 2.16510749
v -9.4525528 45.55962372 4.72035742
v -12.01374149 46.1808815 2.10051918
v -12.01374149 46.32695389 4.69880533
v -14.61369896 46.80249786 2.04803014
v -14.61369896 46.95053482 4.68129063
v -17.24435806 47.27889252 2.00780368
v -17.24435806 47.42844009 4.66786766
v -19.89755821 47.60859299 1.97996426
v -19.89755821 47.75918198 4.65857792
v -26.36265373 47.62352371 0.29366112
v -27.23249626 47.62352371 0.6539607
v -27.90987396 47.70955658 1.97143888
v -28.03526306 47.62352371 1.14589787
v -28.751194 47.62352371 1.7573595
v -29.36265564 47.62352371 2.47328854
v -29.85459137 47.62352371 3.276057
v -30.21489143 47.62352371 4.14589787
v -30.43468285 47.62352371 5.06139326
v -30.50855255 47.62352371 6
v -30.43468285 47.62352371 6.93860674
v -30.21489143 47.62352371 7.85410213
v -29.85459137 47.62352371 8.72394276
v -29.36265564 47.62352371 9.52671146
v -27.90987396 47.70955658 10.02856064
v -28.751194 47.62352371 10.2426405
v -28.03526306 47.62352371 10.85410213
v -27.23249626 47.62352371 11.34603882
v -26.36265373 47.62352371 11.70633888
v -25.44715881 47.62352371 11.92613029
v -24.50855255 47.62352371 12
v -21.88757706 47.55134583 12
v -19.27454376 47.3350296 12
v -16.6773777 46.97523499 12
v -14.10394859 46.47304916 12
v -11.56205845 45.8299942 12
v -9.05941105 45.04801941 12
v -6.60359192 44.12949753 12
v -4.20204735 43.07720947 12
v -2.08032608 42.02031326 11.93868637
v -1.86205673 41.89434433 12
v 0.40929031 40.58449173 12
v 0.24788475 40.71857071 11.75471306
v 2.49928093 39.2904892 11.55288315
v 2.60510635 39.15162277 12
v 4.66687584 37.74048996 11.33382416
v 4.71873665 37.60007477 12
v 6.74394417 36.07339096 11.0982151
v 6.74377251 35.93455505 12
v 8.72404099 34.29436493 10.8467865
v 8.67407608 34.16011047 12
v 10.50379944 32.28211975 12
v 10.60102081 32.4089241 10.5803194
v 12.22739029 30.30627823 12
v 12.36906433 30.42292595 10.29964066
v 14.02268219 28.0730114 11.59017467
v 14.02268219 28.3425312 10.00562
v 15.55673981 25.92529297 11.16250038
v 15.55673981 26.17419243 9.69917107
v 16.96648407 23.69713211 10.71880722
v 13.83963013 28.23857117 12
v 15.33562851 26.08526802 12
v 16.71085358 23.85289574 12
v 17.96113205 21.54821968 12
v 18.24753952 21.12257195 11.4546833
v 19.08267975 19.17822838 12
v 19.39592743 18.48279953 11.89769173
v 20.07209396 16.7501049 12
v 22.59796143 7.03865242 11.95262623
v 22.59796143 7.36167765 11.54816055
v 23.03816605 6.45427895 4.7147603
v 22.59796143 9.04076099 4.19971466
v 22.01159286 11.59919071 3.69025469
v 21.28087997 14.12163067 3.18796158
v 20.40808868 16.60025406 2.69439387
v 23.03816605 6.55766344 5.44627571
v 23.03816605 6.57840538 5.81523085
v 22.59796143 9.18557549 5.22437668
v 22.59796143 9.21463013 5.74118662
v 22.01159286 11.7849865 5.00488424
v 23.03816605 6.51624441 6.92093372
v 22.59796143 9.12755775 7.28998804
v 22.01159286 11.71055126 7.65503979
v 21.28087997 14.25720787 8.01495647
v 20.40808868 16.75962639 8.36861992
v 23.03816605 6.45427895 7.2852397
v 22.59796143 9.04076099 7.80028534
v 22.01159286 11.59919071 8.30974579
v 21.28087997 14.12163067 8.81203842
v 23.03816605 6.14737988 8.34931469
v 23.03816605 6.26955557 8.0005579
v 23.03816605 6.37196302 7.64549303
v 22.59796143 8.92545795 8.30490685
v 22.59796143 9.12755775 4.71001196
v 23.03816605 6.51624441 5.07906628
v 22.01159286 11.71055126 4.34496021
v 21.28087997 14.25720787 3.98504376
v 19.39592743 19.3321476 4.36760712
v 20.40808868 16.91950417 5.52477837
v 19.39592743 19.39329529 5.45529652
v 18.24753952 21.73815536 4.16444588
v 18.24753952 21.80691338 5.38750458
v 18.24753952 21.60085297 2.94717407
v 16.96648407 23.92464066 2.61875582
v 16.96648407 24.07671165 3.9669795
v 15.55673981 26.17419243 2.30082893
v 15.55673981 26.34056282 3.77582145
v 14.02268219 28.3425312 1.99438
v 14.02268219 28.5226841 3.59156489
v 12.36906433 30.61630249 3.41478109
v 10.60102081 32.61492538 3.24601889
v 8.72404099 34.51234818 3.08580184
v 6.74394417 36.30268478 2.93462706
v 4.66687584 37.98038101 2.7929635
v 2.49928093 39.5402298 2.66125107
v 0.24788475 40.97739029 2.53989816
v 16.96648407 24.15286827 5.32161331
v 15.55673981 26.42387962 5.25782728
v 14.02268219 28.61290169 5.19634342
v 12.36906433 30.7131443 5.1373539
v 10.60102081 32.71808624 5.08104038
v 8.72404099 34.62151337 5.02757835
v 6.74394417 36.41751099 4.97713375
v 4.66687584 38.10051346 4.92986298
v 2.49928093 39.66529465 4.8859129
v 0.24788475 41.10700226 4.84541941
v 22.01159286 11.45125866 8.95716763
v 22.59796143 8.78201199 8.80225945
v 22.01159286 11.0476532 1.77797127
v 22.59796143 8.18777561 10.23517609
v -24.12032318 36.40000153 4.55111122
v -24.12032318 42.1882782 4.55111122
v -24.50855255 36.40000153 4.5
v -24.50855255 42.1882782 4.5
v -24.89678192 36.40000153 4.55111122
v -24.89678192 42.1882782 4.55111122
v -25.25855255 36.40000153 4.70096207
v -25.25855255 42.1882782 4.70096207
v -25.56921196 36.40000153 4.93933964
v -25.56921196 42.1882782 4.93933964
v -25.80759048 36.40000153 5.25
v -25.80759048 42.1882782 5.25
v -25.95744133 36.40000153 5.61177158
v -25.95744133 42.1882782 5.61177158
v -26.00855255 36.40000153 6
v -26.00855255 42.1882782 6
v -25.95744133 36.40000153 6.38822842
v -25.95744133 42.1882782 6.38822842
v -25.80759048 36.40000153 6.75
v -25.80759048 42.1882782 6.75
v -25.56921196 36.40000153 7.06066036
v -25.56921196 42.1882782 7.06066036
v -25.25855255 36.40000153 7.29903793
v -25.25855255 42.1882782 7.29903793
v -24.89678192 36.40000153 7.44888878
v -24.89678192 42.1882782 7.44888878
v -24.50855255 36.40000153 7.5
v -24.50855255 42.1882782 7.5
v -24.12032318 36.40000153 7.44888878
v -24.12032318 42.1882782 7.44888878
v -23.75855255 36.40000153 7.29903793
v -23.75855255 42.1882782 7.29903793
v -23.44789314 36.40000153 7.06066036
v -23.44789314 42.1882782 7.06066036
v -23.20951462 36.40000153 6.75
v -23.20951462 42.1882782 6.75
v -23.05966377 36.40000153 6.38822842
v -23.05966377 42.1882782 6.38822842
v -23.00855255 36.40000153 6
v -23.00855255 42.1882782 6
v -23.05966377 36.40000153 5.61177158
v -23.05966377 42.1882782 5.61177158
v -23.20951462 36.40000153 5.25
v -23.20951462 42.1882782 5.25
v -23.44789314 36.40000153 4.93933964
v -23.44789314 42.1882782 4.93933964
v -23.75855255 36.40000153 4.70096207
v -23.75855255 42.1882782 4.70096207
v -23.05966377 -43.08827972 5.61177158
v -23.00855255 -43.08827972 6
v -23.05966377 -43.08827972 6.38822842
v -23.20951462 -43.08827972 6.75
v -23.44789314 -43.08827972 7.06066036
v -23.75855255 -43.08827972 7.29903793
v -24.12032318 -43.08827972 7.44888878
v -24.50855255 -43.08827972 7.5
v -24.89678192 -43.08827972 7.44888878
v -25.25855255 -43.08827972 7.29903793
v -25.56921196 -43.08827972 7.06066036
v -25.80759048 -43.08827972 6.75
v -25.95744133 -43.08827972 6.38822842
v -26.00855255 -43.08827972 6
v -25.95744133 -43.08827972 5.61177158
v -25.80759048 -43.08827972 5.25
v -25.56921196 -43.08827972 4.93933964
v -25.25855255 -43.08827972 4.70096207
v -24.89678192 -43.08827972 4.55111122
v -24.50855255 -43.08827972 4.5
v -24.12032318 -43.08827972 4.55111122
v -23.75855255 -43.08827972 4.70096207
v -23.44789314 -43.08827972 4.93933964
v -23.20951462 -43.08827972 5.25
v -23.04667473 -47.97655487 6.33602333
v -23.00951767 -47.97655487 5.94621181
v -23.0745163 -47.97655487 5.56006575
v -23.23724365 -47.97655487 5.20390034
v -23.48660851 -47.97655487 4.90198803
v -23.80561638 -47.97655487 4.67490339
v -24.17252922 -47.97655487 4.5381217
v -24.56234169 -47.97655487 4.50096464
v -24.94848633 -47.97655487 4.5659647
v -25.30465126 -47.97655487 4.72869158
v -25.60656548 -47.97655487 4.97805595
v -25.83364868 -47.97655487 5.2970643
v -25.97043037 -47.97655487 5.66397667
v -26.00758743 -47.97655487 6.05378819
v -25.94258881 -47.97655487 6.43993425
v -25.77986145 -47.97655487 6.79609966
v -25.5304966 -47.97655487 7.09801197
v -25.21148872 -47.97655487 7.32509661
v -24.84457588 -47.97655487 7.4618783
v -24.45476341 -47.97655487 7.49903536
v -24.06861877 -47.97655487 7.4340353
v -23.71245384 -47.97655487 7.27130842
v -23.41053963 -47.97655487 7.02194405
v -23.18345642 -47.97655487 6.7029357
v -20.98184204 36.40000153 1.14589787
v -20.2659111 36.40000153 1.7573595
v -19.65444946 36.40000153 2.47328854
v -19.16251373 36.40000153 3.276057
v -18.80221367 36.40000153 4.14589787
v -18.58242226 36.40000153 5.06139326
v -18.50855255 36.40000153 6
v -18.58242226 36.40000153 6.93860674
v -18.80221367 36.40000153 7.85410213
v -19.16251373 36.40000153 8.72394276
v -19.65444946 36.40000153 9.52671146
v -20.2659111 36.40000153 10.2426405
v -20.98184204 36.40000153 10.85410213
v -21.78460884 36.40000153 11.34603882
v -22.65445137 36.40000153 11.70633888
v -23.56994629 36.40000153 11.92613029
v -24.50855255 36.40000153 12
v -25.44715881 36.40000153 11.92613029
v -26.36265373 36.40000153 11.70633888
v -27.23249626 36.40000153 11.34603882
v -28.03526306 36.40000153 10.85410213
v -28.751194 36.40000153 10.2426405
v -29.36265564 36.40000153 9.52671146
v -29.85459137 36.40000153 8.72394276
v -30.21489143 36.40000153 7.85410213
v -30.43468285 36.40000153 6.93860674
v -30.50855255 36.40000153 6
v -30.43468285 36.40000153 5.06139326
v -30.21489143 36.40000153 4.14589787
v -29.85459137 36.40000153 3.276057
v -29.36265564 36.40000153 2.47328854
v -28.751194 36.40000153 1.7573595
v -28.03526306 36.40000153 1.14589787
v -27.23249626 36.40000153 0.6539607
v -26.36265373 36.40000153 0.29366112
v -25.44715881 36.40000153 0.07387018
v -24.50855255 36.40000153 0
v -23.56994629 36.40000153 0.07387018
v -22.65445137 36.40000153 0.29366112
v -21.78460884 36.40000153 0.6539607
v -31.96694374 -47.24742508 1.99336672
v -31.96694374 -47.24742508 10.00663376
v -29.35702896 -47.58376312 10.03457928
v -29.90702629 -47.31655502 12
v -27.28906441 -47.5422821 12
v -26.73254013 -47.77706909 10.0503912
v -24.66263771 -47.62327576 12
v -24.10136604 -47.82675934 10.05402565
v -22.03574371 -47.5592804 12
v -21.47141647 -47.73269272 10.04547405
v -19.41637611 -47.3504982 12
v -18.85059547 -47.49514389 10.02476692
v -16.81251144 -46.99756241 12
v -16.2467823 -47.11483002 9.99196815
v -14.23207569 -46.50154877 12
v -13.66780281 -46.59289551 9.9471817
v -11.68292618 -45.86396408 12
v -11.12140846 -45.93090439 9.89054489
v -9.17282295 -45.08675385 12
v -8.61525536 -45.13085175 9.82223129
v -6.70940781 -44.17228317 12
v -6.15687561 -44.19513702 9.74244881
v -4.30018044 -43.12333298 12
v -3.75365829 -43.12657547 9.65144062
v -1.95247459 -41.94309616 12
v -1.41282845 -41.92837524 9.54948425
v -1.41282845 -41.66430664 11.88837242
v 0.85857773 -40.34837341 11.70239353
v 0.32656097 -40.63516998 12
v 2.52998924 -39.20353699 12
v 3.05373573 -38.91115952 11.4992733
v 4.65110207 -37.65254974 12
v 5.16604233 -37.35697937 11.27962303
v 6.68344116 -35.98693466 12
v 7.18915176 -35.6905098 11.04410172
v 8.62081909 -34.21176147 12
v 9.11698151 -33.91675949 10.79341984
v 10.45734024 -32.33243561 12
v 10.94373703 -32.0410614 10.52832985
v 12.18740845 -30.35467529 12
v 12.66392517 -30.06904793 10.24962616
v 12.66392517 -29.78310966 11.93070602
v 14.27237701 -28.00665092 9.95815086
v 14.27237701 -27.74032593 11.52392769
v 15.76425934 -25.86006927 9.65477657
v 15.76425934 -25.61415672 11.10054398
v 17.13508606 -23.63575554 9.34041595
v 17.13508606 -23.41099548 10.66182804
v 18.3807373 -21.34039688 9.01601601
v 18.3807373 -21.13746262 10.20909977
v 19.49746704 -18.98089027 8.68254948
v 19.49746704 -18.80039406 9.7437191
v 20.48192215 -16.56432915 8.34101868
v 20.48192215 -16.40681267 9.26708603
v 21.33113861 -14.09797668 7.99245214
v 21.33113861 -13.96391392 8.78063202
v 22.04256439 -11.58924866 7.63789654
v 22.04256439 -11.47904205 8.28582001
v 22.61406708 -9.04568386 7.27841711
v 22.61406708 -8.9596653 7.78413677
v 23.04392242 -6.47492886 6.91509485
v 23.04392242 -6.41335678 7.27709103
v 23.3093605 -4 7.20304251
v 23.04392242 -6.33156252 7.63505983
v 23.04392242 -6.22980452 7.98787355
v 22.61406708 -8.70323658 8.77712345
v 22.61406708 -8.53363514 9.26125908
v 22.04256439 -10.93321705 10.17829514
v 22.04256439 -10.6814518 10.78539085
v 21.33113861 -12.99366951 11.8212862
v 21.63870621 -11.76564217 12
v 20.91952896 -14.29298401 12
v -29.35702896 -47.66011429 9.00098228
v -26.73254013 -47.85367966 9.01317024
v -26.73254013 -47.92959213 7.34468508
v -26.73254013 -47.92955017 4.65379333
v -26.73254013 -47.77706909 1.9496088
v -24.10136604 -47.82675934 1.94597483
v -29.35702896 -47.58376312 1.96542072
v -24.10136604 -47.90340424 9.01630211
v -21.47141647 -47.80913544 9.01036644
v -18.85059547 -47.57051849 9.00553894
v -16.2467823 -47.18700409 9.02153206
v -13.66780281 -46.66166687 9.02767277
v -13.66780281 -46.74135971 7.31283379
v -11.12140846 -46.07721329 7.29417992
v -11.12140846 -46.07721329 4.70582008
v -8.61525536 -45.27456284 4.72836399
v -8.61525536 -45.13085175 2.17776918
v -6.15687561 -44.19513702 2.25755167
v -16.2467823 -47.26500702 7.32754183
v -16.2467823 -47.26500702 4.67245817
v -13.66780281 -46.74135971 4.68716621
v -13.66780281 -46.59289551 2.05281806
v -11.12140846 -45.93090439 2.10945511
v -16.2467823 -47.11483002 2.00803137
v -18.85059547 -47.49514389 1.97523355
v -21.47141647 -47.73269272 1.95452595
v -24.10136604 -47.97404861 7.52478552
v -31.96694374 -47.13421249 0.82907104
v -29.35702896 -47.43889618 0.51880503
v -26.73254013 -47.59906006 0.22215366
v -3.75365829 -43.12657547 2.34855938
v -1.41282845 -41.92837524 2.45051575
v -1.41282845 -41.66430664 0.1116271
v 0.85857773 -40.34837341 0.29760647
v 3.05373573 -38.91115952 0.5007267
v 5.16604233 -37.35697937 0.72037745
v 7.18915176 -35.6905098 0.95589781
v 9.11698151 -33.91675949 1.20658016
v 10.94373703 -32.0410614 1.47167063
v 12.66392517 -30.06904793 1.75037336
v 12.66392517 -29.78310966 0.0692935
v 14.27237701 -27.74032593 0.47607279
v 15.76425934 -25.61415672 0.8994565
v 17.13508606 -23.41099548 1.33817196
v 17.13508606 -23.11241913 0.03145933
v 18.3807373 -20.86788177 0.61108732
v 19.49746704 -18.26232147 0.17266083
v 19.49746704 -18.56061935 1.20691395
v 18.3807373 -21.13746262 1.79090023
v 17.13508606 -23.63575554 2.65958357
v 15.76425934 -25.86006927 2.34522367
v 15.76425934 -26.02420807 3.79973102
v 14.27237701 -28.1843853 3.61675358
v 14.27237701 -28.27381897 5.20586777
v 12.66392517 -30.35588837 5.14738798
v 12.66392517 -30.35588837 6.85261202
v 10.94373703 -32.34671402 6.9085288
v 10.94373703 -32.27059174 8.39673042
v 9.11698151 -34.16186905 8.50803471
v 9.11698151 -34.13189697 8.88740158
v 7.18915176 -35.91686249 9.03883553
v 20.48192215 -15.62667274 0.02802896
v 20.48192215 -15.93724442 0.91457129
v 21.33113861 -12.99366951 0.1787138
v 21.33113861 -13.29993343 0.91722775
v 22.04256439 -10.07778358 0.04755068
v 22.04256439 -10.39600754 0.62260246
v 22.04256439 -10.6814518 1.21460915
v 22.61406708 -8.11433125 1.80281305
v 22.61406708 -8.33712673 2.26488876
v 23.04392242 -5.80826378 2.99564052
v 23.04392242 -5.96774197 3.32639551
v 23.3093605 -4 4.79695749
v 23.04392242 -6.10840321 3.66558075
v 23.04392242 -6.22980452 4.01212645
v 22.61406708 -8.70323658 3.22287679
v 22.61406708 -8.84539604 3.71576881
v 22.04256439 -11.3326416 3.07346368
v 22.04256439 -11.47904205 3.71417999
v 21.33113861 -13.96391392 3.21936774
v 21.33113861 -14.09797668 4.00754786
v 20.48192215 -16.56432915 3.65898085
v 20.48192215 -16.66953278 4.59144783
v 19.49746704 -19.10142326 4.38572502
v 19.49746704 -19.16195679 5.46179438
v 18.3807373 -21.54397202 5.39488983
v 18.3807373 -21.54397202 6.60511017
v 17.13508606 -23.86122704 6.6701951
v 17.13508606 -23.79893303 7.84882927
v 15.76425934 -26.04030991 8.00071144
v 15.76425934 -26.02420807 8.20026875
v 14.27237701 -28.1843853 8.38324642
v 22.61406708 -6.97551584 0.10076904
v 22.61406708 -7.29564285 0.50160599
v 22.61406708 -7.59276676 0.91977978
v 23.04392242 -5.22224426 2.06423211
v 23.04392242 -5.43492651 2.36356235
v 23.18836594 -4 2.39391661
v 23.04392242 -5.63047171 2.67435837
v 23.04392242 -4.48834085 1.244277
v 23.04392242 -4.74820423 1.50370598
v 23.04392242 -4.99309587 1.7773118
v 23.04392242 -4.21432543 0.9998436
v 23.04392242 -6.53669596 5.81640244
v 23.04392242 -6.51607943 5.44971561
v 23.04392242 -6.47492886 5.08490515
v 22.61406708 -9.10316277 5.23112583
v 22.61406708 -9.04568386 4.72158289
v 22.04256439 -11.66287804 5.01478529
v 22.04256439 -11.58924866 4.36210346
v 21.33113861 -14.18753147 4.80134487
v 23.04392242 -6.10840321 8.33441925
v 23.18836594 -4 9.60608292
v 23.04392242 -5.96774197 8.67360497
v 23.04392242 -5.80826378 9.00435925
v 22.61406708 -8.11433125 10.19718742
v 22.61406708 -7.86594963 10.64602852
v 22.04256439 -10.07778358 11.9524498
v 22.21739578 -9.20248127 12
v 22.94668961 -4 12
v 23.04392242 -4.21432543 11.0001564
v 23.04392242 -4.48834085 10.755723
v 23.04392242 -4.74820423 10.49629402
v 22.6538353 -6.61130428 12
v 23.04392242 -4.99309587 10.22268867
v 22.61406708 -6.97551584 11.89923096
v 23.04392242 -5.22224426 9.93576813
v 22.61406708 -7.29564285 11.49839401
v 23.04392242 -5.43492651 9.63643742
v 22.61406708 -7.59276676 11.08022022
v 23.04392242 -5.63047171 9.32564163
v 20.06204987 -16.77681351 12
v 20.48192215 -15.62667274 11.97197151
v 21.33113861 -13.29993343 11.08277225
v 19.06887817 -19.20956612 12
v 19.49746704 -18.26232147 11.82733917
v 20.48192215 -15.93724442 11.08542824
v 21.33113861 -13.56426239 10.32823181
v 22.04256439 -11.15050793 9.55802536
v 17.94304276 -21.58383751 12
v 18.3807373 -20.86788177 11.3889122
v 19.49746704 -18.56061935 10.79308605
v 20.48192215 -16.19756508 10.18285179
v 21.33113861 -13.78582191 9.56004524
v 22.04256439 -11.3326416 8.92653656
v 22.61406708 -8.84539604 8.28423119
v 17.13508606 -23.11241913 11.96854019
v 16.68796539 -23.89240074 12
v 15.30747223 -26.12822533 12
v 13.80576324 -28.28450394 12
v 22.04256439 -10.39600754 11.37739754
v 22.61406708 -8.33712673 9.73511124
v 23.04392242 -6.51607943 6.55028439
v 23.04392242 -6.51650524 6.54521656
v 22.61406708 -9.10316277 6.76887417
v 22.61406708 -9.10441113 6.75395584
v 22.04256439 -11.66287804 6.98521471
v 22.04256439 -11.66530418 6.95605803
v 21.33113861 -14.18753147 7.19865513
v 21.33113861 -14.19147968 7.15096807
v 20.48192215 -16.66953278 7.40855217
v 20.48192215 -16.67533112 7.33816576
v 19.49746704 -19.10142326 7.61427498
v 19.49746704 -19.10938072 7.51716709
v 18.3807373 -21.47589111 7.81520271
v 18.3807373 -21.48630142 7.68752432
v 17.13508606 -23.78580093 8.01073074
v 23.04392242 -6.53669596 6.18359756
v 22.61406708 -9.13197422 6.25649166
v 22.04256439 -11.69980335 6.32861471
v 21.33113861 -14.23246288 6.39975023
v 20.48192215 -16.72234344 6.46968365
v 19.49746704 -19.16195679 6.53820562
v 23.04392242 -6.41335678 4.72290897
v 22.61406708 -8.9596653 4.21586323
v 12.66392517 -30.25984001 8.55911064
v 14.27237701 -28.20368195 8.14284134
v 12.66392517 -30.28252983 8.27493095
v 14.27237701 -28.27381897 6.79413223
v 10.94373703 -32.24433136 8.72733212
v 5.16604233 -37.59386444 9.18117714
v 7.18915176 -35.95066452 8.60867691
v 5.16604233 -37.63158798 8.69853401
v 7.18915176 -36.03097916 7.01200962
v 5.16604233 -37.71334457 7.05926228
v 7.18915176 -36.03097916 4.98799038
v 5.16604233 -37.71334457 4.94073772
v 7.18915176 -35.91686249 2.961164
v 5.16604233 -37.59386444 2.81882238
v 3.05373573 -39.15785599 9.31399632
v 3.05373573 -39.19956207 8.77752304
v 3.05373573 -39.28234863 7.10333157
v 3.05373573 -39.28234863 4.89666843
v 3.05373573 -39.15785599 2.68600392
v 0.85857773 -40.60414505 9.43688869
v 0.85857773 -40.64986038 8.84560299
v 0.85857773 -40.73327637 7.14408398
v 0.85857773 -40.73327637 4.85591602
v 0.85857773 -40.60414505 2.56311107
v -1.41282845 -41.97810745 8.9027729
v -1.41282845 -42.06176376 7.18139744
v -1.41282845 -42.06176376 4.81860256
v -3.75365829 -43.18029022 8.94906998
v -3.75365829 -43.26381683 7.21515942
v -3.75365829 -43.26381683 4.78484058
v -6.15687561 -44.2527771 8.98457432
v -6.15687561 -44.33582306 7.2452693
v -6.15687561 -44.33582306 4.7547307
v -8.61525536 -45.19232941 9.00940132
v -8.61525536 -45.27456284 7.27163601
v -11.12140846 -45.99610519 9.02370453
v 9.11698151 -34.24030685 6.96171427
v 10.94373703 -32.34671402 5.0914712
v 12.66392517 -30.25984001 3.44088888
v 14.27237701 -28.00665092 2.04184937
v 15.76425934 -26.10676003 6.73326588
v 17.13508606 -23.86122704 5.3298049
v 18.3807373 -21.47589111 4.18479729
v 19.49746704 -18.98089027 3.31745076
v 20.48192215 -16.40681267 2.73291373
v 21.33113861 -13.78582191 2.43995523
v 22.04256439 -11.15050793 2.44197488
v 22.61406708 -8.53363514 2.73874116
v 9.11698151 -34.13189697 3.11259842
v 9.11698151 -34.24030685 5.03828573
v 10.94373703 -32.24433136 3.27266788
v 17.13508606 -23.78580093 3.9892695
v 15.76425934 -26.10676003 5.26673412
v 18.3807373 -21.34039688 2.98398423
v 19.49746704 -18.80039406 2.25628042
v 20.48192215 -16.19756508 1.81714821
v 21.33113861 -13.56426239 1.67176771
v 22.04256439 -10.93321705 1.82170486
v 20.48192215 -16.72234344 5.53031635
v 21.33113861 -14.23246288 5.60024977
v 22.04256439 -11.69980335 5.67138529
v 22.61406708 -9.13197422 5.74350834
v 23.04392242 -6.33156252 4.36494017
v 22.61406708 -7.86594963 1.35397196
vn 0 0 0
f 1//1 2//1 3//1
f 3//1 2//1 4//1
f 3//1 4//1 5//1
f 5//1 4//1 6//1
f 5//1 6//1 7//1
f 7//1 6//1 8//1
f 7//1 8//1 9//1
f 9//1 8//1 10//1
f 9//1 10//1 11//1
f 11//1 10//1 12//1
f 11//1 12//1 13//1
f 13//1 12//1 14//1
f 14//1 12//1 15//1
f 14//1 15//1 16//1
f 16//1 15//1 17//1
f 16//1 17//1 18//1
f 18//1 17//1 19//1
f 18//1 19//1 20//1
f 20//1 19//1 21//1
f 20//1 21//1 22//1
f 22//1 21//1 23//1
f 22//1 23//1 24//1
f 24//1 23//1 25//1
f 24//1 25//1 26//1
f 26//1 25//1 27//1
f 26//1 27//1 28//1
f 28//1 27//1 29//1
f 28//1 29//1 30//1
f 30//1 29//1 31//1
f 30//1 31//1 32//1
f 32//1 31//1 33//1
f 32//1 33//1 34//1
f 34//1 33//1 35//1
f 35//1 33//1 36//1
f 35//1 36//1 37//1
f 37//1 36//1 38//1
f 37//1 38//1 39//1
f 39//1 38//1 40//1
f 39//1 40//1 41//1
f 41//1 40//1 42//1
f 41//1 42//1 43//1
f 43//1 42//1 44//1
f 43//1 44//1 45//1
f 45//1 44//1 46//1
f 45//1 46//1 47//1
f 47//1 46//1 48//1
f 47//1 48//1 49//1
f 49//1 48//1 50//1
f 49//1 50//1 51//1
f 51//1 50//1 52//1
f 51//1 52//1 53//1
f 53//1 52//1 54//1
f 53//1 54//1 55//1
f 55//1 54//1 56//1
f 56//1 54//1 57//1
f 56//1 57//1 58//1
f 58//1 57//1 59//1
f 58//1 59//1 60//1
f 60//1 59//1 61//1
f 60//1 61//1 1//1
f 1//1 61//1 2//1
f 62//1 36//1 63//1
f 63//1 36//1 33//1
f 63//1 33//1 31//1
f 36//1 62//1 38//1
f 38//1 62//1 64//1
f 38//1 64//1 40//1
f 40//1 64//1 65//1
f 40//1 65//1 42//1
f 42//1 65//1 66//1
f 42//1 66//1 44//1
f 44//1 66//1 67//1
f 44//1 67//1 46//1
f 46//1 67//1 48//1
f 48//1 67//1 68//1
f 48//1 68//1 50//1
f 50//1 68//1 69//1
f 50//1 69//1 52//1
f 52//1 69//1 70//1
f 52//1 70//1 54//1
f 54//1 70//1 71//1
f 54//1 71//1 57//1
f 57//1 71//1 72//1
f 57//1 72//1 59//1
f 59//1 72//1 61//1
f 61//1 72//1 73//1
f 61//1 73//1 2//1
f 2//1 73//1 74//1
f 2//1 74//1 4//1
f 4//1 74//1 75//1
f 4//1 75//1 6//1
f 6//1 75//1 76//1
f 6//1 76//1 8//1
f 8//1 76//1 10//1
f 10//1 76//1 77//1
f 10//1 77//1 12//1
f 12//1 77//1 78//1
f 12//1 78//1 15//1
f 15//1 78//1 79//1
f 15//1 79//1 17//1
f 17//1 79//1 80//1
f 17//1 80//1 19//1
f 19//1 80//1 81//1
f 19//1 81//1 21//1
f 21//1 81//1 23//1
f 23//1 81//1 82//1
f 23//1 82//1 25//1
f 25//1 82//1 83//1
f 25//1 83//1 27//1
f 27//1 83//1 84//1
f 27//1 84//1 29//1
f 29//1 84//1 85//1
f 29//1 85//1 31//1
f 31//1 85//1 63//1
f 85//1 86//1 63//1
f 63//1 86//1 87//1
f 63//1 87//1 62//1
f 62//1 87//1 88//1
f 62//1 88//1 64//1
f 64//1 88//1 89//1
f 64//1 89//1 65//1
f 65//1 89//1 90//1
f 65//1 90//1 66//1
f 66//1 90//1 91//1
f 66//1 91//1 67//1
f 67//1 91//1 92//1
f 67//1 92//1 68//1
f 68//1 92//1 93//1
f 68//1 93//1 69//1
f 69//1 93//1 94//1
f 69//1 94//1 70//1
f 70//1 94//1 95//1
f 70//1 95//1 71//1
f 71//1 95//1 96//1
f 71//1 96//1 72//1
f 72//1 96//1 97//1
f 72//1 97//1 73//1
f 73//1 97//1 98//1
f 73//1 98//1 74//1
f 74//1 98//1 99//1
f 74//1 99//1 75//1
f 75//1 99//1 100//1
f 75//1 100//1 76//1
f 76//1 100//1 101//1
f 76//1 101//1 77//1
f 77//1 101//1 102//1
f 77//1 102//1 78//1
f 78//1 102//1 103//1
f 78//1 103//1 79//1
f 79//1 103//1 104//1
f 79//1 104//1 80//1
f 80//1 104//1 105//1
f 80//1 105//1 81//1
f 81//1 105//1 106//1
f 81//1 106//1 82//1
f 82//1 106//1 107//1
f 82//1 107//1 83//1
f 83//1 107//1 108//1
f 83//1 108//1 84//1
f 84//1 108//1 109//1
f 84//1 109//1 85//1
f 85//1 109//1 86//1
f 110//1 111//1 112//1
f 112//1 111//1 113//1
f 112//1 113//1 114//1
f 114//1 113//1 115//1
f 114//1 115//1 116//1
f 116//1 115//1 117//1
f 116//1 117//1 118//1
f 118//1 117//1 119//1
f 118//1 119//1 120//1
f 120//1 119//1 121//1
f 120//1 121//1 122//1
f 122//1 121//1 123//1
f 122//1 123//1 124//1
f 124//1 123//1 125//1
f 124//1 125//1 126//1
f 126//1 125//1 127//1
f 126//1 127//1 128//1
f 128//1 127//1 129//1
f 128//1 129//1 130//1
f 130//1 129//1 131//1
f 130//1 131//1 132//1
f 132//1 131//1 133//1
f 132//1 133//1 134//1
f 134//1 133//1 135//1
f 134//1 135//1 136//1
f 136//1 135//1 137//1
f 136//1 137//1 138//1
f 138//1 137//1 139//1
f 138//1 139//1 140//1
f 140//1 139//1 141//1
f 140//1 141//1 142//1
f 142//1 141//1 143//1
f 142//1 143//1 144//1
f 144//1 143//1 145//1
f 144//1 145//1 146//1
f 146//1 145//1 147//1
f 146//1 147//1 148//1
f 148//1 147//1 149//1
f 148//1 149//1 150//1
f 150//1 149//1 151//1
f 150//1 151//1 152//1
f 152//1 151//1 153//1
f 152//1 153//1 154//1
f 154//1 153//1 155//1
f 154//1 155//1 156//1
f 156//1 155//1 157//1
f 156//1 157//1 110//1
f 110//1 157//1 111//1
f 158//1 159//1 160//1
f 160//1 159//1 161//1
f 160//1 161//1 162//1
f 162//1 161//1 163//1
f 162//1 163//1 164//1
f 164//1 163//1 165//1
f 164//1 165//1 166//1
f 166//1 165//1 167//1
f 166//1 167//1 168//1
f 168//1 167//1 169//1
f 168//1 169//1 170//1
f 170//1 169//1 171//1
f 171//1 169//1 172//1
f 171//1 172//1 173//1
f 173//1 172//1 174//1
f 173//1 174//1 175//1
f 175//1 174//1 176//1
f 175//1 176//1 177//1
f 177//1 176//1 178//1
f 177//1 178//1 179//1
f 179//1 178//1 180//1
f 179//1 180//1 181//1
f 181//1 180//1 182//1
f 181//1 182//1 183//1
f 183//1 182//1 184//1
f 183//1 184//1 185//1
f 185//1 184//1 186//1
f 185//1 186//1 187//1
f 187//1 186//1 188//1
f 187//1 188//1 189//1
f 189//1 188//1 190//1
f 189//1 190//1 191//1
f 191//1 190//1 192//1
f 192//1 190//1 193//1
f 192//1 193//1 194//1
f 194//1 193//1 195//1
f 194//1 195//1 196//1
f 196//1 195//1 197//1
f 196//1 197//1 198//1
f 198//1 197//1 199//1
f 198//1 199//1 200//1
f 200//1 199//1 201//1
f 200//1 201//1 202//1
f 202//1 201//1 203//1
f 202//1 203//1 204//1
f 204//1 203//1 205//1
f 204//1 205//1 206//1
f 206//1 205//1 207//1
f 206//1 207//1 208//1
f 208//1 207//1 209//1
f 208//1 209//1 210//1
f 210//1 209//1 211//1
f 210//1 211//1 212//1
f 212//1 211//1 213//1
f 213//1 211//1 214//1
f 213//1 214//1 215//1
f 215//1 214//1 216//1
f 215//1 216//1 217//1
f 217//1 216//1 218//1
f 217//1 218//1 158//1
f 158//1 218//1 159//1
f 114//1 193//1 112//1
f 112//1 193//1 190//1
f 112//1 190//1 188//1
f 193//1 114//1 195//1
f 195//1 114//1 116//1
f 195//1 116//1 197//1
f 197//1 116//1 118//1
f 197//1 118//1 199//1
f 199//1 118//1 120//1
f 199//1 120//1 201//1
f 201//1 120//1 122//1
f 201//1 122//1 203//1
f 203//1 122//1 205//1
f 205//1 122//1 124//1
f 205//1 124//1 207//1
f 207//1 124//1 126//1
f 207//1 126//1 209//1
f 209//1 126//1 128//1
f 209//1 128//1 211//1
f 211//1 128//1 130//1
f 211//1 130//1 214//1
f 214//1 130//1 132//1
f 214//1 132//1 216//1
f 216//1 132//1 218//1
f 218//1 132//1 134//1
f 218//1 134//1 159//1
f 159//1 134//1 136//1
f 159//1 136//1 161//1
f 161//1 136//1 138//1
f 161//1 138//1 163//1
f 163//1 138//1 140//1
f 163//1 140//1 165//1
f 165//1 140//1 167//1
f 167//1 140//1 142//1
f 167//1 142//1 169//1
f 169//1 142//1 144//1
f 169//1 144//1 172//1
f 172//1 144//1 146//1
f 172//1 146//1 174//1
f 174//1 146//1 148//1
f 174//1 148//1 176//1
f 176//1 148//1 150//1
f 176//1 150//1 178//1
f 178//1 150//1 180//1
f 180//1 150//1 152//1
f 180//1 152//1 182//1
f 182//1 152//1 154//1
f 182//1 154//1 184//1
f 184//1 154//1 156//1
f 184//1 156//1 186//1
f 186//1 156//1 110//1
f 186//1 110//1 188//1
f 188//1 110//1 112//1
f 219//1 220//1 221//1
f 221//1 220//1 222//1
f 222//1 220//1 223//1
f 222//1 223//1 224//1
f 224//1 223//1 225//1
f 224//1 225//1 226//1
f 224//1 226//1 227//1
f 227//1 226//1 228//1
f 227//1 228//1 229//1
f 229//1 228//1 230//1
f 229//1 230//1 231//1
f 229//1 231//1 232//1
f 232//1 231//1 233//1
f 232//1 233//1 234//1
f 234//1 233//1 235//1
f 234//1 235//1 236//1
f 236//1 235//1 237//1
f 236//1 237//1 238//1
f 236//1 238//1 239//1
f 239//1 238//1 240//1
f 239//1 240//1 241//1
f 241//1 240//1 242//1
f 241//1 242//1 243//1
f 241//1 243//1 244//1
f 244//1 243//1 245//1
f 244//1 245//1 246//1
f 246//1 245//1 247//1
f 86//1 248//1 87//1
f 87//1 248//1 249//1
f 87//1 249//1 88//1
f 88//1 249//1 250//1
f 88//1 250//1 89//1
f 89//1 250//1 251//1
f 89//1 251//1 90//1
f 90//1 251//1 252//1
f 90//1 252//1 91//1
f 91//1 252//1 253//1
f 91//1 253//1 92//1
f 92//1 253//1 254//1
f 92//1 254//1 93//1
f 93//1 254//1 255//1
f 93//1 255//1 256//1
f 248//1 86//1 257//1
f 257//1 86//1 109//1
f 257//1 109//1 258//1
f 258//1 109//1 108//1
f 258//1 108//1 259//1
f 259//1 108//1 107//1
f 259//1 107//1 260//1
f 260//1 107//1 106//1
f 260//1 106//1 261//1
f 261//1 106//1 262//1
f 261//1 262//1 263//1
f 106//1 105//1 262//1
f 262//1 105//1 264//1
f 264//1 105//1 265//1
f 265//1 105//1 104//1
f 265//1 104//1 103//1
f 265//1 103//1 266//1
f 266//1 103//1 102//1
f 266//1 102//1 101//1
f 266//1 101//1 267//1
f 267//1 101//1 100//1
f 267//1 100//1 99//1
f 267//1 99//1 268//1
f 268//1 99//1 98//1
f 268//1 98//1 97//1
f 268//1 97//1 269//1
f 269//1 97//1 96//1
f 269//1 96//1 95//1
f 269//1 95//1 256//1
f 256//1 95//1 94//1
f 256//1 94//1 93//1
f 111//1 232//1 113//1
f 113//1 232//1 234//1
f 113//1 234//1 115//1
f 115//1 234//1 117//1
f 117//1 234//1 236//1
f 117//1 236//1 119//1
f 119//1 236//1 121//1
f 121//1 236//1 239//1
f 121//1 239//1 123//1
f 123//1 239//1 125//1
f 125//1 239//1 241//1
f 125//1 241//1 244//1
f 111//1 157//1 232//1
f 232//1 157//1 229//1
f 229//1 157//1 155//1
f 229//1 155//1 153//1
f 229//1 153//1 227//1
f 227//1 153//1 151//1
f 227//1 151//1 149//1
f 147//1 222//1 149//1
f 149//1 222//1 224//1
f 149//1 224//1 227//1
f 222//1 147//1 270//1
f 270//1 147//1 145//1
f 270//1 145//1 271//1
f 271//1 145//1 143//1
f 271//1 143//1 272//1
f 272//1 143//1 141//1
f 272//1 141//1 273//1
f 273//1 141//1 139//1
f 273//1 139//1 274//1
f 274//1 139//1 137//1
f 274//1 137//1 275//1
f 275//1 137//1 135//1
f 275//1 135//1 276//1
f 276//1 135//1 133//1
f 276//1 133//1 277//1
f 277//1 133//1 131//1
f 277//1 131//1 278//1
f 278//1 131//1 129//1
f 278//1 129//1 279//1
f 279//1 129//1 127//1
f 279//1 127//1 280//1
f 280//1 127//1 244//1
f 280//1 244//1 246//1
f 127//1 125//1 244//1
f 261//1 263//1 281//1
f 281//1 263//1 221//1
f 281//1 221//1 222//1
f 280//1 246//1 282//1
f 282//1 246//1 283//1
f 282//1 283//1 254//1
f 270//1 281//1 222//1
f 253//1 282//1 254//1
f 283//1 284//1 254//1
f 254//1 284//1 285//1
f 254//1 285//1 255//1
f 255//1 285//1 286//1
f 255//1 286//1 256//1
f 256//1 286//1 287//1
f 256//1 287//1 269//1
f 269//1 287//1 288//1
f 269//1 288//1 268//1
f 268//1 288//1 289//1
f 268//1 289//1 267//1
f 267//1 289//1 290//1
f 267//1 290//1 266//1
f 266//1 290//1 291//1
f 266//1 291//1 265//1
f 265//1 291//1 292//1
f 265//1 292//1 264//1
f 264//1 292//1 293//1
f 264//1 293//1 262//1
f 262//1 293//1 294//1
f 262//1 294//1 263//1
f 263//1 294//1 295//1
f 296//1 297//1 247//1
f 247//1 297//1 298//1
f 247//1 298//1 299//1
f 297//1 296//1 300//1
f 300//1 296//1 301//1
f 300//1 301//1 302//1
f 302//1 301//1 303//1
f 302//1 303//1 304//1
f 304//1 303//1 305//1
f 304//1 305//1 306//1
f 306//1 305//1 307//1
f 306//1 307//1 308//1
f 308//1 307//1 309//1
f 308//1 309//1 310//1
f 310//1 309//1 311//1
f 310//1 311//1 312//1
f 312//1 311//1 313//1
f 312//1 313//1 314//1
f 314//1 313//1 315//1
f 314//1 315//1 316//1
f 316//1 315//1 317//1
f 316//1 317//1 318//1
f 318//1 317//1 319//1
f 318//1 319//1 320//1
f 320//1 319//1 321//1
f 320//1 321//1 322//1
f 322//1 321//1 323//1
f 322//1 323//1 324//1
f 324//1 323//1 325//1
f 324//1 325//1 326//1
f 326//1 325//1 327//1
f 326//1 327//1 328//1
f 328//1 327//1 329//1
f 328//1 329//1 330//1
f 330//1 329//1 331//1
f 330//1 331//1 332//1
f 332//1 331//1 333//1
f 332//1 333//1 334//1
f 334//1 333//1 335//1
f 334//1 335//1 336//1
f 336//1 335//1 337//1
f 336//1 337//1 338//1
f 338//1 337//1 339//1
f 339//1 337//1 340//1
f 339//1 340//1 341//1
f 341//1 340//1 342//1
f 341//1 342//1 343//1
f 343//1 342//1 344//1
f 343//1 344//1 345//1
f 343//1 345//1 346//1
f 346//1 345//1 347//1
f 346//1 347//1 348//1
f 346//1 348//1 349//1
f 349//1 348//1 350//1
f 349//1 350//1 351//1
f 351//1 350//1 352//1
f 352//1 350//1 353//1
f 352//1 353//1 354//1
f 354//1 353//1 355//1
f 354//1 355//1 356//1
f 356//1 355//1 357//1
f 356//1 357//1 358//1
f 358//1 357//1 359//1
f 358//1 359//1 360//1
f 360//1 359//1 361//1
f 360//1 361//1 362//1
f 362//1 361//1 363//1
f 362//1 363//1 364//1
f 364//1 363//1 365//1
f 364//1 365//1 366//1
f 366//1 365//1 367//1
f 366//1 367//1 368//1
f 368//1 367//1 369//1
f 368//1 369//1 370//1
f 370//1 369//1 371//1
f 370//1 371//1 372//1
f 372//1 371//1 373//1
f 372//1 373//1 374//1
f 374//1 373//1 375//1
f 374//1 375//1 376//1
f 376//1 375//1 377//1
f 376//1 377//1 378//1
f 378//1 377//1 379//1
f 378//1 379//1 380//1
f 380//1 379//1 381//1
f 380//1 381//1 382//1
f 382//1 381//1 383//1
f 382//1 383//1 384//1
f 384//1 383//1 385//1
f 384//1 385//1 386//1
f 386//1 385//1 387//1
f 386//1 387//1 388//1
f 388//1 387//1 389//1
f 388//1 389//1 390//1
f 390//1 389//1 391//1
f 390//1 391//1 392//1
f 392//1 391//1 393//1
f 392//1 393//1 394//1
f 394//1 393//1 395//1
f 394//1 395//1 396//1
f 396//1 395//1 397//1
f 396//1 397//1 398//1
f 398//1 397//1 399//1
f 398//1 399//1 400//1
f 401//1 402//1 346//1
f 346//1 402//1 403//1
f 346//1 403//1 343//1
f 343//1 403//1 404//1
f 247//1 299//1 246//1
f 246//1 299//1 405//1
f 246//1 405//1 406//1
f 246//1 406//1 283//1
f 283//1 406//1 407//1
f 283//1 407//1 408//1
f 408//1 284//1 283//1
f 247//1 245//1 296//1
f 296//1 245//1 243//1
f 296//1 243//1 242//1
f 242//1 240//1 296//1
f 296//1 240//1 238//1
f 296//1 238//1 237//1
f 237//1 235//1 296//1
f 296//1 235//1 233//1
f 296//1 233//1 409//1
f 409//1 233//1 231//1
f 409//1 231//1 230//1
f 230//1 228//1 409//1
f 409//1 228//1 226//1
f 409//1 226//1 225//1
f 225//1 223//1 409//1
f 409//1 223//1 220//1
f 409//1 220//1 219//1
f 296//1 409//1 301//1
f 301//1 409//1 410//1
f 301//1 410//1 303//1
f 303//1 410//1 411//1
f 303//1 411//1 305//1
f 305//1 411//1 412//1
f 305//1 412//1 307//1
f 307//1 412//1 413//1
f 307//1 413//1 309//1
f 309//1 413//1 414//1
f 309//1 414//1 311//1
f 311//1 414//1 415//1
f 311//1 415//1 313//1
f 313//1 415//1 416//1
f 313//1 416//1 315//1
f 315//1 416//1 417//1
f 315//1 417//1 317//1
f 317//1 417//1 418//1
f 317//1 418//1 319//1
f 319//1 418//1 419//1
f 319//1 419//1 321//1
f 321//1 419//1 420//1
f 321//1 420//1 323//1
f 323//1 420//1 421//1
f 323//1 421//1 325//1
f 325//1 421//1 422//1
f 325//1 422//1 327//1
f 327//1 422//1 423//1
f 327//1 423//1 329//1
f 329//1 423//1 424//1
f 329//1 424//1 331//1
f 331//1 424//1 425//1
f 331//1 425//1 333//1
f 333//1 425//1 426//1
f 333//1 426//1 335//1
f 335//1 426//1 427//1
f 335//1 427//1 337//1
f 337//1 427//1 428//1
f 337//1 428//1 340//1
f 340//1 428//1 429//1
f 340//1 429//1 342//1
f 342//1 429//1 430//1
f 342//1 430//1 344//1
f 344//1 430//1 431//1
f 344//1 431//1 432//1
f 432//1 431//1 433//1
f 432//1 433//1 434//1
f 434//1 433//1 435//1
f 434//1 435//1 436//1
f 436//1 435//1 437//1
f 436//1 437//1 438//1
f 438//1 437//1 439//1
f 438//1 439//1 440//1
f 440//1 439//1 441//1
f 440//1 441//1 442//1
f 442//1 441//1 443//1
f 442//1 443//1 444//1
f 444//1 443//1 445//1
f 444//1 445//1 446//1
f 446//1 445//1 447//1
f 446//1 447//1 448//1
f 448//1 447//1 449//1
f 448//1 449//1 450//1
f 451//1 452//1 431//1
f 431//1 452//1 453//1
f 431//1 453//1 454//1
f 455//1 456//1 451//1
f 451//1 456//1 457//1
f 451//1 457//1 458//1
f 459//1 348//1 455//1
f 455//1 348//1 347//1
f 455//1 347//1 460//1
f 460//1 347//1 461//1
f 460//1 461//1 462//1
f 462//1 461//1 463//1
f 462//1 463//1 464//1
f 464//1 463//1 465//1
f 464//1 465//1 466//1
f 466//1 465//1 467//1
f 466//1 467//1 468//1
f 468//1 467//1 469//1
f 468//1 469//1 470//1
f 470//1 469//1 471//1
f 470//1 471//1 472//1
f 472//1 471//1 473//1
f 472//1 473//1 450//1
f 450//1 473//1 474//1
f 450//1 474//1 448//1
f 348//1 459//1 350//1
f 350//1 459//1 475//1
f 350//1 475//1 353//1
f 353//1 475//1 476//1
f 353//1 476//1 355//1
f 355//1 476//1 477//1
f 355//1 477//1 357//1
f 357//1 477//1 478//1
f 357//1 478//1 359//1
f 359//1 478//1 479//1
f 359//1 479//1 361//1
f 361//1 479//1 480//1
f 361//1 480//1 363//1
f 363//1 480//1 481//1
f 363//1 481//1 365//1
f 365//1 481//1 482//1
f 365//1 482//1 367//1
f 367//1 482//1 483//1
f 367//1 483//1 369//1
f 369//1 483//1 484//1
f 369//1 484//1 371//1
f 371//1 484//1 485//1
f 371//1 485//1 373//1
f 373//1 485//1 486//1
f 373//1 486//1 375//1
f 375//1 486//1 487//1
f 375//1 487//1 377//1
f 377//1 487//1 488//1
f 377//1 488//1 379//1
f 379//1 488//1 489//1
f 379//1 489//1 381//1
f 381//1 489//1 490//1
f 381//1 490//1 383//1
f 383//1 490//1 491//1
f 383//1 491//1 385//1
f 385//1 491//1 492//1
f 385//1 492//1 387//1
f 387//1 492//1 493//1
f 387//1 493//1 389//1
f 389//1 493//1 494//1
f 389//1 494//1 391//1
f 391//1 494//1 495//1
f 391//1 495//1 393//1
f 393//1 495//1 496//1
f 393//1 496//1 497//1
f 497//1 496//1 498//1
f 498//1 496//1 499//1
f 499//1 496//1 500//1
f 500//1 496//1 501//1
f 500//1 501//1 502//1
f 502//1 501//1 503//1
f 503//1 501//1 504//1
f 504//1 501//1 505//1
f 505//1 501//1 506//1
f 506//1 501//1 507//1
f 507//1 501//1 508//1
f 508//1 501//1 509//1
f 508//1 509//1 510//1
f 510//1 509//1 511//1
f 511//1 509//1 512//1
f 512//1 509//1 513//1
f 513//1 509//1 514//1
f 514//1 509//1 515//1
f 497//1 516//1 393//1
f 393//1 516//1 517//1
f 393//1 517//1 518//1
f 393//1 518//1 395//1
f 395//1 518//1 519//1
f 395//1 519//1 520//1
f 520//1 521//1 395//1
f 395//1 521//1 522//1
f 395//1 522//1 523//1
f 523//1 524//1 395//1
f 395//1 524//1 525//1
f 395//1 525//1 397//1
f 397//1 525//1 526//1
f 397//1 526//1 527//1
f 527//1 528//1 397//1
f 397//1 528//1 529//1
f 397//1 529//1 530//1
f 530//1 399//1 397//1
f 345//1 531//1 347//1
f 347//1 531//1 532//1
f 347//1 532//1 533//1
f 344//1 534//1 345//1
f 345//1 534//1 535//1
f 345//1 535//1 536//1
f 432//1 537//1 344//1
f 344//1 537//1 538//1
f 344//1 538//1 539//1
f 539//1 540//1 344//1
f 344//1 540//1 541//1
f 344//1 541//1 534//1
f 536//1 542//1 345//1
f 345//1 542//1 543//1
f 345//1 543//1 544//1
f 544//1 531//1 345//1
f 533//1 545//1 347//1
f 347//1 545//1 461//1
f 460//1 546//1 455//1
f 455//1 546//1 547//1
f 455//1 547//1 548//1
f 548//1 456//1 455//1
f 458//1 549//1 451//1
f 451//1 549//1 550//1
f 451//1 550//1 551//1
f 551//1 452//1 451//1
f 454//1 552//1 431//1
f 431//1 552//1 553//1
f 431//1 553//1 554//1
f 554//1 433//1 431//1
f 555//1 556//1 557//1
f 557//1 556//1 558//1
f 557//1 558//1 559//1
f 559//1 558//1 560//1
f 559//1 560//1 561//1
f 561//1 560//1 562//1
f 561//1 562//1 563//1
f 563//1 562//1 564//1
f 563//1 564//1 565//1
f 563//1 565//1 566//1
f 566//1 565//1 567//1
f 566//1 567//1 568//1
f 568//1 567//1 569//1
f 568//1 569//1 570//1
f 570//1 569//1 571//1
f 570//1 571//1 572//1
f 570//1 572//1 573//1
f 573//1 572//1 574//1
f 573//1 574//1 575//1
f 575//1 574//1 576//1
f 575//1 576//1 577//1
f 577//1 576//1 578//1
f 577//1 578//1 579//1
f 577//1 579//1 580//1
f 580//1 579//1 581//1
f 580//1 581//1 582//1
f 582//1 581//1 583//1
f 582//1 583//1 584//1
f 584//1 583//1 585//1
f 584//1 585//1 586//1
f 584//1 586//1 587//1
f 587//1 586//1 588//1
f 587//1 588//1 589//1
f 589//1 588//1 590//1
f 589//1 590//1 591//1
f 591//1 590//1 592//1
f 591//1 592//1 593//1
f 591//1 593//1 594//1
f 594//1 593//1 595//1
f 594//1 595//1 596//1
f 596//1 595//1 597//1
f 596//1 597//1 598//1
f 598//1 597//1 599//1
f 598//1 599//1 600//1
f 598//1 600//1 601//1
f 601//1 600//1 602//1
f 601//1 602//1 603//1
f 603//1 602//1 604//1
f 603//1 604//1 605//1
f 605//1 604//1 606//1
f 605//1 606//1 607//1
f 605//1 607//1 608//1
f 608//1 607//1 609//1
f 608//1 609//1 610//1
f 610//1 609//1 555//1
f 610//1 555//1 557//1
f 546//1 460//1 557//1
f 557//1 460//1 462//1
f 557//1 462//1 610//1
f 610//1 462//1 464//1
f 610//1 464//1 608//1
f 608//1 464//1 466//1
f 608//1 466//1 605//1
f 605//1 466//1 468//1
f 605//1 468//1 470//1
f 605//1 470//1 603//1
f 603//1 470//1 472//1
f 603//1 472//1 601//1
f 601//1 472//1 450//1
f 601//1 450//1 598//1
f 598//1 450//1 449//1
f 598//1 449//1 447//1
f 598//1 447//1 596//1
f 596//1 447//1 445//1
f 596//1 445//1 594//1
f 594//1 445//1 443//1
f 594//1 443//1 591//1
f 591//1 443//1 441//1
f 591//1 441//1 439//1
f 591//1 439//1 589//1
f 589//1 439//1 437//1
f 589//1 437//1 587//1
f 587//1 437//1 435//1
f 587//1 435//1 584//1
f 584//1 435//1 433//1
f 584//1 433//1 554//1
f 584//1 554//1 582//1
f 582//1 554//1 553//1
f 582//1 553//1 580//1
f 580//1 553//1 552//1
f 580//1 552//1 577//1
f 577//1 552//1 454//1
f 577//1 454//1 453//1
f 577//1 453//1 575//1
f 575//1 453//1 452//1
f 575//1 452//1 573//1
f 573//1 452//1 551//1
f 573//1 551//1 570//1
f 570//1 551//1 550//1
f 570//1 550//1 549//1
f 570//1 549//1 568//1
f 568//1 549//1 458//1
f 568//1 458//1 566//1
f 566//1 458//1 457//1
f 566//1 457//1 563//1
f 563//1 457//1 456//1
f 563//1 456//1 548//1
f 563//1 548//1 561//1
f 561//1 548//1 547//1
f 561//1 547//1 559//1
f 559//1 547//1 546//1
f 559//1 546//1 557//1
f 611//1 612//1 613//1
f 613//1 612//1 614//1
f 613//1 614//1 615//1
f 615//1 614//1 616//1
f 615//1 616//1 617//1
f 617//1 616//1 618//1
f 617//1 618//1 619//1
f 619//1 618//1 620//1
f 619//1 620//1 621//1
f 619//1 621//1 622//1
f 622//1 621//1 623//1
f 622//1 623//1 624//1
f 624//1 623//1 625//1
f 624//1 625//1 626//1
f 626//1 625//1 627//1
f 626//1 627//1 628//1
f 626//1 628//1 629//1
f 629//1 628//1 630//1
f 629//1 630//1 631//1
f 631//1 630//1 632//1
f 631//1 632//1 633//1
f 633//1 632//1 634//1
f 633//1 634//1 635//1
f 633//1 635//1 636//1
f 636//1 635//1 637//1
f 636//1 637//1 638//1
f 638//1 637//1 639//1
f 638//1 639//1 640//1
f 640//1 639//1 641//1
f 640//1 641//1 642//1
f 640//1 642//1 643//1
f 643//1 642//1 644//1
f 643//1 644//1 645//1
f 645//1 644//1 646//1
f 645//1 646//1 647//1
f 647//1 646//1 648//1
f 647//1 648//1 649//1
f 647//1 649//1 650//1
f 650//1 649//1 651//1
f 650//1 651//1 652//1
f 652//1 651//1 653//1
f 652//1 653//1 654//1
f 654//1 653//1 655//1
f 654//1 655//1 656//1
f 654//1 656//1 657//1
f 657//1 656//1 658//1
f 657//1 658//1 659//1
f 659//1 658//1 660//1
f 659//1 660//1 661//1
f 661//1 660//1 662//1
f 661//1 662//1 663//1
f 661//1 663//1 664//1
f 664//1 663//1 665//1
f 664//1 665//1 666//1
f 666//1 665//1 611//1
f 666//1 611//1 613//1
f 463//1 461//1 613//1
f 613//1 461//1 545//1
f 613//1 545//1 666//1
f 666//1 545//1 533//1
f 666//1 533//1 664//1
f 664//1 533//1 532//1
f 664//1 532//1 661//1
f 661//1 532//1 531//1
f 661//1 531//1 544//1
f 661//1 544//1 659//1
f 659//1 544//1 543//1
f 659//1 543//1 657//1
f 657//1 543//1 542//1
f 657//1 542//1 654//1
f 654//1 542//1 536//1
f 654//1 536//1 535//1
f 654//1 535//1 652//1
f 652//1 535//1 534//1
f 652//1 534//1 650//1
f 650//1 534//1 541//1
f 650//1 541//1 647//1
f 647//1 541//1 540//1
f 647//1 540//1 539//1
f 647//1 539//1 645//1
f 645//1 539//1 538//1
f 645//1 538//1 643//1
f 643//1 538//1 537//1
f 643//1 537//1 640//1
f 640//1 537//1 432//1
f 640//1 432//1 434//1
f 640//1 434//1 638//1
f 638//1 434//1 436//1
f 638//1 436//1 636//1
f 636//1 436//1 438//1
f 636//1 438//1 633//1
f 633//1 438//1 440//1
f 633//1 440//1 442//1
f 633//1 442//1 631//1
f 631//1 442//1 444//1
f 631//1 444//1 629//1
f 629//1 444//1 446//1
f 629//1 446//1 626//1
f 626//1 446//1 448//1
f 626//1 448//1 474//1
f 626//1 474//1 624//1
f 624//1 474//1 473//1
f 624//1 473//1 622//1
f 622//1 473//1 471//1
f 622//1 471//1 619//1
f 619//1 471//1 469//1
f 619//1 469//1 467//1
f 619//1 467//1 617//1
f 617//1 467//1 465//1
f 617//1 465//1 615//1
f 615//1 465//1 463//1
f 615//1 463//1 613//1
f 558//1 556//1 667//1
f 667//1 556//1 555//1
f 667//1 555//1 668//1
f 668//1 555//1 609//1
f 668//1 609//1 669//1
f 669//1 609//1 670//1
f 669//1 670//1 671//1
f 671//1 670//1 672//1
f 671//1 672//1 673//1
f 673//1 672//1 674//1
f 673//1 674//1 675//1
f 675//1 674//1 676//1
f 675//1 676//1 677//1
f 677//1 676//1 678//1
f 677//1 678//1 679//1
f 679//1 678//1 680//1
f 679//1 680//1 681//1
f 681//1 680//1 682//1
f 681//1 682//1 683//1
f 683//1 682//1 684//1
f 683//1 684//1 685//1
f 685//1 684//1 686//1
f 685//1 686//1 687//1
f 687//1 686//1 688//1
f 687//1 688//1 689//1
f 689//1 688//1 690//1
f 689//1 690//1 691//1
f 691//1 690//1 692//1
f 691//1 692//1 693//1
f 693//1 692//1 694//1
f 609//1 607//1 670//1
f 670//1 607//1 695//1
f 670//1 695//1 694//1
f 607//1 606//1 695//1
f 695//1 606//1 696//1
f 695//1 696//1 694//1
f 606//1 604//1 696//1
f 696//1 604//1 697//1
f 696//1 697//1 694//1
f 604//1 602//1 697//1
f 697//1 602//1 698//1
f 697//1 698//1 694//1
f 602//1 600//1 698//1
f 698//1 600//1 699//1
f 698//1 699//1 694//1
f 599//1 700//1 600//1
f 600//1 700//1 701//1
f 600//1 701//1 699//1
f 699//1 701//1 694//1
f 597//1 702//1 599//1
f 599//1 702//1 703//1
f 599//1 703//1 700//1
f 700//1 703//1 694//1
f 595//1 704//1 597//1
f 597//1 704//1 705//1
f 597//1 705//1 702//1
f 702//1 705//1 694//1
f 593//1 706//1 595//1
f 595//1 706//1 707//1
f 595//1 707//1 704//1
f 704//1 707//1 694//1
f 592//1 708//1 593//1
f 593//1 708//1 709//1
f 593//1 709//1 706//1
f 706//1 709//1 694//1
f 708//1 592//1 710//1
f 710//1 592//1 590//1
f 710//1 590//1 588//1
f 586//1 711//1 588//1
f 588//1 711//1 712//1
f 588//1 712//1 713//1
f 713//1 712//1 714//1
f 713//1 714//1 694//1
f 586//1 585//1 711//1
f 711//1 585//1 715//1
f 711//1 715//1 716//1
f 716//1 715//1 579//1
f 716//1 579//1 578//1
f 585//1 583//1 715//1
f 715//1 583//1 581//1
f 715//1 581//1 579//1
f 578//1 576//1 716//1
f 716//1 576//1 574//1
f 716//1 574//1 572//1
f 572//1 571//1 716//1
f 716//1 571//1 717//1
f 717//1 571//1 569//1
f 717//1 569//1 567//1
f 567//1 565//1 717//1
f 717//1 565//1 564//1
f 717//1 564//1 562//1
f 562//1 560//1 717//1
f 717//1 560//1 718//1
f 717//1 718//1 667//1
f 667//1 718//1 558//1
f 560//1 558//1 718//1
f 614//1 612//1 719//1
f 719//1 612//1 611//1
f 719//1 611//1 720//1
f 720//1 611//1 665//1
f 720//1 665//1 663//1
f 720//1 663//1 402//1
f 402//1 663//1 662//1
f 402//1 662//1 660//1
f 660//1 658//1 402//1
f 402//1 658//1 656//1
f 402//1 656//1 655//1
f 402//1 655//1 403//1
f 403//1 655//1 653//1
f 403//1 653//1 651//1
f 651//1 649//1 403//1
f 403//1 649//1 648//1
f 403//1 648//1 646//1
f 646//1 644//1 403//1
f 403//1 644//1 721//1
f 403//1 721//1 722//1
f 722//1 721//1 641//1
f 722//1 641//1 639//1
f 644//1 642//1 721//1
f 721//1 642//1 641//1
f 722//1 639//1 723//1
f 723//1 639//1 637//1
f 723//1 637//1 724//1
f 724//1 637//1 725//1
f 724//1 725//1 726//1
f 726//1 725//1 727//1
f 726//1 727//1 728//1
f 728//1 727//1 729//1
f 728//1 729//1 730//1
f 730//1 729//1 731//1
f 730//1 731//1 732//1
f 732//1 731//1 733//1
f 732//1 733//1 734//1
f 734//1 733//1 735//1
f 734//1 735//1 736//1
f 736//1 735//1 737//1
f 736//1 737//1 738//1
f 738//1 737//1 739//1
f 738//1 739//1 740//1
f 740//1 739//1 741//1
f 740//1 741//1 742//1
f 742//1 741//1 743//1
f 742//1 743//1 744//1
f 744//1 743//1 745//1
f 744//1 745//1 746//1
f 746//1 745//1 694//1
f 725//1 637//1 747//1
f 747//1 637//1 635//1
f 747//1 635//1 634//1
f 747//1 634//1 748//1
f 748//1 634//1 632//1
f 748//1 632//1 749//1
f 749//1 632//1 630//1
f 749//1 630//1 750//1
f 750//1 630//1 751//1
f 750//1 751//1 694//1
f 630//1 628//1 751//1
f 751//1 628//1 752//1
f 751//1 752//1 694//1
f 627//1 753//1 628//1
f 628//1 753//1 754//1
f 628//1 754//1 752//1
f 752//1 754//1 694//1
f 625//1 755//1 627//1
f 627//1 755//1 756//1
f 627//1 756//1 753//1
f 753//1 756//1 694//1
f 623//1 757//1 625//1
f 625//1 757//1 758//1
f 625//1 758//1 755//1
f 755//1 758//1 694//1
f 621//1 759//1 623//1
f 623//1 759//1 760//1
f 623//1 760//1 757//1
f 757//1 760//1 694//1
f 759//1 621//1 761//1
f 761//1 621//1 620//1
f 761//1 620//1 762//1
f 762//1 620//1 618//1
f 762//1 618//1 763//1
f 763//1 618//1 616//1
f 763//1 616//1 764//1
f 764//1 616//1 614//1
f 764//1 614//1 719//1
f 717//1 675//1 765//1
f 765//1 675//1 677//1
f 765//1 677//1 679//1
f 716//1 766//1 711//1
f 711//1 766//1 712//1
f 767//1 768//1 766//1
f 766//1 768//1 769//1
f 766//1 769//1 770//1
f 770//1 769//1 771//1
f 770//1 771//1 714//1
f 714//1 771//1 694//1
f 772//1 773//1 767//1
f 767//1 773//1 774//1
f 767//1 774//1 775//1
f 775//1 774//1 776//1
f 775//1 776//1 777//1
f 777//1 776//1 694//1
f 778//1 779//1 772//1
f 772//1 779//1 780//1
f 772//1 780//1 781//1
f 781//1 780//1 694//1
f 782//1 744//1 778//1
f 778//1 744//1 783//1
f 778//1 783//1 784//1
f 784//1 783//1 694//1
f 404//1 736//1 782//1
f 782//1 736//1 738//1
f 782//1 738//1 740//1
f 403//1 728//1 404//1
f 404//1 728//1 730//1
f 404//1 730//1 732//1
f 720//1 402//1 719//1
f 719//1 402//1 401//1
f 719//1 401//1 764//1
f 764//1 401//1 785//1
f 764//1 785//1 786//1
f 786//1 785//1 787//1
f 786//1 787//1 694//1
f 788//1 789//1 401//1
f 401//1 789//1 790//1
f 401//1 790//1 791//1
f 791//1 790//1 792//1
f 791//1 792//1 787//1
f 787//1 792//1 694//1
f 793//1 794//1 788//1
f 788//1 794//1 795//1
f 788//1 795//1 796//1
f 796//1 795//1 797//1
f 796//1 797//1 798//1
f 798//1 797//1 694//1
f 799//1 800//1 793//1
f 793//1 800//1 801//1
f 793//1 801//1 802//1
f 802//1 801//1 694//1
f 803//1 691//1 799//1
f 799//1 691//1 804//1
f 799//1 804//1 805//1
f 805//1 804//1 694//1
f 765//1 683//1 803//1
f 803//1 683//1 685//1
f 803//1 685//1 687//1
f 800//1 694//1 801//1
f 802//1 694//1 806//1
f 806//1 694//1 807//1
f 807//1 694//1 808//1
f 808//1 694//1 809//1
f 809//1 694//1 810//1
f 810//1 694//1 811//1
f 811//1 694//1 812//1
f 812//1 694//1 813//1
f 813//1 694//1 814//1
f 814//1 694//1 815//1
f 815//1 694//1 797//1
f 798//1 694//1 816//1
f 816//1 694//1 817//1
f 817//1 694//1 818//1
f 818//1 694//1 819//1
f 819//1 694//1 820//1
f 820//1 694//1 792//1
f 786//1 694//1 763//1
f 763//1 694//1 762//1
f 762//1 694//1 761//1
f 761//1 694//1 759//1
f 759//1 694//1 760//1
f 757//1 694//1 758//1
f 755//1 694//1 756//1
f 753//1 694//1 754//1
f 750//1 694//1 749//1
f 749//1 694//1 748//1
f 748//1 694//1 747//1
f 747//1 694//1 725//1
f 725//1 694//1 727//1
f 727//1 694//1 729//1
f 731//1 694//1 733//1
f 733//1 694//1 735//1
f 735//1 694//1 737//1
f 737//1 694//1 739//1
f 739//1 694//1 741//1
f 741//1 694//1 743//1
f 743//1 694//1 745//1
f 746//1 694//1 821//1
f 821//1 694//1 822//1
f 822//1 694//1 783//1
f 784//1 694//1 823//1
f 823//1 694//1 824//1
f 824//1 694//1 825//1
f 825//1 694//1 826//1
f 826//1 694//1 827//1
f 827//1 694//1 828//1
f 828//1 694//1 829//1
f 829//1 694//1 779//1
f 779//1 694//1 780//1
f 781//1 694//1 830//1
f 830//1 694//1 831//1
f 831//1 694//1 832//1
f 832//1 694//1 833//1
f 833//1 694//1 834//1
f 834//1 694//1 835//1
f 835//1 694//1 836//1
f 836//1 694//1 837//1
f 837//1 694//1 838//1
f 838//1 694//1 839//1
f 839//1 694//1 776//1
f 777//1 694//1 840//1
f 840//1 694//1 841//1
f 841//1 694//1 842//1
f 842//1 694//1 843//1
f 843//1 694//1 844//1
f 844//1 694//1 771//1
f 713//1 694//1 710//1
f 710//1 694//1 708//1
f 708//1 694//1 709//1
f 706//1 694//1 707//1
f 704//1 694//1 705//1
f 702//1 694//1 703//1
f 700//1 694//1 701//1
f 670//1 694//1 672//1
f 672//1 694//1 674//1
f 674//1 694//1 676//1
f 676//1 694//1 678//1
f 678//1 694//1 680//1
f 680//1 694//1 682//1
f 682//1 694//1 684//1
f 684//1 694//1 686//1
f 686//1 694//1 688//1
f 688//1 694//1 690//1
f 690//1 694//1 692//1
f 693//1 694//1 845//1
f 845//1 694//1 804//1
f 805//1 694//1 846//1
f 846//1 694//1 847//1
f 847//1 694//1 848//1
f 848//1 694//1 849//1
f 849//1 694//1 850//1
f 850//1 694//1 851//1
f 851//1 694//1 852//1
f 852//1 694//1 800//1
f 403//1 722//1 723//1
f 851//1 852//1 799//1
f 799//1 852//1 800//1
f 850//1 851//1 799//1
f 847//1 848//1 799//1
f 799//1 848//1 849//1
f 799//1 849//1 850//1
f 845//1 804//1 691//1
f 691//1 803//1 689//1
f 689//1 803//1 687//1
f 668//1 669//1 717//1
f 717//1 669//1 671//1
f 717//1 671//1 673//1
f 667//1 668//1 717//1
f 712//1 766//1 770//1
f 767//1 853//1 768//1
f 768//1 853//1 843//1
f 768//1 843//1 844//1
f 854//1 767//1 855//1
f 855//1 767//1 775//1
f 855//1 775//1 777//1
f 836//1 837//1 772//1
f 772//1 837//1 838//1
f 772//1 838//1 839//1
f 835//1 836//1 772//1
f 832//1 833//1 772//1
f 772//1 833//1 834//1
f 772//1 834//1 835//1
f 830//1 831//1 772//1
f 772//1 831//1 832//1
f 830//1 772//1 781//1
f 827//1 828//1 778//1
f 778//1 828//1 829//1
f 778//1 829//1 779//1
f 826//1 827//1 778//1
f 823//1 824//1 778//1
f 778//1 824//1 825//1
f 778//1 825//1 826//1
f 822//1 783//1 744//1
f 821//1 822//1 744//1
f 744//1 782//1 742//1
f 742//1 782//1 740//1
f 723//1 724//1 403//1
f 403//1 724//1 726//1
f 403//1 726//1 728//1
f 785//1 401//1 791//1
f 788//1 856//1 789//1
f 789//1 856//1 819//1
f 789//1 819//1 820//1
f 857//1 788//1 858//1
f 858//1 788//1 796//1
f 858//1 796//1 798//1
f 812//1 813//1 793//1
f 793//1 813//1 814//1
f 793//1 814//1 815//1
f 811//1 812//1 793//1
f 808//1 809//1 793//1
f 793//1 809//1 810//1
f 793//1 810//1 811//1
f 808//1 793//1 807//1
f 807//1 793//1 806//1
f 675//1 717//1 673//1
f 588//1 713//1 710//1
f 786//1 763//1 764//1
f 683//1 765//1 681//1
f 681//1 765//1 679//1
f 768//1 844//1 769//1
f 769//1 844//1 771//1
f 714//1 712//1 770//1
f 854//1 855//1 840//1
f 840//1 855//1 777//1
f 854//1 840//1 841//1
f 767//1 854//1 859//1
f 859//1 854//1 841//1
f 859//1 841//1 842//1
f 784//1 823//1 778//1
f 694//1 731//1 729//1
f 736//1 404//1 734//1
f 734//1 404//1 732//1
f 789//1 820//1 790//1
f 790//1 820//1 792//1
f 787//1 785//1 791//1
f 857//1 858//1 816//1
f 816//1 858//1 798//1
f 857//1 816//1 817//1
f 788//1 857//1 860//1
f 860//1 857//1 817//1
f 860//1 817//1 818//1
f 846//1 847//1 799//1
f 806//1 793//1 802//1
f 843//1 853//1 842//1
f 842//1 853//1 859//1
f 853//1 767//1 859//1
f 776//1 774//1 839//1
f 839//1 774//1 773//1
f 839//1 773//1 772//1
f 744//1 746//1 821//1
f 860//1 818//1 856//1
f 856//1 818//1 819//1
f 788//1 860//1 856//1
f 797//1 795//1 815//1
f 815//1 795//1 794//1
f 815//1 794//1 793//1
f 691//1 693//1 845//1
f 799//1 805//1 846//1
f 861//1 862//1 863//1
f 863//1 862//1 864//1
f 863//1 864//1 865//1
f 865//1 864//1 866//1
f 865//1 866//1 867//1
f 867//1 866//1 864//1
f 867//1 864//1 868//1
f 868//1 864//1 869//1
f 868//1 869//1 870//1
f 870//1 869//1 871//1
f 870//1 871//1 872//1
f 872//1 871//1 873//1
f 873//1 871//1 874//1
f 873//1 874//1 875//1
f 875//1 874//1 876//1
f 876//1 874//1 877//1
f 877//1 874//1 878//1
f 877//1 878//1 879//1
f 879//1 878//1 880//1
f 880//1 878//1 881//1
f 880//1 881//1 882//1
f 882//1 881//1 883//1
f 882//1 883//1 884//1
f 884//1 883//1 885//1
f 884//1 885//1 886//1
f 886//1 885//1 887//1
f 886//1 887//1 888//1
f 888//1 887//1 889//1
f 888//1 889//1 890//1
f 890//1 889//1 891//1
f 890//1 891//1 892//1
f 892//1 891//1 893//1
f 892//1 893//1 894//1
f 894//1 893//1 895//1
f 894//1 895//1 896//1
f 896//1 895//1 897//1
f 896//1 897//1 898//1
f 898//1 897//1 899//1
f 898//1 899//1 900//1
f 900//1 899//1 901//1
f 900//1 901//1 902//1
f 902//1 901//1 903//1
f 902//1 903//1 904//1
f 904//1 903//1 905//1
f 904//1 905//1 906//1
f 906//1 905//1 907//1
f 906//1 907//1 908//1
f 908//1 907//1 909//1
f 908//1 909//1 910//1
f 910//1 909//1 911//1
f 910//1 911//1 912//1
f 912//1 911//1 913//1
f 912//1 913//1 914//1
f 914//1 913//1 915//1
f 914//1 915//1 916//1
f 916//1 915//1 917//1
f 916//1 917//1 918//1
f 918//1 917//1 919//1
f 918//1 919//1 920//1
f 920//1 919//1 921//1
f 920//1 921//1 922//1
f 922//1 921//1 923//1
f 922//1 923//1 924//1
f 924//1 923//1 925//1
f 924//1 925//1 926//1
f 926//1 925//1 927//1
f 926//1 927//1 928//1
f 928//1 927//1 929//1
f 928//1 929//1 930//1
f 930//1 929//1 931//1
f 930//1 931//1 932//1
f 932//1 931//1 933//1
f 932//1 933//1 934//1
f 934//1 933//1 935//1
f 934//1 935//1 936//1
f 937//1 938//1 861//1
f 861//1 938//1 939//1
f 861//1 939//1 862//1
f 862//1 939//1 400//1
f 862//1 400//1 940//1
f 937//1 941//1 938//1
f 938//1 941//1 942//1
f 938//1 942//1 943//1
f 943//1 944//1 938//1
f 938//1 944//1 884//1
f 938//1 884//1 886//1
f 944//1 945//1 884//1
f 884//1 945//1 946//1
f 884//1 946//1 947//1
f 947//1 948//1 884//1
f 884//1 948//1 949//1
f 884//1 949//1 882//1
f 950//1 951//1 952//1
f 952//1 951//1 953//1
f 952//1 953//1 954//1
f 954//1 953//1 955//1
f 954//1 955//1 956//1
f 956//1 955//1 950//1
f 956//1 950//1 957//1
f 957//1 950//1 958//1
f 957//1 958//1 959//1
f 959//1 958//1 960//1
f 959//1 960//1 961//1
f 961//1 960//1 962//1
f 961//1 962//1 963//1
f 963//1 962//1 964//1
f 963//1 964//1 965//1
f 965//1 964//1 966//1
f 965//1 966//1 967//1
f 967//1 966//1 968//1
f 967//1 968//1 969//1
f 969//1 968//1 970//1
f 969//1 970//1 971//1
f 971//1 970//1 972//1
f 971//1 972//1 973//1
f 973//1 972//1 974//1
f 973//1 974//1 975//1
f 975//1 974//1 919//1
f 975//1 919//1 917//1
f 958//1 950//1 976//1
f 976//1 950//1 935//1
f 976//1 935//1 977//1
f 977//1 935//1 978//1
f 977//1 978//1 979//1
f 979//1 978//1 980//1
f 979//1 980//1 981//1
f 981//1 980//1 982//1
f 981//1 982//1 968//1
f 968//1 982//1 983//1
f 968//1 983//1 970//1
f 970//1 983//1 984//1
f 970//1 984//1 972//1
f 972//1 984//1 985//1
f 972//1 985//1 974//1
f 974//1 985//1 921//1
f 974//1 921//1 919//1
f 986//1 987//1 936//1
f 936//1 987//1 988//1
f 936//1 988//1 989//1
f 989//1 988//1 990//1
f 989//1 990//1 991//1
f 991//1 990//1 992//1
f 991//1 992//1 993//1
f 993//1 992//1 994//1
f 993//1 994//1 995//1
f 995//1 994//1 996//1
f 995//1 996//1 997//1
f 997//1 996//1 998//1
f 997//1 998//1 999//1
f 999//1 998//1 358//1
f 999//1 358//1 1000//1
f 1000//1 358//1 360//1
f 1000//1 360//1 362//1
f 346//1 1001//1 986//1
f 986//1 1001//1 1002//1
f 986//1 1002//1 1003//1
f 1003//1 1002//1 349//1
f 1003//1 349//1 1004//1
f 1004//1 349//1 1005//1
f 1004//1 1005//1 1006//1
f 1006//1 1005//1 1007//1
f 1006//1 1007//1 1008//1
f 1008//1 1007//1 1009//1
f 1008//1 1009//1 1010//1
f 1010//1 1009//1 1011//1
f 1010//1 1011//1 1012//1
f 1012//1 1011//1 1013//1
f 1012//1 1013//1 1014//1
f 1014//1 1013//1 1015//1
f 1014//1 1015//1 987//1
f 987//1 1015//1 1016//1
f 987//1 1016//1 988//1
f 988//1 1016//1 990//1
f 346//1 349//1 1001//1
f 1001//1 349//1 1002//1
f 349//1 351//1 1005//1
f 1005//1 351//1 1007//1
f 352//1 1017//1 351//1
f 351//1 1017//1 1011//1
f 351//1 1011//1 1009//1
f 354//1 1018//1 352//1
f 352//1 1018//1 1019//1
f 352//1 1019//1 1017//1
f 1017//1 1019//1 1015//1
f 1017//1 1015//1 1013//1
f 1018//1 354//1 1020//1
f 1020//1 354//1 356//1
f 1020//1 356//1 996//1
f 996//1 356//1 998//1
f 356//1 358//1 998//1
f 364//1 1021//1 362//1
f 362//1 1021//1 1022//1
f 362//1 1022//1 1000//1
f 1000//1 1022//1 1023//1
f 1000//1 1023//1 1024//1
f 1024//1 1023//1 1025//1
f 1024//1 1025//1 1026//1
f 1026//1 1025//1 1027//1
f 1026//1 1027//1 1028//1
f 1028//1 1027//1 1029//1
f 1028//1 1029//1 1030//1
f 1030//1 1029//1 930//1
f 1030//1 930//1 932//1
f 1021//1 364//1 1031//1
f 1031//1 364//1 366//1
f 1031//1 366//1 368//1
f 1031//1 368//1 1032//1
f 1032//1 368//1 370//1
f 1032//1 370//1 1033//1
f 1033//1 370//1 372//1
f 1033//1 372//1 1034//1
f 1034//1 372//1 374//1
f 1034//1 374//1 1035//1
f 1035//1 374//1 376//1
f 1035//1 376//1 1036//1
f 1036//1 376//1 378//1
f 1036//1 378//1 1037//1
f 1037//1 378//1 380//1
f 1037//1 380//1 1038//1
f 1038//1 380//1 382//1
f 1038//1 382//1 1039//1
f 1039//1 382//1 384//1
f 1039//1 384//1 1040//1
f 1040//1 384//1 1041//1
f 1040//1 1041//1 1042//1
f 1042//1 1041//1 1043//1
f 1042//1 1043//1 900//1
f 900//1 1043//1 898//1
f 384//1 386//1 1041//1
f 1041//1 386//1 1044//1
f 1041//1 1044//1 1043//1
f 1043//1 1044//1 1045//1
f 1043//1 1045//1 898//1
f 898//1 1045//1 896//1
f 386//1 388//1 1044//1
f 1044//1 388//1 1046//1
f 1044//1 1046//1 1045//1
f 1045//1 1046//1 1047//1
f 1045//1 1047//1 896//1
f 896//1 1047//1 894//1
f 388//1 390//1 1046//1
f 1046//1 390//1 1048//1
f 1046//1 1048//1 1047//1
f 1047//1 1048//1 1049//1
f 1047//1 1049//1 894//1
f 894//1 1049//1 892//1
f 390//1 392//1 1048//1
f 1048//1 392//1 1050//1
f 1048//1 1050//1 1049//1
f 1049//1 1050//1 1051//1
f 1049//1 1051//1 892//1
f 892//1 1051//1 890//1
f 392//1 394//1 1050//1
f 1050//1 394//1 1052//1
f 1050//1 1052//1 1051//1
f 1051//1 1052//1 1053//1
f 1051//1 1053//1 890//1
f 890//1 1053//1 888//1
f 394//1 396//1 1052//1
f 1052//1 396//1 1054//1
f 1052//1 1054//1 1053//1
f 1053//1 1054//1 1055//1
f 1053//1 1055//1 888//1
f 888//1 1055//1 886//1
f 396//1 398//1 1054//1
f 1054//1 398//1 939//1
f 1054//1 939//1 1055//1
f 1055//1 939//1 938//1
f 1055//1 938//1 886//1
f 398//1 400//1 939//1
f 1056//1 1057//1 940//1
f 940//1 1057//1 862//1
f 862//1 1057//1 1058//1
f 1058//1 1057//1 1059//1
f 1058//1 1059//1 1060//1
f 1060//1 1061//1 1058//1
f 1058//1 1061//1 869//1
f 1058//1 869//1 862//1
f 862//1 869//1 864//1
f 1061//1 1062//1 869//1
f 869//1 1062//1 1063//1
f 869//1 1063//1 871//1
f 871//1 1063//1 1064//1
f 871//1 1064//1 1065//1
f 871//1 1065//1 874//1
f 874//1 1065//1 1066//1
f 874//1 1066//1 1067//1
f 1067//1 1068//1 874//1
f 874//1 1068//1 1069//1
f 874//1 1069//1 1070//1
f 1070//1 1069//1 1071//1
f 1070//1 1071//1 1072//1
f 1072//1 1073//1 1070//1
f 1070//1 1073//1 881//1
f 1070//1 881//1 874//1
f 874//1 881//1 878//1
f 1073//1 1074//1 881//1
f 881//1 1074//1 1075//1
f 881//1 1075//1 1076//1
f 881//1 1076//1 883//1
f 883//1 1076//1 1077//1
f 883//1 1077//1 885//1
f 885//1 1077//1 1078//1
f 885//1 1078//1 887//1
f 887//1 1078//1 1079//1
f 887//1 1079//1 889//1
f 889//1 1079//1 1080//1
f 889//1 1080//1 891//1
f 891//1 1080//1 1081//1
f 891//1 1081//1 893//1
f 893//1 1081//1 1082//1
f 893//1 1082//1 895//1
f 895//1 1082//1 1083//1
f 895//1 1083//1 897//1
f 897//1 1083//1 1084//1
f 897//1 1084//1 899//1
f 899//1 1084//1 1085//1
f 899//1 1085//1 1086//1
f 1086//1 1085//1 1084//1
f 1087//1 1088//1 1086//1
f 1086//1 1088//1 901//1
f 1086//1 901//1 899//1
f 1088//1 1087//1 1089//1
f 1089//1 1087//1 1090//1
f 1089//1 1090//1 1091//1
f 1091//1 1090//1 1092//1
f 1091//1 1092//1 1093//1
f 1093//1 1092//1 1094//1
f 1093//1 1094//1 1095//1
f 1095//1 1094//1 1096//1
f 1095//1 1096//1 1097//1
f 1095//1 1097//1 1098//1
f 1098//1 1097//1 1099//1
f 1098//1 1099//1 1100//1
f 1100//1 1099//1 1101//1
f 1100//1 1101//1 1102//1
f 1102//1 1101//1 1103//1
f 1102//1 1103//1 1104//1
f 1104//1 1103//1 1105//1
f 1104//1 1105//1 975//1
f 975//1 1105//1 973//1
f 1099//1 1106//1 1101//1
f 1101//1 1106//1 1107//1
f 1101//1 1107//1 1103//1
f 1103//1 1107//1 1108//1
f 1103//1 1108//1 1105//1
f 1105//1 1108//1 1109//1
f 1105//1 1109//1 973//1
f 973//1 1109//1 1110//1
f 973//1 1110//1 971//1
f 971//1 1110//1 1111//1
f 971//1 1111//1 1112//1
f 1112//1 1111//1 1113//1
f 1112//1 1113//1 969//1
f 969//1 1113//1 967//1
f 1109//1 1111//1 1110//1
f 967//1 963//1 965//1
f 954//1 1114//1 961//1
f 961//1 1114//1 1115//1
f 961//1 1115//1 959//1
f 959//1 1115//1 957//1
f 1003//1 1004//1 986//1
f 986//1 1004//1 1006//1
f 986//1 1006//1 1008//1
f 1010//1 1012//1 986//1
f 986//1 1012//1 1014//1
f 986//1 1014//1 987//1
f 1007//1 351//1 1009//1
f 1013//1 1011//1 1017//1
f 936//1 989//1 1116//1
f 1116//1 989//1 991//1
f 1116//1 991//1 1117//1
f 1117//1 991//1 993//1
f 1117//1 993//1 1118//1
f 1118//1 993//1 995//1
f 1118//1 995//1 1119//1
f 1119//1 995//1 997//1
f 1119//1 997//1 1120//1
f 1120//1 997//1 999//1
f 1120//1 999//1 1024//1
f 1024//1 999//1 1000//1
f 936//1 1121//1 1122//1
f 1122//1 1121//1 1123//1
f 1122//1 1123//1 1124//1
f 1124//1 1123//1 1125//1
f 1124//1 1125//1 1030//1
f 1030//1 1125//1 1028//1
f 936//1 1122//1 934//1
f 934//1 1122//1 1124//1
f 934//1 1124//1 932//1
f 932//1 1124//1 1030//1
f 935//1 933//1 1126//1
f 1126//1 933//1 931//1
f 1126//1 931//1 1127//1
f 1127//1 931//1 929//1
f 1127//1 929//1 1128//1
f 1128//1 929//1 927//1
f 1128//1 927//1 1129//1
f 1129//1 927//1 925//1
f 1129//1 925//1 1130//1
f 1130//1 925//1 923//1
f 1130//1 923//1 985//1
f 985//1 923//1 921//1
f 935//1 1126//1 1131//1
f 1131//1 1126//1 1127//1
f 1131//1 1127//1 1132//1
f 1132//1 1127//1 1128//1
f 1132//1 1128//1 1133//1
f 1133//1 1128//1 1129//1
f 1133//1 1129//1 1134//1
f 1134//1 1129//1 1130//1
f 1134//1 1130//1 984//1
f 984//1 1130//1 985//1
f 1135//1 935//1 1136//1
f 1136//1 935//1 1137//1
f 1136//1 1137//1 1138//1
f 1138//1 1137//1 1132//1
f 1138//1 1132//1 1133//1
f 951//1 950//1 953//1
f 953//1 950//1 955//1
f 1123//1 1121//1 1139//1
f 1139//1 1121//1 1140//1
f 1139//1 1140//1 1117//1
f 1117//1 1140//1 1116//1
f 1125//1 1123//1 1141//1
f 1141//1 1123//1 1139//1
f 1141//1 1139//1 1118//1
f 1118//1 1139//1 1117//1
f 1028//1 1125//1 1142//1
f 1142//1 1125//1 1141//1
f 1142//1 1141//1 1119//1
f 1119//1 1141//1 1118//1
f 1027//1 1143//1 1144//1
f 1144//1 1143//1 1145//1
f 1144//1 1145//1 926//1
f 926//1 1145//1 924//1
f 1143//1 1146//1 1145//1
f 1145//1 1146//1 1147//1
f 1145//1 1147//1 924//1
f 924//1 1147//1 922//1
f 1027//1 1025//1 1143//1
f 1143//1 1025//1 1148//1
f 1143//1 1148//1 1146//1
f 1146//1 1148//1 1149//1
f 1146//1 1149//1 1150//1
f 1150//1 1149//1 1151//1
f 1150//1 1151//1 1152//1
f 1152//1 1151//1 1153//1
f 1152//1 1153//1 1154//1
f 1154//1 1153//1 1032//1
f 1154//1 1032//1 1155//1
f 1155//1 1032//1 1033//1
f 1155//1 1033//1 1156//1
f 1156//1 1033//1 1034//1
f 1156//1 1034//1 1157//1
f 1157//1 1034//1 1035//1
f 1157//1 1035//1 1158//1
f 1158//1 1035//1 1036//1
f 1158//1 1036//1 1159//1
f 1159//1 1036//1 1037//1
f 1159//1 1037//1 1160//1
f 1160//1 1037//1 1038//1
f 1160//1 1038//1 1161//1
f 1161//1 1038//1 1039//1
f 1161//1 1039//1 1040//1
f 1146//1 1150//1 1147//1
f 1147//1 1150//1 1162//1
f 1147//1 1162//1 922//1
f 922//1 1162//1 920//1
f 1150//1 1152//1 1162//1
f 1162//1 1152//1 1163//1
f 1162//1 1163//1 920//1
f 920//1 1163//1 918//1
f 1152//1 1154//1 1163//1
f 1163//1 1154//1 1164//1
f 1163//1 1164//1 918//1
f 918//1 1164//1 916//1
f 1154//1 1155//1 1164//1
f 1164//1 1155//1 1165//1
f 1164//1 1165//1 916//1
f 916//1 1165//1 914//1
f 1155//1 1156//1 1165//1
f 1165//1 1156//1 1166//1
f 1165//1 1166//1 914//1
f 914//1 1166//1 912//1
f 1156//1 1157//1 1166//1
f 1166//1 1157//1 1167//1
f 1166//1 1167//1 912//1
f 912//1 1167//1 910//1
f 1157//1 1158//1 1167//1
f 1167//1 1158//1 1168//1
f 1167//1 1168//1 910//1
f 910//1 1168//1 908//1
f 1158//1 1159//1 1168//1
f 1168//1 1159//1 1169//1
f 1168//1 1169//1 908//1
f 908//1 1169//1 906//1
f 1159//1 1160//1 1169//1
f 1169//1 1160//1 1170//1
f 1169//1 1170//1 906//1
f 906//1 1170//1 904//1
f 1160//1 1161//1 1170//1
f 1170//1 1161//1 1171//1
f 1170//1 1171//1 904//1
f 904//1 1171//1 902//1
f 1161//1 1040//1 1171//1
f 1171//1 1040//1 1042//1
f 1171//1 1042//1 902//1
f 902//1 1042//1 900//1
f 1027//1 1144//1 1029//1
f 1029//1 1144//1 928//1
f 1029//1 928//1 930//1
f 928//1 1144//1 926//1
f 1132//1 1137//1 1131//1
f 1131//1 1137//1 935//1
f 1140//1 1121//1 936//1
f 1088//1 1089//1 901//1
f 901//1 1089//1 903//1
f 1089//1 1091//1 903//1
f 903//1 1091//1 905//1
f 1091//1 1093//1 905//1
f 905//1 1093//1 907//1
f 1093//1 1095//1 907//1
f 907//1 1095//1 909//1
f 1095//1 1098//1 909//1
f 909//1 1098//1 911//1
f 1098//1 1100//1 911//1
f 911//1 1100//1 913//1
f 1100//1 1102//1 913//1
f 913//1 1102//1 915//1
f 1102//1 1104//1 915//1
f 915//1 1104//1 917//1
f 1104//1 975//1 917//1
f 1115//1 1114//1 956//1
f 956//1 1114//1 954//1
f 957//1 1115//1 956//1
f 1138//1 1172//1 1173//1
f 1173//1 1172//1 982//1
f 1173//1 982//1 980//1
f 982//1 1172//1 983//1
f 983//1 1172//1 1134//1
f 983//1 1134//1 984//1
f 1134//1 1172//1 1133//1
f 1133//1 1172//1 1138//1
f 1112//1 969//1 971//1
f 1135//1 1136//1 1173//1
f 1173//1 1136//1 1138//1
f 1135//1 1173//1 980//1
f 980//1 978//1 1135//1
f 1135//1 978//1 935//1
f 936//1 1116//1 1140//1
f 992//1 990//1 1174//1
f 1174//1 990//1 1016//1
f 1174//1 1016//1 1019//1
f 1019//1 1016//1 1015//1
f 1020//1 996//1 994//1
f 994//1 992//1 1020//1
f 1020//1 992//1 1174//1
f 1020//1 1174//1 1018//1
f 1018//1 1174//1 1019//1
f 1010//1 986//1 1008//1
f 1153//1 1151//1 1031//1
f 1031//1 1151//1 1021//1
f 1151//1 1149//1 1021//1
f 1021//1 1149//1 1022//1
f 1149//1 1148//1 1022//1
f 1022//1 1148//1 1023//1
f 1148//1 1025//1 1023//1
f 1142//1 1119//1 1120//1
f 1142//1 1120//1 1026//1
f 1026//1 1120//1 1024//1
f 1032//1 1153//1 1031//1
f 1028//1 1142//1 1026//1
f 968//1 966//1 981//1
f 981//1 966//1 964//1
f 981//1 964//1 979//1
f 979//1 964//1 1175//1
f 979//1 1175//1 977//1
f 977//1 1175//1 976//1
f 960//1 958//1 976//1
f 964//1 962//1 1175//1
f 1175//1 962//1 960//1
f 1175//1 960//1 976//1
f 1176//1 1177//1 1178//1
f 1178//1 1177//1 1179//1
f 1178//1 1179//1 1180//1
f 1180//1 1179//1 1181//1
f 1180//1 1181//1 1182//1
f 1182//1 1181//1 1183//1
f 1182//1 1183//1 1184//1
f 1184//1 1183//1 1185//1
f 1184//1 1185//1 1186//1
f 1186//1 1185//1 1187//1
f 1186//1 1187//1 1188//1
f 1188//1 1187//1 1189//1
f 1188//1 1189//1 1190//1
f 1190//1 1189//1 1191//1
f 1190//1 1191//1 1192//1
f 1192//1 1191//1 1193//1
f 1192//1 1193//1 1194//1
f 1194//1 1193//1 1195//1
f 1194//1 1195//1 1196//1
f 1196//1 1195//1 1197//1
f 1196//1 1197//1 1198//1
f 1198//1 1197//1 1199//1
f 1198//1 1199//1 1200//1
f 1200//1 1199//1 1201//1
f 1200//1 1201//1 1202//1
f 1202//1 1201//1 1203//1
f 1202//1 1203//1 1204//1
f 1204//1 1203//1 1205//1
f 1204//1 1205//1 1206//1
f 1206//1 1205//1 1207//1
f 1206//1 1207//1 1208//1
f 1208//1 1207//1 1209//1
f 1208//1 1209//1 1210//1
f 1210//1 1209//1 1211//1
f 1210//1 1211//1 1212//1
f 1212//1 1211//1 1213//1
f 1212//1 1213//1 1214//1
f 1214//1 1213//1 1215//1
f 1214//1 1215//1 1216//1
f 1216//1 1215//1 1217//1
f 1216//1 1217//1 1218//1
f 1218//1 1217//1 1219//1
f 1218//1 1219//1 1220//1
f 1220//1 1219//1 1221//1
f 1220//1 1221//1 1222//1
f 1222//1 1221//1 1223//1
f 1222//1 1223//1 1176//1
f 1176//1 1223//1 1177//1
f 865//1 1181//1 863//1
f 863//1 1181//1 1179//1
f 863//1 1179//1 861//1
f 861//1 1179//1 1177//1
f 861//1 1177//1 937//1
f 937//1 1177//1 1223//1
f 937//1 1223//1 941//1
f 941//1 1223//1 1221//1
f 941//1 1221//1 942//1
f 942//1 1221//1 1219//1
f 942//1 1219//1 943//1
f 943//1 1219//1 1217//1
f 943//1 1217//1 944//1
f 944//1 1217//1 1215//1
f 944//1 1215//1 945//1
f 945//1 1215//1 1213//1
f 945//1 1213//1 946//1
f 946//1 1213//1 1211//1
f 946//1 1211//1 947//1
f 947//1 1211//1 1209//1
f 947//1 1209//1 948//1
f 948//1 1209//1 1207//1
f 948//1 1207//1 949//1
f 949//1 1207//1 1205//1
f 949//1 1205//1 882//1
f 882//1 1205//1 1203//1
f 882//1 1203//1 880//1
f 880//1 1203//1 1201//1
f 880//1 1201//1 879//1
f 879//1 1201//1 1199//1
f 879//1 1199//1 877//1
f 877//1 1199//1 1197//1
f 877//1 1197//1 876//1
f 876//1 1197//1 1195//1
f 876//1 1195//1 875//1
f 875//1 1195//1 1193//1
f 875//1 1193//1 873//1
f 873//1 1193//1 1191//1
f 873//1 1191//1 872//1
f 872//1 1191//1 1189//1
f 872//1 1189//1 870//1
f 870//1 1189//1 1187//1
f 870//1 1187//1 868//1
f 868//1 1187//1 1185//1
f 868//1 1185//1 867//1
f 867//1 1185//1 1183//1
f 867//1 1183//1 865//1
f 865//1 1183//1 1181//1
f 276//1 1224//1 275//1
f 275//1 1224//1 1225//1
f 275//1 1225//1 274//1
f 274//1 1225//1 1226//1
f 274//1 1226//1 273//1
f 273//1 1226//1 1227//1
f 273//1 1227//1 272//1
f 272//1 1227//1 1228//1
f 272//1 1228//1 271//1
f 271//1 1228//1 1229//1
f 271//1 1229//1 270//1
f 270//1 1229//1 1230//1
f 270//1 1230//1 281//1
f 281//1 1230//1 1231//1
f 281//1 1231//1 261//1
f 261//1 1231//1 1232//1
f 261//1 1232//1 260//1
f 260//1 1232//1 1233//1
f 260//1 1233//1 259//1
f 259//1 1233//1 1234//1
f 259//1 1234//1 258//1
f 258//1 1234//1 1235//1
f 258//1 1235//1 257//1
f 257//1 1235//1 1236//1
f 257//1 1236//1 248//1
f 248//1 1236//1 1237//1
f 248//1 1237//1 249//1
f 249//1 1237//1 1238//1
f 249//1 1238//1 250//1
f 250//1 1238//1 1239//1
f 250//1 1239//1 251//1
f 251//1 1239//1 1240//1
f 251//1 1240//1 252//1
f 252//1 1240//1 1241//1
f 252//1 1241//1 253//1
f 253//1 1241//1 1242//1
f 253//1 1242//1 282//1
f 282//1 1242//1 1243//1
f 282//1 1243//1 280//1
f 280//1 1243//1 1244//1
f 280//1 1244//1 279//1
f 279//1 1244//1 1245//1
f 279//1 1245//1 278//1
f 278//1 1245//1 1246//1
f 278//1 1246//1 277//1
f 277//1 1246//1 1247//1
f 277//1 1247//1 276//1
f 276//1 1247//1 1224//1
f 1248//1 1225//1 1249//1
f 1249//1 1225//1 1224//1
f 1249//1 1224//1 1250//1
f 1250//1 1224//1 1247//1
f 1250//1 1247//1 1251//1
f 1251//1 1247//1 1246//1
f 1251//1 1246//1 1252//1
f 1252//1 1246//1 1245//1
f 1252//1 1245//1 1253//1
f 1253//1 1245//1 1244//1
f 1253//1 1244//1 1254//1
f 1254//1 1244//1 1243//1
f 1254//1 1243//1 1255//1
f 1255//1 1243//1 1242//1
f 1255//1 1242//1 1256//1
f 1256//1 1242//1 1241//1
f 1256//1 1241//1 1257//1
f 1257//1 1241//1 1240//1
f 1257//1 1240//1 1258//1
f 1258//1 1240//1 1239//1
f 1258//1 1239//1 1259//1
f 1259//1 1239//1 1238//1
f 1259//1 1238//1 1260//1
f 1260//1 1238//1 1237//1
f 1260//1 1237//1 1261//1
f 1261//1 1237//1 1236//1
f 1261//1 1236//1 1262//1
f 1262//1 1236//1 1235//1
f 1262//1 1235//1 1263//1
f 1263//1 1235//1 1234//1
f 1263//1 1234//1 1264//1
f 1264//1 1234//1 1233//1
f 1264//1 1233//1 1265//1
f 1265//1 1233//1 1232//1
f 1265//1 1232//1 1266//1
f 1266//1 1232//1 1231//1
f 1266//1 1231//1 1267//1
f 1267//1 1231//1 1230//1
f 1267//1 1230//1 1268//1
f 1268//1 1230//1 1229//1
f 1268//1 1229//1 1269//1
f 1269//1 1229//1 1228//1
f 1269//1 1228//1 1270//1
f 1270//1 1228//1 1227//1
f 1270//1 1227//1 1271//1
f 1271//1 1227//1 1226//1
f 1271//1 1226//1 1248//1
f 1248//1 1226//1 1225//1
f 1272//1 1273//1 1220//1
f 1220//1 1273//1 1274//1
f 1220//1 1274//1 1218//1
f 1218//1 1274//1 1275//1
f 1218//1 1275//1 1276//1
f 1218//1 1276//1 1216//1
f 1216//1 1276//1 1277//1
f 1216//1 1277//1 1214//1
f 1214//1 1277//1 1278//1
f 1214//1 1278//1 1279//1
f 1214//1 1279//1 1212//1
f 1212//1 1279//1 1280//1
f 1212//1 1280//1 1210//1
f 1210//1 1280//1 1281//1
f 1210//1 1281//1 1282//1
f 1210//1 1282//1 1208//1
f 1208//1 1282//1 1283//1
f 1208//1 1283//1 1284//1
f 1208//1 1284//1 1206//1
f 1206//1 1284//1 1285//1
f 1206//1 1285//1 1204//1
f 1204//1 1285//1 1286//1
f 1204//1 1286//1 1287//1
f 1204//1 1287//1 1202//1
f 1202//1 1287//1 1288//1
f 1202//1 1288//1 1289//1
f 1202//1 1289//1 1200//1
f 1200//1 1289//1 1290//1
f 1200//1 1290//1 1291//1
f 1200//1 1291//1 1198//1
f 1198//1 1291//1 1292//1
f 1198//1 1292//1 1196//1
f 1196//1 1292//1 1293//1
f 1196//1 1293//1 1294//1
f 1196//1 1294//1 1194//1
f 1194//1 1294//1 1295//1
f 1194//1 1295//1 1296//1
f 1194//1 1296//1 1192//1
f 1192//1 1296//1 1297//1
f 1192//1 1297//1 1190//1
f 1190//1 1297//1 1298//1
f 1190//1 1298//1 1299//1
f 1190//1 1299//1 1188//1
f 1188//1 1299//1 1300//1
f 1188//1 1300//1 1186//1
f 1186//1 1300//1 1301//1
f 1186//1 1301//1 1302//1
f 1186//1 1302//1 1184//1
f 1184//1 1302//1 1303//1
f 1184//1 1303//1 1304//1
f 1184//1 1304//1 1182//1
f 1182//1 1304//1 1305//1
f 1182//1 1305//1 1180//1
f 1180//1 1305//1 1306//1
f 1180//1 1306//1 1307//1
f 1180//1 1307//1 1178//1
f 1178//1 1307//1 1308//1
f 1178//1 1308//1 1309//1
f 1178//1 1309//1 1176//1
f 1176//1 1309//1 1310//1
f 1176//1 1310//1 1311//1
f 1176//1 1311//1 1222//1
f 1222//1 1311//1 1272//1
f 1222//1 1272//1 1220//1
f 5//1 290//1 3//1
f 3//1 290//1 289//1
f 3//1 289//1 1//1
f 1//1 289//1 288//1
f 1//1 288//1 60//1
f 60//1 288//1 58//1
f 58//1 288//1 287//1
f 58//1 287//1 1312//1
f 1312//1 287//1 286//1
f 1312//1 286//1 285//1
f 290//1 5//1 291//1
f 291//1 5//1 7//1
f 291//1 7//1 9//1
f 291//1 9//1 292//1
f 292//1 9//1 11//1
f 292//1 11//1 1313//1
f 1313//1 11//1 13//1
f 1313//1 13//1 14//1
f 14//1 16//1 1313//1
f 1313//1 16//1 1314//1
f 1313//1 1314//1 1315//1
f 1315//1 1314//1 1316//1
f 1316//1 1314//1 1317//1
f 1316//1 1317//1 1318//1
f 1318//1 1317//1 1319//1
f 1318//1 1319//1 1320//1
f 1320//1 1319//1 1321//1
f 1320//1 1321//1 1322//1
f 1322//1 1321//1 1323//1
f 1322//1 1323//1 1324//1
f 1324//1 1323//1 1325//1
f 1324//1 1325//1 1326//1
f 1326//1 1325//1 1327//1
f 1326//1 1327//1 1328//1
f 1328//1 1327//1 1329//1
f 1328//1 1329//1 1330//1
f 1330//1 1329//1 1331//1
f 1330//1 1331//1 1332//1
f 1332//1 1331//1 1333//1
f 1332//1 1333//1 1334//1
f 1334//1 1333//1 1335//1
f 1334//1 1335//1 1336//1
f 1336//1 1335//1 1337//1
f 1336//1 1337//1 1338//1
f 1338//1 1337//1 1339//1
f 1338//1 1339//1 1340//1
f 1340//1 1339//1 1341//1
f 1341//1 1339//1 1342//1
f 1341//1 1342//1 1343//1
f 1343//1 1342//1 1344//1
f 1343//1 1344//1 1345//1
f 1345//1 1344//1 1346//1
f 1345//1 1346//1 1347//1
f 1347//1 1346//1 1348//1
f 1347//1 1348//1 1349//1
f 1349//1 1348//1 1350//1
f 1349//1 1350//1 1351//1
f 1351//1 1350//1 1352//1
f 1351//1 1352//1 1353//1
f 1353//1 1352//1 1354//1
f 1353//1 1354//1 1355//1
f 1355//1 1354//1 1356//1
f 1355//1 1356//1 1357//1
f 1357//1 1356//1 1358//1
f 1357//1 1358//1 1359//1
f 1359//1 1358//1 1360//1
f 1359//1 1360//1 1361//1
f 1361//1 1360//1 1362//1
f 1361//1 1362//1 1363//1
f 1363//1 1362//1 1364//1
f 1363//1 1364//1 1365//1
f 1365//1 1364//1 1366//1
f 1365//1 1366//1 1367//1
f 1367//1 1366//1 1368//1
f 1367//1 1368//1 1369//1
f 1369//1 1368//1 1370//1
f 1369//1 1370//1 1371//1
f 1371//1 1370//1 1372//1
f 1371//1 1372//1 1373//1
f 1373//1 1372//1 1374//1
f 1373//1 1374//1 1375//1
f 1375//1 1374//1 1376//1
f 1375//1 1376//1 1377//1
f 1377//1 1376//1 1378//1
f 1377//1 1378//1 1379//1
f 1379//1 1378//1 1380//1
f 1379//1 1380//1 1381//1
f 1381//1 1380//1 1382//1
f 1381//1 1382//1 1383//1
f 16//1 18//1 1314//1
f 1314//1 18//1 1384//1
f 1314//1 1384//1 20//1
f 20//1 1384//1 18//1
f 20//1 22//1 1314//1
f 1314//1 22//1 1317//1
f 1317//1 22//1 1385//1
f 1385//1 22//1 24//1
f 1385//1 24//1 26//1
f 26//1 28//1 1385//1
f 1385//1 28//1 1386//1
f 1385//1 1386//1 1266//1
f 1266//1 1386//1 1265//1
f 1265//1 1386//1 1264//1
f 1264//1 1386//1 1263//1
f 1263//1 1386//1 30//1
f 1263//1 30//1 32//1
f 28//1 30//1 1386//1
f 34//1 1261//1 32//1
f 32//1 1261//1 1262//1
f 32//1 1262//1 1263//1
f 1261//1 34//1 1260//1
f 1260//1 34//1 35//1
f 1260//1 35//1 1259//1
f 1259//1 35//1 37//1
f 1259//1 37//1 1258//1
f 1258//1 37//1 1387//1
f 1258//1 1387//1 1257//1
f 1257//1 1387//1 1256//1
f 1256//1 1387//1 1255//1
f 1255//1 1387//1 1388//1
f 1255//1 1388//1 1389//1
f 1389//1 1388//1 406//1
f 1389//1 406//1 405//1
f 37//1 39//1 1387//1
f 1387//1 39//1 41//1
f 1387//1 41//1 1388//1
f 1388//1 41//1 43//1
f 1388//1 43//1 45//1
f 1388//1 45//1 1390//1
f 1390//1 45//1 47//1
f 1390//1 47//1 49//1
f 49//1 51//1 1390//1
f 1390//1 51//1 53//1
f 1390//1 53//1 1312//1
f 1312//1 53//1 55//1
f 1312//1 55//1 56//1
f 56//1 58//1 1312//1
f 162//1 1248//1 160//1
f 160//1 1248//1 1249//1
f 160//1 1249//1 1250//1
f 1248//1 162//1 1271//1
f 1271//1 162//1 164//1
f 1271//1 164//1 1270//1
f 1270//1 164//1 1269//1
f 1269//1 164//1 166//1
f 1269//1 166//1 1391//1
f 1391//1 166//1 168//1
f 1391//1 168//1 1392//1
f 1392//1 168//1 170//1
f 1392//1 170//1 171//1
f 171//1 173//1 1392//1
f 1392//1 173//1 1321//1
f 1392//1 1321//1 1391//1
f 1391//1 1321//1 1319//1
f 1391//1 1319//1 1385//1
f 1385//1 1319//1 1317//1
f 1321//1 173//1 1323//1
f 1323//1 173//1 175//1
f 1323//1 175//1 1393//1
f 1393//1 175//1 177//1
f 1393//1 177//1 179//1
f 1393//1 179//1 1323//1
f 1323//1 179//1 181//1
f 1323//1 181//1 1325//1
f 1325//1 181//1 1394//1
f 1325//1 1394//1 1395//1
f 1395//1 1394//1 1396//1
f 1395//1 1396//1 1397//1
f 1397//1 1396//1 1398//1
f 1397//1 1398//1 1399//1
f 1399//1 1398//1 1400//1
f 1399//1 1400//1 1401//1
f 1401//1 1400//1 304//1
f 1401//1 304//1 306//1
f 181//1 183//1 1394//1
f 1394//1 183//1 185//1
f 1394//1 185//1 1402//1
f 1402//1 185//1 187//1
f 1402//1 187//1 189//1
f 189//1 191//1 1402//1
f 1402//1 191//1 1403//1
f 1402//1 1403//1 1404//1
f 1404//1 1403//1 1405//1
f 1404//1 1405//1 1406//1
f 1406//1 1405//1 300//1
f 1406//1 300//1 302//1
f 191//1 192//1 1403//1
f 1403//1 192//1 194//1
f 1403//1 194//1 196//1
f 196//1 198//1 1403//1
f 1403//1 198//1 200//1
f 1403//1 200//1 1407//1
f 1407//1 200//1 202//1
f 1407//1 202//1 1408//1
f 1408//1 202//1 204//1
f 1408//1 204//1 206//1
f 206//1 208//1 1408//1
f 1408//1 208//1 1409//1
f 1408//1 1409//1 299//1
f 299//1 1409//1 405//1
f 405//1 1409//1 1389//1
f 208//1 210//1 1409//1
f 1409//1 210//1 212//1
f 1409//1 212//1 213//1
f 215//1 1254//1 213//1
f 213//1 1254//1 1389//1
f 213//1 1389//1 1409//1
f 1254//1 215//1 1253//1
f 1253//1 215//1 217//1
f 1253//1 217//1 1252//1
f 1252//1 217//1 1251//1
f 1251//1 217//1 158//1
f 1251//1 158//1 1250//1
f 1250//1 158//1 160//1
f 1254//1 1255//1 1389//1
f 1385//1 1266//1 1391//1
f 1391//1 1266//1 1267//1
f 1391//1 1267//1 1410//1
f 1410//1 1267//1 1268//1
f 1410//1 1268//1 1269//1
f 285//1 284//1 1411//1
f 1411//1 284//1 408//1
f 1411//1 408//1 1412//1
f 1412//1 408//1 407//1
f 1412//1 407//1 1388//1
f 1388//1 407//1 1413//1
f 1388//1 1413//1 406//1
f 406//1 1413//1 407//1
f 299//1 298//1 1408//1
f 1408//1 298//1 1407//1
f 298//1 297//1 1407//1
f 1407//1 297//1 1405//1
f 1407//1 1405//1 1403//1
f 297//1 300//1 1405//1
f 1406//1 302//1 1400//1
f 1400//1 302//1 304//1
f 1401//1 306//1 1414//1
f 1414//1 306//1 308//1
f 1414//1 308//1 1415//1
f 1415//1 308//1 1416//1
f 1415//1 1416//1 1417//1
f 1417//1 1416//1 310//1
f 1417//1 310//1 312//1
f 308//1 310//1 1416//1
f 1417//1 312//1 1418//1
f 1418//1 312//1 314//1
f 1418//1 314//1 1419//1
f 1419//1 314//1 316//1
f 1419//1 316//1 1420//1
f 1420//1 316//1 318//1
f 1420//1 318//1 1421//1
f 1421//1 318//1 320//1
f 1421//1 320//1 1422//1
f 1422//1 320//1 322//1
f 1422//1 322//1 1423//1
f 1423//1 322//1 1424//1
f 1423//1 1424//1 1425//1
f 1425//1 1424//1 324//1
f 1425//1 324//1 326//1
f 322//1 324//1 1424//1
f 1425//1 326//1 1426//1
f 1426//1 326//1 328//1
f 1426//1 328//1 1427//1
f 1427//1 328//1 1428//1
f 1427//1 1428//1 1429//1
f 1429//1 1428//1 330//1
f 1429//1 330//1 332//1
f 328//1 330//1 1428//1
f 334//1 1430//1 332//1
f 332//1 1430//1 1431//1
f 332//1 1431//1 1429//1
f 1429//1 1431//1 1432//1
f 1429//1 1432//1 1427//1
f 1427//1 1432//1 1433//1
f 1427//1 1433//1 1434//1
f 1434//1 1433//1 1435//1
f 1434//1 1435//1 1436//1
f 1436//1 1435//1 1437//1
f 1436//1 1437//1 1438//1
f 1438//1 1437//1 1439//1
f 1438//1 1439//1 1440//1
f 1440//1 1439//1 1441//1
f 1440//1 1441//1 1442//1
f 1442//1 1441//1 1443//1
f 1442//1 1443//1 1444//1
f 1444//1 1443//1 1348//1
f 1444//1 1348//1 1346//1
f 336//1 1445//1 334//1
f 334//1 1445//1 1446//1
f 334//1 1446//1 1430//1
f 1430//1 1446//1 1431//1
f 338//1 1447//1 336//1
f 336//1 1447//1 1448//1
f 336//1 1448//1 1445//1
f 1445//1 1448//1 1446//1
f 339//1 1449//1 338//1
f 338//1 1449//1 1450//1
f 338//1 1450//1 1451//1
f 1451//1 1450//1 1452//1
f 1451//1 1452//1 1453//1
f 1453//1 1452//1 1454//1
f 1453//1 1454//1 1455//1
f 1455//1 1454//1 1456//1
f 1455//1 1456//1 1457//1
f 1457//1 1456//1 1458//1
f 1457//1 1458//1 1459//1
f 1459//1 1458//1 1460//1
f 1459//1 1460//1 1461//1
f 1461//1 1460//1 1462//1
f 1461//1 1462//1 1463//1
f 1463//1 1462//1 1464//1
f 1463//1 1464//1 1465//1
f 1465//1 1464//1 1466//1
f 1465//1 1466//1 1467//1
f 1467//1 1466//1 1468//1
f 1467//1 1468//1 1469//1
f 1469//1 1468//1 1470//1
f 1469//1 1470//1 1471//1
f 1471//1 1470//1 1472//1
f 1471//1 1472//1 1473//1
f 1473//1 1472//1 1474//1
f 1473//1 1474//1 1475//1
f 1475//1 1474//1 1356//1
f 1475//1 1356//1 1354//1
f 341//1 1476//1 339//1
f 339//1 1476//1 1477//1
f 339//1 1477//1 1478//1
f 1478//1 1477//1 1479//1
f 1478//1 1479//1 1480//1
f 1480//1 1479//1 1481//1
f 1480//1 1481//1 1482//1
f 1482//1 1481//1 1456//1
f 1482//1 1456//1 1454//1
f 343//1 1483//1 341//1
f 341//1 1483//1 1484//1
f 341//1 1484//1 1485//1
f 1485//1 1484//1 1481//1
f 1485//1 1481//1 1479//1
f 1483//1 343//1 1486//1
f 1486//1 343//1 1481//1
f 1486//1 1481//1 1483//1
f 1483//1 1481//1 1484//1
f 1374//1 1487//1 1456//1
f 1456//1 1487//1 1488//1
f 1456//1 1488//1 1489//1
f 1489//1 1488//1 1490//1
f 1489//1 1490//1 1491//1
f 1491//1 1490//1 1492//1
f 1491//1 1492//1 1493//1
f 1493//1 1492//1 1494//1
f 1493//1 1494//1 1464//1
f 1464//1 1494//1 1466//1
f 1376//1 1374//1 1495//1
f 1495//1 1374//1 1496//1
f 1495//1 1496//1 1497//1
f 1497//1 1496//1 1498//1
f 1497//1 1498//1 1499//1
f 1499//1 1498//1 1500//1
f 1499//1 1500//1 1501//1
f 1501//1 1500//1 1502//1
f 1501//1 1502//1 1382//1
f 1503//1 1504//1 1496//1
f 1496//1 1504//1 1505//1
f 1496//1 1505//1 1506//1
f 1506//1 1505//1 1507//1
f 1506//1 1507//1 1508//1
f 1508//1 1507//1 1509//1
f 1508//1 1509//1 1510//1
f 1510//1 1509//1 1511//1
f 1510//1 1511//1 1512//1
f 1512//1 1511//1 1513//1
f 1512//1 1513//1 1514//1
f 1514//1 1513//1 1500//1
f 1514//1 1500//1 1498//1
f 1503//1 1507//1 1504//1
f 1504//1 1507//1 1505//1
f 1507//1 1502//1 1509//1
f 1509//1 1502//1 1511//1
f 1515//1 1516//1 1383//1
f 1383//1 1516//1 1517//1
f 1383//1 1517//1 1381//1
f 1381//1 1517//1 1379//1
f 1518//1 1519//1 1515//1
f 1515//1 1519//1 1520//1
f 1515//1 1520//1 1516//1
f 1516//1 1520//1 1521//1
f 1516//1 1521//1 1517//1
f 1517//1 1521//1 1522//1
f 1517//1 1522//1 1379//1
f 1379//1 1522//1 1377//1
f 1523//1 1524//1 1518//1
f 1518//1 1524//1 1525//1
f 1518//1 1525//1 1519//1
f 1519//1 1525//1 1526//1
f 1519//1 1526//1 1520//1
f 1520//1 1526//1 1527//1
f 1520//1 1527//1 1521//1
f 1521//1 1527//1 1528//1
f 1521//1 1528//1 1522//1
f 1522//1 1528//1 1529//1
f 1522//1 1529//1 1377//1
f 1377//1 1529//1 1375//1
f 1524//1 1523//1 1530//1
f 1530//1 1523//1 1531//1
f 1530//1 1531//1 1359//1
f 1359//1 1531//1 1357//1
f 1531//1 1532//1 1357//1
f 1357//1 1532//1 1355//1
f 1532//1 1533//1 1355//1
f 1355//1 1533//1 1353//1
f 1533//1 1351//1 1353//1
f 1340//1 1336//1 1338//1
f 1315//1 295//1 1313//1
f 1313//1 295//1 294//1
f 1313//1 294//1 293//1
f 293//1 292//1 1313//1
f 1312//1 285//1 1411//1
f 1269//1 1391//1 1410//1
f 1390//1 1312//1 1411//1
f 1506//1 1508//1 1496//1
f 1496//1 1508//1 1510//1
f 1496//1 1510//1 1512//1
f 1512//1 1514//1 1496//1
f 1496//1 1514//1 1498//1
f 1500//1 1513//1 1502//1
f 1502//1 1513//1 1511//1
f 1378//1 1376//1 1495//1
f 1501//1 1382//1 1534//1
f 1534//1 1382//1 1380//1
f 1534//1 1380//1 1535//1
f 1535//1 1380//1 1378//1
f 1535//1 1378//1 1495//1
f 1374//1 1536//1 1537//1
f 1537//1 1536//1 1538//1
f 1537//1 1538//1 1539//1
f 1539//1 1538//1 1540//1
f 1539//1 1540//1 1541//1
f 1541//1 1540//1 1542//1
f 1541//1 1542//1 1543//1
f 1543//1 1542//1 1544//1
f 1543//1 1544//1 1545//1
f 1545//1 1544//1 1546//1
f 1545//1 1546//1 1547//1
f 1547//1 1546//1 1548//1
f 1547//1 1548//1 1549//1
f 1549//1 1548//1 1550//1
f 1549//1 1550//1 1472//1
f 1472//1 1550//1 1474//1
f 1374//1 1537//1 1551//1
f 1551//1 1537//1 1539//1
f 1551//1 1539//1 1552//1
f 1552//1 1539//1 1541//1
f 1552//1 1541//1 1553//1
f 1553//1 1541//1 1543//1
f 1553//1 1543//1 1554//1
f 1554//1 1543//1 1545//1
f 1554//1 1545//1 1555//1
f 1555//1 1545//1 1547//1
f 1555//1 1547//1 1556//1
f 1556//1 1547//1 1549//1
f 1556//1 1549//1 1470//1
f 1470//1 1549//1 1472//1
f 1456//1 1489//1 1557//1
f 1557//1 1489//1 1491//1
f 1557//1 1491//1 1558//1
f 1558//1 1491//1 1493//1
f 1558//1 1493//1 1462//1
f 1462//1 1493//1 1464//1
f 1374//1 1372//1 1536//1
f 1536//1 1372//1 1538//1
f 1372//1 1370//1 1538//1
f 1538//1 1370//1 1540//1
f 1370//1 1368//1 1540//1
f 1540//1 1368//1 1542//1
f 1368//1 1366//1 1542//1
f 1542//1 1366//1 1544//1
f 1366//1 1364//1 1544//1
f 1544//1 1364//1 1546//1
f 1364//1 1362//1 1546//1
f 1546//1 1362//1 1548//1
f 1362//1 1360//1 1548//1
f 1548//1 1360//1 1550//1
f 1360//1 1358//1 1550//1
f 1550//1 1358//1 1474//1
f 1475//1 1559//1 1560//1
f 1560//1 1559//1 1561//1
f 1560//1 1561//1 1562//1
f 1562//1 1561//1 1439//1
f 1562//1 1439//1 1437//1
f 1358//1 1356//1 1474//1
f 1559//1 1563//1 1561//1
f 1561//1 1563//1 1441//1
f 1561//1 1441//1 1439//1
f 1475//1 1354//1 1559//1
f 1559//1 1354//1 1352//1
f 1559//1 1352//1 1563//1
f 1563//1 1352//1 1350//1
f 1563//1 1350//1 1443//1
f 1443//1 1350//1 1348//1
f 1563//1 1443//1 1441//1
f 1444//1 1564//1 1565//1
f 1565//1 1564//1 1566//1
f 1565//1 1566//1 1567//1
f 1567//1 1566//1 1568//1
f 1567//1 1568//1 1569//1
f 1569//1 1568//1 1570//1
f 1569//1 1570//1 1571//1
f 1571//1 1570//1 1572//1
f 1571//1 1572//1 1420//1
f 1420//1 1572//1 1419//1
f 1564//1 1573//1 1566//1
f 1566//1 1573//1 1574//1
f 1566//1 1574//1 1568//1
f 1568//1 1574//1 1575//1
f 1568//1 1575//1 1570//1
f 1570//1 1575//1 1576//1
f 1570//1 1576//1 1572//1
f 1572//1 1576//1 1577//1
f 1572//1 1577//1 1419//1
f 1419//1 1577//1 1418//1
f 1444//1 1346//1 1564//1
f 1564//1 1346//1 1344//1
f 1564//1 1344//1 1573//1
f 1573//1 1344//1 1342//1
f 1573//1 1342//1 1578//1
f 1578//1 1342//1 1339//1
f 1578//1 1339//1 1337//1
f 1573//1 1578//1 1574//1
f 1574//1 1578//1 1579//1
f 1574//1 1579//1 1575//1
f 1575//1 1579//1 1580//1
f 1575//1 1580//1 1576//1
f 1576//1 1580//1 1581//1
f 1576//1 1581//1 1577//1
f 1577//1 1581//1 1582//1
f 1577//1 1582//1 1418//1
f 1418//1 1582//1 1417//1
f 1578//1 1337//1 1579//1
f 1579//1 1337//1 1583//1
f 1579//1 1583//1 1580//1
f 1580//1 1583//1 1584//1
f 1580//1 1584//1 1581//1
f 1581//1 1584//1 1585//1
f 1581//1 1585//1 1582//1
f 1582//1 1585//1 1415//1
f 1582//1 1415//1 1417//1
f 1337//1 1335//1 1583//1
f 1583//1 1335//1 1586//1
f 1583//1 1586//1 1584//1
f 1584//1 1586//1 1587//1
f 1584//1 1587//1 1585//1
f 1585//1 1587//1 1588//1
f 1585//1 1588//1 1415//1
f 1415//1 1588//1 1414//1
f 1335//1 1333//1 1586//1
f 1586//1 1333//1 1589//1
f 1586//1 1589//1 1587//1
f 1587//1 1589//1 1590//1
f 1587//1 1590//1 1588//1
f 1588//1 1590//1 1591//1
f 1588//1 1591//1 1414//1
f 1414//1 1591//1 1401//1
f 1333//1 1331//1 1589//1
f 1589//1 1331//1 1592//1
f 1589//1 1592//1 1590//1
f 1590//1 1592//1 1593//1
f 1590//1 1593//1 1591//1
f 1591//1 1593//1 1399//1
f 1591//1 1399//1 1401//1
f 1331//1 1329//1 1592//1
f 1592//1 1329//1 1594//1
f 1592//1 1594//1 1593//1
f 1593//1 1594//1 1397//1
f 1593//1 1397//1 1399//1
f 1329//1 1327//1 1594//1
f 1594//1 1327//1 1395//1
f 1594//1 1395//1 1397//1
f 1327//1 1325//1 1395//1
f 1444//1 1565//1 1442//1
f 1442//1 1565//1 1595//1
f 1442//1 1595//1 1440//1
f 1440//1 1595//1 1596//1
f 1440//1 1596//1 1438//1
f 1438//1 1596//1 1597//1
f 1438//1 1597//1 1436//1
f 1436//1 1597//1 1598//1
f 1436//1 1598//1 1434//1
f 1434//1 1598//1 1426//1
f 1434//1 1426//1 1427//1
f 1595//1 1565//1 1567//1
f 1475//1 1560//1 1473//1
f 1473//1 1560//1 1599//1
f 1473//1 1599//1 1471//1
f 1471//1 1599//1 1600//1
f 1471//1 1600//1 1469//1
f 1469//1 1600//1 1601//1
f 1469//1 1601//1 1467//1
f 1467//1 1601//1 1602//1
f 1467//1 1602//1 1465//1
f 1465//1 1602//1 1603//1
f 1465//1 1603//1 1463//1
f 1463//1 1603//1 1604//1
f 1463//1 1604//1 1461//1
f 1461//1 1604//1 1605//1
f 1461//1 1605//1 1459//1
f 1459//1 1605//1 1606//1
f 1459//1 1606//1 1457//1
f 1457//1 1606//1 1455//1
f 1599//1 1560//1 1562//1
f 1412//1 1388//1 1390//1
f 1412//1 1390//1 1411//1
f 1404//1 1406//1 1398//1
f 1398//1 1406//1 1400//1
f 1571//1 1607//1 1569//1
f 1569//1 1607//1 1608//1
f 1569//1 1608//1 1567//1
f 1567//1 1608//1 1595//1
f 1607//1 1609//1 1608//1
f 1608//1 1609//1 1596//1
f 1608//1 1596//1 1595//1
f 1420//1 1421//1 1571//1
f 1571//1 1421//1 1607//1
f 1596//1 1609//1 1597//1
f 1597//1 1609//1 1423//1
f 1597//1 1423//1 1598//1
f 1598//1 1423//1 1425//1
f 1598//1 1425//1 1426//1
f 1421//1 1422//1 1607//1
f 1607//1 1422//1 1609//1
f 1422//1 1423//1 1609//1
f 1435//1 1610//1 1611//1
f 1611//1 1610//1 1600//1
f 1611//1 1600//1 1599//1
f 1600//1 1610//1 1601//1
f 1601//1 1610//1 1612//1
f 1601//1 1612//1 1602//1
f 1602//1 1612//1 1613//1
f 1602//1 1613//1 1603//1
f 1603//1 1613//1 1614//1
f 1603//1 1614//1 1604//1
f 1604//1 1614//1 1615//1
f 1604//1 1615//1 1605//1
f 1605//1 1615//1 1616//1
f 1605//1 1616//1 1606//1
f 1606//1 1616//1 1453//1
f 1606//1 1453//1 1455//1
f 1612//1 1610//1 1433//1
f 1433//1 1610//1 1435//1
f 1466//1 1494//1 1617//1
f 1617//1 1494//1 1618//1
f 1617//1 1618//1 1555//1
f 1555//1 1618//1 1554//1
f 1494//1 1492//1 1618//1
f 1618//1 1492//1 1619//1
f 1618//1 1619//1 1554//1
f 1554//1 1619//1 1553//1
f 1492//1 1490//1 1619//1
f 1619//1 1490//1 1620//1
f 1619//1 1620//1 1553//1
f 1553//1 1620//1 1552//1
f 1490//1 1488//1 1620//1
f 1620//1 1488//1 1487//1
f 1620//1 1487//1 1552//1
f 1552//1 1487//1 1551//1
f 1466//1 1617//1 1468//1
f 1468//1 1617//1 1556//1
f 1468//1 1556//1 1470//1
f 1556//1 1617//1 1555//1
f 1562//1 1437//1 1611//1
f 1611//1 1437//1 1435//1
f 1562//1 1611//1 1599//1
f 1402//1 1404//1 1396//1
f 1396//1 1404//1 1398//1
f 1402//1 1396//1 1394//1
f 1456//1 1557//1 1621//1
f 1621//1 1557//1 1558//1
f 1621//1 1558//1 1460//1
f 1460//1 1558//1 1462//1
f 1374//1 1551//1 1487//1
f 1613//1 1612//1 1432//1
f 1432//1 1612//1 1433//1
f 1614//1 1613//1 1431//1
f 1431//1 1613//1 1432//1
f 1615//1 1614//1 1446//1
f 1446//1 1614//1 1431//1
f 1456//1 1621//1 1458//1
f 1458//1 1621//1 1460//1
f 1616//1 1615//1 1448//1
f 1448//1 1615//1 1446//1
f 1616//1 1448//1 1451//1
f 1451//1 1448//1 1447//1
f 1451//1 1447//1 338//1
f 1451//1 1453//1 1616//1
f 1482//1 1454//1 1452//1
f 1452//1 1450//1 1622//1
f 1622//1 1450//1 1449//1
f 1622//1 1449//1 339//1
f 1478//1 1480//1 1622//1
f 1622//1 1480//1 1482//1
f 1622//1 1482//1 1452//1
f 1478//1 1622//1 339//1
f 1477//1 1476//1 1485//1
f 1485//1 1476//1 341//1
f 1479//1 1477//1 1485//1
f 1359//1 1361//1 1530//1
f 1530//1 1361//1 1524//1
f 1361//1 1363//1 1524//1
f 1524//1 1363//1 1525//1
f 1363//1 1365//1 1525//1
f 1525//1 1365//1 1526//1
f 1365//1 1367//1 1526//1
f 1526//1 1367//1 1527//1
f 1367//1 1369//1 1527//1
f 1527//1 1369//1 1528//1
f 1373//1 1375//1 1529//1
f 1369//1 1371//1 1528//1
f 1528//1 1371//1 1529//1
f 1371//1 1373//1 1529//1
f 1535//1 1495//1 1497//1
f 1534//1 1535//1 1499//1
f 1499//1 1535//1 1497//1
f 1501//1 1534//1 1499//1
f 295//1 1315//1 263//1
f 263//1 1315//1 1316//1
f 263//1 1316//1 1318//1
f 263//1 1318//1 221//1
f 221//1 1318//1 1320//1
f 221//1 1320//1 1322//1
f 221//1 1322//1 219//1
f 219//1 1322//1 1324//1
f 219//1 1324//1 1326//1
f 219//1 1326//1 409//1
f 409//1 1326//1 1328//1
f 409//1 1328//1 410//1
f 410//1 1328//1 1330//1
f 410//1 1330//1 411//1
f 411//1 1330//1 1332//1
f 411//1 1332//1 412//1
f 412//1 1332//1 1334//1
f 412//1 1334//1 413//1
f 413//1 1334//1 1336//1
f 413//1 1336//1 414//1
f 414//1 1336//1 1340//1
f 414//1 1340//1 415//1
f 415//1 1340//1 1341//1
f 415//1 1341//1 416//1
f 416//1 1341//1 1343//1
f 416//1 1343//1 417//1
f 417//1 1343//1 1345//1
f 417//1 1345//1 418//1
f 418//1 1345//1 1347//1
f 418//1 1347//1 419//1
f 419//1 1347//1 1349//1
f 419//1 1349//1 420//1
f 420//1 1349//1 1351//1
f 420//1 1351//1 421//1
f 421//1 1351//1 1533//1
f 421//1 1533//1 422//1
f 422//1 1533//1 1532//1
f 422//1 1532//1 423//1
f 423//1 1532//1 1531//1
f 423//1 1531//1 424//1
f 424//1 1531//1 1523//1
f 424//1 1523//1 425//1
f 425//1 1523//1 1518//1
f 425//1 1518//1 426//1
f 426//1 1518//1 1515//1
f 426//1 1515//1 427//1
f 427//1 1515//1 1383//1
f 427//1 1383//1 428//1
f 428//1 1383//1 1382//1
f 428//1 1382//1 1502//1
f 428//1 1502//1 429//1
f 429//1 1502//1 1507//1
f 429//1 1507//1 430//1
f 430//1 1507//1 1503//1
f 430//1 1503//1 431//1
f 431//1 1503//1 451//1
f 451//1 1503//1 952//1
f 451//1 952//1 455//1
f 455//1 952//1 459//1
f 459//1 952//1 954//1
f 459//1 954//1 475//1
f 475//1 954//1 961//1
f 475//1 961//1 963//1
f 766//1 716//1 1503//1
f 1503//1 716//1 952//1
f 716//1 717//1 952//1
f 952//1 717//1 765//1
f 475//1 963//1 476//1
f 476//1 963//1 967//1
f 476//1 967//1 477//1
f 477//1 967//1 1113//1
f 477//1 1113//1 478//1
f 478//1 1113//1 1111//1
f 478//1 1111//1 479//1
f 479//1 1111//1 1109//1
f 479//1 1109//1 480//1
f 480//1 1109//1 1108//1
f 480//1 1108//1 481//1
f 481//1 1108//1 1107//1
f 481//1 1107//1 482//1
f 482//1 1107//1 1106//1
f 482//1 1106//1 483//1
f 483//1 1106//1 1099//1
f 483//1 1099//1 484//1
f 484//1 1099//1 1097//1
f 484//1 1097//1 485//1
f 485//1 1097//1 1096//1
f 485//1 1096//1 486//1
f 486//1 1096//1 1094//1
f 486//1 1094//1 487//1
f 487//1 1094//1 1092//1
f 487//1 1092//1 488//1
f 488//1 1092//1 1090//1
f 488//1 1090//1 489//1
f 489//1 1090//1 1087//1
f 489//1 1087//1 490//1
f 490//1 1087//1 1086//1
f 490//1 1086//1 491//1
f 491//1 1086//1 1084//1
f 491//1 1084//1 492//1
f 492//1 1084//1 1083//1
f 492//1 1083//1 493//1
f 493//1 1083//1 1082//1
f 493//1 1082//1 494//1
f 494//1 1082//1 1081//1
f 494//1 1081//1 495//1
f 495//1 1081//1 1080//1
f 495//1 1080//1 496//1
f 496//1 1080//1 1079//1
f 496//1 1079//1 501//1
f 501//1 1079//1 1078//1
f 501//1 1078//1 509//1
f 509//1 1078//1 1077//1
f 509//1 1077//1 515//1
f 515//1 1077//1 1076//1
f 1076//1 1075//1 515//1
f 515//1 1075//1 1289//1
f 515//1 1289//1 1288//1
f 1289//1 1075//1 1290//1
f 1290//1 1075//1 1074//1
f 1290//1 1074//1 1291//1
f 1291//1 1074//1 1073//1
f 1291//1 1073//1 1292//1
f 1292//1 1073//1 1072//1
f 1292//1 1072//1 1293//1
f 1293//1 1072//1 1071//1
f 1293//1 1071//1 1294//1
f 1294//1 1071//1 1069//1
f 1294//1 1069//1 1295//1
f 1295//1 1069//1 1068//1
f 1295//1 1068//1 1296//1
f 1296//1 1068//1 1067//1
f 1296//1 1067//1 1297//1
f 1297//1 1067//1 1066//1
f 1297//1 1066//1 1298//1
f 1298//1 1066//1 1065//1
f 1298//1 1065//1 1299//1
f 1299//1 1065//1 1064//1
f 1299//1 1064//1 1300//1
f 1300//1 1064//1 1063//1
f 1300//1 1063//1 1301//1
f 1301//1 1063//1 1062//1
f 1301//1 1062//1 1302//1
f 1302//1 1062//1 1061//1
f 1302//1 1061//1 1303//1
f 1303//1 1061//1 1060//1
f 1303//1 1060//1 1304//1
f 1304//1 1060//1 1059//1
f 1304//1 1059//1 1305//1
f 1305//1 1059//1 1057//1
f 1305//1 1057//1 1306//1
f 1306//1 1057//1 1056//1
f 1306//1 1056//1 1307//1
f 1307//1 1056//1 940//1
f 1307//1 940//1 399//1
f 399//1 940//1 400//1
f 1307//1 399//1 1308//1
f 1308//1 399//1 530//1
f 1308//1 530//1 1309//1
f 1309//1 530//1 529//1
f 1309//1 529//1 1310//1
f 1310//1 529//1 528//1
f 1310//1 528//1 527//1
f 1310//1 527//1 1311//1
f 1311//1 527//1 526//1
f 1311//1 526//1 525//1
f 1311//1 525//1 1272//1
f 1272//1 525//1 524//1
f 1272//1 524//1 1273//1
f 1273//1 524//1 523//1
f 1273//1 523//1 522//1
f 1273//1 522//1 1274//1
f 1274//1 522//1 521//1
f 1274//1 521//1 1275//1
f 1275//1 521//1 520//1
f 1275//1 520//1 519//1
f 1275//1 519//1 1276//1
f 1276//1 519//1 518//1
f 1276//1 518//1 517//1
f 1276//1 517//1 1277//1
f 1277//1 517//1 516//1
f 1277//1 516//1 1278//1
f 1278//1 516//1 497//1
f 1278//1 497//1 498//1
f 1278//1 498//1 1279//1
f 1279//1 498//1 499//1
f 1279//1 499//1 1280//1
f 1280//1 499//1 500//1
f 1280//1 500//1 502//1
f 1280//1 502//1 1281//1
f 1281//1 502//1 503//1
f 1281//1 503//1 504//1
f 1281//1 504//1 1282//1
f 1282//1 504//1 505//1
f 1282//1 505//1 1283//1
f 1283//1 505//1 506//1
f 1283//1 506//1 507//1
f 1283//1 507//1 1284//1
f 1284//1 507//1 508//1
f 1284//1 508//1 1285//1
f 1285//1 508//1 510//1
f 1285//1 510//1 511//1
f 1285//1 511//1 1286//1
f 1286//1 511//1 512//1
f 1286//1 512//1 513//1
f 1286//1 513//1 1287//1
f 1287//1 513//1 514//1
f 1287//1 514//1 1288//1
f 1288//1 514//1 515//1
f 1503//1 1496//1 766//1
f 766//1 1496//1 767//1
f 767//1 1496//1 1374//1
f 767//1 1374//1 772//1
f 772//1 1374//1 1456//1
f 772//1 1456//1 778//1
f 778//1 1456//1 782//1
f 782//1 1456//1 1481//1
f 782//1 1481//1 404//1
f 404//1 1481//1 343//1
f 346//1 986//1 401//1
f 401//1 986//1 788//1
f 788//1 986//1 936//1
f 788//1 936//1 793//1
f 793//1 936//1 935//1
f 793//1 935//1 799//1
f 799//1 935//1 803//1
f 803//1 935//1 950//1
f 803//1 950//1 765//1
f 765//1 950//1 952//1
# Vertices: 1622, normals: 1, texture coordinates: 0, faces: 3264

