# Blender 4.2.1 LTS
# www.blender.org
mtllib gear1.mtl.mtl
o FabConvert.com_gear_1
v -1.803929 2.822387 11.366137
v -1.803930 2.822387 6.236710
v -1.997705 2.645753 11.366137
v -1.997705 2.645753 6.236710
v -2.220633 2.507738 11.366137
v -2.220634 2.507738 6.236710
v -2.465129 2.413040 11.366137
v -2.465129 2.413040 6.236710
v -2.722861 2.364881 11.366137
v -2.722861 2.364881 6.236710
v -2.985055 2.364896 11.366137
v -2.985055 2.364896 6.236711
v -3.242779 2.413097 11.366137
v -3.242780 2.413097 6.236711
v -3.487261 2.507825 11.366137
v -3.487261 2.507825 6.236711
v -3.710174 2.645868 11.366137
v -3.710175 2.645868 6.236711
v -3.903925 2.822517 11.366137
v -3.903925 2.822517 6.236711
v -4.061918 3.031772 11.366137
v -4.061918 3.031772 6.236711
v -4.178773 3.266479 11.366137
v -4.178773 3.266479 6.236711
v -4.250508 3.518675 11.366137
v -4.250509 3.518675 6.236711
v -4.274682 3.779746 11.366137
v -4.274682 3.779746 6.236711
v -4.250472 4.040816 11.366137
v -4.250473 4.040816 6.236711
v -4.178704 4.292998 11.366137
v -4.178705 4.292998 6.236711
v -4.061820 4.527691 11.366137
v -4.061821 4.527691 6.236711
v -3.903798 4.736917 11.366137
v -3.903799 4.736917 6.236711
v -3.710023 4.913551 11.366137
v -3.710023 4.913551 6.236711
v -3.487091 5.051566 11.366137
v -3.487091 5.051566 6.236711
v -3.242599 5.146264 11.366137
v -3.242599 5.146264 6.236711
v -2.984867 5.194423 11.366137
v -2.984867 5.194423 6.236711
v -2.722673 5.194408 11.366137
v -2.722673 5.194408 6.236710
v -2.464948 5.146206 11.366137
v -2.464949 5.146206 6.236710
v -2.220463 5.051479 11.366137
v -2.220464 5.051479 6.236710
v -1.997553 4.913436 11.366137
v -1.997553 4.913436 6.236710
v -1.803803 4.736787 11.366137
v -1.803803 4.736787 6.236710
v -1.645810 4.527532 11.366137
v -1.645810 4.527532 6.236710
v -1.528955 4.292824 11.366137
v -1.528955 4.292824 6.236710
v -1.457219 4.040628 11.366137
v -1.457220 4.040628 6.236710
v -1.433042 3.779558 11.366137
v -1.433043 3.779558 6.236710
v -1.457255 3.518487 11.366137
v -1.457256 3.518487 6.236710
v -1.529023 3.266306 11.366137
v -1.529024 3.266306 6.236710
v -1.645907 3.031598 11.366137
v -1.645908 3.031598 6.236710
v -2.220634 2.507738 1.107284
v -1.997706 2.645753 1.107284
v -1.803930 2.822387 1.107284
v -1.645908 3.031598 1.107284
v -1.529024 3.266306 1.107284
v -1.457256 3.518487 1.107284
v -1.433043 3.779558 1.107284
v -1.457220 4.040628 1.107284
v -1.528956 4.292824 1.107284
v -1.645811 4.527532 1.107284
v -1.803804 4.736787 1.107284
v -1.997554 4.913436 1.107284
v -2.220464 5.051479 1.107284
v -2.464949 5.146206 1.107284
v -2.722674 5.194408 1.107284
v -2.984868 5.194423 1.107284
v -3.242599 5.146264 1.107284
v -3.487092 5.051566 1.107284
v -3.710024 4.913551 1.107284
v -3.903799 4.736917 1.107284
v -4.061821 4.527691 1.107284
v -4.178705 4.292998 1.107284
v -4.250473 4.040816 1.107284
v -4.274683 3.779746 1.107284
v -4.250509 3.518675 1.107284
v -4.178774 3.266479 1.107284
v -4.061919 3.031772 1.107284
v -3.903926 2.822517 1.107284
v -3.710175 2.645868 1.107284
v -3.487262 2.507825 1.107284
v -3.242780 2.413097 1.107284
v -2.985056 2.364896 1.107284
v -2.722862 2.364881 1.107284
v -2.465130 2.413040 1.107284
v 3.903800 -4.736917 11.366137
v 3.903800 -4.736917 6.236710
v 3.710025 -4.913551 11.366137
v 3.710024 -4.913551 6.236710
v 3.487093 -5.051566 11.366137
v 3.487092 -5.051566 6.236710
v 3.242600 -5.146264 11.366137
v 3.242600 -5.146264 6.236710
v 2.984869 -5.194423 11.366137
v 2.984868 -5.194423 6.236710
v 2.722675 -5.194408 11.366137
v 2.722674 -5.194408 6.236710
v 2.464950 -5.146206 11.366137
v 2.464950 -5.146206 6.236710
v 2.220469 -5.051479 11.366137
v 2.220468 -5.051479 6.236710
v 1.997555 -4.913436 11.366137
v 1.997555 -4.913436 6.236710
v 1.803805 -4.736787 11.366137
v 1.803804 -4.736787 6.236710
v 1.645812 -4.527532 11.366137
v 1.645811 -4.527532 6.236710
v 1.528957 -4.292824 11.366137
v 1.528956 -4.292824 6.236710
v 1.457221 -4.040628 11.366137
v 1.457221 -4.040628 6.236710
v 1.433044 -3.779558 11.366137
v 1.433044 -3.779558 6.236710
v 1.457257 -3.518488 11.366137
v 1.457257 -3.518488 6.236710
v 1.529025 -3.266306 11.366137
v 1.529025 -3.266306 6.236710
v 1.645909 -3.031613 11.366137
v 1.645909 -3.031613 6.236710
v 1.803931 -2.822387 11.366137
v 1.803931 -2.822387 6.236710
v 1.997707 -2.645753 11.366137
v 1.997706 -2.645753 6.236710
v 2.220639 -2.507738 11.366137
v 2.220638 -2.507738 6.236710
v 2.465131 -2.413040 11.366137
v 2.465130 -2.413040 6.236710
v 2.722862 -2.364882 11.366137
v 2.722862 -2.364882 6.236710
v 2.985057 -2.364896 11.366137
v 2.985056 -2.364896 6.236710
v 3.242781 -2.413098 11.366137
v 3.242781 -2.413098 6.236710
v 3.487263 -2.507825 11.366137
v 3.487262 -2.507825 6.236710
v 3.710176 -2.645869 11.366137
v 3.710176 -2.645869 6.236710
v 3.903927 -2.822517 11.366137
v 3.903926 -2.822517 6.236710
v 4.061920 -3.031772 11.366137
v 4.061919 -3.031772 6.236710
v 4.178775 -3.266480 11.366137
v 4.178774 -3.266480 6.236710
v 4.250510 -3.518676 11.366137
v 4.250510 -3.518676 6.236710
v 4.274683 -3.779746 11.366137
v 4.274683 -3.779746 6.236710
v 4.250474 -4.040816 11.366137
v 4.250473 -4.040816 6.236710
v 4.178706 -4.292998 11.366137
v 4.178706 -4.292998 6.236710
v 4.061822 -4.527691 11.366137
v 4.061821 -4.527691 6.236710
v 3.487092 -5.051566 1.107284
v 3.710024 -4.913551 1.107284
v 3.903799 -4.736917 1.107284
v 4.061821 -4.527691 1.107284
v 4.178705 -4.292998 1.107284
v 4.250473 -4.040816 1.107284
v 4.274683 -3.779746 1.107284
v 4.250509 -3.518676 1.107284
v 4.178774 -3.266480 1.107284
v 4.061919 -3.031772 1.107284
v 3.903926 -2.822517 1.107284
v 3.710175 -2.645869 1.107284
v 3.487262 -2.507825 1.107284
v 3.242780 -2.413098 1.107284
v 2.985056 -2.364896 1.107284
v 2.722862 -2.364882 1.107284
v 2.465130 -2.413040 1.107284
v 2.220638 -2.507738 1.107284
v 1.997706 -2.645753 1.107284
v 1.803930 -2.822387 1.107284
v 1.645908 -3.031613 1.107284
v 1.529024 -3.266306 1.107284
v 1.457256 -3.518488 1.107284
v 1.433043 -3.779558 1.107284
v 1.457220 -4.040628 1.107284
v 1.528956 -4.292824 1.107284
v 1.645811 -4.527532 1.107284
v 1.803804 -4.736787 1.107284
v 1.997554 -4.913436 1.107284
v 2.220468 -5.051479 1.107284
v 2.464949 -5.146206 1.107284
v 2.722674 -5.194408 1.107284
v 2.984868 -5.194423 1.107284
v 3.242599 -5.146264 1.107284
v -1.014933 0.994302 11.366137
v -0.814946 1.163868 11.366137
v -0.587212 1.293789 11.366137
v -0.339479 1.379671 11.366137
v -0.080186 1.418550 11.366137
v 1.108961 4.158755 11.366137
v 0.030754 9.472086 11.366137
v -0.652812 9.449611 11.366137
v -1.332971 9.377865 11.366137
v -1.180355 0.790885 11.366137
v -1.305579 0.560528 11.366137
v -1.386344 0.311079 11.366137
v -4.303473 0.071992 11.366137
v -9.118593 2.563687 11.366138
v -8.909837 3.214968 11.366138
v -8.654628 3.849512 11.366138
v -8.354295 4.463966 11.366138
v -8.010406 5.055165 11.366138
v -7.624756 5.620001 11.366138
v -7.199351 6.155525 11.366138
v -6.736411 6.658978 11.366138
v -6.238357 7.127699 11.366138
v -5.707776 7.559261 11.366138
v -5.147438 7.951423 11.366137
v -4.560265 8.302118 11.366137
v -3.949312 8.609540 11.366137
v -3.317774 8.872070 11.366137
v -2.668935 9.088350 11.366137
v -2.006185 9.257237 11.366137
v 5.431151 -7.760407 11.366137
v 5.976967 -7.348271 11.366136
v 6.491621 -6.897833 11.366136
v 6.972429 -6.411436 11.366136
v 7.416890 -5.891607 11.366136
v 7.822681 -5.341066 11.366136
v 8.187686 -4.762673 11.366136
v 8.510010 -4.159449 11.366136
v 8.787961 -3.534545 11.366136
v 4.857018 -8.132074 11.366137
v 4.257567 -8.461350 11.366137
v 3.635915 -8.746500 11.366137
v 2.995308 -8.986064 11.366137
v 2.339087 -9.178770 11.366137
v 1.670668 -9.323636 11.366137
v 0.993541 -9.419880 11.366137
v 0.311235 -9.467012 11.366137
v -0.372696 -9.464801 11.366137
v -1.107116 -4.161198 11.366137
v -1.054683 -9.413232 11.366137
v -3.072526 -5.645222 11.366137
v -1.731171 -9.312593 11.366137
v -2.398633 -9.163392 11.366137
v -3.053589 -8.966422 11.366137
v -3.692628 -8.722710 11.366137
v -4.312412 -8.433528 11.366137
v -4.909717 -8.100364 11.366137
v -5.481422 -7.724968 11.366138
v -6.024549 -7.309305 11.366138
v -6.536269 -6.855543 11.366138
v -7.013908 -6.366023 11.366138
v -7.454987 -5.843319 11.366138
v -6.268882 -1.412032 11.366138
v -7.857194 -5.290162 11.366138
v -8.218433 -4.709413 11.366138
v -8.536833 -4.104107 11.366138
v -8.810723 -3.477412 11.366138
v -9.038681 -2.832591 11.366138
v -9.219506 -2.172985 11.366138
v -9.352275 -1.502062 11.366138
v -9.436277 -0.823305 11.366138
v -9.471088 -0.140270 11.366138
v -9.456519 0.543517 11.366138
v -9.392651 1.224456 11.366138
v -9.279813 1.899022 11.366138
v 0.080188 -1.418550 11.366137
v 0.339481 -1.379671 11.366137
v 0.587214 -1.293804 11.366137
v 0.814948 -1.163868 11.366137
v 1.014935 -0.994302 11.366137
v 1.180357 -0.790886 11.366137
v 1.305580 -0.560529 11.366137
v 1.386349 -0.311079 11.366137
v 4.305317 -0.074435 11.366137
v 9.020096 -2.891214 11.366136
v 9.205207 -2.232807 11.366136
v 9.342325 -1.562751 11.366136
v 6.270727 1.409589 11.366136
v 9.430737 -0.884558 11.366136
v 9.469981 -0.201754 11.366136
v -0.181836 -1.409141 11.366137
v -0.437667 -1.351733 11.366137
v -0.678597 -1.248290 11.366137
v -0.896416 -1.102341 11.366137
v -1.083706 -0.918856 11.366137
v -1.234096 -0.704079 11.366137
v -1.342456 -0.465325 11.366137
v -1.405104 -0.210730 11.366137
v -1.419901 0.051049 11.366137
v 0.181838 1.409141 11.366137
v 0.437669 1.351732 11.366137
v 0.678599 1.248290 11.366137
v 0.896418 1.102340 11.366137
v 1.083711 0.918855 11.366137
v 1.234098 0.704079 11.366137
v 1.342458 0.465324 11.366137
v 1.405106 0.210729 11.366137
v 1.419903 -0.051049 11.366137
v 9.459853 0.482105 11.366136
v 9.400406 1.163449 11.366136
v 9.291952 1.838722 11.366136
v 9.135051 2.504414 11.366136
v 8.930525 3.157053 11.366136
v 8.679439 3.793231 11.366136
v 8.383101 4.409636 11.366136
v 8.043058 5.003047 11.366136
v 7.661086 5.570368 11.366136
v 3.074371 5.642779 11.366137
v 7.239168 6.108653 11.366136
v 6.779513 6.615097 11.366136
v 6.284508 7.087042 11.366136
v 5.756742 7.522043 11.366136
v 5.198959 7.917833 11.366137
v 4.614076 8.272329 11.366137
v 4.005133 8.583713 11.366137
v 3.375311 8.850332 11.366137
v 2.727892 9.070818 11.366137
v 2.066252 9.244012 11.366137
v 1.393836 9.369019 11.366137
v 0.714158 9.445173 11.366137
v -1.107117 -4.161198 4.736065
v -3.072527 -5.645222 4.736065
v -2.748899 -1.986855 9.278268
v -2.574797 -2.217429 9.265983
v -2.404450 -2.443045 9.205061
v -4.303473 0.071992 4.736065
v -3.732697 -0.683931 7.574814
v -3.717918 -0.703501 7.862955
v -3.674009 -0.761661 8.142815
v -2.748899 -1.986855 5.871374
v -2.921750 -1.757943 5.908100
v -3.088367 -1.537270 5.992782
v -1.681597 -3.400375 7.719404
v -1.681597 -3.400375 7.430222
v -1.711049 -3.361366 7.145202
v -3.602230 -0.856721 8.406327
v -3.504648 -0.985962 8.645920
v -3.384075 -1.145643 8.854698
v -3.243968 -1.331195 9.026664
v -3.088367 -1.537270 9.156845
v -2.921749 -1.757943 9.241528
v -2.242758 -2.657186 9.097239
v -2.094369 -2.853707 8.945610
v -1.963559 -3.026945 8.754566
v -1.854086 -3.171926 8.529556
v -1.769101 -3.284489 8.277101
v -1.711049 -3.361366 8.004438
v -1.769101 -3.284489 6.872526
v -1.854086 -3.171926 6.620070
v -1.963559 -3.026945 6.395075
v -2.094369 -2.853707 6.204017
v -2.242758 -2.657186 6.052387
v -2.404451 -2.443045 5.944565
v -2.574798 -2.217429 5.883645
v -3.243968 -1.331194 6.122977
v -3.384075 -1.145643 6.294929
v -3.504649 -0.985962 6.503707
v -3.602230 -0.856721 6.743299
v -3.674009 -0.761661 7.006813
v -3.717918 -0.703501 7.286672
v 1.694515 3.383262 7.286672
v 1.108961 4.158755 4.736065
v 1.679741 3.402832 7.574813
v 1.694516 3.383262 7.862955
v 1.738428 3.325102 8.142815
v 1.810204 3.230042 8.406327
v 1.907785 3.100815 8.645920
v 2.028362 2.941121 8.854698
v 2.168465 2.755569 9.026664
v 2.324066 2.549494 9.156845
v 2.490688 2.328835 9.241528
v 2.663535 2.099908 9.278268
v 2.837636 1.869335 9.265983
v 3.007987 1.643733 9.205061
v 3.169680 1.429592 9.097239
v 3.318065 1.233070 8.945610
v 3.448878 1.059819 8.754566
v 3.558351 0.914837 8.529556
v 3.643337 0.802289 8.277101
v 3.701388 0.725398 8.004438
v 3.730837 0.686402 7.719404
v 4.305316 -0.074435 4.736064
v 3.730837 0.686402 7.430222
v 3.701388 0.725398 7.145202
v 3.643337 0.802289 6.872526
v 3.558351 0.914837 6.620070
v 3.448878 1.059819 6.395075
v 3.318064 1.233071 6.204016
v 3.169679 1.429592 6.052386
v 3.007986 1.643733 5.944565
v 2.837636 1.869335 5.883644
v 2.663535 2.099908 5.871374
v 2.490687 2.328835 5.908099
v 2.324066 2.549494 5.992782
v 2.168465 2.755569 6.122977
v 2.028362 2.941121 6.294928
v 1.907785 3.100815 6.503706
v 1.810203 3.230042 6.743299
v 1.738428 3.325102 7.006812
v 6.270727 1.409589 4.736064
v -6.268883 -1.412032 4.736065
v 4.759679 3.410796 9.273657
v 4.931431 3.183329 9.224791
v 5.095737 2.965720 9.128445
v 3.074370 5.642779 4.736064
v 3.653468 4.875828 7.791381
v 3.690183 4.827207 8.074075
v 3.755155 4.741167 8.342401
v 4.672547 3.526191 5.869826
v 4.498915 3.756143 5.894354
v 4.330281 3.979476 5.967227
v 5.691625 2.176540 7.791381
v 5.699022 2.166741 7.502460
v 5.676890 2.196052 7.215604
v 4.171490 4.189772 6.086337
v 4.027115 4.380990 6.248272
v 3.901307 4.547607 6.448379
v 3.797687 4.684842 6.680875
v 3.719235 4.788733 6.939098
v 3.668207 4.856316 7.215604
v 3.646075 4.885627 7.502460
v 3.846521 4.620163 8.588656
v 3.961649 4.467681 8.805745
v 4.097229 4.288127 8.987409
v 4.249361 4.086648 9.128445
v 4.413666 3.869039 9.224791
v 4.585419 3.641572 9.273657
v 5.247865 2.764241 8.987409
v 5.383448 2.584687 8.805745
v 5.498576 2.432219 8.588655
v 5.589940 2.311216 8.342400
v 5.654914 2.225161 8.074074
v 5.625863 2.263636 6.939098
v 5.547410 2.367541 6.680875
v 5.443790 2.504775 6.448379
v 5.317982 2.671393 6.248272
v 5.173607 2.862596 6.086337
v 5.014816 3.072891 5.967227
v 4.846178 3.296239 5.894354
v -5.147439 7.951423 4.736066
v -5.707776 7.559261 4.736065
v -6.238358 7.127699 4.736065
v -6.736412 6.658978 4.736065
v -7.199352 6.155525 4.736065
v -7.624756 5.620001 4.736065
v -8.010407 5.055165 4.736065
v -8.354296 4.463966 4.736066
v -8.654629 3.849512 4.736066
v -8.909838 3.214968 4.736066
v -9.118594 2.563687 4.736066
v -9.279814 1.899022 4.736066
v -9.392652 1.224456 4.736066
v -9.456520 0.543517 4.736066
v -9.471089 -0.140270 4.736066
v -9.436278 -0.823305 4.736066
v -9.352276 -1.502061 4.736066
v -9.219507 -2.172985 4.736066
v -9.038682 -2.832591 4.736066
v -8.810724 -3.477412 4.736066
v -8.536834 -4.104107 4.736066
v -8.462500 -4.255275 7.574814
v -8.458836 -4.262617 7.411766
v -8.447714 -4.284673 7.246521
v -8.428953 -4.321413 7.082158
v -8.402359 -4.372824 6.921712
v -8.367851 -4.438470 6.768059
v -8.218434 -4.709413 4.736066
v -8.326002 -4.516446 6.623395
v -8.277619 -4.604554 6.489774
v -8.223506 -4.700538 6.369219
v -8.162542 -4.805571 6.260009
v -8.093520 -4.920894 6.160542
v -8.017106 -5.044469 6.073084
v -7.857194 -5.290162 4.736065
v -7.934000 -5.174260 5.999878
v -7.844982 -5.308113 5.942831
v -7.751555 -5.443526 5.902203
v -7.655426 -5.578014 5.877907
v -7.454988 -5.843319 4.736065
v -7.558336 -5.709004 5.869827
v -7.458876 -5.838231 5.877907
v -7.355816 -5.967458 5.902203
v -7.251101 -6.094358 5.942831
v -7.013908 -6.366023 4.736065
v -7.146698 -6.216590 5.999893
v -7.044578 -6.332029 6.073084
v -6.946614 -6.439316 6.160556
v -6.854568 -6.537251 6.260009
v -6.770211 -6.624608 6.369233
v -6.536269 -6.855543 4.736065
v -6.692676 -6.702901 6.489789
v -6.621161 -6.773535 6.623409
v -6.557595 -6.835120 6.768058
v -6.503880 -6.886271 6.921711
v -6.461705 -6.925916 7.082158
v -6.431497 -6.954013 7.246535
v -6.413322 -6.970736 7.411766
v -6.024549 -7.309305 4.736065
v -6.407252 -6.976271 7.574813
v -4.560265 8.302118 4.736066
v -3.949312 8.609540 4.736066
v -3.317774 8.872070 4.736066
v -2.668936 9.088350 4.736065
v -2.006186 9.257237 4.736065
v -1.332972 9.377865 4.736065
v -0.652813 9.449611 4.736065
v 0.030753 9.472086 4.736065
v 0.714157 9.445173 4.736065
v 1.393836 9.369019 4.736065
v 2.066251 9.244012 4.736065
v 2.727892 9.070818 4.736065
v 3.375310 8.850332 4.736065
v 4.005132 8.583713 4.736065
v 4.614076 8.272329 4.736065
v 5.198958 7.917833 4.736064
v 5.756741 7.522043 4.736064
v 6.284508 7.087042 4.736064
v 6.409544 6.974161 7.574813
v 6.415610 6.968626 7.737861
v 6.433774 6.951903 7.903106
v 6.463971 6.923791 8.067469
v 6.506135 6.884146 8.227929
v 6.559830 6.832981 8.381568
v 6.623377 6.771381 8.526231
v 6.694863 6.700719 8.659852
v 6.772377 6.622396 8.780407
v 6.856697 6.535011 8.889617
v 6.948711 6.437047 8.989084
v 7.046643 6.329731 9.076556
v 7.148723 6.214263 9.149748
v 7.253090 6.092002 9.206795
v 7.357761 5.965059 9.247423
v 7.460785 5.835789 9.271719
v 7.560198 5.706547 9.279799
v 7.657249 5.575513 9.271719
v 7.753327 5.440997 9.247423
v 7.846717 5.305540 9.206795
v 7.935685 5.171673 9.149734
v 8.018752 5.041853 9.076542
v 8.095123 4.918249 8.989084
v 8.164116 4.802911 8.889617
v 8.225044 4.697865 8.780393
v 8.279124 4.601851 8.659852
v 8.327478 4.513729 8.526231
v 8.369307 4.435739 8.381568
v 8.403795 4.370063 8.227915
v 8.430371 4.318653 8.067469
v 8.449121 4.281898 7.903105
v 8.460236 4.259842 7.737860
v 8.463896 4.252500 7.574812
v 8.679438 3.793231 4.736064
v 8.460236 4.259842 7.411765
v 8.383101 4.409636 4.736064
v 8.449121 4.281898 7.246534
v 8.430371 4.318653 7.082156
v 8.403795 4.370063 6.921710
v 8.369307 4.435739 6.768057
v 8.327478 4.513729 6.623408
v 8.279124 4.601851 6.489787
v 8.225044 4.697865 6.369232
v 8.043057 5.003047 4.736064
v 8.164116 4.802911 6.260008
v 8.095123 4.918249 6.160555
v 8.018752 5.041853 6.073083
v 7.935684 5.171673 5.999892
v 7.846717 5.305540 5.942830
v 7.661086 5.570368 4.736064
v 7.753327 5.440997 5.902202
v 7.657248 5.575513 5.877906
v 7.560198 5.706547 5.869826
v 7.460784 5.835789 5.877906
v 7.239168 6.108653 4.736064
v 7.357761 5.965059 5.902202
v 7.253090 6.092002 5.942830
v 7.148723 6.214263 5.999877
v 7.046642 6.329731 6.073083
v 6.779512 6.615097 4.736064
v 6.948710 6.437047 6.160541
v 6.856697 6.535011 6.260008
v 6.772376 6.622396 6.369218
v 6.694863 6.700719 6.489773
v 6.623377 6.771381 6.623394
v 6.559829 6.832981 6.768057
v 6.506135 6.884146 6.921710
v 6.463971 6.923791 7.082157
v 6.433774 6.951903 7.246520
v 6.415610 6.968626 7.411765
v 8.930524 3.157053 4.736064
v 9.135050 2.504414 4.736064
v 9.291951 1.838723 4.736064
v 9.400405 1.163449 4.736064
v 9.459852 0.482105 4.736064
v 9.469980 -0.201754 4.736064
v 9.430736 -0.884558 4.736064
v 9.342324 -1.562751 4.736064
v 9.205206 -2.232807 4.736064
v 9.020095 -2.891214 4.736064
v 8.787960 -3.534545 4.736064
v 8.510009 -4.159449 4.736064
v 8.187685 -4.762673 4.736064
v 7.822681 -5.341066 4.736064
v 7.416890 -5.891607 4.736064
v 6.972428 -6.411436 4.736064
v 6.491620 -6.897833 4.736064
v 5.976966 -7.348271 4.736064
v 5.431151 -7.760407 4.736064
v 4.857018 -8.132074 4.736064
v 4.257566 -8.461350 4.736064
v 3.635915 -8.746500 4.736064
v 2.995307 -8.986064 4.736064
v 2.339087 -9.178770 4.736065
v 1.670667 -9.323636 4.736065
v 0.993540 -9.419880 4.736065
v 0.311235 -9.467012 4.736065
v -0.372697 -9.464801 4.736065
v -1.054684 -9.413232 4.736065
v -1.731172 -9.312593 4.736065
v -2.398633 -9.163392 4.736065
v -3.053589 -8.966422 4.736065
v -3.692628 -8.722710 4.736065
v -4.312412 -8.433528 4.736065
v -4.909718 -8.100364 4.736065
v -5.481422 -7.724968 4.736065
v -6.770210 -6.624608 8.780394
v -6.692676 -6.702901 8.659853
v -6.621161 -6.773535 8.526233
v -7.251101 -6.094358 9.206797
v -7.146698 -6.216590 9.149735
v -7.044578 -6.332029 9.076544
v -7.655426 -5.578014 9.271721
v -7.558336 -5.709004 9.279800
v -7.458875 -5.838231 9.271721
v -8.017106 -5.044469 9.076558
v -7.933999 -5.174260 9.149750
v -7.844981 -5.308113 9.206797
v -8.367851 -4.438470 8.381570
v -8.326002 -4.516446 8.526233
v -8.277619 -4.604554 8.659854
v -8.458836 -4.262617 7.737862
v -8.447714 -4.284673 7.903107
v -8.428953 -4.321413 8.067471
v -8.402359 -4.372824 8.227931
v -8.223506 -4.700538 8.780409
v -8.162542 -4.805571 8.889619
v -8.093520 -4.920894 8.989086
v -7.751555 -5.443526 9.247425
v -7.355815 -5.967458 9.247425
v -6.946613 -6.439316 8.989085
v -6.854567 -6.537251 8.889618
v -6.557595 -6.835120 8.381570
v -6.503879 -6.886271 8.227917
v -6.461705 -6.925916 8.067471
v -6.431497 -6.954013 7.903107
v -6.413322 -6.970736 7.737862
v -0.966161 1.041752 8.525914
v -0.856167 1.133892 8.514973
v -0.737437 1.214455 8.525914
v -0.613474 1.281547 8.556584
v -0.485526 1.335284 8.603442
v -0.354626 1.375855 8.662194
v -0.221728 1.403316 8.728564
v -0.088128 1.417885 8.798966
v 0.044535 1.419981 8.870395
v 0.174626 1.410037 8.939843
v 0.303604 1.387851 9.006169
v 0.435017 1.352253 9.070126
v 0.566322 1.302851 9.129269
v 0.694848 1.239314 9.181026
v 0.817990 1.161469 9.223013
v 0.933512 1.070572 9.253942
v 1.039325 0.968430 9.273108
v 1.133344 0.856894 9.279799
v 1.215030 0.736035 9.273527
v 1.284475 0.606360 9.254766
v 1.340474 0.470369 9.224241
v 1.381825 0.330576 9.182644
v 1.407924 0.189483 9.131234
v 1.419631 0.049546 9.072409
v 1.418020 -0.086749 9.008727
v 1.404141 -0.217046 8.942661
v 1.378154 -0.345030 8.873502
v 1.339849 -0.472205 8.802348
v 1.289262 -0.596879 8.732206
v 1.226437 -0.717347 8.666097
v 1.151530 -0.832295 8.607590
v 1.064737 -0.940781 8.560964
v 0.966195 -1.041723 8.530453
v 0.856169 -1.133892 8.519584
v 0.856169 -1.133892 6.630043
v 0.966194 -1.041723 6.619174
v 1.064737 -0.940781 6.588677
v 1.151529 -0.832295 6.542037
v 1.226437 -0.717347 6.483530
v 1.289262 -0.596879 6.417420
v 1.339849 -0.472205 6.347292
v 1.378154 -0.345030 6.276124
v 1.404141 -0.217046 6.206965
v 1.418020 -0.086749 6.140899
v 1.419631 0.049546 6.077218
v 1.407924 0.189483 6.018393
v 1.381825 0.330576 5.966982
v 1.340474 0.470369 5.925385
v 1.284474 0.606360 5.894860
v 1.215030 0.736035 5.876100
v 1.133343 0.856894 5.869827
v 1.039325 0.968430 5.876519
v 0.933512 1.070572 5.895699
v 0.817990 1.161469 5.926629
v 0.694848 1.239314 5.968601
v 0.566321 1.302851 6.020359
v 0.435017 1.352253 6.079501
v 0.303603 1.387851 6.143457
v 0.174626 1.410037 6.209798
v 0.044535 1.419981 6.279232
v -0.088129 1.417885 6.350660
v -0.221728 1.403316 6.421062
v -0.354626 1.375855 6.487432
v -0.485526 1.335284 6.546185
v -0.613474 1.281547 6.593042
v -0.737437 1.214455 6.623713
v -0.856167 1.133892 6.634654
v -0.966161 1.041752 6.623713
v -1.064628 0.940897 6.593042
v -1.151344 0.832555 6.546199
v -1.226190 0.717766 6.487432
v -1.288990 0.597471 6.421077
v -1.339580 0.472956 6.350675
v -1.377921 0.345940 6.279246
v -1.403974 0.218100 6.209798
v -1.417946 0.087977 6.143472
v -1.419681 -0.048159 6.079501
v -1.408122 -0.187980 6.020373
v -1.382203 -0.328987 5.968601
v -1.341048 -0.468736 5.926629
v -1.285243 -0.604742 5.895699
v -1.215972 -0.734475 5.876519
v -1.134441 -0.855434 5.869827
v -1.040574 -0.967086 5.876100
v -0.934862 -1.069387 5.894860
v -0.819402 -1.160472 5.925385
v -0.696274 -1.238520 5.966982
v -0.567712 -1.302244 6.018393
v -0.436327 -1.351819 6.077218
v -0.304798 -1.387591 6.140899
v -0.175683 -1.409907 6.206965
v -0.045477 -1.419952 6.276124
v 0.087328 -1.417929 6.347278
v 0.221089 -1.403418 6.417420
v 0.354158 -1.375971 6.483530
v 0.485228 -1.335400 6.542037
v 0.613331 -1.281620 6.588663
v 0.737398 -1.214484 6.619174
v -1.064627 0.940897 8.556584
v -1.151344 0.832554 8.603442
v -1.226190 0.717766 8.662194
v -1.288990 0.597471 8.728564
v -1.339580 0.472956 8.798952
v -1.377921 0.345940 8.870380
v -1.403973 0.218100 8.939829
v -1.417946 0.087977 9.006155
v -1.419680 -0.048159 9.070126
v -1.408121 -0.187980 9.129269
v -1.382203 -0.328987 9.181026
v -1.341047 -0.468736 9.222998
v -1.285243 -0.604742 9.253942
v -1.215972 -0.734475 9.273108
v -1.134441 -0.855434 9.279799
v -1.040573 -0.967086 9.273527
v -0.934862 -1.069387 9.254766
v -0.819401 -1.160472 9.224241
v -0.696274 -1.238520 9.182644
v -0.567711 -1.302245 9.131234
v -0.436327 -1.351819 9.072423
v -0.304798 -1.387591 9.008742
v -0.175683 -1.409907 8.942676
v -0.045477 -1.419952 8.873502
v 0.087328 -1.417929 8.802348
v 0.221090 -1.403418 8.732206
v 0.354158 -1.375971 8.666111
v 0.485228 -1.335400 8.607590
v 0.613331 -1.281620 8.560964
v 0.737399 -1.214484 8.530453
v -4.714308 -3.470879 9.278268
v -4.887159 -3.241967 9.241528
v -5.053777 -3.021294 9.156845
v -3.647006 -4.884399 7.719405
v -3.676455 -4.845389 8.004438
v -3.734510 -4.768512 8.277101
v -4.714309 -3.470879 5.871374
v -4.540207 -3.701452 5.883645
v -4.369861 -3.927054 5.944566
v -5.698107 -2.167955 7.574814
v -5.683328 -2.187525 7.286672
v -5.639419 -2.245685 7.006813
v -5.567640 -2.340744 6.743299
v -5.470058 -2.469972 6.503707
v -5.349482 -2.629667 6.294929
v -5.209378 -2.815218 6.122977
v -5.053777 -3.021294 5.992782
v -4.887159 -3.241967 5.908100
v -4.208168 -4.141209 6.052387
v -4.059779 -4.337731 6.204017
v -3.928969 -4.510969 6.395076
v -3.819496 -4.655950 6.620070
v -3.734510 -4.768512 6.872527
v -3.676455 -4.845389 7.145203
v -3.647006 -4.884399 7.430222
v -3.819496 -4.655950 8.529556
v -3.928969 -4.510969 8.754566
v -4.059779 -4.337731 8.945610
v -4.208167 -4.141209 9.097239
v -4.369860 -3.927054 9.205061
v -4.540207 -3.701452 9.265983
v -5.209378 -2.815218 9.026664
v -5.349481 -2.629667 8.854698
v -5.470058 -2.469972 8.645921
v -5.567639 -2.340744 8.406328
v -5.639419 -2.245685 8.142816
v -5.683328 -2.187525 7.862955
v -6.364990 9.129151 4.736066
v -6.442554 9.085286 4.736066
v -6.526990 9.056726 4.736066
v -6.153740 9.314313 4.736066
v -6.210347 9.245559 4.736066
v -6.278848 9.188613 4.736066
v -4.343884 10.390493 4.736066
v -4.422825 10.431671 4.736066
v -6.072650 9.565700 4.736066
v -4.492721 10.486940 4.736066
v -6.078410 9.654602 4.736066
v -4.550993 10.554293 4.736066
v -6.100740 9.740889 4.736066
v -4.595643 10.631372 4.736066
v -6.138824 9.821451 4.736066
v -4.681713 10.782424 4.736066
v -6.200078 9.941111 4.736066
v -4.738605 10.861758 4.736066
v -6.255853 10.085773 4.736066
v -4.807215 10.949764 4.736066
v -6.307300 10.259243 4.736066
v -4.968427 11.139291 4.736066
v -6.355574 10.465275 4.736066
v -5.139352 11.316084 4.736066
v -6.399938 10.704708 4.736066
v -5.316644 11.479897 4.736066
v -6.434417 10.970678 4.736066
v -5.497339 11.631123 4.736066
v -6.456538 11.262202 4.736066
v -6.263629 11.688473 4.736066
v -6.464126 11.578801 4.736066
v -4.081098 10.363090 4.736066
v -4.169910 10.355574 4.736066
v -4.258516 10.364810 4.736066
v -3.817278 10.463136 4.736066
v -3.897418 10.424228 4.736066
v -3.930079 10.411957 4.736066
v -3.638819 10.657749 4.736066
v -3.685640 10.582028 4.736066
v -3.745864 10.516353 4.736066
v -1.570490 11.052571 4.736065
v -1.654309 11.082749 4.736065
v -1.731049 11.128133 4.736065
v -1.289482 11.054030 4.736065
v -1.324130 11.049940 4.736065
v -1.358767 11.045734 4.736065
v -1.046099 11.156563 4.736065
v -1.120291 11.107204 4.736065
v -1.202364 11.072632 4.736065
v 1.046038 11.156606 4.736065
v 0.982389 11.219030 4.736065
v 0.931625 11.292178 4.736065
v 1.289482 11.054030 4.736065
v 1.202340 11.072647 4.736065
v 1.120202 11.107248 4.736065
v 1.570394 11.052557 4.736065
v 1.482431 11.038624 4.736065
v 1.393391 11.041428 4.736065
v 3.638733 10.657923 4.736065
v 3.606946 10.741088 4.736065
v 1.797788 11.186944 4.736065
v 1.852425 11.257302 4.736065
v 3.591283 10.828819 4.736065
v 3.592320 10.917866 4.736065
v 3.817257 10.463150 4.736065
v 3.745789 10.516411 4.736065
v 3.685594 10.582087 4.736065
v 4.081070 10.363104 4.736065
v 3.995289 10.387111 4.736065
v 3.962704 10.399585 4.736065
v 4.343701 10.390421 4.736065
v 4.258437 10.364795 4.736065
v 4.169809 10.355559 4.736065
v 6.153687 9.314400 4.736065
v 6.110956 9.392564 4.736065
v 6.083607 9.477419 4.736065
v 6.364991 9.129151 4.736065
v 6.336341 9.149054 4.736065
v 6.307626 9.168884 4.736065
v 6.615153 9.044498 4.736065
v 6.526890 9.056755 4.736065
v 6.442533 9.085300 4.736065
v 8.181173 7.657197 4.736064
v 8.174926 7.746128 4.736064
v 8.185431 7.834538 4.736064
v 8.295377 7.418977 4.736064
v 8.242484 7.490694 4.736064
v 8.203956 7.571069 4.736064
v 8.504653 7.231589 4.736064
v 8.429579 7.279502 4.736064
v 8.364785 7.340625 4.736064
v 9.791143 5.564645 4.736064
v 9.822500 5.647983 4.736064
v 8.763979 7.181393 4.736064
v 8.851533 7.197826 4.736064
v 9.868946 5.724021 4.736064
v 8.934506 7.230390 4.736064
v 9.928772 5.789986 4.736064
v 9.009888 7.277912 4.736064
v 9.999915 5.843608 4.736064
v 9.121290 7.353142 4.736064
v 10.139494 5.947253 4.736064
v 10.211396 6.013290 4.736064
v 9.795613 5.300467 4.736064
v 9.777438 5.387736 4.736064
v 9.775928 5.476812 4.736064
v 9.926730 5.050641 4.736064
v 9.878449 5.125509 4.736064
v 9.862329 5.156454 4.736064
v 10.141435 4.896945 4.736064
v 10.060616 4.934292 4.736064
v 9.988157 4.986165 4.736064
v 10.782692 2.891285 4.736064
v 10.802544 2.978121 4.736064
v 10.838341 3.059768 4.736064
v 10.818012 2.612496 4.736064
v 10.809767 2.646403 4.736064
v 10.801420 2.680282 4.736064
v 10.949126 2.383251 4.736064
v 10.891186 2.450951 4.736064
v 10.846973 2.528262 4.736064
v 11.201354 0.306367 4.736064
v 11.255649 0.377073 4.736064
v 11.322141 0.436288 4.736064
v 11.128871 0.052335 4.736064
v 11.136838 0.141093 4.736064
v 11.161293 0.226801 4.736064
v 11.161258 -0.226700 4.736064
v 11.136831 -0.141065 4.736064
v 11.128871 -0.052336 4.736064
v 11.018820 -2.327534 4.736064
v 11.255515 -0.376928 4.736064
v 11.201311 -0.306309 4.736064
v 10.846984 -2.528233 4.736064
v 10.891244 -2.450865 4.736064
v 10.949180 -2.383194 4.736064
v 10.779458 -2.802181 4.736064
v 10.792961 -2.714132 4.736064
v 10.801420 -2.680282 4.736064
v 10.838243 -3.059609 4.736064
v 10.802519 -2.978049 4.736064
v 10.782678 -2.891185 4.736064
v 9.988233 -4.986093 4.736064
v 10.060683 -4.934248 4.736064
v 10.141619 -4.896872 4.736064
v 9.829806 -5.218184 4.736064
v 9.846117 -5.187341 4.736064
v 9.862329 -5.156454 4.736064
v 9.775925 -5.476725 4.736064
v 9.777450 -5.387635 4.736064
v 9.795621 -5.300452 4.736064
v 8.587493 -7.198549 4.736064
v 8.675026 -7.181624 4.736064
v 8.764058 -7.181393 4.736064
v 8.364785 -7.340625 4.736064
v 8.429601 -7.279488 4.736064
v 8.504744 -7.231546 4.736064
v 8.203988 -7.570968 4.736064
v 8.242499 -7.490665 4.736064
v 8.295377 -7.418977 4.736064
v 6.704268 -9.049008 4.736064
v 6.790768 -9.070095 4.736064
v 8.174919 -7.745925 4.736064
v 8.185412 -7.834452 4.736064
v 6.871862 -9.107038 4.736064
v 8.212284 -7.919394 4.736064
v 6.944559 -9.158478 4.736064
v 8.254611 -7.997832 4.736064
v 7.006357 -9.222636 4.736064
v 8.310867 -8.066934 4.736064
v 7.126074 -9.348698 4.736064
v 8.398978 -8.168468 4.736064
v 7.200303 -9.412119 4.736064
v 8.487758 -8.295586 4.736064
v 7.287977 -9.481133 4.736064
v 8.579222 -8.451681 4.736064
v 7.489864 -9.626577 4.736064
v 8.675398 -8.640182 4.736064
v 7.698130 -9.757337 4.736064
v 8.775769 -8.862040 4.736064
v 7.909470 -9.873960 4.736064
v 8.872899 -9.112039 4.736064
v 8.121109 -9.977548 4.736064
v 8.964143 -9.389803 4.736064
v 8.878860 -9.849853 4.736064
v 9.047278 -9.695375 4.736064
v 6.442558 -9.085286 4.736064
v 6.526991 -9.056726 4.736064
v 6.615232 -9.044498 4.736064
v 6.210351 -9.245559 4.736064
v 6.278849 -9.188613 4.736064
v 6.307626 -9.168884 4.736064
v 6.083650 -9.477231 4.736064
v 6.110989 -9.392491 4.736064
v 6.153745 -9.314313 4.736064
v 4.169911 -10.355574 4.736064
v 4.258517 -10.364810 4.736064
v 4.343885 -10.390493 4.736064
v 3.897418 -10.424228 4.736064
v 3.930079 -10.411971 4.736064
v 3.962704 -10.399585 4.736064
v 3.685641 -10.582028 4.736064
v 3.745865 -10.516353 4.736064
v 3.817282 -10.463136 4.736064
v 1.654310 -11.082749 4.736065
v 1.731050 -11.128133 4.736065
v 1.797842 -11.187001 4.736065
v 1.482456 -11.038624 4.736065
v 1.570491 -11.052571 4.736065
v 1.120292 -11.107204 4.736065
v 1.202365 -11.072632 4.736065
v 1.289482 -11.054030 4.736065
v -0.982388 -11.219030 4.736065
v -0.931621 -11.292178 4.736065
v 0.931662 -11.292106 4.736065
v -0.895419 -11.373593 4.736065
v 0.895452 -11.373507 4.736065
v -0.875116 -11.460313 4.736065
v 0.875120 -11.460284 4.736065
v -0.871405 -11.549316 4.736065
v 0.871406 -11.549316 4.736065
v -0.865392 -11.723060 4.736065
v 0.870033 -11.683732 4.736065
v -0.851886 -11.819753 4.736065
v 0.852190 -11.837747 4.736065
v -0.832030 -11.929554 4.736065
v 0.817133 -12.015248 4.736065
v -0.777361 -12.172298 4.736065
v 0.764130 -12.220124 4.736065
v -0.708173 -12.408263 4.736065
v 0.692138 -12.452750 4.736065
v -0.627321 -12.635715 4.736065
v 0.599062 -12.704282 4.736065
v -0.537602 -12.853599 4.736065
v 0.483168 -12.972694 4.736065
v 0.114265 -13.260489 4.736065
v 0.342761 -13.256543 4.736065
v -1.120201 -11.107248 4.736065
v -1.046037 -11.156606 4.736065
v -1.482430 -11.038624 4.736065
v -1.393390 -11.041428 4.736065
v -1.358767 -11.045734 4.736065
v -1.730890 -11.128017 4.736065
v -1.654237 -11.082721 4.736065
v -1.570389 -11.052557 4.736065
v -3.685593 -10.582087 4.736065
v -3.638732 -10.657923 4.736065
v -3.606946 -10.741088 4.736065
v -3.962703 -10.399585 4.736065
v -3.930079 -10.411971 4.736065
v -3.897418 -10.424228 4.736065
v -4.258436 -10.364795 4.736065
v -4.169808 -10.355559 4.736065
v -4.081069 -10.363104 4.736065
v -6.083606 -9.477419 4.736065
v -6.072650 -9.565772 4.736065
v -4.422756 -10.431627 4.736065
v -4.492645 -10.486868 4.736065
v -6.078431 -9.654703 4.736065
v -4.550979 -10.554264 4.736065
v -6.100747 -9.740917 4.736065
v -4.595643 -10.631372 4.736065
v -6.138824 -9.821451 4.736065
v -4.659325 -10.749760 4.736065
v -6.214249 -9.978097 4.736065
v -6.247224 -10.069976 4.736065
v -6.210332 -9.245587 4.736065
v -6.153683 -9.314400 4.736065
v -6.110959 -9.392564 4.736065
v -6.526889 -9.056755 4.736065
v -6.442532 -9.085300 4.736065
v -6.364990 -9.129151 4.736065
v -6.704072 -9.048979 4.736065
v -6.615148 -9.044498 4.736065
v -8.203952 -7.571069 4.736066
v -8.181173 -7.657197 4.736065
v -8.174923 -7.746128 4.736065
v -8.429583 -7.279502 4.736066
v -8.364789 -7.340625 4.736066
v -8.341728 -7.366815 4.736066
v -8.674827 -7.181653 4.736066
v -8.587420 -7.198578 4.736066
v -8.504653 -7.231589 4.736066
v -9.775931 -5.476812 4.736066
v -9.791143 -5.564645 4.736066
v -9.822500 -5.647983 4.736066
v -9.846117 -5.187341 4.736066
v -9.829806 -5.218184 4.736066
v -9.795609 -5.300467 4.736066
v -10.060612 -4.934292 4.736066
v -9.988157 -4.986165 4.736066
v -9.926730 -5.050641 4.736066
v -10.838338 -3.059768 4.736066
v -10.888729 -3.133177 4.736066
v -10.227930 -4.875351 4.736066
v -10.316876 -4.870365 4.736066
v -10.952020 -3.195904 4.736066
v -10.405230 -4.882130 4.736066
v -11.025898 -3.245638 4.736066
v -10.489796 -4.910227 4.736066
v -11.107798 -3.280673 4.736066
v -10.615966 -4.956608 4.736066
v -11.268128 -3.347895 4.736066
v -11.353743 -3.394811 4.736066
v -10.779455 -2.802210 4.736066
v -10.782692 -2.891286 4.736066
v -10.802544 -2.978122 4.736066
v -10.891186 -2.450951 4.736066
v -10.846973 -2.528262 4.736066
v -10.818009 -2.612496 4.736066
v -11.018658 -2.327636 4.736066
v -10.949122 -2.383252 4.736066
v -11.161297 -0.226802 4.736066
v -11.201354 -0.306367 4.736066
v -11.255649 -0.377073 4.736066
v -11.136835 0.141064 4.736066
v -11.128871 0.052335 4.736066
v -11.128980 0.017445 4.736066
v -11.201311 0.306309 4.736066
v -11.161261 0.226700 4.736066
v -10.949180 2.383193 4.736066
v -11.018824 2.327534 4.736066
v -11.097550 2.285952 4.736066
v -10.818009 2.612496 4.736066
v -10.846988 2.528233 4.736066
v -10.891244 2.450864 4.736066
v -10.802523 2.978049 4.736066
v -10.782678 2.891184 4.736066
v -10.779455 2.802181 4.736066
v -10.141623 4.896872 4.736066
v -10.228010 4.875337 4.736066
v -10.888679 3.133118 4.736066
v -10.951941 3.195832 4.736066
v -10.316978 4.870365 4.736066
v -10.405258 4.882130 4.736066
v -9.926744 5.050612 4.736066
v -9.988236 4.986093 4.736066
v -10.060683 4.934248 4.736066
v -9.777450 5.387635 4.736066
v -9.795624 5.300452 4.736066
v -9.829806 5.218184 4.736066
v -9.791093 5.564457 4.736066
v -9.775925 5.476725 4.736066
v -8.504747 7.231546 4.736066
v -8.587493 7.198549 4.736066
v -8.675022 7.181624 4.736066
v -8.242499 7.490665 4.736066
v -8.295377 7.418977 4.736066
v -8.318596 7.392932 4.736066
v -8.181188 7.657110 4.736065
v -8.203988 7.570968 4.736066
v -6.615228 9.044498 4.736066
v -6.704268 9.049008 4.736066
v -6.790771 9.070095 4.736066
v -3.645760 -11.175308 4.736065
v -1.917847 -11.422257 4.736065
v -3.610013 -11.005178 4.736065
v -1.892937 -11.336695 4.736065
v -3.592319 -10.917866 4.736065
v -1.852424 -11.257302 4.736065
v -3.591282 -10.828819 4.736065
v -1.797787 -11.186944 4.736065
v -1.951350 -11.552439 4.736065
v -3.655783 -11.272421 4.736065
v -2.005535 -11.697709 4.736065
v -3.662782 -11.383782 4.736065
v -2.082051 -11.861668 4.736065
v -3.667794 -11.632553 4.736065
v -2.182538 -12.047898 4.736065
v -3.657088 -11.878231 4.736065
v -2.308112 -12.256532 4.736065
v -3.633016 -12.118416 4.736065
v -2.458676 -12.478477 4.736065
v -3.598046 -12.351433 4.736065
v -2.635440 -12.711364 4.736065
v -3.062500 -12.902509 4.736065
v -2.839702 -12.953370 4.736065
v -3.505299 -12.789310 4.736065
v -3.284387 -12.847817 4.736065
v -1.324130 -11.049940 4.736065
v -1.289482 -11.054030 4.736065
v -1.202339 -11.072647 4.736065
v -0.342760 -13.256543 4.736065
v -0.114264 -13.260489 4.736065
v 0.982516 -11.218885 4.736065
v 1.046099 -11.156563 4.736065
v 1.324134 -11.049940 4.736065
v 1.358768 -11.045734 4.736065
v 1.393391 -11.041428 4.736065
v 3.606968 -10.741015 4.736064
v 1.852479 -11.257389 4.736065
v 3.591290 -10.828718 4.736064
v 1.892945 -11.336723 4.736065
v 3.592316 -10.917837 4.736064
v 1.917848 -11.422257 4.736065
v 3.610014 -11.005178 4.736064
v 1.965266 -11.589511 4.736065
v 3.640854 -11.136010 4.736064
v 2.001518 -11.680162 4.736065
v 3.660388 -11.289823 4.736064
v 2.047079 -11.782029 4.736065
v 3.668828 -11.470560 4.736064
v 2.158250 -12.004625 4.736065
v 3.666393 -11.682157 4.736064
v 2.281898 -12.217190 4.736065
v 3.652160 -11.925247 4.736064
v 2.414833 -12.418670 4.736065
v 3.621989 -12.191752 4.736064
v 2.554087 -12.608745 4.736065
v 3.573697 -12.480096 4.736064
v 3.284388 -12.847817 4.736064
v 3.505300 -12.789310 4.736064
v 2.839703 -12.953370 4.736064
v 3.062501 -12.902509 4.736064
v 3.638820 -10.657749 4.736064
v 3.995289 -10.387111 4.736064
v 4.081099 -10.363090 4.736064
v 4.422826 -10.431671 4.736064
v 6.072651 -9.565700 4.736064
v 4.492722 -10.486940 4.736064
v 6.078414 -9.654602 4.736064
v 4.550994 -10.554293 4.736064
v 6.100741 -9.740889 4.736064
v 4.595644 -10.631372 4.736064
v 6.138825 -9.821451 4.736064
v 4.681714 -10.782424 4.736064
v 6.200078 -9.941111 4.736064
v 4.738605 -10.861758 4.736064
v 6.255854 -10.085773 4.736064
v 4.807216 -10.949764 4.736064
v 6.307304 -10.259243 4.736064
v 4.968428 -11.139291 4.736064
v 6.355575 -10.465275 4.736064
v 5.139353 -11.316084 4.736064
v 6.399936 -10.704708 4.736064
v 5.316645 -11.479897 4.736064
v 6.434414 -10.970678 4.736064
v 5.497340 -11.631123 4.736064
v 6.456535 -11.262202 4.736064
v 6.263634 -11.688473 4.736064
v 6.464127 -11.578801 4.736064
v 5.857130 -11.897382 4.736064
v 6.061280 -11.794676 4.736064
v 6.336341 -9.149054 4.736064
v 6.364991 -9.129151 4.736064
v 8.534160 -10.149961 4.736064
v 8.707802 -10.001395 4.736064
v 8.181188 -7.657110 4.736064
v 8.318592 -7.392932 4.736064
v 8.341732 -7.366815 4.736064
v 9.822468 -5.647910 4.736064
v 8.851634 -7.197855 4.736064
v 9.868884 -5.723948 4.736064
v 8.934527 -7.230404 4.736064
v 9.928754 -5.789971 4.736064
v 9.009888 -7.277912 4.736064
v 9.999915 -5.843608 4.736064
v 9.156296 -7.371671 4.736064
v 10.109760 -5.921092 4.736064
v 9.243540 -7.415479 4.736064
v 10.226380 -6.023277 4.736064
v 9.345186 -7.461513 4.736064
v 10.352547 -6.152952 4.736064
v 9.576014 -7.554404 4.736064
v 10.491035 -6.312951 4.736064
v 9.809518 -7.631513 4.736064
v 10.641588 -6.504342 4.736064
v 10.042628 -7.694182 4.736064
v 10.795722 -6.723830 4.736064
v 10.272909 -7.744119 4.736064
v 10.950788 -6.971690 4.736064
v 10.978080 -7.438778 4.736064
v 11.104636 -7.248500 4.736064
v 10.715217 -7.812671 4.736064
v 10.848260 -7.626859 4.736064
v 9.791093 -5.564457 4.736064
v 9.878449 -5.125509 4.736064
v 9.926748 -5.050612 4.736064
v 10.228010 -4.875337 4.736064
v 10.888675 -3.133119 4.736064
v 10.951941 -3.195832 4.736064
v 10.316981 -4.870365 4.736064
v 10.405254 -4.882130 4.736064
v 11.025873 -3.245624 4.736064
v 10.489792 -4.910227 4.736064
v 11.107801 -3.280673 4.736064
v 10.654387 -4.966219 4.736064
v 11.233000 -3.329612 4.736064
v 10.749579 -4.987870 4.736064
v 11.370683 -3.400910 4.736064
v 10.859287 -5.008235 4.736064
v 11.524220 -3.496634 4.736064
v 11.105641 -5.043198 4.736064
v 11.696974 -3.618837 4.736064
v 11.350813 -5.062189 4.736064
v 11.888953 -3.768646 4.736064
v 11.592147 -5.067248 4.736064
v 12.091137 -3.944861 4.736064
v 11.827682 -5.060614 4.736064
v 12.301014 -4.148407 4.736064
v 12.439292 -4.595390 4.736064
v 12.516636 -4.380354 4.736064
v 12.273545 -5.021330 4.736064
v 12.358256 -4.809068 4.736064
v 10.809767 -2.646404 4.736064
v 10.818012 -2.612496 4.736064
v 11.097550 -2.285952 4.736064
v 11.322076 -0.436245 4.736064
v 11.398512 -0.482004 4.736064
v 11.182742 -2.259820 4.736064
v 11.482211 -0.512645 4.736064
v 11.271269 -2.250122 4.736064
v 11.570146 -0.527069 4.736064
v 11.360070 -2.257161 4.736064
v 11.703420 -0.544630 4.736064
v 11.533282 -2.272149 4.736064
v 11.630893 -2.270386 4.736064
v 11.854164 -0.580908 4.736064
v 11.742289 -2.263911 4.736064
v 12.026148 -0.637103 4.736064
v 11.989848 -2.238906 4.736064
v 12.223125 -0.714413 4.736064
v 12.232440 -2.198668 4.736064
v 12.445381 -0.813924 4.736064
v 12.467972 -2.145813 4.736064
v 12.683857 -0.936633 4.736064
v 12.695077 -2.083013 4.736064
v 12.936346 -1.084043 4.736064
v 13.177579 -1.484949 4.736064
v 13.201210 -1.257641 4.736064
v 13.118581 -1.938162 4.736064
v 13.150031 -1.711808 4.736064
v 11.128983 -0.017445 4.736064
v 11.128983 0.017445 4.736064
v 11.398602 0.482047 4.736064
v 11.182641 2.259849 4.736064
v 11.097475 2.285980 4.736064
v 11.018658 2.327635 4.736064
v 11.271243 2.250122 4.736064
v 11.482237 0.512659 4.736064
v 11.360070 2.257161 4.736064
v 11.570146 0.527069 4.736064
v 11.493676 2.272004 4.736064
v 11.741905 0.553981 4.736064
v 11.836260 0.579043 4.736064
v 11.648725 2.272857 4.736064
v 11.942867 0.611982 4.736064
v 11.829156 2.259459 4.736064
v 12.177250 0.695508 4.736064
v 12.038914 2.231535 4.736064
v 12.403163 0.792634 4.736064
v 12.278524 2.188103 4.736064
v 12.619200 0.900312 4.736064
v 12.539439 2.126026 4.736064
v 12.824679 1.015649 4.736064
v 12.819866 2.043324 4.736064
v 13.150031 1.711808 4.736064
v 13.118581 1.938161 4.736064
v 13.201210 1.257641 4.736064
v 13.177579 1.484949 4.736064
v 10.792961 2.714131 4.736064
v 10.779458 2.802210 4.736064
v 10.888725 3.133176 4.736064
v 10.227934 4.875351 4.736064
v 10.316879 4.870365 4.736064
v 10.952020 3.195904 4.736064
v 10.405230 4.882130 4.736064
v 11.025895 3.245638 4.736064
v 10.489792 4.910227 4.736064
v 11.107801 3.280673 4.736064
v 10.615966 4.956608 4.736064
v 11.268128 3.347895 4.736064
v 11.353746 3.394810 4.736064
v 10.766302 4.994533 4.736064
v 11.449373 3.452320 4.736064
v 10.944699 5.024697 4.736064
v 11.656952 3.589511 4.736064
v 11.155046 5.047794 4.736064
v 11.853059 3.737875 4.736064
v 11.398086 5.062955 4.736064
v 12.037049 3.894130 4.736064
v 11.666274 5.065138 4.736064
v 12.208957 4.055284 4.736064
v 11.958344 5.051956 4.736064
v 12.358256 4.809068 4.736064
v 12.273545 5.021330 4.736064
v 12.516636 4.380354 4.736064
v 12.439292 4.595390 4.736064
v 9.846117 5.187341 4.736064
v 9.829806 5.218184 4.736064
v 9.258184 7.425943 4.736064
v 10.290481 6.092017 4.736064
v 9.424177 7.497935 4.736064
v 10.459198 6.274895 4.736064
v 9.622886 7.570679 4.736064
v 10.614094 6.465881 4.736064
v 9.855229 7.643581 4.736064
v 10.755346 6.661623 4.736064
v 10.115108 7.709864 4.736064
v 10.883696 6.859228 4.736064
v 10.401847 7.766969 4.736064
v 10.848260 7.626859 4.736064
v 10.715217 7.812671 4.736064
v 11.104636 7.248500 4.736064
v 10.978080 7.438778 4.736064
v 8.674827 7.181653 4.736064
v 8.587417 7.198578 4.736064
v 8.341732 7.366815 4.736064
v 8.318592 7.392932 4.736064
v 8.212324 7.919481 4.736064
v 6.871772 9.106980 4.736065
v 6.790696 9.070066 4.736065
v 6.704073 9.048979 4.736065
v 6.944537 9.158463 4.736065
v 8.254625 7.997861 4.736064
v 7.006357 9.222636 4.736065
v 8.310867 8.066934 4.736064
v 7.096521 9.322335 4.736065
v 8.421587 8.200974 4.736064
v 8.475595 8.282303 4.736064
v 7.212014 9.425792 4.736065
v 8.533545 8.377666 4.736064
v 7.355958 9.535406 4.736065
v 8.653591 8.595607 4.736064
v 7.531479 9.653605 4.736065
v 8.758284 8.818116 4.736064
v 7.739629 9.779984 4.736065
v 8.848585 9.041969 4.736064
v 7.976089 9.906538 4.736065
v 8.925910 9.264550 4.736064
v 8.240829 10.030605 4.736064
v 8.707802 10.001395 4.736064
v 8.534160 10.149961 4.736064
v 9.047278 9.695375 4.736064
v 8.878860 9.849853 4.736064
v 6.278849 9.188613 4.736065
v 6.210333 9.245587 4.736065
v 6.072648 9.565772 4.736065
v 4.422761 10.431627 4.736065
v 4.492646 10.486868 4.736065
v 6.078429 9.654703 4.736065
v 4.550980 10.554264 4.736065
v 6.100748 9.740917 4.736065
v 4.595644 10.631372 4.736065
v 6.138825 9.821451 4.736065
v 4.659329 10.749760 4.736065
v 6.214250 9.978097 4.736065
v 6.247222 10.069976 4.736065
v 4.746703 10.877845 4.736065
v 6.280671 10.176439 4.736065
v 4.860234 11.018722 4.736065
v 6.345067 10.416769 4.736065
v 5.002368 11.175482 4.736065
v 6.393468 10.657866 4.736065
v 5.174225 11.348011 4.736065
v 6.427574 10.896836 4.736065
v 5.373529 11.527477 4.736065
v 6.449388 11.131457 4.736065
v 5.600887 11.711280 4.736065
v 6.061280 11.794676 4.736065
v 5.857130 11.897382 4.736065
v 6.464127 11.578801 4.736065
v 6.263634 11.688473 4.736065
v 3.930079 10.411957 4.736065
v 3.897418 10.424228 4.736065
v 1.892938 11.336695 4.736065
v 3.610014 11.005164 4.736065
v 1.917848 11.422257 4.736065
v 3.645761 11.175308 4.736065
v 1.951351 11.552439 4.736065
v 3.655784 11.272421 4.736065
v 2.005536 11.697709 4.736065
v 3.662783 11.383782 4.736065
v 2.082052 11.861668 4.736065
v 3.667795 11.632553 4.736065
v 2.182539 12.047884 4.736065
v 3.657092 11.878231 4.736065
v 2.308113 12.256532 4.736065
v 3.633017 12.118416 4.736065
v 2.458677 12.478477 4.736065
v 3.598047 12.351433 4.736065
v 2.635441 12.711364 4.736065
v 3.062501 12.902509 4.736065
v 2.839703 12.953370 4.736065
v 3.505300 12.789310 4.736065
v 3.284388 12.847817 4.736065
v 1.730891 11.128017 4.736065
v 1.654237 11.082721 4.736065
v 1.358768 11.045734 4.736065
v 1.324134 11.049940 4.736065
v -0.931661 11.292106 4.736065
v 0.895420 11.373593 4.736065
v -0.895452 11.373507 4.736065
v 0.875117 11.460313 4.736065
v -0.875119 11.460284 4.736065
v 0.871406 11.549316 4.736065
v -0.871405 11.549316 4.736065
v 0.865393 11.723060 4.736065
v -0.870032 11.683732 4.736065
v 0.851887 11.819753 4.736065
v -0.852189 11.837747 4.736065
v 0.832031 11.929554 4.736065
v -0.817133 12.015248 4.736065
v 0.777362 12.172298 4.736065
v -0.764129 12.220124 4.736065
v 0.708174 12.408263 4.736065
v -0.692137 12.452750 4.736065
v 0.627322 12.635715 4.736065
v -0.599061 12.704282 4.736065
v 0.537603 12.853599 4.736065
v -0.483167 12.972694 4.736065
v -0.114264 13.260489 4.736065
v -0.342760 13.256543 4.736065
v 0.342761 13.256543 4.736065
v 0.114265 13.260489 4.736065
v -0.982515 11.218885 4.736065
v -1.393390 11.041428 4.736065
v -1.482455 11.038624 4.736065
v -1.797841 11.187001 4.736065
v -3.606967 10.741015 4.736066
v -1.852479 11.257389 4.736065
v -3.591289 10.828718 4.736066
v -1.892944 11.336723 4.736065
v -3.592315 10.917837 4.736066
v -1.917847 11.422257 4.736065
v -3.610013 11.005164 4.736066
v -1.965265 11.589511 4.736065
v -3.640849 11.136010 4.736066
v -2.001517 11.680162 4.736065
v -3.660383 11.289823 4.736066
v -2.047078 11.782029 4.736065
v -3.668828 11.470560 4.736066
v -2.158249 12.004625 4.736065
v -3.666392 11.682157 4.736066
v -2.281898 12.217190 4.736065
v -3.652159 11.925247 4.736066
v -2.414832 12.418670 4.736065
v -3.621988 12.191752 4.736066
v -2.554086 12.608745 4.736065
v -3.573696 12.480096 4.736066
v -3.284387 12.847817 4.736066
v -3.505299 12.789310 4.736066
v -2.839702 12.953370 4.736066
v -3.062500 12.902509 4.736066
v -3.962703 10.399585 4.736066
v -3.995288 10.387111 4.736066
v -5.857129 11.897382 4.736066
v -6.061283 11.794676 4.736066
v -6.083649 9.477231 4.736066
v -6.110988 9.392491 4.736066
v -6.307625 9.168884 4.736066
v -6.336337 9.149054 4.736066
v -8.185409 7.834452 4.736066
v -6.871861 9.107038 4.736066
v -8.212284 7.919394 4.736066
v -6.944554 9.158478 4.736066
v -8.254611 7.997832 4.736066
v -7.006356 9.222636 4.736066
v -8.310870 8.066934 4.736066
v -7.126073 9.348698 4.736066
v -8.398978 8.168468 4.736066
v -7.200298 9.412119 4.736066
v -8.487758 8.295586 4.736066
v -7.287980 9.481133 4.736066
v -8.579226 8.451681 4.736066
v -7.489863 9.626577 4.736066
v -8.675398 8.640182 4.736066
v -7.698129 9.757337 4.736066
v -8.775769 8.862040 4.736066
v -7.909472 9.873960 4.736066
v -8.872895 9.112039 4.736066
v -8.121105 9.977548 4.736066
v -8.964147 9.389803 4.736066
v -8.878858 9.849853 4.736066
v -9.047281 9.695375 4.736066
v -8.534160 10.149961 4.736066
v -8.707802 10.001395 4.736066
v -8.174923 7.745925 4.736065
v -8.341728 7.366815 4.736066
v -8.364789 7.340625 4.736066
v -8.429605 7.279488 4.736066
v -8.764054 7.181393 4.736066
v -9.822464 5.647910 4.736066
v -8.851634 7.197855 4.736066
v -9.868881 5.723948 4.736066
v -8.934531 7.230404 4.736066
v -9.928754 5.789971 4.736066
v -9.009884 7.277912 4.736066
v -9.999915 5.843608 4.736066
v -9.156296 7.371671 4.736066
v -10.109760 5.921092 4.736066
v -9.243544 7.415479 4.736066
v -10.226377 6.023277 4.736066
v -9.345186 7.461513 4.736066
v -10.352547 6.152952 4.736066
v -9.576014 7.554404 4.736066
v -10.491038 6.312951 4.736066
v -9.809521 7.631513 4.736066
v -10.641584 6.504342 4.736066
v -10.042631 7.694182 4.736066
v -10.795722 6.723830 4.736066
v -10.272909 7.744119 4.736066
v -10.950785 6.971690 4.736066
v -10.978080 7.438778 4.736066
v -11.104640 7.248500 4.736066
v -10.715217 7.812671 4.736066
v -10.848260 7.626859 4.736066
v -9.846117 5.187341 4.736066
v -9.862333 5.156454 4.736066
v -9.878449 5.125509 4.736066
v -11.025877 3.245623 4.736066
v -10.489796 4.910227 4.736066
v -11.107798 3.280673 4.736066
v -10.654383 4.966219 4.736066
v -11.233000 3.329611 4.736066
v -10.749579 4.987870 4.736066
v -11.370683 3.400910 4.736066
v -10.859287 5.008235 4.736066
v -11.524220 3.496634 4.736066
v -11.105638 5.043198 4.736066
v -11.696974 3.618837 4.736066
v -11.350809 5.062189 4.736066
v -11.888957 3.768646 4.736066
v -11.592143 5.067248 4.736066
v -12.091137 3.944861 4.736066
v -11.827682 5.060614 4.736066
v -12.301014 4.148407 4.736066
v -12.439289 4.595390 4.736066
v -12.516636 4.380354 4.736066
v -12.273545 5.021330 4.736066
v -12.358256 4.809068 4.736066
v -10.838243 3.059609 4.736066
v -10.792961 2.714131 4.736066
v -10.801416 2.680282 4.736066
v -10.809771 2.646403 4.736066
v -11.182738 2.259820 4.736066
v -11.398512 0.482004 4.736066
v -11.322076 0.436244 4.736066
v -11.255518 0.376928 4.736066
v -11.482211 0.512645 4.736066
v -11.271265 2.250122 4.736066
v -11.570146 0.527069 4.736066
v -11.360074 2.257161 4.736066
v -11.703420 0.544630 4.736066
v -11.533282 2.272149 4.736066
v -11.630893 2.270385 4.736066
v -11.854168 0.580908 4.736066
v -11.742285 2.263910 4.736066
v -12.026148 0.637102 4.736066
v -11.989848 2.238906 4.736066
v -12.223125 0.714413 4.736066
v -12.232440 2.198668 4.736066
v -12.445381 0.813924 4.736066
v -12.467972 2.145812 4.736066
v -12.683861 0.936633 4.736066
v -12.695077 2.083013 4.736066
v -12.936346 1.084042 4.736066
v -13.177579 1.484949 4.736066
v -13.201210 1.257641 4.736066
v -13.118581 1.938161 4.736066
v -13.150031 1.711808 4.736066
v -11.128980 -0.017445 4.736066
v -11.128871 -0.052336 4.736066
v -11.136835 -0.141093 4.736066
v -11.322141 -0.436288 4.736066
v -11.097479 -2.285981 4.736066
v -11.182645 -2.259849 4.736066
v -11.398606 -0.482047 4.736066
v -11.271243 -2.250122 4.736066
v -11.482233 -0.512659 4.736066
v -11.360074 -2.257161 4.736066
v -11.570146 -0.527069 4.736066
v -11.493673 -2.272005 4.736066
v -11.741901 -0.553982 4.736066
v -11.836260 -0.579044 4.736066
v -11.648728 -2.272857 4.736066
v -11.942867 -0.611983 4.736066
v -11.829156 -2.259459 4.736066
v -12.177250 -0.695508 4.736066
v -12.038918 -2.231535 4.736066
v -12.403163 -0.792635 4.736066
v -12.278524 -2.188103 4.736066
v -12.619204 -0.900312 4.736066
v -12.539436 -2.126026 4.736066
v -12.824679 -1.015649 4.736066
v -12.819866 -2.043324 4.736066
v -13.150031 -1.711808 4.736066
v -13.118581 -1.938162 4.736066
v -13.201210 -1.257641 4.736066
v -13.177579 -1.484949 4.736066
v -10.809771 -2.646404 4.736066
v -10.801416 -2.680282 4.736066
v -10.792961 -2.714132 4.736066
v -10.766302 -4.994533 4.736066
v -11.449373 -3.452321 4.736066
v -10.944699 -5.024697 4.736066
v -11.656952 -3.589512 4.736066
v -11.155046 -5.047794 4.736066
v -11.853055 -3.737875 4.736066
v -11.398086 -5.062970 4.736066
v -12.037045 -3.894130 4.736066
v -11.666274 -5.065138 4.736066
v -12.208954 -4.055284 4.736066
v -11.958347 -5.051956 4.736066
v -12.358256 -4.809068 4.736066
v -12.273545 -5.021330 4.736066
v -12.516636 -4.380354 4.736066
v -12.439289 -4.595390 4.736066
v -10.141435 -4.896945 4.736066
v -9.878449 -5.125509 4.736066
v -9.862333 -5.156454 4.736066
v -9.777434 -5.387736 4.736066
v -9.868946 -5.724021 4.736066
v -8.851533 -7.197826 4.736066
v -8.763975 -7.181393 4.736066
v -8.934503 -7.230390 4.736066
v -9.928776 -5.789986 4.736066
v -9.009884 -7.277912 4.736066
v -9.999915 -5.843608 4.736066
v -9.121290 -7.353142 4.736066
v -10.139490 -5.947253 4.736066
v -10.211396 -6.013290 4.736066
v -9.258184 -7.425943 4.736066
v -10.290484 -6.092017 4.736066
v -9.424181 -7.497935 4.736066
v -10.459198 -6.274895 4.736066
v -9.622886 -7.570679 4.736066
v -10.614094 -6.465881 4.736066
v -9.855229 -7.643581 4.736066
v -10.755346 -6.661623 4.736066
v -10.115108 -7.709864 4.736066
v -10.883692 -6.859228 4.736066
v -10.401847 -7.766969 4.736066
v -10.848260 -7.626859 4.736066
v -10.715217 -7.812671 4.736066
v -11.104640 -7.248500 4.736066
v -10.978080 -7.438778 4.736066
v -8.318596 -7.392932 4.736066
v -8.295377 -7.418977 4.736066
v -8.242484 -7.490694 4.736066
v -6.790691 -9.070066 4.736065
v -8.185431 -7.834538 4.736066
v -6.871774 -9.106980 4.736065
v -8.212320 -7.919481 4.736066
v -6.944540 -9.158463 4.736065
v -8.254625 -7.997861 4.736066
v -7.006356 -9.222636 4.736065
v -8.310870 -8.066934 4.736066
v -7.096523 -9.322335 4.736065
v -8.421590 -8.200974 4.736066
v -8.475595 -8.282303 4.736066
v -7.212013 -9.425792 4.736065
v -8.533545 -8.377666 4.736066
v -7.355953 -9.535406 4.736065
v -8.653587 -8.595607 4.736066
v -7.531475 -9.653605 4.736065
v -8.758281 -8.818116 4.736066
v -7.739624 -9.779984 4.736065
v -8.848585 -9.041969 4.736066
v -7.976088 -9.906538 4.736065
v -8.925910 -9.264550 4.736066
v -8.240829 -10.030605 4.736066
v -8.707802 -10.001395 4.736066
v -8.534160 -10.149961 4.736066
v -9.047281 -9.695375 4.736066
v -8.878858 -9.849853 4.736066
v -6.336337 -9.149054 4.736065
v -6.307625 -9.168884 4.736065
v -6.278848 -9.188613 4.736065
v -4.746702 -10.877845 4.736065
v -6.280670 -10.176439 4.736065
v -4.860233 -11.018722 4.736065
v -6.345066 -10.416769 4.736065
v -5.002367 -11.175482 4.736065
v -6.393470 -10.657866 4.736065
v -5.174224 -11.348011 4.736065
v -6.427573 -10.896836 4.736065
v -5.373528 -11.527477 4.736065
v -6.449383 -11.131457 4.736065
v -5.600886 -11.711280 4.736065
v -6.061283 -11.794676 4.736065
v -5.857129 -11.897382 4.736065
v -6.464126 -11.578801 4.736065
v -6.263629 -11.688473 4.736065
v -4.343700 -10.390421 4.736065
v -3.995288 -10.387111 4.736065
v -3.817256 -10.463150 4.736065
v -3.745788 -10.516411 4.736065
v -0.342761 -13.256543 0.000000
v -0.114264 -13.260489 0.000000
v 0.114264 -13.260489 -0.000000
v 0.342761 -13.256543 -0.000000
v 0.871405 -11.549316 0.000000
v 0.871405 -11.549316 2.368033
v 0.865393 -11.723060 0.000000
v 0.832031 -11.929554 0.000000
v 0.851886 -11.819753 0.000000
v 0.777361 -12.172298 0.000000
v 0.708173 -12.408263 0.000000
v 0.627321 -12.635715 0.000000
v 0.537602 -12.853599 -0.000000
v -0.871405 -11.549316 2.368033
v -0.870032 -11.683732 0.000001
v -0.852190 -11.837747 0.000001
v -0.871405 -11.549316 0.000001
v -0.817133 -12.015248 0.000001
v -0.764129 -12.220124 0.000001
v -0.692137 -12.452750 0.000001
v -0.599061 -12.704282 0.000000
v -0.483167 -12.972694 0.000000
v -0.875333 -11.459258 3.157372
v -0.875333 -11.459258 1.578679
v -0.896160 -11.371540 3.157372
v -0.896160 -11.371540 1.578679
v -0.917876 -11.318498 3.157372
v -0.917876 -11.318498 1.578679
v -0.964683 -11.241476 3.157372
v -0.964683 -11.241476 1.578679
v -1.025174 -11.174629 3.157372
v -1.025174 -11.174629 1.578679
v -1.097198 -11.120473 3.157372
v -1.097199 -11.120473 1.578679
v -1.178246 -11.081016 3.157372
v -1.178246 -11.081016 1.578679
v -1.289482 -11.054030 2.368033
v -1.202365 -11.072632 0.000001
v -1.289482 -11.054030 0.000001
v -1.120292 -11.107204 0.000001
v -1.046099 -11.156563 0.000001
v -0.982515 -11.218885 0.000001
v -0.931661 -11.292106 0.000001
v -0.895452 -11.373507 0.000001
v -0.875120 -11.460284 0.000001
v 1.289482 -11.054030 2.368033
v 1.201360 -11.073023 3.157372
v 1.201360 -11.073023 1.578679
v 1.118388 -11.108274 3.157372
v 1.118387 -11.108274 1.578679
v 1.069745 -11.138583 3.157372
v 1.069745 -11.138583 1.578679
v 1.001670 -11.197654 3.157372
v 1.001670 -11.197654 1.578679
v 0.945920 -11.268518 3.157372
v 0.945920 -11.268518 1.578679
v 0.904623 -11.348604 3.157372
v 0.904623 -11.348604 1.578679
v 0.879333 -11.435121 3.157372
v 0.879333 -11.435121 1.578679
v 0.875116 -11.460313 0.000000
v 0.895420 -11.373593 0.000000
v 0.931625 -11.292178 0.000000
v 0.982389 -11.219030 0.000000
v 1.046038 -11.156606 0.000000
v 1.120201 -11.107248 0.000000
v 1.202339 -11.072647 0.000000
v 1.289482 -11.054030 0.000000
v 1.393391 -11.041428 0.000000
v 1.393391 -11.041428 2.368032
v 1.358768 -11.045734 0.000000
v 1.324134 -11.049940 0.000000
v 2.839702 -12.953370 -0.000000
v 3.062500 -12.902509 -0.000000
v 3.284388 -12.847817 -0.000000
v 3.505300 -12.789310 -0.000000
v 1.917848 -11.422257 2.368032
v 1.951350 -11.552439 0.000000
v 2.005536 -11.697709 0.000000
v 1.917848 -11.422257 0.000000
v 2.082052 -11.861668 0.000000
v 2.182539 -12.047898 0.000000
v 2.308113 -12.256532 0.000000
v 2.458677 -12.478477 0.000000
v 2.635441 -12.711364 -0.000000
v 1.482430 -11.038624 0.000000
v 1.507854 -11.040994 1.578679
v 1.507854 -11.040994 3.157372
v 1.595987 -11.059914 1.578679
v 1.595987 -11.059914 3.157372
v 1.678880 -11.095252 1.578679
v 1.678880 -11.095252 3.157372
v 1.753611 -11.145679 1.578679
v 1.753611 -11.145679 3.157372
v 1.817491 -11.209274 1.578679
v 1.817491 -11.209274 3.157372
v 1.851272 -11.255568 1.578679
v 1.851272 -11.255568 3.157372
v 1.892482 -11.335755 1.578679
v 1.892482 -11.335755 3.157372
v 1.570393 -11.052557 0.000000
v 1.654237 -11.082721 0.000000
v 1.730890 -11.128017 0.000000
v 1.797787 -11.186944 0.000000
v 1.852425 -11.257302 0.000000
v 1.892937 -11.336695 0.000000
v 3.610014 -11.005178 0.000000
v 3.610014 -11.005178 2.368032
v 3.645761 -11.175308 0.000000
v 3.662783 -11.383782 0.000000
v 3.655784 -11.272421 0.000000
v 3.667794 -11.632553 0.000000
v 3.657092 -11.878231 0.000000
v 3.633016 -12.118416 0.000000
v 3.598047 -12.351433 0.000000
v 3.897418 -10.424228 2.368032
v 3.795869 -10.477055 3.157372
v 3.795869 -10.477055 1.578679
v 3.726624 -10.534752 3.157372
v 3.726624 -10.534752 1.578679
v 3.669648 -10.604576 3.157372
v 3.669648 -10.604576 1.578679
v 3.626914 -10.683953 3.157372
v 3.626914 -10.683953 1.578679
v 3.599900 -10.769951 3.157372
v 3.599900 -10.769951 1.578679
v 3.591506 -10.826636 3.157372
v 3.591506 -10.826636 1.578679
v 3.592276 -10.916782 3.157372
v 3.592276 -10.916782 1.578679
v 3.592319 -10.917866 0.000000
v 3.591282 -10.828819 0.000000
v 3.606946 -10.741088 0.000000
v 3.638732 -10.657923 0.000000
v 3.685594 -10.582087 0.000000
v 3.745788 -10.516411 0.000000
v 3.817256 -10.463150 0.000000
v 3.897418 -10.424228 0.000000
v 3.995289 -10.387111 0.000000
v 3.995289 -10.387111 2.368032
v 3.962704 -10.399585 0.000000
v 3.930079 -10.411971 0.000000
v 5.857130 -11.897382 -0.000000
v 6.061279 -11.794676 -0.000000
v 6.263633 -11.688473 -0.000000
v 6.464126 -11.578801 -0.000000
v 4.595644 -10.631372 2.368032
v 4.659328 -10.749760 0.000000
v 4.746703 -10.877845 0.000000
v 4.595644 -10.631372 0.000000
v 4.860233 -11.018722 0.000000
v 5.002367 -11.175482 0.000000
v 5.174225 -11.348011 0.000000
v 5.373529 -11.527477 -0.000000
v 5.600887 -11.711280 -0.000000
v 4.081069 -10.363104 0.000000
v 4.106323 -10.359318 1.578679
v 4.106323 -10.359318 3.157371
v 4.196418 -10.356586 1.578679
v 4.196418 -10.356586 3.157371
v 4.285363 -10.371068 1.578679
v 4.285364 -10.371068 3.157371
v 4.369995 -10.402143 1.578679
v 4.369995 -10.402143 3.157371
v 4.447233 -10.448596 1.578679
v 4.447234 -10.448596 3.157371
v 4.491110 -10.485466 1.578679
v 4.491110 -10.485466 3.157371
v 4.550314 -10.553454 1.578679
v 4.550315 -10.553454 3.157371
v 4.169809 -10.355559 0.000000
v 4.258437 -10.364795 0.000000
v 4.343700 -10.390421 0.000000
v 4.422760 -10.431627 0.000000
v 4.492646 -10.486868 0.000000
v 4.550979 -10.554264 0.000000
v 6.138825 -9.821451 -0.000000
v 6.138825 -9.821451 2.368032
v 6.214250 -9.978097 -0.000000
v 6.280670 -10.176439 -0.000000
v 6.247221 -10.069976 -0.000000
v 6.345067 -10.416769 -0.000000
v 6.393467 -10.657866 -0.000000
v 6.427574 -10.896836 -0.000000
v 6.449387 -11.131457 -0.000000
v 6.278849 -9.188613 2.368032
v 6.192892 -9.264203 3.157371
v 6.192891 -9.264203 1.578678
v 6.139465 -9.336802 3.157371
v 6.139464 -9.336802 1.578678
v 6.100857 -9.418219 3.157371
v 6.100856 -9.418219 1.578679
v 6.078360 -9.505530 3.157371
v 6.078360 -9.505530 1.578679
v 6.072709 -9.595473 3.157371
v 6.072708 -9.595473 1.578679
v 6.078129 -9.652535 3.157371
v 6.078128 -9.652535 1.578679
v 6.100448 -9.739877 3.157371
v 6.100448 -9.739877 1.578679
v 6.100748 -9.740917 -0.000000
v 6.078428 -9.654703 -0.000000
v 6.072647 -9.565772 -0.000000
v 6.083606 -9.477419 -0.000000
v 6.110955 -9.392564 -0.000000
v 6.153687 -9.314400 -0.000000
v 6.210333 -9.245587 -0.000000
v 6.278849 -9.188613 -0.000000
v 6.364991 -9.129151 -0.000000
v 6.364991 -9.129151 2.368032
v 6.336340 -9.149054 -0.000000
v 6.307625 -9.168884 -0.000000
v 8.534160 -10.149961 -0.000000
v 8.707802 -10.001395 -0.000000
v 8.878860 -9.849853 -0.000000
v 9.047278 -9.695375 -0.000000
v 7.006357 -9.222636 2.368032
v 7.096520 -9.322335 -0.000000
v 7.212013 -9.425792 -0.000000
v 7.006357 -9.222636 -0.000000
v 7.355958 -9.535406 -0.000000
v 7.531478 -9.653605 -0.000000
v 7.739628 -9.779984 -0.000000
v 7.976088 -9.906538 -0.000000
v 8.240829 -10.030605 -0.000000
v 6.442533 -9.085300 -0.000000
v 6.466146 -9.075587 1.578678
v 6.466146 -9.075587 3.157371
v 6.552970 -9.051378 1.578678
v 6.552971 -9.051378 3.157371
v 6.642794 -9.044137 1.578678
v 6.642795 -9.044137 3.157371
v 6.732405 -9.054067 1.578678
v 6.732406 -9.054067 3.157371
v 6.818518 -9.080689 1.578678
v 6.818518 -9.080689 3.157371
v 6.869943 -9.105983 1.578678
v 6.869943 -9.105983 3.157371
v 6.943695 -9.157827 1.578678
v 6.943695 -9.157827 3.157371
v 6.526889 -9.056755 -0.000000
v 6.615152 -9.044498 -0.000000
v 6.704073 -9.048979 -0.000000
v 6.790695 -9.070066 -0.000000
v 6.871771 -9.106980 -0.000000
v 6.944536 -9.158463 -0.000000
v 8.310867 -8.066934 -0.000000
v 8.310867 -8.066934 2.368032
v 8.421587 -8.200974 -0.000000
v 8.533545 -8.377666 -0.000000
v 8.475595 -8.282303 -0.000000
v 8.653591 -8.595607 -0.000000
v 8.758284 -8.818116 -0.000000
v 8.848585 -9.041969 -0.000000
v 8.925910 -9.264550 -0.000000
v 8.295377 -7.418977 2.368032
v 8.230004 -7.512938 3.157371
v 8.230004 -7.512938 1.578678
v 8.195504 -7.596218 3.157371
v 8.195504 -7.596218 1.578678
v 8.177503 -7.684513 3.157371
v 8.177503 -7.684513 1.578678
v 8.176556 -7.774673 3.157371
v 8.176556 -7.774673 1.578678
v 8.192595 -7.863358 3.157371
v 8.192595 -7.863358 1.578678
v 8.211514 -7.917457 3.157371
v 8.211514 -7.917457 1.578678
v 8.254086 -7.996922 3.157371
v 8.254086 -7.996922 1.578678
v 8.254625 -7.997861 -0.000000
v 8.212324 -7.919481 -0.000000
v 8.185431 -7.834538 -0.000000
v 8.174926 -7.746128 -0.000000
v 8.181173 -7.657197 -0.000000
v 8.203956 -7.571069 -0.000000
v 8.242484 -7.490694 -0.000000
v 8.295377 -7.418977 -0.000000
v 8.364785 -7.340625 -0.000000
v 8.364785 -7.340625 2.368032
v 8.341732 -7.366815 -0.000000
v 8.318592 -7.392932 -0.000000
v 10.715217 -7.812671 -0.000000
v 10.848260 -7.626859 -0.000000
v 10.978080 -7.438778 -0.000001
v 11.104636 -7.248500 -0.000001
v 9.009888 -7.277912 2.368032
v 9.121290 -7.353142 -0.000000
v 9.258184 -7.425943 -0.000000
v 9.009888 -7.277912 -0.000000
v 9.424177 -7.497935 -0.000000
v 9.622886 -7.570679 -0.000000
v 9.855229 -7.643581 -0.000000
v 10.115108 -7.709864 -0.000000
v 10.401847 -7.766969 -0.000000
v 8.429579 -7.279502 -0.000000
v 8.450179 -7.264413 1.578678
v 8.450179 -7.264413 3.157371
v 8.528689 -7.220128 1.578678
v 8.528689 -7.220128 3.157371
v 8.614174 -7.191611 1.578678
v 8.614174 -7.191611 3.157371
v 8.703556 -7.179803 1.578678
v 8.703556 -7.179803 3.157371
v 8.793532 -7.185035 1.578678
v 8.793532 -7.185035 3.157371
v 8.849521 -7.197291 1.578678
v 8.849521 -7.197291 3.157371
v 8.933537 -7.229985 1.578678
v 8.933537 -7.229985 3.157371
v 8.504653 -7.231589 -0.000000
v 8.587417 -7.198578 -0.000000
v 8.674827 -7.181653 -0.000000
v 8.763979 -7.181393 -0.000000
v 8.851533 -7.197826 -0.000000
v 8.934506 -7.230390 -0.000000
v 9.999915 -5.843608 -0.000000
v 9.999915 -5.843608 2.368032
v 10.139494 -5.947253 -0.000000
v 10.290481 -6.092017 -0.000000
v 10.211396 -6.013290 -0.000000
v 10.459198 -6.274895 -0.000000
v 10.614094 -6.465881 -0.000000
v 10.755346 -6.661623 -0.000000
v 10.883696 -6.859228 -0.000000
v 9.829806 -5.218184 2.368032
v 9.788820 -5.325052 3.157371
v 9.788820 -5.325052 1.578678
v 9.775252 -5.414171 3.157371
v 9.775252 -5.414171 1.578678
v 9.778902 -5.504215 3.157371
v 9.778902 -5.504215 1.578678
v 9.799560 -5.591976 3.157371
v 9.799560 -5.591976 1.578678
v 9.836357 -5.674244 3.157371
v 9.836357 -5.674244 1.578678
v 9.867674 -5.722243 3.157371
v 9.867674 -5.722243 1.578678
v 9.928027 -5.789220 3.157371
v 9.928027 -5.789220 1.578678
v 9.928772 -5.789986 -0.000000
v 9.868946 -5.724021 -0.000000
v 9.822500 -5.647983 -0.000000
v 9.791143 -5.564645 -0.000000
v 9.775928 -5.476812 -0.000000
v 9.777438 -5.387736 -0.000000
v 9.795613 -5.300467 -0.000000
v 9.829806 -5.218184 -0.000000
v 9.878449 -5.125509 -0.000000
v 9.878449 -5.125509 2.368032
v 9.862329 -5.156454 -0.000000
v 9.846117 -5.187341 -0.000000
v 12.273545 -5.021330 -0.000001
v 12.358256 -4.809068 -0.000001
v 12.439292 -4.595390 -0.000001
v 12.516636 -4.380354 -0.000001
v 10.489792 -4.910227 2.368032
v 10.615966 -4.956608 -0.000000
v 10.766302 -4.994533 -0.000000
v 10.489792 -4.910227 -0.000000
v 10.944699 -5.024697 -0.000001
v 11.155046 -5.047794 -0.000001
v 11.398086 -5.062970 -0.000001
v 11.666274 -5.065138 -0.000001
v 11.958344 -5.051956 -0.000001
v 9.926730 -5.050641 -0.000000
v 9.943120 -5.031057 1.578678
v 9.943120 -5.031057 3.157371
v 10.008753 -4.969269 1.578678
v 10.008753 -4.969269 3.157371
v 10.084926 -4.921125 1.578678
v 10.084926 -4.921125 3.157371
v 10.168885 -4.888272 1.578678
v 10.168885 -4.888272 3.157371
v 10.257502 -4.871825 1.578678
v 10.257502 -4.871825 3.157371
v 10.314795 -4.870321 1.578678
v 10.314795 -4.870321 3.157371
v 10.404192 -4.881957 1.578678
v 10.404192 -4.881957 3.157371
v 9.988157 -4.986165 -0.000000
v 10.060616 -4.934292 -0.000000
v 10.141435 -4.896945 -0.000000
v 10.227934 -4.875351 -0.000000
v 10.316879 -4.870365 -0.000000
v 10.405230 -4.882130 -0.000000
v 11.107801 -3.280673 -0.000001
v 11.107801 -3.280673 2.368032
v 11.268128 -3.347895 -0.000001
v 11.449373 -3.452321 -0.000001
v 11.353746 -3.394811 -0.000001
v 11.656952 -3.589512 -0.000001
v 11.853059 -3.737875 -0.000001
v 12.037049 -3.894130 -0.000001
v 12.208957 -4.055284 -0.000001
v 10.792961 -2.714132 2.368032
v 10.778747 -2.827706 3.157371
v 10.778747 -2.827706 1.578678
v 10.786899 -2.917475 3.157371
v 10.786899 -2.917475 1.578678
v 10.811989 -3.004022 3.157371
v 10.811989 -3.004022 1.578678
v 10.853047 -3.084296 3.157371
v 10.853047 -3.084296 1.578678
v 10.908468 -3.155363 3.157371
v 10.908468 -3.155363 1.578678
v 10.950361 -3.194488 3.157371
v 10.950361 -3.194488 1.578678
v 11.024988 -3.245060 3.157371
v 11.024988 -3.245060 1.578678
v 11.025895 -3.245638 -0.000001
v 10.952020 -3.195904 -0.000001
v 10.888725 -3.133177 -0.000000
v 10.838341 -3.059768 -0.000000
v 10.802544 -2.978122 -0.000000
v 10.782692 -2.891286 -0.000000
v 10.779458 -2.802210 -0.000000
v 10.792961 -2.714132 -0.000000
v 10.818012 -2.612496 -0.000000
v 10.818012 -2.612496 2.368032
v 10.809767 -2.646404 -0.000000
v 10.801420 -2.680282 -0.000000
v 13.118581 -1.938162 -0.000001
v 13.150031 -1.711808 -0.000001
v 13.177579 -1.484949 -0.000001
v 13.201210 -1.257641 -0.000001
v 11.360070 -2.257161 2.368032
v 11.493676 -2.272005 -0.000001
v 11.648725 -2.272857 -0.000001
v 11.360070 -2.257161 -0.000001
v 11.829156 -2.259459 -0.000001
v 12.038914 -2.231535 -0.000001
v 12.278524 -2.188103 -0.000001
v 12.539439 -2.126026 -0.000001
v 12.819866 -2.043324 -0.000001
v 10.846973 -2.528262 -0.000000
v 10.858204 -2.505325 1.578678
v 10.858204 -2.505325 3.157371
v 10.907139 -2.429633 1.578678
v 10.907139 -2.429633 3.157371
v 10.969581 -2.364650 1.578678
v 10.969581 -2.364650 3.157371
v 11.043239 -2.312662 1.578678
v 11.043239 -2.312662 3.157371
v 11.125340 -2.275473 1.578678
v 11.125340 -2.275473 3.157371
v 11.180614 -2.260312 1.578678
v 11.180614 -2.260312 3.157371
v 11.270196 -2.250209 1.578678
v 11.270196 -2.250209 3.157371
v 10.891186 -2.450951 -0.000000
v 10.949126 -2.383252 -0.000001
v 11.018658 -2.327636 -0.000001
v 11.097475 -2.285981 -0.000001
v 11.182641 -2.259849 -0.000001
v 11.271243 -2.250122 -0.000001
v 11.570146 -0.527069 -0.000001
v 11.570146 -0.527069 2.368032
v 11.741905 -0.553981 -0.000001
v 11.942867 -0.611983 -0.000001
v 11.836260 -0.579044 -0.000001
v 12.177250 -0.695508 -0.000001
v 12.403163 -0.792635 -0.000001
v 12.619200 -0.900312 -0.000001
v 12.824679 -1.015649 -0.000001
v 11.128871 -0.052336 2.368032
v 11.142247 -0.166011 3.157371
v 11.142247 -0.166011 1.578678
v 11.171645 -0.251228 3.157371
v 11.171645 -0.251228 1.578678
v 11.216722 -0.329247 3.157371
v 11.216722 -0.329247 1.578678
v 11.275796 -0.397365 3.157371
v 11.275796 -0.397365 1.578678
v 11.346618 -0.453112 3.157371
v 11.346618 -0.453112 1.578678
v 11.396651 -0.481064 3.157371
v 11.396651 -0.481064 1.578678
v 11.481215 -0.512313 3.157371
v 11.481215 -0.512313 1.578678
v 11.482237 -0.512659 -0.000001
v 11.398602 -0.482047 -0.000001
v 11.322141 -0.436288 -0.000001
v 11.255649 -0.377073 -0.000001
v 11.201354 -0.306367 -0.000001
v 11.161293 -0.226802 -0.000001
v 11.136838 -0.141093 -0.000001
v 11.128871 -0.052336 -0.000001
v 11.128871 0.052335 -0.000001
v 11.128871 0.052335 2.368032
v 11.128983 0.017445 -0.000001
v 11.128983 -0.017445 -0.000001
v 13.201210 1.257641 -0.000001
v 13.177579 1.484949 -0.000001
v 13.150031 1.711808 -0.000001
v 13.118581 1.938161 -0.000001
v 11.570146 0.527069 2.368032
v 11.703420 0.544630 -0.000001
v 11.854164 0.580908 -0.000001
v 11.570146 0.527069 -0.000001
v 12.026148 0.637102 -0.000001
v 12.223125 0.714413 -0.000001
v 12.445381 0.813924 -0.000001
v 12.683857 0.936633 -0.000001
v 12.936346 1.084043 -0.000001
v 11.136831 0.141064 -0.000001
v 11.142247 0.166011 1.578678
v 11.142247 0.166011 3.157371
v 11.171645 0.251228 1.578678
v 11.171645 0.251228 3.157371
v 11.216722 0.329247 1.578678
v 11.216722 0.329247 3.157371
v 11.275796 0.397365 1.578678
v 11.275796 0.397365 3.157371
v 11.346618 0.453112 1.578678
v 11.346618 0.453112 3.157371
v 11.396651 0.481064 1.578678
v 11.396651 0.481064 3.157371
v 11.481215 0.512312 1.578678
v 11.481215 0.512312 3.157371
v 11.161258 0.226700 -0.000001
v 11.201311 0.306309 -0.000001
v 11.255515 0.376928 -0.000001
v 11.322076 0.436245 -0.000001
v 11.398512 0.482004 -0.000001
v 11.482211 0.512645 -0.000001
v 11.360070 2.257161 -0.000001
v 11.360070 2.257161 2.368032
v 11.533282 2.272149 -0.000001
v 11.742289 2.263910 -0.000001
v 11.630893 2.270385 -0.000001
v 11.989848 2.238906 -0.000001
v 12.232440 2.198668 -0.000001
v 12.467972 2.145812 -0.000001
v 12.695077 2.083013 -0.000001
v 10.818012 2.612496 2.368032
v 10.858204 2.505324 3.157371
v 10.858204 2.505324 1.578678
v 10.907139 2.429632 3.157371
v 10.907139 2.429632 1.578678
v 10.969581 2.364650 3.157371
v 10.969581 2.364650 1.578678
v 11.043239 2.312661 3.157371
v 11.043239 2.312661 1.578678
v 11.125340 2.275473 3.157371
v 11.125340 2.275473 1.578678
v 11.180614 2.260311 3.157371
v 11.180614 2.260311 1.578678
v 11.270196 2.250209 3.157371
v 11.270196 2.250209 1.578678
v 11.271269 2.250122 -0.000001
v 11.182742 2.259820 -0.000001
v 11.097550 2.285952 -0.000001
v 11.018820 2.327534 -0.000001
v 10.949180 2.383193 -0.000001
v 10.891244 2.450864 -0.000000
v 10.846984 2.528233 -0.000000
v 10.818012 2.612496 -0.000000
v 10.792961 2.714131 -0.000000
v 10.792961 2.714131 2.368032
v 10.801420 2.680282 -0.000000
v 10.809767 2.646403 -0.000000
v 12.516636 4.380354 -0.000001
v 12.439292 4.595390 -0.000001
v 12.358256 4.809068 -0.000001
v 12.273545 5.021330 -0.000001
v 11.107801 3.280673 2.368032
v 11.233000 3.329611 -0.000001
v 11.370683 3.400910 -0.000001
v 11.107801 3.280673 -0.000001
v 11.524220 3.496634 -0.000001
v 11.696974 3.618837 -0.000001
v 11.888953 3.768646 -0.000001
v 12.091137 3.944861 -0.000001
v 12.301014 4.148407 -0.000001
v 10.779458 2.802181 -0.000000
v 10.778747 2.827706 1.578678
v 10.778747 2.827706 3.157371
v 10.786899 2.917475 1.578678
v 10.786899 2.917475 3.157371
v 10.811989 3.004021 1.578678
v 10.811989 3.004021 3.157371
v 10.853047 3.084295 1.578678
v 10.853047 3.084295 3.157371
v 10.908468 3.155362 1.578678
v 10.908468 3.155362 3.157371
v 10.950361 3.194487 1.578678
v 10.950361 3.194487 3.157371
v 11.024988 3.245059 1.578678
v 11.024988 3.245059 3.157371
v 10.782678 2.891184 -0.000000
v 10.802519 2.978049 -0.000000
v 10.838243 3.059609 -0.000000
v 10.888675 3.133118 -0.000000
v 10.951941 3.195832 -0.000001
v 11.025873 3.245623 -0.000001
v 10.489792 4.910227 -0.000000
v 10.489792 4.910227 2.368032
v 10.654387 4.966219 -0.000000
v 10.859287 5.008235 -0.000000
v 10.749579 4.987870 -0.000000
v 11.105641 5.043198 -0.000001
v 11.350813 5.062189 -0.000001
v 11.592147 5.067248 -0.000001
v 11.827682 5.060614 -0.000001
v 9.878449 5.125509 2.368032
v 9.943120 5.031057 3.157371
v 9.943120 5.031057 1.578678
v 10.008753 4.969269 3.157371
v 10.008753 4.969269 1.578678
v 10.084926 4.921125 3.157371
v 10.084926 4.921125 1.578678
v 10.168885 4.888272 3.157371
v 10.168885 4.888272 1.578678
v 10.257502 4.871825 3.157371
v 10.257502 4.871825 1.578678
v 10.314795 4.870321 3.157371
v 10.314795 4.870321 1.578678
v 10.404192 4.881957 3.157371
v 10.404192 4.881957 1.578678
v 10.405254 4.882130 -0.000000
v 10.316981 4.870365 -0.000000
v 10.228010 4.875337 -0.000000
v 10.141619 4.896872 -0.000000
v 10.060683 4.934248 -0.000000
v 9.988233 4.986093 -0.000000
v 9.926748 5.050612 -0.000000
v 9.878449 5.125509 -0.000000
v 9.829806 5.218184 -0.000000
v 9.829806 5.218184 2.368032
v 9.846117 5.187341 -0.000000
v 9.862329 5.156454 -0.000000
v 11.104636 7.248500 -0.000001
v 10.978080 7.438778 -0.000001
v 10.848260 7.626859 -0.000000
v 10.715217 7.812671 -0.000000
v 9.999915 5.843608 2.368032
v 10.109760 5.921092 -0.000000
v 10.226380 6.023277 -0.000000
v 9.999915 5.843608 -0.000000
v 10.352547 6.152952 -0.000000
v 10.491035 6.312951 -0.000000
v 10.641588 6.504342 -0.000000
v 10.795722 6.723830 -0.000000
v 10.950788 6.971690 -0.000001
v 9.795621 5.300452 -0.000000
v 9.788820 5.325052 1.578678
v 9.788820 5.325052 3.157371
v 9.775252 5.414171 1.578678
v 9.775252 5.414171 3.157371
v 9.778902 5.504215 1.578678
v 9.778902 5.504215 3.157371
v 9.799560 5.591976 1.578678
v 9.799560 5.591976 3.157371
v 9.836357 5.674244 1.578678
v 9.836357 5.674244 3.157371
v 9.867674 5.722243 1.578678
v 9.867674 5.722243 3.157371
v 9.928027 5.789220 1.578678
v 9.928027 5.789220 3.157371
v 9.777450 5.387635 -0.000000
v 9.775925 5.476725 -0.000000
v 9.791093 5.564457 -0.000000
v 9.822468 5.647910 -0.000000
v 9.868884 5.723948 -0.000000
v 9.928754 5.789971 -0.000000
v 9.009888 7.277912 -0.000000
v 9.009888 7.277912 2.368032
v 9.156296 7.371671 -0.000000
v 9.345186 7.461513 -0.000000
v 9.243540 7.415479 -0.000000
v 9.576014 7.554404 -0.000000
v 9.809518 7.631513 -0.000000
v 10.042628 7.694182 -0.000000
v 10.272909 7.744119 -0.000000
v 8.364785 7.340625 2.368032
v 8.450179 7.264413 3.157372
v 8.450179 7.264413 1.578678
v 8.528689 7.220128 3.157372
v 8.528689 7.220128 1.578678
v 8.614174 7.191611 3.157372
v 8.614174 7.191611 1.578678
v 8.703556 7.179803 3.157372
v 8.703556 7.179803 1.578678
v 8.793532 7.185035 3.157372
v 8.793532 7.185035 1.578678
v 8.849521 7.197291 3.157372
v 8.849521 7.197291 1.578678
v 8.933537 7.229985 3.157372
v 8.933537 7.229985 1.578678
v 8.934527 7.230404 -0.000000
v 8.851634 7.197855 -0.000000
v 8.764058 7.181393 -0.000000
v 8.675026 7.181624 -0.000000
v 8.587493 7.198549 -0.000000
v 8.504744 7.231546 -0.000000
v 8.429601 7.279488 -0.000000
v 8.364785 7.340625 -0.000000
v 8.295377 7.418977 -0.000000
v 8.295377 7.418977 2.368032
v 8.318592 7.392932 -0.000000
v 8.341732 7.366815 -0.000000
v 9.047278 9.695375 -0.000000
v 8.878860 9.849853 -0.000000
v 8.707802 10.001395 -0.000000
v 8.534160 10.149961 -0.000000
v 8.310867 8.066934 2.368032
v 8.398978 8.168468 -0.000000
v 8.487758 8.295586 -0.000000
v 8.310867 8.066934 -0.000000
v 8.579222 8.451681 -0.000000
v 8.675398 8.640182 -0.000000
v 8.775769 8.862040 -0.000000
v 8.872899 9.112039 -0.000000
v 8.964143 9.389803 -0.000000
v 8.242499 7.490665 -0.000000
v 8.230004 7.512938 1.578678
v 8.230004 7.512938 3.157372
v 8.195504 7.596218 1.578678
v 8.195504 7.596218 3.157372
v 8.177503 7.684513 1.578678
v 8.177503 7.684513 3.157372
v 8.176556 7.774659 1.578678
v 8.176556 7.774659 3.157372
v 8.192595 7.863358 1.578678
v 8.192595 7.863358 3.157372
v 8.211514 7.917457 1.578678
v 8.211514 7.917457 3.157372
v 8.254086 7.996922 1.578678
v 8.254086 7.996922 3.157372
v 8.203988 7.570968 -0.000000
v 8.181188 7.657110 -0.000000
v 8.174919 7.745925 -0.000000
v 8.185412 7.834452 -0.000000
v 8.212284 7.919394 -0.000000
v 8.254611 7.997832 -0.000000
v 7.006357 9.222636 -0.000000
v 7.006357 9.222636 2.368032
v 7.126074 9.348698 -0.000000
v 7.287976 9.481133 -0.000000
v 7.200303 9.412119 -0.000000
v 7.489864 9.626577 -0.000000
v 7.698129 9.757337 -0.000000
v 7.909469 9.873960 -0.000000
v 8.121109 9.977548 -0.000000
v 6.364991 9.129151 2.368033
v 6.466146 9.075587 3.157372
v 6.466146 9.075587 1.578678
v 6.552971 9.051378 3.157372
v 6.552970 9.051378 1.578678
v 6.642795 9.044137 3.157372
v 6.642794 9.044137 1.578678
v 6.732406 9.054067 3.157372
v 6.732405 9.054067 1.578678
v 6.818518 9.080689 3.157372
v 6.818518 9.080689 1.578678
v 6.869943 9.105983 3.157372
v 6.869943 9.105983 1.578678
v 6.943695 9.157827 3.157372
v 6.943695 9.157827 1.578678
v 6.944558 9.158478 -0.000000
v 6.871861 9.107038 -0.000000
v 6.790768 9.070095 -0.000000
v 6.704268 9.049008 -0.000000
v 6.615232 9.044498 -0.000000
v 6.526991 9.056726 -0.000000
v 6.442558 9.085286 -0.000000
v 6.364991 9.129151 -0.000000
v 6.278849 9.188613 -0.000000
v 6.278849 9.188613 2.368033
v 6.307625 9.168884 -0.000000
v 6.336340 9.149054 -0.000000
v 6.464126 11.578801 -0.000000
v 6.263633 11.688473 -0.000000
v 6.061279 11.794676 -0.000000
v 5.857130 11.897382 -0.000000
v 6.138825 9.821451 2.368033
v 6.200078 9.941111 -0.000000
v 6.255854 10.085773 -0.000000
v 6.138825 9.821451 -0.000000
v 6.307304 10.259243 -0.000000
v 6.355574 10.465275 -0.000000
v 6.399935 10.704708 -0.000000
v 6.434413 10.970678 -0.000000
v 6.456534 11.262202 -0.000000
v 6.210351 9.245559 -0.000000
v 6.192891 9.264189 1.578678
v 6.192892 9.264189 3.157372
v 6.139464 9.336788 1.578678
v 6.139465 9.336788 3.157372
v 6.100856 9.418219 1.578679
v 6.100857 9.418219 3.157372
v 6.078360 9.505530 1.578679
v 6.078360 9.505530 3.157372
v 6.072708 9.595473 1.578679
v 6.072709 9.595473 3.157372
v 6.078128 9.652535 1.578679
v 6.078129 9.652535 3.157372
v 6.100448 9.739877 1.578679
v 6.100448 9.739877 3.157372
v 6.153745 9.314313 -0.000000
v 6.110988 9.392491 -0.000000
v 6.083650 9.477231 -0.000000
v 6.072650 9.565700 -0.000000
v 6.078414 9.654602 -0.000000
v 6.100740 9.740889 -0.000000
v 4.595644 10.631372 0.000000
v 4.595644 10.631372 2.368033
v 4.681713 10.782424 0.000000
v 4.807215 10.949764 0.000000
v 4.738605 10.861758 0.000000
v 4.968428 11.139291 0.000000
v 5.139352 11.316084 0.000000
v 5.316644 11.479897 -0.000000
v 5.497340 11.631123 -0.000000
v 3.995289 10.387111 2.368033
v 4.106323 10.359318 3.157372
v 4.106323 10.359318 1.578679
v 4.196418 10.356586 3.157372
v 4.196418 10.356586 1.578679
v 4.285364 10.371068 3.157372
v 4.285363 10.371068 1.578679
v 4.369995 10.402143 3.157372
v 4.369995 10.402143 1.578679
v 4.447234 10.448596 3.157372
v 4.447233 10.448596 1.578679
v 4.491110 10.485466 3.157372
v 4.491110 10.485466 1.578679
v 4.550315 10.553454 3.157372
v 4.550314 10.553454 1.578679
v 4.550994 10.554293 0.000000
v 4.492722 10.486940 0.000000
v 4.422825 10.431671 0.000000
v 4.343885 10.390493 0.000000
v 4.258516 10.364810 0.000000
v 4.169910 10.355574 0.000000
v 4.081098 10.363090 0.000000
v 3.995289 10.387111 0.000000
v 3.897418 10.424228 0.000000
v 3.897418 10.424228 2.368033
v 3.930079 10.411957 0.000000
v 3.962704 10.399585 0.000000
v 3.505300 12.789310 0.000001
v 3.284388 12.847817 0.000001
v 3.062500 12.902509 0.000001
v 2.839702 12.953370 0.000001
v 3.610014 11.005164 2.368033
v 3.640854 11.136010 0.000000
v 3.660387 11.289823 0.000000
v 3.610014 11.005164 0.000000
v 3.668828 11.470560 0.000000
v 3.666393 11.682157 0.000000
v 3.652160 11.925247 0.000000
v 3.621988 12.191752 0.000000
v 3.573696 12.480096 0.000000
v 3.817282 10.463136 0.000000
v 3.795869 10.477055 1.578679
v 3.795869 10.477055 3.157372
v 3.726624 10.534752 1.578679
v 3.726624 10.534752 3.157372
v 3.669648 10.604576 1.578679
v 3.669648 10.604576 3.157372
v 3.626914 10.683953 1.578679
v 3.626914 10.683953 3.157372
v 3.599900 10.769951 1.578679
v 3.599900 10.769951 3.157372
v 3.591506 10.826636 1.578679
v 3.591506 10.826636 3.157372
v 3.592276 10.916782 1.578679
v 3.592276 10.916782 3.157372
v 3.745864 10.516353 0.000000
v 3.685641 10.582028 0.000000
v 3.638819 10.657749 0.000000
v 3.606968 10.741015 0.000000
v 3.591290 10.828718 0.000000
v 3.592316 10.917837 0.000000
v 1.917848 11.422257 0.000000
v 1.917848 11.422257 2.368033
v 1.965265 11.589511 0.000000
v 2.047078 11.782029 0.000000
v 2.001518 11.680162 0.000000
v 2.158250 12.004625 0.000000
v 2.281898 12.217190 0.000000
v 2.414832 12.418670 0.000000
v 2.554086 12.608745 0.000000
v 1.393391 11.041428 2.368033
v 1.507854 11.040994 3.157372
v 1.507854 11.040994 1.578679
v 1.595987 11.059914 3.157372
v 1.595987 11.059914 1.578679
v 1.678880 11.095252 3.157372
v 1.678880 11.095252 1.578679
v 1.753611 11.145679 3.157372
v 1.753611 11.145679 1.578679
v 1.817491 11.209274 3.157372
v 1.817491 11.209274 1.578679
v 1.851272 11.255568 3.157372
v 1.851272 11.255568 1.578679
v 1.892482 11.335755 3.157372
v 1.892482 11.335755 1.578679
v 1.892945 11.336723 0.000000
v 1.852479 11.257389 0.000000
v 1.797842 11.187001 0.000000
v 1.731049 11.128133 0.000000
v 1.654309 11.082749 0.000000
v 1.570491 11.052571 0.000000
v 1.482456 11.038624 0.000000
v 1.393391 11.041428 0.000000
v 1.289482 11.054030 0.000000
v 1.289482 11.054030 2.368033
v 1.324134 11.049940 0.000000
v 1.358768 11.045734 0.000000
v -1.393391 11.041428 0.000001
v -1.393390 11.041428 2.368033
v -1.358768 11.045734 0.000001
v -1.324130 11.049940 0.000001
v -1.289482 11.054030 2.368033
v -1.289482 11.054030 0.000001
v 0.342761 13.256543 0.000001
v 0.114264 13.260489 0.000001
v -0.114264 13.260489 0.000001
v -0.342761 13.256543 0.000001
v -0.871405 11.549316 0.000001
v -0.871405 11.549316 2.368033
v -0.865393 11.723060 0.000001
v -0.832031 11.929554 0.000001
v -0.851886 11.819753 0.000001
v -0.777361 12.172298 0.000001
v -0.708173 12.408263 0.000001
v -0.627321 12.635715 0.000001
v -0.537602 12.853599 0.000001
v -1.178246 11.081016 3.157372
v -1.178246 11.081016 1.578679
v -1.097198 11.120473 3.157372
v -1.097199 11.120473 1.578679
v -1.025174 11.174629 3.157372
v -1.025174 11.174629 1.578679
v -0.964683 11.241476 3.157372
v -0.964683 11.241476 1.578679
v -0.917876 11.318498 3.157372
v -0.917876 11.318498 1.578679
v -0.896160 11.371540 3.157372
v -0.896160 11.371540 1.578679
v -0.875333 11.459258 3.157372
v -0.875333 11.459258 1.578679
v -0.875116 11.460313 0.000001
v -0.895420 11.373593 0.000001
v -0.931621 11.292178 0.000001
v -0.982389 11.219030 0.000001
v -1.046038 11.156606 0.000001
v -1.120201 11.107248 0.000001
v -1.202339 11.072647 0.000001
v 0.871405 11.549316 2.368033
v 0.870032 11.683732 0.000000
v 0.852190 11.837747 0.000000
v 0.871405 11.549316 0.000000
v 0.817133 12.015248 0.000000
v 0.764129 12.220124 0.000000
v 0.692137 12.452750 0.000000
v 0.599061 12.704282 0.000001
v 0.483167 12.972694 0.000001
v 1.202365 11.072632 0.000000
v 1.178246 11.081016 1.578679
v 1.178246 11.081016 3.157372
v 1.097202 11.120473 1.578679
v 1.097203 11.120473 3.157372
v 1.025174 11.174629 1.578679
v 1.025174 11.174629 3.157372
v 0.964684 11.241476 1.578679
v 0.964684 11.241476 3.157372
v 0.917876 11.318498 1.578679
v 0.917877 11.318498 3.157372
v 0.896160 11.371540 1.578679
v 0.896161 11.371540 3.157372
v 0.875333 11.459258 1.578679
v 0.875333 11.459258 3.157372
v 1.120292 11.107204 0.000000
v 1.046099 11.156563 0.000000
v 0.982515 11.218885 0.000000
v 0.931661 11.292106 0.000000
v 0.895452 11.373507 0.000000
v 0.875120 11.460284 0.000000
v -1.393390 -11.041428 2.368033
v -1.358768 -11.045734 0.000001
v -1.324130 -11.049940 0.000001
v -1.393391 -11.041428 0.000001
v -2.839702 12.953370 0.000001
v -3.062500 12.902509 0.000001
v -3.284388 12.847817 0.000001
v -3.505300 12.789310 0.000001
v -3.610014 11.005164 0.000001
v -3.610013 11.005164 2.368033
v -3.645761 11.175308 0.000001
v -3.662783 11.383782 0.000001
v -3.655784 11.272421 0.000001
v -3.667794 11.632553 0.000001
v -3.657088 11.878231 0.000001
v -3.633016 12.118416 0.000001
v -3.598047 12.351433 0.000001
v -3.897418 10.424228 2.368033
v -3.795869 10.477055 3.157372
v -3.795869 10.477055 1.578679
v -3.726619 10.534752 3.157372
v -3.726619 10.534752 1.578679
v -3.669648 10.604576 3.157372
v -3.669648 10.604576 1.578679
v -3.626913 10.683953 3.157372
v -3.626913 10.683953 1.578679
v -3.599900 10.769951 3.157372
v -3.599900 10.769951 1.578679
v -3.591506 10.826636 3.157372
v -3.591506 10.826636 1.578679
v -3.592276 10.916782 3.157372
v -3.592276 10.916782 1.578679
v -3.592319 10.917866 0.000001
v -3.591282 10.828819 0.000001
v -3.606946 10.741088 0.000001
v -3.638732 10.657923 0.000001
v -3.685594 10.582087 0.000001
v -3.745788 10.516411 0.000001
v -3.817256 10.463150 0.000001
v -3.897418 10.424228 0.000001
v -1.917847 11.422257 2.368033
v -1.951350 11.552439 0.000001
v -2.005536 11.697709 0.000001
v -1.917848 11.422257 0.000001
v -2.082052 11.861668 0.000001
v -2.182539 12.047884 0.000001
v -2.308113 12.256532 0.000001
v -2.458677 12.478477 0.000001
v -2.635441 12.711364 0.000001
v -1.482430 11.038624 0.000001
v -1.507854 11.040994 1.578679
v -1.507854 11.040994 3.157372
v -1.595986 11.059914 1.578679
v -1.595986 11.059914 3.157372
v -1.678880 11.095252 1.578679
v -1.678880 11.095252 3.157372
v -1.753611 11.145679 1.578679
v -1.753611 11.145679 3.157372
v -1.817491 11.209274 1.578679
v -1.817491 11.209274 3.157372
v -1.851272 11.255568 1.578679
v -1.851272 11.255568 3.157372
v -1.892482 11.335755 1.578679
v -1.892482 11.335755 3.157372
v -1.570390 11.052557 0.000001
v -1.654237 11.082721 0.000001
v -1.730890 11.128017 0.000001
v -1.797787 11.186944 0.000001
v -1.852425 11.257302 0.000001
v -1.892937 11.336695 0.000001
v -3.995289 10.387111 0.000001
v -3.995289 10.387111 2.368033
v -3.962704 10.399585 0.000001
v -3.930079 10.411957 0.000001
v -5.857130 11.897382 0.000001
v -6.061283 11.794676 0.000001
v -6.263629 11.688473 0.000001
v -6.464126 11.578801 0.000001
v -4.595644 10.631372 2.368034
v -4.659325 10.749760 0.000001
v -4.746703 10.877845 0.000001
v -4.595644 10.631372 0.000001
v -4.860233 11.018722 0.000001
v -5.002367 11.175482 0.000001
v -5.174225 11.348011 0.000001
v -5.373529 11.527477 0.000001
v -5.600887 11.711280 0.000001
v -4.081069 10.363104 0.000001
v -4.106323 10.359318 1.578679
v -4.106322 10.359318 3.157373
v -4.196418 10.356586 1.578679
v -4.196417 10.356586 3.157373
v -4.285363 10.371068 1.578679
v -4.285363 10.371068 3.157373
v -4.369995 10.402143 1.578679
v -4.369994 10.402143 3.157373
v -4.447233 10.448596 1.578679
v -4.447233 10.448596 3.157373
v -4.491110 10.485466 1.578679
v -4.491109 10.485466 3.157373
v -4.550314 10.553454 1.578679
v -4.550314 10.553454 3.157373
v -4.169809 10.355559 0.000001
v -4.258437 10.364795 0.000001
v -4.343700 10.390421 0.000001
v -4.422757 10.431627 0.000001
v -4.492646 10.486868 0.000001
v -4.550979 10.554264 0.000001
v -6.138825 9.821451 0.000001
v -6.138825 9.821451 2.368034
v -6.214250 9.978097 0.000001
v -6.280670 10.176439 0.000001
v -6.247225 10.069976 0.000001
v -6.345067 10.416769 0.000001
v -6.393471 10.657866 0.000001
v -6.427574 10.896836 0.000001
v -6.449384 11.131457 0.000001
v -6.278849 9.188613 2.368034
v -6.192894 9.264189 3.157373
v -6.192895 9.264189 1.578680
v -6.139468 9.336788 3.157373
v -6.139468 9.336788 1.578680
v -6.100856 9.418219 3.157373
v -6.100856 9.418219 1.578680
v -6.078359 9.505530 3.157373
v -6.078360 9.505530 1.578680
v -6.072708 9.595473 3.157373
v -6.072708 9.595473 1.578680
v -6.078128 9.652535 3.157373
v -6.078128 9.652535 1.578680
v -6.100451 9.739877 3.157373
v -6.100451 9.739877 1.578680
v -6.100748 9.740917 0.000001
v -6.078432 9.654703 0.000001
v -6.072650 9.565772 0.000001
v -6.083606 9.477419 0.000001
v -6.110959 9.392564 0.000001
v -6.153683 9.314400 0.000001
v -6.210333 9.245587 0.000001
v -6.278849 9.188613 0.000001
v -6.364991 9.129151 0.000001
v -6.364991 9.129151 2.368034
v -6.336337 9.149054 0.000001
v -6.307625 9.168884 0.000001
v -8.534160 10.149961 0.000001
v -8.707802 10.001395 0.000001
v -8.878858 9.849853 0.000001
v -9.047281 9.695375 0.000001
v -7.006357 9.222636 2.368034
v -7.096524 9.322335 0.000001
v -7.212013 9.425792 0.000001
v -7.006357 9.222636 0.000001
v -7.355954 9.535406 0.000001
v -7.531475 9.653605 0.000001
v -7.739625 9.779984 0.000001
v -7.976088 9.906538 0.000001
v -8.240829 10.030605 0.000001
v -6.442533 9.085300 0.000001
v -6.466142 9.075587 1.578680
v -6.466142 9.075587 3.157373
v -6.552970 9.051378 1.578680
v -6.552970 9.051378 3.157373
v -6.642798 9.044137 1.578680
v -6.642797 9.044137 3.157373
v -6.732409 9.054067 1.578680
v -6.732408 9.054067 3.157373
v -6.818514 9.080689 1.578680
v -6.818514 9.080689 3.157373
v -6.869946 9.105983 1.578680
v -6.869946 9.105983 3.157373
v -6.943695 9.157827 1.578680
v -6.943694 9.157827 3.157373
v -6.526889 9.056755 0.000001
v -6.615149 9.044498 0.000001
v -6.704073 9.048979 0.000001
v -6.790691 9.070066 0.000001
v -6.871775 9.106980 0.000001
v -6.944540 9.158463 0.000001
v -8.310870 8.066934 0.000001
v -8.310870 8.066934 2.368034
v -8.421590 8.200974 0.000001
v -8.533545 8.377666 0.000001
v -8.475595 8.282303 0.000001
v -8.653587 8.595607 0.000001
v -8.758281 8.818116 0.000001
v -8.848585 9.041969 0.000001
v -8.925910 9.264550 0.000001
v -8.295377 7.418977 2.368034
v -8.230004 7.512938 3.157373
v -8.230004 7.512938 1.578680
v -8.195504 7.596218 3.157373
v -8.195504 7.596218 1.578680
v -8.177503 7.684513 3.157373
v -8.177503 7.684513 1.578680
v -8.176556 7.774659 3.157373
v -8.176556 7.774659 1.578680
v -8.192599 7.863358 3.157373
v -8.192599 7.863358 1.578680
v -8.211511 7.917457 3.157373
v -8.211511 7.917457 1.578680
v -8.254084 7.996922 3.157373
v -8.254084 7.996922 1.578680
v -8.254625 7.997861 0.000001
v -8.212320 7.919481 0.000001
v -8.185431 7.834538 0.000001
v -8.174923 7.746128 0.000001
v -8.181173 7.657197 0.000001
v -8.203952 7.571069 0.000001
v -8.242484 7.490694 0.000001
v -8.295377 7.418977 0.000001
v -8.364789 7.340625 0.000001
v -8.364789 7.340625 2.368034
v -8.341728 7.366815 0.000001
v -8.318596 7.392932 0.000001
v -10.715217 7.812671 0.000001
v -10.848260 7.626859 0.000001
v -10.978080 7.438778 0.000001
v -11.104640 7.248500 0.000001
v -9.009884 7.277912 2.368034
v -9.121290 7.353142 0.000001
v -9.258184 7.425943 0.000001
v -9.009884 7.277912 0.000001
v -9.424181 7.497935 0.000001
v -9.622886 7.570679 0.000001
v -9.855229 7.643581 0.000001
v -10.115108 7.709864 0.000001
v -10.401847 7.766969 0.000001
v -8.429583 7.279502 0.000001
v -8.450179 7.264413 1.578680
v -8.450179 7.264413 3.157373
v -8.528689 7.220128 1.578680
v -8.528689 7.220128 3.157373
v -8.614174 7.191611 1.578680
v -8.614174 7.191611 3.157373
v -8.703553 7.179803 1.578680
v -8.703553 7.179803 3.157373
v -8.793532 7.185035 1.578680
v -8.793532 7.185035 3.157373
v -8.849524 7.197291 1.578680
v -8.849524 7.197291 3.157373
v -8.933534 7.229985 1.578680
v -8.933534 7.229985 3.157373
v -8.504653 7.231589 0.000001
v -8.587420 7.198578 0.000001
v -8.674827 7.181653 0.000001
v -8.763975 7.181393 0.000001
v -8.851533 7.197826 0.000001
v -8.934503 7.230390 0.000001
v -9.999915 5.843608 0.000001
v -9.999915 5.843608 2.368034
v -10.139490 5.947253 0.000001
v -10.290484 6.092017 0.000001
v -10.211396 6.013290 0.000001
v -10.459198 6.274895 0.000001
v -10.614094 6.465881 0.000001
v -10.755346 6.661623 0.000001
v -10.883692 6.859228 0.000001
v -9.829806 5.218184 2.368034
v -9.788824 5.325052 3.157373
v -9.788824 5.325052 1.578680
v -9.775252 5.414171 3.157373
v -9.775252 5.414171 1.578680
v -9.778902 5.504215 3.157373
v -9.778902 5.504215 1.578680
v -9.799556 5.591976 3.157373
v -9.799556 5.591976 1.578680
v -9.836361 5.674244 3.157373
v -9.836361 5.674244 1.578680
v -9.867674 5.722243 3.157373
v -9.867674 5.722243 1.578680
v -9.928024 5.789220 3.157373
v -9.928024 5.789220 1.578680
v -9.928776 5.789986 0.000001
v -9.868946 5.724021 0.000001
v -9.822500 5.647983 0.000001
v -9.791143 5.564645 0.000001
v -9.775931 5.476812 0.000001
v -9.777434 5.387736 0.000001
v -9.795609 5.300467 0.000001
v -9.829806 5.218184 0.000001
v -9.878449 5.125509 0.000001
v -9.878449 5.125509 2.368034
v -9.862333 5.156454 0.000001
v -9.846117 5.187341 0.000001
v -12.273545 5.021330 0.000002
v -12.358256 4.809068 0.000002
v -12.439289 4.595390 0.000002
v -12.516636 4.380354 0.000002
v -10.489796 4.910227 2.368034
v -10.615966 4.956608 0.000001
v -10.766302 4.994533 0.000001
v -10.489796 4.910227 0.000001
v -10.944699 5.024697 0.000001
v -11.155046 5.047794 0.000001
v -11.398086 5.062955 0.000001
v -11.666274 5.065138 0.000001
v -11.958347 5.051956 0.000002
v -9.926730 5.050641 0.000001
v -9.943120 5.031057 1.578680
v -9.943120 5.031057 3.157373
v -10.008753 4.969269 1.578680
v -10.008753 4.969269 3.157373
v -10.084929 4.921125 1.578680
v -10.084929 4.921125 3.157373
v -10.168888 4.888272 1.578680
v -10.168888 4.888272 3.157373
v -10.257502 4.871825 1.578680
v -10.257502 4.871825 3.157373
v -10.314795 4.870321 1.578680
v -10.314795 4.870321 3.157373
v -10.404188 4.881957 1.578680
v -10.404188 4.881957 3.157373
v -9.988157 4.986165 0.000001
v -10.060612 4.934292 0.000001
v -10.141435 4.896945 0.000001
v -10.227930 4.875351 0.000001
v -10.316876 4.870365 0.000001
v -10.405230 4.882130 0.000001
v -11.107798 3.280673 0.000001
v -11.107798 3.280673 2.368034
v -11.268128 3.347895 0.000001
v -11.449373 3.452320 0.000001
v -11.353743 3.394810 0.000001
v -11.656952 3.589511 0.000001
v -11.853055 3.737875 0.000001
v -12.037045 3.894130 0.000002
v -12.208954 4.055284 0.000002
v -10.792961 2.714131 2.368034
v -10.778747 2.827706 3.157373
v -10.778747 2.827706 1.578680
v -10.786899 2.917475 3.157373
v -10.786899 2.917475 1.578680
v -10.811989 3.004021 3.157373
v -10.811989 3.004021 1.578680
v -10.853051 3.084295 3.157373
v -10.853051 3.084295 1.578680
v -10.908465 3.155362 3.157373
v -10.908465 3.155362 1.578680
v -10.950358 3.194487 3.157373
v -10.950358 3.194487 1.578680
v -11.024988 3.245059 3.157373
v -11.024988 3.245059 1.578680
v -11.025898 3.245638 0.000001
v -10.952020 3.195904 0.000001
v -10.888729 3.133176 0.000001
v -10.838338 3.059768 0.000001
v -10.802544 2.978121 0.000001
v -10.782692 2.891285 0.000001
v -10.779455 2.802210 0.000001
v -10.792961 2.714131 0.000001
v -10.818009 2.612496 0.000001
v -10.818009 2.612496 2.368034
v -10.809771 2.646403 0.000001
v -10.801416 2.680282 0.000001
v -13.118581 1.938161 0.000002
v -13.150031 1.711808 0.000002
v -13.177579 1.484949 0.000002
v -13.201210 1.257641 0.000002
v -11.360074 2.257161 2.368034
v -11.493673 2.272004 0.000001
v -11.648728 2.272857 0.000001
v -11.360074 2.257161 0.000001
v -11.829156 2.259459 0.000001
v -12.038918 2.231535 0.000002
v -12.278524 2.188103 0.000002
v -12.539436 2.126026 0.000002
v -12.819866 2.043324 0.000002
v -10.846973 2.528262 0.000001
v -10.858204 2.505324 1.578680
v -10.858204 2.505324 3.157373
v -10.907143 2.429632 1.578680
v -10.907143 2.429632 3.157373
v -10.969581 2.364650 1.578680
v -10.969581 2.364650 3.157373
v -11.043235 2.312661 1.578680
v -11.043235 2.312661 3.157373
v -11.125344 2.275473 1.578680
v -11.125344 2.275473 3.157373
v -11.180614 2.260311 1.578680
v -11.180614 2.260311 3.157373
v -11.270196 2.250209 1.578680
v -11.270196 2.250209 3.157373
v -10.891186 2.450951 0.000001
v -10.949122 2.383251 0.000001
v -11.018658 2.327635 0.000001
v -11.097479 2.285980 0.000001
v -11.182645 2.259849 0.000001
v -11.271243 2.250122 0.000001
v -11.570146 0.527069 0.000001
v -11.570146 0.527069 2.368034
v -11.741901 0.553981 0.000001
v -11.942867 0.611983 0.000001
v -11.836260 0.579043 0.000001
v -12.177250 0.695508 0.000002
v -12.403163 0.792635 0.000002
v -12.619204 0.900312 0.000002
v -12.824679 1.015649 0.000002
v -11.128871 0.052335 2.368034
v -11.142247 0.166011 3.157373
v -11.142247 0.166011 1.578680
v -11.171645 0.251228 3.157373
v -11.171645 0.251228 1.578680
v -11.216725 0.329247 3.157373
v -11.216725 0.329247 1.578680
v -11.275796 0.397365 3.157373
v -11.275796 0.397365 1.578680
v -11.346618 0.453112 3.157373
v -11.346618 0.453112 1.578680
v -11.396655 0.481064 3.157373
v -11.396655 0.481064 1.578680
v -11.481215 0.512312 3.157373
v -11.481215 0.512312 1.578680
v -11.482233 0.512659 0.000001
v -11.398606 0.482047 0.000001
v -11.322141 0.436288 0.000001
v -11.255649 0.377073 0.000001
v -11.201354 0.306367 0.000001
v -11.161297 0.226801 0.000001
v -11.136835 0.141093 0.000001
v -11.128871 0.052335 0.000001
v -11.128871 -0.052336 0.000001
v -11.128871 -0.052336 2.368034
v -11.128980 -0.017445 0.000001
v -11.128980 0.017445 0.000001
v -13.201210 -1.257641 0.000002
v -13.177579 -1.484949 0.000002
v -13.150031 -1.711808 0.000002
v -13.118581 -1.938162 0.000002
v -11.570146 -0.527069 2.368034
v -11.703420 -0.544630 0.000001
v -11.854168 -0.580908 0.000001
v -11.570146 -0.527069 0.000001
v -12.026148 -0.637102 0.000002
v -12.223125 -0.714413 0.000002
v -12.445381 -0.813924 0.000002
v -12.683861 -0.936633 0.000002
v -12.936346 -1.084043 0.000002
v -11.136835 -0.141064 0.000001
v -11.142247 -0.166011 1.578680
v -11.142247 -0.166011 3.157373
v -11.171645 -0.251228 1.578680
v -11.171645 -0.251228 3.157373
v -11.216725 -0.329247 1.578680
v -11.216725 -0.329247 3.157373
v -11.275796 -0.397365 1.578680
v -11.275796 -0.397365 3.157373
v -11.346618 -0.453112 1.578680
v -11.346618 -0.453112 3.157373
v -11.396655 -0.481064 1.578680
v -11.396655 -0.481064 3.157373
v -11.481215 -0.512313 1.578680
v -11.481215 -0.512313 3.157373
v -11.161261 -0.226700 0.000001
v -11.201311 -0.306309 0.000001
v -11.255518 -0.376928 0.000001
v -11.322076 -0.436245 0.000001
v -11.398512 -0.482004 0.000001
v -11.482211 -0.512645 0.000001
v -11.360074 -2.257161 0.000001
v -11.360074 -2.257161 2.368034
v -11.533282 -2.272149 0.000001
v -11.742285 -2.263911 0.000001
v -11.630893 -2.270386 0.000001
v -11.989848 -2.238906 0.000002
v -12.232440 -2.198668 0.000002
v -12.467972 -2.145813 0.000002
v -12.695077 -2.083013 0.000002
v -10.818009 -2.612496 2.368034
v -10.858204 -2.505325 3.157373
v -10.858204 -2.505325 1.578680
v -10.907143 -2.429633 3.157373
v -10.907143 -2.429633 1.578680
v -10.969581 -2.364650 3.157373
v -10.969581 -2.364650 1.578680
v -11.043235 -2.312662 3.157373
v -11.043235 -2.312662 1.578680
v -11.125344 -2.275473 3.157373
v -11.125344 -2.275473 1.578680
v -11.180614 -2.260312 3.157373
v -11.180614 -2.260312 1.578680
v -11.270196 -2.250209 3.157373
v -11.270196 -2.250209 1.578680
v -11.271265 -2.250122 0.000001
v -11.182738 -2.259820 0.000001
v -11.097550 -2.285952 0.000001
v -11.018824 -2.327534 0.000001
v -10.949180 -2.383194 0.000001
v -10.891244 -2.450865 0.000001
v -10.846988 -2.528233 0.000001
v -10.818009 -2.612496 0.000001
v -10.792961 -2.714132 0.000001
v -10.792961 -2.714132 2.368034
v -10.801416 -2.680282 0.000001
v -10.809771 -2.646404 0.000001
v -12.516636 -4.380354 0.000002
v -12.439289 -4.595390 0.000002
v -12.358256 -4.809068 0.000002
v -12.273545 -5.021330 0.000002
v -11.107798 -3.280673 2.368034
v -11.233000 -3.329612 0.000001
v -11.370683 -3.400910 0.000001
v -11.107798 -3.280673 0.000001
v -11.524220 -3.496634 0.000001
v -11.696974 -3.618837 0.000001
v -11.888957 -3.768646 0.000001
v -12.091137 -3.944861 0.000002
v -12.301014 -4.148407 0.000002
v -10.779455 -2.802181 0.000001
v -10.778747 -2.827706 1.578680
v -10.778747 -2.827706 3.157373
v -10.786899 -2.917475 1.578680
v -10.786899 -2.917475 3.157373
v -10.811989 -3.004022 1.578680
v -10.811989 -3.004022 3.157373
v -10.853051 -3.084296 1.578680
v -10.853051 -3.084296 3.157373
v -10.908465 -3.155363 1.578680
v -10.908465 -3.155363 3.157373
v -10.950358 -3.194488 1.578680
v -10.950358 -3.194488 3.157373
v -11.024988 -3.245060 1.578680
v -11.024988 -3.245060 3.157373
v -10.782678 -2.891185 0.000001
v -10.802523 -2.978049 0.000001
v -10.838243 -3.059609 0.000001
v -10.888679 -3.133119 0.000001
v -10.951941 -3.195832 0.000001
v -11.025877 -3.245624 0.000001
v -10.489796 -4.910227 0.000001
v -10.489796 -4.910227 2.368034
v -10.654383 -4.966219 0.000001
v -10.859287 -5.008235 0.000001
v -10.749579 -4.987870 0.000001
v -11.105638 -5.043198 0.000001
v -11.350809 -5.062189 0.000001
v -11.592143 -5.067248 0.000001
v -11.827682 -5.060614 0.000001
v -9.878449 -5.125509 2.368034
v -9.943120 -5.031057 3.157373
v -9.943120 -5.031057 1.578680
v -10.008753 -4.969269 3.157373
v -10.008753 -4.969269 1.578680
v -10.084929 -4.921125 3.157373
v -10.084929 -4.921125 1.578680
v -10.168888 -4.888272 3.157373
v -10.168888 -4.888272 1.578680
v -10.257502 -4.871825 3.157373
v -10.257502 -4.871825 1.578680
v -10.314795 -4.870321 3.157373
v -10.314795 -4.870321 1.578680
v -10.404188 -4.881957 3.157373
v -10.404188 -4.881957 1.578680
v -10.405258 -4.882130 0.000001
v -10.316978 -4.870365 0.000001
v -10.228010 -4.875337 0.000001
v -10.141623 -4.896872 0.000001
v -10.060683 -4.934248 0.000001
v -9.988236 -4.986093 0.000001
v -9.926744 -5.050612 0.000001
v -9.878449 -5.125509 0.000001
v -9.829806 -5.218184 0.000001
v -9.829806 -5.218184 2.368034
v -9.846117 -5.187341 0.000001
v -9.862333 -5.156454 0.000001
v -11.104640 -7.248500 0.000001
v -10.978080 -7.438778 0.000001
v -10.848260 -7.626859 0.000001
v -10.715217 -7.812671 0.000001
v -9.999915 -5.843608 2.368034
v -10.109760 -5.921092 0.000001
v -10.226377 -6.023277 0.000001
v -9.999915 -5.843608 0.000001
v -10.352547 -6.152952 0.000001
v -10.491038 -6.312951 0.000001
v -10.641584 -6.504342 0.000001
v -10.795722 -6.723830 0.000001
v -10.950785 -6.971690 0.000001
v -9.795624 -5.300452 0.000001
v -9.788824 -5.325052 1.578680
v -9.788824 -5.325052 3.157373
v -9.775252 -5.414171 1.578680
v -9.775252 -5.414171 3.157373
v -9.778902 -5.504215 1.578680
v -9.778902 -5.504215 3.157373
v -9.799556 -5.591976 1.578680
v -9.799556 -5.591976 3.157373
v -9.836361 -5.674244 1.578680
v -9.836361 -5.674244 3.157373
v -9.867674 -5.722243 1.578680
v -9.867674 -5.722243 3.157373
v -9.928024 -5.789220 1.578680
v -9.928024 -5.789220 3.157373
v -9.777450 -5.387635 0.000001
v -9.775925 -5.476725 0.000001
v -9.791093 -5.564457 0.000001
v -9.822464 -5.647910 0.000001
v -9.868881 -5.723948 0.000001
v -9.928754 -5.789971 0.000001
v -9.009884 -7.277912 0.000001
v -9.009884 -7.277912 2.368033
v -9.156296 -7.371671 0.000001
v -9.345186 -7.461513 0.000001
v -9.243544 -7.415479 0.000001
v -9.576014 -7.554404 0.000001
v -9.809521 -7.631513 0.000001
v -10.042631 -7.694182 0.000001
v -10.272909 -7.744119 0.000001
v -8.364789 -7.340625 2.368033
v -8.450179 -7.264413 3.157372
v -8.450179 -7.264413 1.578680
v -8.528689 -7.220128 3.157372
v -8.528689 -7.220128 1.578680
v -8.614174 -7.191611 3.157372
v -8.614174 -7.191611 1.578680
v -8.703553 -7.179803 3.157372
v -8.703553 -7.179803 1.578680
v -8.793532 -7.185035 3.157372
v -8.793532 -7.185035 1.578680
v -8.849524 -7.197291 3.157372
v -8.849524 -7.197291 1.578680
v -8.933534 -7.229985 3.157372
v -8.933534 -7.229985 1.578680
v -8.934531 -7.230404 0.000001
v -8.851634 -7.197855 0.000001
v -8.764054 -7.181393 0.000001
v -8.675022 -7.181624 0.000001
v -8.587493 -7.198549 0.000001
v -8.504747 -7.231546 0.000001
v -8.429605 -7.279488 0.000001
v -8.364789 -7.340625 0.000001
v -8.295377 -7.418977 0.000001
v -8.295377 -7.418977 2.368033
v -8.318596 -7.392932 0.000001
v -8.341728 -7.366815 0.000001
v -9.047281 -9.695375 0.000001
v -8.878858 -9.849853 0.000001
v -8.707802 -10.001395 0.000001
v -8.534160 -10.149961 0.000001
v -8.310870 -8.066934 2.368033
v -8.398978 -8.168468 0.000001
v -8.487758 -8.295586 0.000001
v -8.310870 -8.066934 0.000001
v -8.579226 -8.451681 0.000001
v -8.675398 -8.640182 0.000001
v -8.775769 -8.862040 0.000001
v -8.872895 -9.112039 0.000001
v -8.964147 -9.389803 0.000001
v -8.242499 -7.490665 0.000001
v -8.230004 -7.512938 1.578680
v -8.230004 -7.512938 3.157372
v -8.195504 -7.596218 1.578680
v -8.195504 -7.596218 3.157372
v -8.177503 -7.684513 1.578680
v -8.177503 -7.684513 3.157372
v -8.176556 -7.774673 1.578680
v -8.176556 -7.774673 3.157372
v -8.192599 -7.863358 1.578680
v -8.192599 -7.863358 3.157372
v -8.211511 -7.917457 1.578680
v -8.211511 -7.917457 3.157372
v -8.254084 -7.996922 1.578680
v -8.254084 -7.996922 3.157372
v -8.203988 -7.570968 0.000001
v -8.181188 -7.657110 0.000001
v -8.174923 -7.745925 0.000001
v -8.185409 -7.834452 0.000001
v -8.212284 -7.919394 0.000001
v -8.254611 -7.997832 0.000001
v -7.006357 -9.222636 0.000001
v -7.006357 -9.222636 2.368033
v -7.126074 -9.348698 0.000001
v -7.287980 -9.481133 0.000001
v -7.200299 -9.412119 0.000001
v -7.489864 -9.626577 0.000001
v -7.698129 -9.757337 0.000001
v -7.909473 -9.873960 0.000001
v -8.121105 -9.977548 0.000001
v -6.364991 -9.129151 2.368033
v -6.466142 -9.075587 3.157372
v -6.466142 -9.075587 1.578680
v -6.552970 -9.051378 3.157372
v -6.552970 -9.051378 1.578680
v -6.642797 -9.044137 3.157372
v -6.642798 -9.044137 1.578680
v -6.732408 -9.054067 3.157372
v -6.732409 -9.054067 1.578680
v -6.818514 -9.080689 3.157372
v -6.818514 -9.080689 1.578680
v -6.869946 -9.105983 3.157372
v -6.869946 -9.105983 1.578680
v -6.943694 -9.157827 3.157372
v -6.943695 -9.157827 1.578680
v -6.944554 -9.158478 0.000001
v -6.871861 -9.107038 0.000001
v -6.790771 -9.070095 0.000001
v -6.704268 -9.049008 0.000001
v -6.615228 -9.044498 0.000001
v -6.526991 -9.056726 0.000001
v -6.442554 -9.085286 0.000001
v -6.364991 -9.129151 0.000001
v -6.278849 -9.188613 0.000001
v -6.278849 -9.188613 2.368033
v -6.307625 -9.168884 0.000001
v -6.336337 -9.149054 0.000001
v -6.464126 -11.578801 0.000001
v -6.263629 -11.688473 0.000001
v -6.061283 -11.794676 0.000001
v -5.857130 -11.897382 0.000001
v -6.138825 -9.821451 2.368033
v -6.200078 -9.941111 0.000001
v -6.255854 -10.085773 0.000001
v -6.138825 -9.821451 0.000001
v -6.307300 -10.259243 0.000001
v -6.355574 -10.465275 0.000001
v -6.399939 -10.704708 0.000001
v -6.434417 -10.970678 0.000001
v -6.456538 -11.262202 0.000001
v -6.210347 -9.245559 0.000001
v -6.192895 -9.264203 1.578680
v -6.192894 -9.264203 3.157372
v -6.139468 -9.336802 1.578680
v -6.139468 -9.336802 3.157372
v -6.100856 -9.418219 1.578680
v -6.100856 -9.418219 3.157372
v -6.078360 -9.505530 1.578680
v -6.078359 -9.505530 3.157372
v -6.072708 -9.595473 1.578680
v -6.072708 -9.595473 3.157372
v -6.078128 -9.652535 1.578680
v -6.078128 -9.652535 3.157372
v -6.100451 -9.739877 1.578680
v -6.100451 -9.739877 3.157372
v -6.153741 -9.314313 0.000001
v -6.110988 -9.392491 0.000001
v -6.083650 -9.477231 0.000001
v -6.072650 -9.565700 0.000001
v -6.078410 -9.654602 0.000001
v -6.100740 -9.740889 0.000001
v -4.595644 -10.631372 0.000001
v -4.595644 -10.631372 2.368033
v -4.681713 -10.782424 0.000001
v -4.807215 -10.949764 0.000001
v -4.738605 -10.861758 0.000001
v -4.968428 -11.139291 0.000001
v -5.139352 -11.316084 0.000001
v -5.316644 -11.479897 0.000001
v -5.497340 -11.631123 0.000001
v -3.995289 -10.387111 2.368033
v -4.106322 -10.359318 3.157372
v -4.106323 -10.359318 1.578679
v -4.196417 -10.356586 3.157372
v -4.196418 -10.356586 1.578679
v -4.285363 -10.371068 3.157372
v -4.285363 -10.371068 1.578679
v -4.369994 -10.402143 3.157372
v -4.369995 -10.402143 1.578679
v -4.447233 -10.448596 3.157372
v -4.447233 -10.448596 1.578679
v -4.491109 -10.485466 3.157372
v -4.491110 -10.485466 1.578679
v -4.550314 -10.553454 3.157372
v -4.550314 -10.553454 1.578679
v -4.550994 -10.554293 0.000001
v -4.492722 -10.486940 0.000001
v -4.422825 -10.431671 0.000001
v -4.343885 -10.390493 0.000001
v -4.258516 -10.364810 0.000001
v -4.169910 -10.355574 0.000001
v -4.081098 -10.363090 0.000001
v -3.995289 -10.387111 0.000001
v -3.897418 -10.424228 0.000001
v -3.897418 -10.424228 2.368033
v -3.930079 -10.411971 0.000001
v -3.962704 -10.399585 0.000001
v -0.261074 1.396625 0.000000
v 0.000000 1.420819 0.000000
v -0.513259 1.324878 0.000000
v -0.747967 1.208009 0.000001
v -0.957200 1.050005 0.000001
v -1.133838 0.856229 0.000001
v -1.271867 0.633316 0.000001
v -1.366580 0.388823 0.000001
v -1.414760 0.131092 0.000001
v -1.414760 -0.131092 0.000001
v -1.366580 -0.388823 0.000001
v -1.271867 -0.633316 0.000001
v -1.133838 -0.856229 0.000001
v -0.957200 -1.050005 0.000001
v -0.747967 -1.208009 0.000001
v -0.513259 -1.324878 0.000000
v -0.261074 -1.396625 0.000000
v -3.817278 -10.463136 0.000001
v 0.000000 -1.420819 0.000000
v 0.261074 -1.396625 0.000000
v 0.513259 -1.324878 0.000000
v 0.747967 -1.208009 0.000000
v 0.957200 -1.050005 0.000000
v 1.133838 -0.856229 0.000000
v 1.271867 -0.633316 0.000000
v 1.366580 -0.388823 0.000000
v 1.414760 -0.131092 0.000000
v 1.414760 0.131092 0.000000
v 1.366580 0.388823 0.000000
v 1.271867 0.633316 0.000000
v 1.133838 0.856229 0.000000
v 0.957200 1.050005 0.000000
v 0.747967 1.208009 0.000000
v 0.513259 1.324878 0.000000
v 0.261074 1.396625 0.000000
v -1.482456 -11.038624 0.000001
v -3.745864 -10.516353 0.000001
v -1.570491 -11.052571 0.000001
v -3.685641 -10.582028 0.000001
v -1.654309 -11.082749 0.000001
v -3.638819 -10.657749 0.000001
v -1.731049 -11.128133 0.000001
v -1.797842 -11.187001 0.000001
v -3.606968 -10.741015 0.000001
v -1.852479 -11.257389 0.000001
v -3.591290 -10.828718 0.000001
v -1.892945 -11.336723 0.000001
v -3.592316 -10.917837 0.000001
v -1.917848 -11.422257 0.000001
v -3.610014 -11.005178 0.000001
v -1.965265 -11.589511 0.000001
v -3.640850 -11.136010 0.000001
v -2.001518 -11.680162 0.000001
v -3.660384 -11.289823 0.000001
v -2.047078 -11.782029 0.000001
v -3.668828 -11.470560 0.000001
v -2.158250 -12.004625 0.000001
v -3.666393 -11.682157 0.000001
v -2.281898 -12.217190 0.000001
v -3.652160 -11.925247 0.000001
v -2.414832 -12.418670 0.000001
v -3.621988 -12.191752 0.000001
v -2.554086 -12.608745 0.000001
v -3.573696 -12.480096 0.000001
v -3.284388 -12.847817 0.000000
v -3.505300 -12.789310 0.000000
v -2.839702 -12.953370 0.000000
v -3.062500 -12.902509 0.000000
v -3.610013 -11.005178 2.368033
v -3.795869 -10.477055 1.578679
v -3.795869 -10.477055 3.157372
v -3.726619 -10.534752 1.578679
v -3.726619 -10.534752 3.157372
v -3.669648 -10.604576 1.578679
v -3.669648 -10.604576 3.157372
v -3.626913 -10.683953 1.578679
v -3.626913 -10.683953 3.157372
v -3.599900 -10.769951 1.578679
v -3.599900 -10.769951 3.157372
v -3.591506 -10.826636 1.578679
v -3.591506 -10.826636 3.157372
v -3.592276 -10.916782 1.578679
v -3.592276 -10.916782 3.157372
v -1.917847 -11.422257 2.368033
v -1.507854 -11.040994 3.157372
v -1.507854 -11.040994 1.578679
v -1.595986 -11.059914 3.157372
v -1.595986 -11.059914 1.578679
v -1.678880 -11.095252 3.157372
v -1.678880 -11.095252 1.578679
v -1.753611 -11.145679 3.157372
v -1.753611 -11.145679 1.578679
v -1.817491 -11.209274 3.157372
v -1.817491 -11.209274 1.578679
v -1.851272 -11.255568 3.157372
v -1.851272 -11.255568 1.578679
v -1.892482 -11.335755 3.157372
v -1.892482 -11.335755 1.578679
v -0.814947 1.163868 3.317327
v -1.014934 0.994302 3.317327
v -1.180356 0.790886 3.317327
v -1.305579 0.560529 3.317327
v -1.386344 0.311079 3.317327
v -1.419901 0.051049 3.317327
v -1.405105 -0.210730 3.317327
v -1.342457 -0.465325 3.317327
v -1.234097 -0.704079 3.317327
v -1.083706 -0.918856 3.317327
v -0.896416 -1.102340 3.317327
v -0.678598 -1.248290 3.317327
v -0.436992 -1.351949 3.317327
v -0.181837 -1.409141 3.317327
v 0.080187 -1.418550 3.317327
v 0.339480 -1.379671 3.317327
v 0.587214 -1.293804 3.317327
v 0.814947 -1.163868 3.317327
v 1.014934 -0.994302 3.317327
v 1.180356 -0.790886 3.317327
v 1.305580 -0.560529 3.317327
v 1.386349 -0.311079 3.317327
v 1.419902 -0.051049 3.317327
v 1.405105 0.210729 3.317327
v 1.342457 0.465325 3.317327
v 1.234097 0.704079 3.317327
v 1.083710 0.918855 3.317327
v 0.896417 1.102340 3.317327
v 0.678598 1.248290 3.317327
v 0.437669 1.351732 3.317327
v 0.181838 1.409141 3.317327
v -0.080187 1.418550 3.317327
v -0.339479 1.379671 3.317327
v -0.587213 1.293789 3.317327
vn -0.6737 0.7390 -0.0000
vn -0.5264 0.8502 -0.0000
vn -0.3612 0.9325 -0.0000
vn -0.1837 0.9830 -0.0000
vn 0.0001 1.0000 -0.0000
vn 0.1838 0.9830 -0.0000
vn 0.3613 0.9325 -0.0000
vn 0.5265 0.8502 -0.0000
vn 0.6737 0.7390 -0.0000
vn 0.7981 0.6026 -0.0000
vn 0.8952 0.4457 -0.0000
vn 0.9618 0.2736 -0.0000
vn 0.9957 0.0922 -0.0000
vn 0.9957 -0.0923 -0.0000
vn 0.9618 -0.2737 -0.0000
vn 0.8951 -0.4458 -0.0000
vn 0.7980 -0.6027 -0.0000
vn 0.6737 -0.7390 -0.0000
vn 0.5264 -0.8502 -0.0000
vn 0.3612 -0.9325 -0.0000
vn 0.1837 -0.9830 -0.0000
vn -0.0001 -1.0000 -0.0000
vn -0.1838 -0.9830 -0.0000
vn -0.3613 -0.9325 -0.0000
vn -0.5265 -0.8502 -0.0000
vn -0.6737 -0.7390 -0.0000
vn -0.7981 -0.6026 -0.0000
vn -0.8952 -0.4457 -0.0000
vn -0.9618 -0.2736 -0.0000
vn -0.9957 -0.0922 -0.0000
vn -0.9957 0.0923 -0.0000
vn -0.9618 0.2737 -0.0000
vn -0.8951 0.4458 -0.0000
vn -0.7980 0.6027 -0.0000
vn -0.0000 -0.0000 1.0000
vn -0.6026 0.7981 -0.0000
vn -0.7980 -0.6026 -0.0000
vn 0.7980 0.6026 -0.0000
vn 0.6026 -0.7981 -0.0000
vn -0.5734 0.8193 -0.0000
vn -0.6310 0.7758 -0.0000
vn -0.6853 0.7282 -0.0000
vn -0.7361 0.6769 -0.0000
vn -0.7830 0.6220 -0.0000
vn -0.8259 0.5639 -0.0000
vn -0.8644 0.5028 -0.0000
vn -0.8984 0.4391 -0.0000
vn -0.9278 0.3731 -0.0000
vn -0.9523 0.3052 -0.0000
vn -0.9718 0.2357 -0.0000
vn -0.9863 0.1650 -0.0000
vn -0.9956 0.0934 -0.0000
vn -0.9998 0.0213 -0.0000
vn -0.9987 -0.0509 -0.0000
vn -0.9924 -0.1228 -0.0000
vn -0.9810 -0.1941 -0.0000
vn -0.9644 -0.2644 -0.0000
vn -0.9428 -0.3333 -0.0000
vn -0.9163 -0.4005 -0.0000
vn -0.8974 -0.4413 -0.0000
vn -0.8962 -0.4437 -0.0002
vn -0.8942 -0.4476 -0.0004
vn -0.8921 -0.4518 -0.0008
vn -0.8899 -0.4562 -0.0013
vn -0.8872 -0.4614 -0.0021
vn -0.8850 -0.4655 -0.0030
vn -0.8829 -0.4696 -0.0023
vn -0.8771 -0.4803 -0.0009
vn -0.8711 -0.4911 -0.0000
vn -0.8649 -0.5020 -0.0000
vn -0.8584 -0.5130 -0.0009
vn -0.8515 -0.5243 -0.0032
vn -0.8491 -0.5282 -0.0045
vn -0.8426 -0.5385 -0.0018
vn -0.8326 -0.5538 0.0002
vn -0.8231 -0.5679 -0.0001
vn -0.8138 -0.5812 -0.0027
vn -0.8088 -0.5881 -0.0053
vn -0.8035 -0.5954 -0.0027
vn -0.7925 -0.6099 -0.0000
vn -0.7818 -0.6235 0.0001
vn -0.7710 -0.6369 -0.0022
vn -0.7642 -0.6449 -0.0050
vn -0.7597 -0.6503 -0.0029
vn -0.7489 -0.6627 -0.0003
vn -0.7385 -0.6742 0.0002
vn -0.7282 -0.6853 -0.0009
vn -0.7173 -0.6968 -0.0033
vn -0.7157 -0.6984 -0.0038
vn -0.7091 -0.7051 -0.0019
vn -0.7021 -0.7121 -0.0006
vn -0.6957 -0.7183 -0.0001
vn -0.6897 -0.7241 -0.0000
vn -0.6847 -0.7288 -0.0001
vn -0.6800 -0.7332 -0.0004
vn -0.6722 -0.7404 -0.0010
vn -0.6635 -0.7482 -0.0017
vn -0.6603 -0.7510 -0.0009
vn -0.6565 -0.7544 -0.0000
vn -0.6635 -0.7482 0.0012
vn -0.5128 0.8585 -0.0000
vn -0.4495 0.8933 -0.0000
vn -0.3839 0.9234 -0.0000
vn -0.3162 0.9487 -0.0000
vn -0.2469 0.9690 -0.0000
vn -0.1764 0.9843 -0.0000
vn -0.1049 0.9945 -0.0000
vn -0.0329 0.9995 -0.0000
vn 0.0394 0.9992 -0.0000
vn 0.0393 0.9992 -0.0000
vn 0.1113 0.9938 -0.0000
vn 0.1828 0.9832 -0.0000
vn 0.2532 0.9674 -0.0000
vn 0.3224 0.9466 -0.0000
vn 0.3898 0.9209 -0.0000
vn 0.4553 0.8903 -0.0000
vn 0.5183 0.8552 -0.0000
vn 0.5787 0.8155 -0.0000
vn 0.6360 0.7717 -0.0000
vn 0.6701 0.7423 -0.0000
vn 0.6722 0.7404 0.0001
vn 0.6756 0.7373 0.0003
vn 0.6795 0.7337 0.0007
vn 0.6830 0.7304 0.0010
vn 0.6875 0.7262 0.0016
vn 0.6900 0.7238 0.0020
vn 0.6943 0.7196 0.0014
vn 0.7025 0.7117 0.0005
vn 0.7107 0.7034 -0.0000
vn 0.7196 0.6944 -0.0000
vn 0.7286 0.6849 0.0006
vn 0.7379 0.6750 0.0020
vn 0.7405 0.6721 0.0026
vn 0.7489 0.6627 0.0010
vn 0.7606 0.6492 -0.0001
vn 0.7715 0.6362 0.0001
vn 0.7819 0.6234 0.0015
vn 0.7870 0.6169 0.0029
vn 0.7926 0.6098 0.0015
vn 0.8036 0.5952 -0.0000
vn 0.8137 0.5812 -0.0001
vn 0.8235 0.5674 0.0012
vn 0.8295 0.5585 0.0028
vn 0.8332 0.5530 0.0017
vn 0.8424 0.5389 0.0002
vn 0.8507 0.5257 -0.0001
vn 0.8584 0.5130 0.0005
vn 0.8659 0.5002 0.0019
vn 0.8676 0.4972 0.0024
vn 0.8720 0.4896 0.0013
vn 0.8770 0.4805 0.0004
vn 0.8813 0.4726 0.0001
vn 0.8853 0.4650 -0.0000
vn 0.8884 0.4590 0.0001
vn 0.8913 0.4535 0.0003
vn 0.8948 0.4465 0.0006
vn 0.9013 0.4333 0.0013
vn 0.9025 0.4307 0.0009
vn 0.9053 0.4249 -0.0000
vn 0.9030 0.4296 -0.0009
vn 0.9013 0.4333 -0.0017
vn 0.8959 0.4443 -0.0010
vn 0.8915 0.4530 -0.0004
vn 0.8885 0.4590 -0.0001
vn 0.8813 0.4725 -0.0001
vn 0.8771 0.4803 -0.0006
vn 0.8723 0.4890 -0.0019
vn 0.8676 0.4972 -0.0038
vn 0.8665 0.4992 -0.0033
vn 0.8585 0.5128 -0.0009
vn 0.8506 0.5257 0.0002
vn 0.8424 0.5388 -0.0003
vn 0.8334 0.5526 -0.0029
vn 0.8295 0.5585 -0.0050
vn 0.8236 0.5672 -0.0022
vn 0.8137 0.5812 0.0001
vn 0.7925 0.6098 -0.0027
vn 0.7870 0.6169 -0.0053
vn 0.7818 0.6236 -0.0027
vn 0.7715 0.6362 -0.0001
vn 0.7606 0.6492 0.0002
vn 0.7486 0.6630 -0.0018
vn 0.7405 0.6721 -0.0045
vn 0.7374 0.6755 -0.0032
vn 0.7284 0.6851 -0.0009
vn 0.7196 0.6943 -0.0000
vn 0.7107 0.7035 -0.0000
vn 0.7022 0.7120 -0.0009
vn 0.6933 0.7207 -0.0023
vn 0.6900 0.7238 -0.0030
vn 0.6866 0.7270 -0.0021
vn 0.6823 0.7310 -0.0013
vn 0.6789 0.7342 -0.0008
vn 0.6752 0.7377 -0.0004
vn 0.6719 0.7406 -0.0001
vn 0.9302 0.3671 -0.0000
vn 0.9542 0.2990 -0.0000
vn 0.9733 0.2294 -0.0000
vn 0.9873 0.1586 -0.0000
vn 0.9962 0.0869 -0.0000
vn 0.9999 0.0148 -0.0000
vn 0.9984 -0.0574 -0.0000
vn 0.9916 -0.1293 -0.0000
vn 0.9797 -0.2005 -0.0000
vn 0.9627 -0.2707 -0.0000
vn 0.9406 -0.3394 -0.0000
vn 0.9137 -0.4064 -0.0000
vn 0.8820 -0.4713 -0.0000
vn 0.8457 -0.5337 -0.0000
vn 0.8050 -0.5933 -0.0000
vn 0.7601 -0.6499 -0.0000
vn 0.7112 -0.7030 -0.0000
vn 0.6586 -0.7525 -0.0000
vn 0.6026 -0.7980 -0.0000
vn 0.5434 -0.8395 -0.0000
vn 0.4814 -0.8765 -0.0000
vn 0.4169 -0.9089 -0.0000
vn 0.3503 -0.9366 -0.0000
vn 0.2818 -0.9595 -0.0000
vn 0.2118 -0.9773 -0.0000
vn 0.1407 -0.9900 -0.0000
vn 0.0689 -0.9976 -0.0000
vn -0.0032 -1.0000 -0.0000
vn -0.0754 -0.9972 -0.0000
vn -0.1471 -0.9891 -0.0000
vn -0.2182 -0.9759 -0.0000
vn -0.2880 -0.9576 -0.0000
vn -0.3563 -0.9344 -0.0000
vn -0.4228 -0.9062 -0.0000
vn -0.4871 -0.8733 -0.0000
vn -0.5489 -0.8359 -0.0000
vn -0.6078 -0.7941 -0.0000
vn -0.7157 -0.6984 0.0024
vn -0.7096 -0.7046 0.0013
vn -0.7023 -0.7119 0.0004
vn -0.7643 -0.6449 0.0028
vn -0.7600 -0.6499 0.0017
vn -0.7489 -0.6626 0.0002
vn -0.8088 -0.5881 0.0029
vn -0.8034 -0.5954 0.0015
vn -0.8491 -0.5282 0.0026
vn -0.8424 -0.5388 0.0010
vn -0.8327 -0.5538 -0.0001
vn -0.8850 -0.4655 0.0020
vn -0.8822 -0.4708 0.0014
vn -0.8769 -0.4807 0.0006
vn -0.8960 -0.4441 0.0001
vn -0.8940 -0.4481 0.0004
vn -0.8918 -0.4525 0.0006
vn -0.8895 -0.4570 0.0010
vn -0.8867 -0.4624 0.0016
vn -0.8583 -0.5132 0.0006
vn -0.8511 -0.5249 0.0020
vn -0.8231 -0.5679 0.0001
vn -0.8137 -0.5813 0.0015
vn -0.7818 -0.6235 -0.0001
vn -0.7711 -0.6367 0.0012
vn -0.7385 -0.6742 -0.0001
vn -0.7284 -0.6851 0.0005
vn -0.7182 -0.6959 0.0019
vn -0.6958 -0.7183 0.0001
vn -0.6896 -0.7241 -0.0000
vn -0.6848 -0.7288 0.0001
vn -0.6803 -0.7329 0.0003
vn -0.6741 -0.7387 0.0006
vn -0.5500 -0.8351 0.0079
vn 0.5068 -0.6695 -0.5431
vn 0.5147 -0.6817 -0.5199
vn 0.5051 -0.6707 -0.5431
vn 0.4970 -0.6615 -0.5616
vn 0.4978 -0.6623 -0.5600
vn 0.4867 -0.6456 -0.5886
vn 0.4725 -0.6256 -0.6208
vn 0.4531 -0.6005 -0.6588
vn 0.4334 -0.5774 -0.6919
vn 0.4303 -0.5723 -0.6981
vn 0.4063 -0.5375 -0.7389
vn 0.3776 -0.5005 -0.7790
vn 0.3563 -0.4761 -0.8040
vn 0.3436 -0.4562 -0.8208
vn 0.3081 -0.4072 -0.8598
vn 0.2695 -0.3606 -0.8929
vn 0.2681 -0.3582 -0.8943
vn 0.2260 -0.2982 -0.9274
vn 0.1762 -0.2367 -0.9555
vn 0.1746 -0.2351 -0.9562
vn 0.1287 -0.1689 -0.9772
vn 0.0775 -0.1057 -0.9914
vn 0.0747 -0.1028 -0.9919
vn 0.0283 -0.0361 -0.9989
vn -0.0278 0.0330 -0.9991
vn -0.0274 0.0326 -0.9991
vn -0.0763 0.1026 -0.9918
vn -0.1286 0.1669 -0.9776
vn -0.1284 0.1665 -0.9776
vn -0.1749 0.2329 -0.9566
vn -0.2264 0.2962 -0.9279
vn -0.2668 0.3544 -0.8962
vn -0.3078 0.4057 -0.8606
vn -0.3179 0.4170 -0.8515
vn -0.3424 0.4537 -0.8228
vn -0.3764 0.4984 -0.7809
vn -0.3999 0.5259 -0.7507
vn -0.4063 0.5363 -0.7398
vn -0.4291 0.5688 -0.7016
vn -0.4524 0.5987 -0.6610
vn -0.4705 0.6197 -0.6282
vn -0.4736 0.6246 -0.6209
vn -0.4861 0.6432 -0.5917
vn -0.4951 0.6556 -0.5701
vn -0.5012 0.6638 -0.5551
vn -0.5263 0.6965 -0.4877
vn -0.5271 0.6981 -0.4846
vn -0.5682 0.7525 -0.3331
vn -0.5682 0.7525 -0.3332
vn -0.5939 0.7866 -0.1690
vn -0.5939 0.7866 0.1690
vn -0.5682 0.7525 0.3331
vn -0.5271 0.6981 0.4846
vn -0.5263 0.6965 0.4877
vn -0.5012 0.6638 0.5551
vn -0.4950 0.6555 0.5703
vn -0.4861 0.6432 0.5916
vn -0.4736 0.6246 0.6209
vn -0.4705 0.6197 0.6282
vn -0.4524 0.5987 0.6610
vn -0.4291 0.5688 0.7017
vn -0.4064 0.5364 0.7397
vn -0.3999 0.5259 0.7507
vn -0.3764 0.4984 0.7809
vn -0.3424 0.4537 0.8228
vn -0.3179 0.4170 0.8515
vn -0.3078 0.4057 0.8606
vn -0.2668 0.3544 0.8962
vn -0.2264 0.2962 0.9279
vn -0.1749 0.2329 0.9566
vn -0.1284 0.1665 0.9776
vn -0.1286 0.1669 0.9776
vn -0.0763 0.1026 0.9918
vn -0.0274 0.0325 0.9991
vn -0.0278 0.0330 0.9991
vn 0.0283 -0.0361 0.9989
vn 0.0747 -0.1027 0.9919
vn 0.0776 -0.1058 0.9914
vn 0.1287 -0.1689 0.9772
vn 0.1746 -0.2351 0.9562
vn 0.1761 -0.2366 0.9555
vn 0.2260 -0.2982 0.9274
vn 0.2681 -0.3582 0.8943
vn 0.2695 -0.3606 0.8929
vn 0.3081 -0.4072 0.8598
vn 0.3437 -0.4563 0.8208
vn 0.3563 -0.4761 0.8040
vn 0.3776 -0.5005 0.7791
vn 0.4063 -0.5375 0.7389
vn 0.4303 -0.5723 0.6981
vn 0.4334 -0.5774 0.6919
vn 0.4531 -0.6005 0.6588
vn 0.4725 -0.6256 0.6208
vn 0.4867 -0.6456 0.5886
vn 0.4969 -0.6610 0.5623
vn 0.4977 -0.6623 0.5600
vn 0.5051 -0.6707 0.5431
vn 0.5147 -0.6817 0.5199
vn 0.5068 -0.6695 0.5431
vn 0.5008 -0.6600 0.5600
vn 0.4997 -0.6589 0.5623
vn 0.4876 -0.6448 0.5886
vn 0.4724 -0.6258 0.6207
vn 0.4535 -0.6002 0.6589
vn 0.4367 -0.5749 0.6919
vn 0.4326 -0.5705 0.6981
vn 0.4058 -0.5380 0.7389
vn 0.3780 -0.5002 0.7790
vn 0.3603 -0.4730 0.8040
vn 0.3447 -0.4554 0.8208
vn 0.3074 -0.4079 0.8597
vn 0.2730 -0.3580 0.8929
vn 0.2710 -0.3558 0.8944
vn 0.2250 -0.2991 0.9273
vn 0.1794 -0.2342 0.9555
vn 0.1783 -0.2323 0.9562
vn 0.1272 -0.1700 0.9772
vn 0.0805 -0.1036 0.9914
vn 0.0783 -0.1000 0.9919
vn 0.0270 -0.0371 0.9989
vn -0.0241 0.0358 0.9991
vn -0.0238 0.0352 0.9991
vn -0.0778 0.1015 0.9918
vn -0.1253 0.1694 0.9776
vn -0.1250 0.1691 0.9776
vn -0.1761 0.2320 0.9566
vn -0.2229 0.2989 0.9279
vn -0.2678 0.3536 0.8962
vn -0.3060 0.4071 0.8606
vn -0.3140 0.4199 0.8515
vn -0.3426 0.4536 0.8227
vn -0.3763 0.4985 0.7809
vn -0.3963 0.5286 0.7507
vn -0.4046 0.5376 0.7398
vn -0.4296 0.5684 0.7017
vn -0.4519 0.5990 0.6610
vn -0.4672 0.6222 0.6282
vn -0.4711 0.6265 0.6210
vn -0.4855 0.6436 0.5916
vn -0.4950 0.6556 0.5703
vn -0.5013 0.6639 0.5550
vn -0.5258 0.6969 0.4877
vn 0.5002 -0.6591 -0.5616
vn 0.5007 -0.6601 -0.5600
vn 0.4877 -0.6449 -0.5885
vn 0.4723 -0.6257 -0.6208
vn 0.4535 -0.6003 -0.6588
vn 0.4367 -0.5749 -0.6919
vn 0.4326 -0.5704 -0.6982
vn 0.4058 -0.5380 -0.7389
vn 0.3780 -0.5002 -0.7790
vn 0.3603 -0.4730 -0.8040
vn 0.3447 -0.4554 -0.8208
vn 0.3074 -0.4079 -0.8597
vn 0.2730 -0.3579 -0.8929
vn 0.2711 -0.3559 -0.8943
vn 0.2249 -0.2990 -0.9274
vn 0.1794 -0.2342 -0.9555
vn 0.1783 -0.2323 -0.9562
vn 0.1273 -0.1701 -0.9772
vn 0.0805 -0.1035 -0.9914
vn 0.0784 -0.1000 -0.9919
vn 0.0269 -0.0371 -0.9989
vn -0.0242 0.0358 -0.9991
vn -0.0238 0.0353 -0.9991
vn -0.0778 0.1015 -0.9918
vn -0.1253 0.1694 -0.9776
vn -0.1250 0.1691 -0.9776
vn -0.1761 0.2320 -0.9566
vn -0.2229 0.2989 -0.9279
vn -0.2678 0.3535 -0.8963
vn -0.3060 0.4071 -0.8606
vn -0.3140 0.4199 -0.8515
vn -0.3426 0.4536 -0.8227
vn -0.3764 0.4986 -0.7809
vn -0.3963 0.5286 -0.7507
vn -0.4046 0.5376 -0.7398
vn -0.4296 0.5684 -0.7017
vn -0.4519 0.5990 -0.6611
vn -0.4672 0.6222 -0.6282
vn -0.4711 0.6265 -0.6209
vn -0.4855 0.6436 -0.5916
vn -0.4950 0.6556 -0.5703
vn -0.5013 0.6639 -0.5550
vn -0.5258 0.6969 -0.4877
vn 0.6004 -0.7952 -0.0848
vn 0.6004 -0.7952 0.0848
vn 0.5831 -0.7723 0.2520
vn 0.5491 -0.7272 0.4119
vn 0.5831 -0.7723 -0.2520
vn 0.5491 -0.7272 -0.4119
vn -0.6467 0.7627 -0.0016
vn -0.6421 0.7666 -0.0012
vn -0.5615 0.8275 0.0006
vn -0.7157 0.6985 0.0006
vn -0.7758 0.6309 -0.0017
vn -0.7806 0.6250 -0.0012
vn -0.8379 0.5458 0.0006
vn -0.8786 0.4776 -0.0020
vn -0.8865 0.4628 -0.0009
vn -0.9267 0.3757 0.0006
vn -0.9514 0.3080 -0.0021
vn -0.9574 0.2888 -0.0008
vn -0.9801 0.1987 0.0005
vn -0.9918 0.1280 -0.0023
vn -0.9943 0.1063 -0.0008
vn -0.9999 0.0115 0.0006
vn -0.9984 -0.0564 -0.0024
vn -0.9965 -0.0832 -0.0005
vn -0.9833 -0.1821 0.0005
vn -0.9710 -0.2389 -0.0028
vn -0.9589 -0.2837 0.0002
vn -0.9247 -0.3808 -0.0000
vn -0.9106 -0.4133 -0.0026
vn -0.8815 -0.4722 0.0008
vn -0.8285 -0.5599 -0.0010
vn -0.8192 -0.5736 -0.0025
vn -0.7646 -0.6445 0.0010
vn -0.6998 -0.7143 -0.0021
vn -0.6944 -0.7196 -0.0014
vn -0.6185 -0.7858 0.0010
vn -0.5566 -0.8307 -0.0025
vn -0.5342 -0.8453 -0.0005
vn -0.4433 -0.8964 0.0004
vn -0.3945 -0.9189 -0.0026
vn -0.3522 -0.9359 0.0002
vn -0.2615 -0.9652 0.0001
vn -0.2190 -0.9757 -0.0025
vn -0.1696 -0.9855 0.0001
vn -0.0761 -0.9971 -0.0001
vn -0.0359 -0.9994 -0.0024
vn 0.0157 -0.9999 0.0002
vn 0.1084 -0.9941 -0.0001
vn 0.1483 -0.9889 -0.0022
vn 0.2022 -0.9793 0.0002
vn 0.2962 -0.9551 -0.0003
vn 0.3275 -0.9448 -0.0021
vn 0.3871 -0.9220 0.0004
vn 0.4761 -0.8794 -0.0006
vn 0.4955 -0.8686 -0.0019
vn 0.5614 -0.8275 0.0006
vn 0.6421 -0.7666 -0.0012
vn 0.6467 -0.7627 -0.0016
vn 0.7156 -0.6985 0.0006
vn 0.7758 -0.6309 -0.0017
vn 0.7805 -0.6252 -0.0012
vn 0.8378 -0.5460 0.0006
vn 0.8786 -0.4776 -0.0020
vn 0.8863 -0.4632 -0.0009
vn 0.9266 -0.3761 0.0006
vn 0.9514 -0.3080 -0.0021
vn 0.9572 -0.2894 -0.0008
vn 0.9799 -0.1994 0.0005
vn 0.9918 -0.1280 -0.0023
vn 0.9942 -0.1072 -0.0009
vn 0.9999 -0.0124 0.0006
vn 0.9984 0.0564 -0.0023
vn 0.9966 0.0822 -0.0005
vn 0.9835 0.1810 0.0005
vn 0.9710 0.2389 -0.0028
vn 0.9593 0.2826 0.0002
vn 0.9252 0.3796 -0.0000
vn 0.9106 0.4133 -0.0026
vn 0.8821 0.4711 0.0008
vn 0.8292 0.5589 -0.0009
vn 0.8191 0.5736 -0.0025
vn 0.7655 0.6435 0.0009
vn 0.6998 0.7143 -0.0020
vn 0.6953 0.7187 -0.0014
vn 0.6195 0.7850 0.0010
vn 0.5566 0.8307 -0.0025
vn 0.5352 0.8447 -0.0006
vn 0.4442 0.8959 0.0004
vn 0.3945 0.9189 -0.0026
vn 0.3531 0.9356 0.0002
vn 0.2625 0.9649 0.0001
vn 0.2190 0.9757 -0.0025
vn 0.1704 0.9854 0.0001
vn 0.0769 0.9970 -0.0001
vn 0.0359 0.9994 -0.0024
vn -0.0151 0.9999 0.0002
vn -0.1079 0.9942 -0.0001
vn -0.1483 0.9889 -0.0023
vn -0.2019 0.9794 0.0002
vn -0.2958 0.9552 -0.0003
vn -0.3275 0.9449 -0.0021
vn -0.3870 0.9221 0.0004
vn -0.4760 0.8794 -0.0006
vn -0.4956 0.8686 -0.0020
vn -0.6016 0.7973 -0.0495
vn -0.6040 0.7970 -0.0000
vn -0.6016 0.7973 0.0495
vn -0.5964 0.7894 0.1455
vn -0.5951 0.7857 0.1690
vn -0.5845 0.7751 0.2399
vn -0.5691 0.7518 0.3331
vn -0.5686 0.7513 0.3351
vn -0.5436 0.7208 0.4300
vn -0.5273 0.6957 0.4877
vn -0.5156 0.6830 0.5174
vn -0.4832 0.6403 0.5971
vn -0.4701 0.6199 0.6282
vn -0.4463 0.5917 0.6713
vn -0.4051 0.5354 0.7411
vn -0.3993 0.5264 0.7507
vn -0.3593 0.4769 0.8022
vn -0.3169 0.4177 0.8515
vn -0.3124 0.4125 0.8557
vn -0.2587 0.3435 0.9028
vn -0.2260 0.2965 0.9279
vn -0.2018 0.2675 0.9422
vn -0.1446 0.1915 0.9708
vn -0.1281 0.1672 0.9776
vn -0.0872 0.1165 0.9894
vn -0.0305 0.0390 0.9988
vn -0.0266 0.0331 0.9991
vn 0.0303 -0.0392 0.9988
vn 0.0754 -0.1022 0.9919
vn 0.0873 -0.1163 0.9894
vn 0.1450 -0.1912 0.9708
vn 0.1752 -0.2347 0.9562
vn 0.2021 -0.2672 0.9422
vn 0.2589 -0.3434 0.9028
vn 0.2701 -0.3602 0.8929
vn 0.3123 -0.4125 0.8557
vn 0.3574 -0.4752 0.8040
vn 0.3590 -0.4770 0.8022
vn 0.4050 -0.5355 0.7411
vn 0.4337 -0.5771 0.6919
vn 0.4464 -0.5916 0.6714
vn 0.4836 -0.6400 0.5971
vn 0.4980 -0.6622 0.5600
vn 0.5160 -0.6827 0.5173
vn 0.5437 -0.7207 0.4300
vn 0.5479 -0.7281 0.4119
vn 0.5683 -0.7515 0.3350
vn 0.5821 -0.7731 0.2520
vn 0.5845 -0.7751 0.2400
vn 0.5966 -0.7892 0.1455
vn 0.5991 -0.7962 0.0848
vn 0.6019 -0.7971 0.0494
vn 0.6019 -0.7971 -0.0494
vn 0.5991 -0.7962 -0.0848
vn 0.5966 -0.7892 -0.1455
vn 0.5845 -0.7751 -0.2400
vn 0.5821 -0.7731 -0.2520
vn 0.5683 -0.7516 -0.3350
vn 0.5479 -0.7281 -0.4119
vn 0.5437 -0.7207 -0.4301
vn 0.5160 -0.6827 -0.5173
vn 0.4980 -0.6622 -0.5600
vn 0.4836 -0.6400 -0.5971
vn 0.4464 -0.5916 -0.6714
vn 0.4337 -0.5771 -0.6919
vn 0.4050 -0.5355 -0.7411
vn 0.3590 -0.4770 -0.8022
vn 0.3574 -0.4752 -0.8040
vn 0.3124 -0.4126 -0.8557
vn 0.2701 -0.3602 -0.8929
vn 0.2589 -0.3434 -0.9028
vn 0.2021 -0.2672 -0.9422
vn 0.1752 -0.2347 -0.9562
vn 0.1450 -0.1912 -0.9708
vn 0.0874 -0.1163 -0.9894
vn 0.0754 -0.1022 -0.9919
vn 0.0303 -0.0392 -0.9988
vn -0.0266 0.0331 -0.9991
vn -0.0305 0.0390 -0.9988
vn -0.0872 0.1165 -0.9894
vn -0.1281 0.1672 -0.9776
vn -0.1446 0.1915 -0.9708
vn -0.2018 0.2675 -0.9422
vn -0.2260 0.2965 -0.9279
vn -0.2587 0.3435 -0.9028
vn -0.3123 0.4124 -0.8558
vn -0.3169 0.4177 -0.8515
vn -0.3593 0.4770 -0.8021
vn -0.3992 0.5264 -0.7507
vn -0.4051 0.5354 -0.7411
vn -0.4463 0.5917 -0.6714
vn -0.4702 0.6199 -0.6282
vn -0.4832 0.6403 -0.5971
vn -0.5156 0.6830 -0.5173
vn -0.5273 0.6957 -0.4877
vn -0.5436 0.7208 -0.4300
vn -0.5686 0.7513 -0.3351
vn -0.5691 0.7518 -0.3331
vn -0.5845 0.7751 -0.2399
vn -0.5951 0.7857 -0.1690
vn -0.5964 0.7894 -0.1455
vn -0.6023 0.7967 0.0494
vn -0.6010 0.7981 -0.0425
vn -0.6011 0.7976 -0.0494
vn -0.5967 0.7892 -0.1455
vn -0.5878 0.7811 -0.2107
vn -0.5850 0.7748 -0.2400
vn -0.5679 0.7519 -0.3350
vn -0.5577 0.7415 -0.3729
vn -0.5444 0.7202 -0.4300
vn -0.5151 0.6834 -0.5174
vn -0.5121 0.6803 -0.5243
vn -0.4839 0.6398 -0.5971
vn -0.4512 0.5999 -0.6607
vn -0.4461 0.5918 -0.6715
vn -0.4049 0.5356 -0.7410
vn -0.3772 0.5023 -0.7780
vn -0.3600 0.4764 -0.8021
vn -0.3118 0.4128 -0.8558
vn -0.2926 0.3902 -0.8730
vn -0.2596 0.3429 -0.9028
vn -0.2011 0.2680 -0.9422
vn -0.1999 0.2665 -0.9429
vn -0.1451 0.1911 -0.9708
vn -0.1007 0.1357 -0.9856
vn -0.0875 0.1162 -0.9894
vn -0.0300 0.0393 -0.9988
vn 0.0014 0.0010 -1.0000
vn 0.0296 -0.0397 -0.9988
vn 0.0878 -0.1160 -0.9894
vn 0.1030 -0.1340 -0.9856
vn 0.1441 -0.1919 -0.9708
vn 0.2016 -0.2652 -0.9429
vn 0.2026 -0.2667 -0.9422
vn 0.2587 -0.3435 -0.9028
vn 0.2951 -0.3883 -0.8730
vn 0.3117 -0.4130 -0.8557
vn 0.3597 -0.4766 -0.8022
vn 0.3798 -0.5004 -0.7780
vn 0.4043 -0.5361 -0.7411
vn 0.4470 -0.5910 -0.6714
vn 0.4535 -0.5982 -0.6607
vn 0.4828 -0.6406 -0.5971
vn 0.5141 -0.6788 -0.5243
vn 0.5162 -0.6825 -0.5174
vn 0.5436 -0.7208 -0.4300
vn 0.5605 -0.7395 -0.3728
vn 0.5676 -0.7521 -0.3350
vn 0.5850 -0.7747 -0.2400
vn 0.5903 -0.7792 -0.2107
vn 0.5957 -0.7899 -0.1454
vn 0.6026 -0.7965 -0.0495
vn 0.6031 -0.7965 -0.0424
vn 0.6014 -0.7974 0.0494
vn 0.5989 -0.7907 0.1270
vn 0.5965 -0.7893 0.1454
vn 0.5846 -0.7750 0.2400
vn 0.5775 -0.7620 0.2928
vn 0.5676 -0.7521 0.3350
vn 0.5443 -0.7203 0.4300
vn 0.5393 -0.7117 0.4502
vn 0.5152 -0.6834 0.5173
vn 0.4854 -0.6409 0.5946
vn 0.4841 -0.6396 0.5972
vn 0.4462 -0.5918 0.6714
vn 0.4183 -0.5512 0.7219
vn 0.4047 -0.5357 0.7411
vn 0.3596 -0.4767 0.8021
vn 0.3387 -0.4459 0.8285
vn 0.3115 -0.4132 0.8557
vn 0.2595 -0.3430 0.9028
vn 0.2494 -0.3278 0.9112
vn 0.2014 -0.2677 0.9422
vn 0.1529 -0.2003 0.9677
vn 0.1450 -0.1911 0.9708
vn 0.0872 -0.1164 0.9894
vn 0.0524 -0.0667 0.9964
vn 0.0298 -0.0395 0.9988
vn -0.0298 0.0395 0.9988
vn -0.0498 0.0686 0.9964
vn -0.0881 0.1158 0.9894
vn -0.1441 0.1918 0.9708
vn -0.1508 0.2019 0.9677
vn -0.2024 0.2671 0.9422
vn -0.2470 0.3296 0.9112
vn -0.2588 0.3434 0.9028
vn -0.3121 0.4127 0.8557
vn -0.3362 0.4479 0.8285
vn -0.3600 0.4763 0.8022
vn -0.4044 0.5360 0.7411
vn -0.4157 0.5532 0.7219
vn -0.4470 0.5911 0.6713
vn -0.4826 0.6407 0.5972
vn -0.4836 0.6423 0.5946
vn -0.5162 0.6826 0.5173
vn -0.5369 0.7135 0.4502
vn -0.5438 0.7207 0.4301
vn -0.5680 0.7518 0.3350
vn -0.5748 0.7641 0.2928
vn -0.5854 0.7744 0.2399
vn -0.5959 0.7898 0.1455
vn -0.5965 0.7925 0.1270
vn -0.0173 -0.9999 -0.0000
vn -0.0000 -1.0000 -0.0000
vn 0.0173 -0.9999 -0.0000
vn 0.9994 -0.0346 -0.0000
vn 0.9997 -0.0240 -0.0008
vn 0.9934 -0.1151 -0.0000
vn 0.9999 -0.0102 -0.0000
vn 0.9810 -0.1938 -0.0004
vn 0.9840 -0.1779 -0.0007
vn 0.9904 -0.1383 -0.0006
vn 0.9756 -0.2197 -0.0009
vn 0.9681 -0.2505 0.0002
vn 0.9596 -0.2814 -0.0002
vn 0.9553 -0.2956 0.0005
vn 0.9422 -0.3349 -0.0000
vn 0.9379 -0.3470 0.0006
vn 0.9247 -0.3808 -0.0000
vn 0.9181 -0.3964 0.0006
vn 0.9003 -0.4353 -0.0006
vn 0.8963 -0.4434 -0.0000
vn -0.9994 -0.0346 -0.0000
vn -0.9997 -0.0240 0.0008
vn -0.9934 -0.1151 -0.0000
vn -0.9999 -0.0102 -0.0000
vn -0.9810 -0.1938 0.0004
vn -0.9840 -0.1779 0.0007
vn -0.9904 -0.1383 0.0006
vn -0.9756 -0.2197 0.0009
vn -0.9681 -0.2505 -0.0002
vn -0.9596 -0.2814 0.0002
vn -0.9553 -0.2956 -0.0005
vn -0.9422 -0.3349 -0.0000
vn -0.9379 -0.3470 -0.0006
vn -0.9181 -0.3964 -0.0006
vn -0.9003 -0.4353 0.0006
vn -0.8963 -0.4434 -0.0000
vn -0.9991 -0.0417 -0.0000
vn -0.9990 -0.0445 0.0001
vn -0.9991 -0.0436 -0.0000
vn -0.9730 -0.2310 -0.0000
vn -0.9254 -0.3789 -0.0000
vn -0.8546 -0.5193 -0.0000
vn -0.7415 -0.6710 -0.0000
vn -0.6010 -0.7993 -0.0000
vn -0.4377 -0.8991 -0.0000
vn -0.2357 -0.9718 -0.0000
vn -0.2452 -0.9695 -0.0014
vn -0.2088 -0.9780 -0.0000
vn -0.9737 -0.2280 -0.0000
vn -0.9730 -0.2310 0.0002
vn -0.9254 -0.3789 -0.0001
vn -0.9137 -0.4063 -0.0012
vn -0.8546 -0.5193 0.0012
vn -0.8215 -0.5702 -0.0011
vn -0.7415 -0.6710 0.0012
vn -0.7002 -0.7139 -0.0011
vn -0.6010 -0.7993 0.0012
vn -0.5540 -0.8325 -0.0011
vn -0.4377 -0.8991 0.0012
vn -0.3882 -0.9216 -0.0010
vn -0.2451 -0.9695 0.0014
vn -0.2089 -0.9779 -0.0000
vn -0.3882 -0.9216 0.0010
vn -0.4377 -0.8991 -0.0012
vn -0.5539 -0.8326 0.0011
vn -0.6010 -0.7993 -0.0012
vn -0.7000 -0.7142 0.0011
vn -0.7415 -0.6710 -0.0012
vn -0.8213 -0.5704 0.0011
vn -0.8546 -0.5193 -0.0012
vn -0.9137 -0.4064 0.0012
vn -0.9254 -0.3789 0.0001
vn -0.9730 -0.2310 -0.0001
vn -0.9736 -0.2281 -0.0000
vn -0.9991 -0.0417 -0.0001
vn 0.2088 -0.9780 -0.0000
vn 0.2116 -0.9774 0.0001
vn 0.2107 -0.9776 -0.0000
vn 0.3910 -0.9204 -0.0000
vn 0.5288 -0.8487 -0.0000
vn 0.6554 -0.7553 -0.0000
vn 0.7859 -0.6183 -0.0000
vn 0.8888 -0.4583 -0.0000
vn 0.9598 -0.2806 -0.0000
vn 0.9976 -0.0693 -0.0000
vn 0.9969 -0.0789 -0.0014
vn 0.9991 -0.0417 -0.0000
vn 0.3882 -0.9216 -0.0000
vn 0.3910 -0.9204 0.0002
vn 0.5288 -0.8487 -0.0001
vn 0.5539 -0.8326 -0.0012
vn 0.6554 -0.7553 0.0012
vn 0.7000 -0.7141 -0.0011
vn 0.7859 -0.6183 0.0012
vn 0.8213 -0.5704 -0.0011
vn 0.8888 -0.4583 0.0012
vn 0.9137 -0.4064 -0.0011
vn 0.9598 -0.2806 0.0011
vn 0.9736 -0.2281 -0.0010
vn 0.9969 -0.0789 0.0014
vn 0.9737 -0.2280 0.0010
vn 0.9598 -0.2806 -0.0012
vn 0.9137 -0.4063 0.0011
vn 0.8888 -0.4583 -0.0012
vn 0.8215 -0.5701 0.0011
vn 0.7859 -0.6183 -0.0012
vn 0.7002 -0.7139 0.0011
vn 0.6554 -0.7553 -0.0012
vn 0.5540 -0.8325 0.0012
vn 0.5288 -0.8487 0.0001
vn 0.3910 -0.9204 -0.0001
vn 0.2089 -0.9779 -0.0001
vn 0.1234 -0.9924 -0.0000
vn 0.1206 -0.9927 -0.0000
vn 0.1220 -0.9925 -0.0000
vn 0.1196 -0.9928 -0.0000
vn 0.1234 -0.9924 -0.0001
vn 0.1172 -0.9931 -0.0000
vn 0.2226 -0.9749 -0.0000
vn 0.2393 -0.9709 -0.0000
vn 0.2560 -0.9667 -0.0000
vn -0.9621 -0.2728 -0.0000
vn -0.9649 -0.2625 0.0008
vn -0.9369 -0.3495 -0.0000
vn -0.9684 -0.2492 -0.0000
vn -0.9062 -0.4229 0.0004
vn -0.9129 -0.4083 0.0007
vn -0.9285 -0.3713 0.0006
vn -0.8946 -0.4468 0.0009
vn -0.8801 -0.4749 -0.0002
vn -0.8644 -0.5028 0.0002
vn -0.8568 -0.5157 -0.0005
vn -0.8347 -0.5507 -0.0000
vn -0.8275 -0.5614 -0.0006
vn -0.8067 -0.5910 -0.0000
vn -0.7965 -0.6046 -0.0006
vn -0.7699 -0.6381 0.0006
vn -0.7642 -0.6450 -0.0000
vn 0.0315 -0.9995 -0.0000
vn -0.0059 -1.0000 -0.0014
vn 0.0038 -1.0000 -0.0000
vn -0.2099 -0.9777 -0.0000
vn -0.3922 -0.9199 -0.0000
vn -0.5594 -0.8289 -0.0000
vn -0.7055 -0.7087 -0.0000
vn -0.8078 -0.5894 -0.0000
vn -0.8078 -0.5895 -0.0000
vn -0.8894 -0.4571 -0.0000
vn -0.9596 -0.2814 -0.0000
vn -0.9593 -0.2823 0.0001
vn -0.9601 -0.2795 -0.0000
vn -0.1565 -0.9877 0.0010
vn -0.2099 -0.9777 -0.0012
vn -0.3385 -0.9410 0.0011
vn -0.3922 -0.9199 -0.0012
vn -0.5087 -0.8609 0.0011
vn -0.5594 -0.8289 -0.0012
vn -0.6610 -0.7504 0.0011
vn -0.7055 -0.7087 -0.0012
vn -0.7898 -0.6133 0.0012
vn -0.8078 -0.5895 0.0001
vn -0.8894 -0.4571 -0.0001
vn -0.8907 -0.4545 -0.0000
vn -0.9601 -0.2795 -0.0001
vn -0.8908 -0.4544 -0.0000
vn -0.8894 -0.4571 0.0002
vn -0.8078 -0.5895 -0.0001
vn -0.7899 -0.6132 -0.0012
vn -0.7055 -0.7087 0.0012
vn -0.6612 -0.7502 -0.0011
vn -0.5594 -0.8289 0.0012
vn -0.5090 -0.8607 -0.0011
vn -0.3922 -0.9199 0.0012
vn -0.3388 -0.9409 -0.0011
vn -0.2099 -0.9777 0.0012
vn -0.1565 -0.9877 -0.0010
vn -0.0059 -1.0000 0.0014
vn 0.9786 0.2056 -0.0000
vn 0.9764 0.2160 -0.0008
vn 0.9920 0.1260 -0.0000
vn 0.9989 0.0467 -0.0004
vn 0.9980 0.0627 -0.0007
vn 0.9947 0.1027 -0.0006
vn 0.9998 0.0201 -0.0009
vn 0.9999 -0.0115 0.0002
vn 0.9991 -0.0435 -0.0002
vn 0.9983 -0.0584 0.0005
vn 0.9950 -0.0997 -0.0000
vn 0.9937 -0.1125 0.0006
vn 0.9889 -0.1484 -0.0000
vn 0.9863 -0.1652 0.0006
vn 0.9783 -0.2072 -0.0006
vn 0.9764 -0.2160 -0.0000
vn 0.4368 -0.8996 -0.0000
vn 0.4701 -0.8826 0.0014
vn 0.4615 -0.8871 -0.0000
vn 0.6401 -0.7683 -0.0000
vn 0.7748 -0.6322 -0.0000
vn 0.8805 -0.4740 -0.0000
vn 0.9540 -0.2997 -0.0000
vn 0.9892 -0.1465 -0.0000
vn 1.0000 0.0085 -0.0000
vn 0.9805 0.1967 -0.0000
vn 0.9806 0.1958 -0.0001
vn 0.9801 0.1986 -0.0000
vn 0.5975 -0.8019 -0.0010
vn 0.6401 -0.7683 0.0012
vn 0.7370 -0.6758 -0.0011
vn 0.7748 -0.6322 0.0012
vn 0.8505 -0.5259 -0.0011
vn 0.8805 -0.4740 0.0012
vn 0.9340 -0.3573 -0.0011
vn 0.9540 -0.2997 0.0012
vn 0.9844 -0.1760 -0.0012
vn 0.9892 -0.1465 -0.0001
vn 1.0000 0.0085 0.0001
vn 0.9999 0.0115 -0.0000
vn 0.9801 0.1986 0.0001
vn 0.9999 0.0116 -0.0000
vn 1.0000 0.0085 -0.0002
vn 0.9892 -0.1465 0.0001
vn 0.9844 -0.1758 0.0012
vn 0.9540 -0.2997 -0.0012
vn 0.9341 -0.3570 0.0011
vn 0.8805 -0.4740 -0.0012
vn 0.8507 -0.5257 0.0011
vn 0.7748 -0.6322 -0.0012
vn 0.7372 -0.6757 0.0011
vn 0.6401 -0.7683 -0.0012
vn 0.5975 -0.8018 0.0010
vn 0.4701 -0.8826 -0.0014
vn 0.3575 -0.9339 -0.0000
vn 0.3549 -0.9349 -0.0000
vn 0.3562 -0.9344 -0.0000
vn 0.3538 -0.9353 -0.0000
vn 0.3575 -0.9339 -0.0001
vn 0.3549 -0.9349 -0.0001
vn 0.3513 -0.9362 -0.0000
vn 0.4494 -0.8933 -0.0000
vn 0.4647 -0.8855 -0.0000
vn 0.4799 -0.8773 -0.0000
vn -0.8689 -0.4951 -0.0000
vn -0.8741 -0.4858 0.0008
vn -0.8261 -0.5635 -0.0000
vn -0.8807 -0.4737 -0.0000
vn -0.7786 -0.6275 0.0004
vn -0.7887 -0.6148 0.0007
vn -0.8126 -0.5828 0.0006
vn -0.7617 -0.6479 0.0009
vn -0.7408 -0.6717 -0.0002
vn -0.7189 -0.6951 0.0002
vn -0.7085 -0.7057 -0.0005
vn -0.6786 -0.7345 -0.0000
vn -0.6692 -0.7431 -0.0006
vn -0.6418 -0.7669 -0.0000
vn -0.6287 -0.7777 -0.0006
vn -0.5949 -0.8038 0.0006
vn -0.5876 -0.8091 -0.0000
vn 0.2695 -0.9630 -0.0000
vn 0.2334 -0.9724 -0.0014
vn 0.2428 -0.9701 -0.0000
vn 0.0303 -0.9995 -0.0000
vn -0.1607 -0.9870 -0.0000
vn -0.3447 -0.9387 -0.0000
vn -0.5154 -0.8570 -0.0000
vn -0.6433 -0.7656 -0.0000
vn -0.7541 -0.6567 -0.0000
vn -0.8644 -0.5029 -0.0000
vn -0.8639 -0.5036 0.0001
vn -0.8653 -0.5012 -0.0000
vn 0.0847 -0.9964 0.0010
vn 0.0303 -0.9995 -0.0012
vn -0.1036 -0.9946 0.0011
vn -0.1607 -0.9870 -0.0012
vn -0.2878 -0.9577 0.0011
vn -0.3447 -0.9387 -0.0012
vn -0.4622 -0.8868 0.0011
vn -0.5154 -0.8570 -0.0012
vn -0.6201 -0.7845 0.0012
vn -0.6433 -0.7656 0.0001
vn -0.7541 -0.6567 -0.0002
vn -0.7561 -0.6544 -0.0000
vn -0.8653 -0.5012 -0.0001
vn -0.7562 -0.6543 -0.0000
vn -0.7541 -0.6567 0.0002
vn -0.6433 -0.7656 -0.0001
vn -0.6203 -0.7844 -0.0012
vn -0.5154 -0.8570 0.0012
vn -0.4625 -0.8866 -0.0011
vn -0.3447 -0.9387 0.0012
vn -0.2881 -0.9576 -0.0011
vn -0.1607 -0.9870 0.0012
vn -0.1037 -0.9946 -0.0011
vn 0.0303 -0.9995 0.0011
vn 0.0843 -0.9964 -0.0010
vn 0.2334 -0.9724 0.0014
vn 0.2696 -0.9630 -0.0000
vn 0.9010 0.4338 -0.0000
vn 0.8963 0.4434 -0.0008
vn 0.9331 0.3597 -0.0000
vn 0.8902 0.4557 -0.0000
vn 0.9587 0.2844 -0.0004
vn 0.9540 0.2997 -0.0007
vn 0.9412 0.3378 -0.0006
vn 0.9659 0.2588 -0.0009
vn 0.9736 0.2281 0.0002
vn 0.9804 0.1968 -0.0002
vn 0.9833 0.1822 0.0005
vn 0.9900 0.1413 -0.0000
vn 0.9917 0.1286 0.0006
vn 0.9957 0.0926 -0.0000
vn 0.9971 0.0757 0.0006
vn 0.9995 0.0329 -0.0006
vn 0.9997 0.0240 -0.0000
vn 0.6393 -0.7690 -0.0000
vn 0.6676 -0.7445 0.0014
vn 0.6604 -0.7509 -0.0000
vn 0.8054 -0.5927 -0.0000
vn 0.9036 -0.4285 -0.0000
vn 0.9684 -0.2495 -0.0000
vn 0.9980 -0.0627 -0.0000
vn 0.9955 0.0946 -0.0000
vn 0.9689 0.2476 -0.0000
vn 0.9049 0.4257 -0.0000
vn 0.9053 0.4249 -0.0001
vn 0.9040 0.4274 -0.0000
vn 0.7720 -0.6356 -0.0010
vn 0.8054 -0.5927 0.0012
vn 0.8774 -0.4798 -0.0011
vn 0.9035 -0.4285 0.0012
vn 0.9517 -0.3070 -0.0011
vn 0.9684 -0.2495 0.0012
vn 0.9924 -0.1234 -0.0011
vn 0.9980 -0.0627 0.0012
vn 0.9979 0.0647 -0.0012
vn 0.9955 0.0946 -0.0001
vn 0.9689 0.2476 0.0001
vn 0.9681 0.2505 -0.0000
vn 0.9041 0.4274 0.0001
vn 0.9681 0.2506 -0.0000
vn 0.9689 0.2476 -0.0002
vn 0.9955 0.0946 0.0001
vn 0.9979 0.0649 0.0012
vn 0.9980 -0.0627 -0.0012
vn 0.9924 -0.1231 0.0011
vn 0.9684 -0.2495 -0.0012
vn 0.9518 -0.3068 0.0011
vn 0.9036 -0.4285 -0.0012
vn 0.8774 -0.4797 0.0011
vn 0.8054 -0.5927 -0.0012
vn 0.7721 -0.6356 0.0010
vn 0.6676 -0.7445 -0.0014
vn 0.6394 -0.7689 -0.0000
vn 0.5705 -0.8213 -0.0000
vn 0.5682 -0.8229 -0.0000
vn 0.5694 -0.8221 -0.0000
vn 0.5674 -0.8234 -0.0000
vn 0.5705 -0.8213 -0.0001
vn 0.5655 -0.8248 -0.0000
vn 0.6501 -0.7598 -0.0000
vn 0.6631 -0.7485 -0.0000
vn 0.6759 -0.7369 -0.0000
vn -0.7251 -0.6886 -0.0000
vn -0.7324 -0.6809 0.0008
vn -0.6672 -0.7449 -0.0000
vn -0.7417 -0.6707 -0.0000
vn -0.6058 -0.7956 0.0004
vn -0.6185 -0.7858 0.0007
vn -0.6496 -0.7603 0.0006
vn -0.5845 -0.8114 0.0009
vn -0.5586 -0.8295 -0.0002
vn -0.5317 -0.8469 0.0002
vn -0.5190 -0.8548 -0.0005
vn -0.4831 -0.8755 -0.0000
vn -0.4719 -0.8817 -0.0006
vn -0.4396 -0.8982 -0.0000
vn -0.4243 -0.9055 -0.0006
vn -0.3852 -0.9228 0.0006
vn -0.3769 -0.9263 -0.0000
vn 0.4923 -0.8705 -0.0000
vn 0.4594 -0.8882 -0.0014
vn 0.4680 -0.8837 -0.0000
vn 0.2686 -0.9633 -0.0000
vn 0.0804 -0.9968 -0.0000
vn -0.1101 -0.9939 -0.0000
vn -0.2954 -0.9554 -0.0000
vn -0.4414 -0.8973 -0.0000
vn -0.4413 -0.8973 -0.0000
vn -0.5751 -0.8181 -0.0000
vn -0.7189 -0.6951 -0.0000
vn -0.7183 -0.6958 0.0001
vn -0.7202 -0.6937 -0.0000
vn 0.3205 -0.9472 0.0010
vn 0.2686 -0.9633 -0.0012
vn 0.1375 -0.9905 0.0011
vn 0.0804 -0.9968 -0.0012
vn -0.0503 -0.9987 0.0011
vn -0.1101 -0.9939 -0.0012
vn -0.2365 -0.9716 0.0011
vn -0.2954 -0.9554 -0.0012
vn -0.4144 -0.9101 0.0012
vn -0.4414 -0.8973 0.0001
vn -0.5751 -0.8181 -0.0001
vn -0.5776 -0.8163 -0.0000
vn -0.7202 -0.6938 -0.0001
vn -0.5751 -0.8181 0.0002
vn -0.4413 -0.8973 -0.0001
vn -0.4146 -0.9100 -0.0012
vn -0.2954 -0.9554 0.0012
vn -0.2368 -0.9715 -0.0011
vn -0.1101 -0.9939 0.0012
vn -0.0506 -0.9987 -0.0011
vn 0.0804 -0.9968 0.0012
vn 0.1373 -0.9905 -0.0011
vn 0.2686 -0.9633 0.0012
vn 0.3204 -0.9473 -0.0010
vn 0.4594 -0.8882 0.0014
vn 0.7710 0.6369 -0.0000
vn 0.7642 0.6450 -0.0008
vn 0.8198 0.5726 -0.0000
vn 0.7553 0.6554 -0.0000
vn 0.8628 0.5056 -0.0004
vn 0.8546 0.5193 -0.0007
vn 0.8330 0.5532 -0.0006
vn 0.8759 0.4825 -0.0009
vn 0.8908 0.4545 0.0002
vn 0.9048 0.4257 -0.0002
vn 0.9111 0.4122 0.0005
vn 0.9274 0.3741 -0.0000
vn 0.9321 0.3621 0.0006
vn 0.9446 0.3282 -0.0000
vn 0.9501 0.3121 0.0006
vn 0.9625 0.2712 -0.0006
vn 0.9649 0.2625 -0.0000
vn 0.8048 -0.5936 -0.0000
vn 0.8264 -0.5631 0.0014
vn 0.8209 -0.5711 -0.0000
vn 0.9239 -0.3827 -0.0000
vn 0.9798 -0.1998 -0.0000
vn 0.9999 -0.0105 -0.0000
vn 0.9840 0.1780 -0.0000
vn 0.9439 0.3301 -0.0000
vn 0.8815 0.4722 -0.0000
vn 0.7767 0.6299 -0.0000
vn 0.7773 0.6291 -0.0001
vn 0.7755 0.6314 -0.0000
vn 0.9017 -0.4324 -0.0010
vn 0.9239 -0.3827 0.0012
vn 0.9667 -0.2559 -0.0011
vn 0.9798 -0.1998 0.0012
vn 0.9975 -0.0704 -0.0011
vn 0.9999 -0.0105 0.0012
vn 0.9930 0.1177 -0.0011
vn 0.9840 0.1780 0.0012
vn 0.9534 0.3016 -0.0012
vn 0.9439 0.3301 -0.0001
vn 0.8815 0.4722 0.0001
vn 0.8800 0.4749 -0.0000
vn 0.7755 0.6313 0.0001
vn 0.8815 0.4722 -0.0002
vn 0.9439 0.3301 0.0001
vn 0.9534 0.3018 0.0012
vn 0.9840 0.1780 -0.0012
vn 0.9930 0.1180 0.0011
vn 0.9999 -0.0105 -0.0012
vn 0.9975 -0.0701 0.0011
vn 0.9798 -0.1998 -0.0012
vn 0.9668 -0.2557 0.0011
vn 0.9239 -0.3827 -0.0012
vn 0.9017 -0.4323 0.0010
vn 0.8264 -0.5631 -0.0014
vn 0.8048 -0.5935 -0.0000
vn 0.7506 -0.6607 -0.0000
vn 0.7485 -0.6632 -0.0000
vn 0.7496 -0.6619 -0.0000
vn 0.7480 -0.6637 -0.0000
vn 0.7506 -0.6607 -0.0001
vn 0.7465 -0.6654 -0.0000
vn 0.8131 -0.5822 -0.0000
vn 0.8230 -0.5681 -0.0000
vn 0.8326 -0.5538 -0.0000
vn -0.5393 -0.8421 -0.0000
vn -0.5482 -0.8363 0.0008
vn -0.4695 -0.8829 -0.0000
vn -0.5596 -0.8287 -0.0000
vn -0.3979 -0.9174 0.0004
vn -0.4125 -0.9109 0.0007
vn -0.4487 -0.8937 0.0006
vn -0.3733 -0.9277 0.0009
vn -0.3438 -0.9391 -0.0002
vn -0.3136 -0.9496 0.0002
vn -0.2994 -0.9541 -0.0005
vn -0.2596 -0.9657 -0.0000
vn -0.2471 -0.9690 -0.0006
vn -0.2119 -0.9773 -0.0000
vn -0.1953 -0.9807 -0.0006
vn -0.1532 -0.9882 0.0006
vn -0.1443 -0.9895 -0.0000
vn 0.6862 -0.7274 -0.0000
vn 0.6586 -0.7525 -0.0014
vn 0.6659 -0.7461 -0.0000
vn 0.4913 -0.8710 -0.0000
vn 0.3164 -0.9486 -0.0000
vn 0.1310 -0.9914 -0.0000
vn -0.0581 -0.9983 -0.0000
vn -0.0580 -0.9983 -0.0000
vn -0.2139 -0.9769 -0.0000
vn -0.3626 -0.9319 -0.0000
vn -0.5317 -0.8470 -0.0000
vn -0.5309 -0.8475 0.0001
vn -0.5333 -0.8459 -0.0000
vn 0.5380 -0.8430 0.0010
vn 0.4913 -0.8710 -0.0012
vn 0.3705 -0.9288 0.0011
vn 0.3164 -0.9486 -0.0012
vn 0.1901 -0.9818 0.0011
vn 0.1310 -0.9914 -0.0012
vn 0.0029 -1.0000 0.0011
vn -0.0581 -0.9983 -0.0012
vn -0.1845 -0.9828 0.0012
vn -0.2138 -0.9769 0.0001
vn -0.3626 -0.9319 -0.0001
vn -0.3653 -0.9309 -0.0000
vn -0.5333 -0.8459 -0.0001
vn -0.3655 -0.9308 -0.0000
vn -0.3626 -0.9319 0.0002
vn -0.2139 -0.9769 -0.0001
vn -0.1847 -0.9828 -0.0012
vn -0.0581 -0.9983 0.0012
vn 0.0026 -1.0000 -0.0011
vn 0.1310 -0.9914 0.0012
vn 0.1898 -0.9818 -0.0011
vn 0.3164 -0.9486 0.0012
vn 0.3704 -0.9289 -0.0011
vn 0.4913 -0.8710 0.0012
vn 0.5379 -0.8430 -0.0010
vn 0.6586 -0.7525 0.0014
vn 0.5962 0.8029 -0.0000
vn 0.5876 0.8092 -0.0008
vn 0.6590 0.7521 -0.0000
vn 0.5764 0.8172 -0.0000
vn 0.7167 0.6973 -0.0004
vn 0.7055 0.7087 -0.0007
vn 0.6764 0.7365 -0.0006
vn 0.7350 0.6781 -0.0009
vn 0.7561 0.6545 0.0002
vn 0.7767 0.6299 -0.0002
vn 0.7860 0.6183 0.0005
vn 0.8109 0.5852 -0.0000
vn 0.8184 0.5747 0.0006
vn 0.8386 0.5447 -0.0000
vn 0.8478 0.5304 0.0006
vn 0.8697 0.4936 -0.0006
vn 0.8741 0.4858 -0.0000
vn 0.9234 -0.3837 -0.0000
vn 0.9371 -0.3490 0.0014
vn 0.9337 -0.3581 -0.0000
vn 0.9886 -0.1505 -0.0000
vn 0.9992 0.0405 -0.0000
vn 0.9734 0.2291 -0.0000
vn 0.9128 0.4083 -0.0000
vn 0.8375 0.5464 -0.0000
vn 0.7429 0.6694 -0.0000
vn 0.6033 0.7975 -0.0000
vn 0.6041 0.7969 -0.0001
vn 0.6019 0.7986 -0.0000
vn 0.9790 -0.2040 -0.0010
vn 0.9886 -0.1505 0.0012
vn 0.9999 -0.0171 -0.0011
vn 0.9992 0.0405 0.0012
vn 0.9854 0.1704 -0.0011
vn 0.9734 0.2291 0.0012
vn 0.9360 0.3519 -0.0011
vn 0.9128 0.4083 0.0012
vn 0.8535 0.5210 -0.0012
vn 0.8375 0.5464 -0.0001
vn 0.7429 0.6694 0.0002
vn 0.7408 0.6717 -0.0000
vn 0.6019 0.7986 0.0001
vn 0.7407 0.6718 -0.0000
vn 0.7429 0.6694 -0.0002
vn 0.8375 0.5464 0.0001
vn 0.8534 0.5213 0.0012
vn 0.9128 0.4083 -0.0012
vn 0.9359 0.3522 0.0011
vn 0.9734 0.2291 -0.0012
vn 0.9853 0.1707 0.0011
vn 0.9992 0.0405 -0.0012
vn 0.9999 -0.0170 0.0011
vn 0.9886 -0.1505 -0.0012
vn 0.9790 -0.2039 0.0010
vn 0.9371 -0.3490 -0.0014
vn 0.8869 -0.4620 -0.0000
vn 0.8854 -0.4648 -0.0000
vn 0.8862 -0.4634 -0.0000
vn 0.8851 -0.4654 -0.0000
vn 0.8869 -0.4620 -0.0001
vn 0.8840 -0.4675 -0.0000
vn 0.9288 -0.3707 -0.0000
vn 0.9350 -0.3546 -0.0000
vn 0.9410 -0.3384 -0.0000
vn -0.3221 -0.9467 -0.0000
vn -0.3321 -0.9432 0.0008
vn -0.2446 -0.9696 -0.0000
vn -0.3450 -0.9386 -0.0000
vn -0.1667 -0.9860 0.0004
vn -0.1825 -0.9832 0.0007
vn -0.2218 -0.9751 0.0006
vn -0.1405 -0.9901 0.0009
vn -0.1091 -0.9940 -0.0002
vn -0.0772 -0.9970 0.0002
vn -0.0623 -0.9981 -0.0005
vn -0.0210 -0.9998 -0.0000
vn -0.0081 -1.0000 -0.0006
vn 0.0282 -0.9996 -0.0000
vn 0.0451 -0.9990 -0.0006
vn 0.0878 -0.9961 0.0006
vn 0.0967 -0.9953 -0.0000
vn 0.8404 -0.5420 -0.0000
vn 0.8196 -0.5729 -0.0014
vn 0.8251 -0.5650 -0.0000
vn 0.6855 -0.7281 -0.0000
vn 0.5343 -0.8453 -0.0000
vn 0.3644 -0.9312 -0.0000
vn 0.1825 -0.9832 -0.0000
vn 0.0262 -0.9997 -0.0000
vn -0.1291 -0.9916 -0.0000
vn -0.3136 -0.9496 -0.0000
vn -0.3127 -0.9498 0.0001
vn -0.3154 -0.9490 -0.0000
vn 0.7240 -0.6898 0.0010
vn 0.6855 -0.7281 -0.0012
vn 0.5821 -0.8131 0.0011
vn 0.5343 -0.8453 -0.0012
vn 0.4195 -0.9078 0.0011
vn 0.3644 -0.9312 -0.0012
vn 0.2422 -0.9702 0.0011
vn 0.1825 -0.9832 -0.0012
vn 0.0560 -0.9984 0.0012
vn 0.0262 -0.9997 0.0001
vn -0.1291 -0.9916 -0.0001
vn -0.1320 -0.9913 -0.0000
vn -0.3153 -0.9490 -0.0001
vn -0.1321 -0.9912 -0.0000
vn -0.1291 -0.9916 0.0002
vn 0.0262 -0.9997 -0.0001
vn 0.0558 -0.9984 -0.0012
vn 0.1825 -0.9832 0.0012
vn 0.2419 -0.9703 -0.0011
vn 0.3644 -0.9312 0.0012
vn 0.4193 -0.9079 -0.0011
vn 0.5343 -0.8453 0.0012
vn 0.5819 -0.8132 -0.0011
vn 0.6855 -0.7281 0.0012
vn 0.7239 -0.6899 -0.0010
vn 0.8196 -0.5729 0.0014
vn 0.3867 0.9222 -0.0000
vn 0.3768 0.9263 -0.0008
vn 0.4598 0.8880 -0.0000
vn 0.3641 0.9314 -0.0000
vn 0.5291 0.8486 -0.0004
vn 0.5154 0.8570 -0.0007
vn 0.4805 0.8770 -0.0006
vn 0.5514 0.8343 -0.0009
vn 0.5775 0.8164 0.0002
vn 0.6033 0.7975 -0.0002
vn 0.6152 0.7884 0.0005
vn 0.6473 0.7622 -0.0000
vn 0.6570 0.7539 0.0006
vn 0.6839 0.7296 -0.0000
vn 0.6962 0.7179 0.0006
vn 0.7263 0.6874 -0.0006
vn 0.7324 0.6809 -0.0000
vn 0.9884 -0.1516 -0.0000
vn 0.9934 -0.1146 0.0014
vn 0.9923 -0.1242 -0.0000
vn 0.9959 0.0904 -0.0000
vn 0.9605 0.2784 -0.0000
vn 0.8903 0.4554 -0.0000
vn 0.7886 0.6150 -0.0000
vn 0.6826 0.7308 -0.0000
vn 0.5610 0.8278 -0.0000
vn 0.3951 0.9187 -0.0000
vn 0.3959 0.9183 -0.0001
vn 0.3933 0.9194 -0.0000
vn 0.9993 0.0361 -0.0010
vn 0.9959 0.0904 0.0012
vn 0.9749 0.2227 -0.0011
vn 0.9605 0.2784 0.0012
vn 0.9160 0.4012 -0.0011
vn 0.8903 0.4554 0.0012
vn 0.8246 0.5657 -0.0011
vn 0.7886 0.6150 0.0012
vn 0.7040 0.7102 -0.0012
vn 0.6826 0.7308 -0.0001
vn 0.5610 0.8278 0.0001
vn 0.5586 0.8294 -0.0000
vn 0.3933 0.9194 0.0001
vn 0.5585 0.8295 -0.0000
vn 0.5610 0.8278 -0.0002
vn 0.6826 0.7308 0.0001
vn 0.7039 0.7103 0.0012
vn 0.7886 0.6150 -0.0012
vn 0.8245 0.5659 0.0011
vn 0.8903 0.4554 -0.0012
vn 0.9158 0.4015 0.0011
vn 0.9605 0.2784 -0.0012
vn 0.9748 0.2229 0.0011
vn 0.9959 0.0904 -0.0012
vn 0.9993 0.0363 0.0010
vn 0.9934 -0.1146 -0.0014
vn 0.9885 -0.1515 -0.0000
vn 0.9717 -0.2363 -0.0000
vn 0.9710 -0.2392 -0.0000
vn 0.9713 -0.2378 -0.0000
vn 0.9707 -0.2401 -0.0000
vn 0.9717 -0.2363 -0.0001
vn 0.9702 -0.2424 -0.0000
vn 0.9905 -0.1376 -0.0000
vn 0.9927 -0.1205 -0.0000
vn 0.9946 -0.1034 -0.0000
vn -0.0862 -0.9963 -0.0000
vn -0.0968 -0.9953 0.0008
vn -0.0055 -1.0000 -0.0000
vn -0.1104 -0.9939 -0.0000
vn 0.0741 -0.9973 0.0004
vn 0.0580 -0.9983 0.0007
vn 0.0181 -0.9998 0.0006
vn 0.1005 -0.9949 0.0009
vn 0.1320 -0.9913 -0.0002
vn 0.1636 -0.9865 0.0002
vn 0.1784 -0.9840 -0.0005
vn 0.2190 -0.9757 -0.0000
vn 0.2315 -0.9728 -0.0006
vn 0.2665 -0.9638 -0.0000
vn 0.2829 -0.9592 -0.0006
vn 0.3236 -0.9462 0.0006
vn 0.3321 -0.9433 -0.0000
vn 0.9457 -0.3251 -0.0000
vn 0.9329 -0.3602 -0.0014
vn 0.9363 -0.3511 -0.0000
vn 0.8398 -0.5429 -0.0000
vn 0.7211 -0.6929 -0.0000
vn 0.5766 -0.8170 -0.0000
vn 0.4126 -0.9109 -0.0000
vn 0.2645 -0.9644 -0.0000
vn 0.1121 -0.9937 -0.0000
vn -0.0771 -0.9970 -0.0000
vn -0.0762 -0.9971 0.0001
vn -0.0790 -0.9969 -0.0000
vn 0.8681 -0.4964 0.0010
vn 0.8398 -0.5429 -0.0012
vn 0.7597 -0.6502 0.0011
vn 0.7211 -0.6929 -0.0012
vn 0.6246 -0.7809 0.0011
vn 0.5766 -0.8170 -0.0012
vn 0.4673 -0.8841 0.0011
vn 0.4126 -0.9109 -0.0012
vn 0.2933 -0.9560 0.0012
vn 0.2645 -0.9644 0.0001
vn 0.1121 -0.9937 -0.0001
vn 0.1091 -0.9940 -0.0000
vn -0.0790 -0.9969 -0.0001
vn 0.1089 -0.9941 -0.0000
vn 0.1121 -0.9937 0.0002
vn 0.2645 -0.9644 -0.0001
vn 0.2933 -0.9560 -0.0012
vn 0.4126 -0.9109 0.0012
vn 0.4670 -0.8842 -0.0011
vn 0.5766 -0.8170 0.0012
vn 0.6243 -0.7812 -0.0011
vn 0.7211 -0.6929 0.0012
vn 0.7596 -0.6504 -0.0011
vn 0.8398 -0.5429 0.0012
vn 0.8680 -0.4966 -0.0010
vn 0.9329 -0.3602 0.0014
vn 0.1548 0.9879 -0.0000
vn 0.1443 0.9895 -0.0008
vn 0.2340 0.9722 -0.0000
vn 0.1306 0.9914 -0.0000
vn 0.3106 0.9505 -0.0004
vn 0.2952 0.9554 -0.0007
vn 0.2567 0.9665 -0.0006
vn 0.3357 0.9420 -0.0009
vn 0.3654 0.9309 0.0002
vn 0.3950 0.9187 -0.0002
vn 0.4086 0.9127 0.0005
vn 0.4461 0.8950 -0.0000
vn 0.4575 0.8892 0.0006
vn 0.4895 0.8720 -0.0000
vn 0.5042 0.8636 0.0006
vn 0.5407 0.8412 -0.0006
vn 0.5482 0.8364 -0.0000
vn 0.9960 0.0894 -0.0000
vn 0.9920 0.1265 0.0014
vn 0.9931 0.1169 -0.0000
vn 0.9453 0.3261 -0.0000
vn 0.8659 0.5003 -0.0000
vn 0.7555 0.6552 -0.0000
vn 0.6185 0.7858 -0.0000
vn 0.4877 0.8730 -0.0000
vn 0.3466 0.9380 -0.0000
vn 0.1637 0.9865 -0.0000
vn 0.1646 0.9864 -0.0001
vn 0.1618 0.9868 -0.0000
vn 0.9616 0.2743 -0.0010
vn 0.9453 0.3261 0.0012
vn 0.8933 0.4495 -0.0011
vn 0.8659 0.5003 0.0012
vn 0.7933 0.6089 -0.0011
vn 0.7555 0.6552 0.0012
vn 0.6653 0.7466 -0.0011
vn 0.6185 0.7858 0.0012
vn 0.5136 0.8580 -0.0012
vn 0.4877 0.8730 -0.0001
vn 0.3466 0.9380 0.0001
vn 0.3438 0.9391 -0.0000
vn 0.1619 0.9868 0.0001
vn 0.3437 0.9391 -0.0000
vn 0.3466 0.9380 -0.0002
vn 0.4877 0.8730 0.0001
vn 0.5135 0.8581 0.0012
vn 0.6185 0.7858 -0.0012
vn 0.6651 0.7468 0.0011
vn 0.7555 0.6552 -0.0012
vn 0.7931 0.6090 0.0011
vn 0.8659 0.5003 -0.0012
vn 0.8932 0.4497 0.0011
vn 0.9453 0.3261 -0.0012
vn 0.9616 0.2744 0.0010
vn 0.9920 0.1265 -0.0014
vn 1.0000 0.0032 -0.0000
vn 1.0000 -0.0000 -0.0000
vn 1.0000 0.0016 -0.0000
vn 1.0000 -0.0008 -0.0000
vn 1.0000 0.0032 -0.0001
vn 1.0000 -0.0032 -0.0000
vn 0.9946 0.1034 -0.0000
vn 0.9927 0.1205 -0.0000
vn 0.9905 0.1376 -0.0000
vn 0.1548 -0.9879 -0.0000
vn 0.1443 -0.9895 0.0008
vn 0.2340 -0.9722 -0.0000
vn 0.1306 -0.9914 -0.0000
vn 0.3106 -0.9505 0.0004
vn 0.2952 -0.9554 0.0007
vn 0.2567 -0.9665 0.0006
vn 0.3357 -0.9420 0.0009
vn 0.3654 -0.9309 -0.0002
vn 0.3950 -0.9187 0.0002
vn 0.4086 -0.9127 -0.0005
vn 0.4461 -0.8950 -0.0000
vn 0.4575 -0.8892 -0.0006
vn 0.4895 -0.8720 -0.0000
vn 0.5042 -0.8636 -0.0006
vn 0.5407 -0.8412 0.0006
vn 0.5482 -0.8364 -0.0000
vn 0.9960 -0.0894 -0.0000
vn 0.9920 -0.1265 -0.0014
vn 0.9931 -0.1169 -0.0000
vn 0.9453 -0.3261 -0.0000
vn 0.8659 -0.5003 -0.0000
vn 0.7555 -0.6552 -0.0000
vn 0.6185 -0.7858 -0.0000
vn 0.4877 -0.8730 -0.0000
vn 0.3466 -0.9380 -0.0000
vn 0.1637 -0.9865 -0.0000
vn 0.1646 -0.9864 0.0001
vn 0.1618 -0.9868 -0.0000
vn 0.9616 -0.2743 0.0010
vn 0.9453 -0.3261 -0.0012
vn 0.8933 -0.4495 0.0011
vn 0.8659 -0.5003 -0.0012
vn 0.7933 -0.6089 0.0011
vn 0.7555 -0.6552 -0.0012
vn 0.6653 -0.7466 0.0011
vn 0.6185 -0.7858 -0.0012
vn 0.5136 -0.8580 0.0012
vn 0.4877 -0.8730 0.0001
vn 0.3466 -0.9380 -0.0001
vn 0.3438 -0.9391 -0.0000
vn 0.1619 -0.9868 -0.0001
vn 0.3437 -0.9391 -0.0000
vn 0.3466 -0.9380 0.0002
vn 0.4877 -0.8730 -0.0001
vn 0.5135 -0.8581 -0.0012
vn 0.6185 -0.7858 0.0012
vn 0.6651 -0.7468 -0.0011
vn 0.7555 -0.6552 0.0012
vn 0.7931 -0.6090 -0.0011
vn 0.8659 -0.5003 0.0012
vn 0.8932 -0.4497 -0.0011
vn 0.9453 -0.3261 0.0012
vn 0.9616 -0.2744 -0.0010
vn 0.9920 -0.1265 0.0014
vn -0.0862 0.9963 -0.0000
vn -0.0968 0.9953 -0.0008
vn -0.0055 1.0000 -0.0000
vn -0.1104 0.9939 -0.0000
vn 0.0741 0.9973 -0.0004
vn 0.0580 0.9983 -0.0007
vn 0.0181 0.9998 -0.0006
vn 0.1005 0.9949 -0.0009
vn 0.1320 0.9913 0.0002
vn 0.1636 0.9865 -0.0002
vn 0.1784 0.9840 0.0005
vn 0.2190 0.9757 -0.0000
vn 0.2315 0.9728 0.0006
vn 0.2665 0.9638 -0.0000
vn 0.2829 0.9592 0.0006
vn 0.3236 0.9462 -0.0006
vn 0.3321 0.9433 -0.0000
vn 0.9457 0.3251 -0.0000
vn 0.9329 0.3602 0.0014
vn 0.9363 0.3511 -0.0000
vn 0.8398 0.5429 -0.0000
vn 0.7211 0.6929 -0.0000
vn 0.5766 0.8170 -0.0000
vn 0.4126 0.9109 -0.0000
vn 0.2645 0.9644 -0.0000
vn 0.1121 0.9937 -0.0000
vn -0.0771 0.9970 -0.0000
vn -0.0762 0.9971 -0.0001
vn -0.0790 0.9969 -0.0000
vn 0.8681 0.4964 -0.0010
vn 0.8398 0.5429 0.0012
vn 0.7597 0.6502 -0.0011
vn 0.7211 0.6929 0.0012
vn 0.6246 0.7809 -0.0011
vn 0.5766 0.8170 0.0012
vn 0.4672 0.8841 -0.0011
vn 0.4126 0.9109 0.0012
vn 0.2933 0.9560 -0.0012
vn 0.2645 0.9644 -0.0001
vn 0.1121 0.9937 0.0001
vn 0.1091 0.9940 -0.0000
vn -0.0790 0.9969 0.0001
vn 0.1089 0.9941 -0.0000
vn 0.1121 0.9937 -0.0002
vn 0.2645 0.9644 0.0001
vn 0.2933 0.9560 0.0012
vn 0.4126 0.9109 -0.0012
vn 0.4670 0.8842 0.0011
vn 0.5766 0.8170 -0.0012
vn 0.6243 0.7812 0.0011
vn 0.7211 0.6929 -0.0012
vn 0.7596 0.6504 0.0011
vn 0.8398 0.5429 -0.0012
vn 0.8680 0.4966 0.0010
vn 0.9329 0.3602 -0.0014
vn 0.9702 0.2424 -0.0000
vn 0.9710 0.2392 -0.0000
vn 0.9706 0.2408 -0.0000
vn 0.9711 0.2386 -0.0000
vn 0.9702 0.2424 -0.0001
vn 0.9717 0.2363 -0.0000
vn 0.9410 0.3384 -0.0000
vn 0.9350 0.3546 -0.0000
vn 0.9288 0.3707 -0.0000
vn 0.3867 -0.9222 -0.0000
vn 0.3768 -0.9263 0.0008
vn 0.4598 -0.8880 -0.0000
vn 0.3641 -0.9314 -0.0000
vn 0.5291 -0.8486 0.0004
vn 0.5154 -0.8570 0.0007
vn 0.4805 -0.8770 0.0006
vn 0.5514 -0.8343 0.0009
vn 0.5775 -0.8164 -0.0002
vn 0.6033 -0.7975 0.0002
vn 0.6152 -0.7884 -0.0005
vn 0.6473 -0.7622 -0.0000
vn 0.6570 -0.7539 -0.0006
vn 0.6839 -0.7296 -0.0000
vn 0.6962 -0.7179 -0.0006
vn 0.7263 -0.6874 0.0006
vn 0.7324 -0.6809 -0.0000
vn 0.9884 0.1516 -0.0000
vn 0.9934 0.1146 -0.0014
vn 0.9923 0.1242 -0.0000
vn 0.9959 -0.0904 -0.0000
vn 0.9605 -0.2784 -0.0000
vn 0.8903 -0.4554 -0.0000
vn 0.7886 -0.6150 -0.0000
vn 0.6826 -0.7308 -0.0000
vn 0.6825 -0.7308 -0.0000
vn 0.5610 -0.8278 -0.0000
vn 0.3951 -0.9187 -0.0000
vn 0.3959 -0.9183 0.0001
vn 0.3933 -0.9194 -0.0000
vn 0.9993 -0.0361 0.0010
vn 0.9959 -0.0904 -0.0012
vn 0.9749 -0.2227 0.0011
vn 0.9605 -0.2784 -0.0012
vn 0.9160 -0.4012 0.0011
vn 0.8903 -0.4554 -0.0012
vn 0.8246 -0.5657 0.0011
vn 0.7886 -0.6150 -0.0012
vn 0.7040 -0.7102 0.0012
vn 0.6826 -0.7308 0.0001
vn 0.5610 -0.8278 -0.0001
vn 0.5586 -0.8294 -0.0000
vn 0.3933 -0.9194 -0.0001
vn 0.5585 -0.8295 -0.0000
vn 0.5610 -0.8278 0.0002
vn 0.6826 -0.7308 -0.0001
vn 0.7039 -0.7103 -0.0012
vn 0.7886 -0.6150 0.0012
vn 0.8245 -0.5659 -0.0011
vn 0.8903 -0.4554 0.0012
vn 0.9158 -0.4015 -0.0011
vn 0.9605 -0.2784 0.0012
vn 0.9748 -0.2229 -0.0011
vn 0.9959 -0.0904 0.0012
vn 0.9993 -0.0363 -0.0010
vn 0.9934 0.1146 0.0014
vn 0.9885 0.1515 -0.0000
vn -0.3221 0.9467 -0.0000
vn -0.3321 0.9432 -0.0008
vn -0.2446 0.9696 -0.0000
vn -0.3450 0.9386 -0.0000
vn -0.1667 0.9860 -0.0004
vn -0.1825 0.9832 -0.0007
vn -0.2218 0.9751 -0.0006
vn -0.1405 0.9901 -0.0009
vn -0.1091 0.9940 0.0002
vn -0.0772 0.9970 -0.0002
vn -0.0623 0.9981 0.0005
vn -0.0210 0.9998 -0.0000
vn -0.0081 1.0000 0.0006
vn 0.0282 0.9996 -0.0000
vn 0.0451 0.9990 0.0006
vn 0.0878 0.9961 -0.0006
vn 0.0967 0.9953 -0.0000
vn 0.8404 0.5420 -0.0000
vn 0.8196 0.5729 0.0014
vn 0.8251 0.5650 -0.0000
vn 0.6855 0.7281 -0.0000
vn 0.5343 0.8453 -0.0000
vn 0.3644 0.9312 -0.0000
vn 0.1825 0.9832 -0.0000
vn 0.0262 0.9997 -0.0000
vn -0.1291 0.9916 -0.0000
vn -0.3136 0.9496 -0.0000
vn -0.3127 0.9498 -0.0001
vn -0.3154 0.9490 -0.0000
vn 0.7240 0.6898 -0.0010
vn 0.6855 0.7281 0.0011
vn 0.5821 0.8131 -0.0011
vn 0.5343 0.8453 0.0012
vn 0.4195 0.9078 -0.0011
vn 0.3644 0.9312 0.0012
vn 0.2422 0.9702 -0.0011
vn 0.1825 0.9832 0.0012
vn 0.0560 0.9984 -0.0012
vn 0.0262 0.9997 -0.0001
vn -0.1291 0.9916 0.0001
vn -0.1320 0.9913 -0.0000
vn -0.3153 0.9490 0.0001
vn -0.1321 0.9912 -0.0000
vn -0.1291 0.9916 -0.0002
vn 0.0262 0.9997 0.0001
vn 0.0558 0.9984 0.0012
vn 0.1825 0.9832 -0.0012
vn 0.2419 0.9703 0.0011
vn 0.3644 0.9312 -0.0012
vn 0.4193 0.9079 0.0011
vn 0.5343 0.8453 -0.0012
vn 0.5819 0.8132 0.0011
vn 0.6855 0.7281 -0.0012
vn 0.7239 0.6899 0.0010
vn 0.8196 0.5729 -0.0014
vn 0.8840 0.4675 -0.0000
vn 0.8854 0.4648 -0.0000
vn 0.8847 0.4661 -0.0000
vn 0.8858 0.4641 -0.0000
vn 0.8840 0.4675 -0.0001
vn 0.8869 0.4620 -0.0000
vn 0.8326 0.5538 -0.0000
vn 0.8230 0.5681 -0.0000
vn 0.8131 0.5822 -0.0000
vn 0.5962 -0.8029 -0.0000
vn 0.5876 -0.8092 0.0008
vn 0.6590 -0.7521 -0.0000
vn 0.5764 -0.8172 -0.0000
vn 0.7167 -0.6973 0.0004
vn 0.7055 -0.7087 0.0007
vn 0.6764 -0.7365 0.0006
vn 0.7350 -0.6781 0.0009
vn 0.7561 -0.6545 -0.0002
vn 0.7767 -0.6299 0.0002
vn 0.7860 -0.6183 -0.0005
vn 0.8109 -0.5852 -0.0000
vn 0.8184 -0.5747 -0.0006
vn 0.8386 -0.5447 -0.0000
vn 0.8478 -0.5304 -0.0006
vn 0.8697 -0.4936 0.0006
vn 0.8741 -0.4858 -0.0000
vn 0.9234 0.3837 -0.0000
vn 0.9371 0.3490 -0.0014
vn 0.9337 0.3581 -0.0000
vn 0.9886 0.1505 -0.0000
vn 0.9992 -0.0405 -0.0000
vn 0.9734 -0.2291 -0.0000
vn 0.9128 -0.4083 -0.0000
vn 0.8375 -0.5464 -0.0000
vn 0.7429 -0.6694 -0.0000
vn 0.6033 -0.7975 -0.0000
vn 0.6041 -0.7969 0.0001
vn 0.6019 -0.7986 -0.0000
vn 0.9790 0.2040 0.0010
vn 0.9886 0.1505 -0.0012
vn 0.9999 0.0171 0.0011
vn 0.9992 -0.0405 -0.0012
vn 0.9854 -0.1704 0.0011
vn 0.9734 -0.2291 -0.0012
vn 0.9360 -0.3519 0.0011
vn 0.9128 -0.4083 -0.0012
vn 0.8535 -0.5210 0.0012
vn 0.8375 -0.5464 0.0001
vn 0.7429 -0.6694 -0.0002
vn 0.7408 -0.6717 -0.0000
vn 0.6019 -0.7986 -0.0001
vn 0.6034 -0.7975 -0.0000
vn 0.7407 -0.6718 -0.0000
vn 0.7429 -0.6694 0.0002
vn 0.8375 -0.5464 -0.0001
vn 0.8534 -0.5213 -0.0012
vn 0.9128 -0.4083 0.0012
vn 0.9359 -0.3522 -0.0011
vn 0.9734 -0.2291 0.0012
vn 0.9853 -0.1707 -0.0011
vn 0.9992 -0.0405 0.0012
vn 0.9999 0.0170 -0.0011
vn 0.9886 0.1505 0.0012
vn 0.9790 0.2039 -0.0010
vn 0.9371 0.3490 0.0014
vn -0.5393 0.8421 -0.0000
vn -0.5482 0.8363 -0.0008
vn -0.4695 0.8829 -0.0000
vn -0.5596 0.8287 -0.0000
vn -0.3979 0.9174 -0.0004
vn -0.4125 0.9109 -0.0007
vn -0.4487 0.8937 -0.0006
vn -0.3733 0.9277 -0.0009
vn -0.3438 0.9391 0.0002
vn -0.3136 0.9496 -0.0002
vn -0.2994 0.9541 0.0005
vn -0.2596 0.9657 -0.0000
vn -0.2471 0.9690 0.0006
vn -0.2119 0.9773 -0.0000
vn -0.1953 0.9807 0.0006
vn -0.1532 0.9882 -0.0006
vn -0.1443 0.9895 -0.0000
vn 0.6862 0.7274 -0.0000
vn 0.6586 0.7525 0.0014
vn 0.6659 0.7461 -0.0000
vn 0.4913 0.8710 -0.0000
vn 0.3164 0.9486 -0.0000
vn 0.1310 0.9914 -0.0000
vn -0.0580 0.9983 -0.0000
vn -0.0581 0.9983 -0.0000
vn -0.2139 0.9769 -0.0000
vn -0.3626 0.9319 -0.0000
vn -0.5317 0.8470 -0.0000
vn -0.5309 0.8474 -0.0001
vn -0.5333 0.8459 -0.0000
vn 0.5380 0.8430 -0.0010
vn 0.4913 0.8710 0.0012
vn 0.3705 0.9288 -0.0011
vn 0.3164 0.9486 0.0012
vn 0.1901 0.9818 -0.0011
vn 0.1310 0.9914 0.0012
vn 0.0029 1.0000 -0.0011
vn -0.0580 0.9983 0.0012
vn -0.1845 0.9828 -0.0012
vn -0.2139 0.9769 -0.0001
vn -0.3626 0.9319 0.0001
vn -0.3653 0.9309 -0.0000
vn -0.5333 0.8459 0.0001
vn -0.3655 0.9308 -0.0000
vn -0.3626 0.9319 -0.0002
vn -0.2139 0.9769 0.0001
vn -0.1847 0.9828 0.0012
vn -0.0581 0.9983 -0.0012
vn 0.0026 1.0000 0.0011
vn 0.1310 0.9914 -0.0012
vn 0.1898 0.9818 0.0011
vn 0.3164 0.9486 -0.0012
vn 0.3704 0.9289 0.0011
vn 0.4913 0.8710 -0.0012
vn 0.5379 0.8430 0.0010
vn 0.6586 0.7525 -0.0014
vn 0.7465 0.6654 -0.0000
vn 0.7485 0.6632 -0.0000
vn 0.7475 0.6643 -0.0000
vn 0.7491 0.6625 -0.0000
vn 0.7465 0.6654 -0.0001
vn 0.7506 0.6607 -0.0000
vn 0.6759 0.7369 -0.0000
vn 0.6631 0.7485 -0.0000
vn 0.6501 0.7598 -0.0000
vn 0.7710 -0.6369 -0.0000
vn 0.7642 -0.6450 0.0008
vn 0.8198 -0.5726 -0.0000
vn 0.7553 -0.6554 -0.0000
vn 0.8628 -0.5056 0.0004
vn 0.8546 -0.5193 0.0007
vn 0.8330 -0.5532 0.0006
vn 0.8759 -0.4825 0.0009
vn 0.8908 -0.4545 -0.0002
vn 0.9048 -0.4257 0.0002
vn 0.9111 -0.4122 -0.0005
vn 0.9274 -0.3741 -0.0000
vn 0.9321 -0.3621 -0.0006
vn 0.9446 -0.3282 -0.0000
vn 0.9501 -0.3121 -0.0006
vn 0.9625 -0.2712 0.0006
vn 0.9649 -0.2625 -0.0000
vn 0.8048 0.5936 -0.0000
vn 0.8264 0.5631 -0.0014
vn 0.8209 0.5711 -0.0000
vn 0.9239 0.3827 -0.0000
vn 0.9798 0.1998 -0.0000
vn 0.9999 0.0105 -0.0000
vn 0.9840 -0.1779 -0.0000
vn 0.9439 -0.3301 -0.0000
vn 0.8815 -0.4722 -0.0000
vn 0.7767 -0.6299 -0.0000
vn 0.7773 -0.6291 0.0001
vn 0.7755 -0.6314 -0.0000
vn 0.9017 0.4324 0.0010
vn 0.9239 0.3827 -0.0012
vn 0.9667 0.2559 0.0011
vn 0.9798 0.1998 -0.0012
vn 0.9975 0.0704 0.0011
vn 0.9999 0.0105 -0.0012
vn 0.9930 -0.1177 0.0011
vn 0.9840 -0.1779 -0.0012
vn 0.9534 -0.3016 0.0012
vn 0.9439 -0.3301 0.0001
vn 0.8815 -0.4722 -0.0001
vn 0.8800 -0.4749 -0.0000
vn 0.7755 -0.6313 -0.0001
vn 0.8815 -0.4722 0.0002
vn 0.9439 -0.3301 -0.0001
vn 0.9534 -0.3018 -0.0012
vn 0.9840 -0.1779 0.0012
vn 0.9930 -0.1180 -0.0011
vn 0.9999 0.0105 0.0012
vn 0.9975 0.0701 -0.0011
vn 0.9798 0.1998 0.0012
vn 0.9668 0.2557 -0.0011
vn 0.9239 0.3827 0.0012
vn 0.9017 0.4323 -0.0010
vn 0.8264 0.5632 0.0014
vn 0.8048 0.5935 -0.0000
vn -0.7251 0.6886 -0.0000
vn -0.7324 0.6809 -0.0008
vn -0.6672 0.7449 -0.0000
vn -0.7417 0.6707 -0.0000
vn -0.6058 0.7956 -0.0004
vn -0.6185 0.7858 -0.0007
vn -0.6496 0.7603 -0.0006
vn -0.5845 0.8114 -0.0009
vn -0.5586 0.8295 0.0002
vn -0.5317 0.8469 -0.0002
vn -0.5190 0.8548 0.0005
vn -0.4831 0.8755 -0.0000
vn -0.4719 0.8817 0.0006
vn -0.4396 0.8982 -0.0000
vn -0.4243 0.9055 0.0006
vn -0.3852 0.9228 -0.0006
vn -0.3769 0.9263 -0.0000
vn 0.4923 0.8705 -0.0000
vn 0.4594 0.8882 0.0014
vn 0.4680 0.8837 -0.0000
vn 0.2686 0.9633 -0.0000
vn 0.0804 0.9968 -0.0000
vn -0.1101 0.9939 -0.0000
vn -0.2954 0.9554 -0.0000
vn -0.4413 0.8973 -0.0000
vn -0.4414 0.8973 -0.0000
vn -0.5751 0.8181 -0.0000
vn -0.7189 0.6951 -0.0000
vn -0.7183 0.6958 -0.0001
vn -0.7202 0.6937 -0.0000
vn 0.3205 0.9472 -0.0010
vn 0.2686 0.9633 0.0012
vn 0.1375 0.9905 -0.0011
vn 0.0804 0.9968 0.0012
vn -0.0503 0.9987 -0.0011
vn -0.1101 0.9939 0.0012
vn -0.2365 0.9716 -0.0011
vn -0.2954 0.9554 0.0012
vn -0.4144 0.9101 -0.0012
vn -0.4414 0.8973 -0.0001
vn -0.5751 0.8181 0.0001
vn -0.5776 0.8163 -0.0000
vn -0.7202 0.6938 0.0001
vn -0.5751 0.8181 -0.0002
vn -0.4414 0.8973 0.0001
vn -0.4146 0.9100 0.0012
vn -0.2954 0.9554 -0.0012
vn -0.2368 0.9715 0.0011
vn -0.1101 0.9939 -0.0012
vn -0.0506 0.9987 0.0011
vn 0.0804 0.9968 -0.0012
vn 0.1373 0.9905 0.0011
vn 0.2686 0.9633 -0.0012
vn 0.3204 0.9473 0.0010
vn 0.4594 0.8882 -0.0014
vn 0.5655 0.8248 -0.0000
vn 0.5682 0.8229 -0.0000
vn 0.5669 0.8238 -0.0000
vn 0.5687 0.8226 -0.0000
vn 0.5655 0.8248 -0.0001
vn 0.5705 0.8213 -0.0000
vn 0.4799 0.8773 -0.0000
vn 0.4647 0.8855 -0.0000
vn 0.4494 0.8933 -0.0000
vn 0.9010 -0.4338 -0.0000
vn 0.8963 -0.4434 0.0008
vn 0.9331 -0.3597 -0.0000
vn 0.8902 -0.4557 -0.0000
vn 0.9587 -0.2844 0.0004
vn 0.9540 -0.2997 0.0007
vn 0.9412 -0.3378 0.0006
vn 0.9659 -0.2588 0.0009
vn 0.9736 -0.2281 -0.0002
vn 0.9804 -0.1968 0.0002
vn 0.9833 -0.1822 -0.0005
vn 0.9900 -0.1413 -0.0000
vn 0.9917 -0.1286 -0.0006
vn 0.9957 -0.0926 -0.0000
vn 0.9971 -0.0757 -0.0006
vn 0.9995 -0.0329 0.0006
vn 0.9997 -0.0240 -0.0000
vn 0.6393 0.7690 -0.0000
vn 0.6675 0.7446 -0.0014
vn 0.6603 0.7510 -0.0000
vn 0.8054 0.5927 -0.0000
vn 0.9036 0.4284 -0.0000
vn 0.9684 0.2495 -0.0000
vn 0.9980 0.0627 -0.0000
vn 0.9955 -0.0946 -0.0000
vn 0.9689 -0.2476 -0.0000
vn 0.9049 -0.4257 -0.0000
vn 0.9053 -0.4248 0.0001
vn 0.9040 -0.4274 -0.0000
vn 0.7720 0.6356 0.0010
vn 0.8054 0.5927 -0.0012
vn 0.8774 0.4798 0.0011
vn 0.9036 0.4284 -0.0012
vn 0.9517 0.3070 0.0011
vn 0.9684 0.2495 -0.0012
vn 0.9924 0.1234 0.0011
vn 0.9980 0.0627 -0.0012
vn 0.9979 -0.0647 0.0012
vn 0.9955 -0.0946 0.0001
vn 0.9689 -0.2476 -0.0001
vn 0.9681 -0.2505 -0.0000
vn 0.9041 -0.4274 -0.0001
vn 0.9681 -0.2506 -0.0000
vn 0.9689 -0.2476 0.0002
vn 0.9955 -0.0946 -0.0001
vn 0.9979 -0.0649 -0.0012
vn 0.9980 0.0627 0.0012
vn 0.9924 0.1231 -0.0011
vn 0.9684 0.2495 0.0012
vn 0.9518 0.3068 -0.0011
vn 0.9036 0.4284 0.0012
vn 0.8774 0.4797 -0.0011
vn 0.8054 0.5927 0.0011
vn 0.7721 0.6356 -0.0010
vn 0.6675 0.7446 0.0014
vn 0.6394 0.7689 -0.0000
vn -0.8689 0.4951 -0.0000
vn -0.8741 0.4858 -0.0008
vn -0.8261 0.5635 -0.0000
vn -0.8807 0.4737 -0.0000
vn -0.7786 0.6275 -0.0004
vn -0.7887 0.6148 -0.0007
vn -0.8126 0.5828 -0.0006
vn -0.7617 0.6479 -0.0009
vn -0.7408 0.6717 0.0002
vn -0.7189 0.6951 -0.0002
vn -0.7085 0.7057 0.0005
vn -0.6786 0.7345 -0.0000
vn -0.6692 0.7431 0.0006
vn -0.6418 0.7669 -0.0000
vn -0.6287 0.7777 0.0006
vn -0.5949 0.8038 -0.0006
vn -0.5876 0.8091 -0.0000
vn 0.2695 0.9630 -0.0000
vn 0.2334 0.9724 0.0014
vn 0.2428 0.9701 -0.0000
vn 0.0303 0.9995 -0.0000
vn -0.1607 0.9870 -0.0000
vn -0.3447 0.9387 -0.0000
vn -0.5154 0.8570 -0.0000
vn -0.6433 0.7656 -0.0000
vn -0.7541 0.6567 -0.0000
vn -0.7542 0.6567 -0.0000
vn -0.8644 0.5029 -0.0000
vn -0.8639 0.5036 -0.0001
vn -0.8653 0.5012 -0.0000
vn 0.0847 0.9964 -0.0010
vn 0.0303 0.9995 0.0012
vn -0.1036 0.9946 -0.0011
vn -0.1607 0.9870 0.0012
vn -0.2878 0.9577 -0.0011
vn -0.3447 0.9387 0.0012
vn -0.4622 0.8868 -0.0011
vn -0.5154 0.8570 0.0012
vn -0.6201 0.7845 -0.0012
vn -0.6433 0.7656 -0.0001
vn -0.7541 0.6567 0.0002
vn -0.7561 0.6544 -0.0000
vn -0.8653 0.5012 0.0001
vn -0.7562 0.6543 -0.0000
vn -0.7541 0.6567 -0.0002
vn -0.6433 0.7656 0.0001
vn -0.6203 0.7844 0.0012
vn -0.5154 0.8570 -0.0012
vn -0.4625 0.8866 0.0011
vn -0.3447 0.9387 -0.0012
vn -0.2881 0.9576 0.0011
vn -0.1607 0.9870 -0.0012
vn -0.1036 0.9946 0.0011
vn 0.0303 0.9995 -0.0011
vn 0.0843 0.9964 0.0010
vn 0.2334 0.9724 -0.0014
vn 0.2696 0.9630 -0.0000
vn 0.3517 0.9361 -0.0000
vn 0.3546 0.9350 -0.0000
vn 0.3531 0.9356 -0.0000
vn 0.3553 0.9347 -0.0000
vn 0.3517 0.9361 -0.0001
vn 0.3575 0.9339 -0.0000
vn 0.2560 0.9667 -0.0000
vn 0.2393 0.9709 -0.0000
vn 0.2226 0.9749 -0.0000
vn 0.9786 -0.2056 -0.0000
vn 0.9764 -0.2160 0.0008
vn 0.9920 -0.1260 -0.0000
vn 0.9733 -0.2294 -0.0000
vn 0.9989 -0.0467 0.0004
vn 0.9980 -0.0627 0.0007
vn 0.9947 -0.1027 0.0006
vn 0.9998 -0.0201 0.0009
vn 0.9999 0.0115 -0.0002
vn 0.9991 0.0435 0.0002
vn 0.9983 0.0584 -0.0005
vn 0.9950 0.0997 -0.0000
vn 0.9937 0.1125 -0.0006
vn 0.9889 0.1484 -0.0000
vn 0.9863 0.1652 -0.0006
vn 0.9783 0.2072 0.0006
vn 0.9764 0.2160 -0.0000
vn 0.4368 0.8996 -0.0000
vn 0.4701 0.8826 -0.0014
vn 0.4615 0.8871 -0.0000
vn 0.6401 0.7683 -0.0000
vn 0.7748 0.6322 -0.0000
vn 0.8805 0.4740 -0.0000
vn 0.9540 0.2997 -0.0000
vn 0.9892 0.1465 -0.0000
vn 1.0000 -0.0085 -0.0000
vn 0.9804 -0.1968 -0.0000
vn 0.9806 -0.1958 0.0001
vn 0.9801 -0.1987 -0.0000
vn 0.5975 0.8019 0.0010
vn 0.6401 0.7683 -0.0012
vn 0.7370 0.6759 0.0011
vn 0.7748 0.6322 -0.0012
vn 0.8505 0.5259 0.0011
vn 0.8805 0.4740 -0.0012
vn 0.9340 0.3573 0.0011
vn 0.9540 0.2997 -0.0012
vn 0.9844 0.1760 0.0012
vn 0.9892 0.1465 0.0001
vn 1.0000 -0.0085 -0.0001
vn 0.9999 -0.0115 -0.0000
vn 0.9801 -0.1986 -0.0001
vn 0.9999 -0.0116 -0.0000
vn 1.0000 -0.0085 0.0002
vn 0.9892 0.1465 -0.0001
vn 0.9844 0.1758 -0.0012
vn 0.9540 0.2997 0.0012
vn 0.9341 0.3570 -0.0011
vn 0.8805 0.4740 0.0012
vn 0.8507 0.5257 -0.0011
vn 0.7748 0.6322 0.0012
vn 0.7372 0.6757 -0.0011
vn 0.6401 0.7683 0.0012
vn 0.5976 0.8018 -0.0010
vn 0.4701 0.8826 0.0014
vn -0.9621 0.2728 -0.0000
vn -0.9649 0.2625 -0.0008
vn -0.9369 0.3495 -0.0000
vn -0.9684 0.2492 -0.0000
vn -0.9062 0.4229 -0.0004
vn -0.9129 0.4083 -0.0007
vn -0.9285 0.3713 -0.0006
vn -0.8946 0.4468 -0.0009
vn -0.8800 0.4749 0.0002
vn -0.8644 0.5028 -0.0002
vn -0.8568 0.5157 0.0005
vn -0.8347 0.5507 -0.0000
vn -0.8275 0.5614 0.0006
vn -0.8067 0.5910 -0.0000
vn -0.7965 0.6046 0.0006
vn -0.7699 0.6381 -0.0006
vn -0.7642 0.6450 -0.0000
vn 0.0315 0.9995 -0.0000
vn -0.0059 1.0000 0.0014
vn 0.0038 1.0000 -0.0000
vn -0.2099 0.9777 -0.0000
vn -0.3922 0.9199 -0.0000
vn -0.5594 0.8289 -0.0000
vn -0.7055 0.7087 -0.0000
vn -0.8078 0.5894 -0.0000
vn -0.8078 0.5895 -0.0000
vn -0.8894 0.4571 -0.0000
vn -0.9596 0.2814 -0.0000
vn -0.9593 0.2823 -0.0001
vn -0.9601 0.2795 -0.0000
vn -0.1564 0.9877 -0.0010
vn -0.2099 0.9777 0.0012
vn -0.3385 0.9410 -0.0011
vn -0.3922 0.9199 0.0012
vn -0.5088 0.8609 -0.0011
vn -0.5594 0.8289 0.0012
vn -0.6610 0.7504 -0.0011
vn -0.7055 0.7087 0.0012
vn -0.7898 0.6133 -0.0012
vn -0.8078 0.5895 -0.0001
vn -0.8894 0.4571 0.0001
vn -0.8907 0.4545 -0.0000
vn -0.9601 0.2795 0.0001
vn -0.8908 0.4544 -0.0000
vn -0.8894 0.4571 -0.0002
vn -0.8078 0.5895 0.0001
vn -0.7899 0.6132 0.0012
vn -0.7055 0.7087 -0.0012
vn -0.6612 0.7502 0.0011
vn -0.5594 0.8289 -0.0012
vn -0.5090 0.8607 0.0011
vn -0.3922 0.9199 -0.0012
vn -0.3388 0.9409 0.0011
vn -0.2099 0.9777 -0.0012
vn -0.1565 0.9877 0.0010
vn -0.0059 1.0000 -0.0014
vn 0.1172 0.9931 -0.0000
vn 0.1206 0.9927 -0.0000
vn 0.1189 0.9929 -0.0000
vn 0.1212 0.9926 -0.0000
vn 0.1172 0.9931 -0.0001
vn 0.1234 0.9924 -0.0000
vn -0.1234 0.9924 -0.0000
vn -0.1205 0.9927 -0.0000
vn -0.1220 0.9925 -0.0000
vn -0.1196 0.9928 -0.0000
vn -0.1234 0.9924 -0.0001
vn -0.1172 0.9931 -0.0000
vn 0.0173 0.9999 -0.0000
vn -0.0000 1.0000 -0.0000
vn -0.0173 0.9999 -0.0000
vn -0.9994 0.0346 -0.0000
vn -0.9997 0.0240 -0.0008
vn -0.9934 0.1151 -0.0000
vn -0.9999 0.0102 -0.0000
vn -0.9810 0.1938 -0.0004
vn -0.9840 0.1779 -0.0007
vn -0.9904 0.1383 -0.0006
vn -0.9756 0.2197 -0.0009
vn -0.9681 0.2505 0.0002
vn -0.9596 0.2814 -0.0002
vn -0.9553 0.2956 0.0005
vn -0.9422 0.3349 -0.0000
vn -0.9379 0.3470 0.0006
vn -0.9247 0.3808 -0.0000
vn -0.9181 0.3964 0.0006
vn -0.9003 0.4353 -0.0006
vn -0.8963 0.4434 -0.0000
vn -0.2088 0.9780 -0.0000
vn -0.2451 0.9695 0.0014
vn -0.2358 0.9718 -0.0000
vn -0.4377 0.8991 -0.0000
vn -0.6010 0.7993 -0.0000
vn -0.7415 0.6710 -0.0000
vn -0.8546 0.5193 -0.0000
vn -0.9254 0.3789 -0.0000
vn -0.9730 0.2310 -0.0000
vn -0.9991 0.0436 -0.0000
vn -0.9990 0.0445 -0.0001
vn -0.9991 0.0417 -0.0000
vn -0.3882 0.9216 -0.0010
vn -0.4377 0.8991 0.0012
vn -0.5539 0.8326 -0.0011
vn -0.6010 0.7993 0.0012
vn -0.7000 0.7141 -0.0011
vn -0.7415 0.6710 0.0012
vn -0.8213 0.5704 -0.0011
vn -0.8546 0.5193 0.0012
vn -0.9137 0.4064 -0.0012
vn -0.9254 0.3789 -0.0001
vn -0.9730 0.2310 0.0001
vn -0.9736 0.2281 -0.0000
vn -0.9991 0.0417 0.0001
vn -0.9737 0.2280 -0.0000
vn -0.9730 0.2310 -0.0002
vn -0.9254 0.3789 0.0001
vn -0.9137 0.4063 0.0012
vn -0.8546 0.5193 -0.0012
vn -0.8215 0.5702 0.0011
vn -0.7415 0.6710 -0.0012
vn -0.7002 0.7139 0.0011
vn -0.6010 0.7993 -0.0012
vn -0.5541 0.8325 0.0011
vn -0.4377 0.8991 -0.0012
vn -0.3882 0.9216 0.0010
vn -0.2451 0.9695 -0.0014
vn -0.2089 0.9779 -0.0000
vn 0.9994 0.0346 -0.0000
vn 0.9997 0.0240 0.0008
vn 0.9934 0.1151 -0.0000
vn 0.9999 0.0102 -0.0000
vn 0.9810 0.1938 0.0004
vn 0.9840 0.1779 0.0007
vn 0.9904 0.1383 0.0006
vn 0.9756 0.2197 0.0009
vn 0.9681 0.2505 -0.0002
vn 0.9596 0.2814 0.0002
vn 0.9553 0.2956 -0.0005
vn 0.9422 0.3349 -0.0000
vn 0.9379 0.3470 -0.0006
vn 0.9247 0.3808 -0.0000
vn 0.9181 0.3964 -0.0006
vn 0.9003 0.4353 0.0006
vn 0.8963 0.4434 -0.0000
vn 0.2088 0.9780 -0.0000
vn 0.2452 0.9695 -0.0014
vn 0.2358 0.9718 -0.0000
vn 0.4377 0.8991 -0.0000
vn 0.6010 0.7993 -0.0000
vn 0.7415 0.6710 -0.0000
vn 0.8546 0.5193 -0.0000
vn 0.9254 0.3789 -0.0000
vn 0.9730 0.2310 -0.0000
vn 0.9991 0.0436 -0.0000
vn 0.9990 0.0445 0.0001
vn 0.9991 0.0417 -0.0000
vn 0.3882 0.9216 0.0010
vn 0.4377 0.8991 -0.0012
vn 0.5539 0.8326 0.0011
vn 0.6010 0.7993 -0.0012
vn 0.7000 0.7142 0.0011
vn 0.7415 0.6710 -0.0012
vn 0.8213 0.5704 0.0011
vn 0.8546 0.5193 -0.0012
vn 0.9137 0.4064 0.0012
vn 0.9254 0.3789 0.0001
vn 0.9730 0.2310 -0.0001
vn 0.9736 0.2281 -0.0000
vn 0.9991 0.0417 -0.0001
vn 0.9737 0.2280 -0.0000
vn 0.9730 0.2310 0.0002
vn 0.9254 0.3789 -0.0001
vn 0.9137 0.4063 -0.0012
vn 0.8546 0.5193 0.0012
vn 0.8215 0.5701 -0.0011
vn 0.7415 0.6710 0.0012
vn 0.7002 0.7139 -0.0011
vn 0.6010 0.7993 0.0012
vn 0.5540 0.8325 -0.0011
vn 0.4377 0.8991 0.0012
vn 0.3882 0.9216 -0.0010
vn 0.2451 0.9695 0.0014
vn 0.2089 0.9779 -0.0000
vn -0.1234 -0.9924 -0.0000
vn -0.1205 -0.9927 -0.0000
vn -0.1172 -0.9931 -0.0001
vn -0.1212 -0.9926 -0.0000
vn -0.1189 -0.9929 -0.0000
vn -0.1172 -0.9931 -0.0000
vn -0.2226 0.9749 -0.0000
vn -0.2393 0.9709 -0.0000
vn -0.2560 0.9667 -0.0000
vn -0.9786 -0.2056 -0.0000
vn -0.9764 -0.2160 -0.0008
vn -0.9920 -0.1260 -0.0000
vn -0.9733 -0.2294 -0.0000
vn -0.9989 -0.0467 -0.0004
vn -0.9980 -0.0627 -0.0007
vn -0.9947 -0.1027 -0.0006
vn -0.9998 -0.0201 -0.0009
vn -0.9999 0.0115 0.0002
vn -0.9991 0.0435 -0.0002
vn -0.9983 0.0584 0.0005
vn -0.9950 0.0997 -0.0000
vn -0.9937 0.1125 0.0006
vn -0.9889 0.1484 -0.0000
vn -0.9863 0.1652 0.0006
vn -0.9783 0.2072 -0.0006
vn -0.9764 0.2160 -0.0000
vn -0.4368 0.8996 -0.0000
vn -0.4701 0.8826 0.0014
vn -0.4615 0.8871 -0.0000
vn -0.6401 0.7683 -0.0000
vn -0.7748 0.6322 -0.0000
vn -0.8805 0.4740 -0.0000
vn -0.9540 0.2997 -0.0000
vn -0.9892 0.1465 -0.0000
vn -1.0000 -0.0085 -0.0000
vn -0.9804 -0.1968 -0.0000
vn -0.9806 -0.1958 -0.0001
vn -0.9801 -0.1987 -0.0000
vn -0.5975 0.8018 -0.0010
vn -0.6401 0.7683 0.0012
vn -0.7370 0.6758 -0.0011
vn -0.7748 0.6322 0.0012
vn -0.8505 0.5259 -0.0011
vn -0.8805 0.4740 0.0012
vn -0.9340 0.3573 -0.0011
vn -0.9540 0.2997 0.0012
vn -0.9844 0.1760 -0.0012
vn -0.9892 0.1465 -0.0001
vn -1.0000 -0.0085 0.0001
vn -0.9999 -0.0115 -0.0000
vn -0.9801 -0.1986 0.0001
vn -0.9999 -0.0116 -0.0000
vn -1.0000 -0.0085 -0.0002
vn -0.9892 0.1465 0.0001
vn -0.9844 0.1758 0.0012
vn -0.9540 0.2997 -0.0012
vn -0.9341 0.3570 0.0011
vn -0.8805 0.4740 -0.0012
vn -0.8507 0.5257 0.0011
vn -0.7748 0.6322 -0.0012
vn -0.7372 0.6757 0.0011
vn -0.6401 0.7683 -0.0012
vn -0.5975 0.8018 0.0010
vn -0.4701 0.8826 -0.0014
vn 0.9621 0.2728 -0.0000
vn 0.9649 0.2625 0.0008
vn 0.9369 0.3495 -0.0000
vn 0.9684 0.2492 -0.0000
vn 0.9062 0.4229 0.0004
vn 0.9129 0.4083 0.0007
vn 0.9285 0.3713 0.0006
vn 0.8946 0.4468 0.0009
vn 0.8800 0.4749 -0.0002
vn 0.8644 0.5028 0.0002
vn 0.8568 0.5157 -0.0005
vn 0.8347 0.5507 -0.0000
vn 0.8275 0.5614 -0.0006
vn 0.8067 0.5910 -0.0000
vn 0.7965 0.6046 -0.0006
vn 0.7699 0.6381 0.0006
vn 0.7642 0.6450 -0.0000
vn -0.0315 0.9995 -0.0000
vn 0.0059 1.0000 -0.0014
vn -0.0038 1.0000 -0.0000
vn 0.2099 0.9777 -0.0000
vn 0.3922 0.9199 -0.0000
vn 0.5594 0.8289 -0.0000
vn 0.7055 0.7087 -0.0000
vn 0.8078 0.5894 -0.0000
vn 0.8078 0.5895 -0.0000
vn 0.8894 0.4571 -0.0000
vn 0.9596 0.2814 -0.0000
vn 0.9593 0.2823 0.0001
vn 0.9601 0.2795 -0.0000
vn 0.1565 0.9877 0.0010
vn 0.2099 0.9777 -0.0012
vn 0.3385 0.9410 0.0011
vn 0.3922 0.9199 -0.0012
vn 0.5087 0.8609 0.0011
vn 0.5594 0.8289 -0.0012
vn 0.6610 0.7504 0.0011
vn 0.7055 0.7087 -0.0012
vn 0.7898 0.6133 0.0012
vn 0.8078 0.5895 0.0001
vn 0.8894 0.4571 -0.0001
vn 0.8907 0.4545 -0.0000
vn 0.9601 0.2795 -0.0001
vn 0.8908 0.4544 -0.0000
vn 0.8894 0.4571 0.0002
vn 0.8078 0.5895 -0.0001
vn 0.7899 0.6132 -0.0012
vn 0.7055 0.7087 0.0012
vn 0.6612 0.7502 -0.0011
vn 0.5594 0.8289 0.0012
vn 0.5090 0.8607 -0.0011
vn 0.3922 0.9199 0.0012
vn 0.3388 0.9409 -0.0011
vn 0.2099 0.9777 0.0012
vn 0.1565 0.9877 -0.0010
vn 0.0059 1.0000 0.0014
vn -0.3575 0.9339 -0.0000
vn -0.3546 0.9350 -0.0000
vn -0.3561 0.9345 -0.0000
vn -0.3539 0.9353 -0.0000
vn -0.3575 0.9339 -0.0001
vn -0.3517 0.9361 -0.0000
vn -0.4494 0.8933 -0.0000
vn -0.4647 0.8854 -0.0000
vn -0.4799 0.8773 -0.0000
vn 0.8689 0.4951 -0.0000
vn 0.8741 0.4858 0.0008
vn 0.8261 0.5635 -0.0000
vn 0.8807 0.4737 -0.0000
vn 0.7786 0.6275 0.0004
vn 0.7887 0.6148 0.0007
vn 0.8126 0.5828 0.0006
vn 0.7617 0.6479 0.0009
vn 0.7408 0.6717 -0.0002
vn 0.7189 0.6951 0.0002
vn 0.7085 0.7057 -0.0005
vn 0.6786 0.7345 -0.0000
vn 0.6692 0.7431 -0.0006
vn 0.6418 0.7669 -0.0000
vn 0.6287 0.7777 -0.0006
vn 0.5949 0.8038 0.0006
vn 0.5876 0.8091 -0.0000
vn -0.2695 0.9630 -0.0000
vn -0.2334 0.9724 -0.0014
vn -0.2428 0.9701 -0.0000
vn -0.0303 0.9995 -0.0000
vn 0.1607 0.9870 -0.0000
vn 0.3447 0.9387 -0.0000
vn 0.5154 0.8570 -0.0000
vn 0.6433 0.7656 -0.0000
vn 0.7541 0.6567 -0.0000
vn 0.7542 0.6567 -0.0000
vn 0.8644 0.5029 -0.0000
vn 0.8639 0.5036 0.0001
vn 0.8653 0.5012 -0.0000
vn -0.0847 0.9964 0.0010
vn -0.0303 0.9995 -0.0012
vn 0.1036 0.9946 0.0011
vn 0.1607 0.9870 -0.0012
vn 0.2878 0.9577 0.0011
vn 0.3447 0.9387 -0.0012
vn 0.4622 0.8868 0.0011
vn 0.5154 0.8570 -0.0012
vn 0.6201 0.7845 0.0012
vn 0.6433 0.7656 0.0001
vn 0.7541 0.6567 -0.0002
vn 0.7561 0.6544 -0.0000
vn 0.8653 0.5012 -0.0001
vn 0.7562 0.6543 -0.0000
vn 0.7541 0.6567 0.0002
vn 0.6433 0.7656 -0.0001
vn 0.6203 0.7844 -0.0012
vn 0.5154 0.8570 0.0012
vn 0.4625 0.8866 -0.0011
vn 0.3447 0.9387 0.0012
vn 0.2881 0.9576 -0.0011
vn 0.1607 0.9870 0.0012
vn 0.1037 0.9946 -0.0011
vn -0.0303 0.9995 0.0011
vn -0.0843 0.9964 -0.0010
vn -0.2334 0.9724 0.0014
vn -0.2696 0.9630 -0.0000
vn -0.9010 -0.4338 -0.0000
vn -0.8963 -0.4434 -0.0008
vn -0.9331 -0.3597 -0.0000
vn -0.8902 -0.4557 -0.0000
vn -0.9587 -0.2843 -0.0004
vn -0.9540 -0.2997 -0.0007
vn -0.9412 -0.3378 -0.0006
vn -0.9659 -0.2588 -0.0009
vn -0.9736 -0.2281 0.0002
vn -0.9804 -0.1968 -0.0002
vn -0.9833 -0.1822 0.0005
vn -0.9900 -0.1413 -0.0000
vn -0.9917 -0.1286 0.0006
vn -0.9957 -0.0926 -0.0000
vn -0.9971 -0.0757 0.0006
vn -0.9995 -0.0329 -0.0006
vn -0.9997 -0.0240 -0.0000
vn -0.6393 0.7690 -0.0000
vn -0.6676 0.7445 0.0014
vn -0.6603 0.7510 -0.0000
vn -0.8054 0.5927 -0.0000
vn -0.9036 0.4284 -0.0000
vn -0.9684 0.2495 -0.0000
vn -0.9980 0.0627 -0.0000
vn -0.9955 -0.0946 -0.0000
vn -0.9689 -0.2476 -0.0000
vn -0.9049 -0.4257 -0.0000
vn -0.9053 -0.4248 -0.0001
vn -0.9040 -0.4274 -0.0000
vn -0.7720 0.6356 -0.0010
vn -0.8054 0.5927 0.0012
vn -0.8774 0.4798 -0.0011
vn -0.9036 0.4284 0.0012
vn -0.9517 0.3070 -0.0011
vn -0.9684 0.2495 0.0012
vn -0.9924 0.1234 -0.0011
vn -0.9980 0.0627 0.0012
vn -0.9979 -0.0647 -0.0012
vn -0.9955 -0.0946 -0.0001
vn -0.9689 -0.2476 0.0002
vn -0.9681 -0.2505 -0.0000
vn -0.9041 -0.4274 0.0001
vn -0.9681 -0.2506 -0.0000
vn -0.9689 -0.2476 -0.0002
vn -0.9955 -0.0946 0.0001
vn -0.9979 -0.0649 0.0012
vn -0.9980 0.0627 -0.0012
vn -0.9924 0.1231 0.0011
vn -0.9684 0.2495 -0.0012
vn -0.9518 0.3068 0.0011
vn -0.9036 0.4284 -0.0012
vn -0.8775 0.4796 0.0011
vn -0.8054 0.5927 -0.0012
vn -0.7720 0.6356 0.0010
vn -0.6675 0.7446 -0.0014
vn -0.6394 0.7689 -0.0000
vn -0.5705 0.8213 -0.0000
vn -0.5683 0.8228 -0.0000
vn -0.5694 0.8221 -0.0000
vn -0.5674 0.8234 -0.0000
vn -0.5705 0.8213 -0.0001
vn -0.5683 0.8228 -0.0001
vn -0.5655 0.8248 -0.0000
vn -0.6501 0.7598 -0.0000
vn -0.6631 0.7485 -0.0000
vn -0.6759 0.7370 -0.0000
vn 0.7251 0.6886 -0.0000
vn 0.7324 0.6809 0.0008
vn 0.6672 0.7448 -0.0000
vn 0.7417 0.6708 -0.0000
vn 0.6059 0.7956 0.0004
vn 0.6185 0.7858 0.0007
vn 0.6496 0.7603 0.0006
vn 0.5845 0.8114 0.0009
vn 0.5586 0.8295 -0.0002
vn 0.5317 0.8469 0.0002
vn 0.5190 0.8548 -0.0005
vn 0.4831 0.8755 -0.0000
vn 0.4719 0.8817 -0.0006
vn 0.4396 0.8982 -0.0000
vn 0.4243 0.9055 -0.0006
vn 0.3852 0.9228 0.0006
vn 0.3769 0.9263 -0.0000
vn -0.4923 0.8705 -0.0000
vn -0.4594 0.8882 -0.0014
vn -0.4680 0.8837 -0.0000
vn -0.2686 0.9633 -0.0000
vn -0.0804 0.9968 -0.0000
vn 0.1101 0.9939 -0.0000
vn 0.2954 0.9554 -0.0000
vn 0.4413 0.8974 -0.0000
vn 0.5751 0.8181 -0.0000
vn 0.7189 0.6951 -0.0000
vn 0.7183 0.6958 0.0001
vn 0.7202 0.6938 -0.0000
vn -0.3205 0.9472 0.0010
vn -0.2686 0.9633 -0.0012
vn -0.1376 0.9905 0.0011
vn -0.0804 0.9968 -0.0012
vn 0.0503 0.9987 0.0011
vn 0.1101 0.9939 -0.0012
vn 0.2366 0.9716 0.0011
vn 0.2954 0.9554 -0.0012
vn 0.4143 0.9101 0.0012
vn 0.4413 0.8974 0.0001
vn 0.5751 0.8181 -0.0001
vn 0.5776 0.8163 -0.0000
vn 0.7202 0.6938 -0.0001
vn 0.5751 0.8181 0.0002
vn 0.4413 0.8974 -0.0001
vn 0.4146 0.9100 -0.0012
vn 0.2954 0.9554 0.0012
vn 0.2368 0.9715 -0.0011
vn 0.1101 0.9939 0.0012
vn 0.0506 0.9987 -0.0011
vn -0.0804 0.9968 0.0012
vn -0.1373 0.9905 -0.0011
vn -0.2686 0.9633 0.0012
vn -0.3204 0.9473 -0.0010
vn -0.4594 0.8882 0.0014
vn -0.4923 0.8704 -0.0000
vn -0.7710 -0.6369 -0.0000
vn -0.7642 -0.6450 -0.0008
vn -0.8198 -0.5726 -0.0000
vn -0.7553 -0.6554 -0.0000
vn -0.8628 -0.5056 -0.0004
vn -0.8546 -0.5193 -0.0007
vn -0.8331 -0.5532 -0.0006
vn -0.8759 -0.4825 -0.0009
vn -0.8908 -0.4545 0.0002
vn -0.9048 -0.4257 -0.0002
vn -0.9111 -0.4122 0.0005
vn -0.9274 -0.3741 -0.0000
vn -0.9321 -0.3621 0.0006
vn -0.9446 -0.3282 -0.0000
vn -0.9500 -0.3121 0.0006
vn -0.9625 -0.2712 -0.0006
vn -0.9649 -0.2625 -0.0000
vn -0.8048 0.5936 -0.0000
vn -0.8264 0.5631 0.0014
vn -0.8209 0.5711 -0.0000
vn -0.9239 0.3827 -0.0000
vn -0.9798 0.1998 -0.0000
vn -0.9999 0.0105 -0.0000
vn -0.9840 -0.1780 -0.0000
vn -0.9440 -0.3300 -0.0000
vn -0.8815 -0.4722 -0.0000
vn -0.7766 -0.6299 -0.0000
vn -0.7772 -0.6292 -0.0001
vn -0.7754 -0.6314 -0.0000
vn -0.9017 0.4324 -0.0010
vn -0.9239 0.3827 0.0012
vn -0.9667 0.2559 -0.0011
vn -0.9798 0.1998 0.0012
vn -0.9975 0.0704 -0.0011
vn -0.9999 0.0105 0.0012
vn -0.9931 -0.1176 -0.0011
vn -0.9840 -0.1780 0.0012
vn -0.9534 -0.3017 -0.0012
vn -0.9440 -0.3300 -0.0001
vn -0.8815 -0.4722 0.0001
vn -0.8800 -0.4749 -0.0000
vn -0.7755 -0.6314 0.0001
vn -0.8800 -0.4750 -0.0000
vn -0.8815 -0.4722 -0.0002
vn -0.9440 -0.3300 0.0001
vn -0.9534 -0.3018 0.0012
vn -0.9840 -0.1780 -0.0012
vn -0.9930 -0.1180 0.0011
vn -0.9999 0.0105 -0.0012
vn -0.9975 0.0701 0.0011
vn -0.9798 0.1998 -0.0012
vn -0.9668 0.2557 0.0011
vn -0.9239 0.3827 -0.0012
vn -0.9017 0.4323 0.0010
vn -0.8264 0.5631 -0.0014
vn -0.8048 0.5935 -0.0000
vn -0.7505 0.6608 -0.0000
vn -0.7486 0.6630 -0.0000
vn -0.7496 0.6619 -0.0000
vn -0.7480 0.6637 -0.0000
vn -0.7505 0.6608 -0.0001
vn -0.7464 0.6655 -0.0000
vn -0.8131 0.5822 -0.0000
vn -0.8230 0.5681 -0.0000
vn -0.8326 0.5538 -0.0000
vn 0.5393 0.8421 -0.0000
vn 0.5482 0.8364 0.0008
vn 0.4695 0.8829 -0.0000
vn 0.5596 0.8287 -0.0000
vn 0.3979 0.9174 0.0004
vn 0.4126 0.9109 0.0007
vn 0.4487 0.8937 0.0006
vn 0.3733 0.9277 0.0009
vn 0.3438 0.9391 -0.0002
vn 0.3136 0.9496 0.0002
vn 0.2994 0.9541 -0.0005
vn 0.2596 0.9657 -0.0000
vn 0.2471 0.9690 -0.0006
vn 0.2119 0.9773 -0.0000
vn 0.1953 0.9807 -0.0006
vn 0.1532 0.9882 0.0006
vn 0.1443 0.9895 -0.0000
vn -0.6862 0.7274 -0.0000
vn -0.6586 0.7525 -0.0014
vn -0.6659 0.7461 -0.0000
vn -0.4913 0.8710 -0.0000
vn -0.3164 0.9486 -0.0000
vn -0.1310 0.9914 -0.0000
vn 0.0580 0.9983 -0.0000
vn 0.0581 0.9983 -0.0000
vn 0.2138 0.9769 -0.0000
vn 0.3627 0.9319 -0.0000
vn 0.5317 0.8470 -0.0000
vn 0.5308 0.8475 0.0001
vn 0.5333 0.8459 -0.0000
vn -0.5380 0.8429 0.0010
vn -0.4913 0.8710 -0.0012
vn -0.3705 0.9288 0.0011
vn -0.3164 0.9486 -0.0012
vn -0.1901 0.9818 0.0011
vn -0.1310 0.9914 -0.0012
vn -0.0029 1.0000 0.0011
vn 0.0581 0.9983 -0.0012
vn 0.1845 0.9828 0.0012
vn 0.2138 0.9769 0.0001
vn 0.3627 0.9319 -0.0001
vn 0.3653 0.9309 -0.0000
vn 0.5333 0.8459 -0.0001
vn 0.3655 0.9308 -0.0000
vn 0.3627 0.9319 0.0002
vn 0.2138 0.9769 -0.0001
vn 0.1847 0.9828 -0.0012
vn 0.0580 0.9983 0.0012
vn -0.0026 1.0000 -0.0011
vn -0.1310 0.9914 0.0012
vn -0.1899 0.9818 -0.0011
vn -0.3164 0.9486 0.0012
vn -0.3704 0.9289 -0.0011
vn -0.4913 0.8710 0.0012
vn -0.5379 0.8430 -0.0010
vn -0.6586 0.7525 0.0014
vn -0.5962 -0.8029 -0.0000
vn -0.5876 -0.8091 -0.0008
vn -0.6590 -0.7521 -0.0000
vn -0.5764 -0.8172 -0.0000
vn -0.7167 -0.6974 -0.0004
vn -0.7055 -0.7087 -0.0007
vn -0.6764 -0.7365 -0.0006
vn -0.7350 -0.6781 -0.0009
vn -0.7561 -0.6545 0.0002
vn -0.7767 -0.6299 -0.0002
vn -0.7860 -0.6182 0.0005
vn -0.8109 -0.5852 -0.0000
vn -0.8184 -0.5747 0.0006
vn -0.8386 -0.5447 -0.0000
vn -0.8478 -0.5304 0.0006
vn -0.8697 -0.4936 -0.0006
vn -0.8741 -0.4858 -0.0000
vn -0.9235 0.3837 -0.0000
vn -0.9371 0.3490 0.0014
vn -0.9337 0.3581 -0.0000
vn -0.9886 0.1506 -0.0000
vn -0.9992 -0.0405 -0.0000
vn -0.9734 -0.2291 -0.0000
vn -0.9128 -0.4084 -0.0000
vn -0.8375 -0.5464 -0.0000
vn -0.7429 -0.6694 -0.0000
vn -0.6033 -0.7975 -0.0000
vn -0.6040 -0.7970 -0.0001
vn -0.6019 -0.7986 -0.0000
vn -0.9790 0.2041 -0.0010
vn -0.9886 0.1506 0.0012
vn -0.9999 0.0171 -0.0011
vn -0.9992 -0.0405 0.0012
vn -0.9854 -0.1704 -0.0011
vn -0.9734 -0.2291 0.0012
vn -0.9360 -0.3519 -0.0011
vn -0.9128 -0.4084 0.0012
vn -0.8535 -0.5210 -0.0012
vn -0.7429 -0.6694 0.0002
vn -0.7408 -0.6718 -0.0000
vn -0.6019 -0.7986 0.0001
vn -0.7407 -0.6718 -0.0000
vn -0.7429 -0.6694 -0.0002
vn -0.8375 -0.5464 0.0001
vn -0.8534 -0.5213 0.0012
vn -0.9128 -0.4084 -0.0012
vn -0.9359 -0.3522 0.0011
vn -0.9734 -0.2291 -0.0012
vn -0.9853 -0.1707 0.0011
vn -0.9992 -0.0405 -0.0012
vn -0.9999 0.0169 0.0011
vn -0.9886 0.1506 -0.0012
vn -0.9790 0.2039 0.0010
vn -0.9371 0.3490 -0.0014
vn -0.9234 0.3838 -0.0000
vn -0.8869 0.4619 -0.0000
vn -0.8854 0.4649 -0.0000
vn -0.8862 0.4634 -0.0000
vn -0.8851 0.4654 -0.0000
vn -0.8869 0.4619 -0.0001
vn -0.8840 0.4675 -0.0000
vn -0.9288 0.3707 -0.0000
vn -0.9350 0.3546 -0.0000
vn -0.9410 0.3385 -0.0000
vn 0.3221 0.9467 -0.0000
vn 0.3321 0.9432 0.0008
vn 0.2446 0.9696 -0.0000
vn 0.3450 0.9386 -0.0000
vn 0.1667 0.9860 0.0004
vn 0.1825 0.9832 0.0007
vn 0.2218 0.9751 0.0006
vn 0.1405 0.9901 0.0009
vn 0.1091 0.9940 -0.0002
vn 0.0772 0.9970 0.0002
vn 0.0623 0.9981 -0.0005
vn 0.0210 0.9998 -0.0000
vn 0.0081 1.0000 -0.0006
vn -0.0282 0.9996 -0.0000
vn -0.0451 0.9990 -0.0006
vn -0.0878 0.9961 0.0006
vn -0.0967 0.9953 -0.0000
vn -0.8404 0.5420 -0.0000
vn -0.8196 0.5729 -0.0014
vn -0.8251 0.5650 -0.0000
vn -0.6855 0.7281 -0.0000
vn -0.5343 0.8453 -0.0000
vn -0.5342 0.8453 -0.0000
vn -0.3644 0.9312 -0.0000
vn -0.1825 0.9832 -0.0000
vn -0.0262 0.9997 -0.0000
vn 0.1291 0.9916 -0.0000
vn 0.3136 0.9496 -0.0000
vn 0.3127 0.9499 0.0001
vn 0.3154 0.9490 -0.0000
vn -0.7240 0.6898 0.0010
vn -0.6855 0.7281 -0.0011
vn -0.5821 0.8131 0.0011
vn -0.5343 0.8453 -0.0012
vn -0.4195 0.9078 0.0011
vn -0.3644 0.9312 -0.0012
vn -0.2422 0.9702 0.0011
vn -0.1825 0.9832 -0.0012
vn -0.0560 0.9984 0.0012
vn -0.0262 0.9997 0.0001
vn 0.1291 0.9916 -0.0001
vn 0.1320 0.9913 -0.0000
vn 0.3153 0.9490 -0.0001
vn 0.1321 0.9912 -0.0000
vn 0.1291 0.9916 0.0002
vn -0.0262 0.9997 -0.0001
vn -0.0558 0.9984 -0.0012
vn -0.1825 0.9832 0.0012
vn -0.2419 0.9703 -0.0011
vn -0.3644 0.9312 0.0012
vn -0.4192 0.9079 -0.0011
vn -0.5342 0.8453 0.0012
vn -0.5820 0.8132 -0.0011
vn -0.6855 0.7281 0.0011
vn -0.7239 0.6899 -0.0010
vn -0.8196 0.5729 0.0014
vn -0.8404 0.5419 -0.0000
vn -0.3867 -0.9222 -0.0000
vn -0.3768 -0.9263 -0.0008
vn -0.4598 -0.8880 -0.0000
vn -0.3641 -0.9314 -0.0000
vn -0.5291 -0.8486 -0.0004
vn -0.5154 -0.8570 -0.0007
vn -0.4806 -0.8770 -0.0006
vn -0.5514 -0.8343 -0.0009
vn -0.5775 -0.8164 0.0002
vn -0.6033 -0.7975 -0.0002
vn -0.6152 -0.7884 0.0005
vn -0.6473 -0.7622 -0.0000
vn -0.6570 -0.7539 0.0006
vn -0.6839 -0.7296 -0.0000
vn -0.6962 -0.7179 0.0006
vn -0.7263 -0.6874 -0.0006
vn -0.7324 -0.6809 -0.0000
vn -0.9884 0.1516 -0.0000
vn -0.9934 0.1146 0.0014
vn -0.9923 0.1242 -0.0000
vn -0.9959 -0.0904 -0.0000
vn -0.9605 -0.2784 -0.0000
vn -0.8903 -0.4554 -0.0000
vn -0.7886 -0.6149 -0.0000
vn -0.6826 -0.7308 -0.0000
vn -0.6825 -0.7308 -0.0000
vn -0.5610 -0.8278 -0.0000
vn -0.3951 -0.9187 -0.0000
vn -0.3959 -0.9183 -0.0001
vn -0.3933 -0.9194 -0.0000
vn -0.9993 -0.0362 -0.0010
vn -0.9959 -0.0904 0.0012
vn -0.9749 -0.2227 -0.0011
vn -0.9605 -0.2784 0.0012
vn -0.9160 -0.4012 -0.0011
vn -0.8903 -0.4554 0.0012
vn -0.8246 -0.5657 -0.0011
vn -0.7886 -0.6149 0.0012
vn -0.7040 -0.7102 -0.0012
vn -0.6825 -0.7308 -0.0001
vn -0.5610 -0.8278 0.0001
vn -0.5586 -0.8294 -0.0000
vn -0.3934 -0.9194 0.0001
vn -0.5584 -0.8295 -0.0000
vn -0.5610 -0.8278 -0.0002
vn -0.6826 -0.7308 0.0001
vn -0.7039 -0.7103 0.0012
vn -0.7886 -0.6149 -0.0012
vn -0.8244 -0.5659 0.0011
vn -0.8903 -0.4554 -0.0012
vn -0.9159 -0.4015 0.0011
vn -0.9605 -0.2784 -0.0012
vn -0.9748 -0.2229 0.0011
vn -0.9959 -0.0904 -0.0012
vn -0.9993 -0.0363 0.0010
vn -0.9934 0.1146 -0.0014
vn -0.9717 0.2361 -0.0000
vn -0.9709 0.2394 0.0001
vn -0.9713 0.2378 -0.0000
vn -0.9708 0.2400 -0.0000
vn -0.9717 0.2361 -0.0001
vn -0.9709 0.2394 -0.0000
vn -0.9702 0.2423 -0.0000
vn -0.9905 0.1376 -0.0000
vn -0.9927 0.1205 -0.0000
vn -0.9946 0.1034 -0.0000
vn 0.0862 0.9963 -0.0000
vn 0.0968 0.9953 0.0008
vn 0.0055 1.0000 -0.0000
vn 0.1104 0.9939 -0.0000
vn -0.0741 0.9973 0.0004
vn -0.0580 0.9983 0.0007
vn -0.0181 0.9998 0.0006
vn -0.1005 0.9949 0.0009
vn -0.1320 0.9913 -0.0002
vn -0.1636 0.9865 0.0002
vn -0.1784 0.9840 -0.0005
vn -0.2190 0.9757 -0.0000
vn -0.2315 0.9728 -0.0006
vn -0.2665 0.9638 -0.0000
vn -0.2829 0.9592 -0.0006
vn -0.3236 0.9462 0.0006
vn -0.3321 0.9433 -0.0000
vn -0.9457 0.3252 -0.0000
vn -0.9329 0.3602 -0.0014
vn -0.9363 0.3512 -0.0000
vn -0.8398 0.5430 -0.0000
vn -0.7211 0.6929 -0.0000
vn -0.5767 0.8170 -0.0000
vn -0.4126 0.9109 -0.0000
vn -0.2645 0.9644 -0.0000
vn -0.1121 0.9937 -0.0000
vn 0.0771 0.9970 -0.0000
vn 0.0762 0.9971 0.0001
vn 0.0790 0.9969 -0.0000
vn -0.8681 0.4964 0.0010
vn -0.8398 0.5430 -0.0012
vn -0.7598 0.6502 0.0011
vn -0.7211 0.6929 -0.0012
vn -0.6246 0.7809 0.0011
vn -0.5767 0.8170 -0.0012
vn -0.4672 0.8841 0.0011
vn -0.4126 0.9109 -0.0012
vn -0.2933 0.9560 0.0012
vn -0.2645 0.9644 0.0001
vn -0.1121 0.9937 -0.0001
vn -0.1091 0.9940 -0.0000
vn 0.0790 0.9969 -0.0001
vn -0.1089 0.9941 -0.0000
vn -0.1121 0.9937 0.0002
vn -0.2645 0.9644 -0.0001
vn -0.2933 0.9560 -0.0012
vn -0.4126 0.9109 0.0012
vn -0.4670 0.8842 -0.0011
vn -0.5767 0.8170 0.0012
vn -0.6243 0.7812 -0.0011
vn -0.7211 0.6929 0.0012
vn -0.7596 0.6504 -0.0011
vn -0.8398 0.5430 0.0012
vn -0.8680 0.4965 -0.0010
vn -0.9329 0.3602 0.0014
vn -0.9456 0.3252 -0.0000
vn -0.1548 -0.9879 -0.0000
vn -0.1443 -0.9895 -0.0008
vn -0.2340 -0.9722 -0.0000
vn -0.1306 -0.9914 -0.0000
vn -0.3106 -0.9505 -0.0004
vn -0.2952 -0.9554 -0.0007
vn -0.2567 -0.9665 -0.0006
vn -0.3357 -0.9420 -0.0009
vn -0.3654 -0.9309 0.0002
vn -0.3950 -0.9187 -0.0002
vn -0.4086 -0.9127 0.0005
vn -0.4461 -0.8950 -0.0000
vn -0.4575 -0.8892 0.0006
vn -0.4895 -0.8720 -0.0000
vn -0.5042 -0.8636 0.0006
vn -0.5407 -0.8412 -0.0006
vn -0.5482 -0.8364 -0.0000
vn -0.9960 -0.0894 -0.0000
vn -0.9920 -0.1265 0.0014
vn -0.9931 -0.1169 -0.0000
vn -0.9453 -0.3261 -0.0000
vn -0.8659 -0.5003 -0.0000
vn -0.7555 -0.6552 -0.0000
vn -0.6185 -0.7858 -0.0000
vn -0.4877 -0.8730 -0.0000
vn -0.3466 -0.9380 -0.0000
vn -0.1637 -0.9865 -0.0000
vn -0.1647 -0.9864 -0.0001
vn -0.1618 -0.9868 -0.0000
vn -0.9616 -0.2743 -0.0010
vn -0.9453 -0.3261 0.0012
vn -0.8933 -0.4494 -0.0011
vn -0.8659 -0.5003 0.0012
vn -0.7932 -0.6089 -0.0011
vn -0.7555 -0.6551 0.0012
vn -0.6653 -0.7465 -0.0011
vn -0.6185 -0.7858 0.0012
vn -0.5136 -0.8580 -0.0012
vn -0.4877 -0.8730 -0.0001
vn -0.3466 -0.9380 0.0002
vn -0.3438 -0.9391 -0.0000
vn -0.1619 -0.9868 0.0001
vn -0.3437 -0.9391 -0.0000
vn -0.3466 -0.9380 -0.0002
vn -0.4877 -0.8730 0.0001
vn -0.5135 -0.8581 0.0012
vn -0.6185 -0.7858 -0.0012
vn -0.6651 -0.7468 0.0011
vn -0.7555 -0.6551 -0.0012
vn -0.7931 -0.6090 0.0011
vn -0.8659 -0.5003 -0.0012
vn -0.8932 -0.4497 0.0011
vn -0.9453 -0.3261 -0.0012
vn -0.9616 -0.2745 0.0010
vn -0.9920 -0.1265 -0.0014
vn -1.0000 -0.0031 -0.0000
vn -1.0000 -0.0000 -0.0000
vn -1.0000 -0.0016 -0.0000
vn -1.0000 0.0008 -0.0000
vn -1.0000 -0.0031 -0.0001
vn -1.0000 0.0031 -0.0000
vn -0.9946 -0.1034 -0.0000
vn -0.9927 -0.1205 -0.0000
vn -0.9905 -0.1376 -0.0000
vn -0.1548 0.9879 -0.0000
vn -0.1443 0.9895 0.0008
vn -0.2340 0.9722 -0.0000
vn -0.1306 0.9914 -0.0000
vn -0.3106 0.9505 0.0004
vn -0.2952 0.9554 0.0007
vn -0.2567 0.9665 0.0006
vn -0.3357 0.9420 0.0009
vn -0.3654 0.9309 -0.0002
vn -0.3950 0.9187 0.0002
vn -0.4086 0.9127 -0.0005
vn -0.4461 0.8950 -0.0000
vn -0.4575 0.8892 -0.0006
vn -0.4895 0.8720 -0.0000
vn -0.5042 0.8636 -0.0006
vn -0.5407 0.8412 0.0006
vn -0.5482 0.8364 -0.0000
vn -0.9960 0.0894 -0.0000
vn -0.9920 0.1265 -0.0014
vn -0.9931 0.1169 -0.0000
vn -0.9453 0.3261 -0.0000
vn -0.8659 0.5003 -0.0000
vn -0.7555 0.6552 -0.0000
vn -0.6185 0.7858 -0.0000
vn -0.4877 0.8730 -0.0000
vn -0.3466 0.9380 -0.0000
vn -0.1637 0.9865 -0.0000
vn -0.1647 0.9864 0.0001
vn -0.1618 0.9868 -0.0000
vn -0.9616 0.2743 0.0010
vn -0.9453 0.3261 -0.0012
vn -0.8933 0.4494 0.0011
vn -0.8659 0.5003 -0.0012
vn -0.7932 0.6089 0.0011
vn -0.7555 0.6552 -0.0012
vn -0.6653 0.7465 0.0011
vn -0.6185 0.7858 -0.0012
vn -0.5136 0.8580 0.0012
vn -0.4877 0.8730 0.0001
vn -0.3466 0.9380 -0.0002
vn -0.3438 0.9391 -0.0000
vn -0.1619 0.9868 -0.0001
vn -0.3437 0.9391 -0.0000
vn -0.3466 0.9380 0.0002
vn -0.4877 0.8730 -0.0001
vn -0.5135 0.8581 -0.0012
vn -0.6185 0.7858 0.0012
vn -0.6651 0.7468 -0.0011
vn -0.7555 0.6551 0.0012
vn -0.7931 0.6090 -0.0011
vn -0.8659 0.5003 0.0012
vn -0.8932 0.4497 -0.0011
vn -0.9453 0.3261 0.0012
vn -0.9616 0.2745 -0.0010
vn -0.9920 0.1265 0.0014
vn 0.0862 -0.9963 -0.0000
vn 0.0968 -0.9953 -0.0008
vn 0.0055 -1.0000 -0.0000
vn 0.1104 -0.9939 -0.0000
vn -0.0741 -0.9973 -0.0004
vn -0.0580 -0.9983 -0.0007
vn -0.0181 -0.9998 -0.0006
vn -0.1005 -0.9949 -0.0009
vn -0.1320 -0.9913 0.0002
vn -0.1636 -0.9865 -0.0002
vn -0.1784 -0.9840 0.0005
vn -0.2190 -0.9757 -0.0000
vn -0.2315 -0.9728 0.0006
vn -0.2665 -0.9638 -0.0000
vn -0.2829 -0.9592 0.0006
vn -0.3236 -0.9462 -0.0006
vn -0.3321 -0.9433 -0.0000
vn -0.9457 -0.3252 -0.0000
vn -0.9329 -0.3602 0.0014
vn -0.9363 -0.3512 -0.0000
vn -0.8398 -0.5430 -0.0000
vn -0.7211 -0.6929 -0.0000
vn -0.5767 -0.8170 -0.0000
vn -0.4126 -0.9109 -0.0000
vn -0.2645 -0.9644 -0.0000
vn -0.1121 -0.9937 -0.0000
vn 0.0771 -0.9970 -0.0000
vn 0.0762 -0.9971 -0.0001
vn 0.0790 -0.9969 -0.0000
vn -0.8681 -0.4964 -0.0010
vn -0.8398 -0.5430 0.0012
vn -0.7598 -0.6502 -0.0011
vn -0.7211 -0.6929 0.0012
vn -0.6246 -0.7809 -0.0011
vn -0.5767 -0.8170 0.0012
vn -0.4672 -0.8841 -0.0011
vn -0.4126 -0.9109 0.0012
vn -0.2933 -0.9560 -0.0012
vn -0.2645 -0.9644 -0.0001
vn -0.1121 -0.9937 0.0001
vn -0.1091 -0.9940 -0.0000
vn 0.0790 -0.9969 0.0001
vn -0.1089 -0.9941 -0.0000
vn -0.1121 -0.9937 -0.0002
vn -0.2645 -0.9644 0.0001
vn -0.2933 -0.9560 0.0012
vn -0.4126 -0.9109 -0.0012
vn -0.4670 -0.8842 0.0011
vn -0.5767 -0.8170 -0.0012
vn -0.6243 -0.7812 0.0011
vn -0.7211 -0.6929 -0.0012
vn -0.7596 -0.6504 0.0011
vn -0.8398 -0.5430 -0.0012
vn -0.8680 -0.4965 0.0010
vn -0.9329 -0.3602 -0.0014
vn -0.9456 -0.3252 -0.0000
vn -0.9702 -0.2423 -0.0000
vn -0.9709 -0.2394 -0.0000
vn -0.9706 -0.2409 -0.0000
vn -0.9711 -0.2385 -0.0000
vn -0.9702 -0.2423 -0.0001
vn -0.9709 -0.2394 -0.0001
vn -0.9717 -0.2361 -0.0000
vn -0.9410 -0.3385 -0.0000
vn -0.9350 -0.3546 -0.0000
vn -0.9288 -0.3707 -0.0000
vn -0.3867 0.9222 -0.0000
vn -0.3768 0.9263 0.0008
vn -0.4598 0.8880 -0.0000
vn -0.3641 0.9314 -0.0000
vn -0.5291 0.8486 0.0004
vn -0.5154 0.8570 0.0007
vn -0.4806 0.8770 0.0006
vn -0.5514 0.8343 0.0009
vn -0.5775 0.8164 -0.0002
vn -0.6033 0.7975 0.0002
vn -0.6152 0.7884 -0.0005
vn -0.6473 0.7622 -0.0000
vn -0.6570 0.7539 -0.0006
vn -0.6839 0.7296 -0.0000
vn -0.6962 0.7179 -0.0006
vn -0.7263 0.6874 0.0006
vn -0.7324 0.6809 -0.0000
vn -0.9884 -0.1516 -0.0000
vn -0.9934 -0.1146 -0.0014
vn -0.9923 -0.1242 -0.0000
vn -0.9959 0.0904 -0.0000
vn -0.9605 0.2784 -0.0000
vn -0.8903 0.4554 -0.0000
vn -0.7886 0.6149 -0.0000
vn -0.6826 0.7308 -0.0000
vn -0.5610 0.8278 -0.0000
vn -0.3951 0.9187 -0.0000
vn -0.3959 0.9183 0.0001
vn -0.3933 0.9194 -0.0000
vn -0.9993 0.0362 0.0010
vn -0.9959 0.0904 -0.0012
vn -0.9749 0.2227 0.0011
vn -0.9605 0.2784 -0.0012
vn -0.9160 0.4012 0.0011
vn -0.8903 0.4554 -0.0012
vn -0.8246 0.5657 0.0011
vn -0.7886 0.6149 -0.0012
vn -0.7040 0.7102 0.0012
vn -0.6826 0.7308 0.0001
vn -0.5610 0.8278 -0.0001
vn -0.5586 0.8294 -0.0000
vn -0.3934 0.9194 -0.0001
vn -0.5584 0.8295 -0.0000
vn -0.5610 0.8278 0.0002
vn -0.6825 0.7308 -0.0001
vn -0.7039 0.7103 -0.0012
vn -0.7886 0.6149 0.0012
vn -0.8244 0.5659 -0.0011
vn -0.8903 0.4554 0.0012
vn -0.9159 0.4015 -0.0011
vn -0.9605 0.2784 0.0012
vn -0.9748 0.2229 -0.0011
vn -0.9959 0.0904 0.0012
vn -0.9993 0.0363 -0.0010
vn -0.9934 -0.1146 0.0014
vn 0.3221 -0.9467 -0.0000
vn 0.3321 -0.9432 -0.0008
vn 0.2446 -0.9696 -0.0000
vn 0.3450 -0.9386 -0.0000
vn 0.1667 -0.9860 -0.0004
vn 0.1825 -0.9832 -0.0007
vn 0.2218 -0.9751 -0.0006
vn 0.1405 -0.9901 -0.0009
vn 0.1091 -0.9940 0.0002
vn 0.0772 -0.9970 -0.0002
vn 0.0623 -0.9981 0.0005
vn 0.0210 -0.9998 -0.0000
vn 0.0081 -1.0000 0.0006
vn -0.0282 -0.9996 -0.0000
vn -0.0451 -0.9990 0.0006
vn -0.0878 -0.9961 -0.0006
vn -0.0967 -0.9953 -0.0000
vn -0.8404 -0.5420 -0.0000
vn -0.8196 -0.5729 0.0014
vn -0.8251 -0.5650 -0.0000
vn -0.6855 -0.7281 -0.0000
vn -0.5343 -0.8453 -0.0000
vn -0.5342 -0.8453 -0.0000
vn -0.3644 -0.9312 -0.0000
vn -0.1825 -0.9832 -0.0000
vn -0.0262 -0.9997 -0.0000
vn 0.1291 -0.9916 -0.0000
vn 0.3136 -0.9496 -0.0000
vn 0.3127 -0.9499 -0.0001
vn 0.3154 -0.9490 -0.0000
vn -0.7240 -0.6898 -0.0010
vn -0.6855 -0.7281 0.0012
vn -0.5821 -0.8131 -0.0011
vn -0.5342 -0.8453 0.0012
vn -0.4195 -0.9078 -0.0011
vn -0.3644 -0.9312 0.0012
vn -0.2422 -0.9702 -0.0011
vn -0.1825 -0.9832 0.0012
vn -0.0560 -0.9984 -0.0012
vn -0.0262 -0.9997 -0.0001
vn 0.1291 -0.9916 0.0001
vn 0.1320 -0.9913 -0.0000
vn 0.3153 -0.9490 0.0001
vn 0.1321 -0.9912 -0.0000
vn 0.1291 -0.9916 -0.0002
vn -0.0262 -0.9997 0.0001
vn -0.0558 -0.9984 0.0012
vn -0.1825 -0.9832 -0.0012
vn -0.2419 -0.9703 0.0011
vn -0.3644 -0.9312 -0.0012
vn -0.4192 -0.9079 0.0011
vn -0.5343 -0.8453 -0.0012
vn -0.5819 -0.8132 0.0011
vn -0.6855 -0.7281 -0.0011
vn -0.7239 -0.6899 0.0010
vn -0.8196 -0.5729 -0.0014
vn -0.8404 -0.5419 -0.0000
vn -0.8840 -0.4675 -0.0000
vn -0.8854 -0.4649 -0.0000
vn -0.8847 -0.4662 -0.0000
vn -0.8858 -0.4640 -0.0000
vn -0.8840 -0.4675 -0.0001
vn -0.8869 -0.4619 -0.0000
vn -0.8326 -0.5538 -0.0000
vn -0.8230 -0.5681 -0.0000
vn -0.8131 -0.5822 -0.0000
vn -0.5962 0.8029 -0.0000
vn -0.5876 0.8091 0.0008
vn -0.6590 0.7521 -0.0000
vn -0.5764 0.8172 -0.0000
vn -0.7167 0.6974 0.0004
vn -0.7055 0.7087 0.0007
vn -0.6764 0.7365 0.0006
vn -0.7350 0.6781 0.0009
vn -0.7561 0.6545 -0.0002
vn -0.7767 0.6299 0.0002
vn -0.7860 0.6182 -0.0005
vn -0.8109 0.5852 -0.0000
vn -0.8184 0.5747 -0.0006
vn -0.8386 0.5447 -0.0000
vn -0.8478 0.5304 -0.0006
vn -0.8697 0.4936 0.0006
vn -0.8741 0.4858 -0.0000
vn -0.9235 -0.3837 -0.0000
vn -0.9371 -0.3490 -0.0014
vn -0.9337 -0.3581 -0.0000
vn -0.9886 -0.1506 -0.0000
vn -0.9992 0.0405 -0.0000
vn -0.9734 0.2291 -0.0000
vn -0.9128 0.4084 -0.0000
vn -0.8375 0.5464 -0.0000
vn -0.7429 0.6694 -0.0000
vn -0.6033 0.7975 -0.0000
vn -0.6040 0.7970 0.0001
vn -0.6019 0.7986 -0.0000
vn -0.9790 -0.2041 0.0010
vn -0.9886 -0.1506 -0.0012
vn -0.9999 -0.0171 0.0011
vn -0.9992 0.0405 -0.0012
vn -0.9854 0.1704 0.0011
vn -0.9734 0.2291 -0.0012
vn -0.9360 0.3519 0.0011
vn -0.9128 0.4084 -0.0012
vn -0.8535 0.5210 0.0012
vn -0.8375 0.5464 0.0001
vn -0.7429 0.6694 -0.0002
vn -0.7408 0.6718 -0.0000
vn -0.6019 0.7986 -0.0001
vn -0.7407 0.6718 -0.0000
vn -0.7429 0.6694 0.0002
vn -0.8375 0.5464 -0.0001
vn -0.8534 0.5213 -0.0012
vn -0.9128 0.4084 0.0012
vn -0.9359 0.3522 -0.0011
vn -0.9734 0.2291 0.0012
vn -0.9853 0.1707 -0.0011
vn -0.9992 0.0405 0.0012
vn -0.9999 -0.0169 -0.0011
vn -0.9886 -0.1506 0.0012
vn -0.9790 -0.2039 -0.0010
vn -0.9371 -0.3490 0.0014
vn -0.9234 -0.3838 -0.0000
vn 0.5393 -0.8421 -0.0000
vn 0.5482 -0.8364 -0.0008
vn 0.4695 -0.8829 -0.0000
vn 0.5596 -0.8287 -0.0000
vn 0.3979 -0.9174 -0.0004
vn 0.4126 -0.9109 -0.0007
vn 0.4487 -0.8937 -0.0006
vn 0.3733 -0.9277 -0.0009
vn 0.3438 -0.9391 0.0002
vn 0.3136 -0.9496 -0.0002
vn 0.2994 -0.9541 0.0005
vn 0.2596 -0.9657 -0.0000
vn 0.2471 -0.9690 0.0006
vn 0.2119 -0.9773 -0.0000
vn 0.1953 -0.9807 0.0006
vn 0.1532 -0.9882 -0.0006
vn 0.1443 -0.9895 -0.0000
vn -0.6862 -0.7274 -0.0000
vn -0.6586 -0.7525 0.0014
vn -0.6659 -0.7461 -0.0000
vn -0.4913 -0.8710 -0.0000
vn -0.3164 -0.9486 -0.0000
vn -0.1310 -0.9914 -0.0000
vn 0.0581 -0.9983 -0.0000
vn 0.0580 -0.9983 -0.0000
vn 0.2138 -0.9769 -0.0000
vn 0.3627 -0.9319 -0.0000
vn 0.5317 -0.8470 -0.0000
vn 0.5309 -0.8475 -0.0001
vn 0.5333 -0.8459 -0.0000
vn -0.5380 -0.8429 -0.0010
vn -0.4913 -0.8710 0.0012
vn -0.3705 -0.9288 -0.0011
vn -0.3164 -0.9486 0.0012
vn -0.1901 -0.9818 -0.0011
vn -0.1310 -0.9914 0.0012
vn -0.0029 -1.0000 -0.0011
vn 0.0581 -0.9983 0.0012
vn 0.1845 -0.9828 -0.0012
vn 0.2138 -0.9769 -0.0001
vn 0.3627 -0.9319 0.0001
vn 0.3653 -0.9309 -0.0000
vn 0.5333 -0.8459 0.0001
vn 0.3655 -0.9308 -0.0000
vn 0.3627 -0.9319 -0.0002
vn 0.2138 -0.9769 0.0001
vn 0.1847 -0.9828 0.0012
vn 0.0581 -0.9983 -0.0012
vn -0.0026 -1.0000 0.0011
vn -0.1310 -0.9914 -0.0012
vn -0.1898 -0.9818 0.0011
vn -0.3164 -0.9486 -0.0012
vn -0.3704 -0.9289 0.0011
vn -0.4913 -0.8710 -0.0012
vn -0.5379 -0.8430 0.0010
vn -0.6586 -0.7524 -0.0014
vn -0.7464 -0.6655 -0.0000
vn -0.7486 -0.6630 -0.0000
vn -0.7475 -0.6642 -0.0000
vn -0.7490 -0.6625 -0.0000
vn -0.7464 -0.6655 -0.0001
vn -0.7505 -0.6608 -0.0000
vn -0.6759 -0.7370 -0.0000
vn -0.6631 -0.7485 -0.0000
vn -0.6501 -0.7598 -0.0000
vn -0.7710 0.6369 -0.0000
vn -0.7642 0.6450 0.0008
vn -0.8198 0.5726 -0.0000
vn -0.7553 0.6554 -0.0000
vn -0.8628 0.5056 0.0004
vn -0.8546 0.5193 0.0007
vn -0.8331 0.5532 0.0006
vn -0.8759 0.4825 0.0009
vn -0.8908 0.4545 -0.0002
vn -0.9048 0.4257 0.0002
vn -0.9111 0.4122 -0.0005
vn -0.9274 0.3741 -0.0000
vn -0.9321 0.3621 -0.0006
vn -0.9446 0.3282 -0.0000
vn -0.9500 0.3121 -0.0006
vn -0.9625 0.2712 0.0006
vn -0.9649 0.2625 -0.0000
vn -0.8048 -0.5936 -0.0000
vn -0.8264 -0.5631 -0.0014
vn -0.8209 -0.5711 -0.0000
vn -0.9239 -0.3827 -0.0000
vn -0.9798 -0.1998 -0.0000
vn -0.9999 -0.0105 -0.0000
vn -0.9840 0.1780 -0.0000
vn -0.9440 0.3300 -0.0000
vn -0.8815 0.4722 -0.0000
vn -0.7766 0.6299 -0.0000
vn -0.7772 0.6292 0.0001
vn -0.7754 0.6314 -0.0000
vn -0.9017 -0.4324 0.0010
vn -0.9239 -0.3827 -0.0012
vn -0.9667 -0.2559 0.0011
vn -0.9798 -0.1998 -0.0012
vn -0.9975 -0.0704 0.0011
vn -0.9999 -0.0105 -0.0012
vn -0.9931 0.1176 0.0011
vn -0.9840 0.1780 -0.0012
vn -0.9534 0.3017 0.0012
vn -0.9440 0.3300 0.0001
vn -0.8815 0.4722 -0.0001
vn -0.8800 0.4749 -0.0000
vn -0.7755 0.6314 -0.0001
vn -0.8800 0.4750 -0.0000
vn -0.8815 0.4722 0.0002
vn -0.9440 0.3300 -0.0001
vn -0.9534 0.3018 -0.0012
vn -0.9840 0.1780 0.0012
vn -0.9930 0.1180 -0.0011
vn -0.9999 -0.0105 0.0012
vn -0.9975 -0.0701 -0.0011
vn -0.9798 -0.1998 0.0012
vn -0.9668 -0.2557 -0.0011
vn -0.9239 -0.3827 0.0012
vn -0.9017 -0.4323 -0.0010
vn -0.8264 -0.5632 0.0014
vn -0.8048 -0.5935 -0.0000
vn 0.7251 -0.6886 -0.0000
vn 0.7324 -0.6809 -0.0008
vn 0.6672 -0.7448 -0.0000
vn 0.7417 -0.6708 -0.0000
vn 0.6058 -0.7956 -0.0004
vn 0.6185 -0.7858 -0.0007
vn 0.6496 -0.7603 -0.0006
vn 0.5845 -0.8114 -0.0009
vn 0.5586 -0.8295 0.0002
vn 0.5317 -0.8469 -0.0002
vn 0.5190 -0.8548 0.0005
vn 0.4831 -0.8755 -0.0000
vn 0.4719 -0.8817 0.0006
vn 0.4396 -0.8982 -0.0000
vn 0.4243 -0.9055 0.0006
vn 0.3852 -0.9228 -0.0006
vn 0.3769 -0.9263 -0.0000
vn -0.4923 -0.8705 -0.0000
vn -0.4594 -0.8882 0.0014
vn -0.4680 -0.8837 -0.0000
vn -0.2686 -0.9633 -0.0000
vn -0.0804 -0.9968 -0.0000
vn 0.1101 -0.9939 -0.0000
vn 0.2954 -0.9554 -0.0000
vn 0.4413 -0.8974 -0.0000
vn 0.5751 -0.8181 -0.0000
vn 0.7189 -0.6951 -0.0000
vn 0.7183 -0.6958 -0.0001
vn 0.7202 -0.6938 -0.0000
vn -0.3205 -0.9472 -0.0010
vn -0.2686 -0.9633 0.0012
vn -0.1376 -0.9905 -0.0011
vn -0.0804 -0.9968 0.0012
vn 0.0503 -0.9987 -0.0011
vn 0.1101 -0.9939 0.0012
vn 0.2365 -0.9716 -0.0011
vn 0.2954 -0.9554 0.0012
vn 0.4143 -0.9101 -0.0012
vn 0.4413 -0.8974 -0.0001
vn 0.5751 -0.8181 0.0001
vn 0.5776 -0.8163 -0.0000
vn 0.7202 -0.6938 0.0001
vn 0.5751 -0.8181 -0.0002
vn 0.4413 -0.8974 0.0001
vn 0.4146 -0.9100 0.0012
vn 0.2954 -0.9554 -0.0012
vn 0.2368 -0.9715 0.0011
vn 0.1101 -0.9939 -0.0012
vn 0.0506 -0.9987 0.0011
vn -0.0804 -0.9968 -0.0012
vn -0.1373 -0.9905 0.0011
vn -0.2686 -0.9633 -0.0012
vn -0.3204 -0.9473 0.0010
vn -0.4594 -0.8882 -0.0014
vn -0.4923 -0.8704 -0.0000
vn -0.5655 -0.8248 -0.0000
vn -0.5683 -0.8228 0.0001
vn -0.5669 -0.8238 -0.0000
vn -0.5687 -0.8226 -0.0000
vn -0.5655 -0.8248 -0.0001
vn -0.5683 -0.8228 -0.0000
vn -0.5705 -0.8213 -0.0000
vn -0.4799 -0.8773 -0.0000
vn -0.4647 -0.8854 -0.0000
vn -0.4494 -0.8933 -0.0000
vn -0.9010 0.4338 -0.0000
vn -0.8963 0.4434 0.0008
vn -0.9331 0.3597 -0.0000
vn -0.8902 0.4557 -0.0000
vn -0.9587 0.2843 0.0004
vn -0.9540 0.2997 0.0007
vn -0.9412 0.3378 0.0006
vn -0.9659 0.2588 0.0009
vn -0.9736 0.2281 -0.0002
vn -0.9804 0.1968 0.0002
vn -0.9833 0.1822 -0.0005
vn -0.9900 0.1413 -0.0000
vn -0.9917 0.1286 -0.0006
vn -0.9957 0.0926 -0.0000
vn -0.9971 0.0757 -0.0006
vn -0.9995 0.0329 0.0006
vn -0.9997 0.0240 -0.0000
vn -0.6393 -0.7690 -0.0000
vn -0.6677 -0.7445 -0.0014
vn -0.6604 -0.7509 -0.0000
vn -0.8054 -0.5927 -0.0000
vn -0.9035 -0.4285 -0.0000
vn -0.9684 -0.2495 -0.0000
vn -0.9980 -0.0627 -0.0000
vn -0.9955 0.0946 -0.0000
vn -0.9689 0.2476 -0.0000
vn -0.9049 0.4257 -0.0000
vn -0.9053 0.4248 0.0001
vn -0.9040 0.4274 -0.0000
vn -0.7720 -0.6356 0.0010
vn -0.8054 -0.5927 -0.0012
vn -0.8774 -0.4798 0.0011
vn -0.9035 -0.4285 -0.0012
vn -0.9517 -0.3070 0.0011
vn -0.9684 -0.2495 -0.0012
vn -0.9924 -0.1234 0.0011
vn -0.9980 -0.0627 -0.0012
vn -0.9979 0.0647 0.0012
vn -0.9955 0.0946 0.0001
vn -0.9689 0.2476 -0.0002
vn -0.9681 0.2505 -0.0000
vn -0.9041 0.4274 -0.0001
vn -0.9681 0.2506 -0.0000
vn -0.9689 0.2476 0.0002
vn -0.9955 0.0946 -0.0001
vn -0.9979 0.0649 -0.0012
vn -0.9980 -0.0627 0.0012
vn -0.9924 -0.1231 -0.0011
vn -0.9684 -0.2495 0.0012
vn -0.9518 -0.3068 -0.0011
vn -0.9035 -0.4285 0.0012
vn -0.8775 -0.4796 -0.0011
vn -0.8054 -0.5927 0.0012
vn -0.7720 -0.6356 -0.0010
vn -0.6676 -0.7445 0.0014
vn -0.6394 -0.7689 -0.0000
vn 0.8689 -0.4951 -0.0000
vn 0.8741 -0.4858 -0.0008
vn 0.8261 -0.5635 -0.0000
vn 0.8807 -0.4737 -0.0000
vn 0.7786 -0.6275 -0.0004
vn 0.7887 -0.6148 -0.0007
vn 0.8126 -0.5828 -0.0006
vn 0.7617 -0.6479 -0.0009
vn 0.7408 -0.6717 0.0002
vn 0.7189 -0.6951 -0.0002
vn 0.7085 -0.7057 0.0005
vn 0.6786 -0.7345 -0.0000
vn 0.6692 -0.7431 0.0006
vn 0.6418 -0.7669 -0.0000
vn 0.6287 -0.7777 0.0006
vn 0.5949 -0.8038 -0.0006
vn 0.5876 -0.8091 -0.0000
vn -0.2695 -0.9630 -0.0000
vn -0.2334 -0.9724 0.0014
vn -0.2428 -0.9701 -0.0000
vn -0.0303 -0.9995 -0.0000
vn 0.1607 -0.9870 -0.0000
vn 0.3447 -0.9387 -0.0000
vn 0.5154 -0.8570 -0.0000
vn 0.6433 -0.7656 -0.0000
vn 0.7541 -0.6567 -0.0000
vn 0.8644 -0.5029 -0.0000
vn 0.8639 -0.5036 -0.0001
vn 0.8653 -0.5012 -0.0000
vn -0.0847 -0.9964 -0.0010
vn -0.0303 -0.9995 0.0012
vn 0.1036 -0.9946 -0.0011
vn 0.1607 -0.9870 0.0012
vn 0.2878 -0.9577 -0.0011
vn 0.3447 -0.9387 0.0012
vn 0.4622 -0.8868 -0.0011
vn 0.5154 -0.8570 0.0012
vn 0.6201 -0.7845 -0.0012
vn 0.6433 -0.7656 -0.0001
vn 0.7541 -0.6567 0.0002
vn 0.7561 -0.6544 -0.0000
vn 0.8653 -0.5012 0.0001
vn 0.7562 -0.6543 -0.0000
vn 0.7541 -0.6567 -0.0002
vn 0.6433 -0.7656 0.0001
vn 0.6203 -0.7844 0.0012
vn 0.5154 -0.8570 -0.0012
vn 0.4625 -0.8866 0.0011
vn 0.3447 -0.9387 -0.0012
vn 0.2881 -0.9576 0.0011
vn 0.1607 -0.9870 -0.0012
vn 0.1036 -0.9946 0.0011
vn -0.0303 -0.9995 -0.0011
vn -0.0843 -0.9964 0.0010
vn -0.2334 -0.9724 -0.0014
vn -0.2696 -0.9630 -0.0000
vn -0.3513 -0.9362 -0.0000
vn -0.3549 -0.9349 0.0001
vn -0.3531 -0.9356 -0.0000
vn -0.3553 -0.9347 -0.0000
vn -0.3513 -0.9362 -0.0002
vn -0.3549 -0.9349 -0.0000
vn -0.3575 -0.9339 -0.0000
vn -0.0000 -0.0000 -1.0000
vn -0.2560 -0.9667 -0.0000
vn -0.2393 -0.9709 -0.0000
vn -0.2226 -0.9749 -0.0000
vn -0.9786 0.2056 -0.0000
vn -0.9764 0.2160 0.0008
vn -0.9920 0.1260 -0.0000
vn -0.9733 0.2294 -0.0000
vn -0.9989 0.0467 0.0004
vn -0.9980 0.0627 0.0007
vn -0.9947 0.1027 0.0006
vn -0.9998 0.0201 0.0009
vn -0.9999 -0.0115 -0.0002
vn -0.9991 -0.0435 0.0002
vn -0.9983 -0.0584 -0.0005
vn -0.9950 -0.0997 -0.0000
vn -0.9937 -0.1125 -0.0006
vn -0.9889 -0.1484 -0.0000
vn -0.9863 -0.1652 -0.0006
vn -0.9783 -0.2072 0.0006
vn -0.9764 -0.2160 -0.0000
vn -0.4368 -0.8996 -0.0000
vn -0.4701 -0.8826 -0.0014
vn -0.4615 -0.8871 -0.0000
vn -0.6401 -0.7683 -0.0000
vn -0.7748 -0.6322 -0.0000
vn -0.8805 -0.4740 -0.0000
vn -0.9540 -0.2997 -0.0000
vn -0.9892 -0.1465 -0.0000
vn -1.0000 0.0085 -0.0000
vn -0.9805 0.1967 -0.0000
vn -0.9806 0.1958 0.0001
vn -0.9801 0.1986 -0.0000
vn -0.5975 -0.8019 0.0010
vn -0.6401 -0.7683 -0.0012
vn -0.7370 -0.6759 0.0011
vn -0.7748 -0.6322 -0.0012
vn -0.8505 -0.5259 0.0011
vn -0.8805 -0.4740 -0.0012
vn -0.9340 -0.3573 0.0011
vn -0.9540 -0.2997 -0.0012
vn -0.9844 -0.1760 0.0012
vn -0.9892 -0.1465 0.0001
vn -1.0000 0.0085 -0.0001
vn -0.9999 0.0115 -0.0000
vn -0.9801 0.1986 -0.0001
vn -0.9999 0.0116 -0.0000
vn -1.0000 0.0085 0.0002
vn -0.9892 -0.1465 -0.0001
vn -0.9844 -0.1758 -0.0012
vn -0.9540 -0.2997 0.0012
vn -0.9341 -0.3570 -0.0011
vn -0.8805 -0.4740 0.0012
vn -0.8507 -0.5257 -0.0011
vn -0.7748 -0.6322 0.0012
vn -0.7372 -0.6757 -0.0011
vn -0.6401 -0.7683 0.0012
vn -0.5976 -0.8018 -0.0010
vn -0.4701 -0.8826 0.0014
vn 0.9621 -0.2728 -0.0000
vn 0.9649 -0.2625 -0.0008
vn 0.9369 -0.3495 -0.0000
vn 0.9684 -0.2492 -0.0000
vn 0.9062 -0.4229 -0.0004
vn 0.9129 -0.4083 -0.0007
vn 0.9285 -0.3713 -0.0006
vn 0.8946 -0.4468 -0.0009
vn 0.8801 -0.4749 0.0002
vn 0.8644 -0.5028 -0.0002
vn 0.8568 -0.5157 0.0005
vn 0.8347 -0.5507 -0.0000
vn 0.8275 -0.5614 0.0006
vn 0.8067 -0.5910 -0.0000
vn 0.7965 -0.6046 0.0006
vn 0.7699 -0.6381 -0.0006
vn 0.7642 -0.6450 -0.0000
vn -0.0315 -0.9995 -0.0000
vn 0.0059 -1.0000 0.0014
vn -0.0038 -1.0000 -0.0000
vn 0.2099 -0.9777 -0.0000
vn 0.3922 -0.9199 -0.0000
vn 0.5594 -0.8289 -0.0000
vn 0.7055 -0.7087 -0.0000
vn 0.8078 -0.5894 -0.0000
vn 0.8078 -0.5895 -0.0000
vn 0.8894 -0.4571 -0.0000
vn 0.9596 -0.2814 -0.0000
vn 0.9593 -0.2823 -0.0001
vn 0.9601 -0.2795 -0.0000
vn 0.1564 -0.9877 -0.0010
vn 0.2099 -0.9777 0.0012
vn 0.3385 -0.9410 -0.0011
vn 0.3922 -0.9199 0.0012
vn 0.5088 -0.8609 -0.0011
vn 0.5594 -0.8289 0.0012
vn 0.6610 -0.7504 -0.0011
vn 0.7055 -0.7087 0.0012
vn 0.7898 -0.6133 -0.0012
vn 0.8078 -0.5895 -0.0001
vn 0.8894 -0.4571 0.0001
vn 0.8907 -0.4545 -0.0000
vn 0.9601 -0.2795 0.0001
vn 0.8908 -0.4544 -0.0000
vn 0.8894 -0.4571 -0.0002
vn 0.8078 -0.5895 0.0001
vn 0.7899 -0.6132 0.0012
vn 0.7055 -0.7087 -0.0012
vn 0.6612 -0.7502 0.0011
vn 0.5594 -0.8289 -0.0012
vn 0.5090 -0.8607 0.0011
vn 0.3922 -0.9199 -0.0012
vn 0.3388 -0.9409 0.0011
vn 0.2099 -0.9777 -0.0012
vn 0.1565 -0.9877 0.0010
vn 0.0059 -1.0000 -0.0014
vn 0.5614 -0.8275 -0.0005
vn 0.6421 -0.7666 0.0011
vn 0.6467 -0.7627 0.0014
vn 0.7156 -0.6985 -0.0005
vn 0.7758 -0.6309 0.0015
vn 0.7805 -0.6252 0.0011
vn 0.8378 -0.5460 -0.0005
vn 0.8786 -0.4776 0.0017
vn 0.8863 -0.4631 0.0008
vn 0.9265 -0.3762 -0.0005
vn 0.9514 -0.3080 0.0018
vn 0.9572 -0.2893 0.0007
vn 0.9799 -0.1995 -0.0004
vn 0.9918 -0.1280 0.0019
vn 0.9942 -0.1071 0.0007
vn 0.9999 -0.0125 -0.0005
vn 0.9984 0.0564 0.0019
vn 0.9966 0.0822 0.0004
vn 0.9835 0.1809 -0.0004
vn 0.9710 0.2389 0.0023
vn 0.9593 0.2825 -0.0001
vn 0.9106 0.4133 0.0021
vn 0.8821 0.4711 -0.0007
vn 0.8292 0.5589 0.0008
vn 0.8191 0.5736 0.0020
vn 0.7655 0.6435 -0.0008
vn 0.6998 0.7143 0.0017
vn 0.6953 0.7187 0.0012
vn 0.6195 0.7850 -0.0008
vn 0.5566 0.8307 0.0021
vn 0.5353 0.8447 0.0005
vn 0.4442 0.8959 -0.0003
vn 0.3943 0.9190 0.0022
vn 0.3531 0.9356 -0.0001
vn 0.2625 0.9649 -0.0001
vn 0.2187 0.9758 0.0021
vn 0.1704 0.9854 -0.0001
vn 0.0769 0.9970 0.0001
vn 0.0359 0.9994 0.0020
vn -0.0151 0.9999 -0.0002
vn -0.1079 0.9942 0.0001
vn -0.1483 0.9889 0.0019
vn -0.2019 0.9794 -0.0002
vn -0.2958 0.9553 0.0003
vn -0.3275 0.9449 0.0018
vn -0.3870 0.9221 -0.0003
vn -0.4760 0.8794 0.0005
vn -0.4956 0.8686 0.0017
vn -0.5615 0.8275 -0.0005
vn -0.6421 0.7666 0.0011
vn -0.6467 0.7627 0.0014
vn -0.7156 0.6985 -0.0005
vn -0.7758 0.6309 0.0015
vn -0.7806 0.6250 0.0010
vn -0.8379 0.5458 -0.0005
vn -0.8786 0.4776 0.0017
vn -0.8865 0.4627 0.0008
vn -0.9267 0.3758 -0.0005
vn -0.9514 0.3080 0.0018
vn -0.9574 0.2887 0.0007
vn -0.9800 0.1988 -0.0004
vn -0.9918 0.1280 0.0019
vn -0.9943 0.1063 0.0007
vn -0.9999 0.0116 -0.0005
vn -0.9984 -0.0564 0.0020
vn -0.9965 -0.0832 0.0004
vn -0.9833 -0.1820 -0.0004
vn -0.9710 -0.2389 0.0023
vn -0.9589 -0.2837 -0.0002
vn -0.9106 -0.4133 0.0021
vn -0.8815 -0.4722 -0.0007
vn -0.8285 -0.5599 0.0008
vn -0.8192 -0.5736 0.0020
vn -0.7646 -0.6445 -0.0008
vn -0.6998 -0.7143 0.0017
vn -0.6944 -0.7196 0.0011
vn -0.6185 -0.7858 -0.0008
vn -0.5566 -0.8307 0.0021
vn -0.5342 -0.8453 0.0004
vn -0.4433 -0.8964 -0.0003
vn -0.3945 -0.9189 0.0022
vn -0.3522 -0.9359 -0.0002
vn -0.2615 -0.9652 -0.0001
vn -0.2190 -0.9757 0.0021
vn -0.1696 -0.9855 -0.0001
vn -0.0359 -0.9994 0.0020
vn 0.0157 -0.9999 -0.0002
vn 0.1084 -0.9941 0.0001
vn 0.1483 -0.9889 0.0019
vn 0.2023 -0.9793 -0.0002
vn 0.2962 -0.9551 0.0003
vn 0.3275 -0.9448 0.0018
vn 0.3871 -0.9220 -0.0003
vn 0.4761 -0.8794 0.0005
vn 0.4955 -0.8686 0.0017
vn -0.0923 -0.9957 0.0016
vn -0.0359 -0.9994 -0.0016
vn 0.0923 -0.9957 0.0015
vn 0.1483 -0.9889 -0.0015
vn 0.2736 -0.9618 0.0016
vn 0.3275 -0.9448 -0.0016
vn 0.4457 -0.8952 0.0015
vn 0.4955 -0.8686 -0.0016
vn 0.6026 -0.7980 0.0015
vn 0.7390 -0.6737 0.0015
vn 0.7758 -0.6309 -0.0015
vn 0.8502 -0.5265 0.0016
vn 0.8786 -0.4776 -0.0016
vn 0.9325 -0.3612 0.0016
vn 0.9514 -0.3080 -0.0016
vn 0.9830 -0.1838 0.0016
vn 0.9918 -0.1280 -0.0016
vn 1.0000 -0.0000 0.0015
vn 0.9984 0.0564 -0.0016
vn 0.9830 0.1838 0.0016
vn 0.9710 0.2389 -0.0016
vn 0.9325 0.3612 0.0015
vn 0.9106 0.4133 -0.0016
vn 0.8502 0.5265 0.0015
vn 0.8191 0.5736 -0.0016
vn 0.7390 0.6737 0.0015
vn 0.6998 0.7143 -0.0016
vn 0.6026 0.7980 0.0015
vn 0.5566 0.8307 -0.0016
vn 0.4457 0.8952 0.0015
vn 0.3943 0.9190 -0.0016
vn 0.2736 0.9618 0.0016
vn 0.2187 0.9758 -0.0015
vn 0.0923 0.9957 0.0016
vn 0.0359 0.9994 -0.0016
vn -0.0923 0.9957 0.0015
vn -0.1483 0.9889 -0.0015
vn -0.2736 0.9618 0.0016
vn -0.3275 0.9449 -0.0015
vn -0.4457 0.8952 0.0016
vn -0.4956 0.8686 -0.0016
vn -0.6026 0.7980 0.0015
vn -0.7390 0.6737 0.0016
vn -0.7758 0.6309 -0.0015
vn -0.8502 0.5265 0.0016
vn -0.8786 0.4776 -0.0016
vn -0.9325 0.3612 0.0016
vn -0.9514 0.3080 -0.0015
vn -0.9830 0.1838 0.0016
vn -0.9918 0.1280 -0.0016
vn -1.0000 -0.0000 0.0015
vn -0.9984 -0.0564 -0.0016
vn -0.9830 -0.1838 0.0016
vn -0.9710 -0.2389 -0.0016
vn -0.9325 -0.3612 0.0015
vn -0.9106 -0.4133 -0.0016
vn -0.8502 -0.5265 0.0015
vn -0.8192 -0.5736 -0.0015
vn -0.7390 -0.6737 0.0016
vn -0.6998 -0.7143 -0.0016
vn -0.6026 -0.7980 0.0015
vn -0.5566 -0.8307 -0.0016
vn -0.4457 -0.8952 0.0015
vn -0.3945 -0.9189 -0.0016
vn -0.2736 -0.9618 0.0016
vn -0.2190 -0.9757 -0.0015
s 0
f 1//1 2//1 3//1
f 3//1 2//1 4//1
f 3//2 4//2 5//2
f 5//2 4//2 6//2
f 5//3 6//3 7//3
f 7//3 6//3 8//3
f 7//4 8//4 9//4
f 9//4 8//4 10//4
f 9//5 10//5 11//5
f 11//5 10//5 12//5
f 11//6 12//6 13//6
f 13//6 12//6 14//6
f 13//7 14//7 15//7
f 15//7 14//7 16//7
f 15//8 16//8 17//8
f 17//8 16//8 18//8
f 17//9 18//9 19//9
f 19//9 18//9 20//9
f 19//10 20//10 21//10
f 21//10 20//10 22//10
f 21//11 22//11 23//11
f 23//11 22//11 24//11
f 23//12 24//12 25//12
f 25//12 24//12 26//12
f 25//13 26//13 27//13
f 27//13 26//13 28//13
f 27//14 28//14 29//14
f 29//14 28//14 30//14
f 29//15 30//15 31//15
f 31//15 30//15 32//15
f 31//16 32//16 33//16
f 33//16 32//16 34//16
f 33//17 34//17 35//17
f 35//17 34//17 36//17
f 35//18 36//18 37//18
f 37//18 36//18 38//18
f 37//19 38//19 39//19
f 39//19 38//19 40//19
f 39//20 40//20 41//20
f 41//20 40//20 42//20
f 41//21 42//21 43//21
f 43//21 42//21 44//21
f 43//22 44//22 45//22
f 45//22 44//22 46//22
f 45//23 46//23 47//23
f 47//23 46//23 48//23
f 47//24 48//24 49//24
f 49//24 48//24 50//24
f 49//25 50//25 51//25
f 51//25 50//25 52//25
f 51//26 52//26 53//26
f 53//26 52//26 54//26
f 53//27 54//27 55//27
f 55//27 54//27 56//27
f 55//28 56//28 57//28
f 57//28 56//28 58//28
f 57//29 58//29 59//29
f 59//29 58//29 60//29
f 59//30 60//30 61//30
f 61//30 60//30 62//30
f 61//31 62//31 63//31
f 63//31 62//31 64//31
f 63//32 64//32 65//32
f 65//32 64//32 66//32
f 65//33 66//33 67//33
f 67//33 66//33 68//33
f 67//34 68//34 1//34
f 1//34 68//34 2//34
f 69//2 6//2 70//2
f 70//2 6//2 4//2
f 70//1 4//1 71//1
f 71//1 4//1 2//1
f 71//34 2//34 72//34
f 72//34 2//34 68//34
f 72//33 68//33 73//33
f 73//33 68//33 66//33
f 73//32 66//32 74//32
f 74//32 66//32 64//32
f 74//31 64//31 75//31
f 75//31 64//31 62//31
f 75//30 62//30 76//30
f 76//30 62//30 60//30
f 76//29 60//29 77//29
f 77//29 60//29 58//29
f 77//28 58//28 78//28
f 78//28 58//28 56//28
f 78//27 56//27 79//27
f 79//27 56//27 54//27
f 79//26 54//26 80//26
f 80//26 54//26 52//26
f 80//25 52//25 81//25
f 81//25 52//25 50//25
f 81//24 50//24 82//24
f 82//24 50//24 48//24
f 82//23 48//23 83//23
f 83//23 48//23 46//23
f 83//22 46//22 84//22
f 84//22 46//22 44//22
f 84//21 44//21 85//21
f 85//21 44//21 42//21
f 85//20 42//20 86//20
f 86//20 42//20 40//20
f 86//19 40//19 87//19
f 87//19 40//19 38//19
f 87//18 38//18 88//18
f 88//18 38//18 36//18
f 88//17 36//17 89//17
f 89//17 36//17 34//17
f 89//16 34//16 90//16
f 90//16 34//16 32//16
f 90//15 32//15 91//15
f 91//15 32//15 30//15
f 91//14 30//14 92//14
f 92//14 30//14 28//14
f 92//13 28//13 93//13
f 93//13 28//13 26//13
f 93//12 26//12 94//12
f 94//12 26//12 24//12
f 94//11 24//11 95//11
f 95//11 24//11 22//11
f 95//10 22//10 96//10
f 96//10 22//10 20//10
f 96//9 20//9 97//9
f 97//9 20//9 18//9
f 97//8 18//8 98//8
f 98//8 18//8 16//8
f 98//7 16//7 99//7
f 99//7 16//7 14//7
f 99//6 14//6 100//6
f 100//6 14//6 12//6
f 100//5 12//5 101//5
f 101//5 12//5 10//5
f 101//4 10//4 102//4
f 102//4 10//4 8//4
f 102//3 8//3 69//3
f 69//3 8//3 6//3
f 71//35 86//35 70//35
f 70//35 86//35 87//35
f 70//35 87//35 69//35
f 69//35 87//35 88//35
f 69//35 88//35 102//35
f 102//35 88//35 89//35
f 102//35 89//35 101//35
f 101//35 89//35 90//35
f 101//35 90//35 100//35
f 100//35 90//35 91//35
f 100//35 91//35 99//35
f 99//35 91//35 92//35
f 99//35 92//35 98//35
f 98//35 92//35 93//35
f 98//35 93//35 97//35
f 97//35 93//35 94//35
f 97//35 94//35 96//35
f 96//35 94//35 95//35
f 86//35 71//35 85//35
f 85//35 71//35 72//35
f 85//35 72//35 84//35
f 84//35 72//35 73//35
f 84//35 73//35 83//35
f 83//35 73//35 74//35
f 83//35 74//35 82//35
f 82//35 74//35 75//35
f 82//35 75//35 81//35
f 81//35 75//35 76//35
f 81//35 76//35 80//35
f 80//35 76//35 77//35
f 80//35 77//35 79//35
f 79//35 77//35 78//35
f 103//1 104//1 105//1
f 105//1 104//1 106//1
f 105//2 106//2 107//2
f 107//2 106//2 108//2
f 107//3 108//3 109//3
f 109//3 108//3 110//3
f 109//4 110//4 111//4
f 111//4 110//4 112//4
f 111//5 112//5 113//5
f 113//5 112//5 114//5
f 113//6 114//6 115//6
f 115//6 114//6 116//6
f 115//7 116//7 117//7
f 117//7 116//7 118//7
f 117//8 118//8 119//8
f 119//8 118//8 120//8
f 119//9 120//9 121//9
f 121//9 120//9 122//9
f 121//10 122//10 123//10
f 123//10 122//10 124//10
f 123//11 124//11 125//11
f 125//11 124//11 126//11
f 125//12 126//12 127//12
f 127//12 126//12 128//12
f 127//13 128//13 129//13
f 129//13 128//13 130//13
f 129//14 130//14 131//14
f 131//14 130//14 132//14
f 131//15 132//15 133//15
f 133//15 132//15 134//15
f 133//16 134//16 135//16
f 135//16 134//16 136//16
f 135//17 136//17 137//17
f 137//17 136//17 138//17
f 137//18 138//18 139//18
f 139//18 138//18 140//18
f 139//19 140//19 141//19
f 141//19 140//19 142//19
f 141//20 142//20 143//20
f 143//20 142//20 144//20
f 143//21 144//21 145//21
f 145//21 144//21 146//21
f 145//22 146//22 147//22
f 147//22 146//22 148//22
f 147//23 148//23 149//23
f 149//23 148//23 150//23
f 149//24 150//24 151//24
f 151//24 150//24 152//24
f 151//25 152//25 153//25
f 153//25 152//25 154//25
f 153//26 154//26 155//26
f 155//26 154//26 156//26
f 155//27 156//27 157//27
f 157//27 156//27 158//27
f 157//28 158//28 159//28
f 159//28 158//28 160//28
f 159//29 160//29 161//29
f 161//29 160//29 162//29
f 161//30 162//30 163//30
f 163//30 162//30 164//30
f 163//31 164//31 165//31
f 165//31 164//31 166//31
f 165//32 166//32 167//32
f 167//32 166//32 168//32
f 167//33 168//33 169//33
f 169//33 168//33 170//33
f 169//34 170//34 103//34
f 103//34 170//34 104//34
f 171//2 108//2 172//2
f 172//2 108//2 106//2
f 172//1 106//1 173//1
f 173//1 106//1 104//1
f 173//34 104//34 174//34
f 174//34 104//34 170//34
f 174//33 170//33 175//33
f 175//33 170//33 168//33
f 175//32 168//32 176//32
f 176//32 168//32 166//32
f 176//31 166//31 177//31
f 177//31 166//31 164//31
f 177//30 164//30 178//30
f 178//30 164//30 162//30
f 178//29 162//29 179//29
f 179//29 162//29 160//29
f 179//28 160//28 180//28
f 180//28 160//28 158//28
f 180//27 158//27 181//27
f 181//27 158//27 156//27
f 181//26 156//26 182//26
f 182//26 156//26 154//26
f 182//25 154//25 183//25
f 183//25 154//25 152//25
f 183//24 152//24 184//24
f 184//24 152//24 150//24
f 184//23 150//23 185//23
f 185//23 150//23 148//23
f 185//22 148//22 186//22
f 186//22 148//22 146//22
f 186//21 146//21 187//21
f 187//21 146//21 144//21
f 187//20 144//20 188//20
f 188//20 144//20 142//20
f 188//19 142//19 189//19
f 189//19 142//19 140//19
f 189//18 140//18 190//18
f 190//18 140//18 138//18
f 190//17 138//17 191//17
f 191//17 138//17 136//17
f 191//16 136//16 192//16
f 192//16 136//16 134//16
f 192//15 134//15 193//15
f 193//15 134//15 132//15
f 193//14 132//14 194//14
f 194//14 132//14 130//14
f 194//13 130//13 195//13
f 195//13 130//13 128//13
f 195//12 128//12 196//12
f 196//12 128//12 126//12
f 196//11 126//11 197//11
f 197//11 126//11 124//11
f 197//10 124//10 198//10
f 198//10 124//10 122//10
f 198//9 122//9 199//9
f 199//9 122//9 120//9
f 199//8 120//8 200//8
f 200//8 120//8 118//8
f 200//7 118//7 201//7
f 201//7 118//7 116//7
f 201//6 116//6 202//6
f 202//6 116//6 114//6
f 202//5 114//5 203//5
f 203//5 114//5 112//5
f 203//4 112//4 204//4
f 204//4 112//4 110//4
f 204//3 110//3 171//3
f 171//3 110//3 108//3
f 173//35 188//35 172//35
f 172//35 188//35 189//35
f 172//35 189//35 171//35
f 171//35 189//35 190//35
f 171//35 190//35 204//35
f 204//35 190//35 191//35
f 204//35 191//35 203//35
f 203//35 191//35 192//35
f 203//35 192//35 202//35
f 202//35 192//35 193//35
f 202//35 193//35 201//35
f 201//35 193//35 194//35
f 201//35 194//35 200//35
f 200//35 194//35 195//35
f 200//35 195//35 199//35
f 199//35 195//35 196//35
f 199//35 196//35 198//35
f 198//35 196//35 197//35
f 188//35 173//35 187//35
f 187//35 173//35 174//35
f 187//35 174//35 186//35
f 186//35 174//35 175//35
f 186//35 175//35 185//35
f 185//35 175//35 176//35
f 185//35 176//35 184//35
f 184//35 176//35 177//35
f 184//35 177//35 183//35
f 183//35 177//35 178//35
f 183//35 178//35 182//35
f 182//35 178//35 179//35
f 182//35 179//35 181//35
f 181//35 179//35 180//35
f 5//35 205//35 3//35
f 3//35 205//35 206//35
f 3//35 206//35 1//35
f 1//35 206//35 207//35
f 1//35 207//35 67//35
f 67//35 207//35 208//35
f 67//35 208//35 65//35
f 65//35 208//35 209//35
f 65//35 209//35 63//35
f 63//35 209//35 210//35
f 63//35 210//35 61//35
f 61//35 210//35 59//35
f 59//35 210//35 57//35
f 57//35 210//35 55//35
f 55//35 210//35 53//35
f 53//35 210//35 211//35
f 53//35 211//35 51//35
f 51//35 211//35 212//35
f 51//35 212//35 213//35
f 205//35 5//35 214//35
f 214//35 5//35 7//35
f 214//35 7//35 215//35
f 215//35 7//35 9//35
f 215//35 9//35 216//35
f 216//35 9//35 11//35
f 216//35 11//35 217//35
f 217//35 11//35 13//35
f 217//35 13//35 15//35
f 15//35 17//35 217//35
f 217//35 17//35 19//35
f 217//35 19//35 21//35
f 217//35 21//35 218//35
f 218//35 21//35 23//35
f 218//35 23//35 219//35
f 219//35 23//35 220//35
f 220//35 23//35 25//35
f 220//35 25//35 221//35
f 221//35 25//35 27//35
f 221//35 27//35 222//35
f 222//35 27//35 29//35
f 222//35 29//35 223//35
f 223//35 29//35 31//35
f 223//35 31//35 224//35
f 224//35 31//35 33//35
f 224//35 33//35 225//35
f 225//35 33//35 35//35
f 225//35 35//35 226//35
f 226//35 35//35 37//35
f 226//35 37//35 227//35
f 227//35 37//35 228//35
f 228//35 37//35 39//35
f 228//35 39//35 229//35
f 229//35 39//35 41//35
f 229//35 41//35 230//35
f 230//35 41//35 43//35
f 230//35 43//35 231//35
f 231//35 43//35 45//35
f 231//35 45//35 232//35
f 232//35 45//35 47//35
f 232//35 47//35 233//35
f 233//35 47//35 49//35
f 233//35 49//35 213//35
f 213//35 49//35 51//35
f 107//35 234//35 105//35
f 105//35 234//35 235//35
f 105//35 235//35 103//35
f 103//35 235//35 236//35
f 103//35 236//35 169//35
f 169//35 236//35 237//35
f 169//35 237//35 167//35
f 167//35 237//35 238//35
f 167//35 238//35 165//35
f 165//35 238//35 239//35
f 165//35 239//35 163//35
f 163//35 239//35 240//35
f 163//35 240//35 161//35
f 161//35 240//35 241//35
f 161//35 241//35 242//35
f 234//35 107//35 243//35
f 243//35 107//35 109//35
f 243//35 109//35 244//35
f 244//35 109//35 111//35
f 244//35 111//35 245//35
f 245//35 111//35 113//35
f 245//35 113//35 246//35
f 246//35 113//35 115//35
f 246//35 115//35 247//35
f 247//35 115//35 117//35
f 247//35 117//35 248//35
f 248//35 117//35 249//35
f 249//35 117//35 119//35
f 249//35 119//35 250//35
f 250//35 119//35 121//35
f 250//35 121//35 251//35
f 251//35 121//35 252//35
f 251//35 252//35 253//35
f 253//35 252//35 254//35
f 253//35 254//35 255//35
f 255//35 254//35 256//35
f 256//35 254//35 257//35
f 257//35 254//35 258//35
f 258//35 254//35 259//35
f 259//35 254//35 260//35
f 260//35 254//35 261//35
f 261//35 254//35 262//35
f 262//35 254//35 263//35
f 263//35 254//35 264//35
f 264//35 254//35 265//35
f 265//35 254//35 266//35
f 265//35 266//35 267//35
f 267//35 266//35 268//35
f 268//35 266//35 269//35
f 269//35 266//35 270//35
f 270//35 266//35 271//35
f 271//35 266//35 272//35
f 272//35 266//35 273//35
f 273//35 266//35 274//35
f 274//35 266//35 275//35
f 275//35 266//35 276//35
f 276//35 266//35 277//35
f 277//35 266//35 278//35
f 278//35 266//35 217//35
f 278//35 217//35 218//35
f 121//35 123//35 252//35
f 252//35 123//35 125//35
f 252//35 125//35 127//35
f 127//35 129//35 252//35
f 252//35 129//35 131//35
f 252//35 131//35 279//35
f 279//35 131//35 133//35
f 279//35 133//35 280//35
f 280//35 133//35 135//35
f 280//35 135//35 281//35
f 281//35 135//35 137//35
f 281//35 137//35 282//35
f 282//35 137//35 139//35
f 282//35 139//35 283//35
f 283//35 139//35 141//35
f 283//35 141//35 284//35
f 284//35 141//35 143//35
f 284//35 143//35 285//35
f 285//35 143//35 145//35
f 285//35 145//35 286//35
f 286//35 145//35 147//35
f 286//35 147//35 287//35
f 287//35 147//35 149//35
f 287//35 149//35 151//35
f 151//35 153//35 287//35
f 287//35 153//35 155//35
f 287//35 155//35 157//35
f 159//35 288//35 157//35
f 157//35 288//35 289//35
f 157//35 289//35 287//35
f 287//35 289//35 290//35
f 287//35 290//35 291//35
f 291//35 290//35 292//35
f 291//35 292//35 293//35
f 288//35 159//35 242//35
f 242//35 159//35 161//35
f 279//35 294//35 252//35
f 252//35 294//35 295//35
f 252//35 295//35 296//35
f 296//35 297//35 252//35
f 252//35 297//35 298//35
f 252//35 298//35 217//35
f 217//35 298//35 299//35
f 217//35 299//35 300//35
f 300//35 301//35 217//35
f 217//35 301//35 302//35
f 217//35 302//35 216//35
f 209//35 303//35 210//35
f 210//35 303//35 304//35
f 210//35 304//35 305//35
f 305//35 306//35 210//35
f 210//35 306//35 307//35
f 210//35 307//35 287//35
f 287//35 307//35 308//35
f 287//35 308//35 309//35
f 309//35 310//35 287//35
f 287//35 310//35 311//35
f 287//35 311//35 286//35
f 293//35 312//35 291//35
f 291//35 312//35 313//35
f 291//35 313//35 314//35
f 314//35 315//35 291//35
f 291//35 315//35 316//35
f 291//35 316//35 317//35
f 317//35 318//35 291//35
f 291//35 318//35 319//35
f 291//35 319//35 320//35
f 291//35 320//35 321//35
f 321//35 320//35 322//35
f 321//35 322//35 323//35
f 323//35 324//35 321//35
f 321//35 324//35 325//35
f 321//35 325//35 326//35
f 326//35 327//35 321//35
f 321//35 327//35 328//35
f 321//35 328//35 329//35
f 329//35 330//35 321//35
f 321//35 330//35 331//35
f 321//35 331//35 332//35
f 332//35 333//35 321//35
f 321//35 333//35 210//35
f 210//35 333//35 211//35
f 252//36 334//36 254//36
f 254//36 334//36 335//36
f 217//27 336//27 252//27
f 252//27 336//27 337//27
f 252//27 337//27 338//27
f 339//27 340//27 217//27
f 217//37 340//37 341//37
f 217//27 341//27 342//27
f 334//27 343//27 339//27
f 339//37 343//37 344//37
f 339//27 344//27 345//27
f 252//27 346//27 334//27
f 334//27 346//27 347//27
f 334//27 347//27 348//27
f 342//37 349//37 217//37
f 217//27 349//27 350//27
f 217//37 350//37 351//37
f 351//27 352//27 217//27
f 217//27 352//27 353//27
f 217//27 353//27 354//27
f 354//37 336//37 217//37
f 338//27 355//27 252//27
f 252//27 355//27 356//27
f 252//37 356//37 357//37
f 357//27 358//27 252//27
f 252//27 358//27 359//27
f 252//37 359//37 360//37
f 360//27 346//27 252//27
f 348//37 361//37 334//37
f 334//27 361//27 362//27
f 334//27 362//27 363//27
f 363//37 364//37 334//37
f 334//27 364//27 365//27
f 334//27 365//27 366//27
f 366//27 367//27 334//27
f 334//27 367//27 343//27
f 345//27 368//27 339//27
f 339//27 368//27 369//27
f 339//37 369//37 370//37
f 370//27 371//27 339//27
f 339//37 371//37 372//37
f 339//27 372//27 373//27
f 373//37 340//37 339//37
f 374//10 375//10 376//10
f 376//10 375//10 210//10
f 376//10 210//10 377//10
f 377//10 210//10 378//10
f 378//10 210//10 379//10
f 379//38 210//38 380//38
f 380//10 210//10 381//10
f 381//10 210//10 382//10
f 382//10 210//10 383//10
f 383//38 210//38 384//38
f 384//10 210//10 385//10
f 385//10 210//10 287//10
f 385//10 287//10 386//10
f 386//38 287//38 387//38
f 387//10 287//10 388//10
f 388//10 287//10 389//10
f 389//10 287//10 390//10
f 390//10 287//10 391//10
f 391//38 287//38 392//38
f 392//10 287//10 393//10
f 393//38 287//38 394//38
f 394//10 287//10 395//10
f 394//10 395//10 396//10
f 396//38 395//38 397//38
f 397//10 395//10 398//10
f 398//38 395//38 399//38
f 399//10 395//10 400//10
f 400//10 395//10 401//10
f 401//10 395//10 402//10
f 402//10 395//10 403//10
f 403//38 395//38 404//38
f 404//38 395//38 405//38
f 405//10 395//10 375//10
f 405//10 375//10 406//10
f 406//38 375//38 407//38
f 407//10 375//10 408//10
f 408//10 375//10 409//10
f 409//10 375//10 410//10
f 410//38 375//38 411//38
f 411//10 375//10 412//10
f 412//10 375//10 374//10
f 291//36 413//36 287//36
f 287//36 413//36 395//36
f 266//39 414//39 217//39
f 217//39 414//39 339//39
f 321//27 415//27 291//27
f 291//27 415//27 416//27
f 291//27 416//27 417//27
f 418//27 419//27 321//27
f 321//37 419//37 420//37
f 321//37 420//37 421//37
f 413//27 422//27 418//27
f 418//27 422//27 423//27
f 418//27 423//27 424//27
f 291//27 425//27 413//27
f 413//37 425//37 426//37
f 413//27 426//27 427//27
f 424//37 428//37 418//37
f 418//27 428//27 429//27
f 418//27 429//27 430//27
f 430//27 431//27 418//27
f 418//37 431//37 432//37
f 418//27 432//27 433//27
f 433//27 434//27 418//27
f 418//37 434//37 419//37
f 421//27 435//27 321//27
f 321//27 435//27 436//27
f 321//37 436//37 437//37
f 437//27 438//27 321//27
f 321//27 438//27 439//27
f 321//27 439//27 440//27
f 440//37 415//37 321//37
f 417//27 441//27 291//27
f 291//37 441//37 442//37
f 291//37 442//37 443//37
f 443//27 444//27 291//27
f 291//27 444//27 445//27
f 291//27 445//27 425//27
f 427//27 446//27 413//27
f 413//27 446//27 447//27
f 413//27 447//27 448//27
f 448//27 449//27 413//27
f 413//27 449//27 450//27
f 413//37 450//37 451//37
f 451//27 452//27 413//27
f 413//27 452//27 422//27
f 228//40 453//40 227//40
f 227//40 453//40 454//40
f 227//41 454//41 226//41
f 226//41 454//41 455//41
f 226//42 455//42 225//42
f 225//42 455//42 456//42
f 225//43 456//43 224//43
f 224//43 456//43 457//43
f 224//44 457//44 223//44
f 223//44 457//44 458//44
f 223//45 458//45 222//45
f 222//45 458//45 459//45
f 222//46 459//46 221//46
f 221//46 459//46 460//46
f 221//47 460//47 220//47
f 220//47 460//47 461//47
f 220//48 461//48 219//48
f 219//48 461//48 462//48
f 219//49 462//49 218//49
f 218//49 462//49 463//49
f 218//50 463//50 278//50
f 278//50 463//50 464//50
f 278//51 464//51 277//51
f 277//51 464//51 465//51
f 277//52 465//52 276//52
f 276//52 465//52 466//52
f 276//53 466//53 275//53
f 275//53 466//53 467//53
f 275//54 467//54 274//54
f 274//54 467//54 468//54
f 274//55 468//55 273//55
f 273//55 468//55 469//55
f 273//56 469//56 272//56
f 272//56 469//56 470//56
f 272//57 470//57 271//57
f 271//57 470//57 471//57
f 271//58 471//58 270//58
f 270//58 471//58 472//58
f 270//59 472//59 269//59
f 269//59 472//59 473//59
f 269//60 473//60 474//60
f 474//61 473//61 475//61
f 475//62 473//62 476//62
f 476//63 473//63 477//63
f 477//64 473//64 478//64
f 478//65 473//65 479//65
f 479//66 473//66 480//66
f 479//67 480//67 481//67
f 481//68 480//68 482//68
f 482//69 480//69 483//69
f 483//70 480//70 484//70
f 484//71 480//71 485//71
f 485//72 480//72 486//72
f 486//73 480//73 487//73
f 486//74 487//74 488//74
f 488//75 487//75 489//75
f 489//76 487//76 490//76
f 490//77 487//77 491//77
f 491//78 487//78 492//78
f 491//79 492//79 493//79
f 493//80 492//80 494//80
f 494//81 492//81 495//81
f 495//82 492//82 496//82
f 496//83 492//83 497//83
f 496//84 497//84 498//84
f 498//85 497//85 499//85
f 499//86 497//86 500//86
f 500//87 497//87 501//87
f 501//88 497//88 502//88
f 502//89 497//89 503//89
f 502//90 503//90 504//90
f 504//91 503//91 505//91
f 505//92 503//92 506//92
f 506//93 503//93 507//93
f 507//94 503//94 508//94
f 508//95 503//95 509//95
f 509//96 503//96 510//96
f 510//97 503//97 511//97
f 510//98 511//98 512//98
f 512//99 511//99 262//99
f 512//100 262//100 263//100
f 453//101 228//101 513//101
f 513//101 228//101 229//101
f 513//102 229//102 514//102
f 514//102 229//102 230//102
f 514//103 230//103 515//103
f 515//103 230//103 231//103
f 515//104 231//104 516//104
f 516//104 231//104 232//104
f 516//105 232//105 517//105
f 517//105 232//105 233//105
f 517//106 233//106 518//106
f 518//106 233//106 213//106
f 518//107 213//107 519//107
f 519//107 213//107 212//107
f 519//108 212//108 520//108
f 520//108 212//108 211//108
f 520//109 211//109 521//109
f 521//110 211//110 333//110
f 521//111 333//111 522//111
f 522//111 333//111 332//111
f 522//112 332//112 523//112
f 523//112 332//112 331//112
f 523//113 331//113 524//113
f 524//113 331//113 330//113
f 524//114 330//114 525//114
f 525//114 330//114 329//114
f 525//115 329//115 526//115
f 526//115 329//115 328//115
f 526//116 328//116 527//116
f 527//116 328//116 327//116
f 527//117 327//117 528//117
f 528//117 327//117 326//117
f 528//118 326//118 529//118
f 529//118 326//118 325//118
f 529//119 325//119 530//119
f 530//119 325//119 324//119
f 530//120 324//120 531//120
f 531//121 324//121 532//121
f 532//122 324//122 533//122
f 533//123 324//123 534//123
f 534//124 324//124 535//124
f 535//125 324//125 536//125
f 536//126 324//126 323//126
f 536//127 323//127 537//127
f 537//128 323//128 538//128
f 538//129 323//129 539//129
f 539//130 323//130 540//130
f 540//131 323//131 541//131
f 541//132 323//132 542//132
f 542//133 323//133 322//133
f 542//134 322//134 543//134
f 543//135 322//135 544//135
f 544//136 322//136 545//136
f 545//137 322//137 546//137
f 546//138 322//138 320//138
f 546//139 320//139 547//139
f 547//140 320//140 548//140
f 548//141 320//141 549//141
f 549//142 320//142 550//142
f 550//143 320//143 319//143
f 550//144 319//144 551//144
f 551//145 319//145 552//145
f 552//146 319//146 553//146
f 553//147 319//147 554//147
f 554//148 319//148 555//148
f 555//149 319//149 318//149
f 555//150 318//150 556//150
f 556//151 318//151 557//151
f 557//152 318//152 558//152
f 558//153 318//153 559//153
f 559//154 318//154 560//154
f 560//155 318//155 561//155
f 561//156 318//156 562//156
f 562//157 318//157 317//157
f 562//158 317//158 563//158
f 563//159 317//159 564//159
f 563//160 564//160 565//160
f 565//161 564//161 566//161
f 565//162 566//162 567//162
f 567//163 566//163 568//163
f 568//164 566//164 569//164
f 569//153 566//153 570//153
f 570//165 566//165 571//165
f 571//166 566//166 572//166
f 572//167 566//167 573//167
f 573//168 566//168 574//168
f 573//169 574//169 575//169
f 575//170 574//170 576//170
f 576//171 574//171 577//171
f 577//172 574//172 578//172
f 578//173 574//173 579//173
f 579//174 574//174 580//174
f 579//175 580//175 581//175
f 581//176 580//176 582//176
f 582//140 580//140 583//140
f 583//177 580//177 584//177
f 584//178 580//178 585//178
f 584//179 585//179 586//179
f 586//180 585//180 587//180
f 587//181 585//181 588//181
f 588//182 585//182 589//182
f 589//183 585//183 590//183
f 589//184 590//184 591//184
f 591//185 590//185 592//185
f 592//186 590//186 593//186
f 593//187 590//187 594//187
f 594//188 590//188 595//188
f 595//189 590//189 596//189
f 596//190 590//190 530//190
f 596//191 530//191 597//191
f 597//192 530//192 598//192
f 598//193 530//193 599//193
f 599//194 530//194 600//194
f 600//195 530//195 531//195
f 564//196 317//196 601//196
f 601//196 317//196 316//196
f 601//197 316//197 602//197
f 602//197 316//197 315//197
f 602//198 315//198 603//198
f 603//198 315//198 314//198
f 603//199 314//199 604//199
f 604//199 314//199 313//199
f 604//200 313//200 605//200
f 605//200 313//200 312//200
f 605//201 312//201 606//201
f 606//201 312//201 293//201
f 606//202 293//202 607//202
f 607//202 293//202 292//202
f 607//203 292//203 608//203
f 608//203 292//203 290//203
f 608//204 290//204 609//204
f 609//204 290//204 289//204
f 609//205 289//205 610//205
f 610//205 289//205 288//205
f 610//206 288//206 611//206
f 611//206 288//206 242//206
f 611//207 242//207 612//207
f 612//207 242//207 241//207
f 612//208 241//208 613//208
f 613//208 241//208 240//208
f 613//209 240//209 614//209
f 614//209 240//209 239//209
f 614//210 239//210 615//210
f 615//210 239//210 238//210
f 615//211 238//211 616//211
f 616//211 238//211 237//211
f 616//212 237//212 617//212
f 617//212 237//212 236//212
f 617//213 236//213 618//213
f 618//213 236//213 235//213
f 618//214 235//214 619//214
f 619//214 235//214 234//214
f 619//215 234//215 620//215
f 620//215 234//215 243//215
f 620//216 243//216 621//216
f 621//216 243//216 244//216
f 621//217 244//217 622//217
f 622//217 244//217 245//217
f 622//218 245//218 623//218
f 623//218 245//218 246//218
f 623//219 246//219 624//219
f 624//219 246//219 247//219
f 624//220 247//220 625//220
f 625//220 247//220 248//220
f 625//221 248//221 626//221
f 626//221 248//221 249//221
f 626//222 249//222 627//222
f 627//222 249//222 250//222
f 627//223 250//223 628//223
f 628//223 250//223 251//223
f 628//224 251//224 629//224
f 629//224 251//224 253//224
f 629//225 253//225 630//225
f 630//225 253//225 255//225
f 630//226 255//226 631//226
f 631//226 255//226 256//226
f 631//227 256//227 632//227
f 632//227 256//227 257//227
f 632//228 257//228 633//228
f 633//228 257//228 258//228
f 633//229 258//229 634//229
f 634//229 258//229 259//229
f 634//230 259//230 635//230
f 635//230 259//230 260//230
f 635//231 260//231 636//231
f 636//231 260//231 261//231
f 636//232 261//232 511//232
f 511//232 261//232 262//232
f 264//233 637//233 263//233
f 263//234 637//234 638//234
f 263//235 638//235 639//235
f 265//236 640//236 264//236
f 264//237 640//237 641//237
f 264//238 641//238 642//238
f 267//239 643//239 265//239
f 265//240 643//240 644//240
f 265//80 644//80 645//80
f 268//241 646//241 267//241
f 267//242 646//242 647//242
f 267//243 647//243 648//243
f 269//244 649//244 268//244
f 268//245 649//245 650//245
f 268//246 650//246 651//246
f 474//247 652//247 269//247
f 269//248 652//248 653//248
f 269//249 653//249 654//249
f 654//250 655//250 269//250
f 269//251 655//251 649//251
f 651//69 656//69 268//69
f 268//70 656//70 657//70
f 268//252 657//252 658//252
f 658//253 646//253 268//253
f 648//254 659//254 267//254
f 267//255 659//255 643//255
f 645//256 660//256 265//256
f 265//257 660//257 640//257
f 642//258 661//258 264//258
f 264//259 661//259 662//259
f 264//260 662//260 637//260
f 639//261 663//261 263//261
f 263//262 663//262 664//262
f 263//263 664//263 665//263
f 665//264 666//264 263//264
f 263//265 666//265 667//265
f 263//266 667//266 512//266
f 668//267 349//267 669//267
f 669//268 349//268 379//268
f 669//269 379//269 670//269
f 670//270 379//270 671//270
f 671//271 379//271 380//271
f 671//272 380//272 672//272
f 672//273 380//273 673//273
f 673//274 380//274 674//274
f 674//275 380//275 381//275
f 674//276 381//276 675//276
f 675//277 381//277 676//277
f 676//278 381//278 677//278
f 677//279 381//279 382//279
f 677//280 382//280 678//280
f 678//281 382//281 679//281
f 679//282 382//282 383//282
f 679//283 383//283 680//283
f 680//284 383//284 681//284
f 681//285 383//285 682//285
f 682//286 383//286 384//286
f 682//287 384//287 683//287
f 683//288 384//288 684//288
f 684//289 384//289 385//289
f 684//290 385//290 685//290
f 685//291 385//291 686//291
f 686//292 385//292 386//292
f 686//293 386//293 687//293
f 687//294 386//294 387//294
f 687//295 387//295 688//295
f 688//296 387//296 689//296
f 689//297 387//297 690//297
f 690//297 387//297 388//297
f 690//298 388//298 691//298
f 691//299 388//299 692//299
f 692//300 388//300 389//300
f 692//301 389//301 693//301
f 693//302 389//302 694//302
f 694//303 389//303 390//303
f 694//304 390//304 695//304
f 695//305 390//305 696//305
f 696//306 390//306 697//306
f 697//307 390//307 391//307
f 697//308 391//308 698//308
f 698//309 391//309 699//309
f 699//310 391//310 700//310
f 700//311 391//311 701//311
f 701//312 391//312 392//312
f 701//313 392//313 359//313
f 359//314 392//314 360//314
f 360//315 392//315 393//315
f 360//316 393//316 346//316
f 346//316 393//316 394//316
f 346//36 394//36 347//36
f 347//36 394//36 396//36
f 347//317 396//317 348//317
f 348//317 396//317 397//317
f 348//318 397//318 361//318
f 361//318 397//318 398//318
f 361//319 398//319 702//319
f 702//320 398//320 399//320
f 702//321 399//321 703//321
f 703//322 399//322 704//322
f 704//323 399//323 705//323
f 705//324 399//324 706//324
f 706//325 399//325 400//325
f 706//326 400//326 707//326
f 707//327 400//327 708//327
f 708//328 400//328 709//328
f 709//329 400//329 401//329
f 709//330 401//330 710//330
f 710//331 401//331 711//331
f 711//332 401//332 402//332
f 711//333 402//333 712//333
f 712//334 402//334 713//334
f 713//335 402//335 714//335
f 714//335 402//335 403//335
f 714//336 403//336 715//336
f 715//337 403//337 716//337
f 716//338 403//338 404//338
f 716//339 404//339 717//339
f 717//340 404//340 405//340
f 717//341 405//341 718//341
f 718//342 405//342 719//342
f 719//343 405//343 406//343
f 719//344 406//344 720//344
f 720//345 406//345 721//345
f 721//346 406//346 407//346
f 721//347 407//347 722//347
f 722//348 407//348 723//348
f 723//349 407//349 724//349
f 724//350 407//350 408//350
f 724//351 408//351 725//351
f 725//352 408//352 726//352
f 726//353 408//353 409//353
f 726//354 409//354 727//354
f 727//355 409//355 728//355
f 728//356 409//356 729//356
f 729//357 409//357 410//357
f 729//358 410//358 730//358
f 730//359 410//359 731//359
f 731//360 410//360 732//360
f 732//361 410//361 733//361
f 733//362 410//362 411//362
f 733//363 411//363 734//363
f 734//364 411//364 371//364
f 734//365 371//365 735//365
f 735//366 371//366 370//366
f 735//367 370//367 736//367
f 736//368 370//368 737//368
f 737//369 370//369 738//369
f 738//370 370//370 739//370
f 739//371 370//371 369//371
f 739//372 369//372 740//372
f 740//373 369//373 741//373
f 741//374 369//374 742//374
f 742//375 369//375 368//375
f 742//376 368//376 743//376
f 743//377 368//377 744//377
f 744//378 368//378 345//378
f 744//379 345//379 745//379
f 745//380 345//380 746//380
f 746//381 345//381 747//381
f 747//382 345//382 344//382
f 747//383 344//383 748//383
f 748//384 344//384 749//384
f 749//385 344//385 343//385
f 749//386 343//386 750//386
f 750//387 343//387 751//387
f 751//388 343//388 367//388
f 751//389 367//389 752//389
f 752//390 367//390 366//390
f 752//391 366//391 753//391
f 753//392 366//392 754//392
f 754//393 366//393 365//393
f 754//393 365//393 755//393
f 755//394 365//394 756//394
f 756//395 365//395 757//395
f 757//396 365//396 364//396
f 757//397 364//397 758//397
f 758//398 364//398 759//398
f 759//399 364//399 363//399
f 759//400 363//400 760//400
f 760//401 363//401 761//401
f 761//402 363//402 762//402
f 762//403 363//403 362//403
f 762//404 362//404 763//404
f 763//405 362//405 764//405
f 764//406 362//406 765//406
f 765//407 362//407 702//407
f 702//408 362//408 361//408
f 668//409 766//409 349//409
f 349//410 766//410 350//410
f 350//411 766//411 767//411
f 350//412 767//412 768//412
f 768//413 769//413 350//413
f 350//414 769//414 351//414
f 351//415 769//415 770//415
f 351//416 770//416 771//416
f 771//417 772//417 351//417
f 351//418 772//418 352//418
f 352//419 772//419 773//419
f 352//420 773//420 774//420
f 352//421 774//421 353//421
f 353//422 774//422 775//422
f 353//423 775//423 776//423
f 776//424 777//424 353//424
f 353//425 777//425 354//425
f 354//426 777//426 778//426
f 354//427 778//427 779//427
f 354//428 779//428 336//428
f 336//429 779//429 780//429
f 336//430 780//430 781//430
f 336//431 781//431 337//431
f 337//432 781//432 782//432
f 337//433 782//433 338//433
f 338//434 782//434 783//434
f 338//435 783//435 784//435
f 784//436 785//436 338//436
f 338//436 785//436 355//436
f 355//437 785//437 786//437
f 355//438 786//438 787//438
f 355//439 787//439 356//439
f 356//440 787//440 788//440
f 356//441 788//441 789//441
f 356//442 789//442 357//442
f 357//443 789//443 790//443
f 357//444 790//444 791//444
f 791//445 792//445 357//445
f 357//446 792//446 358//446
f 358//447 792//447 793//447
f 358//448 793//448 794//448
f 794//449 795//449 358//449
f 358//450 795//450 701//450
f 358//451 701//451 359//451
f 377//452 341//452 376//452
f 376//452 341//452 340//452
f 376//453 340//453 374//453
f 374//453 340//453 373//453
f 374//454 373//454 412//454
f 412//454 373//454 372//454
f 412//455 372//455 411//455
f 411//455 372//455 371//455
f 341//456 377//456 342//456
f 342//456 377//456 378//456
f 342//457 378//457 349//457
f 349//457 378//457 379//457
f 283//458 700//458 282//458
f 282//459 700//459 701//459
f 282//460 701//460 795//460
f 700//461 283//461 699//461
f 699//462 283//462 284//462
f 699//463 284//463 698//463
f 698//464 284//464 697//464
f 697//465 284//465 285//465
f 697//466 285//466 696//466
f 696//467 285//467 695//467
f 695//468 285//468 286//468
f 695//469 286//469 694//469
f 694//470 286//470 693//470
f 693//471 286//471 311//471
f 693//472 311//472 692//472
f 692//473 311//473 691//473
f 691//474 311//474 310//474
f 691//475 310//475 690//475
f 690//476 310//476 689//476
f 689//477 310//477 309//477
f 689//478 309//478 688//478
f 688//479 309//479 687//479
f 687//480 309//480 308//480
f 687//481 308//481 686//481
f 686//482 308//482 685//482
f 685//483 308//483 307//483
f 685//484 307//484 684//484
f 684//485 307//485 306//485
f 684//486 306//486 683//486
f 683//487 306//487 682//487
f 682//488 306//488 305//488
f 682//489 305//489 681//489
f 681//490 305//490 680//490
f 680//491 305//491 304//491
f 680//492 304//492 679//492
f 679//493 304//493 678//493
f 678//494 304//494 303//494
f 678//495 303//495 677//495
f 677//496 303//496 676//496
f 676//497 303//497 209//497
f 676//498 209//498 675//498
f 675//499 209//499 674//499
f 674//500 209//500 208//500
f 674//501 208//501 673//501
f 673//502 208//502 672//502
f 672//503 208//503 207//503
f 672//504 207//504 671//504
f 671//505 207//505 670//505
f 670//506 207//506 206//506
f 670//507 206//507 669//507
f 669//508 206//508 668//508
f 668//509 206//509 205//509
f 668//510 205//510 766//510
f 766//511 205//511 214//511
f 766//512 214//512 767//512
f 767//513 214//513 768//513
f 768//514 214//514 215//514
f 768//515 215//515 769//515
f 769//516 215//516 770//516
f 770//517 215//517 216//517
f 770//518 216//518 771//518
f 771//519 216//519 772//519
f 772//520 216//520 302//520
f 772//521 302//521 773//521
f 773//522 302//522 774//522
f 774//523 302//523 301//523
f 774//524 301//524 775//524
f 775//525 301//525 776//525
f 776//526 301//526 300//526
f 776//527 300//527 777//527
f 777//528 300//528 778//528
f 778//529 300//529 299//529
f 778//530 299//530 779//530
f 779//531 299//531 780//531
f 780//532 299//532 298//532
f 780//533 298//533 781//533
f 781//534 298//534 297//534
f 781//535 297//535 782//535
f 782//536 297//536 783//536
f 783//537 297//537 296//537
f 783//538 296//538 784//538
f 784//539 296//539 785//539
f 785//540 296//540 295//540
f 785//541 295//541 786//541
f 786//542 295//542 787//542
f 787//543 295//543 294//543
f 787//544 294//544 788//544
f 788//545 294//545 789//545
f 789//546 294//546 279//546
f 789//547 279//547 790//547
f 790//548 279//548 791//548
f 791//549 279//549 280//549
f 791//550 280//550 792//550
f 792//551 280//551 793//551
f 793//552 280//552 281//552
f 793//553 281//553 794//553
f 794//554 281//554 795//554
f 795//555 281//555 282//555
f 210//39 375//39 321//39
f 321//39 375//39 418//39
f 254//10 796//10 266//10
f 266//38 796//38 797//38
f 266//10 797//10 798//10
f 335//10 799//10 254//10
f 254//10 799//10 800//10
f 254//38 800//38 801//38
f 414//10 802//10 335//10
f 335//10 802//10 803//10
f 335//10 803//10 804//10
f 266//10 805//10 414//10
f 414//38 805//38 806//38
f 414//10 806//10 807//10
f 807//38 808//38 414//38
f 414//38 808//38 809//38
f 414//10 809//10 810//10
f 810//10 811//10 414//10
f 414//10 811//10 812//10
f 414//10 812//10 813//10
f 813//38 802//38 414//38
f 804//10 814//10 335//10
f 335//10 814//10 815//10
f 335//38 815//38 816//38
f 816//10 817//10 335//10
f 335//10 817//10 818//10
f 335//38 818//38 819//38
f 819//10 820//10 335//10
f 335//10 820//10 799//10
f 801//10 821//10 254//10
f 254//10 821//10 822//10
f 254//38 822//38 823//38
f 823//10 824//10 254//10
f 254//10 824//10 825//10
f 254//10 825//10 826//10
f 826//10 796//10 254//10
f 798//10 827//10 266//10
f 266//10 827//10 828//10
f 266//10 828//10 829//10
f 829//38 830//38 266//38
f 266//38 830//38 831//38
f 266//10 831//10 832//10
f 832//38 805//38 266//38
f 667//556 799//556 512//556
f 512//557 799//557 820//557
f 512//558 820//558 510//558
f 510//559 820//559 509//559
f 509//560 820//560 819//560
f 509//561 819//561 508//561
f 508//562 819//562 818//562
f 508//563 818//563 507//563
f 507//564 818//564 506//564
f 506//565 818//565 817//565
f 506//566 817//566 505//566
f 505//567 817//567 504//567
f 504//568 817//568 816//568
f 504//569 816//569 502//569
f 502//570 816//570 501//570
f 501//571 816//571 815//571
f 501//572 815//572 500//572
f 500//573 815//573 814//573
f 500//574 814//574 499//574
f 499//575 814//575 498//575
f 498//576 814//576 804//576
f 498//577 804//577 496//577
f 496//578 804//578 495//578
f 495//579 804//579 803//579
f 495//580 803//580 494//580
f 494//581 803//581 493//581
f 493//582 803//582 802//582
f 493//583 802//583 491//583
f 491//584 802//584 813//584
f 491//585 813//585 490//585
f 490//586 813//586 489//586
f 489//587 813//587 812//587
f 489//588 812//588 488//588
f 488//589 812//589 486//589
f 486//590 812//590 811//590
f 486//591 811//591 485//591
f 485//592 811//592 810//592
f 485//593 810//593 484//593
f 484//594 810//594 483//594
f 483//595 810//595 809//595
f 483//596 809//596 482//596
f 482//597 809//597 481//597
f 481//598 809//598 808//598
f 481//599 808//599 479//599
f 479//600 808//600 478//600
f 478//601 808//601 807//601
f 478//602 807//602 477//602
f 477//603 807//603 806//603
f 477//604 806//604 476//604
f 476//605 806//605 475//605
f 475//606 806//606 805//606
f 475//607 805//607 474//607
f 474//608 805//608 652//608
f 652//609 805//609 832//609
f 652//610 832//610 653//610
f 653//611 832//611 654//611
f 654//612 832//612 831//612
f 654//613 831//613 655//613
f 655//614 831//614 830//614
f 655//615 830//615 649//615
f 649//616 830//616 650//616
f 650//617 830//617 829//617
f 650//618 829//618 651//618
f 651//619 829//619 656//619
f 656//620 829//620 828//620
f 656//621 828//621 657//621
f 657//622 828//622 658//622
f 658//623 828//623 827//623
f 658//624 827//624 646//624
f 646//625 827//625 798//625
f 646//626 798//626 647//626
f 647//627 798//627 648//627
f 648//628 798//628 797//628
f 648//629 797//629 659//629
f 659//630 797//630 643//630
f 643//631 797//631 796//631
f 643//632 796//632 644//632
f 644//633 796//633 826//633
f 644//634 826//634 645//634
f 645//635 826//635 660//635
f 660//636 826//636 825//636
f 660//637 825//637 640//637
f 640//638 825//638 641//638
f 641//639 825//639 824//639
f 641//640 824//640 642//640
f 642//641 824//641 661//641
f 661//642 824//642 823//642
f 661//643 823//643 662//643
f 662//644 823//644 822//644
f 662//645 822//645 637//645
f 637//646 822//646 638//646
f 638//647 822//647 821//647
f 638//648 821//648 639//648
f 639//649 821//649 663//649
f 663//650 821//650 801//650
f 663//651 801//651 664//651
f 664//652 801//652 665//652
f 665//653 801//653 800//653
f 665//654 800//654 666//654
f 666//655 800//655 799//655
f 666//656 799//656 667//656
f 565//657 426//657 563//657
f 563//658 426//658 425//658
f 563//659 425//659 562//659
f 562//660 425//660 561//660
f 561//661 425//661 445//661
f 561//662 445//662 560//662
f 560//663 445//663 559//663
f 559//664 445//664 444//664
f 559//665 444//665 558//665
f 558//666 444//666 557//666
f 557//667 444//667 443//667
f 557//668 443//668 556//668
f 556//669 443//669 442//669
f 556//670 442//670 555//670
f 555//671 442//671 554//671
f 554//672 442//672 441//672
f 554//673 441//673 553//673
f 553//674 441//674 552//674
f 552//675 441//675 417//675
f 552//676 417//676 551//676
f 551//677 417//677 550//677
f 550//678 417//678 416//678
f 550//679 416//679 549//679
f 549//680 416//680 415//680
f 549//681 415//681 548//681
f 548//682 415//682 547//682
f 547//683 415//683 440//683
f 547//684 440//684 546//684
f 546//685 440//685 545//685
f 545//686 440//686 439//686
f 545//687 439//687 544//687
f 544//688 439//688 438//688
f 544//689 438//689 543//689
f 543//690 438//690 542//690
f 542//691 438//691 437//691
f 542//692 437//692 541//692
f 541//693 437//693 540//693
f 540//694 437//694 436//694
f 540//695 436//695 539//695
f 539//696 436//696 538//696
f 538//697 436//697 435//697
f 538//698 435//698 537//698
f 537//699 435//699 421//699
f 537//700 421//700 536//700
f 536//701 421//701 535//701
f 535//702 421//702 420//702
f 535//703 420//703 534//703
f 534//704 420//704 533//704
f 533//705 420//705 419//705
f 533//706 419//706 532//706
f 532//707 419//707 531//707
f 531//708 419//708 434//708
f 531//709 434//709 600//709
f 600//710 434//710 433//710
f 600//711 433//711 599//711
f 599//712 433//712 598//712
f 598//713 433//713 432//713
f 598//714 432//714 597//714
f 597//715 432//715 596//715
f 596//716 432//716 431//716
f 596//717 431//717 595//717
f 595//718 431//718 430//718
f 595//719 430//719 594//719
f 594//720 430//720 593//720
f 593//721 430//721 429//721
f 593//722 429//722 592//722
f 592//723 429//723 591//723
f 591//724 429//724 428//724
f 591//725 428//725 589//725
f 589//726 428//726 588//726
f 588//727 428//727 424//727
f 588//728 424//728 587//728
f 587//729 424//729 423//729
f 587//730 423//730 586//730
f 586//731 423//731 584//731
f 584//732 423//732 422//732
f 584//733 422//733 583//733
f 583//734 422//734 582//734
f 582//735 422//735 452//735
f 582//736 452//736 581//736
f 581//737 452//737 579//737
f 579//738 452//738 451//738
f 579//739 451//739 578//739
f 578//740 451//740 450//740
f 578//741 450//741 577//741
f 577//742 450//742 576//742
f 576//743 450//743 449//743
f 576//744 449//744 575//744
f 575//745 449//745 573//745
f 573//746 449//746 448//746
f 573//747 448//747 572//747
f 572//748 448//748 571//748
f 571//749 448//749 447//749
f 571//750 447//750 570//750
f 570//751 447//751 446//751
f 570//752 446//752 569//752
f 569//753 446//753 568//753
f 568//754 446//754 427//754
f 568//755 427//755 567//755
f 567//756 427//756 565//756
f 565//757 427//757 426//757
f 453//35 833//35 454//35
f 454//35 833//35 834//35
f 454//35 834//35 835//35
f 513//35 836//35 453//35
f 453//35 836//35 837//35
f 453//35 837//35 838//35
f 514//35 839//35 513//35
f 513//35 839//35 840//35
f 513//35 840//35 841//35
f 841//35 840//35 842//35
f 841//35 842//35 843//35
f 843//35 842//35 844//35
f 843//35 844//35 845//35
f 845//35 844//35 846//35
f 845//35 846//35 847//35
f 847//35 846//35 848//35
f 847//35 848//35 849//35
f 849//35 848//35 850//35
f 849//35 850//35 851//35
f 851//35 850//35 852//35
f 851//35 852//35 853//35
f 853//35 852//35 854//35
f 853//35 854//35 855//35
f 855//35 854//35 856//35
f 855//35 856//35 857//35
f 857//35 856//35 858//35
f 857//35 858//35 859//35
f 859//35 858//35 860//35
f 859//35 860//35 861//35
f 861//35 860//35 862//35
f 861//35 862//35 863//35
f 515//35 864//35 514//35
f 514//35 864//35 865//35
f 514//35 865//35 866//35
f 516//35 867//35 515//35
f 515//35 867//35 868//35
f 515//35 868//35 869//35
f 517//35 870//35 516//35
f 516//35 870//35 871//35
f 516//35 871//35 872//35
f 518//35 873//35 517//35
f 517//35 873//35 874//35
f 517//35 874//35 875//35
f 519//35 876//35 518//35
f 518//35 876//35 877//35
f 518//35 877//35 878//35
f 520//35 879//35 519//35
f 519//35 879//35 880//35
f 519//35 880//35 881//35
f 521//35 882//35 520//35
f 520//35 882//35 883//35
f 520//35 883//35 884//35
f 522//35 885//35 521//35
f 521//35 885//35 886//35
f 521//35 886//35 887//35
f 523//35 888//35 522//35
f 522//35 888//35 889//35
f 522//35 889//35 890//35
f 524//35 891//35 523//35
f 523//35 891//35 892//35
f 523//35 892//35 893//35
f 893//35 892//35 894//35
f 894//35 892//35 895//35
f 894//35 895//35 896//35
f 525//35 897//35 524//35
f 524//35 897//35 898//35
f 524//35 898//35 899//35
f 526//35 900//35 525//35
f 525//35 900//35 901//35
f 525//35 901//35 902//35
f 527//35 903//35 526//35
f 526//35 903//35 904//35
f 526//35 904//35 905//35
f 528//35 906//35 527//35
f 527//35 906//35 907//35
f 527//35 907//35 908//35
f 529//35 909//35 528//35
f 528//35 909//35 910//35
f 528//35 910//35 911//35
f 530//35 912//35 529//35
f 529//35 912//35 913//35
f 529//35 913//35 914//35
f 590//35 915//35 530//35
f 530//35 915//35 916//35
f 530//35 916//35 917//35
f 585//35 918//35 590//35
f 590//35 918//35 919//35
f 590//35 919//35 920//35
f 580//35 921//35 585//35
f 585//35 921//35 922//35
f 585//35 922//35 923//35
f 574//35 924//35 580//35
f 580//35 924//35 925//35
f 580//35 925//35 926//35
f 926//35 925//35 927//35
f 927//35 925//35 928//35
f 927//35 928//35 929//35
f 929//35 928//35 930//35
f 929//35 930//35 931//35
f 931//35 930//35 932//35
f 931//35 932//35 933//35
f 933//35 932//35 934//35
f 933//35 934//35 935//35
f 566//35 936//35 574//35
f 574//35 936//35 937//35
f 574//35 937//35 938//35
f 564//35 939//35 566//35
f 566//35 939//35 940//35
f 566//35 940//35 941//35
f 601//35 942//35 564//35
f 564//35 942//35 943//35
f 564//35 943//35 944//35
f 602//35 945//35 601//35
f 601//35 945//35 946//35
f 601//35 946//35 947//35
f 603//35 948//35 602//35
f 602//35 948//35 949//35
f 602//35 949//35 950//35
f 604//35 951//35 603//35
f 603//35 951//35 952//35
f 603//35 952//35 953//35
f 605//35 954//35 604//35
f 604//35 954//35 955//35
f 604//35 955//35 956//35
f 606//35 957//35 605//35
f 605//35 957//35 958//35
f 605//35 958//35 959//35
f 607//35 960//35 606//35
f 606//35 960//35 961//35
f 606//35 961//35 962//35
f 608//35 963//35 607//35
f 607//35 963//35 964//35
f 607//35 964//35 965//35
f 609//35 966//35 608//35
f 608//35 966//35 967//35
f 608//35 967//35 968//35
f 610//35 969//35 609//35
f 609//35 969//35 970//35
f 609//35 970//35 971//35
f 611//35 972//35 610//35
f 610//35 972//35 973//35
f 610//35 973//35 974//35
f 612//35 975//35 611//35
f 611//35 975//35 976//35
f 611//35 976//35 977//35
f 613//35 978//35 612//35
f 612//35 978//35 979//35
f 612//35 979//35 980//35
f 614//35 981//35 613//35
f 613//35 981//35 982//35
f 613//35 982//35 983//35
f 615//35 984//35 614//35
f 614//35 984//35 985//35
f 614//35 985//35 986//35
f 616//35 987//35 615//35
f 615//35 987//35 988//35
f 615//35 988//35 989//35
f 617//35 990//35 616//35
f 616//35 990//35 991//35
f 616//35 991//35 992//35
f 618//35 993//35 617//35
f 617//35 993//35 994//35
f 617//35 994//35 995//35
f 995//35 994//35 996//35
f 996//35 994//35 997//35
f 996//35 997//35 998//35
f 998//35 997//35 999//35
f 998//35 999//35 1000//35
f 1000//35 999//35 1001//35
f 1000//35 1001//35 1002//35
f 1002//35 1001//35 1003//35
f 1002//35 1003//35 1004//35
f 1004//35 1003//35 1005//35
f 1004//35 1005//35 1006//35
f 1006//35 1005//35 1007//35
f 1006//35 1007//35 1008//35
f 1008//35 1007//35 1009//35
f 1008//35 1009//35 1010//35
f 1010//35 1009//35 1011//35
f 1010//35 1011//35 1012//35
f 1012//35 1011//35 1013//35
f 1012//35 1013//35 1014//35
f 1014//35 1013//35 1015//35
f 1014//35 1015//35 1016//35
f 1016//35 1015//35 1017//35
f 1016//35 1017//35 1018//35
f 619//35 1019//35 618//35
f 618//35 1019//35 1020//35
f 618//35 1020//35 1021//35
f 620//35 1022//35 619//35
f 619//35 1022//35 1023//35
f 619//35 1023//35 1024//35
f 621//35 1025//35 620//35
f 620//35 1025//35 1026//35
f 620//35 1026//35 1027//35
f 622//35 1028//35 621//35
f 621//35 1028//35 1029//35
f 621//35 1029//35 1030//35
f 623//35 1031//35 622//35
f 622//35 1031//35 1032//35
f 622//35 1032//35 1033//35
f 624//35 1034//35 623//35
f 623//35 1034//35 1035//35
f 623//35 1035//35 1036//35
f 625//35 1037//35 624//35
f 624//35 1037//35 1038//35
f 624//35 1038//35 1039//35
f 626//35 1040//35 625//35
f 625//35 1040//35 1041//35
f 625//35 1041//35 1037//35
f 627//35 1042//35 626//35
f 626//35 1042//35 1043//35
f 626//35 1043//35 1044//35
f 628//35 1045//35 627//35
f 627//35 1045//35 1046//35
f 627//35 1046//35 1047//35
f 1047//35 1046//35 1048//35
f 1047//35 1048//35 1049//35
f 1049//35 1048//35 1050//35
f 1049//35 1050//35 1051//35
f 1051//35 1050//35 1052//35
f 1051//35 1052//35 1053//35
f 1053//35 1052//35 1054//35
f 1053//35 1054//35 1055//35
f 1055//35 1054//35 1056//35
f 1055//35 1056//35 1057//35
f 1057//35 1056//35 1058//35
f 1057//35 1058//35 1059//35
f 1059//35 1058//35 1060//35
f 1059//35 1060//35 1061//35
f 1061//35 1060//35 1062//35
f 1061//35 1062//35 1063//35
f 1063//35 1062//35 1064//35
f 1063//35 1064//35 1065//35
f 1065//35 1064//35 1066//35
f 1065//35 1066//35 1067//35
f 1067//35 1066//35 1068//35
f 1067//35 1068//35 1069//35
f 629//35 1070//35 628//35
f 628//35 1070//35 1071//35
f 628//35 1071//35 1045//35
f 630//35 1072//35 629//35
f 629//35 1072//35 1073//35
f 629//35 1073//35 1074//35
f 631//35 1075//35 630//35
f 630//35 1075//35 1076//35
f 630//35 1076//35 1077//35
f 632//35 1078//35 631//35
f 631//35 1078//35 1079//35
f 631//35 1079//35 1080//35
f 633//35 1081//35 632//35
f 632//35 1081//35 1082//35
f 632//35 1082//35 1083//35
f 634//35 1084//35 633//35
f 633//35 1084//35 1085//35
f 633//35 1085//35 1086//35
f 635//35 1087//35 634//35
f 634//35 1087//35 1088//35
f 634//35 1088//35 1089//35
f 1089//35 1088//35 1090//35
f 1090//35 1088//35 1091//35
f 1090//35 1091//35 1092//35
f 1092//35 1091//35 1093//35
f 1092//35 1093//35 1094//35
f 1094//35 1093//35 1095//35
f 1094//35 1095//35 1096//35
f 1096//35 1095//35 1097//35
f 1096//35 1097//35 1098//35
f 636//35 1099//35 635//35
f 635//35 1099//35 1100//35
f 635//35 1100//35 1101//35
f 511//35 1102//35 636//35
f 636//35 1102//35 1103//35
f 636//35 1103//35 1104//35
f 503//35 1105//35 511//35
f 511//35 1105//35 1106//35
f 511//35 1106//35 1102//35
f 497//35 1107//35 503//35
f 503//35 1107//35 1108//35
f 503//35 1108//35 1109//35
f 492//35 1110//35 497//35
f 497//35 1110//35 1111//35
f 497//35 1111//35 1112//35
f 487//35 1113//35 492//35
f 492//35 1113//35 1114//35
f 492//35 1114//35 1115//35
f 480//35 1116//35 487//35
f 487//35 1116//35 1117//35
f 487//35 1117//35 1118//35
f 473//35 1119//35 480//35
f 480//35 1119//35 1120//35
f 480//35 1120//35 1121//35
f 472//35 1122//35 473//35
f 473//35 1122//35 1123//35
f 473//35 1123//35 1124//35
f 471//35 1125//35 472//35
f 472//35 1125//35 1126//35
f 472//35 1126//35 1127//35
f 1127//35 1126//35 1128//35
f 1128//35 1126//35 1129//35
f 1128//35 1129//35 1130//35
f 1130//35 1129//35 1131//35
f 1130//35 1131//35 1132//35
f 1132//35 1131//35 1133//35
f 1132//35 1133//35 1134//35
f 1134//35 1133//35 1135//35
f 1134//35 1135//35 1136//35
f 470//35 1137//35 471//35
f 471//35 1137//35 1138//35
f 471//35 1138//35 1139//35
f 469//35 1140//35 470//35
f 470//35 1140//35 1141//35
f 470//35 1141//35 1142//35
f 468//35 1143//35 469//35
f 469//35 1143//35 1144//35
f 469//35 1144//35 1140//35
f 467//35 1145//35 468//35
f 468//35 1145//35 1146//35
f 468//35 1146//35 1147//35
f 466//35 1148//35 467//35
f 467//35 1148//35 1149//35
f 467//35 1149//35 1150//35
f 465//35 1151//35 466//35
f 466//35 1151//35 1152//35
f 466//35 1152//35 1148//35
f 464//35 1153//35 465//35
f 465//35 1153//35 1154//35
f 465//35 1154//35 1155//35
f 463//35 1156//35 464//35
f 464//35 1156//35 1157//35
f 464//35 1157//35 1158//35
f 462//35 1159//35 463//35
f 463//35 1159//35 1160//35
f 463//35 1160//35 1161//35
f 461//35 1162//35 462//35
f 462//35 1162//35 1163//35
f 462//35 1163//35 1164//35
f 1164//35 1163//35 1165//35
f 1165//35 1163//35 1166//35
f 1165//35 1166//35 1167//35
f 460//35 1168//35 461//35
f 461//35 1168//35 1169//35
f 461//35 1169//35 1170//35
f 459//35 1171//35 460//35
f 460//35 1171//35 1172//35
f 460//35 1172//35 1173//35
f 458//35 1174//35 459//35
f 459//35 1174//35 1175//35
f 459//35 1175//35 1171//35
f 457//35 1176//35 458//35
f 458//35 1176//35 1177//35
f 458//35 1177//35 1178//35
f 456//35 1179//35 457//35
f 457//35 1179//35 1180//35
f 457//35 1180//35 1181//35
f 455//35 1182//35 456//35
f 456//35 1182//35 1183//35
f 456//35 1183//35 1179//35
f 454//35 1184//35 455//35
f 455//35 1184//35 1185//35
f 455//35 1185//35 1186//35
f 1187//35 1188//35 1189//35
f 1189//35 1188//35 1190//35
f 1189//35 1190//35 1191//35
f 1191//35 1190//35 1192//35
f 1191//35 1192//35 1193//35
f 1193//35 1192//35 1080//35
f 1080//35 1192//35 1194//35
f 1080//35 1194//35 631//35
f 631//35 1194//35 1075//35
f 1188//35 1187//35 1195//35
f 1195//35 1187//35 1196//35
f 1195//35 1196//35 1197//35
f 1197//35 1196//35 1198//35
f 1197//35 1198//35 1199//35
f 1199//35 1198//35 1200//35
f 1199//35 1200//35 1201//35
f 1201//35 1200//35 1202//35
f 1201//35 1202//35 1203//35
f 1203//35 1202//35 1204//35
f 1203//35 1204//35 1205//35
f 1205//35 1204//35 1206//35
f 1205//35 1206//35 1207//35
f 1207//35 1206//35 1208//35
f 1207//35 1208//35 1209//35
f 1210//35 1211//35 1206//35
f 1206//35 1211//35 1208//35
f 1077//35 1072//35 630//35
f 1074//35 1212//35 629//35
f 629//35 1212//35 1213//35
f 629//35 1213//35 1214//35
f 1214//35 1070//35 629//35
f 1215//35 1216//35 1066//35
f 1066//35 1216//35 1068//35
f 1047//35 1217//35 627//35
f 627//35 1217//35 1218//35
f 627//35 1218//35 1042//35
f 1044//35 1219//35 626//35
f 626//35 1219//35 1220//35
f 626//35 1220//35 1221//35
f 1221//35 1040//35 626//35
f 624//35 1039//35 1222//35
f 1222//35 1039//35 1223//35
f 1222//35 1223//35 1224//35
f 1224//35 1223//35 1225//35
f 1224//35 1225//35 1226//35
f 1226//35 1225//35 1227//35
f 1226//35 1227//35 1228//35
f 1228//35 1227//35 1229//35
f 1228//35 1229//35 1230//35
f 1230//35 1229//35 1231//35
f 1230//35 1231//35 1232//35
f 1232//35 1231//35 1233//35
f 1232//35 1233//35 1234//35
f 1234//35 1233//35 1235//35
f 1234//35 1235//35 1236//35
f 1236//35 1235//35 1237//35
f 1236//35 1237//35 1238//35
f 1238//35 1237//35 1239//35
f 1238//35 1239//35 1240//35
f 1240//35 1239//35 1241//35
f 1240//35 1241//35 1242//35
f 1242//35 1241//35 1243//35
f 1242//35 1243//35 1244//35
f 1245//35 1246//35 1241//35
f 1241//35 1246//35 1243//35
f 1222//35 1247//35 624//35
f 624//35 1247//35 1034//35
f 1036//35 1031//35 623//35
f 1033//35 1248//35 622//35
f 622//35 1248//35 1249//35
f 622//35 1249//35 1028//35
f 1030//35 1250//35 621//35
f 621//35 1250//35 1251//35
f 621//35 1251//35 1025//35
f 1250//35 1252//35 1251//35
f 1251//35 1252//35 1253//35
f 1253//35 1252//35 1254//35
f 1253//35 1254//35 1255//35
f 1255//35 1254//35 1256//35
f 1255//35 1256//35 1257//35
f 1257//35 1256//35 1258//35
f 1257//35 1258//35 1259//35
f 1259//35 1258//35 1260//35
f 1259//35 1260//35 1261//35
f 1261//35 1260//35 1262//35
f 1261//35 1262//35 1263//35
f 1263//35 1262//35 1264//35
f 1263//35 1264//35 1265//35
f 1265//35 1264//35 1266//35
f 1265//35 1266//35 1267//35
f 1267//35 1266//35 1268//35
f 1267//35 1268//35 1269//35
f 1269//35 1268//35 1270//35
f 1269//35 1270//35 1271//35
f 1271//35 1270//35 1272//35
f 1271//35 1272//35 1273//35
f 1274//35 1275//35 1270//35
f 1270//35 1275//35 1272//35
f 1027//35 1022//35 620//35
f 1024//35 1276//35 619//35
f 619//35 1276//35 1277//35
f 619//35 1277//35 1019//35
f 1021//35 993//35 618//35
f 1278//35 1279//35 1015//35
f 1015//35 1279//35 1017//35
f 995//35 1280//35 617//35
f 617//35 1280//35 990//35
f 992//35 1281//35 616//35
f 616//35 1281//35 1282//35
f 616//35 1282//35 987//35
f 989//35 984//35 615//35
f 614//35 986//35 1283//35
f 1283//35 986//35 1284//35
f 1283//35 1284//35 1285//35
f 1285//35 1284//35 1286//35
f 1285//35 1286//35 1287//35
f 1287//35 1286//35 1288//35
f 1287//35 1288//35 1289//35
f 1289//35 1288//35 1290//35
f 1289//35 1290//35 1291//35
f 1291//35 1290//35 1292//35
f 1291//35 1292//35 1293//35
f 1293//35 1292//35 1294//35
f 1293//35 1294//35 1295//35
f 1295//35 1294//35 1296//35
f 1295//35 1296//35 1297//35
f 1297//35 1296//35 1298//35
f 1297//35 1298//35 1299//35
f 1299//35 1298//35 1300//35
f 1299//35 1300//35 1301//35
f 1301//35 1300//35 1302//35
f 1301//35 1302//35 1303//35
f 1303//35 1302//35 1304//35
f 1303//35 1304//35 1305//35
f 1306//35 1307//35 1302//35
f 1302//35 1307//35 1304//35
f 1283//35 1308//35 614//35
f 614//35 1308//35 981//35
f 983//35 978//35 613//35
f 980//35 1309//35 612//35
f 612//35 1309//35 1310//35
f 612//35 1310//35 975//35
f 977//35 1311//35 611//35
f 611//35 1311//35 1312//35
f 611//35 1312//35 972//35
f 1312//35 1311//35 1313//35
f 1313//35 1311//35 1314//35
f 1313//35 1314//35 1315//35
f 1313//35 1315//35 1316//35
f 1316//35 1315//35 1317//35
f 1316//35 1317//35 1318//35
f 1318//35 1317//35 1319//35
f 1318//35 1319//35 1320//35
f 1320//35 1319//35 1321//35
f 1320//35 1321//35 1322//35
f 1322//35 1321//35 1323//35
f 1322//35 1323//35 1324//35
f 1324//35 1323//35 1325//35
f 1324//35 1325//35 1326//35
f 1326//35 1325//35 1327//35
f 1326//35 1327//35 1328//35
f 1328//35 1327//35 1329//35
f 1328//35 1329//35 1330//35
f 1330//35 1329//35 1331//35
f 1330//35 1331//35 1332//35
f 1332//35 1331//35 1333//35
f 1332//35 1333//35 1334//35
f 1335//35 1336//35 1331//35
f 1331//35 1336//35 1333//35
f 974//35 969//35 610//35
f 971//35 1337//35 609//35
f 609//35 1337//35 1338//35
f 609//35 1338//35 966//35
f 968//35 963//35 608//35
f 963//35 1339//35 964//35
f 964//35 1339//35 1340//35
f 1340//35 1339//35 1341//35
f 1341//35 1339//35 1342//35
f 1341//35 1342//35 1343//35
f 1343//35 1342//35 1344//35
f 1343//35 1344//35 1345//35
f 1345//35 1344//35 1346//35
f 1345//35 1346//35 1347//35
f 1347//35 1346//35 1348//35
f 1347//35 1348//35 1349//35
f 1347//35 1349//35 1350//35
f 1350//35 1349//35 1351//35
f 1350//35 1351//35 1352//35
f 1352//35 1351//35 1353//35
f 1352//35 1353//35 1354//35
f 1354//35 1353//35 1355//35
f 1354//35 1355//35 1356//35
f 1356//35 1355//35 1357//35
f 1356//35 1357//35 1358//35
f 1358//35 1357//35 1359//35
f 1358//35 1359//35 1360//35
f 1360//35 1359//35 1361//35
f 1360//35 1361//35 1362//35
f 1363//35 1364//35 1359//35
f 1359//35 1364//35 1361//35
f 965//35 960//35 607//35
f 962//35 1365//35 606//35
f 606//35 1365//35 1366//35
f 606//35 1366//35 957//35
f 959//35 954//35 605//35
f 1367//35 1368//35 956//35
f 956//35 1368//35 1369//35
f 956//35 1369//35 604//35
f 604//35 1369//35 1370//35
f 604//35 1370//35 951//35
f 1368//35 1367//35 1371//35
f 1371//35 1367//35 1372//35
f 1371//35 1372//35 1373//35
f 1373//35 1372//35 1374//35
f 1373//35 1374//35 1375//35
f 1375//35 1374//35 1376//35
f 1375//35 1376//35 1377//35
f 1375//35 1377//35 1378//35
f 1378//35 1377//35 1379//35
f 1378//35 1379//35 1380//35
f 1380//35 1379//35 1381//35
f 1380//35 1381//35 1382//35
f 1382//35 1381//35 1383//35
f 1382//35 1383//35 1384//35
f 1384//35 1383//35 1385//35
f 1384//35 1385//35 1386//35
f 1386//35 1385//35 1387//35
f 1386//35 1387//35 1388//35
f 1388//35 1387//35 1389//35
f 1388//35 1389//35 1390//35
f 1391//35 1392//35 1387//35
f 1387//35 1392//35 1389//35
f 953//35 948//35 603//35
f 950//35 1393//35 602//35
f 602//35 1393//35 1394//35
f 602//35 1394//35 945//35
f 947//35 1395//35 601//35
f 601//35 1395//35 1396//35
f 601//35 1396//35 942//35
f 1396//35 1395//35 1397//35
f 1397//35 1395//35 1398//35
f 1397//35 1398//35 1399//35
f 1399//35 1398//35 1400//35
f 1399//35 1400//35 1401//35
f 1401//35 1400//35 1402//35
f 1401//35 1402//35 1403//35
f 1403//35 1402//35 1404//35
f 1403//35 1404//35 1405//35
f 1403//35 1405//35 1406//35
f 1406//35 1405//35 1407//35
f 1406//35 1407//35 1408//35
f 1408//35 1407//35 1409//35
f 1408//35 1409//35 1410//35
f 1410//35 1409//35 1411//35
f 1410//35 1411//35 1412//35
f 1412//35 1411//35 1413//35
f 1412//35 1413//35 1414//35
f 1414//35 1413//35 1415//35
f 1414//35 1415//35 1416//35
f 1416//35 1415//35 1417//35
f 1416//35 1417//35 1418//35
f 1419//35 1420//35 1415//35
f 1415//35 1420//35 1417//35
f 944//35 939//35 564//35
f 941//35 1421//35 566//35
f 566//35 1421//35 1422//35
f 566//35 1422//35 936//35
f 938//35 924//35 574//35
f 933//35 935//35 1423//35
f 1423//35 935//35 1424//35
f 1423//35 1424//35 1425//35
f 1425//35 1424//35 1426//35
f 1425//35 1426//35 1427//35
f 1427//35 1426//35 1428//35
f 1427//35 1428//35 1429//35
f 1429//35 1428//35 1430//35
f 1429//35 1430//35 1431//35
f 1431//35 1430//35 1432//35
f 1431//35 1432//35 1433//35
f 1433//35 1432//35 1434//35
f 1433//35 1434//35 1435//35
f 1436//35 1437//35 1432//35
f 1432//35 1437//35 1434//35
f 926//35 1438//35 580//35
f 580//35 1438//35 1439//35
f 580//35 1439//35 921//35
f 923//35 1440//35 585//35
f 585//35 1440//35 1441//35
f 585//35 1441//35 918//35
f 920//35 915//35 590//35
f 1442//35 1443//35 917//35
f 917//35 1443//35 1444//35
f 917//35 1444//35 530//35
f 530//35 1444//35 1445//35
f 530//35 1445//35 912//35
f 1443//35 1442//35 1446//35
f 1446//35 1442//35 1447//35
f 1446//35 1447//35 1448//35
f 1448//35 1447//35 1449//35
f 1448//35 1449//35 1450//35
f 1450//35 1449//35 1451//35
f 1450//35 1451//35 1452//35
f 1450//35 1452//35 1453//35
f 1453//35 1452//35 1454//35
f 1453//35 1454//35 1455//35
f 1455//35 1454//35 1456//35
f 1455//35 1456//35 1457//35
f 1457//35 1456//35 1458//35
f 1457//35 1458//35 1459//35
f 1459//35 1458//35 1460//35
f 1459//35 1460//35 1461//35
f 1461//35 1460//35 1462//35
f 1461//35 1462//35 1463//35
f 1463//35 1462//35 1464//35
f 1463//35 1464//35 1465//35
f 1466//35 1467//35 1462//35
f 1462//35 1467//35 1464//35
f 914//35 909//35 529//35
f 911//35 1468//35 528//35
f 528//35 1468//35 1469//35
f 528//35 1469//35 906//35
f 908//35 1470//35 527//35
f 527//35 1470//35 1471//35
f 527//35 1471//35 903//35
f 1471//35 1470//35 1472//35
f 1472//35 1470//35 1473//35
f 1472//35 1473//35 1474//35
f 1474//35 1473//35 1475//35
f 1474//35 1475//35 1476//35
f 1476//35 1475//35 1477//35
f 1476//35 1477//35 1478//35
f 1478//35 1477//35 1479//35
f 1478//35 1479//35 1480//35
f 1478//35 1480//35 1481//35
f 1481//35 1480//35 1482//35
f 1481//35 1482//35 1483//35
f 1483//35 1482//35 1484//35
f 1483//35 1484//35 1485//35
f 1485//35 1484//35 1486//35
f 1485//35 1486//35 1487//35
f 1487//35 1486//35 1488//35
f 1487//35 1488//35 1489//35
f 1489//35 1488//35 1490//35
f 1489//35 1490//35 1491//35
f 1491//35 1490//35 1492//35
f 1491//35 1492//35 1493//35
f 1494//35 1495//35 1490//35
f 1490//35 1495//35 1492//35
f 905//35 900//35 526//35
f 902//35 1496//35 525//35
f 525//35 1496//35 1497//35
f 525//35 1497//35 897//35
f 899//35 891//35 524//35
f 894//35 896//35 1498//35
f 1498//35 896//35 1499//35
f 1498//35 1499//35 1500//35
f 1500//35 1499//35 1501//35
f 1500//35 1501//35 1502//35
f 1502//35 1501//35 1503//35
f 1502//35 1503//35 1504//35
f 1504//35 1503//35 1505//35
f 1504//35 1505//35 1506//35
f 1506//35 1505//35 1507//35
f 1506//35 1507//35 1508//35
f 1508//35 1507//35 1509//35
f 1508//35 1509//35 1510//35
f 1510//35 1509//35 1511//35
f 1510//35 1511//35 1512//35
f 1512//35 1511//35 1513//35
f 1512//35 1513//35 1514//35
f 1514//35 1513//35 1515//35
f 1514//35 1515//35 1516//35
f 1517//35 1518//35 1513//35
f 1513//35 1518//35 1515//35
f 893//35 1519//35 523//35
f 523//35 1519//35 1520//35
f 523//35 1520//35 888//35
f 890//35 1521//35 522//35
f 522//35 1521//35 1522//35
f 522//35 1522//35 885//35
f 887//35 882//35 521//35
f 520//35 884//35 1523//35
f 1523//35 884//35 1524//35
f 1523//35 1524//35 1525//35
f 1525//35 1524//35 1526//35
f 1525//35 1526//35 1527//35
f 1527//35 1526//35 1528//35
f 1527//35 1528//35 1529//35
f 1529//35 1528//35 1530//35
f 1529//35 1530//35 1531//35
f 1531//35 1530//35 1532//35
f 1531//35 1532//35 1533//35
f 1533//35 1532//35 1534//35
f 1533//35 1534//35 1535//35
f 1535//35 1534//35 1536//35
f 1535//35 1536//35 1537//35
f 1537//35 1536//35 1538//35
f 1537//35 1538//35 1539//35
f 1539//35 1538//35 1540//35
f 1539//35 1540//35 1541//35
f 1541//35 1540//35 1542//35
f 1541//35 1542//35 1543//35
f 1543//35 1542//35 1544//35
f 1543//35 1544//35 1545//35
f 1546//35 1547//35 1542//35
f 1542//35 1547//35 1544//35
f 1523//35 1548//35 520//35
f 520//35 1548//35 879//35
f 881//35 876//35 519//35
f 878//35 1549//35 518//35
f 518//35 1549//35 1550//35
f 518//35 1550//35 873//35
f 875//35 1551//35 517//35
f 517//35 1551//35 1552//35
f 517//35 1552//35 870//35
f 1551//35 1553//35 1552//35
f 1552//35 1553//35 1554//35
f 1554//35 1553//35 1555//35
f 1554//35 1555//35 1556//35
f 1556//35 1555//35 1557//35
f 1556//35 1557//35 1558//35
f 1558//35 1557//35 1559//35
f 1558//35 1559//35 1560//35
f 1560//35 1559//35 1561//35
f 1560//35 1561//35 1562//35
f 1562//35 1561//35 1563//35
f 1562//35 1563//35 1564//35
f 1564//35 1563//35 1565//35
f 1564//35 1565//35 1566//35
f 1566//35 1565//35 1567//35
f 1566//35 1567//35 1568//35
f 1568//35 1567//35 1569//35
f 1568//35 1569//35 1570//35
f 1570//35 1569//35 1571//35
f 1570//35 1571//35 1572//35
f 1572//35 1571//35 1573//35
f 1572//35 1573//35 1574//35
f 1575//35 1576//35 1571//35
f 1571//35 1576//35 1573//35
f 872//35 867//35 516//35
f 869//35 1577//35 515//35
f 515//35 1577//35 1578//35
f 515//35 1578//35 864//35
f 866//35 839//35 514//35
f 1579//35 1580//35 860//35
f 860//35 1580//35 862//35
f 841//35 1581//35 513//35
f 513//35 1581//35 1582//35
f 513//35 1582//35 836//35
f 838//35 1583//35 453//35
f 453//35 1583//35 1584//35
f 453//35 1584//35 833//35
f 835//35 1184//35 454//35
f 455//35 1186//35 1585//35
f 1585//35 1186//35 1586//35
f 1585//35 1586//35 1587//35
f 1587//35 1586//35 1588//35
f 1587//35 1588//35 1589//35
f 1589//35 1588//35 1590//35
f 1589//35 1590//35 1591//35
f 1591//35 1590//35 1592//35
f 1591//35 1592//35 1593//35
f 1593//35 1592//35 1594//35
f 1593//35 1594//35 1595//35
f 1595//35 1594//35 1596//35
f 1595//35 1596//35 1597//35
f 1597//35 1596//35 1598//35
f 1597//35 1598//35 1599//35
f 1599//35 1598//35 1600//35
f 1599//35 1600//35 1601//35
f 1601//35 1600//35 1602//35
f 1601//35 1602//35 1603//35
f 1603//35 1602//35 1604//35
f 1603//35 1604//35 1605//35
f 1605//35 1604//35 1606//35
f 1605//35 1606//35 1607//35
f 1608//35 1609//35 1604//35
f 1604//35 1609//35 1606//35
f 1585//35 1610//35 455//35
f 455//35 1610//35 1182//35
f 1181//35 1611//35 457//35
f 457//35 1611//35 1612//35
f 457//35 1612//35 1613//35
f 1613//35 1176//35 457//35
f 458//35 1178//35 1174//35
f 1174//35 1178//35 1614//35
f 1174//35 1614//35 1615//35
f 1615//35 1614//35 1616//35
f 1615//35 1616//35 1617//35
f 1617//35 1616//35 1618//35
f 1617//35 1618//35 1619//35
f 1619//35 1618//35 1620//35
f 1619//35 1620//35 1621//35
f 1621//35 1620//35 1622//35
f 1621//35 1622//35 1623//35
f 1623//35 1622//35 1624//35
f 1623//35 1624//35 1625//35
f 1625//35 1624//35 1626//35
f 1625//35 1626//35 1627//35
f 1627//35 1626//35 1628//35
f 1627//35 1628//35 1629//35
f 1629//35 1628//35 1630//35
f 1629//35 1630//35 1631//35
f 1631//35 1630//35 1632//35
f 1631//35 1632//35 1633//35
f 1633//35 1632//35 1634//35
f 1633//35 1634//35 1635//35
f 1635//35 1634//35 1636//35
f 1635//35 1636//35 1637//35
f 1638//35 1639//35 1634//35
f 1634//35 1639//35 1636//35
f 1173//35 1640//35 460//35
f 460//35 1640//35 1641//35
f 460//35 1641//35 1642//35
f 1642//35 1168//35 460//35
f 1170//35 1162//35 461//35
f 1165//35 1167//35 1643//35
f 1643//35 1167//35 1644//35
f 1643//35 1644//35 1645//35
f 1645//35 1644//35 1646//35
f 1645//35 1646//35 1647//35
f 1647//35 1646//35 1648//35
f 1647//35 1648//35 1649//35
f 1649//35 1648//35 1650//35
f 1649//35 1650//35 1651//35
f 1651//35 1650//35 1652//35
f 1651//35 1652//35 1653//35
f 1653//35 1652//35 1654//35
f 1653//35 1654//35 1655//35
f 1655//35 1654//35 1656//35
f 1655//35 1656//35 1657//35
f 1657//35 1656//35 1658//35
f 1657//35 1658//35 1659//35
f 1659//35 1658//35 1660//35
f 1659//35 1660//35 1661//35
f 1662//35 1663//35 1658//35
f 1658//35 1663//35 1660//35
f 1164//35 1664//35 462//35
f 462//35 1664//35 1159//35
f 1161//35 1665//35 463//35
f 463//35 1665//35 1666//35
f 463//35 1666//35 1667//35
f 1667//35 1156//35 463//35
f 1158//35 1153//35 464//35
f 1668//35 1669//35 1155//35
f 1155//35 1669//35 1670//35
f 1155//35 1670//35 465//35
f 465//35 1670//35 1671//35
f 465//35 1671//35 1151//35
f 1669//35 1668//35 1672//35
f 1672//35 1668//35 1673//35
f 1672//35 1673//35 1674//35
f 1674//35 1673//35 1675//35
f 1674//35 1675//35 1676//35
f 1676//35 1675//35 1677//35
f 1676//35 1677//35 1678//35
f 1676//35 1678//35 1679//35
f 1679//35 1678//35 1680//35
f 1679//35 1680//35 1681//35
f 1681//35 1680//35 1682//35
f 1681//35 1682//35 1683//35
f 1683//35 1682//35 1684//35
f 1683//35 1684//35 1685//35
f 1685//35 1684//35 1686//35
f 1685//35 1686//35 1687//35
f 1687//35 1686//35 1688//35
f 1687//35 1688//35 1689//35
f 1689//35 1688//35 1690//35
f 1689//35 1690//35 1691//35
f 1692//35 1693//35 1688//35
f 1688//35 1693//35 1690//35
f 1150//35 1694//35 467//35
f 467//35 1694//35 1695//35
f 467//35 1695//35 1696//35
f 1696//35 1145//35 467//35
f 1697//35 1698//35 1147//35
f 1147//35 1698//35 1143//35
f 1147//35 1143//35 468//35
f 1698//35 1697//35 1699//35
f 1699//35 1697//35 1700//35
f 1699//35 1700//35 1701//35
f 1701//35 1700//35 1702//35
f 1701//35 1702//35 1703//35
f 1703//35 1702//35 1704//35
f 1703//35 1704//35 1705//35
f 1705//35 1704//35 1706//35
f 1705//35 1706//35 1707//35
f 1705//35 1707//35 1708//35
f 1708//35 1707//35 1709//35
f 1708//35 1709//35 1710//35
f 1710//35 1709//35 1711//35
f 1710//35 1711//35 1712//35
f 1712//35 1711//35 1713//35
f 1712//35 1713//35 1714//35
f 1714//35 1713//35 1715//35
f 1714//35 1715//35 1716//35
f 1716//35 1715//35 1717//35
f 1716//35 1717//35 1718//35
f 1718//35 1717//35 1719//35
f 1718//35 1719//35 1720//35
f 1721//35 1722//35 1717//35
f 1717//35 1722//35 1719//35
f 1142//35 1723//35 470//35
f 470//35 1723//35 1724//35
f 470//35 1724//35 1725//35
f 1725//35 1137//35 470//35
f 1139//35 1125//35 471//35
f 1134//35 1136//35 1726//35
f 1726//35 1136//35 1727//35
f 1726//35 1727//35 1728//35
f 1728//35 1727//35 1729//35
f 1728//35 1729//35 1730//35
f 1730//35 1729//35 1731//35
f 1730//35 1731//35 1732//35
f 1732//35 1731//35 1733//35
f 1732//35 1733//35 1734//35
f 1734//35 1733//35 1735//35
f 1734//35 1735//35 1736//35
f 1736//35 1735//35 1737//35
f 1736//35 1737//35 1738//35
f 1739//35 1740//35 1735//35
f 1735//35 1740//35 1737//35
f 1127//35 1741//35 472//35
f 472//35 1741//35 1122//35
f 1124//35 1742//35 473//35
f 473//35 1742//35 1743//35
f 473//35 1743//35 1119//35
f 1121//35 1744//35 480//35
f 480//35 1744//35 1116//35
f 1745//35 1746//35 1118//35
f 1118//35 1746//35 1747//35
f 1118//35 1747//35 487//35
f 487//35 1747//35 1113//35
f 1746//35 1745//35 1748//35
f 1748//35 1745//35 1749//35
f 1748//35 1749//35 1750//35
f 1750//35 1749//35 1751//35
f 1750//35 1751//35 1752//35
f 1752//35 1751//35 1753//35
f 1752//35 1753//35 1754//35
f 1752//35 1754//35 1755//35
f 1755//35 1754//35 1756//35
f 1755//35 1756//35 1757//35
f 1757//35 1756//35 1758//35
f 1757//35 1758//35 1759//35
f 1759//35 1758//35 1760//35
f 1759//35 1760//35 1761//35
f 1761//35 1760//35 1762//35
f 1761//35 1762//35 1763//35
f 1763//35 1762//35 1764//35
f 1763//35 1764//35 1765//35
f 1765//35 1764//35 1766//35
f 1765//35 1766//35 1767//35
f 1768//35 1769//35 1764//35
f 1764//35 1769//35 1766//35
f 1115//35 1110//35 492//35
f 1112//35 1770//35 497//35
f 497//35 1770//35 1771//35
f 497//35 1771//35 1772//35
f 1772//35 1107//35 497//35
f 503//35 1109//35 1773//35
f 1773//35 1109//35 1774//35
f 1773//35 1774//35 1775//35
f 1775//35 1774//35 1776//35
f 1775//35 1776//35 1777//35
f 1777//35 1776//35 1778//35
f 1777//35 1778//35 1779//35
f 1779//35 1778//35 1780//35
f 1779//35 1780//35 1781//35
f 1781//35 1780//35 1782//35
f 1781//35 1782//35 1783//35
f 1781//35 1783//35 1784//35
f 1784//35 1783//35 1785//35
f 1784//35 1785//35 1786//35
f 1786//35 1785//35 1787//35
f 1786//35 1787//35 1788//35
f 1788//35 1787//35 1789//35
f 1788//35 1789//35 1790//35
f 1790//35 1789//35 1791//35
f 1790//35 1791//35 1792//35
f 1792//35 1791//35 1793//35
f 1792//35 1793//35 1794//35
f 1794//35 1793//35 1795//35
f 1794//35 1795//35 1796//35
f 1797//35 1798//35 1793//35
f 1793//35 1798//35 1795//35
f 1773//35 1105//35 503//35
f 1104//35 1799//35 636//35
f 636//35 1799//35 1800//35
f 636//35 1800//35 1801//35
f 1801//35 1099//35 636//35
f 1101//35 1087//35 635//35
f 1096//35 1098//35 1802//35
f 1802//35 1098//35 1803//35
f 1802//35 1803//35 1804//35
f 1804//35 1803//35 1805//35
f 1804//35 1805//35 1806//35
f 1806//35 1805//35 1807//35
f 1806//35 1807//35 1808//35
f 1808//35 1807//35 1809//35
f 1808//35 1809//35 1810//35
f 1810//35 1809//35 1811//35
f 1810//35 1811//35 1812//35
f 1812//35 1811//35 1813//35
f 1812//35 1813//35 1814//35
f 1815//35 1816//35 1811//35
f 1811//35 1816//35 1813//35
f 1089//35 1817//35 634//35
f 634//35 1817//35 1084//35
f 1086//35 1818//35 633//35
f 633//35 1818//35 1081//35
f 1083//35 1819//35 632//35
f 632//35 1819//35 1820//35
f 632//35 1820//35 1078//35
f 395//35 413//35 375//35
f 375//35 413//35 418//35
f 1215//758 1821//758 1216//758
f 1216//758 1821//758 1822//758
f 1216//759 1822//759 1068//759
f 1068//759 1822//759 1823//759
f 1068//760 1823//760 1069//760
f 1069//760 1823//760 1824//760
f 1825//761 1826//761 1827//761
f 1827//762 1826//762 1055//762
f 1827//763 1055//763 1057//763
f 1826//764 1053//764 1055//764
f 1059//765 1828//765 1057//765
f 1057//766 1828//766 1829//766
f 1057//767 1829//767 1827//767
f 1828//768 1059//768 1830//768
f 1830//769 1059//769 1061//769
f 1830//770 1061//770 1831//770
f 1831//771 1061//771 1063//771
f 1831//772 1063//772 1832//772
f 1832//773 1063//773 1065//773
f 1832//774 1065//774 1833//774
f 1833//775 1065//775 1067//775
f 1833//776 1067//776 1824//776
f 1824//777 1067//777 1069//777
f 1052//778 1834//778 1054//778
f 1054//779 1834//779 1835//779
f 1054//780 1835//780 1836//780
f 1834//781 1837//781 1835//781
f 1838//782 1058//782 1836//782
f 1836//783 1058//783 1056//783
f 1836//784 1056//784 1054//784
f 1058//785 1838//785 1060//785
f 1060//786 1838//786 1839//786
f 1060//787 1839//787 1062//787
f 1062//788 1839//788 1840//788
f 1062//789 1840//789 1064//789
f 1064//790 1840//790 1841//790
f 1064//479 1841//479 1066//479
f 1066//791 1841//791 1842//791
f 1066//792 1842//792 1215//792
f 1215//793 1842//793 1821//793
f 1052//794 1050//794 1834//794
f 1834//795 1050//795 1843//795
f 1834//796 1843//796 1844//796
f 1844//797 1843//797 1845//797
f 1844//797 1845//797 1846//797
f 1846//798 1845//798 1847//798
f 1846//798 1847//798 1848//798
f 1848//799 1847//799 1849//799
f 1848//799 1849//799 1850//799
f 1850//800 1849//800 1851//800
f 1850//800 1851//800 1852//800
f 1852//801 1851//801 1853//801
f 1852//801 1853//801 1854//801
f 1854//802 1853//802 1855//802
f 1854//802 1855//802 1856//802
f 1856//803 1855//803 1857//803
f 1856//804 1857//804 1858//804
f 1858//805 1857//805 1859//805
f 1050//806 1048//806 1843//806
f 1843//807 1048//807 1845//807
f 1845//808 1048//808 1847//808
f 1847//809 1048//809 1046//809
f 1847//810 1046//810 1849//810
f 1849//811 1046//811 1045//811
f 1849//812 1045//812 1851//812
f 1851//813 1045//813 1071//813
f 1851//814 1071//814 1853//814
f 1853//815 1071//815 1070//815
f 1853//816 1070//816 1855//816
f 1855//817 1070//817 1214//817
f 1855//818 1214//818 1857//818
f 1857//819 1214//819 1213//819
f 1858//820 1860//820 1856//820
f 1856//821 1860//821 1854//821
f 1860//822 1861//822 1854//822
f 1854//823 1861//823 1852//823
f 1861//824 1862//824 1852//824
f 1852//825 1862//825 1850//825
f 1862//826 1863//826 1850//826
f 1850//827 1863//827 1848//827
f 1863//828 1864//828 1848//828
f 1848//829 1864//829 1846//829
f 1846//830 1864//830 1844//830
f 1844//831 1864//831 1865//831
f 1844//832 1865//832 1837//832
f 1837//796 1834//796 1844//796
f 1044//833 1043//833 1866//833
f 1866//834 1043//834 1867//834
f 1866//835 1867//835 1868//835
f 1868//836 1867//836 1869//836
f 1868//836 1869//836 1870//836
f 1870//837 1869//837 1871//837
f 1870//837 1871//837 1872//837
f 1872//838 1871//838 1873//838
f 1872//838 1873//838 1874//838
f 1874//839 1873//839 1875//839
f 1874//839 1875//839 1876//839
f 1876//840 1875//840 1877//840
f 1876//840 1877//840 1878//840
f 1878//841 1877//841 1879//841
f 1878//841 1879//841 1880//841
f 1880//842 1879//842 1826//842
f 1880//843 1826//843 1881//843
f 1881//844 1826//844 1825//844
f 1043//845 1042//845 1867//845
f 1867//846 1042//846 1869//846
f 1869//847 1042//847 1871//847
f 1871//848 1042//848 1218//848
f 1871//849 1218//849 1873//849
f 1873//850 1218//850 1217//850
f 1873//851 1217//851 1875//851
f 1875//852 1217//852 1047//852
f 1875//853 1047//853 1877//853
f 1877//854 1047//854 1049//854
f 1877//855 1049//855 1879//855
f 1879//856 1049//856 1051//856
f 1879//857 1051//857 1826//857
f 1826//844 1051//844 1053//844
f 1881//858 1882//858 1880//858
f 1880//859 1882//859 1878//859
f 1882//860 1883//860 1878//860
f 1878//861 1883//861 1876//861
f 1883//862 1884//862 1876//862
f 1876//863 1884//863 1874//863
f 1884//864 1885//864 1874//864
f 1874//865 1885//865 1872//865
f 1885//866 1886//866 1872//866
f 1872//867 1886//867 1870//867
f 1870//868 1886//868 1868//868
f 1868//845 1886//845 1887//845
f 1868//869 1887//869 1888//869
f 1888//835 1866//835 1868//835
f 1889//870 1890//870 1891//870
f 1891//871 1890//871 1892//871
f 1892//872 1890//872 1221//872
f 1892//873 1221//873 1866//873
f 1866//874 1221//874 1220//874
f 1866//871 1220//871 1219//871
f 1219//875 1044//875 1866//875
f 1866//875 1888//875 1892//875
f 1245//876 1893//876 1246//876
f 1246//876 1893//876 1894//876
f 1246//877 1894//877 1243//877
f 1243//877 1894//877 1895//877
f 1243//878 1895//878 1244//878
f 1244//878 1895//878 1896//878
f 1227//879 1897//879 1229//879
f 1229//880 1897//880 1898//880
f 1229//881 1898//881 1899//881
f 1897//882 1900//882 1898//882
f 1901//883 1233//883 1899//883
f 1899//884 1233//884 1231//884
f 1899//885 1231//885 1229//885
f 1233//886 1901//886 1235//886
f 1235//887 1901//887 1902//887
f 1235//888 1902//888 1237//888
f 1237//889 1902//889 1903//889
f 1237//890 1903//890 1239//890
f 1239//891 1903//891 1904//891
f 1239//892 1904//892 1241//892
f 1241//893 1904//893 1905//893
f 1241//894 1905//894 1245//894
f 1245//895 1905//895 1893//895
f 1889//896 1906//896 1890//896
f 1890//897 1906//897 1907//897
f 1890//898 1907//898 1908//898
f 1908//899 1907//899 1909//899
f 1908//899 1909//899 1910//899
f 1910//900 1909//900 1911//900
f 1910//900 1911//900 1912//900
f 1912//901 1911//901 1913//901
f 1912//901 1913//901 1914//901
f 1914//902 1913//902 1915//902
f 1914//902 1915//902 1916//902
f 1916//903 1915//903 1917//903
f 1916//904 1917//904 1918//904
f 1918//905 1917//905 1919//905
f 1918//905 1919//905 1920//905
f 1920//906 1919//906 1897//906
f 1920//907 1897//907 1225//907
f 1225//908 1897//908 1227//908
f 1906//909 1921//909 1907//909
f 1907//910 1921//910 1909//910
f 1921//911 1922//911 1909//911
f 1909//912 1922//912 1911//912
f 1922//913 1923//913 1911//913
f 1911//914 1923//914 1913//914
f 1923//915 1924//915 1913//915
f 1913//916 1924//916 1915//916
f 1924//917 1925//917 1915//917
f 1915//918 1925//918 1917//918
f 1917//919 1925//919 1919//919
f 1919//920 1925//920 1926//920
f 1919//921 1926//921 1900//921
f 1900//906 1897//906 1919//906
f 1225//922 1223//922 1920//922
f 1920//923 1223//923 1918//923
f 1918//924 1223//924 1916//924
f 1916//925 1223//925 1039//925
f 1916//926 1039//926 1914//926
f 1914//927 1039//927 1038//927
f 1914//928 1038//928 1912//928
f 1912//929 1038//929 1037//929
f 1912//930 1037//930 1910//930
f 1910//931 1037//931 1041//931
f 1910//932 1041//932 1908//932
f 1908//933 1041//933 1040//933
f 1908//934 1040//934 1890//934
f 1890//896 1040//896 1221//896
f 1927//935 1928//935 1929//935
f 1929//936 1928//936 1230//936
f 1929//937 1230//937 1232//937
f 1928//198 1228//198 1230//198
f 1234//938 1930//938 1232//938
f 1232//939 1930//939 1931//939
f 1232//940 1931//940 1929//940
f 1930//941 1234//941 1932//941
f 1932//942 1234//942 1236//942
f 1932//943 1236//943 1933//943
f 1933//944 1236//944 1238//944
f 1933//945 1238//945 1934//945
f 1934//946 1238//946 1240//946
f 1934//947 1240//947 1935//947
f 1935//948 1240//948 1242//948
f 1935//949 1242//949 1896//949
f 1896//950 1242//950 1244//950
f 1031//951 1036//951 1936//951
f 1936//952 1036//952 1937//952
f 1936//953 1937//953 1938//953
f 1938//954 1937//954 1939//954
f 1938//954 1939//954 1940//954
f 1940//955 1939//955 1941//955
f 1940//955 1941//955 1942//955
f 1942//956 1941//956 1943//956
f 1942//956 1943//956 1944//956
f 1944//957 1943//957 1945//957
f 1944//957 1945//957 1946//957
f 1946//958 1945//958 1947//958
f 1946//958 1947//958 1948//958
f 1948//959 1947//959 1949//959
f 1948//959 1949//959 1950//959
f 1950//960 1949//960 1928//960
f 1950//961 1928//961 1951//961
f 1951//962 1928//962 1927//962
f 1036//963 1035//963 1937//963
f 1937//964 1035//964 1939//964
f 1035//965 1034//965 1939//965
f 1939//966 1034//966 1941//966
f 1034//967 1247//967 1941//967
f 1941//968 1247//968 1943//968
f 1247//969 1222//969 1943//969
f 1943//970 1222//970 1945//970
f 1222//971 1224//971 1945//971
f 1945//972 1224//972 1947//972
f 1947//973 1224//973 1949//973
f 1949//974 1224//974 1226//974
f 1949//975 1226//975 1228//975
f 1228//960 1928//960 1949//960
f 1951//976 1952//976 1950//976
f 1950//977 1952//977 1948//977
f 1948//978 1952//978 1946//978
f 1946//979 1952//979 1953//979
f 1946//980 1953//980 1944//980
f 1944//981 1953//981 1954//981
f 1944//982 1954//982 1942//982
f 1942//983 1954//983 1955//983
f 1942//984 1955//984 1940//984
f 1940//985 1955//985 1956//985
f 1940//986 1956//986 1938//986
f 1938//987 1956//987 1957//987
f 1938//988 1957//988 1936//988
f 1936//951 1957//951 1958//951
f 1959//989 1960//989 1961//989
f 1961//990 1960//990 1962//990
f 1962//991 1960//991 1248//991
f 1962//992 1248//992 1936//992
f 1936//993 1248//993 1033//993
f 1936//994 1033//994 1032//994
f 1032//995 1031//995 1936//995
f 1936//995 1958//995 1962//995
f 1274//996 1963//996 1275//996
f 1275//996 1963//996 1964//996
f 1275//997 1964//997 1272//997
f 1272//997 1964//997 1965//997
f 1272//998 1965//998 1273//998
f 1273//998 1965//998 1966//998
f 1256//999 1967//999 1258//999
f 1258//1000 1967//1000 1968//1000
f 1258//1001 1968//1001 1969//1001
f 1967//1002 1970//1002 1968//1002
f 1971//1003 1262//1003 1969//1003
f 1969//1004 1262//1004 1260//1004
f 1969//1005 1260//1005 1258//1005
f 1262//1006 1971//1006 1264//1006
f 1264//1007 1971//1007 1972//1007
f 1264//1008 1972//1008 1266//1008
f 1266//1009 1972//1009 1973//1009
f 1266//1010 1973//1010 1268//1010
f 1268//1011 1973//1011 1974//1011
f 1268//1012 1974//1012 1270//1012
f 1270//1013 1974//1013 1975//1013
f 1270//1014 1975//1014 1274//1014
f 1274//1015 1975//1015 1963//1015
f 1959//1016 1976//1016 1960//1016
f 1960//1017 1976//1017 1977//1017
f 1960//1018 1977//1018 1978//1018
f 1978//1019 1977//1019 1979//1019
f 1978//1019 1979//1019 1980//1019
f 1980//1020 1979//1020 1981//1020
f 1980//1020 1981//1020 1982//1020
f 1982//1021 1981//1021 1983//1021
f 1982//1021 1983//1021 1984//1021
f 1984//1022 1983//1022 1985//1022
f 1984//1022 1985//1022 1986//1022
f 1986//1023 1985//1023 1987//1023
f 1986//1023 1987//1023 1988//1023
f 1988//1024 1987//1024 1989//1024
f 1988//1024 1989//1024 1990//1024
f 1990//1025 1989//1025 1967//1025
f 1990//1026 1967//1026 1254//1026
f 1254//1027 1967//1027 1256//1027
f 1976//1028 1991//1028 1977//1028
f 1977//1029 1991//1029 1979//1029
f 1991//1030 1992//1030 1979//1030
f 1979//1031 1992//1031 1981//1031
f 1992//1032 1993//1032 1981//1032
f 1981//1033 1993//1033 1983//1033
f 1993//1034 1994//1034 1983//1034
f 1983//1035 1994//1035 1985//1035
f 1994//1036 1995//1036 1985//1036
f 1985//1037 1995//1037 1987//1037
f 1987//1038 1995//1038 1989//1038
f 1989//1039 1995//1039 1996//1039
f 1989//1040 1996//1040 1970//1040
f 1970//1025 1967//1025 1989//1025
f 1254//1041 1252//1041 1990//1041
f 1990//1042 1252//1042 1988//1042
f 1988//1043 1252//1043 1986//1043
f 1986//1044 1252//1044 1250//1044
f 1986//1045 1250//1045 1984//1045
f 1984//1046 1250//1046 1030//1046
f 1984//1047 1030//1047 1982//1047
f 1982//1048 1030//1048 1029//1048
f 1982//1049 1029//1049 1980//1049
f 1980//1050 1029//1050 1028//1050
f 1980//1051 1028//1051 1978//1051
f 1978//1052 1028//1052 1249//1052
f 1978//1053 1249//1053 1960//1053
f 1960//1054 1249//1054 1248//1054
f 1997//1055 1998//1055 1999//1055
f 1999//1056 1998//1056 1259//1056
f 1999//1057 1259//1057 1261//1057
f 1998//1058 1257//1058 1259//1058
f 1263//1059 2000//1059 1261//1059
f 1261//1060 2000//1060 2001//1060
f 1261//1061 2001//1061 1999//1061
f 2000//1062 1263//1062 2002//1062
f 2002//1063 1263//1063 1265//1063
f 2002//1064 1265//1064 2003//1064
f 2003//1065 1265//1065 1267//1065
f 2003//1066 1267//1066 2004//1066
f 2004//1067 1267//1067 1269//1067
f 2004//1068 1269//1068 2005//1068
f 2005//1069 1269//1069 1271//1069
f 2005//1070 1271//1070 1966//1070
f 1966//1071 1271//1071 1273//1071
f 1023//1072 1022//1072 2006//1072
f 2006//1073 1022//1073 2007//1073
f 2006//1074 2007//1074 2008//1074
f 2008//1075 2007//1075 2009//1075
f 2008//1075 2009//1075 2010//1075
f 2010//1076 2009//1076 2011//1076
f 2010//1076 2011//1076 2012//1076
f 2012//1077 2011//1077 2013//1077
f 2012//1077 2013//1077 2014//1077
f 2014//1078 2013//1078 2015//1078
f 2014//1078 2015//1078 2016//1078
f 2016//1079 2015//1079 2017//1079
f 2016//1079 2017//1079 2018//1079
f 2018//1080 2017//1080 2019//1080
f 2018//1080 2019//1080 2020//1080
f 2020//1081 2019//1081 1998//1081
f 2020//1082 1998//1082 2021//1082
f 2021//1083 1998//1083 1997//1083
f 1022//1084 1027//1084 2007//1084
f 2007//1085 1027//1085 2009//1085
f 1027//1086 1026//1086 2009//1086
f 2009//1087 1026//1087 2011//1087
f 1026//1088 1025//1088 2011//1088
f 2011//1089 1025//1089 2013//1089
f 1025//1090 1251//1090 2013//1090
f 2013//1091 1251//1091 2015//1091
f 1251//1092 1253//1092 2015//1092
f 2015//1093 1253//1093 2017//1093
f 2017//1094 1253//1094 2019//1094
f 2019//1095 1253//1095 1255//1095
f 2019//1096 1255//1096 1257//1096
f 1257//1081 1998//1081 2019//1081
f 2021//1097 2022//1097 2020//1097
f 2020//1098 2022//1098 2018//1098
f 2018//1099 2022//1099 2016//1099
f 2016//1100 2022//1100 2023//1100
f 2016//1101 2023//1101 2014//1101
f 2014//1102 2023//1102 2024//1102
f 2014//1103 2024//1103 2012//1103
f 2012//1104 2024//1104 2025//1104
f 2012//1105 2025//1105 2010//1105
f 2010//1106 2025//1106 2026//1106
f 2010//1107 2026//1107 2008//1107
f 2008//1108 2026//1108 2027//1108
f 2008//1109 2027//1109 2006//1109
f 2006//1110 2027//1110 2028//1110
f 2029//1111 2030//1111 2031//1111
f 2031//1112 2030//1112 2032//1112
f 2032//1113 2030//1113 1277//1113
f 2032//1114 1277//1114 2006//1114
f 2006//1115 1277//1115 1276//1115
f 2006//1112 1276//1112 1024//1112
f 1024//1116 1023//1116 2006//1116
f 2006//1116 2028//1116 2032//1116
f 1278//1117 2033//1117 1279//1117
f 1279//1117 2033//1117 2034//1117
f 1279//1118 2034//1118 1017//1118
f 1017//1118 2034//1118 2035//1118
f 1017//1119 2035//1119 1018//1119
f 1018//1119 2035//1119 2036//1119
f 1001//1120 2037//1120 1003//1120
f 1003//1121 2037//1121 2038//1121
f 1003//1122 2038//1122 2039//1122
f 2037//1123 2040//1123 2038//1123
f 2041//1124 1007//1124 2039//1124
f 2039//1125 1007//1125 1005//1125
f 2039//1126 1005//1126 1003//1126
f 1007//1127 2041//1127 1009//1127
f 1009//1128 2041//1128 2042//1128
f 1009//1129 2042//1129 1011//1129
f 1011//1130 2042//1130 2043//1130
f 1011//1131 2043//1131 1013//1131
f 1013//1132 2043//1132 2044//1132
f 1013//1133 2044//1133 1015//1133
f 1015//1134 2044//1134 2045//1134
f 1015//1135 2045//1135 1278//1135
f 1278//1136 2045//1136 2033//1136
f 2029//1137 2046//1137 2030//1137
f 2030//1138 2046//1138 2047//1138
f 2030//1139 2047//1139 2048//1139
f 2048//1140 2047//1140 2049//1140
f 2048//1140 2049//1140 2050//1140
f 2050//1141 2049//1141 2051//1141
f 2050//1141 2051//1141 2052//1141
f 2052//1142 2051//1142 2053//1142
f 2052//1142 2053//1142 2054//1142
f 2054//1143 2053//1143 2055//1143
f 2054//1143 2055//1143 2056//1143
f 2056//1144 2055//1144 2057//1144
f 2056//1145 2057//1145 2058//1145
f 2058//1146 2057//1146 2059//1146
f 2058//1146 2059//1146 2060//1146
f 2060//1147 2059//1147 2037//1147
f 2060//1148 2037//1148 999//1148
f 999//1149 2037//1149 1001//1149
f 2046//1150 2061//1150 2047//1150
f 2047//1151 2061//1151 2049//1151
f 2061//1152 2062//1152 2049//1152
f 2049//1153 2062//1153 2051//1153
f 2062//1154 2063//1154 2051//1154
f 2051//1155 2063//1155 2053//1155
f 2063//1156 2064//1156 2053//1156
f 2053//1157 2064//1157 2055//1157
f 2064//1158 2065//1158 2055//1158
f 2055//1159 2065//1159 2057//1159
f 2057//1160 2065//1160 2059//1160
f 2059//1161 2065//1161 2066//1161
f 2059//1162 2066//1162 2040//1162
f 2040//1147 2037//1147 2059//1147
f 999//1161 997//1161 2060//1161
f 2060//1163 997//1163 2058//1163
f 2058//1164 997//1164 2056//1164
f 2056//1165 997//1165 994//1165
f 2056//1166 994//1166 2054//1166
f 2054//1167 994//1167 993//1167
f 2054//1168 993//1168 2052//1168
f 2052//1169 993//1169 1021//1169
f 2052//1170 1021//1170 2050//1170
f 2050//1171 1021//1171 1020//1171
f 2050//1172 1020//1172 2048//1172
f 2048//1173 1020//1173 1019//1173
f 2048//1174 1019//1174 2030//1174
f 2030//1137 1019//1137 1277//1137
f 2067//1175 2068//1175 2069//1175
f 2069//1176 2068//1176 1004//1176
f 2069//1177 1004//1177 1006//1177
f 2068//1178 1002//1178 1004//1178
f 1008//1179 2070//1179 1006//1179
f 1006//1180 2070//1180 2071//1180
f 1006//1181 2071//1181 2069//1181
f 2070//1182 1008//1182 2072//1182
f 2072//1183 1008//1183 1010//1183
f 2072//1184 1010//1184 2073//1184
f 2073//1185 1010//1185 1012//1185
f 2073//1186 1012//1186 2074//1186
f 2074//1187 1012//1187 1014//1187
f 2074//1188 1014//1188 2075//1188
f 2075//1189 1014//1189 1016//1189
f 2075//1190 1016//1190 2036//1190
f 2036//1191 1016//1191 1018//1191
f 992//1192 991//1192 2076//1192
f 2076//1193 991//1193 2077//1193
f 2076//1194 2077//1194 2078//1194
f 2078//1195 2077//1195 2079//1195
f 2078//1195 2079//1195 2080//1195
f 2080//1196 2079//1196 2081//1196
f 2080//1196 2081//1196 2082//1196
f 2082//1197 2081//1197 2083//1197
f 2082//1197 2083//1197 2084//1197
f 2084//1198 2083//1198 2085//1198
f 2084//1198 2085//1198 2086//1198
f 2086//1199 2085//1199 2087//1199
f 2086//1199 2087//1199 2088//1199
f 2088//1200 2087//1200 2089//1200
f 2088//1200 2089//1200 2090//1200
f 2090//1201 2089//1201 2068//1201
f 2090//1202 2068//1202 2091//1202
f 2091//1203 2068//1203 2067//1203
f 991//1204 990//1204 2077//1204
f 2077//1205 990//1205 2079//1205
f 990//1206 1280//1206 2079//1206
f 2079//1207 1280//1207 2081//1207
f 1280//1208 995//1208 2081//1208
f 2081//1209 995//1209 2083//1209
f 995//1210 996//1210 2083//1210
f 2083//1211 996//1211 2085//1211
f 996//1212 998//1212 2085//1212
f 2085//1213 998//1213 2087//1213
f 2087//1214 998//1214 2089//1214
f 2089//1215 998//1215 1000//1215
f 2089//1216 1000//1216 1002//1216
f 1002//1201 2068//1201 2089//1201
f 2091//1215 2092//1215 2090//1215
f 2090//1217 2092//1217 2088//1217
f 2088//1218 2092//1218 2086//1218
f 2086//1219 2092//1219 2093//1219
f 2086//1220 2093//1220 2084//1220
f 2084//1221 2093//1221 2094//1221
f 2084//1222 2094//1222 2082//1222
f 2082//1223 2094//1223 2095//1223
f 2082//1224 2095//1224 2080//1224
f 2080//1225 2095//1225 2096//1225
f 2080//1226 2096//1226 2078//1226
f 2078//1227 2096//1227 2097//1227
f 2078//1228 2097//1228 2076//1228
f 2076//1229 2097//1229 2098//1229
f 2099//1230 2100//1230 2101//1230
f 2101//1231 2100//1231 2102//1231
f 2102//1232 2100//1232 987//1232
f 2102//1233 987//1233 2076//1233
f 2076//1234 987//1234 1282//1234
f 2076//1231 1282//1231 1281//1231
f 1281//1235 992//1235 2076//1235
f 2076//1235 2098//1235 2102//1235
f 1306//1236 2103//1236 1307//1236
f 1307//1236 2103//1236 2104//1236
f 1307//1237 2104//1237 1304//1237
f 1304//1237 2104//1237 2105//1237
f 1304//1238 2105//1238 1305//1238
f 1305//1238 2105//1238 2106//1238
f 1288//1239 2107//1239 1290//1239
f 1290//1240 2107//1240 2108//1240
f 1290//1241 2108//1241 2109//1241
f 2107//1242 2110//1242 2108//1242
f 2111//1243 1294//1243 2109//1243
f 2109//1244 1294//1244 1292//1244
f 2109//1245 1292//1245 1290//1245
f 1294//1246 2111//1246 1296//1246
f 1296//1247 2111//1247 2112//1247
f 1296//1248 2112//1248 1298//1248
f 1298//1249 2112//1249 2113//1249
f 1298//1250 2113//1250 1300//1250
f 1300//1251 2113//1251 2114//1251
f 1300//1252 2114//1252 1302//1252
f 1302//1253 2114//1253 2115//1253
f 1302//1254 2115//1254 1306//1254
f 1306//1255 2115//1255 2103//1255
f 2099//1256 2116//1256 2100//1256
f 2100//1257 2116//1257 2117//1257
f 2100//1258 2117//1258 2118//1258
f 2118//1259 2117//1259 2119//1259
f 2118//1259 2119//1259 2120//1259
f 2120//1260 2119//1260 2121//1260
f 2120//1260 2121//1260 2122//1260
f 2122//1261 2121//1261 2123//1261
f 2122//1261 2123//1261 2124//1261
f 2124//1262 2123//1262 2125//1262
f 2124//1263 2125//1263 2126//1263
f 2126//1264 2125//1264 2127//1264
f 2126//1264 2127//1264 2128//1264
f 2128//1265 2127//1265 2129//1265
f 2128//1265 2129//1265 2130//1265
f 2130//1266 2129//1266 2107//1266
f 2130//1267 2107//1267 1286//1267
f 1286//1268 2107//1268 1288//1268
f 2116//1269 2131//1269 2117//1269
f 2117//1270 2131//1270 2119//1270
f 2131//1271 2132//1271 2119//1271
f 2119//1272 2132//1272 2121//1272
f 2132//1273 2133//1273 2121//1273
f 2121//1274 2133//1274 2123//1274
f 2133//1275 2134//1275 2123//1275
f 2123//1276 2134//1276 2125//1276
f 2134//1277 2135//1277 2125//1277
f 2125//1278 2135//1278 2127//1278
f 2127//1279 2135//1279 2129//1279
f 2129//1280 2135//1280 2136//1280
f 2129//1281 2136//1281 2110//1281
f 2110//1266 2107//1266 2129//1266
f 1286//1282 1284//1282 2130//1282
f 2130//1283 1284//1283 2128//1283
f 2128//1284 1284//1284 2126//1284
f 2126//1285 1284//1285 986//1285
f 2126//1286 986//1286 2124//1286
f 2124//1287 986//1287 985//1287
f 2124//1288 985//1288 2122//1288
f 2122//1289 985//1289 984//1289
f 2122//1290 984//1290 2120//1290
f 2120//1291 984//1291 989//1291
f 2120//1292 989//1292 2118//1292
f 2118//1293 989//1293 988//1293
f 2118//1294 988//1294 2100//1294
f 2100//1256 988//1256 987//1256
f 2137//1295 2138//1295 2139//1295
f 2139//1296 2138//1296 1291//1296
f 2139//1297 1291//1297 1293//1297
f 2138//1298 1289//1298 1291//1298
f 1295//1299 2140//1299 1293//1299
f 1293//1300 2140//1300 2141//1300
f 1293//1301 2141//1301 2139//1301
f 2140//1302 1295//1302 2142//1302
f 2142//1303 1295//1303 1297//1303
f 2142//1304 1297//1304 2143//1304
f 2143//1305 1297//1305 1299//1305
f 2143//1306 1299//1306 2144//1306
f 2144//1307 1299//1307 1301//1307
f 2144//1308 1301//1308 2145//1308
f 2145//1309 1301//1309 1303//1309
f 2145//1310 1303//1310 2106//1310
f 2106//1311 1303//1311 1305//1311
f 978//1312 983//1312 2146//1312
f 2146//1313 983//1313 2147//1313
f 2146//1314 2147//1314 2148//1314
f 2148//1315 2147//1315 2149//1315
f 2148//1315 2149//1315 2150//1315
f 2150//1316 2149//1316 2151//1316
f 2150//1316 2151//1316 2152//1316
f 2152//1317 2151//1317 2153//1317
f 2152//1317 2153//1317 2154//1317
f 2154//1318 2153//1318 2155//1318
f 2154//1318 2155//1318 2156//1318
f 2156//1319 2155//1319 2157//1319
f 2156//1319 2157//1319 2158//1319
f 2158//1320 2157//1320 2159//1320
f 2158//1320 2159//1320 2160//1320
f 2160//1321 2159//1321 2138//1321
f 2160//1322 2138//1322 2161//1322
f 2161//1323 2138//1323 2137//1323
f 983//1324 982//1324 2147//1324
f 2147//1325 982//1325 2149//1325
f 982//1326 981//1326 2149//1326
f 2149//1327 981//1327 2151//1327
f 981//1328 1308//1328 2151//1328
f 2151//1329 1308//1329 2153//1329
f 1308//1330 1283//1330 2153//1330
f 2153//1331 1283//1331 2155//1331
f 1283//1332 1285//1332 2155//1332
f 2155//1333 1285//1333 2157//1333
f 2157//1334 1285//1334 2159//1334
f 2159//1335 1285//1335 1287//1335
f 2159//1336 1287//1336 1289//1336
f 1289//1321 2138//1321 2159//1321
f 2161//1337 2162//1337 2160//1337
f 2160//1338 2162//1338 2158//1338
f 2158//1339 2162//1339 2156//1339
f 2156//1340 2162//1340 2163//1340
f 2156//1341 2163//1341 2154//1341
f 2154//1342 2163//1342 2164//1342
f 2154//1343 2164//1343 2152//1343
f 2152//1344 2164//1344 2165//1344
f 2152//1345 2165//1345 2150//1345
f 2150//1346 2165//1346 2166//1346
f 2150//1347 2166//1347 2148//1347
f 2148//1348 2166//1348 2167//1348
f 2148//1349 2167//1349 2146//1349
f 2146//1312 2167//1312 2168//1312
f 2169//1350 2170//1350 2171//1350
f 2171//1351 2170//1351 2172//1351
f 2172//1352 2170//1352 1309//1352
f 2172//1353 1309//1353 2146//1353
f 2146//1354 1309//1354 980//1354
f 2146//1351 980//1351 979//1351
f 979//1355 978//1355 2146//1355
f 2146//1355 2168//1355 2172//1355
f 1335//1356 2173//1356 1336//1356
f 1336//1356 2173//1356 2174//1356
f 1336//1357 2174//1357 1333//1357
f 1333//1357 2174//1357 2175//1357
f 1333//1358 2175//1358 1334//1358
f 1334//1358 2175//1358 2176//1358
f 1317//1359 2177//1359 1319//1359
f 1319//1360 2177//1360 2178//1360
f 1319//1361 2178//1361 2179//1361
f 2177//1362 2180//1362 2178//1362
f 2181//1363 1323//1363 2179//1363
f 2179//1364 1323//1364 1321//1364
f 2179//1365 1321//1365 1319//1365
f 1323//1366 2181//1366 1325//1366
f 1325//1367 2181//1367 2182//1367
f 1325//1368 2182//1368 1327//1368
f 1327//1369 2182//1369 2183//1369
f 1327//1370 2183//1370 1329//1370
f 1329//1371 2183//1371 2184//1371
f 1329//1372 2184//1372 1331//1372
f 1331//1373 2184//1373 2185//1373
f 1331//1374 2185//1374 1335//1374
f 1335//1375 2185//1375 2173//1375
f 2169//1376 2186//1376 2170//1376
f 2170//1377 2186//1377 2187//1377
f 2170//1378 2187//1378 2188//1378
f 2188//1379 2187//1379 2189//1379
f 2188//1379 2189//1379 2190//1379
f 2190//1380 2189//1380 2191//1380
f 2190//1380 2191//1380 2192//1380
f 2192//1381 2191//1381 2193//1381
f 2192//1381 2193//1381 2194//1381
f 2194//1382 2193//1382 2195//1382
f 2194//1382 2195//1382 2196//1382
f 2196//1383 2195//1383 2197//1383
f 2196//1383 2197//1383 2198//1383
f 2198//1384 2197//1384 2199//1384
f 2198//1384 2199//1384 2200//1384
f 2200//1385 2199//1385 2177//1385
f 2200//1386 2177//1386 1315//1386
f 1315//1387 2177//1387 1317//1387
f 2186//1388 2201//1388 2187//1388
f 2187//1389 2201//1389 2189//1389
f 2201//1390 2202//1390 2189//1390
f 2189//1391 2202//1391 2191//1391
f 2202//1392 2203//1392 2191//1392
f 2191//1393 2203//1393 2193//1393
f 2203//1394 2204//1394 2193//1394
f 2193//1395 2204//1395 2195//1395
f 2204//1396 2205//1396 2195//1396
f 2195//1397 2205//1397 2197//1397
f 2197//1398 2205//1398 2199//1398
f 2199//1399 2205//1399 2206//1399
f 2199//1400 2206//1400 2180//1400
f 2180//1385 2177//1385 2199//1385
f 1315//1401 1314//1401 2200//1401
f 2200//1402 1314//1402 2198//1402
f 2198//1403 1314//1403 2196//1403
f 2196//1404 1314//1404 1311//1404
f 2196//1405 1311//1405 2194//1405
f 2194//1406 1311//1406 977//1406
f 2194//1407 977//1407 2192//1407
f 2192//1408 977//1408 976//1408
f 2192//1409 976//1409 2190//1409
f 2190//1410 976//1410 975//1410
f 2190//1411 975//1411 2188//1411
f 2188//1412 975//1412 1310//1412
f 2188//1413 1310//1413 2170//1413
f 2170//1376 1310//1376 1309//1376
f 2207//1414 2208//1414 2209//1414
f 2209//1415 2208//1415 1320//1415
f 2209//1416 1320//1416 1322//1416
f 2208//1417 1318//1417 1320//1417
f 1324//1418 2210//1418 1322//1418
f 1322//1419 2210//1419 2211//1419
f 1322//1420 2211//1420 2209//1420
f 2210//1421 1324//1421 2212//1421
f 2212//1422 1324//1422 1326//1422
f 2212//1423 1326//1423 2213//1423
f 2213//1424 1326//1424 1328//1424
f 2213//1425 1328//1425 2214//1425
f 2214//1426 1328//1426 1330//1426
f 2214//1427 1330//1427 2215//1427
f 2215//1428 1330//1428 1332//1428
f 2215//1429 1332//1429 2176//1429
f 2176//1430 1332//1430 1334//1430
f 970//1431 969//1431 2216//1431
f 2216//1432 969//1432 2217//1432
f 2216//1433 2217//1433 2218//1433
f 2218//1434 2217//1434 2219//1434
f 2218//1434 2219//1434 2220//1434
f 2220//1435 2219//1435 2221//1435
f 2220//1435 2221//1435 2222//1435
f 2222//1436 2221//1436 2223//1436
f 2222//1436 2223//1436 2224//1436
f 2224//1437 2223//1437 2225//1437
f 2224//1437 2225//1437 2226//1437
f 2226//1438 2225//1438 2227//1438
f 2226//1438 2227//1438 2228//1438
f 2228//1439 2227//1439 2229//1439
f 2228//1439 2229//1439 2230//1439
f 2230//1440 2229//1440 2208//1440
f 2230//1441 2208//1441 2231//1441
f 2231//1442 2208//1442 2207//1442
f 969//1443 974//1443 2217//1443
f 2217//1444 974//1444 2219//1444
f 974//1445 973//1445 2219//1445
f 2219//1446 973//1446 2221//1446
f 973//1447 972//1447 2221//1447
f 2221//1448 972//1448 2223//1448
f 972//1449 1312//1449 2223//1449
f 2223//1450 1312//1450 2225//1450
f 1312//1451 1313//1451 2225//1451
f 2225//1452 1313//1452 2227//1452
f 2227//1453 1313//1453 2229//1453
f 2229//1454 1313//1454 1316//1454
f 2229//1455 1316//1455 1318//1455
f 1318//1440 2208//1440 2229//1440
f 2231//1456 2232//1456 2230//1456
f 2230//1457 2232//1457 2228//1457
f 2228//1458 2232//1458 2226//1458
f 2226//1459 2232//1459 2233//1459
f 2226//1460 2233//1460 2224//1460
f 2224//1461 2233//1461 2234//1461
f 2224//1462 2234//1462 2222//1462
f 2222//1463 2234//1463 2235//1463
f 2222//1464 2235//1464 2220//1464
f 2220//1465 2235//1465 2236//1465
f 2220//1466 2236//1466 2218//1466
f 2218//1467 2236//1467 2237//1467
f 2218//1468 2237//1468 2216//1468
f 2216//1469 2237//1469 2238//1469
f 2239//1470 2240//1470 2241//1470
f 2241//1471 2240//1471 2242//1471
f 2242//1472 2240//1472 1338//1472
f 2242//1473 1338//1473 2216//1473
f 2216//1474 1338//1474 1337//1474
f 2216//1471 1337//1471 971//1471
f 971//1475 970//1475 2216//1475
f 2216//1475 2238//1475 2242//1475
f 1363//1476 2243//1476 1364//1476
f 1364//1476 2243//1476 2244//1476
f 1364//1477 2244//1477 1361//1477
f 1361//1477 2244//1477 2245//1477
f 1361//1478 2245//1478 1362//1478
f 1362//1478 2245//1478 2246//1478
f 1346//1479 2247//1479 1348//1479
f 1348//1480 2247//1480 2248//1480
f 1348//1481 2248//1481 2249//1481
f 2247//1482 2250//1482 2248//1482
f 2251//1483 1351//1483 2249//1483
f 2249//1484 1351//1484 1349//1484
f 2249//1485 1349//1485 1348//1485
f 1351//1486 2251//1486 1353//1486
f 1353//1487 2251//1487 2252//1487
f 1353//1488 2252//1488 1355//1488
f 1355//1489 2252//1489 2253//1489
f 1355//1490 2253//1490 1357//1490
f 1357//1491 2253//1491 2254//1491
f 1357//1492 2254//1492 1359//1492
f 1359//1493 2254//1493 2255//1493
f 1359//1494 2255//1494 1363//1494
f 1363//1495 2255//1495 2243//1495
f 2239//1496 2256//1496 2240//1496
f 2240//1497 2256//1497 2257//1497
f 2240//1498 2257//1498 2258//1498
f 2258//1499 2257//1499 2259//1499
f 2258//1499 2259//1499 2260//1499
f 2260//1500 2259//1500 2261//1500
f 2260//1500 2261//1500 2262//1500
f 2262//1501 2261//1501 2263//1501
f 2262//1501 2263//1501 2264//1501
f 2264//1502 2263//1502 2265//1502
f 2264//1502 2265//1502 2266//1502
f 2266//1503 2265//1503 2267//1503
f 2266//1503 2267//1503 2268//1503
f 2268//1504 2267//1504 2269//1504
f 2268//1504 2269//1504 2270//1504
f 2270//1505 2269//1505 2247//1505
f 2270//1506 2247//1506 1344//1506
f 1344//1507 2247//1507 1346//1507
f 2256//1508 2271//1508 2257//1508
f 2257//1509 2271//1509 2259//1509
f 2271//1510 2272//1510 2259//1510
f 2259//1511 2272//1511 2261//1511
f 2272//1512 2273//1512 2261//1512
f 2261//1513 2273//1513 2263//1513
f 2273//1514 2274//1514 2263//1514
f 2263//1515 2274//1515 2265//1515
f 2274//1516 2275//1516 2265//1516
f 2265//1517 2275//1517 2267//1517
f 2267//1518 2275//1518 2269//1518
f 2269//1519 2275//1519 2276//1519
f 2269//1520 2276//1520 2250//1520
f 2250//1505 2247//1505 2269//1505
f 1344//1521 1342//1521 2270//1521
f 2270//1522 1342//1522 2268//1522
f 2268//1523 1342//1523 2266//1523
f 2266//1524 1342//1524 1339//1524
f 2266//1525 1339//1525 2264//1525
f 2264//1526 1339//1526 963//1526
f 2264//1527 963//1527 2262//1527
f 2262//1528 963//1528 968//1528
f 2262//1529 968//1529 2260//1529
f 2260//1530 968//1530 967//1530
f 2260//1531 967//1531 2258//1531
f 2258//1532 967//1532 966//1532
f 2258//1533 966//1533 2240//1533
f 2240//1496 966//1496 1338//1496
f 2277//1534 2278//1534 2279//1534
f 2279//1535 2278//1535 1347//1535
f 2279//1536 1347//1536 1350//1536
f 2278//1537 1345//1537 1347//1537
f 1352//1538 2280//1538 1350//1538
f 1350//1539 2280//1539 2281//1539
f 1350//1540 2281//1540 2279//1540
f 2280//1541 1352//1541 2282//1541
f 2282//1542 1352//1542 1354//1542
f 2282//1543 1354//1543 2283//1543
f 2283//1544 1354//1544 1356//1544
f 2283//1545 1356//1545 2284//1545
f 2284//1546 1356//1546 1358//1546
f 2284//1547 1358//1547 2285//1547
f 2285//1548 1358//1548 1360//1548
f 2285//1549 1360//1549 2246//1549
f 2246//1550 1360//1550 1362//1550
f 962//1551 961//1551 2286//1551
f 2286//1552 961//1552 2287//1552
f 2286//1553 2287//1553 2288//1553
f 2288//1554 2287//1554 2289//1554
f 2288//1554 2289//1554 2290//1554
f 2290//1555 2289//1555 2291//1555
f 2290//1555 2291//1555 2292//1555
f 2292//1556 2291//1556 2293//1556
f 2292//1556 2293//1556 2294//1556
f 2294//1557 2293//1557 2295//1557
f 2294//1557 2295//1557 2296//1557
f 2296//1558 2295//1558 2297//1558
f 2296//1558 2297//1558 2298//1558
f 2298//1559 2297//1559 2299//1559
f 2298//1559 2299//1559 2300//1559
f 2300//1560 2299//1560 2278//1560
f 2300//1561 2278//1561 2301//1561
f 2301//1562 2278//1562 2277//1562
f 961//1563 960//1563 2287//1563
f 2287//1564 960//1564 2289//1564
f 960//1565 965//1565 2289//1565
f 2289//1566 965//1566 2291//1566
f 965//1567 964//1567 2291//1567
f 2291//1568 964//1568 2293//1568
f 964//1569 1340//1569 2293//1569
f 2293//1570 1340//1570 2295//1570
f 1340//1571 1341//1571 2295//1571
f 2295//1572 1341//1572 2297//1572
f 2297//1573 1341//1573 2299//1573
f 2299//1574 1341//1574 1343//1574
f 2299//1575 1343//1575 1345//1575
f 1345//1560 2278//1560 2299//1560
f 2301//1576 2302//1576 2300//1576
f 2300//1577 2302//1577 2298//1577
f 2298//1578 2302//1578 2296//1578
f 2296//1579 2302//1579 2303//1579
f 2296//1580 2303//1580 2294//1580
f 2294//1581 2303//1581 2304//1581
f 2294//1582 2304//1582 2292//1582
f 2292//1583 2304//1583 2305//1583
f 2292//1584 2305//1584 2290//1584
f 2290//1585 2305//1585 2306//1585
f 2290//1586 2306//1586 2288//1586
f 2288//1587 2306//1587 2307//1587
f 2288//1588 2307//1588 2286//1588
f 2286//1551 2307//1551 2308//1551
f 2309//1589 2310//1589 2311//1589
f 2311//1590 2310//1590 2312//1590
f 2312//1591 2310//1591 957//1591
f 2312//1592 957//1592 2286//1592
f 2286//1593 957//1593 1366//1593
f 2286//1590 1366//1590 1365//1590
f 1365//1594 962//1594 2286//1594
f 2286//1594 2308//1594 2312//1594
f 1391//1595 2313//1595 1392//1595
f 1392//1595 2313//1595 2314//1595
f 1392//1596 2314//1596 1389//1596
f 1389//1596 2314//1596 2315//1596
f 1389//1597 2315//1597 1390//1597
f 1390//1597 2315//1597 2316//1597
f 1374//1598 2317//1598 1376//1598
f 1376//1599 2317//1599 2318//1599
f 1376//1600 2318//1600 2319//1600
f 2317//1601 2320//1601 2318//1601
f 2321//1602 1379//1602 2319//1602
f 2319//1603 1379//1603 1377//1603
f 2319//1604 1377//1604 1376//1604
f 1379//1605 2321//1605 1381//1605
f 1381//1606 2321//1606 2322//1606
f 1381//1607 2322//1607 1383//1607
f 1383//1608 2322//1608 2323//1608
f 1383//1609 2323//1609 1385//1609
f 1385//1610 2323//1610 2324//1610
f 1385//1611 2324//1611 1387//1611
f 1387//1612 2324//1612 2325//1612
f 1387//1613 2325//1613 1391//1613
f 1391//1614 2325//1614 2313//1614
f 2309//1615 2326//1615 2310//1615
f 2310//1616 2326//1616 2327//1616
f 2310//1617 2327//1617 2328//1617
f 2328//1618 2327//1618 2329//1618
f 2328//1618 2329//1618 2330//1618
f 2330//1619 2329//1619 2331//1619
f 2330//1619 2331//1619 2332//1619
f 2332//1620 2331//1620 2333//1620
f 2332//1620 2333//1620 2334//1620
f 2334//1621 2333//1621 2335//1621
f 2334//1621 2335//1621 2336//1621
f 2336//1622 2335//1622 2337//1622
f 2336//1622 2337//1622 2338//1622
f 2338//1623 2337//1623 2339//1623
f 2338//1623 2339//1623 2340//1623
f 2340//1624 2339//1624 2317//1624
f 2340//1625 2317//1625 1372//1625
f 1372//1626 2317//1626 1374//1626
f 2326//1627 2341//1627 2327//1627
f 2327//1628 2341//1628 2329//1628
f 2341//1629 2342//1629 2329//1629
f 2329//1630 2342//1630 2331//1630
f 2342//1631 2343//1631 2331//1631
f 2331//1632 2343//1632 2333//1632
f 2343//1633 2344//1633 2333//1633
f 2333//1634 2344//1634 2335//1634
f 2344//1635 2345//1635 2335//1635
f 2335//1636 2345//1636 2337//1636
f 2337//1637 2345//1637 2339//1637
f 2339//1638 2345//1638 2346//1638
f 2339//1639 2346//1639 2320//1639
f 2320//1624 2317//1624 2339//1624
f 1372//1640 1367//1640 2340//1640
f 2340//1641 1367//1641 2338//1641
f 2338//1642 1367//1642 2336//1642
f 2336//1643 1367//1643 956//1643
f 2336//1644 956//1644 2334//1644
f 2334//1645 956//1645 955//1645
f 2334//1646 955//1646 2332//1646
f 2332//1647 955//1647 954//1647
f 2332//1648 954//1648 2330//1648
f 2330//1649 954//1649 959//1649
f 2330//1650 959//1650 2328//1650
f 2328//1651 959//1651 958//1651
f 2328//1652 958//1652 2310//1652
f 2310//1615 958//1615 957//1615
f 2347//1653 2348//1653 2349//1653
f 2349//1654 2348//1654 1375//1654
f 2349//1655 1375//1655 1378//1655
f 2348//1656 1373//1656 1375//1656
f 1380//1657 2350//1657 1378//1657
f 1378//1658 2350//1658 2351//1658
f 1378//1659 2351//1659 2349//1659
f 2350//1660 1380//1660 2352//1660
f 2352//1661 1380//1661 1382//1661
f 2352//1662 1382//1662 2353//1662
f 2353//1663 1382//1663 1384//1663
f 2353//1664 1384//1664 2354//1664
f 2354//1665 1384//1665 1386//1665
f 2354//1666 1386//1666 2355//1666
f 2355//1667 1386//1667 1388//1667
f 2355//1668 1388//1668 2316//1668
f 2316//1669 1388//1669 1390//1669
f 948//1670 953//1670 2356//1670
f 2356//1671 953//1671 2357//1671
f 2356//1672 2357//1672 2358//1672
f 2358//1673 2357//1673 2359//1673
f 2358//1673 2359//1673 2360//1673
f 2360//1674 2359//1674 2361//1674
f 2360//1674 2361//1674 2362//1674
f 2362//1675 2361//1675 2363//1675
f 2362//1675 2363//1675 2364//1675
f 2364//1676 2363//1676 2365//1676
f 2364//1676 2365//1676 2366//1676
f 2366//1677 2365//1677 2367//1677
f 2366//1677 2367//1677 2368//1677
f 2368//1678 2367//1678 2369//1678
f 2368//1678 2369//1678 2370//1678
f 2370//1679 2369//1679 2348//1679
f 2370//1680 2348//1680 2371//1680
f 2371//1681 2348//1681 2347//1681
f 953//1682 952//1682 2357//1682
f 2357//1683 952//1683 2359//1683
f 952//1684 951//1684 2359//1684
f 2359//1685 951//1685 2361//1685
f 951//1686 1370//1686 2361//1686
f 2361//1687 1370//1687 2363//1687
f 1370//1688 1369//1688 2363//1688
f 2363//1689 1369//1689 2365//1689
f 1369//1690 1368//1690 2365//1690
f 2365//1691 1368//1691 2367//1691
f 2367//1692 1368//1692 2369//1692
f 2369//1693 1368//1693 1371//1693
f 2369//1694 1371//1694 1373//1694
f 1373//1679 2348//1679 2369//1679
f 2371//1695 2372//1695 2370//1695
f 2370//1696 2372//1696 2368//1696
f 2368//1697 2372//1697 2366//1697
f 2366//1698 2372//1698 2373//1698
f 2366//1699 2373//1699 2364//1699
f 2364//1700 2373//1700 2374//1700
f 2364//1701 2374//1701 2362//1701
f 2362//1702 2374//1702 2375//1702
f 2362//1703 2375//1703 2360//1703
f 2360//1704 2375//1704 2376//1704
f 2360//1705 2376//1705 2358//1705
f 2358//1706 2376//1706 2377//1706
f 2358//1707 2377//1707 2356//1707
f 2356//1670 2377//1670 2378//1670
f 2379//1708 2380//1708 2381//1708
f 2381//1709 2380//1709 2382//1709
f 2382//1710 2380//1710 1393//1710
f 2382//1711 1393//1711 2356//1711
f 2356//1712 1393//1712 950//1712
f 2356//1709 950//1709 949//1709
f 949//1713 948//1713 2356//1713
f 2356//1713 2378//1713 2382//1713
f 1419//1714 2383//1714 1420//1714
f 1420//1714 2383//1714 2384//1714
f 1420//1715 2384//1715 1417//1715
f 1417//1715 2384//1715 2385//1715
f 1417//1716 2385//1716 1418//1716
f 1418//1716 2385//1716 2386//1716
f 1402//1717 2387//1717 1404//1717
f 1404//1718 2387//1718 2388//1718
f 1404//1719 2388//1719 2389//1719
f 2387//1720 2390//1720 2388//1720
f 2391//1721 1407//1721 2389//1721
f 2389//1722 1407//1722 1405//1722
f 2389//1723 1405//1723 1404//1723
f 1407//1724 2391//1724 1409//1724
f 1409//1725 2391//1725 2392//1725
f 1409//1726 2392//1726 1411//1726
f 1411//1727 2392//1727 2393//1727
f 1411//1728 2393//1728 1413//1728
f 1413//1729 2393//1729 2394//1729
f 1413//1730 2394//1730 1415//1730
f 1415//1731 2394//1731 2395//1731
f 1415//1732 2395//1732 1419//1732
f 1419//1733 2395//1733 2383//1733
f 2379//1734 2396//1734 2380//1734
f 2380//1735 2396//1735 2397//1735
f 2380//1736 2397//1736 2398//1736
f 2398//1737 2397//1737 2399//1737
f 2398//1737 2399//1737 2400//1737
f 2400//1738 2399//1738 2401//1738
f 2400//1738 2401//1738 2402//1738
f 2402//1739 2401//1739 2403//1739
f 2402//1739 2403//1739 2404//1739
f 2404//1740 2403//1740 2405//1740
f 2404//1740 2405//1740 2406//1740
f 2406//1741 2405//1741 2407//1741
f 2406//1742 2407//1742 2408//1742
f 2408//1743 2407//1743 2409//1743
f 2408//1743 2409//1743 2410//1743
f 2410//1744 2409//1744 2387//1744
f 2410//1745 2387//1745 1400//1745
f 1400//1746 2387//1746 1402//1746
f 2396//1747 2411//1747 2397//1747
f 2397//1748 2411//1748 2399//1748
f 2411//1749 2412//1749 2399//1749
f 2399//1750 2412//1750 2401//1750
f 2412//1751 2413//1751 2401//1751
f 2401//1752 2413//1752 2403//1752
f 2413//1753 2414//1753 2403//1753
f 2403//1754 2414//1754 2405//1754
f 2414//1755 2415//1755 2405//1755
f 2405//1756 2415//1756 2407//1756
f 2407//1757 2415//1757 2409//1757
f 2409//1758 2415//1758 2416//1758
f 2409//1759 2416//1759 2390//1759
f 2390//1744 2387//1744 2409//1744
f 1400//1760 1398//1760 2410//1760
f 2410//1761 1398//1761 2408//1761
f 2408//1762 1398//1762 2406//1762
f 2406//1763 1398//1763 1395//1763
f 2406//1764 1395//1764 2404//1764
f 2404//1765 1395//1765 947//1765
f 2404//1766 947//1766 2402//1766
f 2402//1767 947//1767 946//1767
f 2402//1768 946//1768 2400//1768
f 2400//1769 946//1769 945//1769
f 2400//1770 945//1770 2398//1770
f 2398//1771 945//1771 1394//1771
f 2398//1772 1394//1772 2380//1772
f 2380//1773 1394//1773 1393//1773
f 2417//1774 2418//1774 2419//1774
f 2419//1775 2418//1775 1403//1775
f 2419//1776 1403//1776 1406//1776
f 2418//1777 1401//1777 1403//1777
f 1408//1778 2420//1778 1406//1778
f 1406//1779 2420//1779 2421//1779
f 1406//1780 2421//1780 2419//1780
f 2420//1781 1408//1781 2422//1781
f 2422//1782 1408//1782 1410//1782
f 2422//1783 1410//1783 2423//1783
f 2423//1784 1410//1784 1412//1784
f 2423//1785 1412//1785 2424//1785
f 2424//1786 1412//1786 1414//1786
f 2424//1787 1414//1787 2425//1787
f 2425//1788 1414//1788 1416//1788
f 2425//1789 1416//1789 2386//1789
f 2386//1790 1416//1790 1418//1790
f 940//1791 939//1791 2426//1791
f 2426//1792 939//1792 2427//1792
f 2426//1793 2427//1793 2428//1793
f 2428//1794 2427//1794 2429//1794
f 2428//1794 2429//1794 2430//1794
f 2430//1795 2429//1795 2431//1795
f 2430//1795 2431//1795 2432//1795
f 2432//1796 2431//1796 2433//1796
f 2432//1796 2433//1796 2434//1796
f 2434//1797 2433//1797 2435//1797
f 2434//1797 2435//1797 2436//1797
f 2436//1798 2435//1798 2437//1798
f 2436//1798 2437//1798 2438//1798
f 2438//1799 2437//1799 2439//1799
f 2438//1799 2439//1799 2440//1799
f 2440//1800 2439//1800 2418//1800
f 2440//1801 2418//1801 2441//1801
f 2441//1802 2418//1802 2417//1802
f 939//1803 944//1803 2427//1803
f 2427//1804 944//1804 2429//1804
f 944//1805 943//1805 2429//1805
f 2429//1806 943//1806 2431//1806
f 943//1807 942//1807 2431//1807
f 2431//1808 942//1808 2433//1808
f 942//1809 1396//1809 2433//1809
f 2433//1810 1396//1810 2435//1810
f 1396//1811 1397//1811 2435//1811
f 2435//1812 1397//1812 2437//1812
f 2437//1813 1397//1813 2439//1813
f 2439//1814 1397//1814 1399//1814
f 2439//1815 1399//1815 1401//1815
f 1401//1800 2418//1800 2439//1800
f 2441//1816 2442//1816 2440//1816
f 2440//1817 2442//1817 2438//1817
f 2438//1818 2442//1818 2436//1818
f 2436//1819 2442//1819 2443//1819
f 2436//1820 2443//1820 2434//1820
f 2434//1821 2443//1821 2444//1821
f 2434//1822 2444//1822 2432//1822
f 2432//1823 2444//1823 2445//1823
f 2432//1824 2445//1824 2430//1824
f 2430//1825 2445//1825 2446//1825
f 2430//1826 2446//1826 2428//1826
f 2428//1827 2446//1827 2447//1827
f 2428//1828 2447//1828 2426//1828
f 2426//1791 2447//1791 2448//1791
f 2449//1829 2450//1829 2451//1829
f 2451//1830 2450//1830 2452//1830
f 2452//1831 2450//1831 1422//1831
f 2452//1832 1422//1832 2426//1832
f 2426//1833 1422//1833 1421//1833
f 2426//1830 1421//1830 941//1830
f 941//1834 940//1834 2426//1834
f 2426//1834 2448//1834 2452//1834
f 1436//1835 2453//1835 1437//1835
f 1437//1835 2453//1835 2454//1835
f 1437//1836 2454//1836 1434//1836
f 1434//1836 2454//1836 2455//1836
f 1434//1837 2455//1837 1435//1837
f 1435//1837 2455//1837 2456//1837
f 932//1838 2457//1838 934//1838
f 934//1839 2457//1839 2458//1839
f 934//1840 2458//1840 2459//1840
f 2457//1841 2460//1841 2458//1841
f 2461//1842 1424//1842 2459//1842
f 2459//1843 1424//1843 935//1843
f 2459//1844 935//1844 934//1844
f 1424//1845 2461//1845 1426//1845
f 1426//1846 2461//1846 2462//1846
f 1426//1847 2462//1847 1428//1847
f 1428//1848 2462//1848 2463//1848
f 1428//1849 2463//1849 1430//1849
f 1430//1850 2463//1850 2464//1850
f 1430//1851 2464//1851 1432//1851
f 1432//1852 2464//1852 2465//1852
f 1432//1853 2465//1853 1436//1853
f 1436//1854 2465//1854 2453//1854
f 2449//1855 2466//1855 2450//1855
f 2450//1856 2466//1856 2467//1856
f 2450//1857 2467//1857 2468//1857
f 2468//1858 2467//1858 2469//1858
f 2468//1858 2469//1858 2470//1858
f 2470//1859 2469//1859 2471//1859
f 2470//1859 2471//1859 2472//1859
f 2472//1860 2471//1860 2473//1860
f 2472//1860 2473//1860 2474//1860
f 2474//1861 2473//1861 2475//1861
f 2474//1861 2475//1861 2476//1861
f 2476//1862 2475//1862 2477//1862
f 2476//1862 2477//1862 2478//1862
f 2478//1863 2477//1863 2479//1863
f 2478//1863 2479//1863 2480//1863
f 2480//1864 2479//1864 2457//1864
f 2480//1865 2457//1865 930//1865
f 930//1866 2457//1866 932//1866
f 2466//1867 2481//1867 2467//1867
f 2467//1868 2481//1868 2469//1868
f 2481//1869 2482//1869 2469//1869
f 2469//1870 2482//1870 2471//1870
f 2482//1871 2483//1871 2471//1871
f 2471//1872 2483//1872 2473//1872
f 2483//1873 2484//1873 2473//1873
f 2473//1874 2484//1874 2475//1874
f 2484//1875 2485//1875 2475//1875
f 2475//1876 2485//1876 2477//1876
f 2477//1877 2485//1877 2479//1877
f 2479//1878 2485//1878 2486//1878
f 2479//1879 2486//1879 2460//1879
f 2460//1880 2457//1880 2479//1880
f 930//1881 928//1881 2480//1881
f 2480//1882 928//1882 2478//1882
f 2478//1883 928//1883 2476//1883
f 2476//1884 928//1884 925//1884
f 2476//1885 925//1885 2474//1885
f 2474//1886 925//1886 924//1886
f 2474//1887 924//1887 2472//1887
f 2472//1888 924//1888 938//1888
f 2472//1889 938//1889 2470//1889
f 2470//1890 938//1890 937//1890
f 2470//1891 937//1891 2468//1891
f 2468//1892 937//1892 936//1892
f 2468//1893 936//1893 2450//1893
f 2450//1855 936//1855 1422//1855
f 2487//1894 2488//1894 2489//1894
f 2489//1895 2488//1895 933//1895
f 2489//1896 933//1896 1423//1896
f 2488//1897 931//1897 933//1897
f 1425//1898 2490//1898 1423//1898
f 1423//1899 2490//1899 2491//1899
f 1423//1900 2491//1900 2489//1900
f 2490//1901 1425//1901 2492//1901
f 2492//1902 1425//1902 1427//1902
f 2492//1903 1427//1903 2493//1903
f 2493//1904 1427//1904 1429//1904
f 2493//1905 1429//1905 2494//1905
f 2494//1906 1429//1906 1431//1906
f 2494//1907 1431//1907 2495//1907
f 2495//1908 1431//1908 1433//1908
f 2495//1909 1433//1909 2456//1909
f 2456//1910 1433//1910 1435//1910
f 923//1911 922//1911 2496//1911
f 2496//1912 922//1912 2497//1912
f 2496//1913 2497//1913 2498//1913
f 2498//1914 2497//1914 2499//1914
f 2498//1914 2499//1914 2500//1914
f 2500//1915 2499//1915 2501//1915
f 2500//1915 2501//1915 2502//1915
f 2502//1916 2501//1916 2503//1916
f 2502//1916 2503//1916 2504//1916
f 2504//1917 2503//1917 2505//1917
f 2504//1918 2505//1918 2506//1918
f 2506//1919 2505//1919 2507//1919
f 2506//1919 2507//1919 2508//1919
f 2508//1920 2507//1920 2509//1920
f 2508//1920 2509//1920 2510//1920
f 2510//1921 2509//1921 2488//1921
f 2510//1922 2488//1922 2511//1922
f 2511//1923 2488//1923 2487//1923
f 922//1924 921//1924 2497//1924
f 2497//1925 921//1925 2499//1925
f 921//1926 1439//1926 2499//1926
f 2499//1927 1439//1927 2501//1927
f 1439//1928 1438//1928 2501//1928
f 2501//1929 1438//1929 2503//1929
f 1438//1930 926//1930 2503//1930
f 2503//1931 926//1931 2505//1931
f 926//1932 927//1932 2505//1932
f 2505//1933 927//1933 2507//1933
f 2507//1934 927//1934 2509//1934
f 2509//1935 927//1935 929//1935
f 2509//1936 929//1936 931//1936
f 931//1921 2488//1921 2509//1921
f 2511//1937 2512//1937 2510//1937
f 2510//1938 2512//1938 2508//1938
f 2508//1939 2512//1939 2506//1939
f 2506//1940 2512//1940 2513//1940
f 2506//1941 2513//1941 2504//1941
f 2504//1942 2513//1942 2514//1942
f 2504//1943 2514//1943 2502//1943
f 2502//1944 2514//1944 2515//1944
f 2502//1945 2515//1945 2500//1945
f 2500//1946 2515//1946 2516//1946
f 2500//1947 2516//1947 2498//1947
f 2498//1948 2516//1948 2517//1948
f 2498//1949 2517//1949 2496//1949
f 2496//1911 2517//1911 2518//1911
f 2519//1950 2520//1950 2521//1950
f 2521//1951 2520//1951 2522//1951
f 2522//1952 2520//1952 918//1952
f 2522//1953 918//1953 2496//1953
f 2496//1954 918//1954 1441//1954
f 2496//1951 1441//1951 1440//1951
f 1440//1955 923//1955 2496//1955
f 2496//1955 2518//1955 2522//1955
f 1466//1956 2523//1956 1467//1956
f 1467//1956 2523//1956 2524//1956
f 1467//1957 2524//1957 1464//1957
f 1464//1957 2524//1957 2525//1957
f 1464//1958 2525//1958 1465//1958
f 1465//1958 2525//1958 2526//1958
f 1449//1959 2527//1959 1451//1959
f 1451//1960 2527//1960 2528//1960
f 1451//1961 2528//1961 2529//1961
f 2527//1962 2530//1962 2528//1962
f 2531//1963 1454//1963 2529//1963
f 2529//1964 1454//1964 1452//1964
f 2529//1965 1452//1965 1451//1965
f 1454//1966 2531//1966 1456//1966
f 1456//1967 2531//1967 2532//1967
f 1456//1968 2532//1968 1458//1968
f 1458//1969 2532//1969 2533//1969
f 1458//1970 2533//1970 1460//1970
f 1460//1971 2533//1971 2534//1971
f 1460//1972 2534//1972 1462//1972
f 1462//1973 2534//1973 2535//1973
f 1462//1974 2535//1974 1466//1974
f 1466//1975 2535//1975 2523//1975
f 2519//1976 2536//1976 2520//1976
f 2520//1977 2536//1977 2537//1977
f 2520//1978 2537//1978 2538//1978
f 2538//1979 2537//1979 2539//1979
f 2538//1979 2539//1979 2540//1979
f 2540//1980 2539//1980 2541//1980
f 2540//1980 2541//1980 2542//1980
f 2542//1981 2541//1981 2543//1981
f 2542//1981 2543//1981 2544//1981
f 2544//1982 2543//1982 2545//1982
f 2544//1982 2545//1982 2546//1982
f 2546//1983 2545//1983 2547//1983
f 2546//1983 2547//1983 2548//1983
f 2548//1984 2547//1984 2549//1984
f 2548//1984 2549//1984 2550//1984
f 2550//1985 2549//1985 2527//1985
f 2550//1986 2527//1986 1447//1986
f 1447//1987 2527//1987 1449//1987
f 2536//1988 2551//1988 2537//1988
f 2537//1989 2551//1989 2539//1989
f 2551//1990 2552//1990 2539//1990
f 2539//1991 2552//1991 2541//1991
f 2552//1992 2553//1992 2541//1992
f 2541//1993 2553//1993 2543//1993
f 2553//1994 2554//1994 2543//1994
f 2543//1995 2554//1995 2545//1995
f 2554//1996 2555//1996 2545//1996
f 2545//1997 2555//1997 2547//1997
f 2547//1998 2555//1998 2549//1998
f 2549//1999 2555//1999 2556//1999
f 2549//2000 2556//2000 2530//2000
f 2530//1985 2527//1985 2549//1985
f 1447//1999 1442//1999 2550//1999
f 2550//2001 1442//2001 2548//2001
f 2548//2002 1442//2002 2546//2002
f 2546//2003 1442//2003 917//2003
f 2546//2004 917//2004 2544//2004
f 2544//2005 917//2005 916//2005
f 2544//2006 916//2006 2542//2006
f 2542//2007 916//2007 915//2007
f 2542//2008 915//2008 2540//2008
f 2540//2009 915//2009 920//2009
f 2540//2010 920//2010 2538//2010
f 2538//2011 920//2011 919//2011
f 2538//2012 919//2012 2520//2012
f 2520//2013 919//2013 918//2013
f 2557//2014 2558//2014 2559//2014
f 2559//2015 2558//2015 1450//2015
f 2559//2016 1450//2016 1453//2016
f 2558//2017 1448//2017 1450//2017
f 1455//2018 2560//2018 1453//2018
f 1453//2019 2560//2019 2561//2019
f 1453//2020 2561//2020 2559//2020
f 2560//2021 1455//2021 2562//2021
f 2562//2022 1455//2022 1457//2022
f 2562//2023 1457//2023 2563//2023
f 2563//2024 1457//2024 1459//2024
f 2563//2025 1459//2025 2564//2025
f 2564//2026 1459//2026 1461//2026
f 2564//2027 1461//2027 2565//2027
f 2565//2028 1461//2028 1463//2028
f 2565//2029 1463//2029 2526//2029
f 2526//2030 1463//2030 1465//2030
f 909//2031 914//2031 2566//2031
f 2566//2032 914//2032 2567//2032
f 2566//2033 2567//2033 2568//2033
f 2568//2034 2567//2034 2569//2034
f 2568//2034 2569//2034 2570//2034
f 2570//2035 2569//2035 2571//2035
f 2570//2035 2571//2035 2572//2035
f 2572//2036 2571//2036 2573//2036
f 2572//2036 2573//2036 2574//2036
f 2574//2037 2573//2037 2575//2037
f 2574//2037 2575//2037 2576//2037
f 2576//2038 2575//2038 2577//2038
f 2576//2039 2577//2039 2578//2039
f 2578//2040 2577//2040 2579//2040
f 2578//2040 2579//2040 2580//2040
f 2580//2041 2579//2041 2558//2041
f 2580//2042 2558//2042 2581//2042
f 2581//2043 2558//2043 2557//2043
f 914//2044 913//2044 2567//2044
f 2567//2045 913//2045 2569//2045
f 913//2046 912//2046 2569//2046
f 2569//2047 912//2047 2571//2047
f 912//2048 1445//2048 2571//2048
f 2571//2049 1445//2049 2573//2049
f 1445//2050 1444//2050 2573//2050
f 2573//2051 1444//2051 2575//2051
f 1444//2052 1443//2052 2575//2052
f 2575//2053 1443//2053 2577//2053
f 2577//2054 1443//2054 2579//2054
f 2579//2055 1443//2055 1446//2055
f 2579//2056 1446//2056 1448//2056
f 1448//2041 2558//2041 2579//2041
f 2581//2055 2582//2055 2580//2055
f 2580//2057 2582//2057 2578//2057
f 2578//2058 2582//2058 2576//2058
f 2576//2059 2582//2059 2583//2059
f 2576//2060 2583//2060 2574//2060
f 2574//2061 2583//2061 2584//2061
f 2574//2062 2584//2062 2572//2062
f 2572//2063 2584//2063 2585//2063
f 2572//2064 2585//2064 2570//2064
f 2570//2065 2585//2065 2586//2065
f 2570//2066 2586//2066 2568//2066
f 2568//2067 2586//2067 2587//2067
f 2568//2068 2587//2068 2566//2068
f 2566//2031 2587//2031 2588//2031
f 2589//2069 2590//2069 2591//2069
f 2591//2070 2590//2070 2592//2070
f 2592//2071 2590//2071 1468//2071
f 2592//2072 1468//2072 2566//2072
f 2566//2073 1468//2073 911//2073
f 2566//2070 911//2070 910//2070
f 910//2074 909//2074 2566//2074
f 2566//2074 2588//2074 2592//2074
f 1494//2075 2593//2075 1495//2075
f 1495//2075 2593//2075 2594//2075
f 1495//2076 2594//2076 1492//2076
f 1492//2076 2594//2076 2595//2076
f 1492//2077 2595//2077 1493//2077
f 1493//2077 2595//2077 2596//2077
f 1477//2078 2597//2078 1479//2078
f 1479//2079 2597//2079 2598//2079
f 1479//2080 2598//2080 2599//2080
f 2597//2081 2600//2081 2598//2081
f 2601//2082 1482//2082 2599//2082
f 2599//2083 1482//2083 1480//2083
f 2599//2084 1480//2084 1479//2084
f 1482//2085 2601//2085 1484//2085
f 1484//2086 2601//2086 2602//2086
f 1484//2087 2602//2087 1486//2087
f 1486//2088 2602//2088 2603//2088
f 1486//2089 2603//2089 1488//2089
f 1488//2090 2603//2090 2604//2090
f 1488//2091 2604//2091 1490//2091
f 1490//2092 2604//2092 2605//2092
f 1490//2093 2605//2093 1494//2093
f 1494//2094 2605//2094 2593//2094
f 2589//2095 2606//2095 2590//2095
f 2590//2096 2606//2096 2607//2096
f 2590//2097 2607//2097 2608//2097
f 2608//2098 2607//2098 2609//2098
f 2608//2098 2609//2098 2610//2098
f 2610//2099 2609//2099 2611//2099
f 2610//2099 2611//2099 2612//2099
f 2612//2100 2611//2100 2613//2100
f 2612//2100 2613//2100 2614//2100
f 2614//2101 2613//2101 2615//2101
f 2614//2101 2615//2101 2616//2101
f 2616//2102 2615//2102 2617//2102
f 2616//2102 2617//2102 2618//2102
f 2618//2103 2617//2103 2619//2103
f 2618//2103 2619//2103 2620//2103
f 2620//2104 2619//2104 2597//2104
f 2620//2105 2597//2105 1475//2105
f 1475//2106 2597//2106 1477//2106
f 2606//2107 2621//2107 2607//2107
f 2607//2108 2621//2108 2609//2108
f 2621//2109 2622//2109 2609//2109
f 2609//2110 2622//2110 2611//2110
f 2622//2111 2623//2111 2611//2111
f 2611//2112 2623//2112 2613//2112
f 2623//2113 2624//2113 2613//2113
f 2613//2114 2624//2114 2615//2114
f 2624//2115 2625//2115 2615//2115
f 2615//2116 2625//2116 2617//2116
f 2617//2117 2625//2117 2619//2117
f 2619//2118 2625//2118 2626//2118
f 2619//2119 2626//2119 2600//2119
f 2600//2104 2597//2104 2619//2104
f 1475//2120 1473//2120 2620//2120
f 2620//2121 1473//2121 2618//2121
f 2618//2122 1473//2122 2616//2122
f 2616//2123 1473//2123 1470//2123
f 2616//2124 1470//2124 2614//2124
f 2614//2125 1470//2125 908//2125
f 2614//2126 908//2126 2612//2126
f 2612//2127 908//2127 907//2127
f 2612//2128 907//2128 2610//2128
f 2610//2129 907//2129 906//2129
f 2610//2130 906//2130 2608//2130
f 2608//2131 906//2131 1469//2131
f 2608//2132 1469//2132 2590//2132
f 2590//2133 1469//2133 1468//2133
f 2627//2134 2628//2134 2629//2134
f 2629//2135 2628//2135 1478//2135
f 2629//2136 1478//2136 1481//2136
f 2628//2137 1476//2137 1478//2137
f 1483//2138 2630//2138 1481//2138
f 1481//2139 2630//2139 2631//2139
f 1481//2140 2631//2140 2629//2140
f 2630//2141 1483//2141 2632//2141
f 2632//2142 1483//2142 1485//2142
f 2632//2143 1485//2143 2633//2143
f 2633//2144 1485//2144 1487//2144
f 2633//2145 1487//2145 2634//2145
f 2634//2146 1487//2146 1489//2146
f 2634//2147 1489//2147 2635//2147
f 2635//2148 1489//2148 1491//2148
f 2635//2149 1491//2149 2596//2149
f 2596//2150 1491//2150 1493//2150
f 901//2151 900//2151 2636//2151
f 2636//2152 900//2152 2637//2152
f 2636//2153 2637//2153 2638//2153
f 2638//2154 2637//2154 2639//2154
f 2638//2154 2639//2154 2640//2154
f 2640//2155 2639//2155 2641//2155
f 2640//2155 2641//2155 2642//2155
f 2642//2156 2641//2156 2643//2156
f 2642//2156 2643//2156 2644//2156
f 2644//2157 2643//2157 2645//2157
f 2644//2157 2645//2157 2646//2157
f 2646//2158 2645//2158 2647//2158
f 2646//2158 2647//2158 2648//2158
f 2648//2159 2647//2159 2649//2159
f 2648//2160 2649//2160 2650//2160
f 2650//2161 2649//2161 2628//2161
f 2650//2162 2628//2162 2651//2162
f 2651//2163 2628//2163 2627//2163
f 900//2164 905//2164 2637//2164
f 2637//2165 905//2165 2639//2165
f 905//2166 904//2166 2639//2166
f 2639//2167 904//2167 2641//2167
f 904//2168 903//2168 2641//2168
f 2641//2169 903//2169 2643//2169
f 903//2170 1471//2170 2643//2170
f 2643//2171 1471//2171 2645//2171
f 1471//2172 1472//2172 2645//2172
f 2645//2173 1472//2173 2647//2173
f 2647//2174 1472//2174 2649//2174
f 2649//2175 1472//2175 1474//2175
f 2649//2176 1474//2176 1476//2176
f 1476//2161 2628//2161 2649//2161
f 2651//2177 2652//2177 2650//2177
f 2650//2178 2652//2178 2648//2178
f 2648//2179 2652//2179 2646//2179
f 2646//2180 2652//2180 2653//2180
f 2646//2181 2653//2181 2644//2181
f 2644//2182 2653//2182 2654//2182
f 2644//2183 2654//2183 2642//2183
f 2642//2184 2654//2184 2655//2184
f 2642//2185 2655//2185 2640//2185
f 2640//2186 2655//2186 2656//2186
f 2640//2187 2656//2187 2638//2187
f 2638//2188 2656//2188 2657//2188
f 2638//2189 2657//2189 2636//2189
f 2636//2190 2657//2190 2658//2190
f 2659//2191 2660//2191 2661//2191
f 2661//2192 2660//2192 2662//2192
f 2662//2193 2660//2193 1497//2193
f 2662//2194 1497//2194 2636//2194
f 2636//2195 1497//2195 1496//2195
f 2636//2192 1496//2192 902//2192
f 902//2196 901//2196 2636//2196
f 2636//2196 2658//2196 2662//2196
f 1517//2197 2663//2197 1518//2197
f 1518//2197 2663//2197 2664//2197
f 1518//2198 2664//2198 1515//2198
f 1515//2198 2664//2198 2665//2198
f 1515//2199 2665//2199 1516//2199
f 1516//2199 2665//2199 2666//2199
f 1499//2200 2667//2200 1501//2200
f 1501//2201 2667//2201 2668//2201
f 1501//2202 2668//2202 2669//2202
f 2667//2203 2670//2203 2668//2203
f 2671//2204 1505//2204 2669//2204
f 2669//2205 1505//2205 1503//2205
f 2669//2206 1503//2206 1501//2206
f 1505//2207 2671//2207 1507//2207
f 1507//2208 2671//2208 2672//2208
f 1507//2209 2672//2209 1509//2209
f 1509//2210 2672//2210 2673//2210
f 1509//2211 2673//2211 1511//2211
f 1511//2212 2673//2212 2674//2212
f 1511//2213 2674//2213 1513//2213
f 1513//2214 2674//2214 2675//2214
f 1513//2215 2675//2215 1517//2215
f 1517//2216 2675//2216 2663//2216
f 2659//2217 2676//2217 2660//2217
f 2660//2218 2676//2218 2677//2218
f 2660//2219 2677//2219 2678//2219
f 2678//2220 2677//2220 2679//2220
f 2678//2220 2679//2220 2680//2220
f 2680//2221 2679//2221 2681//2221
f 2680//2221 2681//2221 2682//2221
f 2682//2222 2681//2222 2683//2222
f 2682//2222 2683//2222 2684//2222
f 2684//2223 2683//2223 2685//2223
f 2684//2223 2685//2223 2686//2223
f 2686//2224 2685//2224 2687//2224
f 2686//2224 2687//2224 2688//2224
f 2688//2225 2687//2225 2689//2225
f 2688//2225 2689//2225 2690//2225
f 2690//2226 2689//2226 2667//2226
f 2690//2227 2667//2227 896//2227
f 896//2228 2667//2228 1499//2228
f 2676//2229 2691//2229 2677//2229
f 2677//2230 2691//2230 2679//2230
f 2691//2231 2692//2231 2679//2231
f 2679//2232 2692//2232 2681//2232
f 2692//2233 2693//2233 2681//2233
f 2681//2234 2693//2234 2683//2234
f 2693//2235 2694//2235 2683//2235
f 2683//2236 2694//2236 2685//2236
f 2694//2237 2695//2237 2685//2237
f 2685//2238 2695//2238 2687//2238
f 2687//2239 2695//2239 2689//2239
f 2689//2240 2695//2240 2696//2240
f 2689//2241 2696//2241 2670//2241
f 2670//2226 2667//2226 2689//2226
f 896//2242 895//2242 2690//2242
f 2690//2243 895//2243 2688//2243
f 2688//2244 895//2244 2686//2244
f 2686//2245 895//2245 892//2245
f 2686//2246 892//2246 2684//2246
f 2684//2247 892//2247 891//2247
f 2684//2248 891//2248 2682//2248
f 2682//2249 891//2249 899//2249
f 2682//2250 899//2250 2680//2250
f 2680//2251 899//2251 898//2251
f 2680//2252 898//2252 2678//2252
f 2678//2253 898//2253 897//2253
f 2678//2254 897//2254 2660//2254
f 2660//2217 897//2217 1497//2217
f 2697//2255 2698//2255 2699//2255
f 2699//2256 2698//2256 1502//2256
f 2699//2257 1502//2257 1504//2257
f 2698//2258 1500//2258 1502//2258
f 1506//2259 2700//2259 1504//2259
f 1504//2260 2700//2260 2701//2260
f 1504//2261 2701//2261 2699//2261
f 2700//2262 1506//2262 2702//2262
f 2702//2263 1506//2263 1508//2263
f 2702//2264 1508//2264 2703//2264
f 2703//2265 1508//2265 1510//2265
f 2703//2266 1510//2266 2704//2266
f 2704//2267 1510//2267 1512//2267
f 2704//2268 1512//2268 2705//2268
f 2705//2269 1512//2269 1514//2269
f 2705//2270 1514//2270 2666//2270
f 2666//2271 1514//2271 1516//2271
f 890//2272 889//2272 2706//2272
f 2706//2273 889//2273 2707//2273
f 2706//2274 2707//2274 2708//2274
f 2708//2275 2707//2275 2709//2275
f 2708//2275 2709//2275 2710//2275
f 2710//2276 2709//2276 2711//2276
f 2710//2276 2711//2276 2712//2276
f 2712//2277 2711//2277 2713//2277
f 2712//2277 2713//2277 2714//2277
f 2714//2278 2713//2278 2715//2278
f 2714//2278 2715//2278 2716//2278
f 2716//2279 2715//2279 2717//2279
f 2716//2280 2717//2280 2718//2280
f 2718//2281 2717//2281 2719//2281
f 2718//2281 2719//2281 2720//2281
f 2720//2282 2719//2282 2698//2282
f 2720//2283 2698//2283 2721//2283
f 2721//2284 2698//2284 2697//2284
f 889//2285 888//2285 2707//2285
f 2707//2286 888//2286 2709//2286
f 888//2287 1520//2287 2709//2287
f 2709//2288 1520//2288 2711//2288
f 1520//2289 1519//2289 2711//2289
f 2711//2290 1519//2290 2713//2290
f 1519//2291 893//2291 2713//2291
f 2713//2292 893//2292 2715//2292
f 893//2293 894//2293 2715//2293
f 2715//2294 894//2294 2717//2294
f 2717//2295 894//2295 2719//2295
f 2719//2296 894//2296 1498//2296
f 2719//2297 1498//2297 1500//2297
f 1500//2282 2698//2282 2719//2282
f 2721//2298 2722//2298 2720//2298
f 2720//2299 2722//2299 2718//2299
f 2718//2300 2722//2300 2716//2300
f 2716//2301 2722//2301 2723//2301
f 2716//2302 2723//2302 2714//2302
f 2714//2303 2723//2303 2724//2303
f 2714//2304 2724//2304 2712//2304
f 2712//2305 2724//2305 2725//2305
f 2712//2306 2725//2306 2710//2306
f 2710//2307 2725//2307 2726//2307
f 2710//2308 2726//2308 2708//2308
f 2708//2309 2726//2309 2727//2309
f 2708//2310 2727//2310 2706//2310
f 2706//2272 2727//2272 2728//2272
f 2729//2311 2730//2311 2731//2311
f 2731//2312 2730//2312 2732//2312
f 2732//2313 2730//2313 885//2313
f 2732//2314 885//2314 2706//2314
f 2706//2315 885//2315 1522//2315
f 2706//2312 1522//2312 1521//2312
f 1521//2316 890//2316 2706//2316
f 2706//2316 2728//2316 2732//2316
f 2733//2317 2734//2317 2735//2317
f 2735//2318 2734//2318 2736//2318
f 2736//2319 2734//2319 1549//2319
f 2736//2320 1549//2320 2737//2320
f 2737//2321 1549//2321 878//2321
f 2737//2318 878//2318 877//2318
f 877//2322 876//2322 2737//2322
f 2737//2322 2738//2322 2736//2322
f 1546//2323 2739//2323 1547//2323
f 1547//2323 2739//2323 2740//2323
f 1547//2324 2740//2324 1544//2324
f 1544//2324 2740//2324 2741//2324
f 1544//2325 2741//2325 1545//2325
f 1545//2325 2741//2325 2742//2325
f 2743//2326 2744//2326 2745//2326
f 2745//2327 2744//2327 1531//2327
f 2745//2328 1531//2328 1533//2328
f 2744//2329 1529//2329 1531//2329
f 1535//2330 2746//2330 1533//2330
f 1533//2331 2746//2331 2747//2331
f 1533//2332 2747//2332 2745//2332
f 2746//2333 1535//2333 2748//2333
f 2748//2334 1535//2334 1537//2334
f 2748//2335 1537//2335 2749//2335
f 2749//2336 1537//2336 1539//2336
f 2749//2337 1539//2337 2750//2337
f 2750//2338 1539//2338 1541//2338
f 2750//2339 1541//2339 2751//2339
f 2751//2340 1541//2340 1543//2340
f 2751//2341 1543//2341 2742//2341
f 2742//2342 1543//2342 1545//2342
f 876//2343 881//2343 2737//2343
f 2737//2344 881//2344 2752//2344
f 2737//2345 2752//2345 2753//2345
f 2753//2346 2752//2346 2754//2346
f 2753//2346 2754//2346 2755//2346
f 2755//2347 2754//2347 2756//2347
f 2755//2347 2756//2347 2757//2347
f 2757//2348 2756//2348 2758//2348
f 2757//2348 2758//2348 2759//2348
f 2759//2349 2758//2349 2760//2349
f 2759//2349 2760//2349 2761//2349
f 2761//2350 2760//2350 2762//2350
f 2761//2350 2762//2350 2763//2350
f 2763//2351 2762//2351 2764//2351
f 2763//2351 2764//2351 2765//2351
f 2765//2352 2764//2352 2744//2352
f 2765//2353 2744//2353 2766//2353
f 2766//2354 2744//2354 2743//2354
f 881//2355 880//2355 2752//2355
f 2752//2356 880//2356 2754//2356
f 880//2357 879//2357 2754//2357
f 2754//2358 879//2358 2756//2358
f 879//2359 1548//2359 2756//2359
f 2756//2360 1548//2360 2758//2360
f 1548//2361 1523//2361 2758//2361
f 2758//2362 1523//2362 2760//2362
f 1523//2363 1525//2363 2760//2363
f 2760//2364 1525//2364 2762//2364
f 2762//2365 1525//2365 2764//2365
f 2764//2366 1525//2366 1527//2366
f 2764//2367 1527//2367 1529//2367
f 1529//2352 2744//2352 2764//2352
f 2766//2368 2767//2368 2765//2368
f 2765//2369 2767//2369 2763//2369
f 2763//2370 2767//2370 2761//2370
f 2761//2371 2767//2371 2768//2371
f 2761//2372 2768//2372 2759//2372
f 2759//2373 2768//2373 2769//2373
f 2759//2374 2769//2374 2757//2374
f 2757//2375 2769//2375 2770//2375
f 2757//2376 2770//2376 2755//2376
f 2755//2377 2770//2377 2771//2377
f 2755//2378 2771//2378 2753//2378
f 2753//2379 2771//2379 2772//2379
f 2753//2380 2772//2380 2737//2380
f 2737//2381 2772//2381 2738//2381
f 1528//2382 2773//2382 1530//2382
f 1530//2383 2773//2383 2774//2383
f 1530//2384 2774//2384 2775//2384
f 2773//2385 2776//2385 2774//2385
f 2777//2386 1534//2386 2775//2386
f 2775//2387 1534//2387 1532//2387
f 2775//2388 1532//2388 1530//2388
f 1534//2389 2777//2389 1536//2389
f 1536//2390 2777//2390 2778//2390
f 1536//2391 2778//2391 1538//2391
f 1538//2392 2778//2392 2779//2392
f 1538//2393 2779//2393 1540//2393
f 1540//2394 2779//2394 2780//2394
f 1540//2395 2780//2395 1542//2395
f 1542//2396 2780//2396 2781//2396
f 1542//2397 2781//2397 1546//2397
f 1546//2398 2781//2398 2739//2398
f 2729//2399 2782//2399 2730//2399
f 2730//2400 2782//2400 2783//2400
f 2730//2401 2783//2401 2784//2401
f 2784//2402 2783//2402 2785//2402
f 2784//2402 2785//2402 2786//2402
f 2786//2403 2785//2403 2787//2403
f 2786//2403 2787//2403 2788//2403
f 2788//2404 2787//2404 2789//2404
f 2788//2404 2789//2404 2790//2404
f 2790//2405 2789//2405 2791//2405
f 2790//2405 2791//2405 2792//2405
f 2792//2406 2791//2406 2793//2406
f 2792//2406 2793//2406 2794//2406
f 2794//2407 2793//2407 2795//2407
f 2794//2407 2795//2407 2796//2407
f 2796//2408 2795//2408 2773//2408
f 2796//2409 2773//2409 1526//2409
f 1526//2410 2773//2410 1528//2410
f 2782//2411 2797//2411 2783//2411
f 2783//2412 2797//2412 2785//2412
f 2797//2413 2798//2413 2785//2413
f 2785//2414 2798//2414 2787//2414
f 2798//2415 2799//2415 2787//2415
f 2787//2416 2799//2416 2789//2416
f 2799//2417 2800//2417 2789//2417
f 2789//2418 2800//2418 2791//2418
f 2800//2419 2801//2419 2791//2419
f 2791//2420 2801//2420 2793//2420
f 2793//2421 2801//2421 2795//2421
f 2795//2422 2801//2422 2802//2422
f 2795//2423 2802//2423 2776//2423
f 2776//2408 2773//2408 2795//2408
f 1526//2424 1524//2424 2796//2424
f 2796//2425 1524//2425 2794//2425
f 2794//2426 1524//2426 2792//2426
f 2792//2427 1524//2427 884//2427
f 2792//2428 884//2428 2790//2428
f 2790//2429 884//2429 883//2429
f 2790//2430 883//2430 2788//2430
f 2788//2431 883//2431 882//2431
f 2788//2432 882//2432 2786//2432
f 2786//2433 882//2433 887//2433
f 2786//2434 887//2434 2784//2434
f 2784//2435 887//2435 886//2435
f 2784//2436 886//2436 2730//2436
f 2730//2437 886//2437 885//2437
f 1073//2438 2803//2438 1074//2438
f 1074//2439 2803//2439 1212//2439
f 1212//2440 2803//2440 1213//2440
f 1213//2441 2803//2441 2804//2441
f 1213//2442 2804//2442 1857//2442
f 1857//2439 2804//2439 2805//2439
f 1857//2443 2805//2443 1859//2443
f 2803//2438 2806//2438 2804//2438
f 1575//2444 2807//2444 1576//2444
f 1576//2444 2807//2444 2808//2444
f 1576//2445 2808//2445 1573//2445
f 1573//2445 2808//2445 2809//2445
f 1573//2446 2809//2446 1574//2446
f 1574//2446 2809//2446 2810//2446
f 2811//2447 2812//2447 2813//2447
f 2813//2448 2812//2448 1560//2448
f 2813//2449 1560//2449 1562//2449
f 2812//2450 1558//2450 1560//2450
f 1564//2451 2814//2451 1562//2451
f 1562//2452 2814//2452 2815//2452
f 1562//2453 2815//2453 2813//2453
f 2814//2454 1564//2454 2816//2454
f 2816//2455 1564//2455 1566//2455
f 2816//2456 1566//2456 2817//2456
f 2817//2457 1566//2457 1568//2457
f 2817//2458 1568//2458 2818//2458
f 2818//2459 1568//2459 1570//2459
f 2818//2460 1570//2460 2819//2460
f 2819//2461 1570//2461 1572//2461
f 2819//2462 1572//2462 2810//2462
f 2810//2463 1572//2463 1574//2463
f 868//2464 867//2464 2820//2464
f 2820//2465 867//2465 2821//2465
f 2820//2466 2821//2466 2822//2466
f 2822//2467 2821//2467 2823//2467
f 2822//2467 2823//2467 2824//2467
f 2824//2468 2823//2468 2825//2468
f 2824//2468 2825//2468 2826//2468
f 2826//2469 2825//2469 2827//2469
f 2826//2469 2827//2469 2828//2469
f 2828//2470 2827//2470 2829//2470
f 2828//2470 2829//2470 2830//2470
f 2830//2471 2829//2471 2831//2471
f 2830//2471 2831//2471 2832//2471
f 2832//2472 2831//2472 2833//2472
f 2832//2472 2833//2472 2834//2472
f 2834//2473 2833//2473 2812//2473
f 2834//2474 2812//2474 2835//2474
f 2835//2475 2812//2475 2811//2475
f 867//2476 872//2476 2821//2476
f 2821//2477 872//2477 2823//2477
f 872//2478 871//2478 2823//2478
f 2823//2479 871//2479 2825//2479
f 871//2480 870//2480 2825//2480
f 2825//2481 870//2481 2827//2481
f 870//2482 1552//2482 2827//2482
f 2827//2483 1552//2483 2829//2483
f 1552//2484 1554//2484 2829//2484
f 2829//2485 1554//2485 2831//2485
f 2831//2486 1554//2486 2833//2486
f 2833//2487 1554//2487 1556//2487
f 2833//2488 1556//2488 1558//2488
f 1558//2473 2812//2473 2833//2473
f 2835//2489 2836//2489 2834//2489
f 2834//2490 2836//2490 2832//2490
f 2832//2491 2836//2491 2830//2491
f 2830//2492 2836//2492 2837//2492
f 2830//2493 2837//2493 2828//2493
f 2828//2494 2837//2494 2838//2494
f 2828//2495 2838//2495 2826//2495
f 2826//2496 2838//2496 2839//2496
f 2826//2497 2839//2497 2824//2497
f 2824//2498 2839//2498 2840//2498
f 2824//2499 2840//2499 2822//2499
f 2822//2500 2840//2500 2841//2500
f 2822//2501 2841//2501 2820//2501
f 2820//2464 2841//2464 2842//2464
f 1557//2502 2843//2502 1559//2502
f 1559//2503 2843//2503 2844//2503
f 1559//2504 2844//2504 2845//2504
f 2843//2505 2846//2505 2844//2505
f 2847//2506 1563//2506 2845//2506
f 2845//2507 1563//2507 1561//2507
f 2845//2508 1561//2508 1559//2508
f 1563//2509 2847//2509 1565//2509
f 1565//2510 2847//2510 2848//2510
f 1565//2511 2848//2511 1567//2511
f 1567//2512 2848//2512 2849//2512
f 1567//2513 2849//2513 1569//2513
f 1569//2514 2849//2514 2850//2514
f 1569//2515 2850//2515 1571//2515
f 1571//2516 2850//2516 2851//2516
f 1571//2517 2851//2517 1575//2517
f 1575//2518 2851//2518 2807//2518
f 2733//2519 2852//2519 2734//2519
f 2734//2520 2852//2520 2853//2520
f 2734//2521 2853//2521 2854//2521
f 2854//2522 2853//2522 2855//2522
f 2854//2522 2855//2522 2856//2522
f 2856//2523 2855//2523 2857//2523
f 2856//2523 2857//2523 2858//2523
f 2858//2524 2857//2524 2859//2524
f 2858//2524 2859//2524 2860//2524
f 2860//2525 2859//2525 2861//2525
f 2860//2525 2861//2525 2862//2525
f 2862//2526 2861//2526 2863//2526
f 2862//2527 2863//2527 2864//2527
f 2864//2528 2863//2528 2865//2528
f 2864//2528 2865//2528 2866//2528
f 2866//2529 2865//2529 2843//2529
f 2866//2530 2843//2530 1555//2530
f 1555//2531 2843//2531 1557//2531
f 2852//2532 2867//2532 2853//2532
f 2853//2533 2867//2533 2855//2533
f 2867//2534 2868//2534 2855//2534
f 2855//2535 2868//2535 2857//2535
f 2868//2536 2869//2536 2857//2536
f 2857//2537 2869//2537 2859//2537
f 2869//2538 2870//2538 2859//2538
f 2859//2539 2870//2539 2861//2539
f 2870//2540 2871//2540 2861//2540
f 2861//2541 2871//2541 2863//2541
f 2863//2542 2871//2542 2865//2542
f 2865//2543 2871//2543 2872//2543
f 2865//2544 2872//2544 2846//2544
f 2846//2529 2843//2529 2865//2529
f 1555//2545 1553//2545 2866//2545
f 2866//2546 1553//2546 2864//2546
f 2864//2547 1553//2547 2862//2547
f 2862//2548 1553//2548 1551//2548
f 2862//2549 1551//2549 2860//2549
f 2860//2550 1551//2550 875//2550
f 2860//2551 875//2551 2858//2551
f 2858//2552 875//2552 874//2552
f 2858//2553 874//2553 2856//2553
f 2856//2554 874//2554 873//2554
f 2856//2555 873//2555 2854//2555
f 2854//2556 873//2556 1550//2556
f 2854//2557 1550//2557 2734//2557
f 2734//2519 1550//2519 1549//2519
f 2873//2558 2874//2558 2875//2558
f 2875//2559 2874//2559 2876//2559
f 2876//2560 2874//2560 1578//2560
f 2876//2561 1578//2561 2820//2561
f 2820//2562 1578//2562 1577//2562
f 2820//2559 1577//2559 869//2559
f 869//2563 868//2563 2820//2563
f 2820//2563 2842//2563 2876//2563
f 1579//2564 2877//2564 1580//2564
f 1580//2564 2877//2564 2878//2564
f 1580//2565 2878//2565 862//2565
f 862//2565 2878//2565 2879//2565
f 862//2566 2879//2566 863//2566
f 863//2566 2879//2566 2880//2566
f 846//2567 2881//2567 848//2567
f 848//2568 2881//2568 2882//2568
f 848//2569 2882//2569 2883//2569
f 2881//2570 2884//2570 2882//2570
f 2885//2571 852//2571 2883//2571
f 2883//2572 852//2572 850//2572
f 2883//2573 850//2573 848//2573
f 852//2574 2885//2574 854//2574
f 854//2575 2885//2575 2886//2575
f 854//2576 2886//2576 856//2576
f 856//2577 2886//2577 2887//2577
f 856//2578 2887//2578 858//2578
f 858//2579 2887//2579 2888//2579
f 858//2580 2888//2580 860//2580
f 860//2581 2888//2581 2889//2581
f 860//2582 2889//2582 1579//2582
f 1579//2583 2889//2583 2877//2583
f 2873//2584 2890//2584 2874//2584
f 2874//2585 2890//2585 2891//2585
f 2874//2586 2891//2586 2892//2586
f 2892//2587 2891//2587 2893//2587
f 2892//2587 2893//2587 2894//2587
f 2894//2588 2893//2588 2895//2588
f 2894//2588 2895//2588 2896//2588
f 2896//2589 2895//2589 2897//2589
f 2896//2589 2897//2589 2898//2589
f 2898//2590 2897//2590 2899//2590
f 2898//2590 2899//2590 2900//2590
f 2900//2591 2899//2591 2901//2591
f 2900//2591 2901//2591 2902//2591
f 2902//2592 2901//2592 2903//2592
f 2902//2593 2903//2593 2904//2593
f 2904//2594 2903//2594 2881//2594
f 2904//2595 2881//2595 844//2595
f 844//2596 2881//2596 846//2596
f 2890//2597 2905//2597 2891//2597
f 2891//2598 2905//2598 2893//2598
f 2905//2599 2906//2599 2893//2599
f 2893//2600 2906//2600 2895//2600
f 2906//2601 2907//2601 2895//2601
f 2895//2602 2907//2602 2897//2602
f 2907//2603 2908//2603 2897//2603
f 2897//2604 2908//2604 2899//2604
f 2908//2605 2909//2605 2899//2605
f 2899//2606 2909//2606 2901//2606
f 2901//2607 2909//2607 2903//2607
f 2903//2608 2909//2608 2910//2608
f 2903//2609 2910//2609 2884//2609
f 2884//2594 2881//2594 2903//2594
f 844//2610 842//2610 2904//2610
f 2904//2611 842//2611 2902//2611
f 2902//2612 842//2612 2900//2612
f 2900//2613 842//2613 840//2613
f 2900//2614 840//2614 2898//2614
f 2898//2615 840//2615 839//2615
f 2898//2616 839//2616 2896//2616
f 2896//2617 839//2617 866//2617
f 2896//2618 866//2618 2894//2618
f 2894//2619 866//2619 865//2619
f 2894//2620 865//2620 2892//2620
f 2892//2621 865//2621 864//2621
f 2892//2622 864//2622 2874//2622
f 2874//2623 864//2623 1578//2623
f 2911//2624 2912//2624 2913//2624
f 2913//2625 2912//2625 849//2625
f 2913//2626 849//2626 851//2626
f 2912//2627 847//2627 849//2627
f 853//2628 2914//2628 851//2628
f 851//2629 2914//2629 2915//2629
f 851//2630 2915//2630 2913//2630
f 2914//2631 853//2631 2916//2631
f 2916//2632 853//2632 855//2632
f 2916//2633 855//2633 2917//2633
f 2917//2634 855//2634 857//2634
f 2917//2635 857//2635 2918//2635
f 2918//2636 857//2636 859//2636
f 2918//2637 859//2637 2919//2637
f 2919//2638 859//2638 861//2638
f 2919//2639 861//2639 2880//2639
f 2880//2640 861//2640 863//2640
f 838//2641 837//2641 2920//2641
f 2920//2642 837//2642 2921//2642
f 2920//2643 2921//2643 2922//2643
f 2922//2644 2921//2644 2923//2644
f 2922//2644 2923//2644 2924//2644
f 2924//2645 2923//2645 2925//2645
f 2924//2645 2925//2645 2926//2645
f 2926//2646 2925//2646 2927//2646
f 2926//2646 2927//2646 2928//2646
f 2928//2647 2927//2647 2929//2647
f 2928//2647 2929//2647 2930//2647
f 2930//2648 2929//2648 2931//2648
f 2930//2648 2931//2648 2932//2648
f 2932//2649 2931//2649 2933//2649
f 2932//2649 2933//2649 2934//2649
f 2934//2650 2933//2650 2912//2650
f 2934//2651 2912//2651 2935//2651
f 2935//2652 2912//2652 2911//2652
f 837//2653 836//2653 2921//2653
f 2921//2654 836//2654 2923//2654
f 836//2655 1582//2655 2923//2655
f 2923//2656 1582//2656 2925//2656
f 1582//2657 1581//2657 2925//2657
f 2925//2658 1581//2658 2927//2658
f 1581//2659 841//2659 2927//2659
f 2927//2660 841//2660 2929//2660
f 841//2661 843//2661 2929//2661
f 2929//2662 843//2662 2931//2662
f 2931//2663 843//2663 2933//2663
f 2933//2664 843//2664 845//2664
f 2933//2665 845//2665 847//2665
f 847//2650 2912//2650 2933//2650
f 2935//2666 2936//2666 2934//2666
f 2934//2667 2936//2667 2932//2667
f 2932//2668 2936//2668 2930//2668
f 2930//2669 2936//2669 2937//2669
f 2930//2670 2937//2670 2928//2670
f 2928//2671 2937//2671 2938//2671
f 2928//2672 2938//2672 2926//2672
f 2926//2673 2938//2673 2939//2673
f 2926//2674 2939//2674 2924//2674
f 2924//2675 2939//2675 2940//2675
f 2924//2676 2940//2676 2922//2676
f 2922//2677 2940//2677 2941//2677
f 2922//2678 2941//2678 2920//2678
f 2920//2679 2941//2679 2942//2679
f 2943//2680 2944//2680 2945//2680
f 2945//2681 2944//2681 2946//2681
f 2946//2682 2944//2682 833//2682
f 2946//2683 833//2683 2920//2683
f 2920//2684 833//2684 1584//2684
f 2920//2685 1584//2685 1583//2685
f 1583//2686 838//2686 2920//2686
f 2920//2686 2942//2686 2946//2686
f 1608//2687 2947//2687 1609//2687
f 1609//2687 2947//2687 2948//2687
f 1609//2688 2948//2688 1606//2688
f 1606//2688 2948//2688 2949//2688
f 1606//2689 2949//2689 1607//2689
f 1607//2689 2949//2689 2950//2689
f 1590//2690 2951//2690 1592//2690
f 1592//2691 2951//2691 2952//2691
f 1592//2692 2952//2692 2953//2692
f 2951//2693 2954//2693 2952//2693
f 2955//2694 1596//2694 2953//2694
f 2953//2695 1596//2695 1594//2695
f 2953//2696 1594//2696 1592//2696
f 1596//2697 2955//2697 1598//2697
f 1598//2698 2955//2698 2956//2698
f 1598//2699 2956//2699 1600//2699
f 1600//2700 2956//2700 2957//2700
f 1600//2701 2957//2701 1602//2701
f 1602//2702 2957//2702 2958//2702
f 1602//2703 2958//2703 1604//2703
f 1604//2704 2958//2704 2959//2704
f 1604//2705 2959//2705 1608//2705
f 1608//2706 2959//2706 2947//2706
f 2943//2707 2960//2707 2944//2707
f 2944//2708 2960//2708 2961//2708
f 2944//2709 2961//2709 2962//2709
f 2962//2710 2961//2710 2963//2710
f 2962//2710 2963//2710 2964//2710
f 2964//2711 2963//2711 2965//2711
f 2964//2711 2965//2711 2966//2711
f 2966//2712 2965//2712 2967//2712
f 2966//2712 2967//2712 2968//2712
f 2968//2713 2967//2713 2969//2713
f 2968//2713 2969//2713 2970//2713
f 2970//2714 2969//2714 2971//2714
f 2970//2714 2971//2714 2972//2714
f 2972//2715 2971//2715 2973//2715
f 2972//2715 2973//2715 2974//2715
f 2974//2716 2973//2716 2951//2716
f 2974//2717 2951//2717 1588//2717
f 1588//2718 2951//2718 1590//2718
f 2960//2719 2975//2719 2961//2719
f 2961//2720 2975//2720 2963//2720
f 2975//2721 2976//2721 2963//2721
f 2963//2722 2976//2722 2965//2722
f 2976//2723 2977//2723 2965//2723
f 2965//2724 2977//2724 2967//2724
f 2977//2725 2978//2725 2967//2725
f 2967//2726 2978//2726 2969//2726
f 2978//2727 2979//2727 2969//2727
f 2969//2728 2979//2728 2971//2728
f 2971//2729 2979//2729 2973//2729
f 2973//2730 2979//2730 2980//2730
f 2973//2731 2980//2731 2954//2731
f 2954//2716 2951//2716 2973//2716
f 1588//2730 1586//2730 2974//2730
f 2974//2732 1586//2732 2972//2732
f 2972//2733 1586//2733 2970//2733
f 2970//2734 1586//2734 1186//2734
f 2970//2735 1186//2735 2968//2735
f 2968//2736 1186//2736 1185//2736
f 2968//2737 1185//2737 2966//2737
f 2966//2738 1185//2738 1184//2738
f 2966//2739 1184//2739 2964//2739
f 2964//2740 1184//2740 835//2740
f 2964//2741 835//2741 2962//2741
f 2962//2742 835//2742 834//2742
f 2962//2743 834//2743 2944//2743
f 2944//2744 834//2744 833//2744
f 2981//2745 2982//2745 2983//2745
f 2983//2746 2982//2746 1593//2746
f 2983//2747 1593//2747 1595//2747
f 2982//2748 1591//2748 1593//2748
f 1597//2749 2984//2749 1595//2749
f 1595//2750 2984//2750 2985//2750
f 1595//2751 2985//2751 2983//2751
f 2984//2752 1597//2752 2986//2752
f 2986//2753 1597//2753 1599//2753
f 2986//2754 1599//2754 2987//2754
f 2987//2755 1599//2755 1601//2755
f 2987//2756 1601//2756 2988//2756
f 2988//2757 1601//2757 1603//2757
f 2988//2758 1603//2758 2989//2758
f 2989//2759 1603//2759 1605//2759
f 2989//2760 1605//2760 2950//2760
f 2950//2761 1605//2761 1607//2761
f 1180//2762 1179//2762 2990//2762
f 2990//2763 1179//2763 2991//2763
f 2990//2764 2991//2764 2992//2764
f 2992//2765 2991//2765 2993//2765
f 2992//2765 2993//2765 2994//2765
f 2994//2766 2993//2766 2995//2766
f 2994//2766 2995//2766 2996//2766
f 2996//2767 2995//2767 2997//2767
f 2996//2767 2997//2767 2998//2767
f 2998//2768 2997//2768 2999//2768
f 2998//2768 2999//2768 3000//2768
f 3000//2769 2999//2769 3001//2769
f 3000//2769 3001//2769 3002//2769
f 3002//2770 3001//2770 3003//2770
f 3002//2770 3003//2770 3004//2770
f 3004//2771 3003//2771 2982//2771
f 3004//2772 2982//2772 3005//2772
f 3005//2773 2982//2773 2981//2773
f 1179//2774 1183//2774 2991//2774
f 2991//2775 1183//2775 2993//2775
f 1183//2776 1182//2776 2993//2776
f 2993//2777 1182//2777 2995//2777
f 1182//2778 1610//2778 2995//2778
f 2995//2779 1610//2779 2997//2779
f 1610//2780 1585//2780 2997//2780
f 2997//2781 1585//2781 2999//2781
f 1585//2782 1587//2782 2999//2782
f 2999//2783 1587//2783 3001//2783
f 3001//2784 1587//2784 3003//2784
f 3003//2785 1587//2785 1589//2785
f 3003//2786 1589//2786 1591//2786
f 1591//2771 2982//2771 3003//2771
f 3005//2787 3006//2787 3004//2787
f 3004//2788 3006//2788 3002//2788
f 3002//2789 3006//2789 3000//2789
f 3000//2790 3006//2790 3007//2790
f 3000//2791 3007//2791 2998//2791
f 2998//2792 3007//2792 3008//2792
f 2998//2793 3008//2793 2996//2793
f 2996//2794 3008//2794 3009//2794
f 2996//2795 3009//2795 2994//2795
f 2994//2796 3009//2796 3010//2796
f 2994//2797 3010//2797 2992//2797
f 2992//2798 3010//2798 3011//2798
f 2992//2799 3011//2799 2990//2799
f 2990//2800 3011//2800 3012//2800
f 3013//2801 3014//2801 3015//2801
f 3015//2802 3014//2802 3016//2802
f 3016//2803 3014//2803 1612//2803
f 3016//2804 1612//2804 2990//2804
f 2990//2805 1612//2805 1611//2805
f 2990//2802 1611//2802 1181//2802
f 1181//2806 1180//2806 2990//2806
f 2990//2806 3012//2806 3016//2806
f 1638//2807 3017//2807 1639//2807
f 1639//2807 3017//2807 3018//2807
f 1639//2808 3018//2808 1636//2808
f 1636//2808 3018//2808 3019//2808
f 1636//2809 3019//2809 1637//2809
f 1637//2809 3019//2809 3020//2809
f 1620//2810 3021//2810 1622//2810
f 1622//2811 3021//2811 3022//2811
f 1622//2812 3022//2812 3023//2812
f 3021//2813 3024//2813 3022//2813
f 3025//2814 1626//2814 3023//2814
f 3023//2815 1626//2815 1624//2815
f 3023//2816 1624//2816 1622//2816
f 1626//2817 3025//2817 1628//2817
f 1628//2818 3025//2818 3026//2818
f 1628//2819 3026//2819 1630//2819
f 1630//2820 3026//2820 3027//2820
f 1630//2821 3027//2821 1632//2821
f 1632//2822 3027//2822 3028//2822
f 1632//2823 3028//2823 1634//2823
f 1634//2824 3028//2824 3029//2824
f 1634//2825 3029//2825 1638//2825
f 1638//2826 3029//2826 3017//2826
f 3013//2827 3030//2827 3014//2827
f 3014//2828 3030//2828 3031//2828
f 3014//2829 3031//2829 3032//2829
f 3032//2830 3031//2830 3033//2830
f 3032//2830 3033//2830 3034//2830
f 3034//2831 3033//2831 3035//2831
f 3034//2831 3035//2831 3036//2831
f 3036//2832 3035//2832 3037//2832
f 3036//2832 3037//2832 3038//2832
f 3038//2833 3037//2833 3039//2833
f 3038//2834 3039//2834 3040//2834
f 3040//2835 3039//2835 3041//2835
f 3040//2835 3041//2835 3042//2835
f 3042//2836 3041//2836 3043//2836
f 3042//2836 3043//2836 3044//2836
f 3044//2837 3043//2837 3021//2837
f 3044//2838 3021//2838 1618//2838
f 1618//2839 3021//2839 1620//2839
f 3030//2840 3045//2840 3031//2840
f 3031//2841 3045//2841 3033//2841
f 3045//2842 3046//2842 3033//2842
f 3033//2843 3046//2843 3035//2843
f 3046//2844 3047//2844 3035//2844
f 3035//2845 3047//2845 3037//2845
f 3047//2846 3048//2846 3037//2846
f 3037//2847 3048//2847 3039//2847
f 3048//2848 3049//2848 3039//2848
f 3039//2849 3049//2849 3041//2849
f 3041//2850 3049//2850 3043//2850
f 3043//2851 3049//2851 3050//2851
f 3043//2852 3050//2852 3024//2852
f 3024//2837 3021//2837 3043//2837
f 1618//2853 1616//2853 3044//2853
f 3044//2854 1616//2854 3042//2854
f 3042//2855 1616//2855 3040//2855
f 3040//2856 1616//2856 1614//2856
f 3040//2857 1614//2857 3038//2857
f 3038//2858 1614//2858 1178//2858
f 3038//2859 1178//2859 3036//2859
f 3036//2860 1178//2860 1177//2860
f 3036//2861 1177//2861 3034//2861
f 3034//2862 1177//2862 1176//2862
f 3034//2863 1176//2863 3032//2863
f 3032//2864 1176//2864 1613//2864
f 3032//2865 1613//2865 3014//2865
f 3014//2827 1613//2827 1612//2827
f 3051//2866 3052//2866 3053//2866
f 3053//2867 3052//2867 1623//2867
f 3053//2868 1623//2868 1625//2868
f 3052//2869 1621//2869 1623//2869
f 1627//2870 3054//2870 1625//2870
f 1625//2871 3054//2871 3055//2871
f 1625//2872 3055//2872 3053//2872
f 3054//2873 1627//2873 3056//2873
f 3056//2874 1627//2874 1629//2874
f 3056//2875 1629//2875 3057//2875
f 3057//2876 1629//2876 1631//2876
f 3057//2877 1631//2877 3058//2877
f 3058//2878 1631//2878 1633//2878
f 3058//2879 1633//2879 3059//2879
f 3059//2880 1633//2880 1635//2880
f 3059//2881 1635//2881 3020//2881
f 3020//2882 1635//2882 1637//2882
f 1173//2883 1172//2883 3060//2883
f 3060//2884 1172//2884 3061//2884
f 3060//2885 3061//2885 3062//2885
f 3062//2886 3061//2886 3063//2886
f 3062//2886 3063//2886 3064//2886
f 3064//2887 3063//2887 3065//2887
f 3064//2887 3065//2887 3066//2887
f 3066//2888 3065//2888 3067//2888
f 3066//2888 3067//2888 3068//2888
f 3068//2889 3067//2889 3069//2889
f 3068//2889 3069//2889 3070//2889
f 3070//2890 3069//2890 3071//2890
f 3070//2890 3071//2890 3072//2890
f 3072//2891 3071//2891 3073//2891
f 3072//2891 3073//2891 3074//2891
f 3074//2892 3073//2892 3052//2892
f 3074//2893 3052//2893 3075//2893
f 3075//2894 3052//2894 3051//2894
f 1172//2895 1171//2895 3061//2895
f 3061//2896 1171//2896 3063//2896
f 1171//2897 1175//2897 3063//2897
f 3063//2898 1175//2898 3065//2898
f 1175//2899 1174//2899 3065//2899
f 3065//2900 1174//2900 3067//2900
f 1174//2901 1615//2901 3067//2901
f 3067//2902 1615//2902 3069//2902
f 1615//2903 1617//2903 3069//2903
f 3069//2890 1617//2890 3071//2890
f 3071//2904 1617//2904 3073//2904
f 3073//2905 1617//2905 1619//2905
f 3073//2906 1619//2906 1621//2906
f 1621//2892 3052//2892 3073//2892
f 3075//2907 3076//2907 3074//2907
f 3074//2908 3076//2908 3072//2908
f 3072//2909 3076//2909 3070//2909
f 3070//2910 3076//2910 3077//2910
f 3070//2911 3077//2911 3068//2911
f 3068//2912 3077//2912 3078//2912
f 3068//2913 3078//2913 3066//2913
f 3066//2914 3078//2914 3079//2914
f 3066//2915 3079//2915 3064//2915
f 3064//2916 3079//2916 3080//2916
f 3064//2917 3080//2917 3062//2917
f 3062//2918 3080//2918 3081//2918
f 3062//2919 3081//2919 3060//2919
f 3060//2920 3081//2920 3082//2920
f 3083//2921 3084//2921 3085//2921
f 3085//2922 3084//2922 3086//2922
f 3086//2923 3084//2923 1642//2923
f 3086//2924 1642//2924 3060//2924
f 3060//2925 1642//2925 1641//2925
f 3060//2922 1641//2922 1640//2922
f 1640//2926 1173//2926 3060//2926
f 3060//2926 3082//2926 3086//2926
f 1662//2927 3087//2927 1663//2927
f 1663//2927 3087//2927 3088//2927
f 1663//2928 3088//2928 1660//2928
f 1660//2928 3088//2928 3089//2928
f 1660//2929 3089//2929 1661//2929
f 1661//2929 3089//2929 3090//2929
f 1644//2930 3091//2930 1646//2930
f 1646//2931 3091//2931 3092//2931
f 1646//2932 3092//2932 3093//2932
f 3091//2933 3094//2933 3092//2933
f 3095//2934 1650//2934 3093//2934
f 3093//2935 1650//2935 1648//2935
f 3093//2936 1648//2936 1646//2936
f 1650//2937 3095//2937 1652//2937
f 1652//2938 3095//2938 3096//2938
f 1652//2939 3096//2939 1654//2939
f 1654//2940 3096//2940 3097//2940
f 1654//2941 3097//2941 1656//2941
f 1656//2942 3097//2942 3098//2942
f 1656//2943 3098//2943 1658//2943
f 1658//2944 3098//2944 3099//2944
f 1658//2945 3099//2945 1662//2945
f 1662//2946 3099//2946 3087//2946
f 3083//2947 3100//2947 3084//2947
f 3084//2948 3100//2948 3101//2948
f 3084//2949 3101//2949 3102//2949
f 3102//2950 3101//2950 3103//2950
f 3102//2950 3103//2950 3104//2950
f 3104//2951 3103//2951 3105//2951
f 3104//2952 3105//2952 3106//2952
f 3106//2953 3105//2953 3107//2953
f 3106//2953 3107//2953 3108//2953
f 3108//2954 3107//2954 3109//2954
f 3108//2954 3109//2954 3110//2954
f 3110//2955 3109//2955 3111//2955
f 3110//2955 3111//2955 3112//2955
f 3112//2956 3111//2956 3113//2956
f 3112//2956 3113//2956 3114//2956
f 3114//2957 3113//2957 3091//2957
f 3114//2958 3091//2958 1167//2958
f 1167//2959 3091//2959 1644//2959
f 3100//2960 3115//2960 3101//2960
f 3101//2961 3115//2961 3103//2961
f 3115//2962 3116//2962 3103//2962
f 3103//2963 3116//2963 3105//2963
f 3116//2964 3117//2964 3105//2964
f 3105//2965 3117//2965 3107//2965
f 3117//2966 3118//2966 3107//2966
f 3107//2967 3118//2967 3109//2967
f 3118//2968 3119//2968 3109//2968
f 3109//2969 3119//2969 3111//2969
f 3111//2970 3119//2970 3113//2970
f 3113//2971 3119//2971 3120//2971
f 3113//2972 3120//2972 3094//2972
f 3094//2957 3091//2957 3113//2957
f 1167//2973 1166//2973 3114//2973
f 3114//2974 1166//2974 3112//2974
f 3112//2975 1166//2975 3110//2975
f 3110//2976 1166//2976 1163//2976
f 3110//2977 1163//2977 3108//2977
f 3108//2978 1163//2978 1162//2978
f 3108//2979 1162//2979 3106//2979
f 3106//2980 1162//2980 1170//2980
f 3106//2981 1170//2981 3104//2981
f 3104//2982 1170//2982 1169//2982
f 3104//2983 1169//2983 3102//2983
f 3102//2984 1169//2984 1168//2984
f 3102//2985 1168//2985 3084//2985
f 3084//2986 1168//2986 1642//2986
f 3121//2987 3122//2987 3123//2987
f 3123//2988 3122//2988 1647//2988
f 3123//2989 1647//2989 1649//2989
f 3122//2990 1645//2990 1647//2990
f 1651//2991 3124//2991 1649//2991
f 1649//2992 3124//2992 3125//2992
f 1649//2993 3125//2993 3123//2993
f 3124//2994 1651//2994 3126//2994
f 3126//2995 1651//2995 1653//2995
f 3126//2996 1653//2996 3127//2996
f 3127//2997 1653//2997 1655//2997
f 3127//2998 1655//2998 3128//2998
f 3128//2999 1655//2999 1657//2999
f 3128//3000 1657//3000 3129//3000
f 3129//3001 1657//3001 1659//3001
f 3129//3002 1659//3002 3090//3002
f 3090//3003 1659//3003 1661//3003
f 1665//3004 1161//3004 3130//3004
f 3130//3005 1161//3005 3131//3005
f 3130//3006 3131//3006 3132//3006
f 3132//3007 3131//3007 3133//3007
f 3132//3007 3133//3007 3134//3007
f 3134//3008 3133//3008 3135//3008
f 3134//3008 3135//3008 3136//3008
f 3136//3009 3135//3009 3137//3009
f 3136//3009 3137//3009 3138//3009
f 3138//3010 3137//3010 3139//3010
f 3138//3010 3139//3010 3140//3010
f 3140//3011 3139//3011 3141//3011
f 3140//3012 3141//3012 3142//3012
f 3142//3013 3141//3013 3143//3013
f 3142//3013 3143//3013 3144//3013
f 3144//3014 3143//3014 3122//3014
f 3144//3015 3122//3015 3145//3015
f 3145//3016 3122//3016 3121//3016
f 1161//3017 1160//3017 3131//3017
f 3131//3018 1160//3018 3133//3018
f 1160//3019 1159//3019 3133//3019
f 3133//3020 1159//3020 3135//3020
f 1159//3021 1664//3021 3135//3021
f 3135//3022 1664//3022 3137//3022
f 1664//3023 1164//3023 3137//3023
f 3137//3024 1164//3024 3139//3024
f 1164//3025 1165//3025 3139//3025
f 3139//3026 1165//3026 3141//3026
f 3141//3027 1165//3027 3143//3027
f 3143//3028 1165//3028 1643//3028
f 3143//3029 1643//3029 1645//3029
f 1645//3014 3122//3014 3143//3014
f 3145//3030 3146//3030 3144//3030
f 3144//3031 3146//3031 3142//3031
f 3142//3032 3146//3032 3140//3032
f 3140//3033 3146//3033 3147//3033
f 3140//3034 3147//3034 3138//3034
f 3138//3035 3147//3035 3148//3035
f 3138//3036 3148//3036 3136//3036
f 3136//3037 3148//3037 3149//3037
f 3136//3038 3149//3038 3134//3038
f 3134//3039 3149//3039 3150//3039
f 3134//3040 3150//3040 3132//3040
f 3132//3041 3150//3041 3151//3041
f 3132//3042 3151//3042 3130//3042
f 3130//3004 3151//3004 3152//3004
f 3153//3043 3154//3043 3155//3043
f 3155//3044 3154//3044 3156//3044
f 3156//3045 3154//3045 1156//3045
f 3156//3046 1156//3046 3130//3046
f 3130//3047 1156//3047 1667//3047
f 3130//3048 1667//3048 1666//3048
f 1666//3049 1665//3049 3130//3049
f 3130//3049 3152//3049 3156//3049
f 1692//3050 3157//3050 1693//3050
f 1693//3050 3157//3050 3158//3050
f 1693//3051 3158//3051 1690//3051
f 1690//3051 3158//3051 3159//3051
f 1690//3052 3159//3052 1691//3052
f 1691//3052 3159//3052 3160//3052
f 1675//3053 3161//3053 1677//3053
f 1677//3054 3161//3054 3162//3054
f 1677//3055 3162//3055 3163//3055
f 3161//3056 3164//3056 3162//3056
f 3165//3057 1680//3057 3163//3057
f 3163//3058 1680//3058 1678//3058
f 3163//3059 1678//3059 1677//3059
f 1680//3060 3165//3060 1682//3060
f 1682//3061 3165//3061 3166//3061
f 1682//3062 3166//3062 1684//3062
f 1684//3063 3166//3063 3167//3063
f 1684//3064 3167//3064 1686//3064
f 1686//3065 3167//3065 3168//3065
f 1686//3066 3168//3066 1688//3066
f 1688//3067 3168//3067 3169//3067
f 1688//3068 3169//3068 1692//3068
f 1692//3069 3169//3069 3157//3069
f 3153//3070 3170//3070 3154//3070
f 3154//3071 3170//3071 3171//3071
f 3154//3072 3171//3072 3172//3072
f 3172//3073 3171//3073 3173//3073
f 3172//3073 3173//3073 3174//3073
f 3174//3074 3173//3074 3175//3074
f 3174//3074 3175//3074 3176//3074
f 3176//3075 3175//3075 3177//3075
f 3176//3075 3177//3075 3178//3075
f 3178//3076 3177//3076 3179//3076
f 3178//3076 3179//3076 3180//3076
f 3180//3077 3179//3077 3181//3077
f 3180//3077 3181//3077 3182//3077
f 3182//3078 3181//3078 3183//3078
f 3182//3078 3183//3078 3184//3078
f 3184//3079 3183//3079 3161//3079
f 3184//3080 3161//3080 1673//3080
f 1673//3081 3161//3081 1675//3081
f 3170//3082 3185//3082 3171//3082
f 3171//3083 3185//3083 3173//3083
f 3185//3084 3186//3084 3173//3084
f 3173//3085 3186//3085 3175//3085
f 3186//3086 3187//3086 3175//3086
f 3175//3087 3187//3087 3177//3087
f 3187//3088 3188//3088 3177//3088
f 3177//3089 3188//3089 3179//3089
f 3188//3090 3189//3090 3179//3090
f 3179//3091 3189//3091 3181//3091
f 3181//3092 3189//3092 3183//3092
f 3183//3093 3189//3093 3190//3093
f 3183//3094 3190//3094 3164//3094
f 3164//3079 3161//3079 3183//3079
f 1673//3095 1668//3095 3184//3095
f 3184//3096 1668//3096 3182//3096
f 3182//3097 1668//3097 3180//3097
f 3180//3098 1668//3098 1155//3098
f 3180//3099 1155//3099 3178//3099
f 3178//3100 1155//3100 1154//3100
f 3178//3101 1154//3101 3176//3101
f 3176//3102 1154//3102 1153//3102
f 3176//3103 1153//3103 3174//3103
f 3174//3104 1153//3104 1158//3104
f 3174//3105 1158//3105 3172//3105
f 3172//3106 1158//3106 1157//3106
f 3172//3107 1157//3107 3154//3107
f 3154//3108 1157//3108 1156//3108
f 3191//3109 3192//3109 3193//3109
f 3193//3110 3192//3110 1676//3110
f 3193//3111 1676//3111 1679//3111
f 3192//3112 1674//3112 1676//3112
f 1681//3113 3194//3113 1679//3113
f 1679//3114 3194//3114 3195//3114
f 1679//3115 3195//3115 3193//3115
f 3194//3116 1681//3116 3196//3116
f 3196//3117 1681//3117 1683//3117
f 3196//3118 1683//3118 3197//3118
f 3197//3119 1683//3119 1685//3119
f 3197//3120 1685//3120 3198//3120
f 3198//3121 1685//3121 1687//3121
f 3198//3122 1687//3122 3199//3122
f 3199//3123 1687//3123 1689//3123
f 3199//3124 1689//3124 3160//3124
f 3160//3125 1689//3125 1691//3125
f 1149//3126 1148//3126 3200//3126
f 3200//3127 1148//3127 3201//3127
f 3200//3128 3201//3128 3202//3128
f 3202//3129 3201//3129 3203//3129
f 3202//3129 3203//3129 3204//3129
f 3204//3130 3203//3130 3205//3130
f 3204//3130 3205//3130 3206//3130
f 3206//3131 3205//3131 3207//3131
f 3206//3131 3207//3131 3208//3131
f 3208//3132 3207//3132 3209//3132
f 3208//3132 3209//3132 3210//3132
f 3210//3133 3209//3133 3211//3133
f 3210//3133 3211//3133 3212//3133
f 3212//3134 3211//3134 3213//3134
f 3212//3134 3213//3134 3214//3134
f 3214//3135 3213//3135 3192//3135
f 3214//3136 3192//3136 3215//3136
f 3215//3137 3192//3137 3191//3137
f 1148//3138 1152//3138 3201//3138
f 3201//3139 1152//3139 3203//3139
f 1152//3140 1151//3140 3203//3140
f 3203//3141 1151//3141 3205//3141
f 1151//3142 1671//3142 3205//3142
f 3205//3143 1671//3143 3207//3143
f 1671//3144 1670//3144 3207//3144
f 3207//3145 1670//3145 3209//3145
f 1670//3146 1669//3146 3209//3146
f 3209//3147 1669//3147 3211//3147
f 3211//3148 1669//3148 3213//3148
f 3213//3149 1669//3149 1672//3149
f 3213//3150 1672//3150 1674//3150
f 1674//3135 3192//3135 3213//3135
f 3215//3151 3216//3151 3214//3151
f 3214//3152 3216//3152 3212//3152
f 3212//3153 3216//3153 3210//3153
f 3210//3154 3216//3154 3217//3154
f 3210//3155 3217//3155 3208//3155
f 3208//3156 3217//3156 3218//3156
f 3208//3157 3218//3157 3206//3157
f 3206//3158 3218//3158 3219//3158
f 3206//3159 3219//3159 3204//3159
f 3204//3160 3219//3160 3220//3160
f 3204//3161 3220//3161 3202//3161
f 3202//3162 3220//3162 3221//3162
f 3202//3163 3221//3163 3200//3163
f 3200//3126 3221//3126 3222//3126
f 3223//3164 3224//3164 3225//3164
f 3225//3165 3224//3165 3226//3165
f 3226//3166 3224//3166 1695//3166
f 3226//3167 1695//3167 3200//3167
f 3200//3168 1695//3168 1694//3168
f 3200//3165 1694//3165 1150//3165
f 1150//3169 1149//3169 3200//3169
f 3200//3169 3222//3169 3226//3169
f 1721//3170 3227//3170 1722//3170
f 1722//3170 3227//3170 3228//3170
f 1722//3171 3228//3171 1719//3171
f 1719//3171 3228//3171 3229//3171
f 1719//3172 3229//3172 1720//3172
f 1720//3172 3229//3172 3230//3172
f 1704//3173 3231//3173 1706//3173
f 1706//3174 3231//3174 3232//3174
f 1706//3175 3232//3175 3233//3175
f 3231//3176 3234//3176 3232//3176
f 3235//3177 1709//3177 3233//3177
f 3233//3178 1709//3178 1707//3178
f 3233//3179 1707//3179 1706//3179
f 1709//3180 3235//3180 1711//3180
f 1711//3181 3235//3181 3236//3181
f 1711//3182 3236//3182 1713//3182
f 1713//3183 3236//3183 3237//3183
f 1713//3184 3237//3184 1715//3184
f 1715//3185 3237//3185 3238//3185
f 1715//3186 3238//3186 1717//3186
f 1717//3187 3238//3187 3239//3187
f 1717//3188 3239//3188 1721//3188
f 1721//3189 3239//3189 3227//3189
f 3223//3190 3240//3190 3224//3190
f 3224//3191 3240//3191 3241//3191
f 3224//3192 3241//3192 3242//3192
f 3242//3193 3241//3193 3243//3193
f 3242//3193 3243//3193 3244//3193
f 3244//3194 3243//3194 3245//3194
f 3244//3194 3245//3194 3246//3194
f 3246//3195 3245//3195 3247//3195
f 3246//3195 3247//3195 3248//3195
f 3248//3196 3247//3196 3249//3196
f 3248//3196 3249//3196 3250//3196
f 3250//3197 3249//3197 3251//3197
f 3250//3197 3251//3197 3252//3197
f 3252//3198 3251//3198 3253//3198
f 3252//3198 3253//3198 3254//3198
f 3254//3199 3253//3199 3231//3199
f 3254//3200 3231//3200 1702//3200
f 1702//3201 3231//3201 1704//3201
f 3240//3202 3255//3202 3241//3202
f 3241//3203 3255//3203 3243//3203
f 3255//3204 3256//3204 3243//3204
f 3243//3205 3256//3205 3245//3205
f 3256//3206 3257//3206 3245//3206
f 3245//3207 3257//3207 3247//3207
f 3257//3208 3258//3208 3247//3208
f 3247//3209 3258//3209 3249//3209
f 3258//3210 3259//3210 3249//3210
f 3249//3211 3259//3211 3251//3211
f 3251//3212 3259//3212 3253//3212
f 3253//3213 3259//3213 3260//3213
f 3253//3214 3260//3214 3234//3214
f 3234//3199 3231//3199 3253//3199
f 1702//3215 1700//3215 3254//3215
f 3254//3216 1700//3216 3252//3216
f 3252//3217 1700//3217 3250//3217
f 3250//3218 1700//3218 1697//3218
f 3250//3219 1697//3219 3248//3219
f 3248//3220 1697//3220 1147//3220
f 3248//3221 1147//3221 3246//3221
f 3246//3222 1147//3222 1146//3222
f 3246//3223 1146//3223 3244//3223
f 3244//3224 1146//3224 1145//3224
f 3244//3225 1145//3225 3242//3225
f 3242//3226 1145//3226 1696//3226
f 3242//3227 1696//3227 3224//3227
f 3224//3190 1696//3190 1695//3190
f 3261//3228 3262//3228 3263//3228
f 3263//3229 3262//3229 1705//3229
f 3263//3230 1705//3230 1708//3230
f 3262//3231 1703//3231 1705//3231
f 1710//3232 3264//3232 1708//3232
f 1708//3233 3264//3233 3265//3233
f 1708//3234 3265//3234 3263//3234
f 3264//3235 1710//3235 3266//3235
f 3266//3236 1710//3236 1712//3236
f 3266//3237 1712//3237 3267//3237
f 3267//3238 1712//3238 1714//3238
f 3267//3239 1714//3239 3268//3239
f 3268//3240 1714//3240 1716//3240
f 3268//3241 1716//3241 3269//3241
f 3269//3242 1716//3242 1718//3242
f 3269//3243 1718//3243 3230//3243
f 3230//3244 1718//3244 1720//3244
f 1142//3245 1141//3245 3270//3245
f 3270//3246 1141//3246 3271//3246
f 3270//3247 3271//3247 3272//3247
f 3272//3248 3271//3248 3273//3248
f 3272//3248 3273//3248 3274//3248
f 3274//3249 3273//3249 3275//3249
f 3274//3249 3275//3249 3276//3249
f 3276//3250 3275//3250 3277//3250
f 3276//3250 3277//3250 3278//3250
f 3278//3251 3277//3251 3279//3251
f 3278//3251 3279//3251 3280//3251
f 3280//3252 3279//3252 3281//3252
f 3280//3252 3281//3252 3282//3252
f 3282//3253 3281//3253 3283//3253
f 3282//3253 3283//3253 3284//3253
f 3284//3254 3283//3254 3262//3254
f 3284//3255 3262//3255 3285//3255
f 3285//3256 3262//3256 3261//3256
f 1141//3257 1140//3257 3271//3257
f 3271//3258 1140//3258 3273//3258
f 1140//3259 1144//3259 3273//3259
f 3273//3260 1144//3260 3275//3260
f 1144//3261 1143//3261 3275//3261
f 3275//3262 1143//3262 3277//3262
f 1143//3263 1698//3263 3277//3263
f 3277//3264 1698//3264 3279//3264
f 1698//3265 1699//3265 3279//3265
f 3279//3266 1699//3266 3281//3266
f 3281//3267 1699//3267 3283//3267
f 3283//3268 1699//3268 1701//3268
f 3283//3269 1701//3269 1703//3269
f 1703//3254 3262//3254 3283//3254
f 3285//3270 3286//3270 3284//3270
f 3284//3271 3286//3271 3282//3271
f 3282//3272 3286//3272 3280//3272
f 3280//3273 3286//3273 3287//3273
f 3280//3274 3287//3274 3278//3274
f 3278//3275 3287//3275 3288//3275
f 3278//3276 3288//3276 3276//3276
f 3276//3277 3288//3277 3289//3277
f 3276//3278 3289//3278 3274//3278
f 3274//3279 3289//3279 3290//3279
f 3274//3280 3290//3280 3272//3280
f 3272//3281 3290//3281 3291//3281
f 3272//3282 3291//3282 3270//3282
f 3270//3283 3291//3283 3292//3283
f 3293//3284 3294//3284 3295//3284
f 3295//3285 3294//3285 3296//3285
f 3296//3286 3294//3286 1725//3286
f 3296//3287 1725//3287 3270//3287
f 3270//3288 1725//3288 1724//3288
f 3270//3289 1724//3289 1723//3289
f 1723//3290 1142//3290 3270//3290
f 3270//3290 3292//3290 3296//3290
f 1739//3291 3297//3291 1740//3291
f 1740//3291 3297//3291 3298//3291
f 1740//3292 3298//3292 1737//3292
f 1737//3292 3298//3292 3299//3292
f 1737//3293 3299//3293 1738//3293
f 1738//3293 3299//3293 3300//3293
f 1133//3294 3301//3294 1135//3294
f 1135//3295 3301//3295 3302//3295
f 1135//3296 3302//3296 3303//3296
f 3301//3297 3304//3297 3302//3297
f 3305//3298 1727//3298 3303//3298
f 3303//3299 1727//3299 1136//3299
f 3303//3300 1136//3300 1135//3300
f 1727//3301 3305//3301 1729//3301
f 1729//3302 3305//3302 3306//3302
f 1729//3303 3306//3303 1731//3303
f 1731//3304 3306//3304 3307//3304
f 1731//3305 3307//3305 1733//3305
f 1733//3306 3307//3306 3308//3306
f 1733//3307 3308//3307 1735//3307
f 1735//3308 3308//3308 3309//3308
f 1735//3309 3309//3309 1739//3309
f 1739//3310 3309//3310 3297//3310
f 3293//3311 3310//3311 3294//3311
f 3294//3312 3310//3312 3311//3312
f 3294//3313 3311//3313 3312//3313
f 3312//3314 3311//3314 3313//3314
f 3312//3314 3313//3314 3314//3314
f 3314//3315 3313//3315 3315//3315
f 3314//3315 3315//3315 3316//3315
f 3316//3316 3315//3316 3317//3316
f 3316//3316 3317//3316 3318//3316
f 3318//3317 3317//3317 3319//3317
f 3318//3317 3319//3317 3320//3317
f 3320//3318 3319//3318 3321//3318
f 3320//3318 3321//3318 3322//3318
f 3322//3319 3321//3319 3323//3319
f 3322//3319 3323//3319 3324//3319
f 3324//3320 3323//3320 3301//3320
f 3324//3321 3301//3321 1131//3321
f 1131//3322 3301//3322 1133//3322
f 3310//3323 3325//3323 3311//3323
f 3311//3324 3325//3324 3313//3324
f 3325//3325 3326//3325 3313//3325
f 3313//3326 3326//3326 3315//3326
f 3326//3327 3327//3327 3315//3327
f 3315//3328 3327//3328 3317//3328
f 3327//3329 3328//3329 3317//3329
f 3317//3330 3328//3330 3319//3330
f 3328//3331 3329//3331 3319//3331
f 3319//3332 3329//3332 3321//3332
f 3321//3333 3329//3333 3323//3333
f 3323//3334 3329//3334 3330//3334
f 3323//3335 3330//3335 3304//3335
f 3304//3320 3301//3320 3323//3320
f 1131//3336 1129//3336 3324//3336
f 3324//3337 1129//3337 3322//3337
f 3322//3338 1129//3338 3320//3338
f 3320//3339 1129//3339 1126//3339
f 3320//3340 1126//3340 3318//3340
f 3318//3341 1126//3341 1125//3341
f 3318//3342 1125//3342 3316//3342
f 3316//3343 1125//3343 1139//3343
f 3316//3344 1139//3344 3314//3344
f 3314//3345 1139//3345 1138//3345
f 3314//3346 1138//3346 3312//3346
f 3312//3347 1138//3347 1137//3347
f 3312//3348 1137//3348 3294//3348
f 3294//3311 1137//3311 1725//3311
f 3331//3349 3332//3349 3333//3349
f 3333//3350 3332//3350 1134//3350
f 3333//3351 1134//3351 1726//3351
f 3332//3352 1132//3352 1134//3352
f 1728//3353 3334//3353 1726//3353
f 1726//3354 3334//3354 3335//3354
f 1726//3355 3335//3355 3333//3355
f 3334//3356 1728//3356 3336//3356
f 3336//3357 1728//3357 1730//3357
f 3336//3358 1730//3358 3337//3358
f 3337//3359 1730//3359 1732//3359
f 3337//3360 1732//3360 3338//3360
f 3338//3361 1732//3361 1734//3361
f 3338//3362 1734//3362 3339//3362
f 3339//3363 1734//3363 1736//3363
f 3339//3364 1736//3364 3300//3364
f 3300//3365 1736//3365 1738//3365
f 1742//3366 1124//3366 3340//3366
f 3340//3367 1124//3367 3341//3367
f 3340//3368 3341//3368 3342//3368
f 3342//3369 3341//3369 3343//3369
f 3342//3369 3343//3369 3344//3369
f 3344//3370 3343//3370 3345//3370
f 3344//3371 3345//3371 3346//3371
f 3346//3372 3345//3372 3347//3372
f 3346//3372 3347//3372 3348//3372
f 3348//3373 3347//3373 3349//3373
f 3348//3373 3349//3373 3350//3373
f 3350//3374 3349//3374 3351//3374
f 3350//3374 3351//3374 3352//3374
f 3352//3375 3351//3375 3353//3375
f 3352//3375 3353//3375 3354//3375
f 3354//3376 3353//3376 3332//3376
f 3354//3377 3332//3377 3355//3377
f 3355//3378 3332//3378 3331//3378
f 1124//3379 1123//3379 3341//3379
f 3341//3380 1123//3380 3343//3380
f 1123//3381 1122//3381 3343//3381
f 3343//3382 1122//3382 3345//3382
f 1122//3383 1741//3383 3345//3383
f 3345//3384 1741//3384 3347//3384
f 1741//3385 1127//3385 3347//3385
f 3347//3386 1127//3386 3349//3386
f 1127//3387 1128//3387 3349//3387
f 3349//3388 1128//3388 3351//3388
f 3351//3389 1128//3389 3353//3389
f 3353//3390 1128//3390 1130//3390
f 3353//3391 1130//3391 1132//3391
f 1132//3376 3332//3376 3353//3376
f 3355//3392 3356//3392 3354//3392
f 3354//3393 3356//3393 3352//3393
f 3352//3394 3356//3394 3350//3394
f 3350//3395 3356//3395 3357//3395
f 3350//3396 3357//3396 3348//3396
f 3348//3397 3357//3397 3358//3397
f 3348//3398 3358//3398 3346//3398
f 3346//3399 3358//3399 3359//3399
f 3346//3400 3359//3400 3344//3400
f 3344//3401 3359//3401 3360//3401
f 3344//3402 3360//3402 3342//3402
f 3342//3403 3360//3403 3361//3403
f 3342//3404 3361//3404 3340//3404
f 3340//3405 3361//3405 3362//3405
f 3363//3406 3364//3406 3365//3406
f 3365//3407 3364//3407 3366//3407
f 3366//3408 3364//3408 1120//3408
f 3366//3409 1120//3409 3340//3409
f 3340//3410 1120//3410 1119//3410
f 3340//3407 1119//3407 1743//3407
f 1743//3411 1742//3411 3340//3411
f 3340//3411 3362//3411 3366//3411
f 1768//3412 3367//3412 1769//3412
f 1769//3412 3367//3412 3368//3412
f 1769//3413 3368//3413 1766//3413
f 1766//3413 3368//3413 3369//3413
f 1766//3414 3369//3414 1767//3414
f 1767//3414 3369//3414 3370//3414
f 1751//3415 3371//3415 1753//3415
f 1753//3416 3371//3416 3372//3416
f 1753//3417 3372//3417 3373//3417
f 3371//3418 3374//3418 3372//3418
f 3375//3419 1756//3419 3373//3419
f 3373//3420 1756//3420 1754//3420
f 3373//3421 1754//3421 1753//3421
f 1756//3422 3375//3422 1758//3422
f 1758//3423 3375//3423 3376//3423
f 1758//3424 3376//3424 1760//3424
f 1760//3425 3376//3425 3377//3425
f 1760//3426 3377//3426 1762//3426
f 1762//3427 3377//3427 3378//3427
f 1762//3428 3378//3428 1764//3428
f 1764//3429 3378//3429 3379//3429
f 1764//3430 3379//3430 1768//3430
f 1768//3431 3379//3431 3367//3431
f 3363//3432 3380//3432 3364//3432
f 3364//3433 3380//3433 3381//3433
f 3364//3434 3381//3434 3382//3434
f 3382//3435 3381//3435 3383//3435
f 3382//3435 3383//3435 3384//3435
f 3384//3436 3383//3436 3385//3436
f 3384//3436 3385//3436 3386//3436
f 3386//3437 3385//3437 3387//3437
f 3386//3437 3387//3437 3388//3437
f 3388//3438 3387//3438 3389//3438
f 3388//3438 3389//3438 3390//3438
f 3390//3439 3389//3439 3391//3439
f 3390//3439 3391//3439 3392//3439
f 3392//3440 3391//3440 3393//3440
f 3392//3440 3393//3440 3394//3440
f 3394//3441 3393//3441 3371//3441
f 3394//3442 3371//3442 1749//3442
f 1749//3443 3371//3443 1751//3443
f 3380//3444 3395//3444 3381//3444
f 3381//3445 3395//3445 3383//3445
f 3395//3446 3396//3446 3383//3446
f 3383//3447 3396//3447 3385//3447
f 3396//3448 3397//3448 3385//3448
f 3385//3449 3397//3449 3387//3449
f 3397//3450 3398//3450 3387//3450
f 3387//3451 3398//3451 3389//3451
f 3398//3452 3399//3452 3389//3452
f 3389//3453 3399//3453 3391//3453
f 3391//3454 3399//3454 3393//3454
f 3393//3455 3399//3455 3400//3455
f 3393//3456 3400//3456 3374//3456
f 3374//3441 3371//3441 3393//3441
f 1749//3457 1745//3457 3394//3457
f 3394//3458 1745//3458 3392//3458
f 3392//3459 1745//3459 3390//3459
f 3390//3460 1745//3460 1118//3460
f 3390//3461 1118//3461 3388//3461
f 3388//3462 1118//3462 1117//3462
f 3388//3463 1117//3463 3386//3463
f 3386//3464 1117//3464 1116//3464
f 3386//3465 1116//3465 3384//3465
f 3384//3466 1116//3466 1744//3466
f 3384//3467 1744//3467 3382//3467
f 3382//3468 1744//3468 1121//3468
f 3382//3469 1121//3469 3364//3469
f 3364//3470 1121//3470 1120//3470
f 3401//3471 3402//3471 3403//3471
f 3403//3472 3402//3472 1752//3472
f 3403//3473 1752//3473 1755//3473
f 3402//3474 1750//3474 1752//3474
f 1757//3475 3404//3475 1755//3475
f 1755//3476 3404//3476 3405//3476
f 1755//3477 3405//3477 3403//3477
f 3404//3478 1757//3478 3406//3478
f 3406//3479 1757//3479 1759//3479
f 3406//3480 1759//3480 3407//3480
f 3407//3481 1759//3481 1761//3481
f 3407//3482 1761//3482 3408//3482
f 3408//3483 1761//3483 1763//3483
f 3408//3484 1763//3484 3409//3484
f 3409//3485 1763//3485 1765//3485
f 3409//3486 1765//3486 3370//3486
f 3370//3487 1765//3487 1767//3487
f 1111//3488 1110//3488 3410//3488
f 3410//3489 1110//3489 3411//3489
f 3410//3490 3411//3490 3412//3490
f 3412//3491 3411//3491 3413//3491
f 3412//3491 3413//3491 3414//3491
f 3414//3492 3413//3492 3415//3492
f 3414//3492 3415//3492 3416//3492
f 3416//3493 3415//3493 3417//3493
f 3416//3493 3417//3493 3418//3493
f 3418//3494 3417//3494 3419//3494
f 3418//3495 3419//3495 3420//3495
f 3420//3496 3419//3496 3421//3496
f 3420//3496 3421//3496 3422//3496
f 3422//3497 3421//3497 3423//3497
f 3422//3497 3423//3497 3424//3497
f 3424//3498 3423//3498 3402//3498
f 3424//3499 3402//3499 3425//3499
f 3425//3500 3402//3500 3401//3500
f 1110//3501 1115//3501 3411//3501
f 3411//3502 1115//3502 3413//3502
f 1115//3503 1114//3503 3413//3503
f 3413//3504 1114//3504 3415//3504
f 1114//3505 1113//3505 3415//3505
f 3415//3506 1113//3506 3417//3506
f 1113//3507 1747//3507 3417//3507
f 3417//3508 1747//3508 3419//3508
f 1747//3509 1746//3509 3419//3509
f 3419//3510 1746//3510 3421//3510
f 3421//3511 1746//3511 3423//3511
f 3423//3512 1746//3512 1748//3512
f 3423//3513 1748//3513 1750//3513
f 1750//3498 3402//3498 3423//3498
f 3425//3514 3426//3514 3424//3514
f 3424//3515 3426//3515 3422//3515
f 3422//3516 3426//3516 3420//3516
f 3420//3517 3426//3517 3427//3517
f 3420//3518 3427//3518 3418//3518
f 3418//3519 3427//3519 3428//3519
f 3418//3520 3428//3520 3416//3520
f 3416//3521 3428//3521 3429//3521
f 3416//3522 3429//3522 3414//3522
f 3414//3523 3429//3523 3430//3523
f 3414//3524 3430//3524 3412//3524
f 3412//3525 3430//3525 3431//3525
f 3412//3526 3431//3526 3410//3526
f 3410//3488 3431//3488 3432//3488
f 3433//3527 3434//3527 3435//3527
f 3435//3528 3434//3528 3436//3528
f 3436//3529 3434//3529 1771//3529
f 3436//3530 1771//3530 3410//3530
f 3410//3531 1771//3531 1770//3531
f 3410//3528 1770//3528 1112//3528
f 1112//3532 1111//3532 3410//3532
f 3410//3532 3432//3532 3436//3532
f 1797//3533 3437//3533 1798//3533
f 1798//3533 3437//3533 3438//3533
f 1798//3534 3438//3534 1795//3534
f 1795//3534 3438//3534 3439//3534
f 1795//3535 3439//3535 1796//3535
f 1796//3535 3439//3535 3440//3535
f 1780//3536 3441//3536 1782//3536
f 1782//3537 3441//3537 3442//3537
f 1782//3538 3442//3538 3443//3538
f 3441//3539 3444//3539 3442//3539
f 3445//3540 1785//3540 3443//3540
f 3443//3541 1785//3541 1783//3541
f 3443//3542 1783//3542 1782//3542
f 1785//3543 3445//3543 1787//3543
f 1787//3544 3445//3544 3446//3544
f 1787//3545 3446//3545 1789//3545
f 1789//3546 3446//3546 3447//3546
f 1789//3547 3447//3547 1791//3547
f 1791//3548 3447//3548 3448//3548
f 1791//3549 3448//3549 1793//3549
f 1793//3550 3448//3550 3449//3550
f 1793//3551 3449//3551 1797//3551
f 1797//3552 3449//3552 3437//3552
f 3433//3553 3450//3553 3434//3553
f 3434//3554 3450//3554 3451//3554
f 3434//3555 3451//3555 3452//3555
f 3452//3556 3451//3556 3453//3556
f 3452//3556 3453//3556 3454//3556
f 3454//3557 3453//3557 3455//3557
f 3454//3557 3455//3557 3456//3557
f 3456//3558 3455//3558 3457//3558
f 3456//3558 3457//3558 3458//3558
f 3458//3559 3457//3559 3459//3559
f 3458//3559 3459//3559 3460//3559
f 3460//3560 3459//3560 3461//3560
f 3460//3560 3461//3560 3462//3560
f 3462//3561 3461//3561 3463//3561
f 3462//3561 3463//3561 3464//3561
f 3464//3562 3463//3562 3441//3562
f 3464//3563 3441//3563 1778//3563
f 1778//3564 3441//3564 1780//3564
f 3450//3565 3465//3565 3451//3565
f 3451//3566 3465//3566 3453//3566
f 3465//3567 3466//3567 3453//3567
f 3453//3568 3466//3568 3455//3568
f 3466//3569 3467//3569 3455//3569
f 3455//3570 3467//3570 3457//3570
f 3467//3571 3468//3571 3457//3571
f 3457//3572 3468//3572 3459//3572
f 3468//3573 3469//3573 3459//3573
f 3459//3574 3469//3574 3461//3574
f 3461//3575 3469//3575 3463//3575
f 3463//3576 3469//3576 3470//3576
f 3463//3577 3470//3577 3444//3577
f 3444//3562 3441//3562 3463//3562
f 1778//3578 1776//3578 3464//3578
f 3464//3579 1776//3579 3462//3579
f 3462//3580 1776//3580 3460//3580
f 3460//3581 1776//3581 1774//3581
f 3460//3582 1774//3582 3458//3582
f 3458//3583 1774//3583 1109//3583
f 3458//3584 1109//3584 3456//3584
f 3456//3585 1109//3585 1108//3585
f 3456//3586 1108//3586 3454//3586
f 3454//3587 1108//3587 1107//3587
f 3454//3588 1107//3588 3452//3588
f 3452//3589 1107//3589 1772//3589
f 3452//3590 1772//3590 3434//3590
f 3434//3591 1772//3591 1771//3591
f 3471//3592 3472//3592 3473//3592
f 3473//3593 3472//3593 1781//3593
f 3473//3594 1781//3594 1784//3594
f 3472//3595 1779//3595 1781//3595
f 1786//3596 3474//3596 1784//3596
f 1784//3597 3474//3597 3475//3597
f 1784//3598 3475//3598 3473//3598
f 3474//3599 1786//3599 3476//3599
f 3476//3600 1786//3600 1788//3600
f 3476//3601 1788//3601 3477//3601
f 3477//3602 1788//3602 1790//3602
f 3477//3603 1790//3603 3478//3603
f 3478//3604 1790//3604 1792//3604
f 3478//3605 1792//3605 3479//3605
f 3479//3606 1792//3606 1794//3606
f 3479//3607 1794//3607 3440//3607
f 3440//3608 1794//3608 1796//3608
f 1104//3609 1103//3609 3480//3609
f 3480//3610 1103//3610 3481//3610
f 3480//3611 3481//3611 3482//3611
f 3482//3612 3481//3612 3483//3612
f 3482//3612 3483//3612 3484//3612
f 3484//3613 3483//3613 3485//3613
f 3484//3613 3485//3613 3486//3613
f 3486//3614 3485//3614 3487//3614
f 3486//3614 3487//3614 3488//3614
f 3488//3615 3487//3615 3489//3615
f 3488//3615 3489//3615 3490//3615
f 3490//3616 3489//3616 3491//3616
f 3490//3616 3491//3616 3492//3616
f 3492//3617 3491//3617 3493//3617
f 3492//3617 3493//3617 3494//3617
f 3494//3618 3493//3618 3472//3618
f 3494//3619 3472//3619 3495//3619
f 3495//3620 3472//3620 3471//3620
f 1103//3621 1102//3621 3481//3621
f 3481//3622 1102//3622 3483//3622
f 1102//3623 1106//3623 3483//3623
f 3483//3624 1106//3624 3485//3624
f 1106//3625 1105//3625 3485//3625
f 3485//3626 1105//3626 3487//3626
f 1105//3627 1773//3627 3487//3627
f 3487//3628 1773//3628 3489//3628
f 1773//3629 1775//3629 3489//3629
f 3489//3630 1775//3630 3491//3630
f 3491//3631 1775//3631 3493//3631
f 3493//3632 1775//3632 1777//3632
f 3493//3633 1777//3633 1779//3633
f 1779//3618 3472//3618 3493//3618
f 3495//3632 3496//3632 3494//3632
f 3494//3634 3496//3634 3492//3634
f 3492//3635 3496//3635 3490//3635
f 3490//3636 3496//3636 3497//3636
f 3490//3637 3497//3637 3488//3637
f 3488//3638 3497//3638 3498//3638
f 3488//3639 3498//3639 3486//3639
f 3486//3640 3498//3640 3499//3640
f 3486//3641 3499//3641 3484//3641
f 3484//3642 3499//3642 3500//3642
f 3484//3643 3500//3643 3482//3643
f 3482//3644 3500//3644 3501//3644
f 3482//3645 3501//3645 3480//3645
f 3480//3646 3501//3646 3502//3646
f 3503//3647 3504//3647 3505//3647
f 3505//3648 3504//3648 3506//3648
f 3506//3649 3504//3649 1801//3649
f 3506//3650 1801//3650 3480//3650
f 3480//3651 1801//3651 1800//3651
f 3480//3652 1800//3652 1799//3652
f 1799//3653 1104//3653 3480//3653
f 3480//3653 3502//3653 3506//3653
f 1815//3654 3507//3654 1816//3654
f 1816//3654 3507//3654 3508//3654
f 1816//3655 3508//3655 1813//3655
f 1813//3655 3508//3655 3509//3655
f 1813//3656 3509//3656 1814//3656
f 1814//3656 3509//3656 3510//3656
f 1095//3657 3511//3657 1097//3657
f 1097//3658 3511//3658 3512//3658
f 1097//3659 3512//3659 3513//3659
f 3511//3660 3514//3660 3512//3660
f 3515//3661 1803//3661 3513//3661
f 3513//3662 1803//3662 1098//3662
f 3513//3663 1098//3663 1097//3663
f 1803//3664 3515//3664 1805//3664
f 1805//3665 3515//3665 3516//3665
f 1805//3666 3516//3666 1807//3666
f 1807//3667 3516//3667 3517//3667
f 1807//3668 3517//3668 1809//3668
f 1809//3669 3517//3669 3518//3669
f 1809//3670 3518//3670 1811//3670
f 1811//3671 3518//3671 3519//3671
f 1811//3672 3519//3672 1815//3672
f 1815//3673 3519//3673 3507//3673
f 3503//3674 3520//3674 3504//3674
f 3504//3675 3520//3675 3521//3675
f 3504//3676 3521//3676 3522//3676
f 3522//3677 3521//3677 3523//3677
f 3522//3677 3523//3677 3524//3677
f 3524//3678 3523//3678 3525//3678
f 3524//3678 3525//3678 3526//3678
f 3526//3679 3525//3679 3527//3679
f 3526//3679 3527//3679 3528//3679
f 3528//3680 3527//3680 3529//3680
f 3528//3680 3529//3680 3530//3680
f 3530//3681 3529//3681 3531//3681
f 3530//3681 3531//3681 3532//3681
f 3532//3682 3531//3682 3533//3682
f 3532//3682 3533//3682 3534//3682
f 3534//3683 3533//3683 3511//3683
f 3534//3684 3511//3684 1093//3684
f 1093//3685 3511//3685 1095//3685
f 3520//3686 3535//3686 3521//3686
f 3521//3687 3535//3687 3523//3687
f 3535//3688 3536//3688 3523//3688
f 3523//3689 3536//3689 3525//3689
f 3536//3690 3537//3690 3525//3690
f 3525//3691 3537//3691 3527//3691
f 3537//3692 3538//3692 3527//3692
f 3527//3693 3538//3693 3529//3693
f 3538//3694 3539//3694 3529//3694
f 3529//3695 3539//3695 3531//3695
f 3531//3696 3539//3696 3533//3696
f 3533//3697 3539//3697 3540//3697
f 3533//3698 3540//3698 3514//3698
f 3514//3683 3511//3683 3533//3683
f 1093//3699 1091//3699 3534//3699
f 3534//3700 1091//3700 3532//3700
f 3532//3701 1091//3701 3530//3701
f 3530//3702 1091//3702 1088//3702
f 3530//3703 1088//3703 3528//3703
f 3528//3704 1088//3704 1087//3704
f 3528//3705 1087//3705 3526//3705
f 3526//3706 1087//3706 1101//3706
f 3526//3707 1101//3707 3524//3707
f 3524//3708 1101//3708 1100//3708
f 3524//3709 1100//3709 3522//3709
f 3522//3710 1100//3710 1099//3710
f 3522//3711 1099//3711 3504//3711
f 3504//3712 1099//3712 1801//3712
f 3541//3713 3542//3713 3543//3713
f 3543//3714 3542//3714 1096//3714
f 3543//3715 1096//3715 1802//3715
f 3542//3716 1094//3716 1096//3716
f 1804//3717 3544//3717 1802//3717
f 1802//3718 3544//3718 3545//3718
f 1802//3719 3545//3719 3543//3719
f 3544//3720 1804//3720 3546//3720
f 3546//3721 1804//3721 1806//3721
f 3546//3722 1806//3722 3547//3722
f 3547//3723 1806//3723 1808//3723
f 3547//3724 1808//3724 3548//3724
f 3548//3725 1808//3725 1810//3725
f 3548//3726 1810//3726 3549//3726
f 3549//3727 1810//3727 1812//3727
f 3549//3728 1812//3728 3510//3728
f 3510//3729 1812//3729 1814//3729
f 1818//3730 1086//3730 3550//3730
f 3550//3731 1086//3731 3551//3731
f 3550//3732 3551//3732 3552//3732
f 3552//3733 3551//3733 3553//3733
f 3552//3733 3553//3733 3554//3733
f 3554//3734 3553//3734 3555//3734
f 3554//3734 3555//3734 3556//3734
f 3556//3735 3555//3735 3557//3735
f 3556//3735 3557//3735 3558//3735
f 3558//3736 3557//3736 3559//3736
f 3558//3736 3559//3736 3560//3736
f 3560//3737 3559//3737 3561//3737
f 3560//3737 3561//3737 3562//3737
f 3562//3738 3561//3738 3563//3738
f 3562//3738 3563//3738 3564//3738
f 3564//3739 3563//3739 3542//3739
f 3564//3740 3542//3740 3565//3740
f 3565//3741 3542//3741 3541//3741
f 1086//3742 1085//3742 3551//3742
f 3551//3743 1085//3743 3553//3743
f 1085//3744 1084//3744 3553//3744
f 3553//3745 1084//3745 3555//3745
f 1084//3746 1817//3746 3555//3746
f 3555//3747 1817//3747 3557//3747
f 1817//3748 1089//3748 3557//3748
f 3557//3749 1089//3749 3559//3749
f 1089//3750 1090//3750 3559//3750
f 3559//3751 1090//3751 3561//3751
f 3561//3752 1090//3752 3563//3752
f 3563//3753 1090//3753 1092//3753
f 3563//3754 1092//3754 1094//3754
f 1094//3739 3542//3739 3563//3739
f 3565//3755 3566//3755 3564//3755
f 3564//3756 3566//3756 3562//3756
f 3562//3757 3566//3757 3560//3757
f 3560//3758 3566//3758 3567//3758
f 3560//3759 3567//3759 3558//3759
f 3558//3760 3567//3760 3568//3760
f 3558//3761 3568//3761 3556//3761
f 3556//3762 3568//3762 3569//3762
f 3556//3763 3569//3763 3554//3763
f 3554//3764 3569//3764 3570//3764
f 3554//3765 3570//3765 3552//3765
f 3552//3766 3570//3766 3571//3766
f 3552//3767 3571//3767 3550//3767
f 3550//3768 3571//3768 3572//3768
f 3573//3769 3574//3769 3575//3769
f 3575//3770 3574//3770 3576//3770
f 3576//3771 3574//3771 1083//3771
f 3576//3772 1083//3772 3550//3772
f 3550//3773 1083//3773 1082//3773
f 3550//3774 1082//3774 1081//3774
f 1081//3775 1818//3775 3550//3775
f 3550//3775 3572//3775 3576//3775
f 3577//3776 2738//3776 3578//3776
f 3578//3776 2738//3776 2772//3776
f 3578//3776 2772//3776 2782//3776
f 2782//3776 2772//3776 2797//3776
f 2797//3776 2772//3776 2771//3776
f 2797//3776 2771//3776 2798//3776
f 2798//3776 2771//3776 2770//3776
f 2798//3776 2770//3776 2799//3776
f 2799//3776 2770//3776 2769//3776
f 2799//3776 2769//3776 2768//3776
f 3579//3776 2852//3776 3577//3776
f 3577//3776 2852//3776 2733//3776
f 3577//3776 2733//3776 2735//3776
f 3579//3776 3580//3776 2852//3776
f 2852//3776 3580//3776 3581//3776
f 2852//3776 3581//3776 3582//3776
f 3582//3776 3583//3776 2852//3776
f 2852//3776 3583//3776 3584//3776
f 2852//3776 3584//3776 3585//3776
f 3585//3776 3586//3776 2852//3776
f 2852//3776 3586//3776 2841//3776
f 2852//3776 2841//3776 2867//3776
f 2867//3776 2841//3776 2840//3776
f 2867//3776 2840//3776 2868//3776
f 2868//3776 2840//3776 2839//3776
f 2868//3776 2839//3776 2869//3776
f 2869//3776 2839//3776 2838//3776
f 2869//3776 2838//3776 2870//3776
f 2870//3776 2838//3776 2837//3776
f 2870//3776 2837//3776 2871//3776
f 2871//3776 2837//3776 2836//3776
f 2871//3776 2836//3776 2872//3776
f 2872//3776 2836//3776 2835//3776
f 2872//3776 2835//3776 2846//3776
f 2846//3776 2835//3776 2811//3776
f 2846//3776 2811//3776 2844//3776
f 2844//3776 2811//3776 2813//3776
f 2844//3776 2813//3776 2815//3776
f 3587//3776 3292//3776 3586//3776
f 3586//3776 3292//3776 3291//3776
f 3586//3776 3291//3776 3240//3776
f 3240//3776 3291//3776 3255//3776
f 3255//3776 3291//3776 3290//3776
f 3255//3776 3290//3776 3256//3776
f 3256//3776 3290//3776 3289//3776
f 3256//3776 3289//3776 3257//3776
f 3257//3776 3289//3776 3288//3776
f 3257//3776 3288//3776 3287//3776
f 3588//3776 3361//3776 3587//3776
f 3587//3776 3361//3776 3310//3776
f 3587//3776 3310//3776 3293//3776
f 3589//3776 3363//3776 3588//3776
f 3588//3776 3363//3776 3365//3776
f 3588//3776 3365//3776 3366//3776
f 3590//3776 3433//3776 3589//3776
f 3589//3776 3433//3776 3435//3776
f 3589//3776 3435//3776 3436//3776
f 3591//3776 3502//3776 3590//3776
f 3590//3776 3502//3776 3501//3776
f 3590//3776 3501//3776 3450//3776
f 3450//3776 3501//3776 3500//3776
f 3450//3776 3500//3776 3465//3776
f 3465//3776 3500//3776 3499//3776
f 3465//3776 3499//3776 3466//3776
f 3466//3776 3499//3776 3498//3776
f 3466//3776 3498//3776 3467//3776
f 3467//3776 3498//3776 3497//3776
f 3467//3776 3497//3776 3468//3776
f 3468//3776 3497//3776 3496//3776
f 3468//3776 3496//3776 3469//3776
f 3469//3776 3496//3776 3495//3776
f 3469//3776 3495//3776 3470//3776
f 3470//3776 3495//3776 3471//3776
f 3470//3776 3471//3776 3444//3776
f 3444//3776 3471//3776 3473//3776
f 3444//3776 3473//3776 3442//3776
f 3442//3776 3473//3776 3475//3776
f 3442//3776 3475//3776 3443//3776
f 3443//3776 3475//3776 3474//3776
f 3443//3776 3474//3776 3445//3776
f 3445//3776 3474//3776 3476//3776
f 3445//3776 3476//3776 3446//3776
f 3446//3776 3476//3776 3477//3776
f 3446//3776 3477//3776 3447//3776
f 3447//3776 3477//3776 3478//3776
f 3447//3776 3478//3776 3448//3776
f 3448//3776 3478//3776 3479//3776
f 3448//3776 3479//3776 3449//3776
f 3449//3776 3479//3776 3438//3776
f 3449//3776 3438//3776 3437//3776
f 3592//3776 3571//3776 3591//3776
f 3591//3776 3571//3776 3520//3776
f 3591//3776 3520//3776 3503//3776
f 3593//3776 3594//3776 3592//3776
f 3592//3776 3594//3776 3573//3776
f 3592//3776 3573//3776 3575//3776
f 3595//3776 1859//3776 3593//3776
f 3593//3776 1859//3776 2805//3776
f 3593//3776 2805//3776 2804//3776
f 3596//3776 1888//3776 3595//3776
f 3595//3776 1888//3776 1887//3776
f 3595//3776 1887//3776 1858//3776
f 1858//3776 1887//3776 1860//3776
f 1860//3776 1887//3776 1886//3776
f 1860//3776 1886//3776 1861//3776
f 1861//3776 1886//3776 1885//3776
f 1861//3776 1885//3776 1862//3776
f 1862//3776 1885//3776 1884//3776
f 1862//3776 1884//3776 1883//3776
f 3597//3776 1906//3776 3596//3776
f 3596//3776 1906//3776 1889//3776
f 3596//3776 1889//3776 1891//3776
f 1906//3776 3597//3776 1952//3776
f 1952//3776 3597//3776 3598//3776
f 1952//3776 3598//3776 3599//3776
f 3599//3776 3600//3776 1952//3776
f 1952//3776 3600//3776 3601//3776
f 1952//3776 3601//3776 3602//3776
f 3602//3776 3603//3776 1952//3776
f 1952//3776 3603//3776 3604//3776
f 1952//3776 3604//3776 2675//3776
f 2675//3776 3604//3776 3605//3776
f 2675//3776 3605//3776 3606//3776
f 3606//3776 3607//3776 2675//3776
f 2675//3776 3607//3776 2723//3776
f 2675//3776 2723//3776 2722//3776
f 2723//3776 3607//3776 2724//3776
f 2724//3776 3607//3776 3608//3776
f 2724//3776 3608//3776 2725//3776
f 2725//3776 3608//3776 3609//3776
f 2725//3776 3609//3776 2726//3776
f 2726//3776 3609//3776 3610//3776
f 2726//3776 3610//3776 2727//3776
f 2727//3776 3610//3776 3611//3776
f 2727//3776 3611//3776 2728//3776
f 2728//3776 3611//3776 2732//3776
f 2732//3776 3611//3776 2731//3776
f 2731//3776 3611//3776 2729//3776
f 2729//3776 3611//3776 3578//3776
f 2729//3776 3578//3776 2782//3776
f 3575//3776 3576//3776 3592//3776
f 3592//3776 3576//3776 3572//3776
f 3592//3776 3572//3776 3571//3776
f 3520//3776 3571//3776 3535//3776
f 3535//3776 3571//3776 3570//3776
f 3535//3776 3570//3776 3569//3776
f 3535//3776 3569//3776 3536//3776
f 3536//3776 3569//3776 3568//3776
f 3536//3776 3568//3776 3537//3776
f 3537//3776 3568//3776 3567//3776
f 3537//3776 3567//3776 3538//3776
f 3538//3776 3567//3776 3566//3776
f 3538//3776 3566//3776 3539//3776
f 3539//3776 3566//3776 3565//3776
f 3539//3776 3565//3776 3540//3776
f 3540//3776 3565//3776 3541//3776
f 3540//3776 3541//3776 3514//3776
f 3514//3776 3541//3776 3543//3776
f 3514//3776 3543//3776 3512//3776
f 3512//3776 3543//3776 3545//3776
f 3512//3776 3545//3776 3513//3776
f 3513//3776 3545//3776 3544//3776
f 3513//3776 3544//3776 3515//3776
f 3515//3776 3544//3776 3546//3776
f 3515//3776 3546//3776 3516//3776
f 3516//3776 3546//3776 3547//3776
f 3516//3776 3547//3776 3517//3776
f 3517//3776 3547//3776 3548//3776
f 3517//3776 3548//3776 3518//3776
f 3518//3776 3548//3776 3549//3776
f 3518//3776 3549//3776 3519//3776
f 3519//3776 3549//3776 3508//3776
f 3519//3776 3508//3776 3507//3776
f 3510//3776 3509//3776 3549//3776
f 3549//3776 3509//3776 3508//3776
f 3503//3776 3505//3776 3591//3776
f 3591//3776 3505//3776 3506//3776
f 3591//3776 3506//3776 3502//3776
f 3440//3776 3439//3776 3479//3776
f 3479//3776 3439//3776 3438//3776
f 3450//3776 3433//3776 3590//3776
f 3436//3776 3432//3776 3589//3776
f 3589//3776 3432//3776 3431//3776
f 3589//3776 3431//3776 3380//3776
f 3380//3776 3431//3776 3430//3776
f 3380//3776 3430//3776 3395//3776
f 3395//3776 3430//3776 3429//3776
f 3395//3776 3429//3776 3396//3776
f 3396//3776 3429//3776 3428//3776
f 3396//3776 3428//3776 3397//3776
f 3397//3776 3428//3776 3427//3776
f 3397//3776 3427//3776 3398//3776
f 3398//3776 3427//3776 3426//3776
f 3398//3776 3426//3776 3399//3776
f 3399//3776 3426//3776 3425//3776
f 3399//3776 3425//3776 3400//3776
f 3400//3776 3425//3776 3401//3776
f 3400//3776 3401//3776 3374//3776
f 3374//3776 3401//3776 3403//3776
f 3374//3776 3403//3776 3372//3776
f 3372//3776 3403//3776 3405//3776
f 3372//3776 3405//3776 3373//3776
f 3373//3776 3405//3776 3404//3776
f 3373//3776 3404//3776 3375//3776
f 3375//3776 3404//3776 3406//3776
f 3375//3776 3406//3776 3376//3776
f 3376//3776 3406//3776 3407//3776
f 3376//3776 3407//3776 3377//3776
f 3377//3776 3407//3776 3408//3776
f 3377//3776 3408//3776 3378//3776
f 3378//3776 3408//3776 3409//3776
f 3378//3776 3409//3776 3379//3776
f 3379//3776 3409//3776 3368//3776
f 3379//3776 3368//3776 3367//3776
f 3370//3776 3369//3776 3409//3776
f 3409//3776 3369//3776 3368//3776
f 3380//3776 3363//3776 3589//3776
f 3366//3776 3362//3776 3588//3776
f 3588//3776 3362//3776 3361//3776
f 3310//3776 3361//3776 3325//3776
f 3325//3776 3361//3776 3360//3776
f 3325//3776 3360//3776 3359//3776
f 3325//3776 3359//3776 3326//3776
f 3326//3776 3359//3776 3358//3776
f 3326//3776 3358//3776 3327//3776
f 3327//3776 3358//3776 3357//3776
f 3327//3776 3357//3776 3328//3776
f 3328//3776 3357//3776 3356//3776
f 3328//3776 3356//3776 3329//3776
f 3329//3776 3356//3776 3355//3776
f 3329//3776 3355//3776 3330//3776
f 3330//3776 3355//3776 3331//3776
f 3330//3776 3331//3776 3304//3776
f 3304//3776 3331//3776 3333//3776
f 3304//3776 3333//3776 3302//3776
f 3302//3776 3333//3776 3335//3776
f 3302//3776 3335//3776 3303//3776
f 3303//3776 3335//3776 3334//3776
f 3303//3776 3334//3776 3305//3776
f 3305//3776 3334//3776 3336//3776
f 3305//3776 3336//3776 3306//3776
f 3306//3776 3336//3776 3337//3776
f 3306//3776 3337//3776 3307//3776
f 3307//3776 3337//3776 3338//3776
f 3307//3776 3338//3776 3308//3776
f 3308//3776 3338//3776 3339//3776
f 3308//3776 3339//3776 3309//3776
f 3309//3776 3339//3776 3298//3776
f 3309//3776 3298//3776 3297//3776
f 3300//3776 3299//3776 3339//3776
f 3339//3776 3299//3776 3298//3776
f 3293//3776 3295//3776 3587//3776
f 3587//3776 3295//3776 3296//3776
f 3587//3776 3296//3776 3292//3776
f 3286//3776 3259//3776 3287//3776
f 3287//3776 3259//3776 3258//3776
f 3287//3776 3258//3776 3257//3776
f 3286//3776 3285//3776 3259//3776
f 3259//3776 3285//3776 3260//3776
f 3260//3776 3285//3776 3261//3776
f 3260//3776 3261//3776 3234//3776
f 3234//3776 3261//3776 3263//3776
f 3234//3776 3263//3776 3232//3776
f 3232//3776 3263//3776 3265//3776
f 3232//3776 3265//3776 3233//3776
f 3233//3776 3265//3776 3264//3776
f 3233//3776 3264//3776 3235//3776
f 3235//3776 3264//3776 3266//3776
f 3235//3776 3266//3776 3236//3776
f 3236//3776 3266//3776 3267//3776
f 3236//3776 3267//3776 3237//3776
f 3237//3776 3267//3776 3268//3776
f 3237//3776 3268//3776 3238//3776
f 3238//3776 3268//3776 3269//3776
f 3238//3776 3269//3776 3239//3776
f 3239//3776 3269//3776 3228//3776
f 3239//3776 3228//3776 3227//3776
f 3230//3776 3229//3776 3269//3776
f 3269//3776 3229//3776 3228//3776
f 3240//3776 3223//3776 3586//3776
f 3586//3776 3223//3776 3225//3776
f 3586//3776 3225//3776 3226//3776
f 3226//3776 3222//3776 3586//3776
f 3586//3776 3222//3776 3221//3776
f 3586//3776 3221//3776 3170//3776
f 3170//3776 3221//3776 3185//3776
f 3185//3776 3221//3776 3220//3776
f 3185//3776 3220//3776 3186//3776
f 3186//3776 3220//3776 3219//3776
f 3186//3776 3219//3776 3187//3776
f 3187//3776 3219//3776 3218//3776
f 3187//3776 3218//3776 3217//3776
f 3216//3776 3189//3776 3217//3776
f 3217//3776 3189//3776 3188//3776
f 3217//3776 3188//3776 3187//3776
f 3189//3776 3216//3776 3190//3776
f 3190//3776 3216//3776 3215//3776
f 3190//3776 3215//3776 3164//3776
f 3164//3776 3215//3776 3191//3776
f 3164//3776 3191//3776 3162//3776
f 3162//3776 3191//3776 3193//3776
f 3162//3776 3193//3776 3195//3776
f 3162//3776 3195//3776 3163//3776
f 3163//3776 3195//3776 3194//3776
f 3163//3776 3194//3776 3165//3776
f 3165//3776 3194//3776 3196//3776
f 3165//3776 3196//3776 3166//3776
f 3166//3776 3196//3776 3197//3776
f 3166//3776 3197//3776 3167//3776
f 3167//3776 3197//3776 3198//3776
f 3167//3776 3198//3776 3168//3776
f 3168//3776 3198//3776 3199//3776
f 3168//3776 3199//3776 3169//3776
f 3169//3776 3199//3776 3158//3776
f 3169//3776 3158//3776 3157//3776
f 3160//3776 3159//3776 3199//3776
f 3199//3776 3159//3776 3158//3776
f 3170//3776 3153//3776 3586//3776
f 3586//3776 3153//3776 3155//3776
f 3586//3776 3155//3776 3156//3776
f 3156//3776 3152//3776 3586//3776
f 3586//3776 3152//3776 3151//3776
f 3586//3776 3151//3776 3100//3776
f 3100//3776 3151//3776 3115//3776
f 3115//3776 3151//3776 3150//3776
f 3115//3776 3150//3776 3116//3776
f 3116//3776 3150//3776 3149//3776
f 3116//3776 3149//3776 3117//3776
f 3117//3776 3149//3776 3148//3776
f 3117//3776 3148//3776 3118//3776
f 3118//3776 3148//3776 3147//3776
f 3118//3776 3147//3776 3119//3776
f 3119//3776 3147//3776 3146//3776
f 3119//3776 3146//3776 3120//3776
f 3120//3776 3146//3776 3145//3776
f 3120//3776 3145//3776 3094//3776
f 3094//3776 3145//3776 3121//3776
f 3094//3776 3121//3776 3092//3776
f 3092//3776 3121//3776 3123//3776
f 3092//3776 3123//3776 3125//3776
f 3092//3776 3125//3776 3093//3776
f 3093//3776 3125//3776 3124//3776
f 3093//3776 3124//3776 3095//3776
f 3095//3776 3124//3776 3126//3776
f 3095//3776 3126//3776 3096//3776
f 3096//3776 3126//3776 3127//3776
f 3096//3776 3127//3776 3097//3776
f 3097//3776 3127//3776 3128//3776
f 3097//3776 3128//3776 3098//3776
f 3098//3776 3128//3776 3129//3776
f 3098//3776 3129//3776 3099//3776
f 3099//3776 3129//3776 3088//3776
f 3099//3776 3088//3776 3087//3776
f 3090//3776 3089//3776 3129//3776
f 3129//3776 3089//3776 3088//3776
f 3100//3776 3083//3776 3586//3776
f 3586//3776 3083//3776 3085//3776
f 3586//3776 3085//3776 3086//3776
f 3086//3776 3082//3776 3586//3776
f 3586//3776 3082//3776 3081//3776
f 3586//3776 3081//3776 3030//3776
f 3030//3776 3081//3776 3045//3776
f 3045//3776 3081//3776 3080//3776
f 3045//3776 3080//3776 3046//3776
f 3046//3776 3080//3776 3079//3776
f 3046//3776 3079//3776 3047//3776
f 3047//3776 3079//3776 3078//3776
f 3047//3776 3078//3776 3048//3776
f 3048//3776 3078//3776 3077//3776
f 3048//3776 3077//3776 3049//3776
f 3049//3776 3077//3776 3076//3776
f 3049//3776 3076//3776 3050//3776
f 3050//3776 3076//3776 3075//3776
f 3050//3776 3075//3776 3024//3776
f 3024//3776 3075//3776 3051//3776
f 3024//3776 3051//3776 3022//3776
f 3022//3776 3051//3776 3053//3776
f 3022//3776 3053//3776 3055//3776
f 3022//3776 3055//3776 3023//3776
f 3023//3776 3055//3776 3054//3776
f 3023//3776 3054//3776 3025//3776
f 3025//3776 3054//3776 3056//3776
f 3025//3776 3056//3776 3026//3776
f 3026//3776 3056//3776 3057//3776
f 3026//3776 3057//3776 3027//3776
f 3027//3776 3057//3776 3058//3776
f 3027//3776 3058//3776 3028//3776
f 3028//3776 3058//3776 3059//3776
f 3028//3776 3059//3776 3029//3776
f 3029//3776 3059//3776 3018//3776
f 3029//3776 3018//3776 3017//3776
f 3020//3776 3019//3776 3059//3776
f 3059//3776 3019//3776 3018//3776
f 3030//3776 3013//3776 3586//3776
f 3586//3776 3013//3776 3015//3776
f 3586//3776 3015//3776 3016//3776
f 3016//3776 3012//3776 3586//3776
f 3586//3776 3012//3776 3011//3776
f 3586//3776 3011//3776 2960//3776
f 2960//3776 3011//3776 2975//3776
f 2975//3776 3011//3776 3010//3776
f 2975//3776 3010//3776 2976//3776
f 2976//3776 3010//3776 3009//3776
f 2976//3776 3009//3776 2977//3776
f 2977//3776 3009//3776 3008//3776
f 2977//3776 3008//3776 2978//3776
f 2978//3776 3008//3776 3007//3776
f 2978//3776 3007//3776 2979//3776
f 2979//3776 3007//3776 3006//3776
f 2979//3776 3006//3776 2980//3776
f 2980//3776 3006//3776 3005//3776
f 2980//3776 3005//3776 2954//3776
f 2954//3776 3005//3776 2981//3776
f 2954//3776 2981//3776 2952//3776
f 2952//3776 2981//3776 2983//3776
f 2952//3776 2983//3776 2985//3776
f 2952//3776 2985//3776 2953//3776
f 2953//3776 2985//3776 2984//3776
f 2953//3776 2984//3776 2955//3776
f 2955//3776 2984//3776 2986//3776
f 2955//3776 2986//3776 2956//3776
f 2956//3776 2986//3776 2987//3776
f 2956//3776 2987//3776 2957//3776
f 2957//3776 2987//3776 2988//3776
f 2957//3776 2988//3776 2958//3776
f 2958//3776 2988//3776 2989//3776
f 2958//3776 2989//3776 2959//3776
f 2959//3776 2989//3776 2948//3776
f 2959//3776 2948//3776 2947//3776
f 2950//3776 2949//3776 2989//3776
f 2989//3776 2949//3776 2948//3776
f 2960//3776 2943//3776 3586//3776
f 3586//3776 2943//3776 2945//3776
f 3586//3776 2945//3776 2946//3776
f 2946//3776 2942//3776 3586//3776
f 3586//3776 2942//3776 2941//3776
f 3586//3776 2941//3776 2890//3776
f 2890//3776 2941//3776 2905//3776
f 2905//3776 2941//3776 2940//3776
f 2905//3776 2940//3776 2906//3776
f 2906//3776 2940//3776 2939//3776
f 2906//3776 2939//3776 2907//3776
f 2907//3776 2939//3776 2938//3776
f 2907//3776 2938//3776 2908//3776
f 2908//3776 2938//3776 2937//3776
f 2908//3776 2937//3776 2909//3776
f 2909//3776 2937//3776 2936//3776
f 2909//3776 2936//3776 2910//3776
f 2910//3776 2936//3776 2935//3776
f 2910//3776 2935//3776 2884//3776
f 2884//3776 2935//3776 2911//3776
f 2884//3776 2911//3776 2882//3776
f 2882//3776 2911//3776 2913//3776
f 2882//3776 2913//3776 2915//3776
f 2882//3776 2915//3776 2883//3776
f 2883//3776 2915//3776 2914//3776
f 2883//3776 2914//3776 2885//3776
f 2885//3776 2914//3776 2916//3776
f 2885//3776 2916//3776 2886//3776
f 2886//3776 2916//3776 2917//3776
f 2886//3776 2917//3776 2887//3776
f 2887//3776 2917//3776 2918//3776
f 2887//3776 2918//3776 2888//3776
f 2888//3776 2918//3776 2919//3776
f 2888//3776 2919//3776 2889//3776
f 2889//3776 2919//3776 2878//3776
f 2889//3776 2878//3776 2877//3776
f 2880//3776 2879//3776 2919//3776
f 2919//3776 2879//3776 2878//3776
f 2890//3776 2873//3776 3586//3776
f 3586//3776 2873//3776 2875//3776
f 3586//3776 2875//3776 2876//3776
f 2876//3776 2842//3776 3586//3776
f 3586//3776 2842//3776 2841//3776
f 2844//3776 2815//3776 2845//3776
f 2845//3776 2815//3776 2814//3776
f 2845//3776 2814//3776 2847//3776
f 2847//3776 2814//3776 2816//3776
f 2847//3776 2816//3776 2848//3776
f 2848//3776 2816//3776 2817//3776
f 2848//3776 2817//3776 2849//3776
f 2849//3776 2817//3776 2818//3776
f 2849//3776 2818//3776 2850//3776
f 2850//3776 2818//3776 2819//3776
f 2850//3776 2819//3776 2851//3776
f 2851//3776 2819//3776 2808//3776
f 2851//3776 2808//3776 2807//3776
f 2810//3776 2809//3776 2819//3776
f 2819//3776 2809//3776 2808//3776
f 2735//3776 2736//3776 3577//3776
f 3577//3776 2736//3776 2738//3776
f 2767//3776 2801//3776 2768//3776
f 2768//3776 2801//3776 2800//3776
f 2768//3776 2800//3776 2799//3776
f 2767//3776 2766//3776 2801//3776
f 2801//3776 2766//3776 2802//3776
f 2802//3776 2766//3776 2743//3776
f 2802//3776 2743//3776 2776//3776
f 2776//3776 2743//3776 2745//3776
f 2776//3776 2745//3776 2774//3776
f 2774//3776 2745//3776 2747//3776
f 2774//3776 2747//3776 2775//3776
f 2775//3776 2747//3776 2746//3776
f 2775//3776 2746//3776 2777//3776
f 2777//3776 2746//3776 2748//3776
f 2777//3776 2748//3776 2778//3776
f 2778//3776 2748//3776 2749//3776
f 2778//3776 2749//3776 2779//3776
f 2779//3776 2749//3776 2750//3776
f 2779//3776 2750//3776 2780//3776
f 2780//3776 2750//3776 2751//3776
f 2780//3776 2751//3776 2781//3776
f 2781//3776 2751//3776 2740//3776
f 2781//3776 2740//3776 2739//3776
f 2742//3776 2741//3776 2751//3776
f 2751//3776 2741//3776 2740//3776
f 2722//3776 2721//3776 2675//3776
f 2675//3776 2721//3776 2697//3776
f 2675//3776 2697//3776 2699//3776
f 2699//3776 2701//3776 2675//3776
f 2675//3776 2701//3776 2700//3776
f 2675//3776 2700//3776 2702//3776
f 2702//3776 2703//3776 2675//3776
f 2675//3776 2703//3776 2704//3776
f 2675//3776 2704//3776 2705//3776
f 2666//3776 2665//3776 2705//3776
f 2705//3776 2665//3776 2664//3776
f 2705//3776 2664//3776 2675//3776
f 2675//3776 2664//3776 2663//3776
f 2674//3776 2696//3776 2675//3776
f 2675//3776 2696//3776 2695//3776
f 2675//3776 2695//3776 1952//3776
f 1952//3776 2695//3776 1953//3776
f 1953//3776 2695//3776 2694//3776
f 1953//3776 2694//3776 1954//3776
f 1954//3776 2694//3776 2693//3776
f 1954//3776 2693//3776 1955//3776
f 1955//3776 2693//3776 2692//3776
f 1955//3776 2692//3776 1956//3776
f 1956//3776 2692//3776 2691//3776
f 1956//3776 2691//3776 1957//3776
f 1957//3776 2691//3776 2676//3776
f 1957//3776 2676//3776 1958//3776
f 1958//3776 2676//3776 2659//3776
f 1958//3776 2659//3776 1962//3776
f 1962//3776 2659//3776 2661//3776
f 1962//3776 2661//3776 1961//3776
f 1961//3776 2661//3776 2662//3776
f 1961//3776 2662//3776 1959//3776
f 1959//3776 2662//3776 2658//3776
f 1959//3776 2658//3776 2028//3776
f 2028//3776 2658//3776 2589//3776
f 2028//3776 2589//3776 2032//3776
f 2032//3776 2589//3776 2591//3776
f 2032//3776 2591//3776 2031//3776
f 2031//3776 2591//3776 2592//3776
f 2031//3776 2592//3776 2029//3776
f 2029//3776 2592//3776 2588//3776
f 2029//3776 2588//3776 2098//3776
f 2098//3776 2588//3776 2519//3776
f 2098//3776 2519//3776 2102//3776
f 2102//3776 2519//3776 2521//3776
f 2102//3776 2521//3776 2101//3776
f 2101//3776 2521//3776 2522//3776
f 2101//3776 2522//3776 2099//3776
f 2099//3776 2522//3776 2518//3776
f 2099//3776 2518//3776 2168//3776
f 2168//3776 2518//3776 2449//3776
f 2168//3776 2449//3776 2172//3776
f 2172//3776 2449//3776 2451//3776
f 2172//3776 2451//3776 2171//3776
f 2171//3776 2451//3776 2452//3776
f 2171//3776 2452//3776 2169//3776
f 2169//3776 2452//3776 2448//3776
f 2169//3776 2448//3776 2379//3776
f 2379//3776 2448//3776 2396//3776
f 2396//3776 2448//3776 2447//3776
f 2396//3776 2447//3776 2411//3776
f 2411//3776 2447//3776 2446//3776
f 2411//3776 2446//3776 2445//3776
f 2674//3776 2673//3776 2696//3776
f 2696//3776 2673//3776 2670//3776
f 2670//3776 2673//3776 2672//3776
f 2670//3776 2672//3776 2671//3776
f 2671//3776 2669//3776 2670//3776
f 2670//3776 2669//3776 2668//3776
f 2589//3776 2658//3776 2606//3776
f 2606//3776 2658//3776 2657//3776
f 2606//3776 2657//3776 2621//3776
f 2621//3776 2657//3776 2656//3776
f 2621//3776 2656//3776 2655//3776
f 2621//3776 2655//3776 2622//3776
f 2622//3776 2655//3776 2654//3776
f 2622//3776 2654//3776 2623//3776
f 2623//3776 2654//3776 2653//3776
f 2623//3776 2653//3776 2624//3776
f 2624//3776 2653//3776 2652//3776
f 2624//3776 2652//3776 2625//3776
f 2625//3776 2652//3776 2651//3776
f 2625//3776 2651//3776 2626//3776
f 2626//3776 2651//3776 2627//3776
f 2626//3776 2627//3776 2600//3776
f 2600//3776 2627//3776 2629//3776
f 2600//3776 2629//3776 2598//3776
f 2598//3776 2629//3776 2631//3776
f 2598//3776 2631//3776 2599//3776
f 2599//3776 2631//3776 2630//3776
f 2599//3776 2630//3776 2601//3776
f 2601//3776 2630//3776 2632//3776
f 2601//3776 2632//3776 2602//3776
f 2602//3776 2632//3776 2633//3776
f 2602//3776 2633//3776 2603//3776
f 2603//3776 2633//3776 2634//3776
f 2603//3776 2634//3776 2604//3776
f 2604//3776 2634//3776 2635//3776
f 2604//3776 2635//3776 2605//3776
f 2605//3776 2635//3776 2594//3776
f 2605//3776 2594//3776 2593//3776
f 2596//3776 2595//3776 2635//3776
f 2635//3776 2595//3776 2594//3776
f 2519//3776 2588//3776 2536//3776
f 2536//3776 2588//3776 2587//3776
f 2536//3776 2587//3776 2586//3776
f 2536//3776 2586//3776 2551//3776
f 2551//3776 2586//3776 2585//3776
f 2551//3776 2585//3776 2552//3776
f 2552//3776 2585//3776 2584//3776
f 2552//3776 2584//3776 2553//3776
f 2553//3776 2584//3776 2583//3776
f 2553//3776 2583//3776 2554//3776
f 2554//3776 2583//3776 2582//3776
f 2554//3776 2582//3776 2555//3776
f 2555//3776 2582//3776 2581//3776
f 2555//3776 2581//3776 2556//3776
f 2556//3776 2581//3776 2557//3776
f 2556//3776 2557//3776 2530//3776
f 2530//3776 2557//3776 2559//3776
f 2530//3776 2559//3776 2528//3776
f 2528//3776 2559//3776 2561//3776
f 2528//3776 2561//3776 2529//3776
f 2529//3776 2561//3776 2560//3776
f 2529//3776 2560//3776 2531//3776
f 2531//3776 2560//3776 2562//3776
f 2531//3776 2562//3776 2532//3776
f 2532//3776 2562//3776 2563//3776
f 2532//3776 2563//3776 2533//3776
f 2533//3776 2563//3776 2564//3776
f 2533//3776 2564//3776 2534//3776
f 2534//3776 2564//3776 2565//3776
f 2534//3776 2565//3776 2535//3776
f 2535//3776 2565//3776 2524//3776
f 2535//3776 2524//3776 2523//3776
f 2526//3776 2525//3776 2565//3776
f 2565//3776 2525//3776 2524//3776
f 2449//3776 2518//3776 2466//3776
f 2466//3776 2518//3776 2517//3776
f 2466//3776 2517//3776 2516//3776
f 2466//3776 2516//3776 2481//3776
f 2481//3776 2516//3776 2515//3776
f 2481//3776 2515//3776 2482//3776
f 2482//3776 2515//3776 2514//3776
f 2482//3776 2514//3776 2483//3776
f 2483//3776 2514//3776 2513//3776
f 2483//3776 2513//3776 2484//3776
f 2484//3776 2513//3776 2512//3776
f 2484//3776 2512//3776 2485//3776
f 2485//3776 2512//3776 2511//3776
f 2485//3776 2511//3776 2486//3776
f 2486//3776 2511//3776 2487//3776
f 2486//3776 2487//3776 2460//3776
f 2460//3776 2487//3776 2489//3776
f 2460//3776 2489//3776 2458//3776
f 2458//3776 2489//3776 2491//3776
f 2458//3776 2491//3776 2459//3776
f 2459//3776 2491//3776 2490//3776
f 2459//3776 2490//3776 2461//3776
f 2461//3776 2490//3776 2492//3776
f 2461//3776 2492//3776 2462//3776
f 2462//3776 2492//3776 2493//3776
f 2462//3776 2493//3776 2463//3776
f 2463//3776 2493//3776 2494//3776
f 2463//3776 2494//3776 2464//3776
f 2464//3776 2494//3776 2495//3776
f 2464//3776 2495//3776 2465//3776
f 2465//3776 2495//3776 2454//3776
f 2465//3776 2454//3776 2453//3776
f 2456//3776 2455//3776 2495//3776
f 2495//3776 2455//3776 2454//3776
f 2411//3776 2445//3776 2412//3776
f 2412//3776 2445//3776 2444//3776
f 2412//3776 2444//3776 2413//3776
f 2413//3776 2444//3776 2443//3776
f 2413//3776 2443//3776 2414//3776
f 2414//3776 2443//3776 2442//3776
f 2414//3776 2442//3776 2415//3776
f 2415//3776 2442//3776 2441//3776
f 2415//3776 2441//3776 2416//3776
f 2416//3776 2441//3776 2417//3776
f 2416//3776 2417//3776 2390//3776
f 2390//3776 2417//3776 2419//3776
f 2390//3776 2419//3776 2388//3776
f 2388//3776 2419//3776 2421//3776
f 2388//3776 2421//3776 2389//3776
f 2389//3776 2421//3776 2420//3776
f 2389//3776 2420//3776 2391//3776
f 2391//3776 2420//3776 2422//3776
f 2391//3776 2422//3776 2392//3776
f 2392//3776 2422//3776 2423//3776
f 2392//3776 2423//3776 2393//3776
f 2393//3776 2423//3776 2424//3776
f 2393//3776 2424//3776 2394//3776
f 2394//3776 2424//3776 2425//3776
f 2394//3776 2425//3776 2395//3776
f 2395//3776 2425//3776 2384//3776
f 2395//3776 2384//3776 2383//3776
f 2386//3776 2385//3776 2425//3776
f 2425//3776 2385//3776 2384//3776
f 2381//3776 2242//3776 2379//3776
f 2379//3776 2242//3776 2238//3776
f 2379//3776 2238//3776 2169//3776
f 2169//3776 2238//3776 2186//3776
f 2186//3776 2238//3776 2237//3776
f 2186//3776 2237//3776 2201//3776
f 2201//3776 2237//3776 2236//3776
f 2201//3776 2236//3776 2202//3776
f 2202//3776 2236//3776 2235//3776
f 2202//3776 2235//3776 2203//3776
f 2203//3776 2235//3776 2234//3776
f 2203//3776 2234//3776 2204//3776
f 2204//3776 2234//3776 2233//3776
f 2204//3776 2233//3776 2205//3776
f 2205//3776 2233//3776 2232//3776
f 2205//3776 2232//3776 2206//3776
f 2206//3776 2232//3776 2231//3776
f 2206//3776 2231//3776 2180//3776
f 2180//3776 2231//3776 2207//3776
f 2180//3776 2207//3776 2178//3776
f 2178//3776 2207//3776 2209//3776
f 2178//3776 2209//3776 2211//3776
f 2242//3776 2381//3776 2241//3776
f 2241//3776 2381//3776 2382//3776
f 2241//3776 2382//3776 2239//3776
f 2239//3776 2382//3776 2378//3776
f 2239//3776 2378//3776 2308//3776
f 2308//3776 2378//3776 2312//3776
f 2312//3776 2378//3776 2311//3776
f 2311//3776 2378//3776 2309//3776
f 2309//3776 2378//3776 2326//3776
f 2326//3776 2378//3776 2377//3776
f 2326//3776 2377//3776 2341//3776
f 2341//3776 2377//3776 2376//3776
f 2341//3776 2376//3776 2342//3776
f 2342//3776 2376//3776 2375//3776
f 2342//3776 2375//3776 2343//3776
f 2343//3776 2375//3776 2374//3776
f 2343//3776 2374//3776 2373//3776
f 2372//3776 2345//3776 2373//3776
f 2373//3776 2345//3776 2344//3776
f 2373//3776 2344//3776 2343//3776
f 2372//3776 2371//3776 2345//3776
f 2345//3776 2371//3776 2346//3776
f 2346//3776 2371//3776 2347//3776
f 2346//3776 2347//3776 2320//3776
f 2320//3776 2347//3776 2349//3776
f 2320//3776 2349//3776 2318//3776
f 2318//3776 2349//3776 2351//3776
f 2318//3776 2351//3776 2319//3776
f 2319//3776 2351//3776 2350//3776
f 2319//3776 2350//3776 2321//3776
f 2321//3776 2350//3776 2352//3776
f 2321//3776 2352//3776 2322//3776
f 2322//3776 2352//3776 2353//3776
f 2322//3776 2353//3776 2323//3776
f 2323//3776 2353//3776 2354//3776
f 2323//3776 2354//3776 2324//3776
f 2324//3776 2354//3776 2355//3776
f 2324//3776 2355//3776 2325//3776
f 2325//3776 2355//3776 2314//3776
f 2325//3776 2314//3776 2313//3776
f 2316//3776 2315//3776 2355//3776
f 2355//3776 2315//3776 2314//3776
f 2239//3776 2308//3776 2256//3776
f 2256//3776 2308//3776 2307//3776
f 2256//3776 2307//3776 2271//3776
f 2271//3776 2307//3776 2306//3776
f 2271//3776 2306//3776 2272//3776
f 2272//3776 2306//3776 2305//3776
f 2272//3776 2305//3776 2273//3776
f 2273//3776 2305//3776 2304//3776
f 2273//3776 2304//3776 2303//3776
f 2302//3776 2275//3776 2303//3776
f 2303//3776 2275//3776 2274//3776
f 2303//3776 2274//3776 2273//3776
f 2275//3776 2302//3776 2276//3776
f 2276//3776 2302//3776 2301//3776
f 2276//3776 2301//3776 2250//3776
f 2250//3776 2301//3776 2277//3776
f 2250//3776 2277//3776 2248//3776
f 2248//3776 2277//3776 2279//3776
f 2248//3776 2279//3776 2281//3776
f 2248//3776 2281//3776 2249//3776
f 2249//3776 2281//3776 2280//3776
f 2249//3776 2280//3776 2251//3776
f 2251//3776 2280//3776 2282//3776
f 2251//3776 2282//3776 2252//3776
f 2252//3776 2282//3776 2283//3776
f 2252//3776 2283//3776 2253//3776
f 2253//3776 2283//3776 2284//3776
f 2253//3776 2284//3776 2254//3776
f 2254//3776 2284//3776 2285//3776
f 2254//3776 2285//3776 2255//3776
f 2255//3776 2285//3776 2244//3776
f 2255//3776 2244//3776 2243//3776
f 2246//3776 2245//3776 2285//3776
f 2285//3776 2245//3776 2244//3776
f 2178//3776 2211//3776 2179//3776
f 2179//3776 2211//3776 2210//3776
f 2179//3776 2210//3776 2181//3776
f 2181//3776 2210//3776 2212//3776
f 2181//3776 2212//3776 2182//3776
f 2182//3776 2212//3776 2213//3776
f 2182//3776 2213//3776 2183//3776
f 2183//3776 2213//3776 2214//3776
f 2183//3776 2214//3776 2184//3776
f 2184//3776 2214//3776 2215//3776
f 2184//3776 2215//3776 2185//3776
f 2185//3776 2215//3776 2174//3776
f 2185//3776 2174//3776 2173//3776
f 2176//3776 2175//3776 2215//3776
f 2215//3776 2175//3776 2174//3776
f 2099//3776 2168//3776 2116//3776
f 2116//3776 2168//3776 2167//3776
f 2116//3776 2167//3776 2131//3776
f 2131//3776 2167//3776 2166//3776
f 2131//3776 2166//3776 2132//3776
f 2132//3776 2166//3776 2165//3776
f 2132//3776 2165//3776 2133//3776
f 2133//3776 2165//3776 2164//3776
f 2133//3776 2164//3776 2134//3776
f 2134//3776 2164//3776 2163//3776
f 2134//3776 2163//3776 2135//3776
f 2135//3776 2163//3776 2162//3776
f 2135//3776 2162//3776 2136//3776
f 2136//3776 2162//3776 2161//3776
f 2136//3776 2161//3776 2110//3776
f 2110//3776 2161//3776 2137//3776
f 2110//3776 2137//3776 2108//3776
f 2108//3776 2137//3776 2139//3776
f 2108//3776 2139//3776 2141//3776
f 2108//3776 2141//3776 2109//3776
f 2109//3776 2141//3776 2140//3776
f 2109//3776 2140//3776 2111//3776
f 2111//3776 2140//3776 2142//3776
f 2111//3776 2142//3776 2112//3776
f 2112//3776 2142//3776 2143//3776
f 2112//3776 2143//3776 2113//3776
f 2113//3776 2143//3776 2144//3776
f 2113//3776 2144//3776 2114//3776
f 2114//3776 2144//3776 2145//3776
f 2114//3776 2145//3776 2115//3776
f 2115//3776 2145//3776 2104//3776
f 2115//3776 2104//3776 2103//3776
f 2106//3776 2105//3776 2145//3776
f 2145//3776 2105//3776 2104//3776
f 2029//3776 2098//3776 2046//3776
f 2046//3776 2098//3776 2097//3776
f 2046//3776 2097//3776 2061//3776
f 2061//3776 2097//3776 2096//3776
f 2061//3776 2096//3776 2062//3776
f 2062//3776 2096//3776 2095//3776
f 2062//3776 2095//3776 2063//3776
f 2063//3776 2095//3776 2094//3776
f 2063//3776 2094//3776 2064//3776
f 2064//3776 2094//3776 2093//3776
f 2064//3776 2093//3776 2065//3776
f 2065//3776 2093//3776 2092//3776
f 2065//3776 2092//3776 2066//3776
f 2066//3776 2092//3776 2091//3776
f 2066//3776 2091//3776 2040//3776
f 2040//3776 2091//3776 2067//3776
f 2040//3776 2067//3776 2038//3776
f 2038//3776 2067//3776 2069//3776
f 2038//3776 2069//3776 2071//3776
f 2038//3776 2071//3776 2039//3776
f 2039//3776 2071//3776 2070//3776
f 2039//3776 2070//3776 2041//3776
f 2041//3776 2070//3776 2072//3776
f 2041//3776 2072//3776 2042//3776
f 2042//3776 2072//3776 2073//3776
f 2042//3776 2073//3776 2043//3776
f 2043//3776 2073//3776 2074//3776
f 2043//3776 2074//3776 2044//3776
f 2044//3776 2074//3776 2075//3776
f 2044//3776 2075//3776 2045//3776
f 2045//3776 2075//3776 2034//3776
f 2045//3776 2034//3776 2033//3776
f 2036//3776 2035//3776 2075//3776
f 2075//3776 2035//3776 2034//3776
f 1959//3776 2028//3776 1976//3776
f 1976//3776 2028//3776 2027//3776
f 1976//3776 2027//3776 1991//3776
f 1991//3776 2027//3776 2026//3776
f 1991//3776 2026//3776 1992//3776
f 1992//3776 2026//3776 2025//3776
f 1992//3776 2025//3776 1993//3776
f 1993//3776 2025//3776 2024//3776
f 1993//3776 2024//3776 1994//3776
f 1994//3776 2024//3776 2023//3776
f 1994//3776 2023//3776 1995//3776
f 1995//3776 2023//3776 2022//3776
f 1995//3776 2022//3776 1996//3776
f 1996//3776 2022//3776 1970//3776
f 1970//3776 2022//3776 1968//3776
f 1968//3776 2022//3776 1969//3776
f 1969//3776 2022//3776 1971//3776
f 1971//3776 2022//3776 1972//3776
f 1972//3776 2022//3776 1973//3776
f 1973//3776 2022//3776 2021//3776
f 1973//3776 2021//3776 1997//3776
f 1997//3776 1999//3776 1973//3776
f 1973//3776 1999//3776 2001//3776
f 1973//3776 2001//3776 2000//3776
f 2000//3776 2002//3776 1973//3776
f 1973//3776 2002//3776 2003//3776
f 1973//3776 2003//3776 2004//3776
f 1973//3776 2004//3776 1974//3776
f 1974//3776 2004//3776 2005//3776
f 1974//3776 2005//3776 1964//3776
f 1964//3776 2005//3776 1965//3776
f 1965//3776 2005//3776 1966//3776
f 1963//3776 1975//3776 1964//3776
f 1964//3776 1975//3776 1974//3776
f 1951//3776 1926//3776 1952//3776
f 1952//3776 1926//3776 1925//3776
f 1952//3776 1925//3776 1924//3776
f 1926//3776 1951//3776 1900//3776
f 1900//3776 1951//3776 1927//3776
f 1900//3776 1927//3776 1898//3776
f 1898//3776 1927//3776 1929//3776
f 1898//3776 1929//3776 1931//3776
f 1898//3776 1931//3776 1899//3776
f 1899//3776 1931//3776 1930//3776
f 1899//3776 1930//3776 1901//3776
f 1901//3776 1930//3776 1932//3776
f 1901//3776 1932//3776 1902//3776
f 1902//3776 1932//3776 1933//3776
f 1902//3776 1933//3776 1903//3776
f 1903//3776 1933//3776 1934//3776
f 1903//3776 1934//3776 1904//3776
f 1904//3776 1934//3776 1935//3776
f 1904//3776 1935//3776 1905//3776
f 1905//3776 1935//3776 1894//3776
f 1905//3776 1894//3776 1893//3776
f 1896//3776 1895//3776 1935//3776
f 1935//3776 1895//3776 1894//3776
f 1924//3776 1923//3776 1952//3776
f 1952//3776 1923//3776 1922//3776
f 1952//3776 1922//3776 1921//3776
f 1921//3776 1906//3776 1952//3776
f 1891//3776 1892//3776 3596//3776
f 3596//3776 1892//3776 1888//3776
f 1882//3776 1864//3776 1883//3776
f 1883//3776 1864//3776 1863//3776
f 1883//3776 1863//3776 1862//3776
f 1882//3776 1881//3776 1864//3776
f 1864//3776 1881//3776 1865//3776
f 1865//3776 1881//3776 1825//3776
f 1865//3776 1825//3776 1837//3776
f 1837//3776 1825//3776 1827//3776
f 1837//3776 1827//3776 1835//3776
f 1835//3776 1827//3776 1829//3776
f 1835//3776 1829//3776 1836//3776
f 1836//3776 1829//3776 1828//3776
f 1836//3776 1828//3776 1838//3776
f 1838//3776 1828//3776 1830//3776
f 1838//3776 1830//3776 1839//3776
f 1839//3776 1830//3776 1831//3776
f 1839//3776 1831//3776 1840//3776
f 1840//3776 1831//3776 1832//3776
f 1840//3776 1832//3776 1841//3776
f 1841//3776 1832//3776 1833//3776
f 1841//3776 1833//3776 1842//3776
f 1842//3776 1833//3776 1822//3776
f 1842//3776 1822//3776 1821//3776
f 1824//3776 1823//3776 1833//3776
f 1833//3776 1823//3776 1822//3776
f 1858//3776 1859//3776 3595//3776
f 2804//3776 2806//3776 3593//3776
f 3593//3776 2806//3776 3612//3776
f 3593//3776 3612//3776 3594//3776
f 3594//3776 3612//3776 3613//3776
f 3613//3776 3612//3776 3614//3776
f 3613//3776 3614//3776 3615//3776
f 3615//3776 3614//3776 3616//3776
f 3615//3776 3616//3776 3617//3776
f 3617//3776 3616//3776 3618//3776
f 3617//3776 3618//3776 3619//3776
f 3617//3776 3619//3776 3620//3776
f 3620//3776 3619//3776 3621//3776
f 3620//3776 3621//3776 3622//3776
f 3622//3776 3621//3776 3623//3776
f 3622//3776 3623//3776 3624//3776
f 3624//3776 3623//3776 3625//3776
f 3624//3776 3625//3776 3626//3776
f 3626//3776 3625//3776 3627//3776
f 3626//3776 3627//3776 3628//3776
f 3628//3776 3627//3776 3629//3776
f 3628//3776 3629//3776 3630//3776
f 3630//3776 3629//3776 3631//3776
f 3630//3776 3631//3776 3632//3776
f 3632//3776 3631//3776 3633//3776
f 3632//3776 3633//3776 3634//3776
f 3634//3776 3633//3776 3635//3776
f 3634//3776 3635//3776 3636//3776
f 3636//3776 3635//3776 3637//3776
f 3636//3776 3637//3776 3638//3776
f 3638//3776 3637//3776 3639//3776
f 3638//3776 3639//3776 3640//3776
f 3640//3776 3639//3776 3641//3776
f 3640//3776 3641//3776 3642//3776
f 3643//3776 3644//3776 3639//3776
f 3639//3776 3644//3776 3641//3776
f 1210//3777 3642//3777 1211//3777
f 1211//3777 3642//3777 3641//3777
f 1211//3778 3641//3778 1208//3778
f 1208//3778 3641//3778 3644//3778
f 1208//3779 3644//3779 1209//3779
f 1209//3779 3644//3779 3643//3779
f 1189//3780 3645//3780 1187//3780
f 1187//3781 3645//3781 3628//3781
f 1187//3782 3628//3782 3630//3782
f 3645//3783 3626//3783 3628//3783
f 3632//3784 1198//3784 3630//3784
f 3630//3785 1198//3785 1196//3785
f 3630//3786 1196//3786 1187//3786
f 1198//3787 3632//3787 1200//3787
f 1200//3788 3632//3788 3634//3788
f 1200//3789 3634//3789 1202//3789
f 1202//3790 3634//3790 3636//3790
f 1202//3791 3636//3791 1204//3791
f 1204//3792 3636//3792 3638//3792
f 1204//3793 3638//3793 1206//3793
f 1206//3794 3638//3794 3640//3794
f 1206//3795 3640//3795 1210//3795
f 1210//3796 3640//3796 3642//3796
f 3573//3797 3594//3797 3574//3797
f 3574//3798 3594//3798 3646//3798
f 3574//3799 3646//3799 3647//3799
f 3647//3800 3646//3800 3648//3800
f 3647//3800 3648//3800 3649//3800
f 3649//3801 3648//3801 3650//3801
f 3649//3801 3650//3801 3651//3801
f 3651//3802 3650//3802 3652//3802
f 3651//3802 3652//3802 3653//3802
f 3653//3803 3652//3803 3654//3803
f 3653//3803 3654//3803 3655//3803
f 3655//3804 3654//3804 3656//3804
f 3655//3804 3656//3804 3657//3804
f 3657//3805 3656//3805 3658//3805
f 3657//3805 3658//3805 3659//3805
f 3659//3806 3658//3806 3645//3806
f 3659//3807 3645//3807 1191//3807
f 1191//3808 3645//3808 1189//3808
f 3594//3809 3613//3809 3646//3809
f 3646//3810 3613//3810 3648//3810
f 3613//3811 3615//3811 3648//3811
f 3648//3812 3615//3812 3650//3812
f 3615//3813 3617//3813 3650//3813
f 3650//3814 3617//3814 3652//3814
f 3617//3815 3620//3815 3652//3815
f 3652//3816 3620//3816 3654//3816
f 3620//3817 3622//3817 3654//3817
f 3654//3818 3622//3818 3656//3818
f 3656//3819 3622//3819 3658//3819
f 3658//3820 3622//3820 3624//3820
f 3658//3821 3624//3821 3626//3821
f 3626//3806 3645//3806 3658//3806
f 1191//3822 1193//3822 3659//3822
f 3659//3823 1193//3823 3657//3823
f 3657//3824 1193//3824 3655//3824
f 3655//3825 1193//3825 1080//3825
f 3655//3826 1080//3826 3653//3826
f 3653//3827 1080//3827 1079//3827
f 3653//3828 1079//3828 3651//3828
f 3651//3829 1079//3829 1078//3829
f 3651//3830 1078//3830 3649//3830
f 3649//3831 1078//3831 1820//3831
f 3649//3832 1820//3832 3647//3832
f 3647//3833 1820//3833 1819//3833
f 3647//3834 1819//3834 3574//3834
f 3574//3797 1819//3797 1083//3797
f 3625//3835 3660//3835 3627//3835
f 3627//3836 3660//3836 1195//3836
f 3627//3837 1195//3837 1197//3837
f 3660//3838 1188//3838 1195//3838
f 1199//3839 3631//3839 1197//3839
f 1197//3840 3631//3840 3629//3840
f 1197//3841 3629//3841 3627//3841
f 3631//3842 1199//3842 3633//3842
f 3633//3843 1199//3843 1201//3843
f 3633//3844 1201//3844 3635//3844
f 3635//3845 1201//3845 1203//3845
f 3635//3846 1203//3846 3637//3846
f 3637//3847 1203//3847 1205//3847
f 3637//3848 1205//3848 3639//3848
f 3639//3849 1205//3849 1207//3849
f 3639//3850 1207//3850 3643//3850
f 3643//3851 1207//3851 1209//3851
f 1073//3852 1072//3852 2803//3852
f 2803//3853 1072//3853 3661//3853
f 2803//3854 3661//3854 3662//3854
f 3662//3855 3661//3855 3663//3855
f 3662//3855 3663//3855 3664//3855
f 3664//3856 3663//3856 3665//3856
f 3664//3856 3665//3856 3666//3856
f 3666//3857 3665//3857 3667//3857
f 3666//3857 3667//3857 3668//3857
f 3668//3858 3667//3858 3669//3858
f 3668//3858 3669//3858 3670//3858
f 3670//3859 3669//3859 3671//3859
f 3670//3860 3671//3860 3672//3860
f 3672//3861 3671//3861 3673//3861
f 3672//3861 3673//3861 3674//3861
f 3674//3862 3673//3862 3660//3862
f 3674//3863 3660//3863 3623//3863
f 3623//3864 3660//3864 3625//3864
f 1072//3865 1077//3865 3661//3865
f 3661//3866 1077//3866 3663//3866
f 1077//3867 1076//3867 3663//3867
f 3663//3868 1076//3868 3665//3868
f 1076//3869 1075//3869 3665//3869
f 3665//3870 1075//3870 3667//3870
f 1075//3871 1194//3871 3667//3871
f 3667//3872 1194//3872 3669//3872
f 1194//3873 1192//3873 3669//3873
f 3669//3874 1192//3874 3671//3874
f 3671//3875 1192//3875 3673//3875
f 3673//3876 1192//3876 1190//3876
f 3673//3877 1190//3877 1188//3877
f 1188//3862 3660//3862 3673//3862
f 3623//3878 3621//3878 3674//3878
f 3674//3879 3621//3879 3672//3879
f 3672//3880 3621//3880 3670//3880
f 3670//3881 3621//3881 3619//3881
f 3670//3882 3619//3882 3668//3882
f 3668//3883 3619//3883 3618//3883
f 3668//3884 3618//3884 3666//3884
f 3666//3885 3618//3885 3616//3885
f 3666//3886 3616//3886 3664//3886
f 3664//3887 3616//3887 3614//3887
f 3664//3888 3614//3888 3662//3888
f 3662//3889 3614//3889 3612//3889
f 3662//3890 3612//3890 2803//3890
f 2803//3852 3612//3852 2806//3852
f 339//35 414//35 334//35
f 334//35 414//35 335//35
f 733//3891 734//3891 3675//3891
f 3675//3892 734//3892 735//3892
f 3675//3893 735//3893 3676//3893
f 3676//3894 735//3894 736//3894
f 3676//3895 736//3895 3677//3895
f 3677//3896 736//3896 737//3896
f 3677//3897 737//3897 738//3897
f 3677//3898 738//3898 3678//3898
f 3678//3899 738//3899 739//3899
f 3678//3900 739//3900 740//3900
f 3678//3901 740//3901 3679//3901
f 3679//3902 740//3902 741//3902
f 3679//3903 741//3903 742//3903
f 3679//3904 742//3904 3680//3904
f 3680//3905 742//3905 743//3905
f 3680//3906 743//3906 744//3906
f 3680//3907 744//3907 3681//3907
f 3681//3908 744//3908 745//3908
f 3681//3909 745//3909 746//3909
f 3681//3910 746//3910 3682//3910
f 3682//3911 746//3911 747//3911
f 3682//528 747//528 748//528
f 3682//3912 748//3912 3683//3912
f 3683//3913 748//3913 749//3913
f 3683//3914 749//3914 750//3914
f 3683//3915 750//3915 3684//3915
f 3684//3916 750//3916 751//3916
f 3684//3917 751//3917 3685//3917
f 3685//3918 751//3918 752//3918
f 3685//3919 752//3919 753//3919
f 3685//3920 753//3920 3686//3920
f 3686//3921 753//3921 754//3921
f 3686//3922 754//3922 755//3922
f 3686//3923 755//3923 3687//3923
f 3687//3924 755//3924 756//3924
f 3687//3925 756//3925 757//3925
f 3687//3926 757//3926 3688//3926
f 3688//3927 757//3927 758//3927
f 3688//3928 758//3928 759//3928
f 3688//3929 759//3929 3689//3929
f 3689//3930 759//3930 760//3930
f 3689//3931 760//3931 761//3931
f 3689//3932 761//3932 3690//3932
f 3690//3933 761//3933 762//3933
f 3690//3934 762//3934 763//3934
f 3690//3935 763//3935 3691//3935
f 3691//3936 763//3936 764//3936
f 3691//3937 764//3937 765//3937
f 3691//3938 765//3938 3692//3938
f 3692//3939 765//3939 702//3939
f 3692//3940 702//3940 703//3940
f 3692//3941 703//3941 3693//3941
f 3693//3942 703//3942 704//3942
f 3693//3943 704//3943 3694//3943
f 3694//3944 704//3944 705//3944
f 3694//3945 705//3945 706//3945
f 3694//3946 706//3946 3695//3946
f 3695//3947 706//3947 707//3947
f 3695//3948 707//3948 708//3948
f 3695//3949 708//3949 3696//3949
f 3696//3950 708//3950 709//3950
f 3696//3951 709//3951 710//3951
f 3696//3952 710//3952 3697//3952
f 3697//3953 710//3953 711//3953
f 3697//3954 711//3954 712//3954
f 3697//3955 712//3955 3698//3955
f 3698//3956 712//3956 713//3956
f 3698//3957 713//3957 714//3957
f 3698//3958 714//3958 3699//3958
f 3699//3959 714//3959 715//3959
f 3699//479 715//479 716//479
f 3699//3960 716//3960 3700//3960
f 3700//3961 716//3961 717//3961
f 3700//3962 717//3962 718//3962
f 3700//3963 718//3963 3701//3963
f 3701//3964 718//3964 719//3964
f 3701//3965 719//3965 3702//3965
f 3702//3966 719//3966 720//3966
f 3702//3967 720//3967 721//3967
f 3702//3968 721//3968 3703//3968
f 3703//3969 721//3969 722//3969
f 3703//3970 722//3970 723//3970
f 3703//3971 723//3971 3704//3971
f 3704//3972 723//3972 724//3972
f 3704//3973 724//3973 725//3973
f 3704//3974 725//3974 3705//3974
f 3705//3975 725//3975 726//3975
f 3705//1506 726//1506 727//1506
f 3705//3976 727//3976 3706//3976
f 3706//3977 727//3977 728//3977
f 3706//3978 728//3978 729//3978
f 3706//3979 729//3979 3707//3979
f 3707//3980 729//3980 730//3980
f 3707//3981 730//3981 731//3981
f 3707//3982 731//3982 3708//3982
f 3708//3983 731//3983 732//3983
f 3708//3984 732//3984 733//3984
f 3708//3985 733//3985 3675//3985
f 3611//3986 3705//3986 3578//3986
f 3578//3987 3705//3987 3706//3987
f 3578//3988 3706//3988 3577//3988
f 3577//3989 3706//3989 3707//3989
f 3577//3990 3707//3990 3579//3990
f 3579//3991 3707//3991 3708//3991
f 3579//3992 3708//3992 3580//3992
f 3580//3993 3708//3993 3675//3993
f 3580//3994 3675//3994 3581//3994
f 3581//509 3675//509 3676//509
f 3581//3995 3676//3995 3582//3995
f 3582//3996 3676//3996 3677//3996
f 3582//3997 3677//3997 3583//3997
f 3583//3998 3677//3998 3678//3998
f 3583//3999 3678//3999 3584//3999
f 3584//4000 3678//4000 3679//4000
f 3584//4001 3679//4001 3585//4001
f 3585//4002 3679//4002 3680//4002
f 3585//4003 3680//4003 3586//4003
f 3586//4004 3680//4004 3681//4004
f 3586//4005 3681//4005 3587//4005
f 3587//4006 3681//4006 3682//4006
f 3587//4007 3682//4007 3588//4007
f 3588//4008 3682//4008 3683//4008
f 3588//4009 3683//4009 3589//4009
f 3589//4010 3683//4010 3684//4010
f 3589//4011 3684//4011 3590//4011
f 3590//4012 3684//4012 3685//4012
f 3590//4013 3685//4013 3591//4013
f 3591//4014 3685//4014 3686//4014
f 3591//4015 3686//4015 3592//4015
f 3592//4016 3686//4016 3687//4016
f 3592//4017 3687//4017 3593//4017
f 3593//4018 3687//4018 3688//4018
f 3593//4019 3688//4019 3595//4019
f 3595//4020 3688//4020 3689//4020
f 3595//4021 3689//4021 3596//4021
f 3596//4022 3689//4022 3690//4022
f 3596//4023 3690//4023 3597//4023
f 3597//4024 3690//4024 3691//4024
f 3597//4025 3691//4025 3598//4025
f 3598//4026 3691//4026 3692//4026
f 3598//4027 3692//4027 3599//4027
f 3599//458 3692//458 3693//458
f 3599//4028 3693//4028 3600//4028
f 3600//4029 3693//4029 3694//4029
f 3600//4030 3694//4030 3601//4030
f 3601//4031 3694//4031 3695//4031
f 3601//4032 3695//4032 3602//4032
f 3602//4033 3695//4033 3696//4033
f 3602//4034 3696//4034 3603//4034
f 3603//4035 3696//4035 3697//4035
f 3603//4036 3697//4036 3604//4036
f 3604//4037 3697//4037 3698//4037
f 3604//4038 3698//4038 3605//4038
f 3605//4039 3698//4039 3699//4039
f 3605//4040 3699//4040 3606//4040
f 3606//4041 3699//4041 3700//4041
f 3606//4042 3700//4042 3607//4042
f 3607//4043 3700//4043 3701//4043
f 3607//4044 3701//4044 3608//4044
f 3608//4045 3701//4045 3702//4045
f 3608//4046 3702//4046 3609//4046
f 3609//4047 3702//4047 3703//4047
f 3609//4048 3703//4048 3610//4048
f 3610//4049 3703//4049 3704//4049
f 3610//4050 3704//4050 3611//4050
f 3611//4051 3704//4051 3705//4051
