# Blender 4.2.1 LTS
# www.blender.org
mtllib gear1.mtl
o FabConvert.com_gear_1
v -1.714014 -2.681707 -11.999557
v -1.714014 -2.681707 -6.584274
v -1.898131 -2.513877 -11.999557
v -1.898131 -2.513877 -6.584274
v -2.109947 -2.382742 -11.999557
v -2.109948 -2.382742 -6.584274
v -2.342257 -2.292764 -11.999557
v -2.342257 -2.292764 -6.584274
v -2.587142 -2.247006 -11.999557
v -2.587142 -2.247006 -6.584274
v -2.836267 -2.247020 -11.999557
v -2.836268 -2.247020 -6.584275
v -3.081146 -2.292819 -11.999557
v -3.081146 -2.292819 -6.584275
v -3.313441 -2.382824 -11.999557
v -3.313442 -2.382824 -6.584275
v -3.525244 -2.513987 -11.999557
v -3.525244 -2.513987 -6.584275
v -3.709337 -2.681831 -11.999557
v -3.709337 -2.681831 -6.584275
v -3.859455 -2.880656 -11.999557
v -3.859455 -2.880656 -6.584275
v -3.970485 -3.103664 -11.999557
v -3.970486 -3.103664 -6.584275
v -4.038645 -3.343290 -11.999557
v -4.038646 -3.343290 -6.584275
v -4.061614 -3.591347 -11.999557
v -4.061614 -3.591347 -6.584275
v -4.038611 -3.839405 -11.999557
v -4.038611 -3.839405 -6.584275
v -3.970420 -4.079017 -11.999557
v -3.970421 -4.079017 -6.584275
v -3.859362 -4.302012 -11.999557
v -3.859363 -4.302012 -6.584275
v -3.709217 -4.500810 -11.999557
v -3.709217 -4.500810 -6.584275
v -3.525100 -4.668640 -11.999557
v -3.525100 -4.668640 -6.584275
v -3.313280 -4.799775 -11.999557
v -3.313280 -4.799775 -6.584275
v -3.080974 -4.889753 -11.999557
v -3.080974 -4.889753 -6.584275
v -2.836089 -4.935511 -11.999557
v -2.836089 -4.935511 -6.584275
v -2.586963 -4.935497 -11.999557
v -2.586964 -4.935497 -6.584274
v -2.342085 -4.889698 -11.999557
v -2.342086 -4.889698 -6.584274
v -2.109786 -4.799693 -11.999557
v -2.109787 -4.799693 -6.584274
v -1.897987 -4.668530 -11.999557
v -1.897987 -4.668530 -6.584274
v -1.713894 -4.500686 -11.999557
v -1.713894 -4.500686 -6.584274
v -1.563776 -4.301861 -11.999557
v -1.563776 -4.301861 -6.584274
v -1.452745 -4.078852 -11.999557
v -1.452746 -4.078852 -6.584274
v -1.384585 -3.839227 -11.999557
v -1.384586 -3.839227 -6.584274
v -1.361614 -3.591169 -11.999557
v -1.361614 -3.591169 -6.584274
v -1.384620 -3.343112 -11.999557
v -1.384620 -3.343112 -6.584274
v -1.452810 -3.103500 -11.999557
v -1.452811 -3.103500 -6.584274
v -1.563868 -2.880491 -11.999557
v -1.563869 -2.880491 -6.584274
v -2.109948 -2.382742 -1.168992
v -1.898132 -2.513877 -1.168992
v -1.714015 -2.681707 -1.168992
v -1.563869 -2.880491 -1.168992
v -1.452811 -3.103500 -1.168992
v -1.384621 -3.343112 -1.168992
v -1.361614 -3.591169 -1.168992
v -1.384586 -3.839227 -1.168992
v -1.452746 -4.078852 -1.168992
v -1.563777 -4.301861 -1.168992
v -1.713894 -4.500686 -1.168992
v -1.897988 -4.668530 -1.168992
v -2.109787 -4.799693 -1.168992
v -2.342086 -4.889698 -1.168992
v -2.586964 -4.935497 -1.168992
v -2.836090 -4.935511 -1.168992
v -3.080975 -4.889753 -1.168992
v -3.313281 -4.799775 -1.168992
v -3.525101 -4.668640 -1.168992
v -3.709218 -4.500810 -1.168992
v -3.859363 -4.302012 -1.168992
v -3.970421 -4.079017 -1.168992
v -4.038612 -3.839405 -1.168992
v -4.061615 -3.591347 -1.168992
v -4.038646 -3.343290 -1.168992
v -3.970486 -3.103664 -1.168992
v -3.859456 -2.880656 -1.168992
v -3.709338 -2.681831 -1.168992
v -3.525245 -2.513987 -1.168992
v -3.313442 -2.382824 -1.168992
v -3.081146 -2.292819 -1.168992
v -2.836268 -2.247020 -1.168992
v -2.587143 -2.247006 -1.168992
v -2.342258 -2.292764 -1.168992
v 3.709219 4.500810 -11.999557
v 3.709218 4.500810 -6.584274
v 3.525102 4.668640 -11.999557
v 3.525101 4.668640 -6.584274
v 3.313282 4.799775 -11.999557
v 3.313281 4.799775 -6.584274
v 3.080976 4.889753 -11.999557
v 3.080975 4.889753 -6.584274
v 2.836091 4.935511 -11.999557
v 2.836090 4.935511 -6.584274
v 2.586965 4.935497 -11.999557
v 2.586965 4.935497 -6.584274
v 2.342087 4.889698 -11.999557
v 2.342087 4.889698 -6.584274
v 2.109791 4.799693 -11.999557
v 2.109791 4.799693 -6.584274
v 1.897989 4.668530 -11.999557
v 1.897988 4.668530 -6.584274
v 1.713896 4.500686 -11.999557
v 1.713895 4.500686 -6.584274
v 1.563778 4.301861 -11.999557
v 1.563777 4.301861 -6.584274
v 1.452747 4.078852 -11.999557
v 1.452747 4.078852 -6.584274
v 1.384587 3.839227 -11.999557
v 1.384587 3.839227 -6.584274
v 1.361616 3.591169 -11.999557
v 1.361615 3.591169 -6.584274
v 1.384622 3.343112 -11.999557
v 1.384621 3.343112 -6.584274
v 1.452812 3.103500 -11.999557
v 1.452812 3.103500 -6.584274
v 1.563871 2.880505 -11.999557
v 1.563870 2.880505 -6.584274
v 1.714016 2.681708 -11.999557
v 1.714015 2.681708 -6.584274
v 1.898133 2.513878 -11.999557
v 1.898132 2.513878 -6.584274
v 2.109953 2.382742 -11.999557
v 2.109952 2.382742 -6.584274
v 2.342259 2.292764 -11.999557
v 2.342258 2.292764 -6.584274
v 2.587144 2.247006 -11.999557
v 2.587143 2.247006 -6.584274
v 2.836269 2.247020 -11.999557
v 2.836269 2.247020 -6.584274
v 3.081147 2.292819 -11.999557
v 3.081147 2.292819 -6.584274
v 3.313443 2.382825 -11.999557
v 3.313443 2.382825 -6.584274
v 3.525246 2.513988 -11.999557
v 3.525245 2.513988 -6.584274
v 3.709339 2.681831 -11.999557
v 3.709338 2.681831 -6.584274
v 3.859457 2.880656 -11.999557
v 3.859456 2.880656 -6.584274
v 3.970487 3.103665 -11.999557
v 3.970487 3.103665 -6.584274
v 4.038647 3.343290 -11.999557
v 4.038647 3.343290 -6.584274
v 4.061615 3.591348 -11.999557
v 4.061615 3.591348 -6.584274
v 4.038613 3.839405 -11.999557
v 4.038612 3.839405 -6.584274
v 3.970422 4.079017 -11.999557
v 3.970422 4.079017 -6.584274
v 3.859364 4.302012 -11.999557
v 3.859364 4.302012 -6.584274
v 3.313281 4.799775 -1.168991
v 3.525101 4.668640 -1.168991
v 3.709218 4.500810 -1.168991
v 3.859363 4.302012 -1.168991
v 3.970421 4.079017 -1.168991
v 4.038612 3.839405 -1.168991
v 4.061615 3.591348 -1.168991
v 4.038646 3.343290 -1.168991
v 3.970486 3.103665 -1.168991
v 3.859456 2.880656 -1.168991
v 3.709338 2.681831 -1.168991
v 3.525245 2.513988 -1.168991
v 3.313442 2.382825 -1.168991
v 3.081146 2.292819 -1.168991
v 2.836268 2.247020 -1.168991
v 2.587143 2.247006 -1.168991
v 2.342258 2.292764 -1.168991
v 2.109952 2.382742 -1.168991
v 1.898132 2.513878 -1.168991
v 1.714015 2.681708 -1.168991
v 1.563870 2.880505 -1.168991
v 1.452811 3.103500 -1.168991
v 1.384621 3.343112 -1.168991
v 1.361615 3.591169 -1.168991
v 1.384586 3.839227 -1.168991
v 1.452746 4.078852 -1.168991
v 1.563777 4.301861 -1.168991
v 1.713895 4.500686 -1.168991
v 1.897988 4.668530 -1.168991
v 2.109790 4.799693 -1.168991
v 2.342086 4.889698 -1.168991
v 2.586964 4.935497 -1.168991
v 2.836090 4.935511 -1.168991
v 3.080975 4.889753 -1.168991
v -0.964344 -0.944741 -11.999557
v -0.774326 -1.105856 -11.999557
v -0.557943 -1.229301 -11.999557
v -0.322558 -1.310902 -11.999557
v -0.076189 -1.347844 -11.999557
v 1.053686 -3.951466 -11.999557
v 0.029221 -8.999958 -11.999557
v -0.620273 -8.978603 -11.999557
v -1.266530 -8.910433 -11.999557
v -1.121521 -0.751464 -11.999557
v -1.240503 -0.532589 -11.999557
v -1.317243 -0.295573 -11.999557
v -4.088970 -0.068403 -11.999557
v -8.664085 -2.435902 -11.999558
v -8.465734 -3.054720 -11.999558
v -8.223245 -3.657636 -11.999558
v -7.937882 -4.241464 -11.999558
v -7.611135 -4.803195 -11.999558
v -7.244706 -5.339877 -11.999558
v -6.840506 -5.848708 -11.999558
v -6.400640 -6.327066 -11.999558
v -5.927411 -6.772425 -11.999558
v -5.423276 -7.182476 -11.999557
v -4.890869 -7.555091 -11.999557
v -4.332962 -7.888306 -11.999557
v -3.752462 -8.180405 -11.999557
v -3.152402 -8.429850 -11.999557
v -2.535904 -8.635349 -11.999557
v -1.906189 -8.795818 -11.999557
v 5.160440 7.373597 -11.999557
v 5.679050 6.982003 -11.999557
v 6.168052 6.554017 -11.999557
v 6.624894 6.091863 -11.999557
v 7.047202 5.597945 -11.999557
v 7.432767 5.074845 -11.999557
v 7.779578 4.525282 -11.999557
v 8.085835 3.952125 -11.999557
v 8.349933 3.358369 -11.999557
v 4.614925 7.726738 -11.999557
v 4.045352 8.039601 -11.999557
v 3.454686 8.310538 -11.999557
v 2.846009 8.538161 -11.999557
v 2.222497 8.721262 -11.999557
v 1.587395 8.858907 -11.999557
v 0.944018 8.950355 -11.999557
v 0.295722 8.995137 -11.999557
v -0.354119 8.993036 -11.999557
v -1.051933 3.953787 -11.999557
v -1.002113 8.944037 -11.999557
v -2.919379 5.363841 -11.999557
v -1.644882 8.848415 -11.999557
v -2.279075 8.706650 -11.999557
v -2.901385 8.519498 -11.999557
v -3.508572 8.287933 -11.999557
v -4.097463 8.013165 -11.999557
v -4.664997 7.696609 -11.999557
v -5.208205 7.339923 -11.999557
v -5.724260 6.944979 -11.999558
v -6.210474 6.513834 -11.999558
v -6.664306 6.048714 -11.999558
v -7.083400 5.552063 -11.999558
v -5.956415 1.341650 -11.999558
v -7.465559 5.026478 -11.999558
v -7.808793 4.474676 -11.999558
v -8.111321 3.899542 -11.999558
v -8.371560 3.304083 -11.999558
v -8.588156 2.691403 -11.999558
v -8.759968 2.064674 -11.999558
v -8.886119 1.427193 -11.999558
v -8.965935 0.782268 -11.999558
v -8.999010 0.133278 -11.999558
v -8.985168 -0.516426 -11.999558
v -8.924481 -1.163424 -11.999558
v -8.817268 -1.804367 -11.999558
v 0.076191 1.347844 -11.999557
v 0.322560 1.310902 -11.999557
v 0.557945 1.229315 -11.999557
v 0.774328 1.105856 -11.999557
v 0.964347 0.944742 -11.999557
v 1.121523 0.751465 -11.999557
v 1.240505 0.532590 -11.999557
v 1.317248 0.295574 -11.999557
v 4.090723 0.070725 -11.999557
v 8.570498 2.747104 -11.999557
v 8.746382 2.121515 -11.999557
v 8.876665 1.484857 -11.999557
v 5.958168 -1.339329 -11.999557
v 8.960670 0.840468 -11.999557
v 8.997958 0.191698 -11.999557
v -0.172773 1.338904 -11.999557
v -0.415852 1.284357 -11.999557
v -0.644773 1.186070 -11.999557
v -0.851735 1.047395 -11.999557
v -1.029689 0.873056 -11.999557
v -1.172583 0.668985 -11.999557
v -1.275542 0.442131 -11.999557
v -1.335068 0.200226 -11.999557
v -1.349127 -0.048504 -11.999557
v 0.172775 -1.338903 -11.999557
v 0.415854 -1.284356 -11.999557
v 0.644775 -1.186070 -11.999557
v 0.851737 -1.047395 -11.999557
v 1.029695 -0.873056 -11.999557
v 1.172586 -0.668985 -11.999557
v 1.275545 -0.442131 -11.999557
v 1.335070 -0.200226 -11.999557
v 1.349129 0.048505 -11.999557
v 8.988335 -0.458075 -11.999557
v 8.931851 -1.105458 -11.999557
v 8.828803 -1.747073 -11.999557
v 8.679722 -2.379583 -11.999557
v 8.485391 -2.999693 -11.999557
v 8.246819 -3.604161 -11.999557
v 7.965253 -4.189842 -11.999557
v 7.642159 -4.753674 -11.999557
v 7.279226 -5.292718 -11.999557
v 2.921132 -5.361520 -11.999557
v 6.878338 -5.804172 -11.999557
v 6.441594 -6.285373 -11.999557
v 5.971262 -6.733794 -11.999557
v 5.469802 -7.147113 -11.999557
v 4.939821 -7.523176 -11.999557
v 4.384092 -7.860003 -11.999557
v 3.805500 -8.155865 -11.999557
v 3.207071 -8.409195 -11.999557
v 2.591923 -8.618690 -11.999557
v 1.963261 -8.783253 -11.999557
v 1.324362 -8.902028 -11.999557
v 0.678561 -8.974387 -11.999557
v -1.051934 3.953787 -5.000000
v -2.919379 5.363841 -5.000000
v -2.611882 1.887822 -9.795334
v -2.446459 2.106903 -9.782364
v -2.284602 2.321274 -9.718048
v -4.088970 -0.068403 -5.000000
v -3.546643 0.649841 -7.996949
v -3.532602 0.668436 -8.301147
v -3.490881 0.723697 -8.596603
v -2.611882 1.887822 -6.198578
v -2.776118 1.670320 -6.237351
v -2.934431 1.460646 -6.326752
v -1.597779 3.230886 -8.149597
v -1.597779 3.230886 -7.844299
v -1.625763 3.193821 -7.543396
v -3.422680 0.814018 -8.874802
v -3.329962 0.936818 -9.127747
v -3.215399 1.088539 -9.348160
v -3.082275 1.264842 -9.529709
v -2.934430 1.460646 -9.667145
v -2.776117 1.670320 -9.756546
v -2.130969 2.524740 -9.604218
v -1.989977 2.711467 -9.444138
v -1.865687 2.876069 -9.242447
v -1.761671 3.013824 -9.004898
v -1.680921 3.120776 -8.738373
v -1.625763 3.193821 -8.450516
v -1.680921 3.120776 -7.255524
v -1.761671 3.013824 -6.988998
v -1.865687 2.876069 -6.751465
v -1.989977 2.711467 -6.549759
v -2.130970 2.524740 -6.389679
v -2.284603 2.321274 -6.275848
v -2.446459 2.106903 -6.211533
v -3.082276 1.264842 -6.464203
v -3.215399 1.088539 -6.645737
v -3.329962 0.936818 -6.866150
v -3.422680 0.814018 -7.119095
v -3.490881 0.723697 -7.397294
v -3.532602 0.668436 -7.692750
v 1.610054 -3.214626 -7.692749
v 1.053685 -3.951466 -5.000000
v 1.596015 -3.233221 -7.996948
v 1.610054 -3.214626 -8.301147
v 1.651778 -3.159365 -8.596603
v 1.719976 -3.069044 -8.874802
v 1.812693 -2.946258 -9.127747
v 1.927260 -2.794523 -9.348160
v 2.060380 -2.618220 -9.529709
v 2.208225 -2.422416 -9.667145
v 2.366542 -2.212756 -9.756546
v 2.530774 -1.995240 -9.795334
v 2.696197 -1.776159 -9.782364
v 2.858056 -1.561802 -9.718048
v 3.011690 -1.358335 -9.604218
v 3.152678 -1.171609 -9.444138
v 3.276972 -1.006993 -9.242447
v 3.380988 -0.869238 -9.004898
v 3.461738 -0.762300 -8.738373
v 3.516896 -0.689241 -8.450516
v 3.544877 -0.652189 -8.149597
v 4.090722 0.070725 -5.000000
v 3.544877 -0.652189 -7.844299
v 3.516896 -0.689241 -7.543396
v 3.461738 -0.762300 -7.255523
v 3.380988 -0.869238 -6.988998
v 3.276971 -1.006993 -6.751464
v 3.152678 -1.171609 -6.549758
v 3.011689 -1.358335 -6.389678
v 2.858056 -1.561802 -6.275848
v 2.696196 -1.776159 -6.211533
v 2.530773 -1.995240 -6.198578
v 2.366541 -2.212756 -6.237350
v 2.208225 -2.422416 -6.326752
v 2.060380 -2.618220 -6.464203
v 1.927260 -2.794523 -6.645737
v 1.812693 -2.946258 -6.866150
v 1.719975 -3.069044 -7.119095
v 1.651778 -3.159365 -7.397293
v 5.958168 -1.339329 -5.000000
v -5.956416 1.341650 -5.000000
v 4.522437 -3.240788 -9.790466
v 4.685628 -3.024659 -9.738876
v 4.841744 -2.817896 -9.637161
v 2.921131 -5.361520 -5.000000
v 3.471364 -4.632797 -8.225586
v 3.506249 -4.586599 -8.524033
v 3.567982 -4.504847 -8.807312
v 4.439648 -3.350431 -6.196945
v 4.274671 -3.568922 -6.222839
v 4.114442 -3.781123 -6.299774
v 5.407931 -2.068052 -8.225586
v 5.414959 -2.058741 -7.920562
v 5.393930 -2.086592 -7.617721
v 3.963565 -3.980937 -6.425521
v 3.826387 -4.162623 -6.596481
v 3.706849 -4.320936 -6.807739
v 3.608395 -4.451330 -7.053192
v 3.533853 -4.550042 -7.325805
v 3.485368 -4.614257 -7.617721
v 3.464340 -4.642107 -7.920562
v 3.654795 -4.389875 -9.067291
v 3.764184 -4.244993 -9.296478
v 3.893006 -4.074389 -9.488266
v 4.037555 -3.882952 -9.637161
v 4.193671 -3.676190 -9.738876
v 4.356863 -3.460061 -9.790466
v 4.986290 -2.626460 -9.488266
v 5.115115 -2.455856 -9.296478
v 5.224504 -2.310987 -9.067291
v 5.311314 -2.196015 -8.807312
v 5.373050 -2.114250 -8.524033
v 5.345447 -2.150807 -7.325805
v 5.270904 -2.249533 -7.053192
v 5.172450 -2.379927 -6.807739
v 5.052911 -2.538239 -6.596481
v 4.915733 -2.719912 -6.425521
v 4.764857 -2.919726 -6.299774
v 4.604625 -3.131941 -6.222839
v -4.890869 -7.555091 -5.000001
v -5.423276 -7.182476 -5.000000
v -5.927412 -6.772425 -5.000000
v -6.400641 -6.327066 -5.000000
v -6.840506 -5.848708 -5.000000
v -7.244707 -5.339877 -5.000000
v -7.611135 -4.803195 -5.000000
v -7.937882 -4.241464 -5.000000
v -8.223246 -3.657636 -5.000001
v -8.465734 -3.054720 -5.000001
v -8.664086 -2.435902 -5.000001
v -8.817269 -1.804367 -5.000001
v -8.924482 -1.163424 -5.000001
v -8.985168 -0.516426 -5.000001
v -8.999011 0.133278 -5.000001
v -8.965936 0.782268 -5.000001
v -8.886120 1.427193 -5.000001
v -8.759969 2.064674 -5.000001
v -8.588157 2.691403 -5.000001
v -8.371561 3.304083 -5.000001
v -8.111322 3.899542 -5.000000
v -8.040693 4.043174 -7.996948
v -8.037212 4.050150 -7.824814
v -8.026645 4.071107 -7.650360
v -8.008820 4.106016 -7.476838
v -7.983551 4.154864 -7.307450
v -7.950764 4.217239 -7.145234
v -7.808793 4.474676 -5.000000
v -7.911000 4.291328 -6.992508
v -7.865029 4.375044 -6.851441
v -7.813613 4.466244 -6.724167
v -7.755688 4.566041 -6.608872
v -7.690106 4.675616 -6.503861
v -7.617500 4.793032 -6.411530
v -7.465559 5.026478 -5.000000
v -7.538536 4.916354 -6.334244
v -7.453955 5.043534 -6.274018
v -7.365186 5.172198 -6.231125
v -7.273848 5.299983 -6.205475
v -7.083400 5.552063 -5.000000
v -7.181597 5.424444 -6.196946
v -7.087094 5.547229 -6.205475
v -6.989172 5.670015 -6.231125
v -6.889677 5.790590 -6.274018
v -6.664306 6.048714 -5.000000
v -6.790477 5.906730 -6.334260
v -6.693447 6.016414 -6.411530
v -6.600366 6.118354 -6.503876
v -6.512908 6.211408 -6.608872
v -6.432755 6.294410 -6.724183
v -6.210474 6.513834 -5.000000
v -6.359085 6.368801 -6.851456
v -6.291135 6.435914 -6.992524
v -6.230737 6.494430 -7.145234
v -6.179699 6.543030 -7.307450
v -6.139627 6.580699 -7.476838
v -6.110925 6.607397 -7.650375
v -6.093656 6.623285 -7.824814
v -5.724261 6.944979 -5.000000
v -6.087888 6.628545 -7.996948
v -4.332963 -7.888306 -5.000001
v -3.752462 -8.180405 -5.000001
v -3.152403 -8.429850 -5.000001
v -2.535905 -8.635349 -5.000000
v -1.906189 -8.795818 -5.000000
v -1.266531 -8.910433 -5.000000
v -0.620274 -8.978603 -5.000000
v 0.029221 -8.999958 -5.000000
v 0.678561 -8.974387 -5.000000
v 1.324361 -8.902028 -5.000000
v 1.963261 -8.783253 -5.000000
v 2.591923 -8.618690 -5.000000
v 3.207071 -8.409195 -5.000000
v 3.805500 -8.155865 -5.000000
v 4.384091 -7.860003 -5.000000
v 4.939821 -7.523176 -5.000000
v 5.469801 -7.147113 -5.000000
v 5.971262 -6.733794 -5.000000
v 6.090065 -6.626540 -7.996948
v 6.095829 -6.621280 -8.169082
v 6.113089 -6.605392 -8.343535
v 6.141780 -6.578681 -8.517058
v 6.181843 -6.541011 -8.686461
v 6.232861 -6.492397 -8.848662
v 6.293241 -6.433867 -9.001388
v 6.361164 -6.366727 -9.142455
v 6.434813 -6.292308 -9.269729
v 6.514931 -6.209280 -9.385024
v 6.602358 -6.116198 -9.490035
v 6.695409 -6.014231 -9.582381
v 6.792401 -5.904519 -9.659652
v 6.891566 -5.788352 -9.719878
v 6.991020 -5.667736 -9.762771
v 7.088908 -5.544909 -9.788421
v 7.183367 -5.422109 -9.796950
v 7.275580 -5.297607 -9.788421
v 7.366869 -5.169795 -9.762771
v 7.455605 -5.041090 -9.719878
v 7.540137 -4.913896 -9.659636
v 7.619064 -4.790546 -9.582366
v 7.691628 -4.673103 -9.490035
v 7.757183 -4.563514 -9.385024
v 7.815074 -4.463703 -9.269713
v 7.866459 -4.372476 -9.142455
v 7.912402 -4.288746 -9.001388
v 7.952146 -4.214643 -8.848662
v 7.984916 -4.152241 -8.686446
v 8.010167 -4.103393 -8.517058
v 8.027982 -4.068470 -8.343535
v 8.038543 -4.047514 -8.169082
v 8.042021 -4.040537 -7.996948
v 8.246819 -3.604161 -4.999999
v 8.038543 -4.047514 -7.824813
v 7.965253 -4.189842 -5.000000
v 8.027982 -4.068470 -7.650375
v 8.010167 -4.103393 -7.476837
v 7.984915 -4.152241 -7.307449
v 7.952145 -4.214643 -7.145233
v 7.912402 -4.288746 -6.992523
v 7.866458 -4.372476 -6.851455
v 7.815073 -4.463703 -6.724182
v 7.642159 -4.753674 -5.000000
v 7.757182 -4.563514 -6.608871
v 7.691628 -4.673103 -6.503875
v 7.619063 -4.790546 -6.411529
v 7.540137 -4.913896 -6.334259
v 7.455604 -5.041090 -6.274017
v 7.279225 -5.292718 -5.000000
v 7.366869 -5.169795 -6.231124
v 7.275579 -5.297607 -6.205474
v 7.183366 -5.422109 -6.196945
v 7.088908 -5.544909 -6.205474
v 6.878338 -5.804172 -5.000000
v 6.991020 -5.667736 -6.231124
v 6.891566 -5.788352 -6.274017
v 6.792401 -5.904519 -6.334243
v 6.695408 -6.014231 -6.411529
v 6.441594 -6.285373 -5.000000
v 6.602358 -6.116198 -6.503860
v 6.514931 -6.209280 -6.608871
v 6.434813 -6.292308 -6.724166
v 6.361163 -6.366727 -6.851440
v 6.293240 -6.433867 -6.992507
v 6.232860 -6.492397 -7.145233
v 6.181842 -6.541011 -7.307449
v 6.141780 -6.578681 -7.476837
v 6.113089 -6.605392 -7.650360
v 6.095829 -6.621280 -7.824813
v 8.485390 -2.999693 -4.999999
v 8.679721 -2.379583 -4.999999
v 8.828802 -1.747073 -4.999999
v 8.931850 -1.105458 -4.999999
v 8.988334 -0.458075 -4.999999
v 8.997957 0.191698 -4.999999
v 8.960669 0.840468 -4.999999
v 8.876664 1.484857 -4.999999
v 8.746381 2.121515 -4.999999
v 8.570497 2.747104 -4.999999
v 8.349932 3.358369 -4.999999
v 8.085835 3.952125 -5.000000
v 7.779577 4.525282 -5.000000
v 7.432766 5.074845 -5.000000
v 7.047201 5.597945 -5.000000
v 6.624894 6.091863 -5.000000
v 6.168051 6.554017 -5.000000
v 5.679049 6.982003 -5.000000
v 5.160440 7.373597 -5.000000
v 4.614924 7.726738 -5.000000
v 4.045352 8.039601 -5.000000
v 3.454686 8.310538 -5.000000
v 2.846009 8.538161 -5.000000
v 2.222497 8.721262 -5.000000
v 1.587394 8.858907 -5.000000
v 0.944018 8.950355 -5.000000
v 0.295722 8.995137 -5.000000
v -0.354120 8.993036 -5.000000
v -1.002114 8.944037 -5.000000
v -1.644883 8.848415 -5.000000
v -2.279075 8.706650 -5.000000
v -2.901386 8.519498 -5.000000
v -3.508573 8.287933 -5.000000
v -4.097464 8.013165 -5.000000
v -4.664997 7.696609 -5.000000
v -5.208206 7.339923 -5.000000
v -6.432755 6.294410 -9.269714
v -6.359085 6.368801 -9.142456
v -6.291134 6.435914 -9.001389
v -6.889676 5.790590 -9.719880
v -6.790477 5.906730 -9.659638
v -6.693447 6.016414 -9.582368
v -7.273848 5.299983 -9.788423
v -7.181597 5.424444 -9.796952
v -7.087094 5.547229 -9.788423
v -7.617500 4.793032 -9.582383
v -7.538536 4.916354 -9.659654
v -7.453955 5.043534 -9.719880
v -7.950763 4.217239 -8.848664
v -7.911000 4.291328 -9.001390
v -7.865029 4.375044 -9.142457
v -8.037212 4.050150 -8.169084
v -8.026645 4.071107 -8.343537
v -8.008820 4.106016 -8.517060
v -7.983551 4.154864 -8.686463
v -7.813613 4.466244 -9.269731
v -7.755687 4.566041 -9.385026
v -7.690106 4.675616 -9.490037
v -7.365185 5.172198 -9.762773
v -6.989171 5.670015 -9.762773
v -6.600365 6.118354 -9.490036
v -6.512907 6.211408 -9.385025
v -6.230737 6.494430 -8.848664
v -6.179698 6.543030 -8.686448
v -6.139626 6.580699 -8.517060
v -6.110924 6.607397 -8.343537
v -6.093656 6.623285 -8.169084
v -0.918003 -0.989827 -9.001053
v -0.813492 -1.077374 -8.989502
v -0.700680 -1.153921 -9.001053
v -0.582896 -1.217669 -9.033432
v -0.461325 -1.268728 -9.082901
v -0.336950 -1.307277 -9.144928
v -0.210676 -1.333369 -9.214996
v -0.083736 -1.347212 -9.289322
v 0.042315 -1.349203 -9.364731
v 0.165922 -1.339755 -9.438049
v 0.288471 -1.318675 -9.508072
v 0.413334 -1.284851 -9.575592
v 0.538094 -1.237912 -9.638031
v 0.660214 -1.177542 -9.692673
v 0.777218 -1.103576 -9.737000
v 0.886982 -1.017210 -9.769653
v 0.987521 -0.920160 -9.789886
v 1.076853 -0.814183 -9.796951
v 1.154468 -0.699348 -9.790329
v 1.220451 -0.576136 -9.770523
v 1.273660 -0.446924 -9.738297
v 1.312949 -0.314099 -9.694382
v 1.337748 -0.180038 -9.640106
v 1.348871 -0.047076 -9.578003
v 1.347340 0.082425 -9.510773
v 1.334153 0.206227 -9.441025
v 1.309461 0.327832 -9.368011
v 1.273066 0.448668 -9.292892
v 1.225000 0.567128 -9.218842
v 1.165307 0.681592 -9.149048
v 1.094133 0.790810 -9.087280
v 1.011667 0.893889 -9.038055
v 0.918036 0.989799 -9.005844
v 0.813494 1.077374 -8.994370
v 0.813494 1.077374 -6.999527
v 0.918035 0.989799 -6.988052
v 1.011666 0.893889 -6.955856
v 1.094132 0.790810 -6.906616
v 1.165307 0.681592 -6.844849
v 1.225000 0.567128 -6.775055
v 1.273065 0.448668 -6.701019
v 1.309461 0.327832 -6.625885
v 1.334153 0.206227 -6.552872
v 1.347340 0.082425 -6.483124
v 1.348871 -0.047076 -6.415894
v 1.337747 -0.180038 -6.353790
v 1.312949 -0.314099 -6.299515
v 1.273659 -0.446924 -6.255600
v 1.220451 -0.576137 -6.223373
v 1.154468 -0.699348 -6.203568
v 1.076853 -0.814183 -6.196945
v 0.987520 -0.920160 -6.204010
v 0.886982 -1.017210 -6.224258
v 0.777218 -1.103576 -6.256912
v 0.660214 -1.177542 -6.301224
v 0.538094 -1.237912 -6.355865
v 0.413334 -1.284851 -6.418304
v 0.288471 -1.318675 -6.485825
v 0.165922 -1.339755 -6.555862
v 0.042315 -1.349203 -6.629166
v -0.083736 -1.347212 -6.704575
v -0.210676 -1.333369 -6.778900
v -0.336950 -1.307277 -6.848969
v -0.461326 -1.268728 -6.910995
v -0.582896 -1.217669 -6.960464
v -0.700680 -1.153921 -6.992844
v -0.813492 -1.077374 -7.004395
v -0.918003 -0.989827 -6.992844
v -1.011562 -0.893998 -6.960464
v -1.093956 -0.791057 -6.911011
v -1.165072 -0.681990 -6.848969
v -1.224741 -0.567691 -6.778915
v -1.272810 -0.449382 -6.704590
v -1.309240 -0.328697 -6.629181
v -1.333994 -0.207229 -6.555862
v -1.347270 -0.083592 -6.485840
v -1.348918 0.045758 -6.418304
v -1.337935 0.178610 -6.355881
v -1.313308 0.312589 -6.301224
v -1.274204 0.445372 -6.256912
v -1.221181 0.574599 -6.224258
v -1.155363 0.697865 -6.204010
v -1.077896 0.812796 -6.196945
v -0.988707 0.918883 -6.203568
v -0.888265 1.016084 -6.223373
v -0.778559 1.102629 -6.255600
v -0.661569 1.176787 -6.299515
v -0.539414 1.237335 -6.353790
v -0.414579 1.284439 -6.415894
v -0.289606 1.318428 -6.483124
v -0.166926 1.339632 -6.552872
v -0.043210 1.349176 -6.625885
v 0.082975 1.347253 -6.701004
v 0.210069 1.333466 -6.775055
v 0.336505 1.307387 -6.844849
v 0.461042 1.268839 -6.906616
v 0.582760 1.217738 -6.955841
v 0.700643 1.153949 -6.988052
v -1.011562 -0.893998 -9.033432
v -1.093956 -0.791056 -9.082901
v -1.165072 -0.681990 -9.144928
v -1.224741 -0.567691 -9.214996
v -1.272810 -0.449382 -9.289307
v -1.309240 -0.328697 -9.364716
v -1.333993 -0.207229 -9.438034
v -1.347270 -0.083592 -9.508057
v -1.348918 0.045758 -9.575592
v -1.337935 0.178610 -9.638031
v -1.313308 0.312589 -9.692673
v -1.274204 0.445372 -9.736984
v -1.221181 0.574599 -9.769653
v -1.155363 0.697865 -9.789886
v -1.077895 0.812796 -9.796951
v -0.988707 0.918883 -9.790329
v -0.888264 1.016084 -9.770523
v -0.778559 1.102629 -9.738297
v -0.661568 1.176787 -9.694382
v -0.539414 1.237335 -9.640106
v -0.414579 1.284439 -9.578018
v -0.289606 1.318428 -9.510788
v -0.166926 1.339632 -9.441040
v -0.043210 1.349176 -9.368011
v 0.082975 1.347253 -9.292892
v 0.210070 1.333466 -9.218842
v 0.336505 1.307387 -9.149063
v 0.461042 1.268839 -9.087280
v 0.582760 1.217738 -9.038055
v 0.700644 1.153949 -9.005844
v -4.479328 3.297876 -9.795334
v -4.643563 3.080374 -9.756546
v -4.801876 2.870700 -9.667145
v -3.465225 4.640940 -8.149597
v -3.493205 4.603875 -8.450516
v -3.548367 4.530830 -8.738373
v -4.479328 3.297876 -6.198578
v -4.313905 3.516957 -6.211533
v -4.152049 3.731313 -6.275849
v -5.414089 2.059895 -7.996949
v -5.400047 2.078490 -7.692750
v -5.358327 2.133751 -7.397294
v -5.290126 2.224072 -7.119095
v -5.197408 2.346858 -6.866150
v -5.082841 2.498593 -6.645737
v -4.949721 2.674896 -6.464203
v -4.801876 2.870700 -6.326752
v -4.643563 3.080374 -6.237351
v -3.998415 3.934794 -6.389679
v -3.857423 4.121521 -6.549759
v -3.733133 4.286123 -6.751465
v -3.629116 4.423878 -6.988999
v -3.548367 4.530830 -7.255524
v -3.493205 4.603875 -7.543396
v -3.465225 4.640940 -7.844299
v -3.629116 4.423878 -9.004898
v -3.733133 4.286123 -9.242447
v -3.857423 4.121521 -9.444138
v -3.998415 3.934794 -9.604218
v -4.152048 3.731313 -9.718048
v -4.313904 3.516957 -9.782364
v -4.949721 2.674896 -9.529709
v -5.082841 2.498593 -9.348160
v -5.197408 2.346858 -9.127747
v -5.290125 2.224072 -8.874802
v -5.358326 2.133751 -8.596603
v -5.400047 2.078490 -8.301147
v -6.047733 -8.674117 -5.000001
v -6.121430 -8.632438 -5.000001
v -6.201658 -8.605301 -5.000001
v -5.847013 -8.850049 -5.000001
v -5.900797 -8.784721 -5.000001
v -5.965885 -8.730614 -5.000001
v -4.127367 -9.872588 -5.000001
v -4.202373 -9.911713 -5.000001
v -5.769964 -9.088905 -5.000001
v -4.268785 -9.964228 -5.000001
v -5.775436 -9.173377 -5.000001
v -4.324153 -10.028223 -5.000001
v -5.796654 -9.255363 -5.000001
v -4.366577 -10.101460 -5.000001
v -5.832840 -9.331909 -5.000001
v -4.448357 -10.244984 -5.000001
v -5.891040 -9.445604 -5.000001
v -4.502413 -10.320363 -5.000001
v -5.944036 -9.583057 -5.000001
v -4.567603 -10.403983 -5.000001
v -5.992918 -9.747879 -5.000001
v -4.720780 -10.584063 -5.000001
v -6.038785 -9.943642 -5.000001
v -4.883185 -10.752044 -5.000001
v -6.080939 -10.171142 -5.000001
v -5.051640 -10.907691 -5.000001
v -6.113698 -10.423855 -5.000001
v -5.223329 -11.051379 -5.000001
v -6.134717 -10.700848 -5.000001
v -5.951424 -11.105871 -5.000001
v -6.141927 -11.001666 -5.000001
v -3.877679 -9.846550 -5.000001
v -3.962064 -9.839409 -5.000001
v -4.046254 -9.848185 -5.000001
v -3.627009 -9.941609 -5.000001
v -3.703154 -9.904640 -5.000001
v -3.734187 -9.892982 -5.000001
v -3.457445 -10.126523 -5.000001
v -3.501933 -10.054577 -5.000001
v -3.559154 -9.992174 -5.000001
v -1.492211 -10.501665 -5.000000
v -1.571851 -10.530339 -5.000000
v -1.644766 -10.573461 -5.000000
v -1.225209 -10.503052 -5.000000
v -1.258130 -10.499166 -5.000000
v -1.291041 -10.495170 -5.000000
v -0.993957 -10.600473 -5.000000
v -1.064451 -10.553576 -5.000000
v -1.142433 -10.520726 -5.000000
v 0.993899 -10.600514 -5.000000
v 0.933423 -10.659827 -5.000000
v 0.885189 -10.729329 -5.000000
v 1.225209 -10.503052 -5.000000
v 1.142410 -10.520741 -5.000000
v 1.064366 -10.553617 -5.000000
v 1.492119 -10.501652 -5.000000
v 1.408540 -10.488413 -5.000000
v 1.323939 -10.491077 -5.000000
v 3.457364 -10.126688 -5.000000
v 3.427161 -10.205708 -5.000000
v 1.708179 -10.629340 -5.000000
v 1.760093 -10.696192 -5.000000
v 3.412278 -10.289066 -5.000000
v 3.413264 -10.373674 -5.000000
v 3.626989 -9.941624 -5.000000
v 3.559083 -9.992229 -5.000000
v 3.501889 -10.054631 -5.000000
v 3.877652 -9.846564 -5.000000
v 3.796148 -9.869374 -5.000000
v 3.765187 -9.881226 -5.000000
v 4.127193 -9.872519 -5.000000
v 4.046179 -9.848171 -5.000000
v 3.961969 -9.839396 -5.000000
v 5.846962 -8.850132 -5.000000
v 5.806361 -8.924399 -5.000000
v 5.780375 -9.005025 -5.000000
v 6.047734 -8.674117 -5.000000
v 6.020512 -8.693027 -5.000000
v 5.993227 -8.711868 -5.000000
v 6.285426 -8.593683 -5.000000
v 6.201563 -8.605329 -5.000000
v 6.121411 -8.632451 -5.000000
v 7.773390 -7.275530 -5.000000
v 7.767455 -7.360029 -5.000000
v 7.777435 -7.444033 -5.000000
v 7.881901 -7.049184 -5.000000
v 7.831645 -7.117327 -5.000000
v 7.795037 -7.193696 -5.000000
v 8.080747 -6.871137 -5.000000
v 8.009414 -6.916662 -5.000000
v 7.947850 -6.974738 -5.000000
v 9.303113 -5.287280 -4.999999
v 9.332906 -5.366464 -4.999999
v 8.327146 -6.823442 -4.999999
v 8.410336 -6.839057 -4.999999
v 9.377037 -5.438712 -4.999999
v 8.489173 -6.869997 -4.999999
v 9.433881 -5.501389 -4.999999
v 8.560798 -6.915151 -4.999999
v 9.501477 -5.552338 -4.999999
v 8.666647 -6.986631 -4.999999
v 9.634100 -5.650817 -4.999999
v 9.702417 -5.713562 -4.999999
v 9.307360 -5.036270 -4.999999
v 9.290091 -5.119189 -4.999999
v 9.288655 -5.203825 -4.999999
v 9.431941 -4.798896 -4.999999
v 9.386066 -4.870033 -4.999999
v 9.370750 -4.899435 -4.999999
v 9.635943 -4.652861 -4.999999
v 9.559153 -4.688346 -4.999999
v 9.490306 -4.737634 -4.999999
v 10.245238 -2.747172 -4.999999
v 10.264100 -2.829679 -4.999999
v 10.298114 -2.907256 -4.999999
v 10.278798 -2.482278 -4.999999
v 10.270964 -2.514495 -4.999999
v 10.263033 -2.546685 -4.999999
v 10.403377 -2.264460 -4.999999
v 10.348325 -2.328785 -4.999999
v 10.306315 -2.402243 -4.999999
v 10.643033 -0.291096 -4.999999
v 10.694620 -0.358278 -4.999999
v 10.757798 -0.414541 -4.999999
v 10.574162 -0.049727 -4.999999
v 10.581733 -0.134061 -4.999999
v 10.604968 -0.215497 -4.999999
v 10.604934 0.215401 -4.999999
v 10.581725 0.134033 -4.999999
v 10.574162 0.049727 -4.999999
v 10.469596 2.211520 -4.999999
v 10.694493 0.358141 -4.999999
v 10.642991 0.291042 -4.999999
v 10.306326 2.402215 -4.999999
v 10.348379 2.328703 -4.999999
v 10.403428 2.264406 -4.999999
v 10.242166 2.662509 -4.999999
v 10.254995 2.578848 -4.999999
v 10.263033 2.546686 -4.999999
v 10.298020 2.907106 -4.999999
v 10.264076 2.829611 -4.999999
v 10.245225 2.747076 -4.999999
v 9.490378 4.737565 -4.999999
v 9.559217 4.688305 -4.999999
v 9.636119 4.652792 -4.999999
v 9.339849 4.958088 -4.999999
v 9.355346 4.928782 -4.999999
v 9.370750 4.899435 -4.999999
v 9.288651 5.203743 -4.999999
v 9.290101 5.119093 -4.999999
v 9.307366 5.036256 -4.999999
v 8.159456 6.839744 -5.000000
v 8.242626 6.823662 -4.999999
v 8.327221 6.823442 -4.999999
v 7.947850 6.974738 -5.000000
v 8.009435 6.916648 -5.000000
v 8.080832 6.871096 -5.000000
v 7.795068 7.193599 -5.000000
v 7.831659 7.117300 -5.000000
v 7.881901 7.049184 -5.000000
v 6.370100 8.597968 -5.000000
v 6.452288 8.618004 -5.000000
v 7.767447 7.359836 -5.000000
v 7.777418 7.443950 -5.000000
v 6.529340 8.653106 -5.000000
v 7.802950 7.524659 -5.000000
v 6.598413 8.701981 -5.000000
v 7.843167 7.599187 -5.000000
v 6.657132 8.762941 -5.000000
v 7.896619 7.664844 -5.000000
v 6.770881 8.882720 -5.000000
v 7.980339 7.761318 -5.000000
v 6.841410 8.942980 -5.000000
v 8.064692 7.882099 -5.000000
v 6.924714 9.008554 -5.000000
v 8.151598 8.030415 -5.000000
v 7.116539 9.146749 -5.000000
v 8.242980 8.209518 -4.999999
v 7.314423 9.270990 -5.000000
v 8.338348 8.420319 -4.999999
v 7.515229 9.381802 -5.000000
v 8.430636 8.657857 -4.999999
v 7.716320 9.480225 -5.000000
v 8.517333 8.921776 -4.999999
v 8.436301 9.358894 -4.999999
v 8.596324 9.212117 -4.999999
v 6.121435 8.632438 -5.000000
v 6.201659 8.605301 -5.000000
v 6.285502 8.593683 -5.000000
v 5.900802 8.784721 -5.000000
v 5.965886 8.730614 -5.000000
v 5.993227 8.711868 -5.000000
v 5.780416 9.004847 -5.000000
v 5.806391 8.924331 -5.000000
v 5.847017 8.850049 -5.000000
v 3.962065 9.839409 -5.000000
v 4.046255 9.848185 -5.000000
v 4.127368 9.872588 -5.000000
v 3.703155 9.904640 -5.000000
v 3.734188 9.892995 -5.000000
v 3.765187 9.881226 -5.000000
v 3.501934 10.054577 -5.000000
v 3.559155 9.992174 -5.000000
v 3.627013 9.941609 -5.000000
v 1.571852 10.530339 -5.000000
v 1.644767 10.573461 -5.000000
v 1.708230 10.629395 -5.000000
v 1.408564 10.488413 -5.000000
v 1.492212 10.501665 -5.000000
v 1.064452 10.553576 -5.000000
v 1.142434 10.520726 -5.000000
v 1.225209 10.503052 -5.000000
v -0.933422 10.659827 -5.000000
v -0.885185 10.729329 -5.000000
v 0.885224 10.729260 -5.000000
v -0.850788 10.806685 -5.000000
v 0.850819 10.806603 -5.000000
v -0.831496 10.889083 -5.000000
v 0.831501 10.889056 -5.000000
v -0.827970 10.973651 -5.000000
v 0.827971 10.973651 -5.000000
v -0.822258 11.138734 -5.000000
v 0.826667 11.101367 -5.000000
v -0.809424 11.230607 -5.000000
v 0.809713 11.247705 -5.000000
v -0.790559 11.334936 -5.000000
v 0.776404 11.416358 -5.000000
v -0.738614 11.565580 -5.000000
v 0.726042 11.611022 -5.000000
v -0.672874 11.789783 -5.000000
v 0.657639 11.832053 -5.000000
v -0.596053 12.005898 -5.000000
v 0.569202 12.071048 -5.000000
v -0.510805 12.212922 -5.000000
v 0.459085 12.326081 -5.000000
v 0.108569 12.599531 -5.000000
v 0.325676 12.595782 -5.000000
v -1.064365 10.553617 -5.000000
v -0.993898 10.600514 -5.000000
v -1.408539 10.488413 -5.000000
v -1.323938 10.491077 -5.000000
v -1.291041 10.495170 -5.000000
v -1.644615 10.573351 -5.000000
v -1.571783 10.530312 -5.000000
v -1.492115 10.501652 -5.000000
v -3.501888 10.054631 -5.000000
v -3.457363 10.126688 -5.000000
v -3.427161 10.205708 -5.000000
v -3.765186 9.881226 -5.000000
v -3.734187 9.892995 -5.000000
v -3.703154 9.904640 -5.000000
v -4.046178 9.848171 -5.000000
v -3.961968 9.839396 -5.000000
v -3.877651 9.846564 -5.000000
v -5.780374 9.005025 -5.000000
v -5.769964 9.088974 -5.000000
v -4.202308 9.911672 -5.000000
v -4.268713 9.964159 -5.000000
v -5.775457 9.173473 -5.000000
v -4.324139 10.028195 -5.000000
v -5.796661 9.255390 -5.000000
v -4.366577 10.101460 -5.000000
v -5.832840 9.331909 -5.000000
v -4.427084 10.213947 -5.000000
v -5.904505 9.480747 -5.000000
v -5.935837 9.568047 -5.000000
v -5.900784 8.784749 -5.000000
v -5.846958 8.850132 -5.000000
v -5.806363 8.924399 -5.000000
v -6.201562 8.605329 -5.000000
v -6.121410 8.632451 -5.000000
v -6.047733 8.674117 -5.000000
v -6.369914 8.597940 -5.000000
v -6.285422 8.593683 -5.000000
v -7.795033 7.193696 -5.000000
v -7.773389 7.275530 -5.000000
v -7.767450 7.360029 -5.000000
v -8.009418 6.916662 -5.000000
v -7.947853 6.974738 -5.000000
v -7.925941 6.999622 -5.000000
v -8.242437 6.823690 -5.000001
v -8.159388 6.839771 -5.000000
v -8.080747 6.871137 -5.000000
v -9.288659 5.203825 -5.000001
v -9.303113 5.287280 -5.000001
v -9.332906 5.366464 -5.000001
v -9.355346 4.928782 -5.000001
v -9.339849 4.958088 -5.000001
v -9.307356 5.036270 -5.000001
v -9.559149 4.688346 -5.000001
v -9.490306 4.737634 -5.000001
v -9.431941 4.798896 -5.000001
v -10.298110 2.907257 -5.000001
v -10.345990 2.977006 -5.000001
v -9.718128 4.632343 -5.000001
v -9.802640 4.627605 -5.000001
v -10.406126 3.036607 -5.000001
v -9.886590 4.638784 -5.000001
v -10.476322 3.083862 -5.000001
v -9.966941 4.665481 -5.000001
v -10.554139 3.117151 -5.000001
v -10.086823 4.709550 -5.000001
v -10.706479 3.181022 -5.000001
v -10.787826 3.225599 -5.000001
v -10.242162 2.662537 -5.000001
v -10.245238 2.747172 -5.000001
v -10.264100 2.829679 -5.000001
v -10.348325 2.328786 -5.000001
v -10.306315 2.402243 -5.000001
v -10.278794 2.482278 -5.000001
v -10.469441 2.211617 -5.000001
v -10.403373 2.264461 -5.000001
v -10.604972 0.215497 -5.000001
v -10.643033 0.291097 -5.000001
v -10.694620 0.358278 -5.000001
v -10.581729 -0.134033 -5.000001
v -10.574162 -0.049727 -5.000001
v -10.574265 -0.016575 -5.000001
v -10.642991 -0.291041 -5.000001
v -10.604938 -0.215401 -5.000001
v -10.403428 -2.264405 -5.000001
v -10.469600 -2.211520 -5.000001
v -10.544403 -2.172010 -5.000001
v -10.278794 -2.482278 -5.000001
v -10.306329 -2.402215 -5.000001
v -10.348379 -2.328703 -5.000001
v -10.264080 -2.829611 -5.000001
v -10.245225 -2.747076 -5.000001
v -10.242162 -2.662509 -5.000001
v -9.636122 -4.652792 -5.000001
v -9.718204 -4.632330 -5.000001
v -10.345942 -2.976951 -5.000001
v -10.406051 -3.036538 -5.000001
v -9.802736 -4.627605 -5.000001
v -9.886617 -4.638784 -5.000001
v -9.431954 -4.798869 -5.000001
v -9.490381 -4.737565 -5.000001
v -9.559217 -4.688305 -5.000001
v -9.290101 -5.119093 -5.000001
v -9.307370 -5.036256 -5.000001
v -9.339849 -4.958088 -5.000001
v -9.303064 -5.287101 -5.000001
v -9.288651 -5.203743 -5.000001
v -8.080835 -6.871096 -5.000000
v -8.159456 -6.839744 -5.000000
v -8.242623 -6.823662 -5.000001
v -7.831658 -7.117300 -5.000000
v -7.881900 -7.049184 -5.000000
v -7.903962 -7.024437 -5.000000
v -7.773403 -7.275447 -5.000000
v -7.795067 -7.193599 -5.000000
v -6.285497 -8.593683 -5.000001
v -6.370099 -8.597968 -5.000001
v -6.452291 -8.618004 -5.000001
v -3.464040 10.618285 -5.000000
v -1.822254 10.852924 -5.000000
v -3.430075 10.456635 -5.000000
v -1.798585 10.771626 -5.000000
v -3.413263 10.373674 -5.000000
v -1.760092 10.696192 -5.000000
v -3.412277 10.289066 -5.000000
v -1.708178 10.629340 -5.000000
v -1.854087 10.976617 -5.000000
v -3.473564 10.710556 -5.000000
v -1.905571 11.114646 -5.000000
v -3.480214 10.816367 -5.000000
v -1.978273 11.270432 -5.000000
v -3.484976 11.052738 -5.000000
v -2.073751 11.447381 -5.000000
v -3.474803 11.286170 -5.000000
v -2.193066 11.645616 -5.000000
v -3.451931 11.514384 -5.000000
v -2.336125 11.856498 -5.000000
v -3.418705 11.735785 -5.000000
v -2.504079 12.077777 -5.000000
v -2.909852 12.259395 -5.000000
v -2.698159 12.307720 -5.000000
v -3.330580 12.151838 -5.000000
v -3.120680 12.207429 -5.000000
v -1.258130 10.499166 -5.000000
v -1.225209 10.503052 -5.000000
v -1.142409 10.520741 -5.000000
v -0.325676 12.595782 -5.000000
v -0.108569 12.599531 -5.000000
v 0.933543 10.659690 -5.000000
v 0.993958 10.600473 -5.000000
v 1.258134 10.499166 -5.000000
v 1.291042 10.495170 -5.000000
v 1.323939 10.491077 -5.000000
v 3.427182 10.205639 -5.000000
v 1.760144 10.696274 -5.000000
v 3.412285 10.288970 -5.000000
v 1.798593 10.771654 -5.000000
v 3.413260 10.373647 -5.000000
v 1.822255 10.852924 -5.000000
v 3.430076 10.456635 -5.000000
v 1.867309 11.011842 -5.000000
v 3.459379 10.580945 -5.000000
v 1.901754 11.097975 -5.000000
v 3.477939 10.727091 -5.000000
v 1.945044 11.194764 -5.000000
v 3.485959 10.898820 -5.000000
v 2.050674 11.406264 -5.000000
v 3.483645 11.099870 -5.000000
v 2.168159 11.608234 -5.000000
v 3.470121 11.330844 -5.000000
v 2.294468 11.799671 -5.000000
v 3.441454 11.584064 -5.000000
v 2.426781 11.980273 -5.000000
v 3.395569 11.858036 -5.000000
v 3.120681 12.207429 -5.000000
v 3.330581 12.151838 -5.000000
v 2.698160 12.307720 -5.000000
v 2.909853 12.259395 -5.000000
v 3.457446 10.126523 -5.000000
v 3.796148 9.869374 -5.000000
v 3.877680 9.846550 -5.000000
v 4.202374 9.911713 -5.000000
v 5.769965 9.088905 -5.000000
v 4.268786 9.964228 -5.000000
v 5.775441 9.173377 -5.000000
v 4.324154 10.028223 -5.000000
v 5.796655 9.255363 -5.000000
v 4.366578 10.101460 -5.000000
v 5.832841 9.331909 -5.000000
v 4.448358 10.244984 -5.000000
v 5.891041 9.445604 -5.000000
v 4.502414 10.320363 -5.000000
v 5.944036 9.583057 -5.000000
v 4.567604 10.403983 -5.000000
v 5.992922 9.747879 -5.000000
v 4.720781 10.584063 -5.000000
v 6.038786 9.943642 -5.000000
v 4.883186 10.752044 -5.000000
v 6.080936 10.171142 -5.000000
v 5.051641 10.907691 -5.000000
v 6.113696 10.423855 -5.000000
v 5.223330 11.051379 -5.000000
v 6.134715 10.700848 -5.000000
v 5.951428 11.105871 -5.000000
v 6.141928 11.001666 -5.000000
v 5.565187 11.304366 -5.000000
v 5.759161 11.206780 -5.000000
v 6.020512 8.693027 -5.000000
v 6.047734 8.674117 -5.000000
v 8.108782 9.644045 -5.000000
v 8.273769 9.502884 -4.999999
v 7.773404 7.275447 -5.000000
v 7.903960 7.024437 -5.000000
v 7.925946 6.999622 -5.000000
v 9.332875 5.366395 -4.999999
v 8.410432 6.839084 -4.999999
v 9.376979 5.438643 -4.999999
v 8.489194 6.870011 -4.999999
v 9.433864 5.501375 -4.999999
v 8.560798 6.915151 -4.999999
v 9.501477 5.552338 -4.999999
v 8.699908 7.004236 -4.999999
v 9.605847 5.625960 -4.999999
v 8.782804 7.045861 -4.999999
v 9.716655 5.723052 -4.999999
v 8.879384 7.089600 -4.999999
v 9.836534 5.846263 -4.999999
v 9.098705 7.177862 -4.999999
v 9.968119 5.998287 -4.999999
v 9.320571 7.251127 -4.999999
v 10.111167 6.180138 -4.999999
v 9.542062 7.310672 -4.999999
v 10.257619 6.388686 -4.999999
v 9.760865 7.358119 -4.999999
v 10.404956 6.624192 -4.999999
v 10.430886 7.067998 -4.999999
v 10.551135 6.887205 -4.999999
v 10.181127 7.423255 -4.999999
v 10.307538 7.246705 -4.999999
v 9.303064 5.287101 -4.999999
v 9.386066 4.870033 -4.999999
v 9.431958 4.798869 -4.999999
v 9.718204 4.632330 -4.999999
v 10.345939 2.976951 -4.999999
v 10.406051 3.036538 -4.999999
v 9.802740 4.627605 -4.999999
v 9.886614 4.638784 -4.999999
v 10.476298 3.083848 -4.999999
v 9.966937 4.665481 -4.999999
v 10.554143 3.117151 -4.999999
v 10.123328 4.718682 -4.999999
v 10.673100 3.163650 -4.999999
v 10.213777 4.739254 -4.999999
v 10.803921 3.231395 -4.999999
v 10.318016 4.758604 -4.999999
v 10.949805 3.322348 -4.999999
v 10.552090 4.791824 -4.999999
v 11.113948 3.438459 -4.999999
v 10.785041 4.809869 -4.999999
v 11.296358 3.580801 -4.999999
v 11.014346 4.814675 -4.999999
v 11.488464 3.748233 -4.999999
v 11.238141 4.808372 -4.999999
v 11.687881 3.941633 -4.999999
v 11.819266 4.366337 -4.999999
v 11.892755 4.162019 -4.999999
v 11.661781 4.771046 -4.999999
v 11.742270 4.569365 -4.999999
v 10.270964 2.514496 -4.999999
v 10.278798 2.482278 -4.999999
v 10.544403 2.172011 -4.999999
v 10.757737 0.414501 -4.999999
v 10.830363 0.457979 -4.999999
v 10.625348 2.147182 -4.999999
v 10.909890 0.487093 -4.999999
v 10.709462 2.137967 -4.999999
v 10.993442 0.500798 -4.999999
v 10.793838 2.144655 -4.999999
v 11.120072 0.517484 -4.999999
v 10.958416 2.158896 -4.999999
v 11.051161 2.157220 -4.999999
v 11.263304 0.551953 -4.999999
v 11.157003 2.151068 -4.999999
v 11.426715 0.605347 -4.999999
v 11.392224 2.127310 -4.999999
v 11.613873 0.678804 -4.999999
v 11.622725 2.089078 -4.999999
v 11.825051 0.773355 -4.999999
v 11.846516 2.038857 -4.999999
v 12.051641 0.889948 -4.999999
v 12.062302 1.979187 -4.999999
v 12.291545 1.030009 -4.999999
v 12.520754 1.410933 -4.999999
v 12.543207 1.194955 -4.999999
v 12.464696 1.841556 -4.999999
v 12.494579 1.626485 -4.999999
v 10.574268 0.016576 -4.999999
v 10.574268 -0.016575 -4.999999
v 10.830449 -0.458020 -4.999999
v 10.625252 -2.147209 -4.999999
v 10.544331 -2.172038 -4.999999
v 10.469441 -2.211616 -4.999999
v 10.709438 -2.137966 -4.999999
v 10.909914 -0.487106 -4.999999
v 10.793838 -2.144654 -4.999999
v 10.993442 -0.500798 -4.999999
v 10.920784 -2.158758 -4.999999
v 11.156640 -0.526368 -4.999999
v 11.246292 -0.550181 -4.999999
v 11.068104 -2.159568 -4.999999
v 11.347586 -0.581479 -4.999999
v 11.239542 -2.146838 -4.999999
v 11.570286 -0.660841 -4.999999
v 11.438845 -2.120306 -4.999999
v 11.784938 -0.753126 -4.999999
v 11.666512 -2.079039 -4.999999
v 11.990207 -0.855436 -4.999999
v 11.914422 -2.020056 -4.999999
v 12.185444 -0.965025 -4.999999
v 12.180871 -1.941476 -4.999999
v 12.494579 -1.626484 -4.999999
v 12.464696 -1.841555 -4.999999
v 12.543207 -1.194955 -4.999999
v 12.520754 -1.410933 -4.999999
v 10.254995 -2.578848 -4.999999
v 10.242166 -2.662536 -4.999999
v 10.345986 -2.977006 -4.999999
v 9.718131 -4.632343 -4.999999
v 9.802644 -4.627605 -4.999999
v 10.406126 -3.036607 -4.999999
v 9.886590 -4.638784 -4.999999
v 10.476318 -3.083862 -4.999999
v 9.966937 -4.665481 -4.999999
v 10.554143 -3.117150 -4.999999
v 10.086823 -4.709550 -4.999999
v 10.706479 -3.181022 -4.999999
v 10.787829 -3.225599 -4.999999
v 10.229665 -4.745585 -4.999999
v 10.878689 -3.280242 -4.999999
v 10.399171 -4.774246 -4.999999
v 11.075921 -3.410595 -4.999999
v 10.599032 -4.796191 -4.999999
v 11.262253 -3.551563 -4.999999
v 10.829958 -4.810596 -4.999999
v 11.437073 -3.700030 -4.999999
v 11.084779 -4.812670 -4.999999
v 11.600412 -3.853152 -4.999999
v 11.362290 -4.800146 -4.999999
v 11.742270 -4.569365 -4.999999
v 11.661781 -4.771046 -4.999999
v 11.892755 -4.162019 -4.999999
v 11.819266 -4.366337 -4.999999
v 9.355346 -4.928782 -4.999999
v 9.339849 -4.958088 -4.999999
v 8.796719 -7.055803 -4.999999
v 9.777560 -5.788366 -4.999999
v 8.954437 -7.124207 -4.999999
v 9.937868 -5.962128 -4.999999
v 9.143241 -7.193325 -4.999999
v 10.085044 -6.143595 -4.999999
v 9.364004 -7.262594 -4.999999
v 10.219255 -6.329580 -4.999999
v 9.610929 -7.325572 -4.999999
v 10.341208 -6.517336 -4.999999
v 9.883376 -7.379831 -4.999999
v 10.307538 -7.246705 -4.999999
v 10.181127 -7.423255 -4.999999
v 10.551135 -6.887205 -4.999999
v 10.430886 -7.067998 -4.999999
v 8.242437 -6.823690 -4.999999
v 8.159385 -6.839771 -5.000000
v 7.925946 -6.999622 -5.000000
v 7.903960 -7.024437 -5.000000
v 7.802989 -7.524741 -5.000000
v 6.529254 -8.653050 -5.000000
v 6.452219 -8.617977 -5.000000
v 6.369915 -8.597940 -5.000000
v 6.598392 -8.701967 -5.000000
v 7.843181 -7.599215 -5.000000
v 6.657132 -8.762941 -5.000000
v 7.896619 -7.664844 -5.000000
v 6.742801 -8.857671 -5.000000
v 8.001820 -7.792203 -5.000000
v 8.053136 -7.869478 -5.000000
v 6.852537 -8.955971 -5.000000
v 8.108198 -7.960088 -5.000000
v 6.989306 -9.060122 -5.000000
v 8.222260 -8.167167 -5.000000
v 7.156079 -9.172429 -5.000000
v 8.321734 -8.378585 -5.000000
v 7.353854 -9.292510 -5.000000
v 8.407535 -8.591280 -5.000000
v 7.578527 -9.412755 -5.000000
v 8.481006 -8.802767 -5.000000
v 7.830073 -9.530639 -5.000000
v 8.273769 -9.502884 -5.000000
v 8.108782 -9.644045 -5.000000
v 8.596324 -9.212117 -5.000000
v 8.436301 -9.358894 -5.000000
v 5.965886 -8.730614 -5.000000
v 5.900784 -8.784749 -5.000000
v 5.769961 -9.088974 -5.000000
v 4.202312 -9.911672 -5.000000
v 4.268714 -9.964159 -5.000000
v 5.775455 -9.173473 -5.000000
v 4.324140 -10.028195 -5.000000
v 5.796662 -9.255390 -5.000000
v 4.366578 -10.101460 -5.000000
v 5.832841 -9.331909 -5.000000
v 4.427089 -10.213947 -5.000000
v 5.904506 -9.480747 -5.000000
v 5.935834 -9.568047 -5.000000
v 4.510108 -10.335648 -5.000000
v 5.967616 -9.669204 -5.000000
v 4.617980 -10.469502 -5.000000
v 6.028803 -9.897554 -5.000000
v 4.753029 -10.618450 -5.000000
v 6.074791 -10.126633 -5.000000
v 4.916320 -10.782379 -5.000000
v 6.107197 -10.353693 -5.000000
v 5.105690 -10.952900 -5.000000
v 6.127923 -10.576619 -5.000000
v 5.321716 -11.127542 -5.000000
v 5.759161 -11.206780 -5.000000
v 5.565187 -11.304366 -5.000000
v 6.141928 -11.001666 -5.000000
v 5.951428 -11.105871 -5.000000
v 3.734188 -9.892982 -5.000000
v 3.703155 -9.904640 -5.000000
v 1.798586 -10.771626 -5.000000
v 3.430076 -10.456621 -5.000000
v 1.822255 -10.852924 -5.000000
v 3.464041 -10.618285 -5.000000
v 1.854087 -10.976617 -5.000000
v 3.473565 -10.710556 -5.000000
v 1.905572 -11.114646 -5.000000
v 3.480215 -10.816367 -5.000000
v 1.978274 -11.270432 -5.000000
v 3.484977 -11.052738 -5.000000
v 2.073752 -11.447368 -5.000000
v 3.474808 -11.286170 -5.000000
v 2.193067 -11.645616 -5.000000
v 3.451932 -11.514384 -5.000000
v 2.336126 -11.856498 -5.000000
v 3.418705 -11.735785 -5.000000
v 2.504080 -12.077777 -5.000000
v 2.909853 -12.259395 -5.000000
v 2.698160 -12.307720 -5.000000
v 3.330581 -12.151838 -5.000000
v 3.120681 -12.207429 -5.000000
v 1.644616 -10.573351 -5.000000
v 1.571784 -10.530312 -5.000000
v 1.291042 -10.495170 -5.000000
v 1.258134 -10.499166 -5.000000
v -0.885223 -10.729260 -5.000000
v 0.850789 -10.806685 -5.000000
v -0.850819 -10.806603 -5.000000
v 0.831497 -10.889083 -5.000000
v -0.831500 -10.889056 -5.000000
v 0.827971 -10.973651 -5.000000
v -0.827970 -10.973651 -5.000000
v 0.822258 -11.138734 -5.000000
v -0.826666 -11.101367 -5.000000
v 0.809425 -11.230607 -5.000000
v -0.809713 -11.247705 -5.000000
v 0.790559 -11.334936 -5.000000
v -0.776403 -11.416358 -5.000000
v 0.738615 -11.565580 -5.000000
v -0.726041 -11.611022 -5.000000
v 0.672875 -11.789783 -5.000000
v -0.657638 -11.832053 -5.000000
v 0.596053 -12.005898 -5.000000
v -0.569201 -12.071048 -5.000000
v 0.510806 -12.212922 -5.000000
v -0.459084 -12.326081 -5.000000
v -0.108569 -12.599531 -5.000000
v -0.325676 -12.595782 -5.000000
v 0.325676 -12.595782 -5.000000
v 0.108569 -12.599531 -5.000000
v -0.933542 -10.659690 -5.000000
v -1.323938 -10.491077 -5.000000
v -1.408563 -10.488413 -5.000000
v -1.708229 -10.629395 -5.000000
v -3.427181 -10.205639 -5.000001
v -1.760143 -10.696274 -5.000000
v -3.412284 -10.288970 -5.000001
v -1.798592 -10.771654 -5.000000
v -3.413259 -10.373647 -5.000001
v -1.822254 -10.852924 -5.000000
v -3.430075 -10.456621 -5.000001
v -1.867308 -11.011842 -5.000000
v -3.459374 -10.580945 -5.000001
v -1.901753 -11.097975 -5.000000
v -3.477934 -10.727091 -5.000001
v -1.945043 -11.194764 -5.000000
v -3.485958 -10.898820 -5.000001
v -2.050673 -11.406264 -5.000000
v -3.483644 -11.099870 -5.000001
v -2.168158 -11.608234 -5.000000
v -3.470120 -11.330844 -5.000001
v -2.294467 -11.799671 -5.000000
v -3.441453 -11.584064 -5.000001
v -2.426780 -11.980273 -5.000000
v -3.395568 -11.858036 -5.000001
v -3.120680 -12.207429 -5.000001
v -3.330580 -12.151838 -5.000001
v -2.698159 -12.307720 -5.000000
v -2.909852 -12.259395 -5.000001
v -3.765186 -9.881226 -5.000001
v -3.796147 -9.869374 -5.000001
v -5.565186 -11.304366 -5.000001
v -5.759163 -11.206780 -5.000001
v -5.780415 -9.004847 -5.000001
v -5.806390 -8.924331 -5.000001
v -5.993227 -8.711868 -5.000001
v -6.020507 -8.693027 -5.000001
v -7.777413 -7.443950 -5.000000
v -6.529339 -8.653106 -5.000001
v -7.802949 -7.524659 -5.000001
v -6.598409 -8.701981 -5.000001
v -7.843166 -7.599187 -5.000001
v -6.657131 -8.762941 -5.000001
v -7.896622 -7.664844 -5.000001
v -6.770880 -8.882720 -5.000001
v -7.980338 -7.761318 -5.000001
v -6.841405 -8.942980 -5.000001
v -8.064692 -7.882099 -5.000001
v -6.924716 -9.008554 -5.000001
v -8.151601 -8.030415 -5.000001
v -7.116538 -9.146749 -5.000001
v -8.242980 -8.209518 -5.000001
v -7.314422 -9.270990 -5.000001
v -8.338348 -8.420319 -5.000001
v -7.515232 -9.381802 -5.000001
v -8.430634 -8.657857 -5.000001
v -7.716316 -9.480225 -5.000001
v -8.517336 -8.921776 -5.000001
v -8.436298 -9.358894 -5.000001
v -8.596328 -9.212117 -5.000001
v -8.108782 -9.644045 -5.000001
v -8.273769 -9.502884 -5.000001
v -7.767450 -7.359836 -5.000000
v -7.925941 -6.999622 -5.000000
v -7.947853 -6.974738 -5.000000
v -8.009439 -6.916648 -5.000000
v -8.327218 -6.823442 -5.000001
v -9.332871 -5.366395 -5.000001
v -8.410432 -6.839084 -5.000001
v -9.376975 -5.438643 -5.000001
v -8.489198 -6.870011 -5.000001
v -9.433864 -5.501375 -5.000001
v -8.560794 -6.915151 -5.000001
v -9.501477 -5.552338 -5.000001
v -8.699908 -7.004236 -5.000001
v -9.605847 -5.625960 -5.000001
v -8.782807 -7.045861 -5.000001
v -9.716652 -5.723052 -5.000001
v -8.879384 -7.089600 -5.000001
v -9.836534 -5.846263 -5.000001
v -9.098705 -7.177862 -5.000001
v -9.968122 -5.998287 -5.000001
v -9.320574 -7.251127 -5.000001
v -10.111164 -6.180138 -5.000001
v -9.542066 -7.310672 -5.000001
v -10.257619 -6.388686 -5.000001
v -9.760865 -7.358119 -5.000001
v -10.404952 -6.624192 -5.000001
v -10.430886 -7.067998 -5.000001
v -10.551139 -6.887205 -5.000001
v -10.181127 -7.423255 -5.000001
v -10.307538 -7.246705 -5.000001
v -9.355346 -4.928782 -5.000001
v -9.370754 -4.899435 -5.000001
v -9.386066 -4.870033 -5.000001
v -10.476301 -3.083848 -5.000001
v -9.966941 -4.665481 -5.000001
v -10.554139 -3.117150 -5.000001
v -10.123324 -4.718682 -5.000001
v -10.673100 -3.163650 -5.000001
v -10.213777 -4.739254 -5.000001
v -10.803921 -3.231394 -5.000001
v -10.318016 -4.758604 -5.000001
v -10.949805 -3.322347 -5.000001
v -10.552087 -4.791824 -5.000001
v -11.113948 -3.438459 -5.000001
v -10.785038 -4.809869 -5.000001
v -11.296362 -3.580801 -5.000001
v -11.014343 -4.814675 -5.000001
v -11.488464 -3.748233 -5.000001
v -11.238141 -4.808372 -5.000001
v -11.687881 -3.941633 -5.000001
v -11.819263 -4.366337 -5.000001
v -11.892755 -4.162019 -5.000001
v -11.661781 -4.771046 -5.000001
v -11.742270 -4.569365 -5.000001
v -10.298020 -2.907105 -5.000001
v -10.254995 -2.578848 -5.000001
v -10.263029 -2.546685 -5.000001
v -10.270967 -2.514495 -5.000001
v -10.625344 -2.147181 -5.000001
v -10.830363 -0.457979 -5.000001
v -10.757737 -0.414500 -5.000001
v -10.694497 -0.358140 -5.000001
v -10.909890 -0.487092 -5.000001
v -10.709458 -2.137966 -5.000001
v -10.993442 -0.500798 -5.000001
v -10.793840 -2.144654 -5.000001
v -11.120072 -0.517483 -5.000001
v -10.958416 -2.158895 -5.000001
v -11.051161 -2.157220 -5.000001
v -11.263307 -0.551953 -5.000001
v -11.157001 -2.151068 -5.000001
v -11.426715 -0.605346 -5.000001
v -11.392224 -2.127310 -5.000001
v -11.613873 -0.678804 -5.000001
v -11.622725 -2.089077 -5.000001
v -11.825051 -0.773355 -5.000001
v -11.846516 -2.038856 -5.000001
v -12.051644 -0.889947 -5.000001
v -12.062302 -1.979187 -5.000001
v -12.291545 -1.030009 -5.000001
v -12.520754 -1.410933 -5.000001
v -12.543207 -1.194955 -5.000001
v -12.464696 -1.841555 -5.000001
v -12.494579 -1.626484 -5.000001
v -10.574265 0.016576 -5.000001
v -10.574162 0.049727 -5.000001
v -10.581729 0.134061 -5.000001
v -10.757798 0.414542 -5.000001
v -10.544334 2.172038 -5.000001
v -10.625256 2.147209 -5.000001
v -10.830452 0.458020 -5.000001
v -10.709438 2.137967 -5.000001
v -10.909911 0.487106 -5.000001
v -10.793840 2.144655 -5.000001
v -10.993442 0.500798 -5.000001
v -10.920780 2.158758 -5.000001
v -11.156636 0.526369 -5.000001
v -11.246292 0.550182 -5.000001
v -11.068108 2.159569 -5.000001
v -11.347586 0.581479 -5.000001
v -11.239542 2.146838 -5.000001
v -11.570286 0.660841 -5.000001
v -11.438848 2.120306 -5.000001
v -11.784938 0.753127 -5.000001
v -11.666512 2.079039 -5.000001
v -11.990211 0.855437 -5.000001
v -11.914418 2.020056 -5.000001
v -12.185444 0.965025 -5.000001
v -12.180871 1.941476 -5.000001
v -12.494579 1.626485 -5.000001
v -12.464696 1.841556 -5.000001
v -12.543207 1.194955 -5.000001
v -12.520754 1.410933 -5.000001
v -10.270967 2.514496 -5.000001
v -10.263029 2.546686 -5.000001
v -10.254995 2.578848 -5.000001
v -10.229665 4.745585 -5.000001
v -10.878689 3.280243 -5.000001
v -10.399171 4.774246 -5.000001
v -11.075921 3.410595 -5.000001
v -10.599032 4.796191 -5.000001
v -11.262249 3.551564 -5.000001
v -10.829958 4.810610 -5.000001
v -11.437069 3.700030 -5.000001
v -11.084779 4.812670 -5.000001
v -11.600409 3.853152 -5.000001
v -11.362293 4.800146 -5.000001
v -11.742270 4.569365 -5.000001
v -11.661781 4.771046 -5.000001
v -11.892755 4.162019 -5.000001
v -11.819263 4.366337 -5.000001
v -9.635943 4.652861 -5.000001
v -9.386066 4.870033 -5.000001
v -9.370754 4.899435 -5.000001
v -9.290087 5.119189 -5.000001
v -9.377037 5.438712 -5.000001
v -8.410336 6.839057 -5.000001
v -8.327142 6.823442 -5.000001
v -8.489170 6.869997 -5.000001
v -9.433885 5.501389 -5.000001
v -8.560794 6.915151 -5.000001
v -9.501477 5.552338 -5.000001
v -8.666647 6.986631 -5.000001
v -9.634096 5.650817 -5.000001
v -9.702417 5.713562 -5.000001
v -8.796719 7.055803 -5.000001
v -9.777564 5.788366 -5.000001
v -8.954441 7.124207 -5.000001
v -9.937868 5.962128 -5.000001
v -9.143241 7.193325 -5.000001
v -10.085044 6.143595 -5.000001
v -9.364004 7.262594 -5.000001
v -10.219255 6.329580 -5.000001
v -9.610929 7.325572 -5.000001
v -10.341204 6.517336 -5.000001
v -9.883376 7.379831 -5.000001
v -10.307538 7.246705 -5.000001
v -10.181127 7.423255 -5.000001
v -10.551139 6.887205 -5.000001
v -10.430886 7.067998 -5.000001
v -7.903962 7.024437 -5.000000
v -7.881900 7.049184 -5.000000
v -7.831645 7.117327 -5.000000
v -6.452215 8.617977 -5.000000
v -7.777434 7.444033 -5.000000
v -6.529256 8.653050 -5.000000
v -7.802984 7.524741 -5.000000
v -6.598395 8.701967 -5.000000
v -7.843180 7.599215 -5.000000
v -6.657131 8.762941 -5.000000
v -7.896622 7.664844 -5.000000
v -6.742803 8.857671 -5.000000
v -8.001823 7.792203 -5.000000
v -8.053136 7.869478 -5.000000
v -6.852536 8.955971 -5.000000
v -8.108198 7.960088 -5.000000
v -6.989302 9.060122 -5.000000
v -8.222257 8.167167 -5.000001
v -7.156075 9.172429 -5.000000
v -8.321732 8.378585 -5.000001
v -7.353849 9.292510 -5.000000
v -8.407535 8.591280 -5.000001
v -7.578526 9.412755 -5.000000
v -8.481006 8.802767 -5.000001
v -7.830072 9.530639 -5.000000
v -8.273769 9.502884 -5.000001
v -8.108782 9.644045 -5.000000
v -8.596328 9.212117 -5.000001
v -8.436298 9.358894 -5.000001
v -6.020507 8.693027 -5.000000
v -5.993227 8.711868 -5.000000
v -5.965885 8.730614 -5.000000
v -4.510107 10.335648 -5.000000
v -5.967615 9.669204 -5.000000
v -4.617979 10.469502 -5.000000
v -6.028802 9.897554 -5.000000
v -4.753028 10.618450 -5.000000
v -6.074793 10.126633 -5.000000
v -4.916319 10.782379 -5.000000
v -6.107196 10.353693 -5.000000
v -5.105690 10.952900 -5.000000
v -6.127919 10.576619 -5.000000
v -5.321715 11.127542 -5.000000
v -5.759163 11.206780 -5.000000
v -5.565186 11.304366 -5.000000
v -6.141927 11.001666 -5.000000
v -5.951424 11.105871 -5.000000
v -4.127192 9.872519 -5.000000
v -3.796147 9.869374 -5.000000
v -3.626988 9.941624 -5.000000
v -3.559082 9.992229 -5.000000
v -0.325676 12.595782 -0.000000
v -0.108569 12.599531 -0.000000
v 0.108569 12.599531 0.000000
v 0.325676 12.595782 0.000000
v 0.827971 10.973651 -0.000000
v 0.827971 10.973651 -2.500000
v 0.822258 11.138734 -0.000000
v 0.790559 11.334936 -0.000000
v 0.809425 11.230607 -0.000000
v 0.738614 11.565580 -0.000000
v 0.672875 11.789783 -0.000000
v 0.596053 12.005898 -0.000000
v 0.510806 12.212922 0.000000
v -0.827971 10.973651 -2.500000
v -0.826666 11.101367 -0.000001
v -0.809713 11.247705 -0.000001
v -0.827971 10.973651 -0.000001
v -0.776404 11.416358 -0.000001
v -0.726042 11.611022 -0.000001
v -0.657638 11.832053 -0.000001
v -0.569202 12.071048 -0.000000
v -0.459084 12.326081 -0.000000
v -0.831702 10.888081 -3.333328
v -0.831703 10.888081 -1.666657
v -0.851492 10.804736 -3.333328
v -0.851492 10.804736 -1.666657
v -0.872125 10.754337 -3.333328
v -0.872126 10.754337 -1.666657
v -0.916599 10.681154 -3.333328
v -0.916600 10.681154 -1.666657
v -0.974075 10.617640 -3.333328
v -0.974075 10.617640 -1.666657
v -1.042510 10.566182 -3.333328
v -1.042510 10.566182 -1.666657
v -1.119517 10.528691 -3.333328
v -1.119517 10.528691 -1.666657
v -1.225209 10.503052 -2.500000
v -1.142434 10.520726 -0.000001
v -1.225209 10.503052 -0.000001
v -1.064452 10.553576 -0.000001
v -0.993957 10.600473 -0.000001
v -0.933543 10.659690 -0.000001
v -0.885223 10.729260 -0.000001
v -0.850819 10.806603 -0.000001
v -0.831500 10.889056 -0.000001
v 1.225209 10.503052 -2.500000
v 1.141480 10.521097 -3.333328
v 1.141480 10.521097 -1.666657
v 1.062642 10.554592 -3.333328
v 1.062642 10.554592 -1.666657
v 1.016424 10.583389 -3.333328
v 1.016424 10.583389 -1.666657
v 0.951742 10.639516 -3.333328
v 0.951742 10.639516 -1.666657
v 0.898771 10.706848 -3.333328
v 0.898771 10.706848 -1.666657
v 0.859533 10.782943 -3.333328
v 0.859533 10.782943 -1.666657
v 0.835504 10.865147 -3.333328
v 0.835503 10.865147 -1.666657
v 0.831497 10.889083 -0.000000
v 0.850788 10.806685 -0.000000
v 0.885189 10.729329 -0.000000
v 0.933422 10.659827 -0.000000
v 0.993899 10.600514 -0.000000
v 1.064366 10.553617 -0.000000
v 1.142410 10.520741 -0.000000
v 1.225209 10.503052 -0.000000
v 1.323938 10.491077 -0.000000
v 1.323939 10.491077 -2.500000
v 1.291041 10.495170 -0.000000
v 1.258134 10.499166 -0.000000
v 2.698160 12.307720 0.000000
v 2.909853 12.259395 0.000000
v 3.120680 12.207429 0.000000
v 3.330581 12.151838 0.000000
v 1.822254 10.852924 -2.500000
v 1.854087 10.976617 -0.000000
v 1.905572 11.114646 -0.000000
v 1.822254 10.852924 -0.000000
v 1.978274 11.270432 -0.000000
v 2.073752 11.447381 -0.000000
v 2.193067 11.645616 -0.000000
v 2.336126 11.856498 -0.000000
v 2.504079 12.077777 0.000000
v 1.408540 10.488413 -0.000000
v 1.432696 10.490665 -1.666657
v 1.432696 10.490665 -3.333328
v 1.516436 10.508641 -1.666657
v 1.516436 10.508641 -3.333328
v 1.595198 10.542218 -1.666657
v 1.595198 10.542218 -3.333328
v 1.666204 10.590133 -1.666657
v 1.666204 10.590133 -3.333328
v 1.726900 10.650558 -1.666657
v 1.726900 10.650558 -3.333328
v 1.758997 10.694544 -1.666657
v 1.758997 10.694544 -3.333328
v 1.798153 10.770734 -1.666657
v 1.798153 10.770734 -3.333328
v 1.492118 10.501652 -0.000000
v 1.571783 10.530312 -0.000000
v 1.644616 10.573351 -0.000000
v 1.708178 10.629340 -0.000000
v 1.760092 10.696192 -0.000000
v 1.798585 10.771626 -0.000000
v 3.430076 10.456635 -0.000000
v 3.430076 10.456635 -2.500000
v 3.464041 10.618285 -0.000000
v 3.480215 10.816367 -0.000000
v 3.473564 10.710556 -0.000000
v 3.484977 11.052738 -0.000000
v 3.474807 11.286170 -0.000000
v 3.451932 11.514384 -0.000000
v 3.418705 11.735785 -0.000000
v 3.703155 9.904640 -2.500000
v 3.606668 9.954834 -3.333328
v 3.606668 9.954834 -1.666657
v 3.540873 10.009656 -3.333328
v 3.540873 10.009656 -1.666657
v 3.486738 10.076000 -3.333328
v 3.486738 10.076000 -1.666657
v 3.446133 10.151421 -3.333328
v 3.446133 10.151421 -1.666657
v 3.420466 10.233131 -3.333328
v 3.420466 10.233131 -1.666657
v 3.412491 10.286992 -3.333328
v 3.412491 10.286992 -1.666657
v 3.413222 10.372644 -3.333328
v 3.413222 10.372644 -1.666657
v 3.413263 10.373674 -0.000000
v 3.412278 10.289066 -0.000000
v 3.427161 10.205708 -0.000000
v 3.457363 10.126688 -0.000000
v 3.501889 10.054631 -0.000000
v 3.559083 9.992229 -0.000000
v 3.626988 9.941624 -0.000000
v 3.703155 9.904640 -0.000000
v 3.796147 9.869374 -0.000000
v 3.796147 9.869374 -2.500000
v 3.765186 9.881226 -0.000000
v 3.734188 9.892995 -0.000000
v 5.565186 11.304366 0.000000
v 5.759160 11.206780 0.000000
v 5.951427 11.105871 0.000000
v 6.141927 11.001666 0.000000
v 4.366578 10.101460 -2.500000
v 4.427088 10.213947 -0.000000
v 4.510108 10.335648 -0.000000
v 4.366578 10.101460 -0.000000
v 4.617980 10.469502 -0.000000
v 4.753029 10.618450 -0.000000
v 4.916320 10.782379 -0.000000
v 5.105690 10.952900 -0.000000
v 5.321715 11.127542 -0.000000
v 3.877652 9.846564 -0.000000
v 3.901647 9.842966 -1.666657
v 3.901647 9.842966 -3.333328
v 3.987251 9.840370 -1.666657
v 3.987251 9.840370 -3.333328
v 4.071763 9.854131 -1.666657
v 4.071764 9.854131 -3.333328
v 4.152176 9.883657 -1.666657
v 4.152177 9.883657 -3.333328
v 4.225565 9.927794 -1.666657
v 4.225565 9.927794 -3.333328
v 4.267254 9.962827 -1.666657
v 4.267255 9.962827 -3.333328
v 4.323508 10.027427 -1.666657
v 4.323508 10.027427 -3.333328
v 3.961968 9.839396 -0.000000
v 4.046179 9.848171 -0.000000
v 4.127192 9.872519 -0.000000
v 4.202312 9.911672 -0.000000
v 4.268713 9.964159 -0.000000
v 4.324140 10.028195 -0.000000
v 5.832840 9.331909 0.000000
v 5.832840 9.331909 -2.500000
v 5.904506 9.480747 0.000000
v 5.967615 9.669204 0.000000
v 5.935834 9.568047 0.000000
v 6.028802 9.897554 0.000000
v 6.074790 10.126633 0.000000
v 6.107197 10.353693 0.000000
v 6.127923 10.576619 0.000000
v 5.965885 8.730614 -2.500000
v 5.884212 8.802437 -3.333328
v 5.884212 8.802437 -1.666656
v 5.833449 8.871418 -3.333328
v 5.833448 8.871418 -1.666656
v 5.796765 8.948775 -3.333328
v 5.796764 8.948775 -1.666656
v 5.775389 9.031735 -3.333328
v 5.775389 9.031735 -1.666656
v 5.770020 9.117195 -3.333328
v 5.770020 9.117195 -1.666656
v 5.775170 9.171413 -3.333328
v 5.775169 9.171413 -1.666656
v 5.796377 9.254401 -3.333328
v 5.796376 9.254401 -1.666656
v 5.796661 9.255390 0.000000
v 5.775454 9.173473 0.000000
v 5.769961 9.088974 0.000000
v 5.780374 9.005025 0.000000
v 5.806360 8.924399 0.000000
v 5.846961 8.850132 0.000000
v 5.900784 8.784749 0.000000
v 5.965885 8.730614 0.000000
v 6.047733 8.674117 0.000000
v 6.047733 8.674117 -2.500000
v 6.020511 8.693027 0.000000
v 5.993227 8.711868 0.000000
v 8.108782 9.644045 0.000000
v 8.273769 9.502884 0.000000
v 8.436301 9.358894 0.000000
v 8.596324 9.212117 0.000000
v 6.657131 8.762941 -2.500000
v 6.742800 8.857671 0.000000
v 6.852537 8.955971 0.000000
v 6.657131 8.762941 0.000000
v 6.989306 9.060122 0.000000
v 7.156078 9.172429 0.000000
v 7.353853 9.292510 0.000000
v 7.578527 9.412755 0.000000
v 7.830072 9.530639 0.000000
v 6.121410 8.632451 0.000000
v 6.143847 8.623222 -1.666656
v 6.143847 8.623222 -3.333328
v 6.226343 8.600220 -1.666656
v 6.226344 8.600220 -3.333328
v 6.311690 8.593340 -1.666656
v 6.311690 8.593340 -3.333328
v 6.396834 8.602775 -1.666656
v 6.396834 8.602775 -3.333328
v 6.478655 8.628071 -1.666656
v 6.478655 8.628071 -3.333328
v 6.527516 8.652103 -1.666656
v 6.527517 8.652103 -3.333328
v 6.597592 8.701363 -1.666656
v 6.597592 8.701363 -3.333328
v 6.201562 8.605329 0.000000
v 6.285426 8.593683 0.000000
v 6.369914 8.597940 0.000000
v 6.452219 8.617977 0.000000
v 6.529253 8.653050 0.000000
v 6.598392 8.701967 0.000000
v 7.896619 7.664844 0.000000
v 7.896619 7.664844 -2.500000
v 8.001820 7.792203 0.000000
v 8.108198 7.960088 0.000000
v 8.053136 7.869478 0.000000
v 8.222260 8.167167 0.000000
v 8.321734 8.378585 0.000000
v 8.407535 8.591280 0.000000
v 8.481006 8.802767 0.000000
v 7.881901 7.049184 -2.500000
v 7.819787 7.138462 -3.333328
v 7.819787 7.138462 -1.666656
v 7.787007 7.217591 -3.333328
v 7.787006 7.217591 -1.666656
v 7.769902 7.301485 -3.333328
v 7.769902 7.301485 -1.666656
v 7.769003 7.387151 -3.333328
v 7.769002 7.387151 -1.666656
v 7.784243 7.471416 -3.333328
v 7.784243 7.471416 -1.666656
v 7.802219 7.522819 -3.333328
v 7.802219 7.522819 -1.666656
v 7.842669 7.598322 -3.333328
v 7.842669 7.598322 -1.666656
v 7.843181 7.599215 0.000000
v 7.802988 7.524741 0.000000
v 7.777434 7.444033 0.000000
v 7.767454 7.360029 0.000000
v 7.773390 7.275530 0.000000
v 7.795036 7.193696 0.000000
v 7.831645 7.117327 0.000000
v 7.881901 7.049184 0.000000
v 7.947849 6.974738 0.000000
v 7.947849 6.974738 -2.500000
v 7.925945 6.999622 0.000000
v 7.903959 7.024437 0.000000
v 10.181127 7.423255 0.000000
v 10.307538 7.246705 0.000000
v 10.430886 7.067998 0.000000
v 10.551135 6.887205 0.000000
v 8.560798 6.915151 -2.500000
v 8.666647 6.986631 0.000000
v 8.796719 7.055803 0.000000
v 8.560798 6.915151 0.000000
v 8.954437 7.124207 0.000000
v 9.143241 7.193325 0.000000
v 9.364004 7.262594 0.000000
v 9.610929 7.325572 0.000000
v 9.883376 7.379831 0.000000
v 8.009414 6.916662 0.000000
v 8.028987 6.902324 -1.666656
v 8.028987 6.902324 -3.333328
v 8.103584 6.860247 -1.666656
v 8.103584 6.860247 -3.333328
v 8.184808 6.833152 -1.666656
v 8.184808 6.833152 -3.333328
v 8.269735 6.821932 -1.666656
v 8.269735 6.821932 -3.333328
v 8.355226 6.826903 -1.666656
v 8.355226 6.826903 -3.333328
v 8.408423 6.838549 -1.666656
v 8.408423 6.838549 -3.333328
v 8.488254 6.869613 -1.666656
v 8.488254 6.869613 -3.333328
v 8.080747 6.871137 0.000000
v 8.159385 6.839771 0.000000
v 8.242437 6.823690 0.000000
v 8.327146 6.823442 0.000000
v 8.410336 6.839057 0.000000
v 8.489173 6.869997 0.000000
v 9.501477 5.552338 0.000000
v 9.501477 5.552338 -2.500000
v 9.634100 5.650817 0.000000
v 9.777560 5.788366 0.000000
v 9.702417 5.713562 0.000000
v 9.937868 5.962128 0.000000
v 10.085044 6.143595 0.000000
v 10.219255 6.329580 0.000000
v 10.341208 6.517336 0.000000
v 9.339849 4.958088 -2.500000
v 9.300905 5.059629 -3.333328
v 9.300905 5.059629 -1.666656
v 9.288013 5.144306 -3.333328
v 9.288013 5.144306 -1.666656
v 9.291481 5.229862 -3.333328
v 9.291481 5.229862 -1.666656
v 9.311109 5.313249 -3.333328
v 9.311109 5.313249 -1.666656
v 9.346072 5.391417 -3.333328
v 9.346072 5.391417 -1.666656
v 9.375829 5.437023 -3.333328
v 9.375829 5.437023 -1.666656
v 9.433173 5.500661 -3.333328
v 9.433173 5.500661 -1.666656
v 9.433881 5.501389 0.000000
v 9.377037 5.438712 0.000000
v 9.332906 5.366464 0.000000
v 9.303113 5.287280 0.000000
v 9.288655 5.203825 0.000000
v 9.290091 5.119189 0.000000
v 9.307360 5.036270 0.000000
v 9.339849 4.958088 0.000000
v 9.386066 4.870033 0.000000
v 9.386066 4.870033 -2.500000
v 9.370750 4.899435 0.000000
v 9.355346 4.928782 0.000000
v 11.661781 4.771046 0.000001
v 11.742270 4.569365 0.000001
v 11.819266 4.366337 0.000001
v 11.892755 4.162019 0.000001
v 9.966937 4.665481 -2.500000
v 10.086823 4.709550 0.000000
v 10.229665 4.745585 0.000000
v 9.966937 4.665481 0.000000
v 10.399171 4.774246 0.000000
v 10.599032 4.796191 0.000000
v 10.829958 4.810610 0.000000
v 11.084779 4.812670 0.000000
v 11.362290 4.800146 0.000001
v 9.431941 4.798896 0.000000
v 9.447515 4.780288 -1.666656
v 9.447515 4.780288 -3.333328
v 9.509875 4.721580 -1.666656
v 9.509875 4.721580 -3.333328
v 9.582252 4.675836 -1.666656
v 9.582252 4.675836 -3.333328
v 9.662025 4.644621 -1.666656
v 9.662025 4.644621 -3.333328
v 9.746225 4.628993 -1.666656
v 9.746225 4.628993 -3.333328
v 9.800663 4.627564 -1.666656
v 9.800663 4.627564 -3.333328
v 9.885604 4.638619 -1.666656
v 9.885604 4.638619 -3.333328
v 9.490306 4.737634 0.000000
v 9.559153 4.688346 0.000000
v 9.635943 4.652861 0.000000
v 9.718131 4.632343 0.000000
v 9.802644 4.627605 0.000000
v 9.886590 4.638784 0.000000
v 10.554143 3.117151 0.000000
v 10.554143 3.117151 -2.500000
v 10.706479 3.181022 0.000000
v 10.878689 3.280243 0.000000
v 10.787829 3.225599 0.000000
v 11.075921 3.410595 0.000000
v 11.262253 3.551564 0.000001
v 11.437073 3.700030 0.000001
v 11.600412 3.853152 0.000001
v 10.254995 2.578848 -2.500000
v 10.241489 2.686761 -3.333328
v 10.241489 2.686761 -1.666656
v 10.249234 2.772056 -3.333328
v 10.249234 2.772056 -1.666656
v 10.273075 2.854289 -3.333328
v 10.273075 2.854289 -1.666656
v 10.312087 2.930562 -3.333328
v 10.312087 2.930562 -1.666656
v 10.364745 2.998086 -3.333328
v 10.364745 2.998086 -1.666656
v 10.404551 3.035261 -3.333328
v 10.404551 3.035261 -1.666656
v 10.475457 3.083313 -3.333328
v 10.475457 3.083313 -1.666656
v 10.476318 3.083862 0.000000
v 10.406126 3.036607 0.000000
v 10.345986 2.977006 0.000000
v 10.298114 2.907257 0.000000
v 10.264100 2.829679 0.000000
v 10.245238 2.747172 0.000000
v 10.242166 2.662537 0.000000
v 10.254995 2.578848 0.000000
v 10.278798 2.482278 0.000000
v 10.278798 2.482278 -2.500000
v 10.270964 2.514496 0.000000
v 10.263033 2.546686 0.000000
v 12.464696 1.841556 0.000001
v 12.494579 1.626484 0.000001
v 12.520754 1.410933 0.000001
v 12.543207 1.194955 0.000001
v 10.793838 2.144655 -2.500000
v 10.920784 2.158758 0.000000
v 11.068104 2.159569 0.000000
v 10.793838 2.144655 0.000000
v 11.239542 2.146838 0.000001
v 11.438845 2.120306 0.000001
v 11.666512 2.079039 0.000001
v 11.914422 2.020056 0.000001
v 12.180871 1.941476 0.000001
v 10.306315 2.402243 0.000000
v 10.316986 2.380449 -1.666656
v 10.316986 2.380449 -3.333328
v 10.363482 2.308530 -1.666656
v 10.363482 2.308530 -3.333328
v 10.422812 2.246786 -1.666656
v 10.422812 2.246786 -3.333328
v 10.492798 2.197389 -1.666656
v 10.492798 2.197389 -3.333328
v 10.570807 2.162054 -1.666656
v 10.570807 2.162054 -3.333328
v 10.623326 2.147649 -1.666656
v 10.623326 2.147649 -3.333328
v 10.708443 2.138049 -1.666656
v 10.708443 2.138049 -3.333328
v 10.348325 2.328786 0.000000
v 10.403377 2.264461 0.000000
v 10.469441 2.211617 0.000000
v 10.544331 2.172038 0.000000
v 10.625252 2.147209 0.000000
v 10.709438 2.137967 0.000000
v 10.993442 0.500798 0.000000
v 10.993442 0.500798 -2.500000
v 11.156640 0.526369 0.000000
v 11.347586 0.581479 0.000001
v 11.246292 0.550182 0.000001
v 11.570286 0.660841 0.000001
v 11.784938 0.753126 0.000001
v 11.990207 0.855437 0.000001
v 12.185444 0.965025 0.000001
v 10.574162 0.049727 -2.500000
v 10.586872 0.157736 -3.333328
v 10.586872 0.157736 -1.666656
v 10.614804 0.238706 -3.333328
v 10.614804 0.238705 -1.666656
v 10.657634 0.312836 -3.333328
v 10.657634 0.312836 -1.666656
v 10.713764 0.377559 -3.333328
v 10.713764 0.377559 -1.666656
v 10.781055 0.430527 -3.333328
v 10.781055 0.430527 -1.666656
v 10.828595 0.457086 -3.333328
v 10.828595 0.457086 -1.666656
v 10.908943 0.486777 -3.333328
v 10.908943 0.486777 -1.666656
v 10.909914 0.487106 0.000000
v 10.830449 0.458020 0.000000
v 10.757798 0.414542 0.000000
v 10.694620 0.358278 0.000000
v 10.643033 0.291097 0.000000
v 10.604968 0.215497 0.000000
v 10.581733 0.134061 0.000000
v 10.574162 0.049727 0.000000
v 10.574162 -0.049727 0.000000
v 10.574162 -0.049727 -2.500000
v 10.574268 -0.016576 0.000000
v 10.574268 0.016576 0.000000
v 12.543207 -1.194955 0.000001
v 12.520754 -1.410933 0.000001
v 12.494579 -1.626484 0.000001
v 12.464696 -1.841555 0.000001
v 10.993442 -0.500798 -2.500000
v 11.120072 -0.517483 0.000000
v 11.263304 -0.551953 0.000001
v 10.993442 -0.500798 0.000000
v 11.426715 -0.605347 0.000001
v 11.613873 -0.678804 0.000001
v 11.825051 -0.773355 0.000001
v 12.051641 -0.889947 0.000001
v 12.291545 -1.030009 0.000001
v 10.581725 -0.134033 0.000000
v 10.586872 -0.157736 -1.666656
v 10.586872 -0.157736 -3.333328
v 10.614804 -0.238705 -1.666656
v 10.614804 -0.238705 -3.333328
v 10.657634 -0.312836 -1.666656
v 10.657634 -0.312836 -3.333328
v 10.713764 -0.377559 -1.666656
v 10.713764 -0.377559 -3.333328
v 10.781055 -0.430527 -1.666656
v 10.781055 -0.430527 -3.333328
v 10.828595 -0.457086 -1.666656
v 10.828595 -0.457086 -3.333328
v 10.908943 -0.486777 -1.666656
v 10.908943 -0.486777 -3.333328
v 10.604934 -0.215401 0.000000
v 10.642991 -0.291041 0.000000
v 10.694493 -0.358140 0.000000
v 10.757737 -0.414500 0.000000
v 10.830363 -0.457979 0.000000
v 10.909890 -0.487092 0.000000
v 10.793838 -2.144654 0.000000
v 10.793838 -2.144654 -2.500000
v 10.958416 -2.158895 0.000000
v 11.157003 -2.151068 0.000000
v 11.051161 -2.157220 0.000000
v 11.392224 -2.127310 0.000001
v 11.622725 -2.089077 0.000001
v 11.846516 -2.038856 0.000001
v 12.062302 -1.979187 0.000001
v 10.278798 -2.482278 -2.500000
v 10.316986 -2.380448 -3.333328
v 10.316986 -2.380448 -1.666656
v 10.363482 -2.308529 -3.333328
v 10.363482 -2.308529 -1.666656
v 10.422812 -2.246786 -3.333328
v 10.422812 -2.246786 -1.666656
v 10.492798 -2.197389 -3.333328
v 10.492798 -2.197389 -1.666656
v 10.570807 -2.162054 -3.333328
v 10.570807 -2.162054 -1.666656
v 10.623326 -2.147648 -3.333328
v 10.623326 -2.147648 -1.666656
v 10.708443 -2.138049 -3.333328
v 10.708443 -2.138049 -1.666656
v 10.709462 -2.137966 0.000000
v 10.625348 -2.147181 0.000000
v 10.544403 -2.172010 0.000000
v 10.469596 -2.211520 0.000000
v 10.403428 -2.264405 0.000000
v 10.348379 -2.328703 0.000000
v 10.306326 -2.402215 0.000000
v 10.278798 -2.482278 0.000000
v 10.254995 -2.578848 0.000000
v 10.254995 -2.578848 -2.500000
v 10.263033 -2.546685 0.000000
v 10.270964 -2.514495 0.000000
v 11.892755 -4.162019 0.000001
v 11.819266 -4.366337 0.000001
v 11.742270 -4.569365 0.000001
v 11.661781 -4.771046 0.000001
v 10.554143 -3.117150 -2.500000
v 10.673100 -3.163650 0.000000
v 10.803921 -3.231394 0.000000
v 10.554143 -3.117150 0.000000
v 10.949805 -3.322347 0.000000
v 11.113948 -3.438459 0.000000
v 11.296358 -3.580801 0.000001
v 11.488464 -3.748233 0.000001
v 11.687881 -3.941633 0.000001
v 10.242166 -2.662509 0.000000
v 10.241489 -2.686761 -1.666656
v 10.241489 -2.686761 -3.333328
v 10.249234 -2.772056 -1.666656
v 10.249234 -2.772056 -3.333328
v 10.273075 -2.854289 -1.666656
v 10.273075 -2.854289 -3.333328
v 10.312087 -2.930561 -1.666656
v 10.312087 -2.930561 -3.333328
v 10.364745 -2.998086 -1.666656
v 10.364745 -2.998086 -3.333328
v 10.404551 -3.035261 -1.666656
v 10.404551 -3.035261 -3.333328
v 10.475457 -3.083312 -1.666656
v 10.475457 -3.083312 -3.333328
v 10.245225 -2.747076 0.000000
v 10.264076 -2.829611 0.000000
v 10.298020 -2.907105 0.000000
v 10.345939 -2.976951 0.000000
v 10.406051 -3.036538 0.000000
v 10.476298 -3.083848 0.000000
v 9.966937 -4.665481 0.000000
v 9.966937 -4.665481 -2.500000
v 10.123328 -4.718682 0.000000
v 10.318016 -4.758604 0.000000
v 10.213777 -4.739254 0.000000
v 10.552090 -4.791824 0.000000
v 10.785041 -4.809869 0.000000
v 11.014346 -4.814675 0.000000
v 11.238141 -4.808372 0.000001
v 9.386066 -4.870033 -2.500000
v 9.447515 -4.780288 -3.333328
v 9.447515 -4.780288 -1.666656
v 9.509875 -4.721580 -3.333328
v 9.509875 -4.721580 -1.666656
v 9.582252 -4.675836 -3.333328
v 9.582252 -4.675836 -1.666656
v 9.662025 -4.644621 -3.333328
v 9.662025 -4.644621 -1.666656
v 9.746225 -4.628993 -3.333328
v 9.746225 -4.628993 -1.666656
v 9.800663 -4.627564 -3.333328
v 9.800663 -4.627564 -1.666656
v 9.885604 -4.638619 -3.333328
v 9.885604 -4.638619 -1.666656
v 9.886614 -4.638784 0.000000
v 9.802740 -4.627605 0.000000
v 9.718204 -4.632330 0.000000
v 9.636119 -4.652792 0.000000
v 9.559217 -4.688305 0.000000
v 9.490378 -4.737565 0.000000
v 9.431958 -4.798869 0.000000
v 9.386066 -4.870033 0.000000
v 9.339849 -4.958088 0.000000
v 9.339849 -4.958088 -2.500000
v 9.355346 -4.928782 0.000000
v 9.370750 -4.899435 0.000000
v 10.551135 -6.887205 0.000000
v 10.430886 -7.067998 0.000000
v 10.307538 -7.246705 0.000000
v 10.181127 -7.423255 0.000000
v 9.501477 -5.552338 -2.500000
v 9.605847 -5.625960 0.000000
v 9.716655 -5.723052 0.000000
v 9.501477 -5.552338 0.000000
v 9.836534 -5.846263 0.000000
v 9.968119 -5.998287 0.000000
v 10.111167 -6.180138 0.000000
v 10.257619 -6.388686 0.000000
v 10.404956 -6.624192 0.000000
v 9.307366 -5.036256 0.000000
v 9.300905 -5.059629 -1.666656
v 9.300905 -5.059629 -3.333328
v 9.288013 -5.144306 -1.666656
v 9.288013 -5.144306 -3.333328
v 9.291481 -5.229862 -1.666656
v 9.291481 -5.229862 -3.333328
v 9.311109 -5.313249 -1.666656
v 9.311109 -5.313249 -3.333328
v 9.346072 -5.391417 -1.666656
v 9.346072 -5.391417 -3.333328
v 9.375829 -5.437023 -1.666656
v 9.375829 -5.437023 -3.333328
v 9.433173 -5.500661 -1.666656
v 9.433173 -5.500661 -3.333328
v 9.290101 -5.119093 0.000000
v 9.288651 -5.203743 0.000000
v 9.303064 -5.287101 0.000000
v 9.332875 -5.366395 0.000000
v 9.376979 -5.438643 0.000000
v 9.433864 -5.501375 0.000000
v 8.560798 -6.915151 0.000000
v 8.560798 -6.915151 -2.500000
v 8.699908 -7.004236 0.000000
v 8.879384 -7.089600 0.000000
v 8.782804 -7.045861 0.000000
v 9.098705 -7.177862 0.000000
v 9.320571 -7.251127 0.000000
v 9.542062 -7.310672 0.000000
v 9.760865 -7.358119 0.000000
v 7.947849 -6.974738 -2.500000
v 8.028987 -6.902324 -3.333328
v 8.028987 -6.902324 -1.666656
v 8.103584 -6.860247 -3.333328
v 8.103584 -6.860247 -1.666656
v 8.184808 -6.833152 -3.333328
v 8.184808 -6.833152 -1.666656
v 8.269735 -6.821932 -3.333328
v 8.269735 -6.821932 -1.666656
v 8.355226 -6.826903 -3.333328
v 8.355226 -6.826903 -1.666656
v 8.408423 -6.838549 -3.333328
v 8.408423 -6.838549 -1.666656
v 8.488254 -6.869613 -3.333328
v 8.488254 -6.869613 -1.666656
v 8.489194 -6.870011 0.000000
v 8.410432 -6.839084 0.000000
v 8.327221 -6.823442 0.000000
v 8.242626 -6.823662 0.000000
v 8.159456 -6.839744 0.000000
v 8.080832 -6.871096 0.000000
v 8.009435 -6.916648 0.000000
v 7.947849 -6.974738 0.000000
v 7.881901 -7.049184 0.000000
v 7.881901 -7.049184 -2.500000
v 7.903959 -7.024437 0.000000
v 7.925945 -6.999622 0.000000
v 8.596324 -9.212117 0.000000
v 8.436301 -9.358894 0.000000
v 8.273769 -9.502884 0.000000
v 8.108782 -9.644045 0.000000
v 7.896619 -7.664844 -2.500000
v 7.980338 -7.761318 0.000000
v 8.064692 -7.882099 0.000000
v 7.896619 -7.664844 0.000000
v 8.151598 -8.030415 0.000000
v 8.242980 -8.209518 0.000000
v 8.338348 -8.420319 0.000000
v 8.430636 -8.657857 0.000000
v 8.517333 -8.921776 0.000000
v 7.831659 -7.117300 0.000000
v 7.819787 -7.138462 -1.666656
v 7.819787 -7.138462 -3.333328
v 7.787006 -7.217591 -1.666656
v 7.787007 -7.217591 -3.333328
v 7.769902 -7.301485 -1.666656
v 7.769902 -7.301485 -3.333328
v 7.769002 -7.387137 -1.666656
v 7.769003 -7.387137 -3.333328
v 7.784243 -7.471416 -1.666656
v 7.784243 -7.471416 -3.333328
v 7.802219 -7.522819 -1.666656
v 7.802219 -7.522819 -3.333328
v 7.842669 -7.598322 -1.666656
v 7.842669 -7.598322 -3.333328
v 7.795067 -7.193599 0.000000
v 7.773404 -7.275447 0.000000
v 7.767447 -7.359836 0.000000
v 7.777417 -7.443950 0.000000
v 7.802950 -7.524659 0.000000
v 7.843167 -7.599187 0.000000
v 6.657131 -8.762941 0.000000
v 6.657131 -8.762941 -2.500000
v 6.770881 -8.882720 0.000000
v 6.924713 -9.008554 0.000000
v 6.841410 -8.942980 0.000000
v 7.116538 -9.146749 0.000000
v 7.314423 -9.270990 0.000000
v 7.515228 -9.381802 0.000000
v 7.716320 -9.480225 0.000000
v 6.047733 -8.674117 -2.500000
v 6.143847 -8.623222 -3.333328
v 6.143847 -8.623222 -1.666656
v 6.226344 -8.600220 -3.333328
v 6.226343 -8.600220 -1.666656
v 6.311690 -8.593340 -3.333328
v 6.311690 -8.593340 -1.666656
v 6.396834 -8.602775 -3.333328
v 6.396834 -8.602775 -1.666656
v 6.478655 -8.628071 -3.333328
v 6.478655 -8.628071 -1.666656
v 6.527517 -8.652103 -3.333328
v 6.527516 -8.652103 -1.666656
v 6.597592 -8.701363 -3.333328
v 6.597592 -8.701363 -1.666656
v 6.598413 -8.701981 0.000000
v 6.529339 -8.653106 0.000000
v 6.452288 -8.618004 0.000000
v 6.370100 -8.597968 0.000000
v 6.285501 -8.593683 0.000000
v 6.201658 -8.605301 0.000000
v 6.121434 -8.632438 0.000000
v 6.047733 -8.674117 0.000000
v 5.965885 -8.730614 0.000000
v 5.965885 -8.730614 -2.500000
v 5.993227 -8.711868 0.000000
v 6.020511 -8.693027 0.000000
v 6.141927 -11.001666 0.000000
v 5.951427 -11.105871 0.000000
v 5.759160 -11.206780 0.000000
v 5.565186 -11.304366 0.000000
v 5.832840 -9.331909 -2.500000
v 5.891041 -9.445604 0.000000
v 5.944036 -9.583057 0.000000
v 5.832840 -9.331909 0.000000
v 5.992922 -9.747879 0.000000
v 6.038786 -9.943642 0.000000
v 6.080936 -10.171142 0.000000
v 6.113696 -10.423855 0.000000
v 6.134714 -10.700848 0.000000
v 5.900801 -8.784721 0.000000
v 5.884212 -8.802423 -1.666656
v 5.884212 -8.802423 -3.333328
v 5.833448 -8.871404 -1.666656
v 5.833449 -8.871404 -3.333328
v 5.796764 -8.948775 -1.666656
v 5.796765 -8.948775 -3.333328
v 5.775389 -9.031735 -1.666656
v 5.775389 -9.031735 -3.333328
v 5.770020 -9.117195 -1.666656
v 5.770020 -9.117195 -3.333328
v 5.775169 -9.171413 -1.666656
v 5.775170 -9.171413 -3.333328
v 5.796376 -9.254401 -1.666656
v 5.796377 -9.254401 -3.333328
v 5.847016 -8.850049 0.000000
v 5.806391 -8.924331 0.000000
v 5.780415 -9.004847 0.000000
v 5.769964 -9.088905 0.000000
v 5.775440 -9.173377 0.000000
v 5.796654 -9.255363 0.000000
v 4.366578 -10.101460 -0.000000
v 4.366578 -10.101460 -2.500000
v 4.448357 -10.244984 -0.000000
v 4.567604 -10.403983 -0.000000
v 4.502413 -10.320363 -0.000000
v 4.720780 -10.584063 -0.000000
v 4.883186 -10.752044 -0.000000
v 5.051641 -10.907691 -0.000000
v 5.223330 -11.051379 -0.000000
v 3.796147 -9.869374 -2.500000
v 3.901647 -9.842966 -3.333328
v 3.901647 -9.842966 -1.666657
v 3.987251 -9.840370 -3.333328
v 3.987251 -9.840370 -1.666657
v 4.071764 -9.854131 -3.333328
v 4.071763 -9.854131 -1.666657
v 4.152177 -9.883657 -3.333328
v 4.152176 -9.883657 -1.666657
v 4.225565 -9.927794 -3.333328
v 4.225565 -9.927794 -1.666657
v 4.267255 -9.962827 -3.333328
v 4.267254 -9.962827 -1.666657
v 4.323508 -10.027427 -3.333328
v 4.323508 -10.027427 -1.666657
v 4.324153 -10.028223 -0.000000
v 4.268786 -9.964228 -0.000000
v 4.202374 -9.911713 -0.000000
v 4.127367 -9.872588 -0.000000
v 4.046254 -9.848185 -0.000000
v 3.962065 -9.839409 -0.000000
v 3.877679 -9.846550 -0.000000
v 3.796147 -9.869374 -0.000000
v 3.703155 -9.904640 -0.000000
v 3.703155 -9.904640 -2.500000
v 3.734188 -9.892982 -0.000000
v 3.765186 -9.881226 -0.000000
v 3.330581 -12.151838 -0.000001
v 3.120680 -12.207429 -0.000001
v 2.909853 -12.259395 -0.000001
v 2.698160 -12.307720 -0.000001
v 3.430076 -10.456621 -2.500000
v 3.459378 -10.580945 -0.000000
v 3.477938 -10.727091 -0.000000
v 3.430076 -10.456621 -0.000000
v 3.485958 -10.898820 -0.000000
v 3.483644 -11.099870 -0.000000
v 3.470121 -11.330844 -0.000000
v 3.441453 -11.584064 -0.000000
v 3.395568 -11.858036 -0.000000
v 3.627012 -9.941609 -0.000000
v 3.606668 -9.954834 -1.666657
v 3.606668 -9.954834 -3.333328
v 3.540873 -10.009656 -1.666657
v 3.540873 -10.009656 -3.333328
v 3.486738 -10.076000 -1.666657
v 3.486738 -10.076000 -3.333328
v 3.446133 -10.151421 -1.666657
v 3.446133 -10.151421 -3.333328
v 3.420466 -10.233131 -1.666657
v 3.420466 -10.233131 -3.333328
v 3.412491 -10.286992 -1.666657
v 3.412491 -10.286992 -3.333328
v 3.413222 -10.372644 -1.666657
v 3.413222 -10.372644 -3.333328
v 3.559155 -9.992174 -0.000000
v 3.501933 -10.054577 -0.000000
v 3.457445 -10.126523 -0.000000
v 3.427181 -10.205639 -0.000000
v 3.412285 -10.288970 -0.000000
v 3.413260 -10.373647 -0.000000
v 1.822254 -10.852924 -0.000000
v 1.822254 -10.852924 -2.500000
v 1.867308 -11.011842 -0.000000
v 1.945044 -11.194764 -0.000000
v 1.901754 -11.097975 -0.000000
v 2.050674 -11.406264 -0.000000
v 2.168159 -11.608234 -0.000000
v 2.294467 -11.799671 -0.000000
v 2.426780 -11.980273 -0.000000
v 1.323939 -10.491077 -2.500001
v 1.432696 -10.490665 -3.333328
v 1.432696 -10.490665 -1.666657
v 1.516436 -10.508641 -3.333328
v 1.516436 -10.508641 -1.666657
v 1.595198 -10.542218 -3.333328
v 1.595198 -10.542218 -1.666657
v 1.666204 -10.590133 -3.333328
v 1.666204 -10.590133 -1.666657
v 1.726900 -10.650558 -3.333328
v 1.726900 -10.650558 -1.666657
v 1.758997 -10.694544 -3.333328
v 1.758997 -10.694544 -1.666657
v 1.798153 -10.770734 -3.333328
v 1.798153 -10.770734 -1.666657
v 1.798592 -10.771654 -0.000000
v 1.760144 -10.696274 -0.000000
v 1.708230 -10.629395 -0.000000
v 1.644767 -10.573461 -0.000000
v 1.571852 -10.530339 -0.000000
v 1.492211 -10.501665 -0.000000
v 1.408564 -10.488413 -0.000000
v 1.323938 -10.491077 -0.000000
v 1.225209 -10.503052 -0.000000
v 1.225209 -10.503052 -2.500001
v 1.258134 -10.499166 -0.000000
v 1.291041 -10.495170 -0.000000
v -1.323938 -10.491077 -0.000001
v -1.323938 -10.491077 -2.500001
v -1.291041 -10.495170 -0.000001
v -1.258130 -10.499166 -0.000001
v -1.225209 -10.503052 -2.500001
v -1.225209 -10.503052 -0.000001
v 0.325676 -12.595782 -0.000001
v 0.108569 -12.599531 -0.000001
v -0.108569 -12.599531 -0.000001
v -0.325676 -12.595782 -0.000001
v -0.827971 -10.973651 -0.000001
v -0.827971 -10.973651 -2.500001
v -0.822258 -11.138734 -0.000001
v -0.790559 -11.334936 -0.000001
v -0.809425 -11.230607 -0.000001
v -0.738614 -11.565580 -0.000001
v -0.672875 -11.789783 -0.000001
v -0.596053 -12.005898 -0.000001
v -0.510806 -12.212922 -0.000001
v -1.119517 -10.528691 -3.333329
v -1.119517 -10.528691 -1.666657
v -1.042510 -10.566182 -3.333329
v -1.042510 -10.566182 -1.666657
v -0.974075 -10.617640 -3.333329
v -0.974075 -10.617640 -1.666657
v -0.916599 -10.681154 -3.333329
v -0.916600 -10.681154 -1.666657
v -0.872125 -10.754337 -3.333329
v -0.872126 -10.754337 -1.666657
v -0.851492 -10.804736 -3.333329
v -0.851492 -10.804736 -1.666657
v -0.831702 -10.888081 -3.333329
v -0.831703 -10.888081 -1.666657
v -0.831497 -10.889083 -0.000001
v -0.850788 -10.806685 -0.000001
v -0.885186 -10.729329 -0.000001
v -0.933422 -10.659827 -0.000001
v -0.993899 -10.600514 -0.000001
v -1.064366 -10.553617 -0.000001
v -1.142410 -10.520741 -0.000001
v 0.827971 -10.973651 -2.500001
v 0.826666 -11.101367 -0.000000
v 0.809713 -11.247705 -0.000000
v 0.827971 -10.973651 -0.000000
v 0.776404 -11.416358 -0.000000
v 0.726042 -11.611022 -0.000000
v 0.657638 -11.832053 -0.000000
v 0.569202 -12.071048 -0.000001
v 0.459084 -12.326081 -0.000001
v 1.142434 -10.520726 -0.000000
v 1.119517 -10.528691 -1.666657
v 1.119517 -10.528691 -3.333329
v 1.042513 -10.566182 -1.666657
v 1.042513 -10.566182 -3.333329
v 0.974075 -10.617640 -1.666657
v 0.974076 -10.617640 -3.333329
v 0.916600 -10.681154 -1.666657
v 0.916600 -10.681154 -3.333329
v 0.872126 -10.754337 -1.666657
v 0.872126 -10.754337 -3.333329
v 0.851492 -10.804736 -1.666657
v 0.851492 -10.804736 -3.333329
v 0.831703 -10.888081 -1.666657
v 0.831703 -10.888081 -3.333329
v 1.064452 -10.553576 -0.000000
v 0.993957 -10.600473 -0.000000
v 0.933543 -10.659690 -0.000000
v 0.885223 -10.729260 -0.000000
v 0.850819 -10.806603 -0.000000
v 0.831500 -10.889056 -0.000000
v -1.323938 10.491077 -2.500000
v -1.291041 10.495170 -0.000001
v -1.258130 10.499166 -0.000001
v -1.323938 10.491077 -0.000001
v -2.698160 -12.307720 -0.000001
v -2.909853 -12.259395 -0.000001
v -3.120680 -12.207429 -0.000001
v -3.330581 -12.151838 -0.000001
v -3.430076 -10.456621 -0.000001
v -3.430075 -10.456621 -2.500001
v -3.464041 -10.618285 -0.000001
v -3.480215 -10.816367 -0.000001
v -3.473564 -10.710556 -0.000001
v -3.484977 -11.052738 -0.000001
v -3.474804 -11.286170 -0.000001
v -3.451932 -11.514384 -0.000001
v -3.418705 -11.735785 -0.000001
v -3.703154 -9.904640 -2.500001
v -3.606667 -9.954834 -3.333329
v -3.606667 -9.954834 -1.666657
v -3.540869 -10.009656 -3.333329
v -3.540869 -10.009656 -1.666657
v -3.486737 -10.076000 -3.333329
v -3.486737 -10.076000 -1.666657
v -3.446133 -10.151421 -3.333329
v -3.446133 -10.151421 -1.666657
v -3.420466 -10.233131 -3.333329
v -3.420466 -10.233131 -1.666657
v -3.412491 -10.286992 -3.333329
v -3.412491 -10.286992 -1.666657
v -3.413222 -10.372644 -3.333329
v -3.413222 -10.372644 -1.666657
v -3.413263 -10.373674 -0.000001
v -3.412278 -10.289066 -0.000001
v -3.427161 -10.205708 -0.000001
v -3.457363 -10.126688 -0.000001
v -3.501889 -10.054631 -0.000001
v -3.559083 -9.992229 -0.000001
v -3.626988 -9.941624 -0.000001
v -3.703155 -9.904640 -0.000001
v -1.822254 -10.852924 -2.500001
v -1.854087 -10.976617 -0.000001
v -1.905572 -11.114646 -0.000001
v -1.822254 -10.852924 -0.000001
v -1.978274 -11.270432 -0.000001
v -2.073752 -11.447368 -0.000001
v -2.193067 -11.645616 -0.000001
v -2.336126 -11.856498 -0.000001
v -2.504079 -12.077777 -0.000001
v -1.408540 -10.488413 -0.000001
v -1.432696 -10.490665 -1.666657
v -1.432696 -10.490665 -3.333329
v -1.516436 -10.508641 -1.666657
v -1.516436 -10.508641 -3.333329
v -1.595198 -10.542218 -1.666657
v -1.595197 -10.542218 -3.333329
v -1.666203 -10.590133 -1.666657
v -1.666203 -10.590133 -3.333329
v -1.726900 -10.650558 -1.666657
v -1.726899 -10.650558 -3.333329
v -1.758997 -10.694544 -1.666657
v -1.758997 -10.694544 -3.333329
v -1.798153 -10.770734 -1.666657
v -1.798153 -10.770734 -3.333329
v -1.492115 -10.501652 -0.000001
v -1.571783 -10.530312 -0.000001
v -1.644616 -10.573351 -0.000001
v -1.708178 -10.629340 -0.000001
v -1.760092 -10.696192 -0.000001
v -1.798585 -10.771626 -0.000001
v -3.796147 -9.869374 -0.000001
v -3.796147 -9.869374 -2.500001
v -3.765186 -9.881226 -0.000001
v -3.734188 -9.892982 -0.000001
v -5.565186 -11.304366 -0.000001
v -5.759163 -11.206780 -0.000001
v -5.951424 -11.105871 -0.000001
v -6.141927 -11.001666 -0.000001
v -4.366578 -10.101460 -2.500001
v -4.427085 -10.213947 -0.000001
v -4.510108 -10.335648 -0.000001
v -4.366578 -10.101460 -0.000001
v -4.617980 -10.469502 -0.000001
v -4.753029 -10.618450 -0.000001
v -4.916320 -10.782379 -0.000001
v -5.105690 -10.952900 -0.000001
v -5.321715 -11.127542 -0.000001
v -3.877652 -9.846564 -0.000001
v -3.901646 -9.842966 -1.666657
v -3.901646 -9.842966 -3.333329
v -3.987251 -9.840370 -1.666657
v -3.987251 -9.840370 -3.333329
v -4.071763 -9.854131 -1.666657
v -4.071763 -9.854131 -3.333329
v -4.152176 -9.883657 -1.666657
v -4.152176 -9.883657 -3.333329
v -4.225565 -9.927794 -1.666657
v -4.225564 -9.927794 -3.333329
v -4.267254 -9.962827 -1.666657
v -4.267254 -9.962827 -3.333329
v -4.323508 -10.027427 -1.666657
v -4.323507 -10.027427 -3.333329
v -3.961968 -9.839396 -0.000001
v -4.046179 -9.848171 -0.000001
v -4.127192 -9.872519 -0.000001
v -4.202308 -9.911672 -0.000001
v -4.268713 -9.964159 -0.000001
v -4.324140 -10.028195 -0.000001
v -5.832840 -9.331909 -0.000001
v -5.832840 -9.331909 -2.500001
v -5.904506 -9.480747 -0.000001
v -5.967615 -9.669204 -0.000001
v -5.935837 -9.568047 -0.000001
v -6.028802 -9.897554 -0.000001
v -6.074794 -10.126633 -0.000001
v -6.107197 -10.353693 -0.000001
v -6.127920 -10.576619 -0.000001
v -5.965885 -8.730614 -2.500001
v -5.884215 -8.802423 -3.333329
v -5.884215 -8.802423 -1.666657
v -5.833451 -8.871404 -3.333329
v -5.833452 -8.871404 -1.666657
v -5.796764 -8.948775 -3.333329
v -5.796764 -8.948775 -1.666657
v -5.775388 -9.031735 -3.333329
v -5.775389 -9.031735 -1.666657
v -5.770019 -9.117195 -3.333329
v -5.770020 -9.117195 -1.666657
v -5.775169 -9.171413 -3.333329
v -5.775169 -9.171413 -1.666657
v -5.796379 -9.254401 -3.333329
v -5.796380 -9.254401 -1.666657
v -5.796661 -9.255390 -0.000001
v -5.775457 -9.173473 -0.000001
v -5.769964 -9.088974 -0.000001
v -5.780374 -9.005025 -0.000001
v -5.806364 -8.924399 -0.000001
v -5.846958 -8.850132 -0.000001
v -5.900784 -8.784749 -0.000001
v -5.965885 -8.730614 -0.000001
v -6.047733 -8.674117 -0.000001
v -6.047733 -8.674117 -2.500001
v -6.020508 -8.693027 -0.000001
v -5.993227 -8.711868 -0.000001
v -8.108782 -9.644045 -0.000001
v -8.273769 -9.502884 -0.000001
v -8.436298 -9.358894 -0.000001
v -8.596328 -9.212117 -0.000001
v -6.657131 -8.762941 -2.500001
v -6.742804 -8.857671 -0.000001
v -6.852537 -8.955971 -0.000001
v -6.657131 -8.762941 -0.000001
v -6.989303 -9.060122 -0.000001
v -7.156075 -9.172429 -0.000001
v -7.353849 -9.292510 -0.000001
v -7.578527 -9.412755 -0.000001
v -7.830072 -9.530639 -0.000001
v -6.121410 -8.632451 -0.000001
v -6.143843 -8.623222 -1.666658
v -6.143842 -8.623222 -3.333329
v -6.226343 -8.600220 -1.666658
v -6.226343 -8.600220 -3.333329
v -6.311693 -8.593340 -1.666658
v -6.311693 -8.593340 -3.333329
v -6.396837 -8.602775 -1.666658
v -6.396837 -8.602775 -3.333329
v -6.478651 -8.628071 -1.666658
v -6.478651 -8.628071 -3.333329
v -6.527520 -8.652103 -1.666658
v -6.527519 -8.652103 -3.333329
v -6.597592 -8.701363 -1.666658
v -6.597591 -8.701363 -3.333329
v -6.201562 -8.605329 -0.000001
v -6.285422 -8.593683 -0.000001
v -6.369914 -8.597940 -0.000001
v -6.452215 -8.617977 -0.000001
v -6.529257 -8.653050 -0.000001
v -6.598395 -8.701967 -0.000001
v -7.896622 -7.664844 -0.000001
v -7.896622 -7.664844 -2.500001
v -8.001823 -7.792203 -0.000001
v -8.108198 -7.960088 -0.000001
v -8.053136 -7.869478 -0.000001
v -8.222257 -8.167167 -0.000001
v -8.321732 -8.378585 -0.000001
v -8.407535 -8.591280 -0.000001
v -8.481006 -8.802767 -0.000001
v -7.881901 -7.049184 -2.500001
v -7.819786 -7.138462 -3.333329
v -7.819787 -7.138462 -1.666658
v -7.787006 -7.217591 -3.333329
v -7.787006 -7.217591 -1.666658
v -7.769901 -7.301485 -3.333329
v -7.769902 -7.301485 -1.666658
v -7.769002 -7.387137 -3.333329
v -7.769002 -7.387137 -1.666658
v -7.784245 -7.471416 -3.333329
v -7.784246 -7.471416 -1.666658
v -7.802215 -7.522819 -3.333329
v -7.802216 -7.522819 -1.666658
v -7.842665 -7.598322 -3.333329
v -7.842666 -7.598322 -1.666658
v -7.843181 -7.599215 -0.000001
v -7.802984 -7.524741 -0.000001
v -7.777434 -7.444033 -0.000001
v -7.767450 -7.360029 -0.000001
v -7.773390 -7.275530 -0.000001
v -7.795033 -7.193696 -0.000001
v -7.831645 -7.117327 -0.000001
v -7.881901 -7.049184 -0.000001
v -7.947853 -6.974738 -0.000001
v -7.947853 -6.974738 -2.500001
v -7.925942 -6.999622 -0.000001
v -7.903963 -7.024437 -0.000001
v -10.181127 -7.423255 -0.000001
v -10.307538 -7.246705 -0.000001
v -10.430886 -7.067998 -0.000001
v -10.551139 -6.887205 -0.000001
v -8.560794 -6.915151 -2.500001
v -8.666647 -6.986631 -0.000001
v -8.796719 -7.055803 -0.000001
v -8.560794 -6.915151 -0.000001
v -8.954441 -7.124207 -0.000001
v -9.143241 -7.193325 -0.000001
v -9.364004 -7.262594 -0.000001
v -9.610929 -7.325572 -0.000001
v -9.883376 -7.379831 -0.000001
v -8.009418 -6.916662 -0.000001
v -8.028987 -6.902324 -1.666658
v -8.028987 -6.902324 -3.333329
v -8.103584 -6.860247 -1.666658
v -8.103584 -6.860247 -3.333329
v -8.184808 -6.833152 -1.666658
v -8.184808 -6.833152 -3.333329
v -8.269732 -6.821932 -1.666658
v -8.269732 -6.821932 -3.333329
v -8.355226 -6.826903 -1.666658
v -8.355226 -6.826903 -3.333329
v -8.408427 -6.838549 -1.666658
v -8.408427 -6.838549 -3.333329
v -8.488250 -6.869613 -1.666658
v -8.488250 -6.869613 -3.333329
v -8.080747 -6.871137 -0.000001
v -8.159388 -6.839771 -0.000001
v -8.242437 -6.823690 -0.000001
v -8.327142 -6.823442 -0.000001
v -8.410336 -6.839057 -0.000001
v -8.489170 -6.869997 -0.000001
v -9.501477 -5.552338 -0.000001
v -9.501477 -5.552338 -2.500001
v -9.634096 -5.650817 -0.000001
v -9.777564 -5.788366 -0.000001
v -9.702417 -5.713562 -0.000001
v -9.937868 -5.962128 -0.000001
v -10.085044 -6.143595 -0.000001
v -10.219255 -6.329580 -0.000001
v -10.341204 -6.517336 -0.000001
v -9.339849 -4.958088 -2.500001
v -9.300908 -5.059629 -3.333329
v -9.300908 -5.059629 -1.666658
v -9.288013 -5.144306 -3.333329
v -9.288013 -5.144306 -1.666658
v -9.291481 -5.229862 -3.333329
v -9.291481 -5.229862 -1.666658
v -9.311105 -5.313249 -3.333329
v -9.311105 -5.313249 -1.666658
v -9.346076 -5.391417 -3.333329
v -9.346076 -5.391417 -1.666658
v -9.375829 -5.437023 -3.333329
v -9.375829 -5.437023 -1.666658
v -9.433170 -5.500661 -3.333329
v -9.433170 -5.500661 -1.666658
v -9.433885 -5.501389 -0.000001
v -9.377037 -5.438712 -0.000001
v -9.332906 -5.366464 -0.000001
v -9.303113 -5.287280 -0.000001
v -9.288659 -5.203825 -0.000001
v -9.290087 -5.119189 -0.000001
v -9.307356 -5.036270 -0.000001
v -9.339849 -4.958088 -0.000001
v -9.386066 -4.870033 -0.000001
v -9.386066 -4.870033 -2.500001
v -9.370754 -4.899435 -0.000001
v -9.355346 -4.928782 -0.000001
v -11.661781 -4.771046 -0.000001
v -11.742270 -4.569365 -0.000002
v -11.819263 -4.366337 -0.000002
v -11.892755 -4.162019 -0.000002
v -9.966941 -4.665481 -2.500001
v -10.086823 -4.709550 -0.000001
v -10.229665 -4.745585 -0.000001
v -9.966941 -4.665481 -0.000001
v -10.399171 -4.774246 -0.000001
v -10.599032 -4.796191 -0.000001
v -10.829958 -4.810596 -0.000001
v -11.084779 -4.812670 -0.000001
v -11.362293 -4.800146 -0.000001
v -9.431941 -4.798896 -0.000001
v -9.447515 -4.780288 -1.666658
v -9.447515 -4.780288 -3.333329
v -9.509875 -4.721580 -1.666658
v -9.509875 -4.721580 -3.333329
v -9.582254 -4.675836 -1.666658
v -9.582254 -4.675836 -3.333329
v -9.662029 -4.644621 -1.666658
v -9.662029 -4.644621 -3.333329
v -9.746225 -4.628993 -1.666658
v -9.746225 -4.628993 -3.333329
v -9.800663 -4.627564 -1.666658
v -9.800663 -4.627564 -3.333329
v -9.885601 -4.638619 -1.666658
v -9.885601 -4.638619 -3.333329
v -9.490306 -4.737634 -0.000001
v -9.559149 -4.688346 -0.000001
v -9.635943 -4.652861 -0.000001
v -9.718128 -4.632343 -0.000001
v -9.802640 -4.627605 -0.000001
v -9.886590 -4.638784 -0.000001
v -10.554139 -3.117150 -0.000001
v -10.554139 -3.117150 -2.500001
v -10.706479 -3.181022 -0.000001
v -10.878689 -3.280242 -0.000001
v -10.787826 -3.225599 -0.000001
v -11.075921 -3.410595 -0.000001
v -11.262249 -3.551563 -0.000001
v -11.437069 -3.700030 -0.000001
v -11.600409 -3.853152 -0.000001
v -10.254995 -2.578848 -2.500001
v -10.241489 -2.686761 -3.333329
v -10.241489 -2.686761 -1.666658
v -10.249234 -2.772056 -3.333329
v -10.249234 -2.772056 -1.666658
v -10.273075 -2.854289 -3.333329
v -10.273075 -2.854289 -1.666658
v -10.312090 -2.930561 -3.333329
v -10.312090 -2.930561 -1.666658
v -10.364742 -2.998086 -3.333329
v -10.364742 -2.998086 -1.666658
v -10.404547 -3.035261 -3.333329
v -10.404547 -3.035261 -1.666658
v -10.475457 -3.083312 -3.333329
v -10.475457 -3.083312 -1.666658
v -10.476322 -3.083862 -0.000001
v -10.406126 -3.036607 -0.000001
v -10.345990 -2.977006 -0.000001
v -10.298110 -2.907256 -0.000001
v -10.264100 -2.829679 -0.000001
v -10.245238 -2.747172 -0.000001
v -10.242162 -2.662536 -0.000001
v -10.254995 -2.578848 -0.000001
v -10.278794 -2.482278 -0.000001
v -10.278794 -2.482278 -2.500001
v -10.270967 -2.514495 -0.000001
v -10.263029 -2.546685 -0.000001
v -12.464696 -1.841555 -0.000002
v -12.494579 -1.626484 -0.000002
v -12.520754 -1.410933 -0.000002
v -12.543207 -1.194955 -0.000002
v -10.793840 -2.144654 -2.500001
v -10.920780 -2.158758 -0.000001
v -11.068108 -2.159568 -0.000001
v -10.793840 -2.144654 -0.000001
v -11.239542 -2.146838 -0.000001
v -11.438848 -2.120306 -0.000001
v -11.666512 -2.079039 -0.000001
v -11.914418 -2.020056 -0.000002
v -12.180871 -1.941476 -0.000002
v -10.306315 -2.402243 -0.000001
v -10.316986 -2.380448 -1.666658
v -10.316986 -2.380448 -3.333329
v -10.363485 -2.308529 -1.666658
v -10.363485 -2.308529 -3.333329
v -10.422812 -2.246786 -1.666658
v -10.422812 -2.246786 -3.333329
v -10.492795 -2.197389 -1.666658
v -10.492795 -2.197389 -3.333329
v -10.570811 -2.162054 -1.666658
v -10.570811 -2.162054 -3.333329
v -10.623326 -2.147648 -1.666658
v -10.623326 -2.147648 -3.333329
v -10.708443 -2.138049 -1.666658
v -10.708443 -2.138049 -3.333329
v -10.348325 -2.328785 -0.000001
v -10.403373 -2.264460 -0.000001
v -10.469441 -2.211616 -0.000001
v -10.544334 -2.172038 -0.000001
v -10.625256 -2.147209 -0.000001
v -10.709438 -2.137966 -0.000001
v -10.993442 -0.500798 -0.000001
v -10.993442 -0.500798 -2.500001
v -11.156636 -0.526369 -0.000001
v -11.347586 -0.581479 -0.000001
v -11.246292 -0.550181 -0.000001
v -11.570286 -0.660841 -0.000001
v -11.784938 -0.753126 -0.000002
v -11.990211 -0.855437 -0.000002
v -12.185444 -0.965025 -0.000002
v -10.574162 -0.049727 -2.500001
v -10.586872 -0.157736 -3.333329
v -10.586872 -0.157736 -1.666658
v -10.614804 -0.238705 -3.333329
v -10.614804 -0.238705 -1.666658
v -10.657638 -0.312836 -3.333329
v -10.657638 -0.312836 -1.666658
v -10.713764 -0.377559 -3.333329
v -10.713764 -0.377559 -1.666658
v -10.781055 -0.430527 -3.333329
v -10.781055 -0.430527 -1.666658
v -10.828598 -0.457086 -3.333329
v -10.828598 -0.457086 -1.666658
v -10.908943 -0.486777 -3.333329
v -10.908943 -0.486777 -1.666658
v -10.909911 -0.487106 -0.000001
v -10.830452 -0.458020 -0.000001
v -10.757798 -0.414542 -0.000001
v -10.694620 -0.358278 -0.000001
v -10.643033 -0.291096 -0.000001
v -10.604972 -0.215497 -0.000001
v -10.581729 -0.134061 -0.000001
v -10.574162 -0.049727 -0.000001
v -10.574162 0.049727 -0.000001
v -10.574162 0.049727 -2.500001
v -10.574265 0.016576 -0.000001
v -10.574265 -0.016576 -0.000001
v -12.543207 1.194955 -0.000002
v -12.520754 1.410933 -0.000002
v -12.494579 1.626484 -0.000002
v -12.464696 1.841556 -0.000002
v -10.993442 0.500798 -2.500001
v -11.120072 0.517484 -0.000001
v -11.263307 0.551953 -0.000001
v -10.993442 0.500798 -0.000001
v -11.426715 0.605347 -0.000001
v -11.613873 0.678804 -0.000001
v -11.825051 0.773355 -0.000002
v -12.051644 0.889947 -0.000002
v -12.291545 1.030009 -0.000002
v -10.581729 0.134033 -0.000001
v -10.586872 0.157736 -1.666658
v -10.586872 0.157736 -3.333329
v -10.614804 0.238705 -1.666658
v -10.614804 0.238706 -3.333329
v -10.657638 0.312836 -1.666658
v -10.657638 0.312836 -3.333329
v -10.713764 0.377559 -1.666658
v -10.713764 0.377559 -3.333329
v -10.781055 0.430527 -1.666658
v -10.781055 0.430527 -3.333329
v -10.828598 0.457086 -1.666658
v -10.828598 0.457086 -3.333329
v -10.908943 0.486777 -1.666658
v -10.908943 0.486777 -3.333329
v -10.604938 0.215401 -0.000001
v -10.642991 0.291042 -0.000001
v -10.694497 0.358141 -0.000001
v -10.757737 0.414500 -0.000001
v -10.830363 0.457979 -0.000001
v -10.909890 0.487093 -0.000001
v -10.793840 2.144655 -0.000001
v -10.793840 2.144655 -2.500001
v -10.958416 2.158896 -0.000001
v -11.157001 2.151068 -0.000001
v -11.051161 2.157220 -0.000001
v -11.392224 2.127310 -0.000001
v -11.622725 2.089078 -0.000001
v -11.846516 2.038857 -0.000002
v -12.062302 1.979187 -0.000002
v -10.278794 2.482278 -2.500001
v -10.316986 2.380449 -3.333329
v -10.316986 2.380449 -1.666658
v -10.363485 2.308530 -3.333329
v -10.363485 2.308530 -1.666658
v -10.422812 2.246786 -3.333329
v -10.422812 2.246786 -1.666658
v -10.492795 2.197389 -3.333329
v -10.492795 2.197389 -1.666658
v -10.570811 2.162054 -3.333329
v -10.570811 2.162054 -1.666658
v -10.623326 2.147649 -3.333329
v -10.623326 2.147649 -1.666658
v -10.708443 2.138049 -3.333329
v -10.708443 2.138049 -1.666658
v -10.709458 2.137967 -0.000001
v -10.625344 2.147182 -0.000001
v -10.544403 2.172011 -0.000001
v -10.469600 2.211520 -0.000001
v -10.403428 2.264406 -0.000001
v -10.348379 2.328703 -0.000001
v -10.306329 2.402215 -0.000001
v -10.278794 2.482278 -0.000001
v -10.254995 2.578848 -0.000001
v -10.254995 2.578848 -2.500001
v -10.263029 2.546686 -0.000001
v -10.270967 2.514496 -0.000001
v -11.892755 4.162019 -0.000002
v -11.819263 4.366337 -0.000002
v -11.742270 4.569365 -0.000002
v -11.661781 4.771046 -0.000001
v -10.554139 3.117151 -2.500001
v -10.673100 3.163650 -0.000001
v -10.803921 3.231395 -0.000001
v -10.554139 3.117151 -0.000001
v -10.949805 3.322348 -0.000001
v -11.113948 3.438459 -0.000001
v -11.296362 3.580801 -0.000001
v -11.488464 3.748233 -0.000001
v -11.687881 3.941633 -0.000002
v -10.242162 2.662509 -0.000001
v -10.241489 2.686761 -1.666658
v -10.241489 2.686761 -3.333329
v -10.249234 2.772056 -1.666658
v -10.249234 2.772056 -3.333329
v -10.273075 2.854289 -1.666658
v -10.273075 2.854289 -3.333329
v -10.312090 2.930562 -1.666658
v -10.312090 2.930562 -3.333329
v -10.364742 2.998086 -1.666658
v -10.364742 2.998086 -3.333329
v -10.404547 3.035261 -1.666658
v -10.404547 3.035261 -3.333329
v -10.475457 3.083313 -1.666658
v -10.475457 3.083313 -3.333329
v -10.245225 2.747076 -0.000001
v -10.264080 2.829611 -0.000001
v -10.298020 2.907106 -0.000001
v -10.345942 2.976951 -0.000001
v -10.406051 3.036538 -0.000001
v -10.476301 3.083848 -0.000001
v -9.966941 4.665481 -0.000001
v -9.966941 4.665481 -2.500001
v -10.123324 4.718682 -0.000001
v -10.318016 4.758604 -0.000001
v -10.213777 4.739254 -0.000001
v -10.552087 4.791824 -0.000001
v -10.785038 4.809869 -0.000001
v -11.014343 4.814675 -0.000001
v -11.238141 4.808372 -0.000001
v -9.386066 4.870033 -2.500001
v -9.447515 4.780288 -3.333329
v -9.447515 4.780288 -1.666658
v -9.509875 4.721580 -3.333329
v -9.509875 4.721580 -1.666658
v -9.582254 4.675836 -3.333329
v -9.582254 4.675836 -1.666658
v -9.662029 4.644621 -3.333329
v -9.662029 4.644621 -1.666658
v -9.746225 4.628993 -3.333329
v -9.746225 4.628993 -1.666658
v -9.800663 4.627564 -3.333329
v -9.800663 4.627564 -1.666658
v -9.885601 4.638619 -3.333329
v -9.885601 4.638619 -1.666658
v -9.886617 4.638784 -0.000001
v -9.802736 4.627605 -0.000001
v -9.718204 4.632330 -0.000001
v -9.636122 4.652792 -0.000001
v -9.559217 4.688305 -0.000001
v -9.490381 4.737565 -0.000001
v -9.431954 4.798869 -0.000001
v -9.386066 4.870033 -0.000001
v -9.339849 4.958088 -0.000001
v -9.339849 4.958088 -2.500001
v -9.355346 4.928782 -0.000001
v -9.370754 4.899435 -0.000001
v -10.551139 6.887205 -0.000001
v -10.430886 7.067998 -0.000001
v -10.307538 7.246705 -0.000001
v -10.181127 7.423255 -0.000001
v -9.501477 5.552338 -2.500001
v -9.605847 5.625960 -0.000001
v -9.716652 5.723052 -0.000001
v -9.501477 5.552338 -0.000001
v -9.836534 5.846263 -0.000001
v -9.968122 5.998287 -0.000001
v -10.111164 6.180138 -0.000001
v -10.257619 6.388686 -0.000001
v -10.404952 6.624192 -0.000001
v -9.307370 5.036256 -0.000001
v -9.300908 5.059629 -1.666658
v -9.300908 5.059629 -3.333329
v -9.288013 5.144306 -1.666658
v -9.288013 5.144306 -3.333329
v -9.291481 5.229862 -1.666658
v -9.291481 5.229862 -3.333329
v -9.311105 5.313249 -1.666658
v -9.311105 5.313249 -3.333329
v -9.346076 5.391417 -1.666658
v -9.346076 5.391417 -3.333329
v -9.375829 5.437023 -1.666658
v -9.375829 5.437023 -3.333329
v -9.433170 5.500661 -1.666658
v -9.433170 5.500661 -3.333329
v -9.290101 5.119093 -0.000001
v -9.288651 5.203743 -0.000001
v -9.303064 5.287101 -0.000001
v -9.332871 5.366395 -0.000001
v -9.376975 5.438643 -0.000001
v -9.433864 5.501375 -0.000001
v -8.560794 6.915151 -0.000001
v -8.560794 6.915151 -2.500001
v -8.699908 7.004236 -0.000001
v -8.879384 7.089600 -0.000001
v -8.782807 7.045861 -0.000001
v -9.098705 7.177862 -0.000001
v -9.320574 7.251127 -0.000001
v -9.542066 7.310672 -0.000001
v -9.760865 7.358119 -0.000001
v -7.947853 6.974738 -2.500001
v -8.028987 6.902324 -3.333329
v -8.028987 6.902324 -1.666658
v -8.103584 6.860247 -3.333329
v -8.103584 6.860247 -1.666658
v -8.184808 6.833152 -3.333329
v -8.184808 6.833152 -1.666658
v -8.269732 6.821932 -3.333329
v -8.269732 6.821932 -1.666658
v -8.355226 6.826903 -3.333329
v -8.355226 6.826903 -1.666658
v -8.408427 6.838549 -3.333329
v -8.408427 6.838549 -1.666658
v -8.488250 6.869613 -3.333329
v -8.488250 6.869613 -1.666658
v -8.489198 6.870011 -0.000001
v -8.410432 6.839084 -0.000001
v -8.327218 6.823442 -0.000001
v -8.242623 6.823662 -0.000001
v -8.159456 6.839744 -0.000001
v -8.080835 6.871096 -0.000001
v -8.009439 6.916648 -0.000001
v -7.947853 6.974738 -0.000001
v -7.881901 7.049184 -0.000001
v -7.881901 7.049184 -2.500001
v -7.903963 7.024437 -0.000001
v -7.925942 6.999622 -0.000001
v -8.596328 9.212117 -0.000001
v -8.436298 9.358894 -0.000001
v -8.273769 9.502884 -0.000001
v -8.108782 9.644045 -0.000001
v -7.896622 7.664844 -2.500001
v -7.980338 7.761318 -0.000001
v -8.064692 7.882099 -0.000001
v -7.896622 7.664844 -0.000001
v -8.151601 8.030415 -0.000001
v -8.242980 8.209518 -0.000001
v -8.338348 8.420319 -0.000001
v -8.430634 8.657857 -0.000001
v -8.517336 8.921776 -0.000001
v -7.831659 7.117300 -0.000001
v -7.819787 7.138462 -1.666658
v -7.819786 7.138462 -3.333329
v -7.787006 7.217591 -1.666658
v -7.787006 7.217591 -3.333329
v -7.769902 7.301485 -1.666658
v -7.769901 7.301485 -3.333329
v -7.769002 7.387151 -1.666658
v -7.769002 7.387151 -3.333329
v -7.784246 7.471416 -1.666658
v -7.784245 7.471416 -3.333329
v -7.802216 7.522819 -1.666658
v -7.802215 7.522819 -3.333329
v -7.842666 7.598322 -1.666658
v -7.842665 7.598322 -3.333329
v -7.795067 7.193599 -0.000001
v -7.773404 7.275447 -0.000001
v -7.767450 7.359836 -0.000001
v -7.777414 7.443950 -0.000001
v -7.802950 7.524659 -0.000001
v -7.843167 7.599187 -0.000001
v -6.657131 8.762941 -0.000001
v -6.657131 8.762941 -2.500001
v -6.770881 8.882720 -0.000001
v -6.924717 9.008554 -0.000001
v -6.841406 8.942980 -0.000001
v -7.116538 9.146749 -0.000001
v -7.314423 9.270990 -0.000001
v -7.515232 9.381802 -0.000001
v -7.716316 9.480225 -0.000001
v -6.047733 8.674117 -2.500001
v -6.143842 8.623222 -3.333329
v -6.143843 8.623222 -1.666658
v -6.226343 8.600220 -3.333329
v -6.226343 8.600220 -1.666658
v -6.311693 8.593340 -3.333329
v -6.311693 8.593340 -1.666658
v -6.396837 8.602775 -3.333329
v -6.396837 8.602775 -1.666658
v -6.478651 8.628071 -3.333329
v -6.478651 8.628071 -1.666658
v -6.527519 8.652103 -3.333329
v -6.527520 8.652103 -1.666658
v -6.597591 8.701363 -3.333329
v -6.597592 8.701363 -1.666658
v -6.598409 8.701981 -0.000001
v -6.529339 8.653106 -0.000001
v -6.452291 8.618004 -0.000001
v -6.370100 8.597968 -0.000001
v -6.285498 8.593683 -0.000001
v -6.201658 8.605301 -0.000001
v -6.121431 8.632438 -0.000001
v -6.047733 8.674117 -0.000001
v -5.965885 8.730614 -0.000001
v -5.965885 8.730614 -2.500001
v -5.993227 8.711868 -0.000001
v -6.020508 8.693027 -0.000001
v -6.141927 11.001666 -0.000001
v -5.951424 11.105871 -0.000001
v -5.759163 11.206780 -0.000001
v -5.565186 11.304366 -0.000001
v -5.832840 9.331909 -2.500001
v -5.891041 9.445604 -0.000001
v -5.944036 9.583057 -0.000001
v -5.832840 9.331909 -0.000001
v -5.992918 9.747879 -0.000001
v -6.038786 9.943642 -0.000001
v -6.080939 10.171142 -0.000001
v -6.113699 10.423855 -0.000001
v -6.134717 10.700848 -0.000001
v -5.900798 8.784721 -0.000001
v -5.884215 8.802437 -1.666657
v -5.884215 8.802437 -3.333329
v -5.833452 8.871418 -1.666657
v -5.833451 8.871418 -3.333329
v -5.796764 8.948775 -1.666657
v -5.796764 8.948775 -3.333329
v -5.775389 9.031735 -1.666657
v -5.775388 9.031735 -3.333329
v -5.770020 9.117195 -1.666657
v -5.770019 9.117195 -3.333329
v -5.775169 9.171413 -1.666657
v -5.775169 9.171413 -3.333329
v -5.796380 9.254401 -1.666657
v -5.796379 9.254401 -3.333329
v -5.847013 8.850049 -0.000001
v -5.806391 8.924331 -0.000001
v -5.780415 9.004847 -0.000001
v -5.769964 9.088905 -0.000001
v -5.775437 9.173377 -0.000001
v -5.796654 9.255363 -0.000001
v -4.366578 10.101460 -0.000001
v -4.366578 10.101460 -2.500001
v -4.448357 10.244984 -0.000001
v -4.567604 10.403983 -0.000001
v -4.502413 10.320363 -0.000001
v -4.720780 10.584063 -0.000001
v -4.883186 10.752044 -0.000001
v -5.051641 10.907691 -0.000001
v -5.223330 11.051379 -0.000001
v -3.796147 9.869374 -2.500000
v -3.901646 9.842966 -3.333328
v -3.901646 9.842966 -1.666657
v -3.987251 9.840370 -3.333328
v -3.987251 9.840370 -1.666657
v -4.071763 9.854131 -3.333328
v -4.071763 9.854131 -1.666657
v -4.152176 9.883657 -3.333329
v -4.152176 9.883657 -1.666657
v -4.225564 9.927794 -3.333329
v -4.225565 9.927794 -1.666657
v -4.267254 9.962827 -3.333329
v -4.267254 9.962827 -1.666657
v -4.323507 10.027427 -3.333329
v -4.323508 10.027427 -1.666657
v -4.324153 10.028223 -0.000001
v -4.268786 9.964228 -0.000001
v -4.202374 9.911713 -0.000001
v -4.127367 9.872588 -0.000001
v -4.046254 9.848185 -0.000001
v -3.962065 9.839409 -0.000001
v -3.877679 9.846550 -0.000001
v -3.796147 9.869374 -0.000001
v -3.703155 9.904640 -0.000001
v -3.703154 9.904640 -2.500000
v -3.734188 9.892995 -0.000001
v -3.765186 9.881226 -0.000001
v -0.248061 -1.327011 -0.000001
v 0.000000 -1.350000 -0.000000
v -0.487676 -1.258841 -0.000001
v -0.710685 -1.147797 -0.000001
v -0.909489 -0.997668 -0.000001
v -1.077323 -0.813551 -0.000001
v -1.208472 -0.601749 -0.000001
v -1.298464 -0.369443 -0.000001
v -1.344242 -0.124557 -0.000001
v -1.344242 0.124558 -0.000001
v -1.298464 0.369443 -0.000001
v -1.208472 0.601749 -0.000001
v -1.077323 0.813551 -0.000001
v -0.909489 0.997668 -0.000001
v -0.710685 1.147797 -0.000001
v -0.487676 1.258841 -0.000001
v -0.248061 1.327011 -0.000001
v -3.627009 9.941609 -0.000001
v 0.000000 1.350000 -0.000000
v 0.248061 1.327011 -0.000000
v 0.487676 1.258841 -0.000000
v 0.710685 1.147797 -0.000000
v 0.909489 0.997668 -0.000000
v 1.077323 0.813551 -0.000000
v 1.208472 0.601749 -0.000000
v 1.298464 0.369443 -0.000000
v 1.344242 0.124558 -0.000000
v 1.344242 -0.124557 -0.000000
v 1.298464 -0.369443 -0.000000
v 1.208472 -0.601749 -0.000000
v 1.077323 -0.813551 -0.000000
v 0.909489 -0.997668 -0.000000
v 0.710685 -1.147797 -0.000000
v 0.487676 -1.258841 -0.000000
v 0.248061 -1.327011 -0.000000
v -1.408564 10.488413 -0.000001
v -3.559155 9.992174 -0.000001
v -1.492211 10.501665 -0.000001
v -3.501933 10.054577 -0.000001
v -1.571852 10.530339 -0.000001
v -3.457445 10.126523 -0.000001
v -1.644767 10.573461 -0.000001
v -1.708230 10.629395 -0.000001
v -3.427181 10.205639 -0.000001
v -1.760144 10.696274 -0.000001
v -3.412285 10.288970 -0.000001
v -1.798592 10.771654 -0.000001
v -3.413260 10.373647 -0.000001
v -1.822254 10.852924 -0.000001
v -3.430076 10.456635 -0.000001
v -1.867308 11.011842 -0.000001
v -3.459375 10.580945 -0.000001
v -1.901754 11.097975 -0.000001
v -3.477935 10.727091 -0.000001
v -1.945044 11.194764 -0.000001
v -3.485958 10.898820 -0.000001
v -2.050674 11.406264 -0.000001
v -3.483644 11.099870 -0.000001
v -2.168159 11.608234 -0.000001
v -3.470121 11.330844 -0.000001
v -2.294467 11.799671 -0.000001
v -3.441453 11.584064 -0.000001
v -2.426780 11.980273 -0.000001
v -3.395568 11.858036 -0.000001
v -3.120680 12.207429 -0.000000
v -3.330581 12.151838 -0.000000
v -2.698160 12.307720 -0.000000
v -2.909853 12.259395 -0.000000
v -3.430075 10.456635 -2.500000
v -3.606667 9.954834 -1.666657
v -3.606667 9.954834 -3.333328
v -3.540869 10.009656 -1.666657
v -3.540869 10.009656 -3.333328
v -3.486737 10.076000 -1.666657
v -3.486737 10.076000 -3.333328
v -3.446133 10.151421 -1.666657
v -3.446133 10.151421 -3.333328
v -3.420466 10.233131 -1.666657
v -3.420466 10.233131 -3.333328
v -3.412491 10.286992 -1.666657
v -3.412491 10.286992 -3.333328
v -3.413222 10.372644 -1.666657
v -3.413222 10.372644 -3.333328
v -1.822254 10.852924 -2.500000
v -1.432696 10.490665 -3.333328
v -1.432696 10.490665 -1.666657
v -1.516436 10.508641 -3.333328
v -1.516436 10.508641 -1.666657
v -1.595197 10.542218 -3.333328
v -1.595198 10.542218 -1.666657
v -1.666203 10.590133 -3.333328
v -1.666203 10.590133 -1.666657
v -1.726899 10.650558 -3.333328
v -1.726900 10.650558 -1.666657
v -1.758997 10.694544 -3.333328
v -1.758997 10.694544 -1.666657
v -1.798153 10.770734 -3.333328
v -1.798153 10.770734 -1.666657
v -0.774326 -1.105856 -3.502198
v -0.964345 -0.944742 -3.502198
v -1.121522 -0.751465 -3.502198
v -1.240504 -0.532590 -3.502198
v -1.317243 -0.295573 -3.502198
v -1.349128 -0.048505 -3.502198
v -1.335068 0.200226 -3.502198
v -1.275543 0.442131 -3.502198
v -1.172584 0.668985 -3.502198
v -1.029690 0.873056 -3.502198
v -0.851735 1.047395 -3.502198
v -0.644774 1.186070 -3.502198
v -0.415211 1.284563 -3.502198
v -0.172773 1.338904 -3.502198
v 0.076190 1.347844 -3.502198
v 0.322559 1.310902 -3.502198
v 0.557944 1.229315 -3.502198
v 0.774327 1.105856 -3.502198
v 0.964346 0.944742 -3.502198
v 1.121522 0.751465 -3.502198
v 1.240504 0.532590 -3.502198
v 1.317247 0.295574 -3.502198
v 1.349128 0.048505 -3.502198
v 1.335069 -0.200226 -3.502198
v 1.275544 -0.442131 -3.502198
v 1.172585 -0.668985 -3.502198
v 1.029694 -0.873056 -3.502198
v 0.851736 -1.047395 -3.502198
v 0.644774 -1.186070 -3.502198
v 0.415853 -1.284356 -3.502198
v 0.172774 -1.338904 -3.502198
v -0.076190 -1.347844 -3.502198
v -0.322558 -1.310902 -3.502198
v -0.557944 -1.229301 -3.502198
vn -0.6737 -0.7390 -0.0000
vn -0.5264 -0.8502 -0.0000
vn -0.3612 -0.9325 -0.0000
vn -0.1837 -0.9830 -0.0000
vn 0.0001 -1.0000 -0.0000
vn 0.1838 -0.9830 -0.0000
vn 0.3613 -0.9325 -0.0000
vn 0.5265 -0.8502 -0.0000
vn 0.6737 -0.7390 -0.0000
vn 0.7981 -0.6026 -0.0000
vn 0.8952 -0.4457 -0.0000
vn 0.9618 -0.2736 -0.0000
vn 0.9957 -0.0922 -0.0000
vn 0.9957 0.0923 -0.0000
vn 0.9618 0.2737 -0.0000
vn 0.8951 0.4458 -0.0000
vn 0.7980 0.6027 -0.0000
vn 0.6737 0.7390 -0.0000
vn 0.5264 0.8502 -0.0000
vn 0.3612 0.9325 -0.0000
vn 0.1837 0.9830 -0.0000
vn -0.0001 1.0000 -0.0000
vn -0.1838 0.9830 -0.0000
vn -0.3613 0.9325 -0.0000
vn -0.5265 0.8502 -0.0000
vn -0.6737 0.7390 -0.0000
vn -0.7981 0.6026 -0.0000
vn -0.8952 0.4457 -0.0000
vn -0.9618 0.2736 -0.0000
vn -0.9957 0.0922 -0.0000
vn -0.9957 -0.0923 -0.0000
vn -0.9618 -0.2737 -0.0000
vn -0.8951 -0.4458 -0.0000
vn -0.7980 -0.6027 -0.0000
vn -0.0000 -0.0000 -1.0000
vn -0.6026 -0.7981 -0.0000
vn -0.7980 0.6026 -0.0000
vn 0.7980 -0.6026 -0.0000
vn 0.6026 0.7981 -0.0000
vn -0.5734 -0.8193 -0.0000
vn -0.6310 -0.7758 -0.0000
vn -0.6853 -0.7282 -0.0000
vn -0.7361 -0.6769 -0.0000
vn -0.7830 -0.6220 -0.0000
vn -0.8259 -0.5639 -0.0000
vn -0.8644 -0.5028 -0.0000
vn -0.8984 -0.4391 -0.0000
vn -0.9278 -0.3731 -0.0000
vn -0.9523 -0.3052 -0.0000
vn -0.9718 -0.2357 -0.0000
vn -0.9863 -0.1650 -0.0000
vn -0.9956 -0.0934 -0.0000
vn -0.9998 -0.0213 -0.0000
vn -0.9987 0.0509 -0.0000
vn -0.9924 0.1228 -0.0000
vn -0.9810 0.1941 -0.0000
vn -0.9644 0.2644 -0.0000
vn -0.9428 0.3333 -0.0000
vn -0.9163 0.4005 -0.0000
vn -0.8974 0.4413 -0.0000
vn -0.8962 0.4437 0.0001
vn -0.8942 0.4476 0.0004
vn -0.8921 0.4518 0.0007
vn -0.8899 0.4562 0.0012
vn -0.8872 0.4614 0.0019
vn -0.8850 0.4655 0.0027
vn -0.8829 0.4696 0.0021
vn -0.8771 0.4803 0.0008
vn -0.8711 0.4911 -0.0000
vn -0.8649 0.5020 -0.0000
vn -0.8584 0.5130 0.0008
vn -0.8515 0.5243 0.0029
vn -0.8491 0.5282 0.0040
vn -0.8426 0.5385 0.0016
vn -0.8326 0.5538 -0.0002
vn -0.8231 0.5679 0.0001
vn -0.8138 0.5812 0.0024
vn -0.8088 0.5881 0.0048
vn -0.8035 0.5954 0.0024
vn -0.7925 0.6099 -0.0000
vn -0.7818 0.6235 -0.0001
vn -0.7710 0.6369 0.0020
vn -0.7642 0.6449 0.0045
vn -0.7597 0.6503 0.0026
vn -0.7489 0.6627 0.0003
vn -0.7385 0.6742 -0.0002
vn -0.7282 0.6853 0.0008
vn -0.7173 0.6968 0.0030
vn -0.7157 0.6984 0.0034
vn -0.7091 0.7051 0.0017
vn -0.7021 0.7121 0.0006
vn -0.6957 0.7183 0.0001
vn -0.6897 0.7241 -0.0000
vn -0.6847 0.7288 0.0001
vn -0.6800 0.7332 0.0003
vn -0.6722 0.7404 0.0009
vn -0.6635 0.7482 0.0016
vn -0.6603 0.7510 0.0008
vn -0.6565 0.7544 -0.0000
vn -0.6635 0.7482 -0.0011
vn -0.5128 -0.8585 -0.0000
vn -0.4495 -0.8933 -0.0000
vn -0.3839 -0.9234 -0.0000
vn -0.3162 -0.9487 -0.0000
vn -0.2469 -0.9690 -0.0000
vn -0.1764 -0.9843 -0.0000
vn -0.1049 -0.9945 -0.0000
vn -0.0329 -0.9995 -0.0000
vn 0.0394 -0.9992 -0.0000
vn 0.0393 -0.9992 -0.0000
vn 0.1113 -0.9938 -0.0000
vn 0.1828 -0.9832 -0.0000
vn 0.2532 -0.9674 -0.0000
vn 0.3224 -0.9466 -0.0000
vn 0.3898 -0.9209 -0.0000
vn 0.4553 -0.8903 -0.0000
vn 0.5183 -0.8552 -0.0000
vn 0.5787 -0.8155 -0.0000
vn 0.6360 -0.7717 -0.0000
vn 0.6701 -0.7423 -0.0000
vn 0.6722 -0.7404 -0.0001
vn 0.6756 -0.7373 -0.0003
vn 0.6795 -0.7337 -0.0006
vn 0.6830 -0.7304 -0.0009
vn 0.6875 -0.7262 -0.0014
vn 0.6900 -0.7238 -0.0018
vn 0.6943 -0.7196 -0.0013
vn 0.7025 -0.7117 -0.0005
vn 0.7107 -0.7034 -0.0000
vn 0.7196 -0.6944 -0.0000
vn 0.7286 -0.6849 -0.0005
vn 0.7379 -0.6750 -0.0018
vn 0.7405 -0.6721 -0.0024
vn 0.7489 -0.6627 -0.0009
vn 0.7606 -0.6492 0.0001
vn 0.7715 -0.6362 -0.0001
vn 0.7819 -0.6234 -0.0014
vn 0.7870 -0.6169 -0.0026
vn 0.7926 -0.6098 -0.0013
vn 0.8036 -0.5952 -0.0000
vn 0.8137 -0.5812 0.0001
vn 0.8235 -0.5674 -0.0011
vn 0.8295 -0.5585 -0.0025
vn 0.8332 -0.5530 -0.0015
vn 0.8424 -0.5389 -0.0002
vn 0.8507 -0.5257 0.0001
vn 0.8584 -0.5130 -0.0004
vn 0.8659 -0.5002 -0.0017
vn 0.8676 -0.4972 -0.0021
vn 0.8720 -0.4896 -0.0011
vn 0.8770 -0.4805 -0.0004
vn 0.8813 -0.4726 -0.0001
vn 0.8853 -0.4650 -0.0000
vn 0.8884 -0.4590 -0.0001
vn 0.8913 -0.4535 -0.0002
vn 0.8948 -0.4465 -0.0005
vn 0.9013 -0.4333 -0.0011
vn 0.9025 -0.4307 -0.0008
vn 0.9053 -0.4249 -0.0000
vn 0.9030 -0.4296 0.0008
vn 0.9013 -0.4333 0.0016
vn 0.8959 -0.4443 0.0009
vn 0.8915 -0.4530 0.0004
vn 0.8885 -0.4590 0.0001
vn 0.8813 -0.4725 0.0001
vn 0.8771 -0.4803 0.0006
vn 0.8723 -0.4890 0.0017
vn 0.8676 -0.4972 0.0034
vn 0.8665 -0.4992 0.0030
vn 0.8585 -0.5128 0.0008
vn 0.8506 -0.5257 -0.0002
vn 0.8424 -0.5388 0.0003
vn 0.8334 -0.5526 0.0026
vn 0.8295 -0.5585 0.0045
vn 0.8236 -0.5672 0.0020
vn 0.8137 -0.5812 -0.0001
vn 0.7925 -0.6098 0.0024
vn 0.7870 -0.6169 0.0048
vn 0.7818 -0.6236 0.0025
vn 0.7715 -0.6362 0.0001
vn 0.7606 -0.6492 -0.0002
vn 0.7486 -0.6630 0.0016
vn 0.7405 -0.6721 0.0041
vn 0.7374 -0.6755 0.0028
vn 0.7284 -0.6851 0.0008
vn 0.7196 -0.6943 -0.0000
vn 0.7107 -0.7035 -0.0000
vn 0.7022 -0.7120 0.0008
vn 0.6933 -0.7207 0.0021
vn 0.6900 -0.7238 0.0027
vn 0.6866 -0.7270 0.0019
vn 0.6823 -0.7310 0.0012
vn 0.6789 -0.7342 0.0008
vn 0.6752 -0.7377 0.0004
vn 0.6719 -0.7406 0.0001
vn 0.9302 -0.3671 -0.0000
vn 0.9542 -0.2990 -0.0000
vn 0.9733 -0.2294 -0.0000
vn 0.9873 -0.1586 -0.0000
vn 0.9962 -0.0869 -0.0000
vn 0.9999 -0.0148 -0.0000
vn 0.9984 0.0574 -0.0000
vn 0.9916 0.1293 -0.0000
vn 0.9797 0.2005 -0.0000
vn 0.9627 0.2707 -0.0000
vn 0.9406 0.3394 -0.0000
vn 0.9137 0.4064 -0.0000
vn 0.8820 0.4713 -0.0000
vn 0.8457 0.5337 -0.0000
vn 0.8050 0.5933 -0.0000
vn 0.7601 0.6499 -0.0000
vn 0.7112 0.7030 -0.0000
vn 0.6586 0.7525 -0.0000
vn 0.6026 0.7980 -0.0000
vn 0.5434 0.8395 -0.0000
vn 0.4814 0.8765 -0.0000
vn 0.4169 0.9089 -0.0000
vn 0.3503 0.9366 -0.0000
vn 0.2818 0.9595 -0.0000
vn 0.2118 0.9773 -0.0000
vn 0.1407 0.9900 -0.0000
vn 0.0689 0.9976 -0.0000
vn -0.0032 1.0000 -0.0000
vn -0.0754 0.9972 -0.0000
vn -0.1471 0.9891 -0.0000
vn -0.2182 0.9759 -0.0000
vn -0.2880 0.9576 -0.0000
vn -0.3563 0.9344 -0.0000
vn -0.4228 0.9062 -0.0000
vn -0.4871 0.8733 -0.0000
vn -0.5489 0.8359 -0.0000
vn -0.6078 0.7941 -0.0000
vn -0.7157 0.6984 -0.0021
vn -0.7096 0.7046 -0.0011
vn -0.7023 0.7119 -0.0004
vn -0.7643 0.6449 -0.0025
vn -0.7600 0.6499 -0.0015
vn -0.7489 0.6626 -0.0002
vn -0.8088 0.5881 -0.0026
vn -0.8034 0.5954 -0.0013
vn -0.8491 0.5282 -0.0024
vn -0.8424 0.5388 -0.0009
vn -0.8327 0.5538 0.0001
vn -0.8850 0.4655 -0.0018
vn -0.8822 0.4708 -0.0013
vn -0.8769 0.4807 -0.0005
vn -0.8960 0.4441 -0.0001
vn -0.8940 0.4481 -0.0003
vn -0.8918 0.4525 -0.0006
vn -0.8895 0.4570 -0.0009
vn -0.8867 0.4624 -0.0014
vn -0.8583 0.5132 -0.0005
vn -0.8511 0.5249 -0.0018
vn -0.8231 0.5679 -0.0001
vn -0.8137 0.5813 -0.0014
vn -0.7818 0.6235 0.0001
vn -0.7711 0.6367 -0.0011
vn -0.7385 0.6742 0.0001
vn -0.7284 0.6851 -0.0005
vn -0.7182 0.6959 -0.0017
vn -0.6958 0.7183 -0.0001
vn -0.6896 0.7241 -0.0000
vn -0.6848 0.7288 -0.0001
vn -0.6803 0.7329 -0.0002
vn -0.6741 0.7387 -0.0005
vn -0.5500 0.8351 -0.0071
vn 0.5216 0.6891 0.5031
vn 0.5285 0.6999 0.4804
vn 0.5199 0.6904 0.5031
vn 0.5126 0.6822 0.5213
vn 0.5133 0.6830 0.5197
vn 0.5035 0.6679 0.5480
vn 0.4908 0.6498 0.5803
vn 0.4730 0.6269 0.6190
vn 0.4546 0.6056 0.6532
vn 0.4517 0.6008 0.6595
vn 0.4292 0.5678 0.7024
vn 0.4015 0.5321 0.7454
vn 0.3804 0.5083 0.7726
vn 0.3680 0.4886 0.7911
vn 0.3323 0.4393 0.8346
vn 0.2926 0.3914 0.8724
vn 0.2911 0.3890 0.8741
vn 0.2471 0.3260 0.9125
vn 0.1938 0.2603 0.9459
vn 0.1921 0.2586 0.9467
vn 0.1423 0.1867 0.9721
vn 0.0860 0.1172 0.9894
vn 0.0829 0.1140 0.9900
vn 0.0314 0.0401 0.9987
vn -0.0309 -0.0367 0.9988
vn -0.0304 -0.0362 0.9989
vn -0.0846 -0.1138 0.9899
vn -0.1422 -0.1844 0.9725
vn -0.1420 -0.1841 0.9726
vn -0.1924 -0.2563 0.9473
vn -0.2476 -0.3239 0.9131
vn -0.2898 -0.3850 0.8762
vn -0.3320 -0.4377 0.8356
vn -0.3424 -0.4490 0.8253
vn -0.3668 -0.4860 0.7932
vn -0.4003 -0.5301 0.7475
vn -0.4232 -0.5565 0.7150
vn -0.4293 -0.5666 0.7034
vn -0.4507 -0.5975 0.6632
vn -0.4724 -0.6252 0.6212
vn -0.4892 -0.6443 0.5878
vn -0.4919 -0.6489 0.5805
vn -0.5031 -0.6657 0.5512
vn -0.5111 -0.6769 0.5297
vn -0.5166 -0.6841 0.5149
vn -0.5386 -0.7128 0.4492
vn -0.5393 -0.7142 0.4462
vn -0.5743 -0.7605 0.3030
vn -0.5742 -0.7605 0.3031
vn -0.5955 -0.7887 0.1525
vn -0.5955 -0.7887 -0.1525
vn -0.5743 -0.7605 -0.3030
vn -0.5393 -0.7142 -0.4462
vn -0.5386 -0.7128 -0.4492
vn -0.5166 -0.6841 -0.5149
vn -0.5110 -0.6768 -0.5299
vn -0.5031 -0.6657 -0.5511
vn -0.4919 -0.6489 -0.5805
vn -0.4892 -0.6443 -0.5879
vn -0.4725 -0.6252 -0.6212
vn -0.4507 -0.5974 -0.6633
vn -0.4293 -0.5666 -0.7033
vn -0.4232 -0.5565 -0.7150
vn -0.4004 -0.5301 -0.7475
vn -0.3669 -0.4860 -0.7932
vn -0.3424 -0.4490 -0.8253
vn -0.3320 -0.4377 -0.8356
vn -0.2898 -0.3850 -0.8762
vn -0.2476 -0.3239 -0.9131
vn -0.1924 -0.2563 -0.9473
vn -0.1420 -0.1841 -0.9726
vn -0.1422 -0.1844 -0.9725
vn -0.0846 -0.1138 -0.9899
vn -0.0304 -0.0361 -0.9989
vn -0.0309 -0.0367 -0.9988
vn 0.0314 0.0401 -0.9987
vn 0.0828 0.1139 -0.9900
vn 0.0860 0.1173 -0.9894
vn 0.1423 0.1867 -0.9721
vn 0.1921 0.2586 -0.9467
vn 0.1937 0.2603 -0.9459
vn 0.2471 0.3260 -0.9125
vn 0.2911 0.3890 -0.8741
vn 0.2926 0.3915 -0.8724
vn 0.3323 0.4393 -0.8346
vn 0.3680 0.4887 -0.7911
vn 0.3804 0.5083 -0.7726
vn 0.4014 0.5321 -0.7455
vn 0.4292 0.5678 -0.7024
vn 0.4517 0.6008 -0.6595
vn 0.4546 0.6056 -0.6532
vn 0.4730 0.6269 -0.6190
vn 0.4908 0.6498 -0.5803
vn 0.5035 0.6679 -0.5480
vn 0.5125 0.6818 -0.5220
vn 0.5133 0.6830 -0.5197
vn 0.5199 0.6904 -0.5031
vn 0.5285 0.6999 -0.4804
vn 0.5216 0.6891 -0.5031
vn 0.5164 0.6806 -0.5197
vn 0.5155 0.6796 -0.5220
vn 0.5045 0.6671 -0.5481
vn 0.4907 0.6500 -0.5803
vn 0.4734 0.6266 -0.6191
vn 0.4580 0.6030 -0.6531
vn 0.4542 0.5989 -0.6596
vn 0.4286 0.5683 -0.7024
vn 0.4019 0.5318 -0.7454
vn 0.3847 0.5050 -0.7726
vn 0.3692 0.4877 -0.7911
vn 0.3315 0.4400 -0.8346
vn 0.2964 0.3886 -0.8724
vn 0.2943 0.3864 -0.8741
vn 0.2460 0.3270 -0.9124
vn 0.1973 0.2576 -0.9459
vn 0.1961 0.2556 -0.9467
vn 0.1406 0.1879 -0.9721
vn 0.0893 0.1149 -0.9894
vn 0.0869 0.1109 -0.9900
vn 0.0299 0.0412 -0.9987
vn -0.0268 -0.0398 -0.9988
vn -0.0264 -0.0391 -0.9989
vn -0.0863 -0.1125 -0.9899
vn -0.1385 -0.1872 -0.9725
vn -0.1382 -0.1870 -0.9726
vn -0.1938 -0.2552 -0.9473
vn -0.2438 -0.3268 -0.9131
vn -0.2437 -0.3268 -0.9131
vn -0.2910 -0.3841 -0.8762
vn -0.3301 -0.4391 -0.8356
vn -0.3381 -0.4522 -0.8253
vn -0.3670 -0.4859 -0.7932
vn -0.4002 -0.5302 -0.7475
vn -0.4194 -0.5594 -0.7149
vn -0.4274 -0.5680 -0.7034
vn -0.4512 -0.5970 -0.6633
vn -0.4720 -0.6256 -0.6212
vn -0.4857 -0.6469 -0.5879
vn -0.4894 -0.6507 -0.5806
vn -0.5025 -0.6661 -0.5511
vn -0.5166 -0.6842 -0.5148
vn -0.5381 -0.7132 -0.4492
vn 0.5159 0.6798 0.5213
vn 0.5164 0.6806 0.5197
vn 0.5046 0.6672 0.5480
vn 0.4906 0.6500 0.5804
vn 0.4735 0.6266 0.6190
vn 0.4580 0.6030 0.6531
vn 0.4541 0.5988 0.6597
vn 0.4286 0.5683 0.7024
vn 0.4019 0.5318 0.7454
vn 0.3847 0.5051 0.7726
vn 0.3692 0.4877 0.7911
vn 0.3315 0.4400 0.8346
vn 0.2964 0.3886 0.8724
vn 0.2944 0.3865 0.8741
vn 0.2459 0.3269 0.9125
vn 0.1973 0.2576 0.9459
vn 0.1961 0.2556 0.9467
vn 0.1407 0.1880 0.9720
vn 0.0892 0.1148 0.9894
vn 0.0869 0.1109 0.9900
vn 0.0299 0.0412 0.9987
vn -0.0268 -0.0398 0.9988
vn -0.0265 -0.0392 0.9989
vn -0.0863 -0.1125 0.9899
vn -0.1385 -0.1872 0.9725
vn -0.1382 -0.1870 0.9726
vn -0.1938 -0.2552 0.9473
vn -0.2437 -0.3268 0.9131
vn -0.2438 -0.3268 0.9131
vn -0.2909 -0.3841 0.8763
vn -0.3301 -0.4391 0.8356
vn -0.3381 -0.4522 0.8253
vn -0.3670 -0.4859 0.7932
vn -0.4003 -0.5302 0.7474
vn -0.4194 -0.5594 0.7150
vn -0.4274 -0.5680 0.7034
vn -0.4512 -0.5970 0.6633
vn -0.4719 -0.6255 0.6213
vn -0.4857 -0.6469 0.5878
vn -0.4894 -0.6508 0.5805
vn -0.5025 -0.6661 0.5511
vn -0.5110 -0.6768 0.5299
vn -0.5166 -0.6842 0.5148
vn -0.5381 -0.7132 0.4492
vn 0.6008 0.7957 0.0764
vn 0.6008 0.7957 -0.0764
vn 0.5867 0.7770 -0.2282
vn 0.5582 0.7392 -0.3768
vn 0.5867 0.7770 0.2282
vn 0.5582 0.7392 0.3768
vn -0.6467 -0.7627 0.0015
vn -0.6421 -0.7666 0.0011
vn -0.5615 -0.8275 -0.0005
vn -0.7157 -0.6985 -0.0006
vn -0.7758 -0.6309 0.0016
vn -0.7806 -0.6250 0.0011
vn -0.8379 -0.5458 -0.0005
vn -0.8786 -0.4776 0.0018
vn -0.8865 -0.4628 0.0008
vn -0.9267 -0.3757 -0.0005
vn -0.9514 -0.3080 0.0019
vn -0.9574 -0.2888 0.0007
vn -0.9801 -0.1987 -0.0005
vn -0.9918 -0.1280 0.0021
vn -0.9943 -0.1063 0.0007
vn -0.9999 -0.0115 -0.0006
vn -0.9984 0.0564 0.0021
vn -0.9965 0.0832 0.0004
vn -0.9833 0.1821 -0.0004
vn -0.9710 0.2389 0.0025
vn -0.9589 0.2837 -0.0002
vn -0.9247 0.3808 -0.0000
vn -0.9106 0.4133 0.0023
vn -0.8815 0.4722 -0.0007
vn -0.8285 0.5599 0.0009
vn -0.8192 0.5736 0.0022
vn -0.7646 0.6445 -0.0009
vn -0.6998 0.7143 0.0019
vn -0.6944 0.7196 0.0012
vn -0.6185 0.7858 -0.0009
vn -0.5566 0.8307 0.0023
vn -0.5342 0.8453 0.0005
vn -0.4433 0.8964 -0.0003
vn -0.3945 0.9189 0.0023
vn -0.3522 0.9359 -0.0002
vn -0.2615 0.9652 -0.0001
vn -0.2190 0.9757 0.0022
vn -0.1696 0.9855 -0.0001
vn -0.0761 0.9971 0.0001
vn -0.0359 0.9994 0.0021
vn 0.0157 0.9999 -0.0002
vn 0.1084 0.9941 0.0001
vn 0.1483 0.9889 0.0020
vn 0.2022 0.9793 -0.0002
vn 0.2962 0.9551 0.0003
vn 0.3275 0.9448 0.0019
vn 0.3871 0.9220 -0.0004
vn 0.4761 0.8794 0.0006
vn 0.4955 0.8686 0.0018
vn 0.5614 0.8275 -0.0005
vn 0.6421 0.7666 0.0011
vn 0.6467 0.7627 0.0015
vn 0.7156 0.6985 -0.0006
vn 0.7758 0.6309 0.0016
vn 0.7805 0.6252 0.0011
vn 0.8378 0.5460 -0.0005
vn 0.8786 0.4776 0.0018
vn 0.8863 0.4632 0.0008
vn 0.9266 0.3761 -0.0005
vn 0.9514 0.3080 0.0019
vn 0.9572 0.2894 0.0007
vn 0.9799 0.1994 -0.0005
vn 0.9918 0.1280 0.0021
vn 0.9942 0.1072 0.0008
vn 0.9999 0.0124 -0.0006
vn 0.9984 -0.0564 0.0021
vn 0.9966 -0.0822 0.0005
vn 0.9835 -0.1810 -0.0005
vn 0.9710 -0.2389 0.0025
vn 0.9593 -0.2826 -0.0002
vn 0.9252 -0.3796 -0.0000
vn 0.9106 -0.4133 0.0024
vn 0.8821 -0.4711 -0.0007
vn 0.8292 -0.5589 0.0008
vn 0.8191 -0.5736 0.0022
vn 0.7655 -0.6435 -0.0009
vn 0.6998 -0.7143 0.0018
vn 0.6953 -0.7187 0.0013
vn 0.6195 -0.7850 -0.0009
vn 0.5566 -0.8307 0.0023
vn 0.5352 -0.8447 0.0005
vn 0.4442 -0.8959 -0.0004
vn 0.3945 -0.9189 0.0023
vn 0.3531 -0.9356 -0.0002
vn 0.2625 -0.9649 -0.0001
vn 0.2190 -0.9757 0.0023
vn 0.1704 -0.9854 -0.0001
vn 0.0769 -0.9970 0.0001
vn 0.0359 -0.9994 0.0021
vn -0.0151 -0.9999 -0.0002
vn -0.1079 -0.9942 0.0001
vn -0.1483 -0.9889 0.0020
vn -0.2019 -0.9794 -0.0002
vn -0.2958 -0.9552 0.0003
vn -0.3275 -0.9449 0.0019
vn -0.3870 -0.9221 -0.0004
vn -0.4760 -0.8794 0.0006
vn -0.4956 -0.8686 0.0018
vn -0.6018 -0.7974 0.0445
vn -0.6040 -0.7970 -0.0000
vn -0.6018 -0.7974 -0.0445
vn -0.5976 -0.7910 -0.1312
vn -0.5967 -0.7878 -0.1525
vn -0.5877 -0.7794 -0.2171
vn -0.5752 -0.7598 -0.3030
vn -0.5747 -0.7594 -0.3049
vn -0.5534 -0.7338 -0.3940
vn -0.5397 -0.7120 -0.4492
vn -0.5292 -0.7010 -0.4779
vn -0.5005 -0.6631 -0.5566
vn -0.4888 -0.6446 -0.5879
vn -0.4667 -0.6188 -0.6319
vn -0.4280 -0.5658 -0.7048
vn -0.4225 -0.5571 -0.7149
vn -0.3835 -0.5091 -0.7706
vn -0.3413 -0.4498 -0.8253
vn -0.3366 -0.4446 -0.8301
vn -0.2814 -0.3737 -0.8838
vn -0.2471 -0.3242 -0.9131
vn -0.2213 -0.2934 -0.9300
vn -0.1596 -0.2113 -0.9643
vn -0.1416 -0.1848 -0.9725
vn -0.0967 -0.1291 -0.9869
vn -0.0339 -0.0433 -0.9985
vn -0.0295 -0.0368 -0.9989
vn 0.0336 0.0435 -0.9985
vn 0.0836 0.1133 -0.9900
vn 0.0968 0.1289 -0.9869
vn 0.1600 0.2111 -0.9643
vn 0.1927 0.2582 -0.9467
vn 0.2216 0.2931 -0.9301
vn 0.2816 0.3735 -0.8838
vn 0.2932 0.3910 -0.8724
vn 0.3366 0.4446 -0.8301
vn 0.3816 0.5074 -0.7726
vn 0.3832 0.5092 -0.7706
vn 0.4279 0.5658 -0.7048
vn 0.4549 0.6053 -0.6532
vn 0.4669 0.6186 -0.6319
vn 0.5009 0.6628 -0.5566
vn 0.5135 0.6828 -0.5197
vn 0.5297 0.7008 -0.4779
vn 0.5535 0.7337 -0.3940
vn 0.5569 0.7402 -0.3768
vn 0.5744 0.7597 -0.3048
vn 0.5856 0.7778 -0.2282
vn 0.5877 0.7794 -0.2172
vn 0.5978 0.7908 -0.1312
vn 0.5995 0.7967 -0.0764
vn 0.6020 0.7973 -0.0445
vn 0.6020 0.7973 0.0445
vn 0.5995 0.7967 0.0764
vn 0.5978 0.7908 0.1312
vn 0.5877 0.7794 0.2172
vn 0.5856 0.7778 0.2282
vn 0.5744 0.7597 0.3047
vn 0.5569 0.7402 0.3768
vn 0.5535 0.7337 0.3940
vn 0.5297 0.7008 0.4779
vn 0.5135 0.6828 0.5197
vn 0.5009 0.6628 0.5566
vn 0.4669 0.6186 0.6319
vn 0.4549 0.6053 0.6532
vn 0.4279 0.5658 0.7048
vn 0.3832 0.5092 0.7706
vn 0.3816 0.5074 0.7726
vn 0.3366 0.4446 0.8300
vn 0.2932 0.3910 0.8724
vn 0.2816 0.3735 0.8839
vn 0.2216 0.2931 0.9301
vn 0.1927 0.2582 0.9467
vn 0.1600 0.2111 0.9643
vn 0.0968 0.1289 0.9869
vn 0.0837 0.1134 0.9900
vn 0.0336 0.0435 0.9985
vn -0.0296 -0.0368 0.9989
vn -0.0339 -0.0433 0.9985
vn -0.0967 -0.1291 0.9869
vn -0.1416 -0.1848 0.9725
vn -0.1596 -0.2113 0.9643
vn -0.2213 -0.2934 0.9300
vn -0.2471 -0.3242 0.9131
vn -0.2814 -0.3737 0.8838
vn -0.3366 -0.4445 0.8301
vn -0.3413 -0.4498 0.8253
vn -0.3835 -0.5091 0.7705
vn -0.4225 -0.5571 0.7150
vn -0.4280 -0.5658 0.7048
vn -0.4667 -0.6188 0.6319
vn -0.4888 -0.6446 0.5878
vn -0.5005 -0.6631 0.5566
vn -0.5293 -0.7011 0.4779
vn -0.5397 -0.7120 0.4492
vn -0.5534 -0.7338 0.3940
vn -0.5747 -0.7594 0.3049
vn -0.5752 -0.7598 0.3030
vn -0.5877 -0.7794 0.2171
vn -0.5967 -0.7878 0.1525
vn -0.5976 -0.7910 0.1312
vn -0.6025 -0.7969 -0.0445
vn -0.6011 -0.7983 0.0382
vn -0.6013 -0.7978 0.0445
vn -0.5979 -0.7908 0.1312
vn -0.5903 -0.7844 0.1904
vn -0.5882 -0.7790 0.2172
vn -0.5741 -0.7600 0.3047
vn -0.5653 -0.7515 0.3401
vn -0.5543 -0.7332 0.3940
vn -0.5287 -0.7015 0.4779
vn -0.5261 -0.6988 0.4847
vn -0.5012 -0.6626 0.5565
vn -0.4712 -0.6265 0.6209
vn -0.4665 -0.6189 0.6320
vn -0.4279 -0.5660 0.7047
vn -0.4010 -0.5340 0.7444
vn -0.3842 -0.5085 0.7706
vn -0.3361 -0.4450 0.8301
vn -0.3164 -0.4219 0.8496
vn -0.2824 -0.3730 0.8838
vn -0.2206 -0.2939 0.9300
vn -0.2192 -0.2924 0.9308
vn -0.1602 -0.2109 0.9643
vn -0.1115 -0.1503 0.9823
vn -0.0970 -0.1288 0.9869
vn -0.0334 -0.0437 0.9985
vn 0.0015 -0.0011 1.0000
vn 0.0329 0.0441 0.9985
vn 0.0973 0.1285 0.9869
vn 0.1140 0.1484 0.9823
vn 0.1590 0.2118 0.9643
vn 0.2212 0.2909 0.9308
vn 0.2222 0.2925 0.9301
vn 0.2814 0.3737 0.8838
vn 0.3192 0.4198 0.8496
vn 0.3360 0.4451 0.8300
vn 0.3839 0.5088 0.7706
vn 0.4038 0.5319 0.7444
vn 0.4272 0.5664 0.7048
vn 0.4675 0.6181 0.6320
vn 0.4735 0.6247 0.6209
vn 0.5001 0.6635 0.5566
vn 0.5281 0.6973 0.4847
vn 0.5299 0.7005 0.4780
vn 0.5534 0.7338 0.3940
vn 0.5681 0.7494 0.3401
vn 0.5738 0.7602 0.3047
vn 0.5882 0.7790 0.2172
vn 0.5928 0.7825 0.1904
vn 0.5969 0.7915 0.1311
vn 0.6027 0.7967 0.0445
vn 0.6032 0.7967 0.0382
vn 0.6015 0.7976 -0.0445
vn 0.5998 0.7919 -0.1145
vn 0.5977 0.7909 -0.1312
vn 0.5878 0.7793 -0.2172
vn 0.5823 0.7683 -0.2657
vn 0.5737 0.7602 -0.3048
vn 0.5541 0.7333 -0.3940
vn 0.5500 0.7258 -0.4132
vn 0.5288 0.7015 -0.4779
vn 0.5026 0.6636 -0.5541
vn 0.5014 0.6624 -0.5567
vn 0.4666 0.6189 -0.6319
vn 0.4406 0.5807 -0.6845
vn 0.4276 0.5660 -0.7048
vn 0.3838 0.5088 -0.7706
vn 0.3632 0.4782 -0.7996
vn 0.3357 0.4453 -0.8301
vn 0.2822 0.3731 -0.8838
vn 0.2717 0.3572 -0.8936
vn 0.2209 0.2936 -0.9300
vn 0.1686 0.2210 -0.9606
vn 0.1601 0.2109 -0.9643
vn 0.0967 0.1290 -0.9869
vn 0.0582 0.0741 -0.9956
vn 0.0331 0.0439 -0.9985
vn -0.0331 -0.0439 -0.9985
vn -0.0553 -0.0762 -0.9956
vn -0.0976 -0.1283 -0.9869
vn -0.1591 -0.2117 -0.9643
vn -0.1663 -0.2227 -0.9606
vn -0.2220 -0.2929 -0.9300
vn -0.2692 -0.3591 -0.8936
vn -0.2815 -0.3735 -0.8839
vn -0.3364 -0.4448 -0.8300
vn -0.3605 -0.4803 -0.7996
vn -0.3843 -0.5084 -0.7706
vn -0.4273 -0.5663 -0.7047
vn -0.4379 -0.5828 -0.6845
vn -0.4675 -0.6182 -0.6319
vn -0.4998 -0.6636 -0.5566
vn -0.5007 -0.6650 -0.5541
vn -0.5299 -0.7006 -0.4779
vn -0.5475 -0.7277 -0.4132
vn -0.5536 -0.7337 -0.3941
vn -0.5741 -0.7599 -0.3047
vn -0.5796 -0.7704 -0.2657
vn -0.5886 -0.7787 -0.2171
vn -0.5971 -0.7914 -0.1312
vn -0.5975 -0.7937 -0.1145
vn -0.0173 0.9999 -0.0000
vn -0.0000 1.0000 -0.0000
vn 0.0173 0.9999 -0.0000
vn 0.9994 0.0346 -0.0000
vn 0.9997 0.0240 0.0007
vn 0.9934 0.1151 -0.0000
vn 0.9999 0.0102 -0.0000
vn 0.9810 0.1938 0.0004
vn 0.9840 0.1779 0.0007
vn 0.9904 0.1383 0.0005
vn 0.9756 0.2197 0.0008
vn 0.9681 0.2505 -0.0002
vn 0.9596 0.2814 0.0001
vn 0.9553 0.2956 -0.0004
vn 0.9422 0.3349 -0.0000
vn 0.9379 0.3470 -0.0005
vn 0.9247 0.3808 -0.0000
vn 0.9181 0.3964 -0.0005
vn 0.9003 0.4353 0.0005
vn 0.8963 0.4434 -0.0000
vn -0.9994 0.0346 -0.0000
vn -0.9997 0.0240 -0.0007
vn -0.9934 0.1151 -0.0000
vn -0.9999 0.0102 -0.0000
vn -0.9810 0.1938 -0.0004
vn -0.9840 0.1779 -0.0007
vn -0.9904 0.1383 -0.0005
vn -0.9756 0.2197 -0.0008
vn -0.9681 0.2505 0.0002
vn -0.9596 0.2814 -0.0001
vn -0.9553 0.2956 0.0004
vn -0.9422 0.3349 -0.0000
vn -0.9379 0.3470 0.0005
vn -0.9181 0.3964 0.0005
vn -0.9003 0.4353 -0.0005
vn -0.8963 0.4434 -0.0000
vn -0.9991 0.0417 -0.0000
vn -0.9990 0.0445 -0.0001
vn -0.9991 0.0436 -0.0000
vn -0.9730 0.2310 -0.0000
vn -0.9254 0.3789 -0.0000
vn -0.8546 0.5193 -0.0000
vn -0.7415 0.6710 -0.0000
vn -0.6010 0.7993 -0.0000
vn -0.4377 0.8991 -0.0000
vn -0.2357 0.9718 -0.0000
vn -0.2452 0.9695 0.0013
vn -0.2088 0.9780 -0.0000
vn -0.9737 0.2280 -0.0000
vn -0.9730 0.2310 -0.0001
vn -0.9254 0.3789 0.0001
vn -0.9137 0.4063 0.0011
vn -0.8546 0.5193 -0.0011
vn -0.8215 0.5702 0.0010
vn -0.7415 0.6710 -0.0011
vn -0.7002 0.7139 0.0010
vn -0.6010 0.7993 -0.0011
vn -0.5540 0.8325 0.0010
vn -0.4377 0.8991 -0.0010
vn -0.3882 0.9216 0.0009
vn -0.2451 0.9695 -0.0013
vn -0.2089 0.9779 -0.0000
vn -0.3882 0.9216 -0.0009
vn -0.4377 0.8991 0.0010
vn -0.5539 0.8326 -0.0010
vn -0.6010 0.7993 0.0011
vn -0.7000 0.7142 -0.0010
vn -0.7415 0.6710 0.0011
vn -0.8213 0.5704 -0.0010
vn -0.8546 0.5193 0.0011
vn -0.9137 0.4064 -0.0011
vn -0.9254 0.3789 -0.0001
vn -0.9730 0.2310 0.0001
vn -0.9736 0.2281 -0.0000
vn -0.9991 0.0417 0.0001
vn 0.2088 0.9780 -0.0000
vn 0.2116 0.9774 -0.0001
vn 0.2107 0.9776 -0.0000
vn 0.3910 0.9204 -0.0000
vn 0.5288 0.8487 -0.0000
vn 0.6554 0.7553 -0.0000
vn 0.7859 0.6183 -0.0000
vn 0.8888 0.4583 -0.0000
vn 0.9598 0.2806 -0.0000
vn 0.9976 0.0693 -0.0000
vn 0.9969 0.0789 0.0013
vn 0.9991 0.0417 -0.0000
vn 0.3882 0.9216 -0.0000
vn 0.3910 0.9204 -0.0001
vn 0.5288 0.8487 0.0001
vn 0.5539 0.8326 0.0011
vn 0.6554 0.7553 -0.0011
vn 0.7000 0.7141 0.0010
vn 0.7859 0.6183 -0.0011
vn 0.8213 0.5704 0.0010
vn 0.8888 0.4583 -0.0011
vn 0.9137 0.4064 0.0010
vn 0.9598 0.2806 -0.0010
vn 0.9736 0.2281 0.0009
vn 0.9969 0.0789 -0.0013
vn 0.9737 0.2280 -0.0009
vn 0.9598 0.2806 0.0010
vn 0.9137 0.4063 -0.0010
vn 0.8888 0.4583 0.0011
vn 0.8215 0.5701 -0.0010
vn 0.7859 0.6183 0.0011
vn 0.7002 0.7139 -0.0010
vn 0.6554 0.7553 0.0011
vn 0.5540 0.8325 -0.0011
vn 0.5288 0.8487 -0.0001
vn 0.3910 0.9204 0.0001
vn 0.2089 0.9779 0.0001
vn 0.1234 0.9924 -0.0000
vn 0.1206 0.9927 -0.0000
vn 0.1220 0.9925 -0.0000
vn 0.1196 0.9928 -0.0000
vn 0.1234 0.9924 0.0001
vn 0.1172 0.9931 -0.0000
vn 0.2226 0.9749 -0.0000
vn 0.2393 0.9709 -0.0000
vn 0.2560 0.9667 -0.0000
vn -0.9621 0.2728 -0.0000
vn -0.9649 0.2625 -0.0007
vn -0.9369 0.3495 -0.0000
vn -0.9684 0.2492 -0.0000
vn -0.9062 0.4229 -0.0004
vn -0.9129 0.4083 -0.0007
vn -0.9285 0.3713 -0.0005
vn -0.8946 0.4468 -0.0008
vn -0.8801 0.4749 0.0002
vn -0.8644 0.5028 -0.0001
vn -0.8568 0.5157 0.0004
vn -0.8347 0.5507 -0.0000
vn -0.8275 0.5614 0.0005
vn -0.8067 0.5910 -0.0000
vn -0.7965 0.6046 0.0005
vn -0.7699 0.6381 -0.0005
vn -0.7642 0.6450 -0.0000
vn 0.0315 0.9995 -0.0000
vn -0.0059 1.0000 0.0013
vn 0.0038 1.0000 -0.0000
vn -0.2099 0.9777 -0.0000
vn -0.3922 0.9199 -0.0000
vn -0.5594 0.8289 -0.0000
vn -0.7055 0.7087 -0.0000
vn -0.8078 0.5894 -0.0000
vn -0.8078 0.5895 -0.0000
vn -0.8894 0.4571 -0.0000
vn -0.9596 0.2814 -0.0000
vn -0.9593 0.2823 -0.0001
vn -0.9601 0.2795 -0.0000
vn -0.1565 0.9877 -0.0009
vn -0.2099 0.9777 0.0010
vn -0.3385 0.9410 -0.0010
vn -0.3922 0.9199 0.0011
vn -0.5087 0.8609 -0.0010
vn -0.5594 0.8289 0.0011
vn -0.6610 0.7504 -0.0010
vn -0.7055 0.7087 0.0011
vn -0.7898 0.6133 -0.0011
vn -0.8078 0.5895 -0.0001
vn -0.8894 0.4571 0.0001
vn -0.8907 0.4545 -0.0000
vn -0.9601 0.2795 0.0001
vn -0.8908 0.4544 -0.0000
vn -0.8894 0.4571 -0.0001
vn -0.8078 0.5895 0.0001
vn -0.7899 0.6132 0.0011
vn -0.7055 0.7087 -0.0011
vn -0.6612 0.7502 0.0010
vn -0.5594 0.8289 -0.0011
vn -0.5090 0.8607 0.0010
vn -0.3922 0.9199 -0.0011
vn -0.3388 0.9409 0.0010
vn -0.2099 0.9777 -0.0010
vn -0.1565 0.9877 0.0009
vn -0.0059 1.0000 -0.0013
vn 0.9786 -0.2056 -0.0000
vn 0.9764 -0.2160 0.0007
vn 0.9920 -0.1260 -0.0000
vn 0.9989 -0.0467 0.0004
vn 0.9980 -0.0627 0.0007
vn 0.9947 -0.1027 0.0005
vn 0.9998 -0.0201 0.0008
vn 0.9999 0.0115 -0.0002
vn 0.9991 0.0435 0.0001
vn 0.9983 0.0584 -0.0004
vn 0.9950 0.0997 -0.0000
vn 0.9937 0.1125 -0.0005
vn 0.9889 0.1484 -0.0000
vn 0.9863 0.1652 -0.0005
vn 0.9783 0.2072 0.0005
vn 0.9764 0.2160 -0.0000
vn 0.4368 0.8996 -0.0000
vn 0.4701 0.8826 -0.0013
vn 0.4615 0.8871 -0.0000
vn 0.6401 0.7683 -0.0000
vn 0.7748 0.6322 -0.0000
vn 0.8805 0.4740 -0.0000
vn 0.9540 0.2997 -0.0000
vn 0.9892 0.1465 -0.0000
vn 1.0000 -0.0085 -0.0000
vn 0.9805 -0.1967 -0.0000
vn 0.9806 -0.1958 0.0001
vn 0.9801 -0.1986 -0.0000
vn 0.5975 0.8019 0.0009
vn 0.6401 0.7683 -0.0010
vn 0.7370 0.6758 0.0010
vn 0.7748 0.6322 -0.0011
vn 0.8505 0.5259 0.0010
vn 0.8805 0.4740 -0.0011
vn 0.9340 0.3573 0.0010
vn 0.9540 0.2997 -0.0011
vn 0.9844 0.1760 0.0011
vn 0.9892 0.1465 0.0001
vn 1.0000 -0.0085 -0.0001
vn 0.9999 -0.0115 -0.0000
vn 0.9801 -0.1986 -0.0001
vn 0.9999 -0.0116 -0.0000
vn 1.0000 -0.0085 0.0001
vn 0.9892 0.1465 -0.0001
vn 0.9844 0.1758 -0.0011
vn 0.9540 0.2997 0.0011
vn 0.9341 0.3570 -0.0010
vn 0.8805 0.4740 0.0011
vn 0.8507 0.5257 -0.0010
vn 0.7748 0.6322 0.0011
vn 0.7372 0.6757 -0.0010
vn 0.6401 0.7683 0.0010
vn 0.5975 0.8018 -0.0009
vn 0.4701 0.8826 0.0013
vn 0.3575 0.9339 -0.0000
vn 0.3549 0.9349 -0.0000
vn 0.3562 0.9344 -0.0000
vn 0.3538 0.9353 -0.0000
vn 0.3575 0.9339 0.0001
vn 0.3549 0.9349 0.0001
vn 0.3513 0.9362 -0.0000
vn 0.4494 0.8933 -0.0000
vn 0.4647 0.8855 -0.0000
vn 0.4799 0.8773 -0.0000
vn -0.8689 0.4951 -0.0000
vn -0.8741 0.4858 -0.0007
vn -0.8261 0.5635 -0.0000
vn -0.8807 0.4737 -0.0000
vn -0.7786 0.6275 -0.0004
vn -0.7887 0.6148 -0.0007
vn -0.8126 0.5828 -0.0005
vn -0.7617 0.6479 -0.0008
vn -0.7408 0.6717 0.0002
vn -0.7189 0.6951 -0.0001
vn -0.7085 0.7057 0.0004
vn -0.6786 0.7345 -0.0000
vn -0.6692 0.7431 0.0005
vn -0.6418 0.7669 -0.0000
vn -0.6287 0.7777 0.0005
vn -0.5949 0.8038 -0.0005
vn -0.5876 0.8091 -0.0000
vn 0.2695 0.9630 -0.0000
vn 0.2334 0.9724 0.0013
vn 0.2428 0.9701 -0.0000
vn 0.0303 0.9995 -0.0000
vn -0.1607 0.9870 -0.0000
vn -0.3447 0.9387 -0.0000
vn -0.5154 0.8570 -0.0000
vn -0.6433 0.7656 -0.0000
vn -0.7541 0.6567 -0.0000
vn -0.8644 0.5029 -0.0000
vn -0.8639 0.5036 -0.0001
vn -0.8653 0.5012 -0.0000
vn 0.0847 0.9964 -0.0009
vn 0.0303 0.9995 0.0010
vn -0.1036 0.9946 -0.0010
vn -0.1607 0.9870 0.0011
vn -0.2878 0.9577 -0.0010
vn -0.3447 0.9387 0.0011
vn -0.4622 0.8868 -0.0010
vn -0.5154 0.8570 0.0011
vn -0.6201 0.7845 -0.0011
vn -0.7541 0.6567 0.0001
vn -0.7561 0.6544 -0.0000
vn -0.8653 0.5012 0.0001
vn -0.7562 0.6543 -0.0000
vn -0.7541 0.6567 -0.0001
vn -0.6433 0.7656 0.0001
vn -0.6203 0.7844 0.0011
vn -0.5154 0.8570 -0.0011
vn -0.4625 0.8866 0.0010
vn -0.3447 0.9387 -0.0011
vn -0.2881 0.9576 0.0010
vn -0.1607 0.9870 -0.0011
vn -0.1037 0.9946 0.0010
vn 0.0303 0.9995 -0.0010
vn 0.0843 0.9964 0.0009
vn 0.2334 0.9724 -0.0013
vn 0.2696 0.9630 -0.0000
vn 0.9010 -0.4338 -0.0000
vn 0.8963 -0.4434 0.0007
vn 0.9331 -0.3597 -0.0000
vn 0.8902 -0.4557 -0.0000
vn 0.9587 -0.2844 0.0004
vn 0.9540 -0.2997 0.0007
vn 0.9412 -0.3378 0.0005
vn 0.9659 -0.2588 0.0008
vn 0.9736 -0.2281 -0.0002
vn 0.9804 -0.1968 0.0001
vn 0.9833 -0.1822 -0.0004
vn 0.9900 -0.1413 -0.0000
vn 0.9917 -0.1286 -0.0005
vn 0.9957 -0.0926 -0.0000
vn 0.9971 -0.0757 -0.0005
vn 0.9995 -0.0329 0.0005
vn 0.9997 -0.0240 -0.0000
vn 0.6393 0.7690 -0.0000
vn 0.6676 0.7445 -0.0013
vn 0.6604 0.7509 -0.0000
vn 0.8054 0.5927 -0.0000
vn 0.9036 0.4285 -0.0000
vn 0.9684 0.2495 -0.0000
vn 0.9980 0.0627 -0.0000
vn 0.9955 -0.0946 -0.0000
vn 0.9689 -0.2476 -0.0000
vn 0.9049 -0.4257 -0.0000
vn 0.9053 -0.4249 0.0001
vn 0.9040 -0.4274 -0.0000
vn 0.7720 0.6356 0.0009
vn 0.8054 0.5927 -0.0010
vn 0.8774 0.4798 0.0010
vn 0.9035 0.4285 -0.0011
vn 0.9517 0.3070 0.0010
vn 0.9684 0.2495 -0.0011
vn 0.9924 0.1234 0.0010
vn 0.9980 0.0627 -0.0011
vn 0.9979 -0.0647 0.0011
vn 0.9955 -0.0946 0.0001
vn 0.9689 -0.2476 -0.0001
vn 0.9681 -0.2505 -0.0000
vn 0.9041 -0.4274 -0.0001
vn 0.9681 -0.2506 -0.0000
vn 0.9689 -0.2476 0.0001
vn 0.9955 -0.0946 -0.0001
vn 0.9979 -0.0649 -0.0011
vn 0.9980 0.0627 0.0011
vn 0.9924 0.1231 -0.0010
vn 0.9684 0.2495 0.0011
vn 0.9518 0.3068 -0.0010
vn 0.9036 0.4285 0.0011
vn 0.8774 0.4797 -0.0010
vn 0.8054 0.5927 0.0010
vn 0.7721 0.6356 -0.0009
vn 0.6676 0.7445 0.0013
vn 0.6394 0.7689 -0.0000
vn 0.5705 0.8213 -0.0000
vn 0.5682 0.8229 -0.0000
vn 0.5694 0.8221 -0.0000
vn 0.5674 0.8234 -0.0000
vn 0.5705 0.8213 0.0001
vn 0.5655 0.8248 -0.0000
vn 0.6501 0.7598 -0.0000
vn 0.6631 0.7485 -0.0000
vn 0.6759 0.7369 -0.0000
vn -0.7251 0.6886 -0.0000
vn -0.7324 0.6809 -0.0007
vn -0.6672 0.7449 -0.0000
vn -0.7417 0.6707 -0.0000
vn -0.6058 0.7956 -0.0004
vn -0.6185 0.7858 -0.0007
vn -0.6496 0.7603 -0.0005
vn -0.5845 0.8114 -0.0008
vn -0.5586 0.8295 0.0002
vn -0.5317 0.8469 -0.0001
vn -0.5190 0.8548 0.0004
vn -0.4831 0.8755 -0.0000
vn -0.4719 0.8817 0.0005
vn -0.4396 0.8982 -0.0000
vn -0.4243 0.9055 0.0005
vn -0.3852 0.9228 -0.0005
vn -0.3769 0.9263 -0.0000
vn 0.4923 0.8705 -0.0000
vn 0.4594 0.8882 0.0013
vn 0.4680 0.8837 -0.0000
vn 0.2686 0.9633 -0.0000
vn 0.0804 0.9968 -0.0000
vn -0.1101 0.9939 -0.0000
vn -0.2954 0.9554 -0.0000
vn -0.4414 0.8973 -0.0000
vn -0.4413 0.8973 -0.0000
vn -0.5751 0.8181 -0.0000
vn -0.7189 0.6951 -0.0000
vn -0.7183 0.6958 -0.0001
vn -0.7202 0.6937 -0.0000
vn 0.3205 0.9472 -0.0009
vn 0.2686 0.9633 0.0010
vn 0.1375 0.9905 -0.0010
vn 0.0804 0.9968 0.0011
vn -0.0503 0.9987 -0.0010
vn -0.1101 0.9939 0.0011
vn -0.2365 0.9716 -0.0010
vn -0.2954 0.9554 0.0011
vn -0.4144 0.9101 -0.0011
vn -0.4414 0.8973 -0.0001
vn -0.5751 0.8181 0.0001
vn -0.5776 0.8163 -0.0000
vn -0.7202 0.6938 0.0001
vn -0.5751 0.8181 -0.0001
vn -0.4413 0.8973 0.0001
vn -0.4146 0.9100 0.0011
vn -0.2954 0.9554 -0.0011
vn -0.2368 0.9715 0.0010
vn -0.1101 0.9939 -0.0011
vn -0.0506 0.9987 0.0010
vn 0.0804 0.9968 -0.0011
vn 0.1373 0.9905 0.0010
vn 0.2686 0.9633 -0.0010
vn 0.3204 0.9473 0.0009
vn 0.4594 0.8882 -0.0013
vn 0.7710 -0.6369 -0.0000
vn 0.7642 -0.6450 0.0007
vn 0.8198 -0.5726 -0.0000
vn 0.7553 -0.6554 -0.0000
vn 0.8628 -0.5056 0.0004
vn 0.8546 -0.5193 0.0007
vn 0.8330 -0.5532 0.0005
vn 0.8759 -0.4825 0.0008
vn 0.8908 -0.4545 -0.0002
vn 0.9048 -0.4257 0.0001
vn 0.9111 -0.4122 -0.0004
vn 0.9274 -0.3741 -0.0000
vn 0.9321 -0.3621 -0.0005
vn 0.9446 -0.3282 -0.0000
vn 0.9501 -0.3121 -0.0005
vn 0.9625 -0.2712 0.0005
vn 0.9649 -0.2625 -0.0000
vn 0.8048 0.5936 -0.0000
vn 0.8264 0.5631 -0.0013
vn 0.8209 0.5711 -0.0000
vn 0.9239 0.3827 -0.0000
vn 0.9798 0.1998 -0.0000
vn 0.9999 0.0105 -0.0000
vn 0.9840 -0.1780 -0.0000
vn 0.9439 -0.3301 -0.0000
vn 0.8815 -0.4722 -0.0000
vn 0.7767 -0.6299 -0.0000
vn 0.7773 -0.6291 0.0001
vn 0.7755 -0.6314 -0.0000
vn 0.9017 0.4324 0.0009
vn 0.9239 0.3827 -0.0010
vn 0.9667 0.2559 0.0010
vn 0.9798 0.1998 -0.0011
vn 0.9975 0.0704 0.0010
vn 0.9999 0.0105 -0.0011
vn 0.9930 -0.1177 0.0010
vn 0.9840 -0.1780 -0.0011
vn 0.9534 -0.3016 0.0011
vn 0.8815 -0.4722 -0.0001
vn 0.8800 -0.4749 -0.0000
vn 0.7755 -0.6313 -0.0001
vn 0.8815 -0.4722 0.0001
vn 0.9439 -0.3301 -0.0001
vn 0.9534 -0.3018 -0.0011
vn 0.9840 -0.1780 0.0011
vn 0.9930 -0.1180 -0.0010
vn 0.9999 0.0105 0.0011
vn 0.9975 0.0701 -0.0010
vn 0.9798 0.1998 0.0011
vn 0.9668 0.2557 -0.0010
vn 0.9239 0.3827 0.0010
vn 0.9017 0.4323 -0.0009
vn 0.8264 0.5631 0.0013
vn 0.8048 0.5935 -0.0000
vn 0.7506 0.6607 -0.0000
vn 0.7485 0.6632 -0.0000
vn 0.7496 0.6619 -0.0000
vn 0.7480 0.6637 -0.0000
vn 0.7506 0.6607 0.0001
vn 0.7465 0.6654 -0.0000
vn 0.8131 0.5822 -0.0000
vn 0.8230 0.5681 -0.0000
vn 0.8326 0.5538 -0.0000
vn -0.5393 0.8421 -0.0000
vn -0.5482 0.8363 -0.0007
vn -0.4695 0.8829 -0.0000
vn -0.5596 0.8287 -0.0000
vn -0.3979 0.9174 -0.0004
vn -0.4125 0.9109 -0.0007
vn -0.4487 0.8937 -0.0005
vn -0.3733 0.9277 -0.0008
vn -0.3438 0.9391 0.0002
vn -0.3136 0.9496 -0.0001
vn -0.2994 0.9541 0.0004
vn -0.2596 0.9657 -0.0000
vn -0.2471 0.9690 0.0005
vn -0.2119 0.9773 -0.0000
vn -0.1953 0.9807 0.0005
vn -0.1532 0.9882 -0.0005
vn -0.1443 0.9895 -0.0000
vn 0.6862 0.7274 -0.0000
vn 0.6586 0.7525 0.0013
vn 0.6659 0.7461 -0.0000
vn 0.4913 0.8710 -0.0000
vn 0.3164 0.9486 -0.0000
vn 0.1310 0.9914 -0.0000
vn -0.0581 0.9983 -0.0000
vn -0.0580 0.9983 -0.0000
vn -0.2139 0.9769 -0.0000
vn -0.3626 0.9319 -0.0000
vn -0.5317 0.8470 -0.0000
vn -0.5309 0.8475 -0.0001
vn -0.5333 0.8459 -0.0000
vn 0.5380 0.8430 -0.0009
vn 0.4913 0.8710 0.0010
vn 0.3705 0.9288 -0.0010
vn 0.3164 0.9486 0.0011
vn 0.1901 0.9818 -0.0010
vn 0.1310 0.9914 0.0011
vn 0.0029 1.0000 -0.0010
vn -0.0581 0.9983 0.0011
vn -0.1845 0.9828 -0.0011
vn -0.2138 0.9769 -0.0001
vn -0.3626 0.9319 0.0001
vn -0.3653 0.9309 -0.0000
vn -0.5333 0.8459 0.0001
vn -0.3655 0.9308 -0.0000
vn -0.3626 0.9319 -0.0001
vn -0.2139 0.9769 0.0001
vn -0.1847 0.9828 0.0011
vn -0.0581 0.9983 -0.0011
vn 0.0026 1.0000 0.0010
vn 0.1310 0.9914 -0.0011
vn 0.1898 0.9818 0.0010
vn 0.3164 0.9486 -0.0011
vn 0.3704 0.9289 0.0010
vn 0.4913 0.8710 -0.0010
vn 0.5379 0.8430 0.0009
vn 0.6586 0.7525 -0.0013
vn 0.5962 -0.8029 -0.0000
vn 0.5876 -0.8092 0.0007
vn 0.6590 -0.7521 -0.0000
vn 0.5764 -0.8172 -0.0000
vn 0.7167 -0.6973 0.0004
vn 0.7055 -0.7087 0.0007
vn 0.6764 -0.7365 0.0005
vn 0.7350 -0.6781 0.0008
vn 0.7561 -0.6545 -0.0002
vn 0.7767 -0.6299 0.0001
vn 0.7860 -0.6183 -0.0004
vn 0.8109 -0.5852 -0.0000
vn 0.8184 -0.5747 -0.0005
vn 0.8386 -0.5447 -0.0000
vn 0.8478 -0.5304 -0.0005
vn 0.8697 -0.4936 0.0005
vn 0.8741 -0.4858 -0.0000
vn 0.9234 0.3837 -0.0000
vn 0.9371 0.3490 -0.0013
vn 0.9337 0.3581 -0.0000
vn 0.9886 0.1505 -0.0000
vn 0.9992 -0.0405 -0.0000
vn 0.9734 -0.2291 -0.0000
vn 0.9128 -0.4083 -0.0000
vn 0.8375 -0.5464 -0.0000
vn 0.7429 -0.6694 -0.0000
vn 0.6033 -0.7975 -0.0000
vn 0.6041 -0.7969 0.0001
vn 0.6019 -0.7986 -0.0000
vn 0.9790 0.2040 0.0009
vn 0.9886 0.1505 -0.0010
vn 0.9999 0.0171 0.0010
vn 0.9992 -0.0405 -0.0011
vn 0.9854 -0.1704 0.0010
vn 0.9734 -0.2291 -0.0011
vn 0.9360 -0.3519 0.0010
vn 0.9128 -0.4083 -0.0011
vn 0.8535 -0.5210 0.0011
vn 0.7429 -0.6694 -0.0001
vn 0.7408 -0.6717 -0.0000
vn 0.6019 -0.7986 -0.0001
vn 0.7407 -0.6718 -0.0000
vn 0.7429 -0.6694 0.0001
vn 0.8375 -0.5464 -0.0001
vn 0.8534 -0.5213 -0.0011
vn 0.9128 -0.4083 0.0011
vn 0.9359 -0.3522 -0.0010
vn 0.9734 -0.2291 0.0011
vn 0.9853 -0.1707 -0.0010
vn 0.9992 -0.0405 0.0011
vn 0.9999 0.0170 -0.0010
vn 0.9886 0.1505 0.0010
vn 0.9790 0.2039 -0.0009
vn 0.9371 0.3490 0.0013
vn 0.8869 0.4620 -0.0000
vn 0.8854 0.4648 -0.0000
vn 0.8862 0.4634 -0.0000
vn 0.8851 0.4654 -0.0000
vn 0.8869 0.4620 0.0001
vn 0.8840 0.4675 -0.0000
vn 0.9288 0.3707 -0.0000
vn 0.9350 0.3546 -0.0000
vn 0.9410 0.3384 -0.0000
vn -0.3221 0.9467 -0.0000
vn -0.3321 0.9432 -0.0007
vn -0.2446 0.9696 -0.0000
vn -0.3450 0.9386 -0.0000
vn -0.1667 0.9860 -0.0004
vn -0.1825 0.9832 -0.0007
vn -0.2218 0.9751 -0.0005
vn -0.1405 0.9901 -0.0008
vn -0.1091 0.9940 0.0002
vn -0.0772 0.9970 -0.0001
vn -0.0623 0.9981 0.0004
vn -0.0210 0.9998 -0.0000
vn -0.0081 1.0000 0.0005
vn 0.0282 0.9996 -0.0000
vn 0.0451 0.9990 0.0005
vn 0.0878 0.9961 -0.0005
vn 0.0967 0.9953 -0.0000
vn 0.8404 0.5420 -0.0000
vn 0.8196 0.5729 0.0013
vn 0.8251 0.5650 -0.0000
vn 0.6855 0.7281 -0.0000
vn 0.5343 0.8453 -0.0000
vn 0.3644 0.9312 -0.0000
vn 0.1825 0.9832 -0.0000
vn 0.0262 0.9997 -0.0000
vn -0.1291 0.9916 -0.0000
vn -0.3136 0.9496 -0.0000
vn -0.3127 0.9498 -0.0001
vn -0.3154 0.9490 -0.0000
vn 0.7240 0.6898 -0.0009
vn 0.6855 0.7281 0.0010
vn 0.5821 0.8131 -0.0010
vn 0.5343 0.8453 0.0011
vn 0.4195 0.9078 -0.0010
vn 0.3644 0.9312 0.0011
vn 0.2422 0.9702 -0.0010
vn 0.1825 0.9832 0.0011
vn 0.0560 0.9984 -0.0011
vn 0.0262 0.9997 -0.0001
vn -0.1291 0.9916 0.0001
vn -0.1320 0.9913 -0.0000
vn -0.3153 0.9490 0.0001
vn -0.1321 0.9912 -0.0000
vn -0.1291 0.9916 -0.0001
vn 0.0262 0.9997 0.0001
vn 0.0558 0.9984 0.0011
vn 0.1825 0.9832 -0.0011
vn 0.2419 0.9703 0.0010
vn 0.3644 0.9312 -0.0011
vn 0.4193 0.9079 0.0010
vn 0.5343 0.8453 -0.0011
vn 0.5819 0.8132 0.0010
vn 0.6855 0.7281 -0.0010
vn 0.7239 0.6899 0.0009
vn 0.8196 0.5729 -0.0013
vn 0.3867 -0.9222 -0.0000
vn 0.3768 -0.9263 0.0007
vn 0.4598 -0.8880 -0.0000
vn 0.3641 -0.9314 -0.0000
vn 0.5291 -0.8486 0.0004
vn 0.5154 -0.8570 0.0007
vn 0.4805 -0.8770 0.0005
vn 0.5514 -0.8343 0.0008
vn 0.5775 -0.8164 -0.0002
vn 0.6033 -0.7975 0.0001
vn 0.6152 -0.7884 -0.0004
vn 0.6473 -0.7622 -0.0000
vn 0.6570 -0.7539 -0.0005
vn 0.6839 -0.7296 -0.0000
vn 0.6962 -0.7179 -0.0005
vn 0.7263 -0.6874 0.0005
vn 0.7324 -0.6809 -0.0000
vn 0.9884 0.1516 -0.0000
vn 0.9934 0.1146 -0.0013
vn 0.9923 0.1242 -0.0000
vn 0.9959 -0.0904 -0.0000
vn 0.9605 -0.2784 -0.0000
vn 0.8903 -0.4554 -0.0000
vn 0.7886 -0.6150 -0.0000
vn 0.6826 -0.7308 -0.0000
vn 0.5610 -0.8278 -0.0000
vn 0.3951 -0.9187 -0.0000
vn 0.3959 -0.9183 0.0001
vn 0.3933 -0.9194 -0.0000
vn 0.9993 -0.0361 0.0009
vn 0.9959 -0.0904 -0.0010
vn 0.9749 -0.2227 0.0010
vn 0.9605 -0.2784 -0.0011
vn 0.9160 -0.4012 0.0010
vn 0.8903 -0.4554 -0.0011
vn 0.8246 -0.5657 0.0010
vn 0.7886 -0.6150 -0.0011
vn 0.7040 -0.7102 0.0011
vn 0.6826 -0.7308 0.0001
vn 0.5610 -0.8278 -0.0001
vn 0.5586 -0.8294 -0.0000
vn 0.3933 -0.9194 -0.0001
vn 0.5585 -0.8295 -0.0000
vn 0.5610 -0.8278 0.0001
vn 0.6826 -0.7308 -0.0001
vn 0.7039 -0.7103 -0.0011
vn 0.7886 -0.6150 0.0011
vn 0.8245 -0.5659 -0.0010
vn 0.8903 -0.4554 0.0011
vn 0.9158 -0.4015 -0.0010
vn 0.9605 -0.2784 0.0011
vn 0.9748 -0.2229 -0.0010
vn 0.9959 -0.0904 0.0010
vn 0.9993 -0.0363 -0.0009
vn 0.9934 0.1146 0.0013
vn 0.9885 0.1515 -0.0000
vn 0.9717 0.2363 -0.0000
vn 0.9710 0.2392 -0.0000
vn 0.9713 0.2378 -0.0000
vn 0.9707 0.2401 -0.0000
vn 0.9717 0.2363 0.0001
vn 0.9702 0.2424 -0.0000
vn 0.9905 0.1376 -0.0000
vn 0.9927 0.1205 -0.0000
vn 0.9946 0.1034 -0.0000
vn -0.0862 0.9963 -0.0000
vn -0.0968 0.9953 -0.0007
vn -0.0055 1.0000 -0.0000
vn -0.1104 0.9939 -0.0000
vn 0.0741 0.9973 -0.0004
vn 0.0580 0.9983 -0.0007
vn 0.0181 0.9998 -0.0005
vn 0.1005 0.9949 -0.0008
vn 0.1320 0.9913 0.0002
vn 0.1636 0.9865 -0.0001
vn 0.1784 0.9840 0.0004
vn 0.2190 0.9757 -0.0000
vn 0.2315 0.9728 0.0005
vn 0.2665 0.9638 -0.0000
vn 0.2829 0.9592 0.0005
vn 0.3236 0.9462 -0.0005
vn 0.3321 0.9433 -0.0000
vn 0.9457 0.3251 -0.0000
vn 0.9329 0.3602 0.0013
vn 0.9363 0.3511 -0.0000
vn 0.8398 0.5429 -0.0000
vn 0.7211 0.6929 -0.0000
vn 0.5766 0.8170 -0.0000
vn 0.4126 0.9109 -0.0000
vn 0.2645 0.9644 -0.0000
vn 0.1121 0.9937 -0.0000
vn -0.0771 0.9970 -0.0000
vn -0.0762 0.9971 -0.0001
vn -0.0790 0.9969 -0.0000
vn 0.8681 0.4964 -0.0009
vn 0.8398 0.5429 0.0010
vn 0.7597 0.6502 -0.0010
vn 0.7211 0.6929 0.0011
vn 0.6246 0.7809 -0.0010
vn 0.5766 0.8170 0.0011
vn 0.4673 0.8841 -0.0010
vn 0.4126 0.9109 0.0011
vn 0.2933 0.9560 -0.0011
vn 0.2645 0.9644 -0.0001
vn 0.1121 0.9937 0.0001
vn 0.1091 0.9940 -0.0000
vn -0.0790 0.9969 0.0001
vn 0.1089 0.9941 -0.0000
vn 0.1121 0.9937 -0.0001
vn 0.2645 0.9644 0.0001
vn 0.2933 0.9560 0.0011
vn 0.4126 0.9109 -0.0011
vn 0.4670 0.8842 0.0010
vn 0.5766 0.8170 -0.0011
vn 0.6243 0.7812 0.0010
vn 0.7211 0.6929 -0.0011
vn 0.7596 0.6504 0.0010
vn 0.8398 0.5429 -0.0010
vn 0.8680 0.4966 0.0009
vn 0.9329 0.3602 -0.0013
vn 0.1548 -0.9879 -0.0000
vn 0.1443 -0.9895 0.0007
vn 0.2340 -0.9722 -0.0000
vn 0.1306 -0.9914 -0.0000
vn 0.3106 -0.9505 0.0004
vn 0.2952 -0.9554 0.0007
vn 0.2567 -0.9665 0.0005
vn 0.3357 -0.9420 0.0008
vn 0.3654 -0.9309 -0.0002
vn 0.3950 -0.9187 0.0001
vn 0.4086 -0.9127 -0.0004
vn 0.4461 -0.8950 -0.0000
vn 0.4575 -0.8892 -0.0005
vn 0.4895 -0.8720 -0.0000
vn 0.5042 -0.8636 -0.0005
vn 0.5407 -0.8412 0.0005
vn 0.5482 -0.8364 -0.0000
vn 0.9960 -0.0894 -0.0000
vn 0.9920 -0.1265 -0.0013
vn 0.9931 -0.1169 -0.0000
vn 0.9453 -0.3261 -0.0000
vn 0.8659 -0.5003 -0.0000
vn 0.7555 -0.6552 -0.0000
vn 0.6185 -0.7858 -0.0000
vn 0.4877 -0.8730 -0.0000
vn 0.3466 -0.9380 -0.0000
vn 0.1637 -0.9865 -0.0000
vn 0.1646 -0.9864 0.0001
vn 0.1618 -0.9868 -0.0000
vn 0.9616 -0.2743 0.0009
vn 0.9453 -0.3261 -0.0010
vn 0.8933 -0.4495 0.0010
vn 0.8659 -0.5003 -0.0011
vn 0.7933 -0.6089 0.0010
vn 0.7555 -0.6552 -0.0011
vn 0.6653 -0.7466 0.0010
vn 0.6185 -0.7858 -0.0011
vn 0.5136 -0.8580 0.0011
vn 0.3466 -0.9380 -0.0001
vn 0.3438 -0.9391 -0.0000
vn 0.1619 -0.9868 -0.0001
vn 0.3437 -0.9391 -0.0000
vn 0.3466 -0.9380 0.0001
vn 0.4877 -0.8730 -0.0001
vn 0.5135 -0.8581 -0.0011
vn 0.6185 -0.7858 0.0011
vn 0.6651 -0.7468 -0.0010
vn 0.7555 -0.6552 0.0011
vn 0.7931 -0.6090 -0.0010
vn 0.8659 -0.5003 0.0011
vn 0.8932 -0.4497 -0.0010
vn 0.9453 -0.3261 0.0010
vn 0.9616 -0.2744 -0.0009
vn 0.9920 -0.1265 0.0013
vn 1.0000 -0.0032 -0.0000
vn 1.0000 -0.0000 -0.0000
vn 1.0000 -0.0016 -0.0000
vn 1.0000 0.0008 -0.0000
vn 1.0000 -0.0032 0.0001
vn 1.0000 0.0032 -0.0000
vn 0.9946 -0.1034 -0.0000
vn 0.9927 -0.1205 -0.0000
vn 0.9905 -0.1376 -0.0000
vn 0.1548 0.9879 -0.0000
vn 0.1443 0.9895 -0.0007
vn 0.2340 0.9722 -0.0000
vn 0.1306 0.9914 -0.0000
vn 0.3106 0.9505 -0.0004
vn 0.2952 0.9554 -0.0007
vn 0.2567 0.9665 -0.0005
vn 0.3357 0.9420 -0.0008
vn 0.3654 0.9309 0.0002
vn 0.3950 0.9187 -0.0001
vn 0.4086 0.9127 0.0004
vn 0.4461 0.8950 -0.0000
vn 0.4575 0.8892 0.0005
vn 0.4895 0.8720 -0.0000
vn 0.5042 0.8636 0.0005
vn 0.5407 0.8412 -0.0005
vn 0.5482 0.8364 -0.0000
vn 0.9960 0.0894 -0.0000
vn 0.9920 0.1265 0.0013
vn 0.9931 0.1169 -0.0000
vn 0.9453 0.3261 -0.0000
vn 0.8659 0.5003 -0.0000
vn 0.7555 0.6552 -0.0000
vn 0.6185 0.7858 -0.0000
vn 0.4877 0.8730 -0.0000
vn 0.3466 0.9380 -0.0000
vn 0.1637 0.9865 -0.0000
vn 0.1646 0.9864 -0.0001
vn 0.1618 0.9868 -0.0000
vn 0.9616 0.2743 -0.0009
vn 0.9453 0.3261 0.0010
vn 0.8933 0.4495 -0.0010
vn 0.8659 0.5003 0.0011
vn 0.7933 0.6089 -0.0010
vn 0.7555 0.6552 0.0011
vn 0.6653 0.7466 -0.0010
vn 0.6185 0.7858 0.0011
vn 0.5136 0.8580 -0.0011
vn 0.3466 0.9380 0.0001
vn 0.3438 0.9391 -0.0000
vn 0.1619 0.9868 0.0001
vn 0.3437 0.9391 -0.0000
vn 0.3466 0.9380 -0.0001
vn 0.4877 0.8730 0.0001
vn 0.5135 0.8581 0.0011
vn 0.6185 0.7858 -0.0011
vn 0.6651 0.7468 0.0010
vn 0.7555 0.6552 -0.0011
vn 0.7931 0.6090 0.0010
vn 0.8659 0.5003 -0.0011
vn 0.8932 0.4497 0.0010
vn 0.9453 0.3261 -0.0010
vn 0.9616 0.2744 0.0009
vn 0.9920 0.1265 -0.0013
vn -0.0862 -0.9963 -0.0000
vn -0.0968 -0.9953 0.0007
vn -0.0055 -1.0000 -0.0000
vn -0.1104 -0.9939 -0.0000
vn 0.0741 -0.9973 0.0004
vn 0.0580 -0.9983 0.0007
vn 0.0181 -0.9998 0.0005
vn 0.1005 -0.9949 0.0008
vn 0.1320 -0.9913 -0.0002
vn 0.1636 -0.9865 0.0001
vn 0.1784 -0.9840 -0.0004
vn 0.2190 -0.9757 -0.0000
vn 0.2315 -0.9728 -0.0005
vn 0.2665 -0.9638 -0.0000
vn 0.2829 -0.9592 -0.0005
vn 0.3236 -0.9462 0.0005
vn 0.3321 -0.9433 -0.0000
vn 0.9457 -0.3251 -0.0000
vn 0.9329 -0.3602 -0.0013
vn 0.9363 -0.3511 -0.0000
vn 0.8398 -0.5429 -0.0000
vn 0.7211 -0.6929 -0.0000
vn 0.5766 -0.8170 -0.0000
vn 0.4126 -0.9109 -0.0000
vn 0.2645 -0.9644 -0.0000
vn 0.1121 -0.9937 -0.0000
vn -0.0771 -0.9970 -0.0000
vn -0.0762 -0.9971 0.0001
vn -0.0790 -0.9969 -0.0000
vn 0.8681 -0.4964 0.0009
vn 0.8398 -0.5429 -0.0010
vn 0.7597 -0.6502 0.0010
vn 0.7211 -0.6929 -0.0011
vn 0.6246 -0.7809 0.0010
vn 0.5766 -0.8170 -0.0011
vn 0.4672 -0.8841 0.0010
vn 0.4126 -0.9109 -0.0011
vn 0.2933 -0.9560 0.0011
vn 0.2645 -0.9644 0.0001
vn 0.1121 -0.9937 -0.0001
vn 0.1091 -0.9940 -0.0000
vn -0.0790 -0.9969 -0.0001
vn 0.1089 -0.9941 -0.0000
vn 0.1121 -0.9937 0.0001
vn 0.2645 -0.9644 -0.0001
vn 0.2933 -0.9560 -0.0011
vn 0.4126 -0.9109 0.0011
vn 0.4670 -0.8842 -0.0010
vn 0.5766 -0.8170 0.0011
vn 0.6243 -0.7812 -0.0010
vn 0.7211 -0.6929 0.0011
vn 0.7596 -0.6504 -0.0010
vn 0.8398 -0.5429 0.0010
vn 0.8680 -0.4966 -0.0009
vn 0.9329 -0.3602 0.0013
vn 0.9702 -0.2424 -0.0000
vn 0.9710 -0.2392 -0.0000
vn 0.9706 -0.2408 -0.0000
vn 0.9711 -0.2386 -0.0000
vn 0.9702 -0.2424 0.0001
vn 0.9717 -0.2363 -0.0000
vn 0.9410 -0.3384 -0.0000
vn 0.9350 -0.3546 -0.0000
vn 0.9288 -0.3707 -0.0000
vn 0.3867 0.9222 -0.0000
vn 0.3768 0.9263 -0.0007
vn 0.4598 0.8880 -0.0000
vn 0.3641 0.9314 -0.0000
vn 0.5291 0.8486 -0.0004
vn 0.5154 0.8570 -0.0007
vn 0.4805 0.8770 -0.0005
vn 0.5514 0.8343 -0.0008
vn 0.5775 0.8164 0.0002
vn 0.6033 0.7975 -0.0001
vn 0.6152 0.7884 0.0004
vn 0.6473 0.7622 -0.0000
vn 0.6570 0.7539 0.0005
vn 0.6839 0.7296 -0.0000
vn 0.6962 0.7179 0.0005
vn 0.7263 0.6874 -0.0005
vn 0.7324 0.6809 -0.0000
vn 0.9884 -0.1516 -0.0000
vn 0.9934 -0.1146 0.0013
vn 0.9923 -0.1242 -0.0000
vn 0.9959 0.0904 -0.0000
vn 0.9605 0.2784 -0.0000
vn 0.8903 0.4554 -0.0000
vn 0.7886 0.6150 -0.0000
vn 0.6826 0.7308 -0.0000
vn 0.6825 0.7308 -0.0000
vn 0.5610 0.8278 -0.0000
vn 0.3951 0.9187 -0.0000
vn 0.3959 0.9183 -0.0001
vn 0.3933 0.9194 -0.0000
vn 0.9993 0.0361 -0.0009
vn 0.9959 0.0904 0.0010
vn 0.9749 0.2227 -0.0010
vn 0.9605 0.2784 0.0011
vn 0.9160 0.4012 -0.0010
vn 0.8903 0.4554 0.0011
vn 0.8246 0.5657 -0.0010
vn 0.7886 0.6150 0.0011
vn 0.7040 0.7102 -0.0011
vn 0.6826 0.7308 -0.0001
vn 0.5610 0.8278 0.0001
vn 0.5586 0.8294 -0.0000
vn 0.3933 0.9194 0.0001
vn 0.5585 0.8295 -0.0000
vn 0.5610 0.8278 -0.0001
vn 0.6826 0.7308 0.0001
vn 0.7039 0.7103 0.0011
vn 0.7886 0.6150 -0.0011
vn 0.8245 0.5659 0.0010
vn 0.8903 0.4554 -0.0011
vn 0.9158 0.4015 0.0010
vn 0.9605 0.2784 -0.0011
vn 0.9748 0.2229 0.0010
vn 0.9959 0.0904 -0.0010
vn 0.9993 0.0363 0.0009
vn 0.9934 -0.1146 -0.0013
vn 0.9885 -0.1515 -0.0000
vn -0.3221 -0.9467 -0.0000
vn -0.3321 -0.9432 0.0007
vn -0.2446 -0.9696 -0.0000
vn -0.3450 -0.9386 -0.0000
vn -0.1667 -0.9860 0.0004
vn -0.1825 -0.9832 0.0007
vn -0.2218 -0.9751 0.0005
vn -0.1405 -0.9901 0.0008
vn -0.1091 -0.9940 -0.0002
vn -0.0772 -0.9970 0.0001
vn -0.0623 -0.9981 -0.0004
vn -0.0210 -0.9998 -0.0000
vn -0.0081 -1.0000 -0.0005
vn 0.0282 -0.9996 -0.0000
vn 0.0451 -0.9990 -0.0005
vn 0.0878 -0.9961 0.0005
vn 0.0967 -0.9953 -0.0000
vn 0.8404 -0.5420 -0.0000
vn 0.8196 -0.5729 -0.0013
vn 0.8251 -0.5650 -0.0000
vn 0.6855 -0.7281 -0.0000
vn 0.5343 -0.8453 -0.0000
vn 0.3644 -0.9312 -0.0000
vn 0.1825 -0.9832 -0.0000
vn 0.0262 -0.9997 -0.0000
vn -0.1291 -0.9916 -0.0000
vn -0.3136 -0.9496 -0.0000
vn -0.3127 -0.9498 0.0001
vn -0.3154 -0.9490 -0.0000
vn 0.7240 -0.6898 0.0009
vn 0.6855 -0.7281 -0.0010
vn 0.5821 -0.8131 0.0010
vn 0.5343 -0.8453 -0.0011
vn 0.4195 -0.9078 0.0010
vn 0.3644 -0.9312 -0.0011
vn 0.2422 -0.9702 0.0010
vn 0.1825 -0.9832 -0.0011
vn 0.0560 -0.9984 0.0011
vn 0.0262 -0.9997 0.0001
vn -0.1291 -0.9916 -0.0001
vn -0.1320 -0.9913 -0.0000
vn -0.3153 -0.9490 -0.0001
vn -0.1321 -0.9912 -0.0000
vn -0.1291 -0.9916 0.0001
vn 0.0262 -0.9997 -0.0001
vn 0.0558 -0.9984 -0.0011
vn 0.1825 -0.9832 0.0011
vn 0.2419 -0.9703 -0.0010
vn 0.3644 -0.9312 0.0011
vn 0.4193 -0.9079 -0.0010
vn 0.5343 -0.8453 0.0011
vn 0.5819 -0.8132 -0.0010
vn 0.6855 -0.7281 0.0010
vn 0.7239 -0.6899 -0.0009
vn 0.8196 -0.5729 0.0013
vn 0.8840 -0.4675 -0.0000
vn 0.8854 -0.4648 -0.0000
vn 0.8847 -0.4661 -0.0000
vn 0.8858 -0.4641 -0.0000
vn 0.8840 -0.4675 0.0001
vn 0.8869 -0.4620 -0.0000
vn 0.8326 -0.5538 -0.0000
vn 0.8230 -0.5681 -0.0000
vn 0.8131 -0.5822 -0.0000
vn 0.5962 0.8029 -0.0000
vn 0.5876 0.8092 -0.0007
vn 0.6590 0.7521 -0.0000
vn 0.5764 0.8172 -0.0000
vn 0.7167 0.6973 -0.0004
vn 0.7055 0.7087 -0.0007
vn 0.6764 0.7365 -0.0005
vn 0.7350 0.6781 -0.0008
vn 0.7561 0.6545 0.0002
vn 0.7767 0.6299 -0.0001
vn 0.7860 0.6183 0.0004
vn 0.8109 0.5852 -0.0000
vn 0.8184 0.5747 0.0005
vn 0.8386 0.5447 -0.0000
vn 0.8478 0.5304 0.0005
vn 0.8697 0.4936 -0.0005
vn 0.8741 0.4858 -0.0000
vn 0.9234 -0.3837 -0.0000
vn 0.9371 -0.3490 0.0013
vn 0.9337 -0.3581 -0.0000
vn 0.9886 -0.1505 -0.0000
vn 0.9992 0.0405 -0.0000
vn 0.9734 0.2291 -0.0000
vn 0.9128 0.4083 -0.0000
vn 0.8375 0.5464 -0.0000
vn 0.7429 0.6694 -0.0000
vn 0.6033 0.7975 -0.0000
vn 0.6041 0.7969 -0.0001
vn 0.6019 0.7986 -0.0000
vn 0.9790 -0.2040 -0.0009
vn 0.9886 -0.1505 0.0010
vn 0.9999 -0.0171 -0.0010
vn 0.9992 0.0405 0.0011
vn 0.9854 0.1704 -0.0010
vn 0.9734 0.2291 0.0011
vn 0.9360 0.3519 -0.0010
vn 0.9128 0.4083 0.0011
vn 0.8535 0.5210 -0.0011
vn 0.7429 0.6694 0.0001
vn 0.7408 0.6717 -0.0000
vn 0.6019 0.7986 0.0001
vn 0.6034 0.7975 -0.0000
vn 0.7407 0.6718 -0.0000
vn 0.7429 0.6694 -0.0001
vn 0.8375 0.5464 0.0001
vn 0.8534 0.5213 0.0011
vn 0.9128 0.4083 -0.0011
vn 0.9359 0.3522 0.0010
vn 0.9734 0.2291 -0.0011
vn 0.9853 0.1707 0.0010
vn 0.9992 0.0405 -0.0011
vn 0.9999 -0.0170 0.0010
vn 0.9886 -0.1505 -0.0010
vn 0.9790 -0.2039 0.0009
vn 0.9371 -0.3490 -0.0013
vn -0.5393 -0.8421 -0.0000
vn -0.5482 -0.8363 0.0007
vn -0.4695 -0.8829 -0.0000
vn -0.5596 -0.8287 -0.0000
vn -0.3979 -0.9174 0.0004
vn -0.4125 -0.9109 0.0007
vn -0.4487 -0.8937 0.0005
vn -0.3733 -0.9277 0.0008
vn -0.3438 -0.9391 -0.0002
vn -0.3136 -0.9496 0.0001
vn -0.2994 -0.9541 -0.0004
vn -0.2596 -0.9657 -0.0000
vn -0.2471 -0.9690 -0.0005
vn -0.2119 -0.9773 -0.0000
vn -0.1953 -0.9807 -0.0005
vn -0.1532 -0.9882 0.0005
vn -0.1443 -0.9895 -0.0000
vn 0.6862 -0.7274 -0.0000
vn 0.6586 -0.7525 -0.0013
vn 0.6659 -0.7461 -0.0000
vn 0.4913 -0.8710 -0.0000
vn 0.3164 -0.9486 -0.0000
vn 0.1310 -0.9914 -0.0000
vn -0.0580 -0.9983 -0.0000
vn -0.0581 -0.9983 -0.0000
vn -0.2139 -0.9769 -0.0000
vn -0.3626 -0.9319 -0.0000
vn -0.5317 -0.8470 -0.0000
vn -0.5309 -0.8474 0.0001
vn -0.5333 -0.8459 -0.0000
vn 0.5380 -0.8430 0.0009
vn 0.4913 -0.8710 -0.0010
vn 0.3705 -0.9288 0.0010
vn 0.3164 -0.9486 -0.0011
vn 0.1901 -0.9818 0.0010
vn 0.1310 -0.9914 -0.0011
vn 0.0029 -1.0000 0.0010
vn -0.0580 -0.9983 -0.0011
vn -0.1845 -0.9828 0.0011
vn -0.2139 -0.9769 0.0001
vn -0.3626 -0.9319 -0.0001
vn -0.3653 -0.9309 -0.0000
vn -0.5333 -0.8459 -0.0001
vn -0.3655 -0.9308 -0.0000
vn -0.3626 -0.9319 0.0001
vn -0.2139 -0.9769 -0.0001
vn -0.1847 -0.9828 -0.0011
vn -0.0581 -0.9983 0.0011
vn 0.0026 -1.0000 -0.0010
vn 0.1310 -0.9914 0.0011
vn 0.1898 -0.9818 -0.0010
vn 0.3164 -0.9486 0.0011
vn 0.3704 -0.9289 -0.0010
vn 0.4913 -0.8710 0.0010
vn 0.5379 -0.8430 -0.0009
vn 0.6586 -0.7525 0.0013
vn 0.7465 -0.6654 -0.0000
vn 0.7485 -0.6632 -0.0000
vn 0.7475 -0.6643 -0.0000
vn 0.7491 -0.6625 -0.0000
vn 0.7465 -0.6654 0.0001
vn 0.7506 -0.6607 -0.0000
vn 0.6759 -0.7369 -0.0000
vn 0.6631 -0.7485 -0.0000
vn 0.6501 -0.7598 -0.0000
vn 0.7710 0.6369 -0.0000
vn 0.7642 0.6450 -0.0007
vn 0.8198 0.5726 -0.0000
vn 0.7553 0.6554 -0.0000
vn 0.8628 0.5056 -0.0004
vn 0.8546 0.5193 -0.0007
vn 0.8330 0.5532 -0.0005
vn 0.8759 0.4825 -0.0008
vn 0.8908 0.4545 0.0002
vn 0.9048 0.4257 -0.0001
vn 0.9111 0.4122 0.0004
vn 0.9274 0.3741 -0.0000
vn 0.9321 0.3621 0.0005
vn 0.9446 0.3282 -0.0000
vn 0.9501 0.3121 0.0005
vn 0.9625 0.2712 -0.0005
vn 0.9649 0.2625 -0.0000
vn 0.8048 -0.5936 -0.0000
vn 0.8264 -0.5631 0.0013
vn 0.8209 -0.5711 -0.0000
vn 0.9239 -0.3827 -0.0000
vn 0.9798 -0.1998 -0.0000
vn 0.9999 -0.0105 -0.0000
vn 0.9840 0.1779 -0.0000
vn 0.9439 0.3301 -0.0000
vn 0.8815 0.4722 -0.0000
vn 0.7767 0.6299 -0.0000
vn 0.7773 0.6291 -0.0001
vn 0.7755 0.6314 -0.0000
vn 0.9017 -0.4324 -0.0009
vn 0.9239 -0.3827 0.0010
vn 0.9667 -0.2559 -0.0010
vn 0.9798 -0.1998 0.0011
vn 0.9975 -0.0704 -0.0010
vn 0.9999 -0.0105 0.0011
vn 0.9930 0.1177 -0.0010
vn 0.9840 0.1779 0.0011
vn 0.9534 0.3016 -0.0011
vn 0.8815 0.4722 0.0001
vn 0.8800 0.4749 -0.0000
vn 0.7755 0.6313 0.0001
vn 0.8815 0.4722 -0.0001
vn 0.9439 0.3301 0.0001
vn 0.9534 0.3018 0.0011
vn 0.9840 0.1779 -0.0011
vn 0.9930 0.1180 0.0010
vn 0.9999 -0.0105 -0.0011
vn 0.9975 -0.0701 0.0010
vn 0.9798 -0.1998 -0.0011
vn 0.9668 -0.2557 0.0010
vn 0.9239 -0.3827 -0.0010
vn 0.9017 -0.4323 0.0009
vn 0.8264 -0.5632 -0.0013
vn 0.8048 -0.5935 -0.0000
vn -0.7251 -0.6886 -0.0000
vn -0.7324 -0.6809 0.0007
vn -0.6672 -0.7449 -0.0000
vn -0.7417 -0.6707 -0.0000
vn -0.6058 -0.7956 0.0004
vn -0.6185 -0.7858 0.0007
vn -0.6496 -0.7603 0.0005
vn -0.5845 -0.8114 0.0008
vn -0.5586 -0.8295 -0.0002
vn -0.5317 -0.8469 0.0001
vn -0.5190 -0.8548 -0.0004
vn -0.4831 -0.8755 -0.0000
vn -0.4719 -0.8817 -0.0005
vn -0.4396 -0.8982 -0.0000
vn -0.4243 -0.9055 -0.0005
vn -0.3852 -0.9228 0.0005
vn -0.3769 -0.9263 -0.0000
vn 0.4923 -0.8705 -0.0000
vn 0.4594 -0.8882 -0.0013
vn 0.4680 -0.8837 -0.0000
vn 0.2686 -0.9633 -0.0000
vn 0.0804 -0.9968 -0.0000
vn -0.1101 -0.9939 -0.0000
vn -0.2954 -0.9554 -0.0000
vn -0.4413 -0.8973 -0.0000
vn -0.4414 -0.8973 -0.0000
vn -0.5751 -0.8181 -0.0000
vn -0.7189 -0.6951 -0.0000
vn -0.7183 -0.6958 0.0001
vn -0.7202 -0.6937 -0.0000
vn 0.3205 -0.9472 0.0009
vn 0.2686 -0.9633 -0.0010
vn 0.1375 -0.9905 0.0010
vn 0.0804 -0.9968 -0.0011
vn -0.0503 -0.9987 0.0010
vn -0.1101 -0.9939 -0.0011
vn -0.2365 -0.9716 0.0010
vn -0.2954 -0.9554 -0.0011
vn -0.4144 -0.9101 0.0011
vn -0.4414 -0.8973 0.0001
vn -0.5751 -0.8181 -0.0001
vn -0.5776 -0.8163 -0.0000
vn -0.7202 -0.6938 -0.0001
vn -0.5751 -0.8181 0.0001
vn -0.4414 -0.8973 -0.0001
vn -0.4146 -0.9100 -0.0011
vn -0.2954 -0.9554 0.0011
vn -0.2368 -0.9715 -0.0010
vn -0.1101 -0.9939 0.0011
vn -0.0506 -0.9987 -0.0010
vn 0.0804 -0.9968 0.0011
vn 0.1373 -0.9905 -0.0010
vn 0.2686 -0.9633 0.0010
vn 0.3204 -0.9473 -0.0009
vn 0.4594 -0.8882 0.0013
vn 0.5655 -0.8248 -0.0000
vn 0.5682 -0.8229 -0.0000
vn 0.5669 -0.8238 -0.0000
vn 0.5687 -0.8226 -0.0000
vn 0.5655 -0.8248 0.0001
vn 0.5705 -0.8213 -0.0000
vn 0.4799 -0.8773 -0.0000
vn 0.4647 -0.8855 -0.0000
vn 0.4494 -0.8933 -0.0000
vn 0.9010 0.4338 -0.0000
vn 0.8963 0.4434 -0.0007
vn 0.9331 0.3597 -0.0000
vn 0.8902 0.4557 -0.0000
vn 0.9587 0.2844 -0.0004
vn 0.9540 0.2997 -0.0007
vn 0.9412 0.3378 -0.0005
vn 0.9659 0.2588 -0.0008
vn 0.9736 0.2281 0.0002
vn 0.9804 0.1968 -0.0001
vn 0.9833 0.1822 0.0004
vn 0.9900 0.1413 -0.0000
vn 0.9917 0.1286 0.0005
vn 0.9957 0.0926 -0.0000
vn 0.9971 0.0757 0.0005
vn 0.9995 0.0329 -0.0005
vn 0.9997 0.0240 -0.0000
vn 0.6393 -0.7690 -0.0000
vn 0.6675 -0.7446 0.0013
vn 0.6603 -0.7510 -0.0000
vn 0.8054 -0.5927 -0.0000
vn 0.9036 -0.4284 -0.0000
vn 0.9684 -0.2495 -0.0000
vn 0.9980 -0.0627 -0.0000
vn 0.9955 0.0946 -0.0000
vn 0.9689 0.2476 -0.0000
vn 0.9049 0.4257 -0.0000
vn 0.9053 0.4248 -0.0001
vn 0.9040 0.4274 -0.0000
vn 0.7720 -0.6356 -0.0009
vn 0.8054 -0.5927 0.0010
vn 0.8774 -0.4798 -0.0010
vn 0.9036 -0.4284 0.0011
vn 0.9517 -0.3070 -0.0010
vn 0.9684 -0.2495 0.0011
vn 0.9924 -0.1234 -0.0010
vn 0.9980 -0.0627 0.0011
vn 0.9979 0.0647 -0.0011
vn 0.9955 0.0946 -0.0001
vn 0.9689 0.2476 0.0001
vn 0.9681 0.2505 -0.0000
vn 0.9041 0.4274 0.0001
vn 0.9681 0.2506 -0.0000
vn 0.9689 0.2476 -0.0001
vn 0.9955 0.0946 0.0001
vn 0.9979 0.0649 0.0011
vn 0.9980 -0.0627 -0.0011
vn 0.9924 -0.1231 0.0010
vn 0.9684 -0.2495 -0.0011
vn 0.9518 -0.3068 0.0010
vn 0.9036 -0.4284 -0.0011
vn 0.8774 -0.4797 0.0010
vn 0.8054 -0.5927 -0.0010
vn 0.7721 -0.6356 0.0009
vn 0.6675 -0.7446 -0.0013
vn 0.6394 -0.7689 -0.0000
vn -0.8689 -0.4951 -0.0000
vn -0.8741 -0.4858 0.0007
vn -0.8261 -0.5635 -0.0000
vn -0.8807 -0.4737 -0.0000
vn -0.7786 -0.6275 0.0004
vn -0.7887 -0.6148 0.0007
vn -0.8126 -0.5828 0.0005
vn -0.7617 -0.6479 0.0008
vn -0.7408 -0.6717 -0.0002
vn -0.7189 -0.6951 0.0001
vn -0.7085 -0.7057 -0.0004
vn -0.6786 -0.7345 -0.0000
vn -0.6692 -0.7431 -0.0005
vn -0.6418 -0.7669 -0.0000
vn -0.6287 -0.7777 -0.0005
vn -0.5949 -0.8038 0.0005
vn -0.5876 -0.8091 -0.0000
vn 0.2695 -0.9630 -0.0000
vn 0.2334 -0.9724 -0.0013
vn 0.2428 -0.9701 -0.0000
vn 0.0303 -0.9995 -0.0000
vn -0.1607 -0.9870 -0.0000
vn -0.3447 -0.9387 -0.0000
vn -0.5154 -0.8570 -0.0000
vn -0.6433 -0.7656 -0.0000
vn -0.7541 -0.6567 -0.0000
vn -0.7542 -0.6567 -0.0000
vn -0.8644 -0.5029 -0.0000
vn -0.8639 -0.5036 0.0001
vn -0.8653 -0.5012 -0.0000
vn 0.0847 -0.9964 0.0009
vn 0.0303 -0.9995 -0.0010
vn -0.1036 -0.9946 0.0010
vn -0.1607 -0.9870 -0.0011
vn -0.2878 -0.9577 0.0010
vn -0.3447 -0.9387 -0.0011
vn -0.4622 -0.8868 0.0010
vn -0.5154 -0.8570 -0.0011
vn -0.6201 -0.7845 0.0011
vn -0.7541 -0.6567 -0.0001
vn -0.7561 -0.6544 -0.0000
vn -0.8653 -0.5012 -0.0001
vn -0.7562 -0.6543 -0.0000
vn -0.7541 -0.6567 0.0001
vn -0.6433 -0.7656 -0.0001
vn -0.6203 -0.7844 -0.0011
vn -0.5154 -0.8570 0.0011
vn -0.4625 -0.8866 -0.0010
vn -0.3447 -0.9387 0.0011
vn -0.2881 -0.9576 -0.0010
vn -0.1607 -0.9870 0.0011
vn -0.1036 -0.9946 -0.0010
vn 0.0303 -0.9995 0.0010
vn 0.0843 -0.9964 -0.0009
vn 0.2334 -0.9724 0.0013
vn 0.2696 -0.9630 -0.0000
vn 0.3517 -0.9361 -0.0000
vn 0.3546 -0.9350 -0.0000
vn 0.3531 -0.9356 -0.0000
vn 0.3553 -0.9347 -0.0000
vn 0.3517 -0.9361 0.0001
vn 0.3575 -0.9339 -0.0000
vn 0.2560 -0.9667 -0.0000
vn 0.2393 -0.9709 -0.0000
vn 0.2226 -0.9749 -0.0000
vn 0.9786 0.2056 -0.0000
vn 0.9764 0.2160 -0.0007
vn 0.9920 0.1260 -0.0000
vn 0.9733 0.2294 -0.0000
vn 0.9989 0.0467 -0.0004
vn 0.9980 0.0627 -0.0007
vn 0.9947 0.1027 -0.0005
vn 0.9998 0.0201 -0.0008
vn 0.9999 -0.0115 0.0002
vn 0.9991 -0.0435 -0.0001
vn 0.9983 -0.0584 0.0004
vn 0.9950 -0.0997 -0.0000
vn 0.9937 -0.1125 0.0005
vn 0.9889 -0.1484 -0.0000
vn 0.9863 -0.1652 0.0005
vn 0.9783 -0.2072 -0.0005
vn 0.9764 -0.2160 -0.0000
vn 0.4368 -0.8996 -0.0000
vn 0.4701 -0.8826 0.0013
vn 0.4615 -0.8871 -0.0000
vn 0.6401 -0.7683 -0.0000
vn 0.7748 -0.6322 -0.0000
vn 0.8805 -0.4740 -0.0000
vn 0.9540 -0.2997 -0.0000
vn 0.9892 -0.1465 -0.0000
vn 1.0000 0.0085 -0.0000
vn 0.9804 0.1968 -0.0000
vn 0.9806 0.1958 -0.0001
vn 0.9801 0.1987 -0.0000
vn 0.5975 -0.8019 -0.0009
vn 0.6401 -0.7683 0.0010
vn 0.7370 -0.6759 -0.0010
vn 0.7748 -0.6322 0.0011
vn 0.8505 -0.5259 -0.0010
vn 0.8805 -0.4740 0.0011
vn 0.9340 -0.3573 -0.0010
vn 0.9540 -0.2997 0.0011
vn 0.9844 -0.1760 -0.0011
vn 0.9892 -0.1465 -0.0001
vn 1.0000 0.0085 0.0001
vn 0.9999 0.0115 -0.0000
vn 0.9801 0.1986 0.0001
vn 0.9999 0.0116 -0.0000
vn 1.0000 0.0085 -0.0001
vn 0.9892 -0.1465 0.0001
vn 0.9844 -0.1758 0.0011
vn 0.9540 -0.2997 -0.0011
vn 0.9341 -0.3570 0.0010
vn 0.8805 -0.4740 -0.0011
vn 0.8507 -0.5257 0.0010
vn 0.7748 -0.6322 -0.0011
vn 0.7372 -0.6757 0.0010
vn 0.6401 -0.7683 -0.0010
vn 0.5976 -0.8018 0.0009
vn 0.4701 -0.8826 -0.0013
vn -0.9621 -0.2728 -0.0000
vn -0.9649 -0.2625 0.0007
vn -0.9369 -0.3495 -0.0000
vn -0.9684 -0.2492 -0.0000
vn -0.9062 -0.4229 0.0004
vn -0.9129 -0.4083 0.0007
vn -0.9285 -0.3713 0.0005
vn -0.8946 -0.4468 0.0008
vn -0.8800 -0.4749 -0.0002
vn -0.8644 -0.5028 0.0001
vn -0.8568 -0.5157 -0.0004
vn -0.8347 -0.5507 -0.0000
vn -0.8275 -0.5614 -0.0005
vn -0.8067 -0.5910 -0.0000
vn -0.7965 -0.6046 -0.0005
vn -0.7699 -0.6381 0.0005
vn -0.7642 -0.6450 -0.0000
vn 0.0315 -0.9995 -0.0000
vn -0.0059 -1.0000 -0.0013
vn 0.0038 -1.0000 -0.0000
vn -0.2099 -0.9777 -0.0000
vn -0.3922 -0.9199 -0.0000
vn -0.5594 -0.8289 -0.0000
vn -0.7055 -0.7087 -0.0000
vn -0.8078 -0.5894 -0.0000
vn -0.8078 -0.5895 -0.0000
vn -0.8894 -0.4571 -0.0000
vn -0.9596 -0.2814 -0.0000
vn -0.9593 -0.2823 0.0001
vn -0.9601 -0.2795 -0.0000
vn -0.1564 -0.9877 0.0009
vn -0.2099 -0.9777 -0.0010
vn -0.3385 -0.9410 0.0010
vn -0.3922 -0.9199 -0.0011
vn -0.5088 -0.8609 0.0010
vn -0.5594 -0.8289 -0.0011
vn -0.6610 -0.7504 0.0010
vn -0.7055 -0.7087 -0.0011
vn -0.7898 -0.6133 0.0011
vn -0.8078 -0.5895 0.0001
vn -0.8894 -0.4571 -0.0001
vn -0.8907 -0.4545 -0.0000
vn -0.9601 -0.2795 -0.0001
vn -0.8908 -0.4544 -0.0000
vn -0.8894 -0.4571 0.0001
vn -0.8078 -0.5895 -0.0001
vn -0.7899 -0.6132 -0.0011
vn -0.7055 -0.7087 0.0011
vn -0.6612 -0.7502 -0.0010
vn -0.5594 -0.8289 0.0011
vn -0.5090 -0.8607 -0.0010
vn -0.3922 -0.9199 0.0011
vn -0.3388 -0.9409 -0.0010
vn -0.2099 -0.9777 0.0010
vn -0.1565 -0.9877 -0.0009
vn -0.0059 -1.0000 0.0013
vn 0.1172 -0.9931 -0.0000
vn 0.1206 -0.9927 -0.0000
vn 0.1189 -0.9929 -0.0000
vn 0.1212 -0.9926 -0.0000
vn 0.1172 -0.9931 0.0001
vn 0.1234 -0.9924 -0.0000
vn -0.1234 -0.9924 -0.0000
vn -0.1205 -0.9927 -0.0000
vn -0.1220 -0.9925 -0.0000
vn -0.1196 -0.9928 -0.0000
vn -0.1234 -0.9924 0.0001
vn -0.1172 -0.9931 -0.0000
vn 0.0173 -0.9999 -0.0000
vn -0.0000 -1.0000 -0.0000
vn -0.0173 -0.9999 -0.0000
vn -0.9994 -0.0346 -0.0000
vn -0.9997 -0.0240 0.0007
vn -0.9934 -0.1151 -0.0000
vn -0.9999 -0.0102 -0.0000
vn -0.9810 -0.1938 0.0004
vn -0.9840 -0.1779 0.0007
vn -0.9904 -0.1383 0.0005
vn -0.9756 -0.2197 0.0008
vn -0.9681 -0.2505 -0.0002
vn -0.9596 -0.2814 0.0001
vn -0.9553 -0.2956 -0.0004
vn -0.9422 -0.3349 -0.0000
vn -0.9379 -0.3470 -0.0005
vn -0.9247 -0.3808 -0.0000
vn -0.9181 -0.3964 -0.0005
vn -0.9003 -0.4353 0.0005
vn -0.8963 -0.4434 -0.0000
vn -0.2088 -0.9780 -0.0000
vn -0.2451 -0.9695 -0.0013
vn -0.2358 -0.9718 -0.0000
vn -0.4377 -0.8991 -0.0000
vn -0.6010 -0.7993 -0.0000
vn -0.7415 -0.6710 -0.0000
vn -0.8546 -0.5193 -0.0000
vn -0.9254 -0.3789 -0.0000
vn -0.9730 -0.2310 -0.0000
vn -0.9991 -0.0436 -0.0000
vn -0.9990 -0.0445 0.0001
vn -0.9991 -0.0417 -0.0000
vn -0.3882 -0.9216 0.0009
vn -0.4377 -0.8991 -0.0010
vn -0.5539 -0.8326 0.0010
vn -0.6010 -0.7993 -0.0011
vn -0.7000 -0.7141 0.0010
vn -0.7415 -0.6710 -0.0011
vn -0.8213 -0.5704 0.0010
vn -0.8546 -0.5193 -0.0011
vn -0.9137 -0.4064 0.0011
vn -0.9254 -0.3789 0.0001
vn -0.9730 -0.2310 -0.0001
vn -0.9736 -0.2281 -0.0000
vn -0.9991 -0.0417 -0.0001
vn -0.9737 -0.2280 -0.0000
vn -0.9730 -0.2310 0.0001
vn -0.9254 -0.3789 -0.0001
vn -0.9137 -0.4063 -0.0011
vn -0.8546 -0.5193 0.0011
vn -0.8215 -0.5702 -0.0010
vn -0.7415 -0.6710 0.0011
vn -0.7002 -0.7139 -0.0010
vn -0.6010 -0.7993 0.0011
vn -0.5541 -0.8325 -0.0010
vn -0.4377 -0.8991 0.0010
vn -0.3882 -0.9216 -0.0009
vn -0.2451 -0.9695 0.0013
vn -0.2089 -0.9779 -0.0000
vn 0.9994 -0.0346 -0.0000
vn 0.9997 -0.0240 -0.0007
vn 0.9934 -0.1151 -0.0000
vn 0.9999 -0.0102 -0.0000
vn 0.9810 -0.1938 -0.0004
vn 0.9840 -0.1779 -0.0007
vn 0.9904 -0.1383 -0.0005
vn 0.9756 -0.2197 -0.0008
vn 0.9681 -0.2505 0.0002
vn 0.9596 -0.2814 -0.0001
vn 0.9553 -0.2956 0.0004
vn 0.9422 -0.3349 -0.0000
vn 0.9379 -0.3470 0.0005
vn 0.9247 -0.3808 -0.0000
vn 0.9181 -0.3964 0.0005
vn 0.9003 -0.4353 -0.0005
vn 0.8963 -0.4434 -0.0000
vn 0.2088 -0.9780 -0.0000
vn 0.2452 -0.9695 0.0013
vn 0.2358 -0.9718 -0.0000
vn 0.4377 -0.8991 -0.0000
vn 0.6010 -0.7993 -0.0000
vn 0.7415 -0.6710 -0.0000
vn 0.8546 -0.5193 -0.0000
vn 0.9254 -0.3789 -0.0000
vn 0.9730 -0.2310 -0.0000
vn 0.9991 -0.0436 -0.0000
vn 0.9990 -0.0445 -0.0001
vn 0.9991 -0.0417 -0.0000
vn 0.3882 -0.9216 -0.0009
vn 0.4377 -0.8991 0.0010
vn 0.5539 -0.8326 -0.0010
vn 0.6010 -0.7993 0.0011
vn 0.7000 -0.7142 -0.0010
vn 0.7415 -0.6710 0.0011
vn 0.8213 -0.5704 -0.0010
vn 0.8546 -0.5193 0.0011
vn 0.9137 -0.4064 -0.0011
vn 0.9254 -0.3789 -0.0001
vn 0.9730 -0.2310 0.0001
vn 0.9736 -0.2281 -0.0000
vn 0.9991 -0.0417 0.0001
vn 0.9737 -0.2280 -0.0000
vn 0.9730 -0.2310 -0.0001
vn 0.9254 -0.3789 0.0001
vn 0.9137 -0.4063 0.0011
vn 0.8546 -0.5193 -0.0011
vn 0.8215 -0.5701 0.0010
vn 0.7415 -0.6710 -0.0011
vn 0.7002 -0.7139 0.0010
vn 0.6010 -0.7993 -0.0011
vn 0.5540 -0.8325 0.0010
vn 0.4377 -0.8991 -0.0010
vn 0.3882 -0.9216 0.0009
vn 0.2451 -0.9695 -0.0013
vn 0.2089 -0.9779 -0.0000
vn -0.1234 0.9924 -0.0000
vn -0.1205 0.9927 -0.0000
vn -0.1172 0.9931 0.0001
vn -0.1212 0.9926 -0.0000
vn -0.1189 0.9929 -0.0000
vn -0.1172 0.9931 -0.0000
vn -0.2226 -0.9749 -0.0000
vn -0.2393 -0.9709 -0.0000
vn -0.2560 -0.9667 -0.0000
vn -0.9786 0.2056 -0.0000
vn -0.9764 0.2160 0.0007
vn -0.9920 0.1260 -0.0000
vn -0.9733 0.2294 -0.0000
vn -0.9989 0.0467 0.0004
vn -0.9980 0.0627 0.0007
vn -0.9947 0.1027 0.0005
vn -0.9998 0.0201 0.0008
vn -0.9999 -0.0115 -0.0002
vn -0.9991 -0.0435 0.0001
vn -0.9983 -0.0584 -0.0004
vn -0.9950 -0.0997 -0.0000
vn -0.9937 -0.1125 -0.0005
vn -0.9889 -0.1484 -0.0000
vn -0.9863 -0.1652 -0.0005
vn -0.9783 -0.2072 0.0005
vn -0.9764 -0.2160 -0.0000
vn -0.4368 -0.8996 -0.0000
vn -0.4701 -0.8826 -0.0013
vn -0.4615 -0.8871 -0.0000
vn -0.6401 -0.7683 -0.0000
vn -0.7748 -0.6322 -0.0000
vn -0.8805 -0.4740 -0.0000
vn -0.9540 -0.2997 -0.0000
vn -0.9892 -0.1465 -0.0000
vn -1.0000 0.0085 -0.0000
vn -0.9804 0.1968 -0.0000
vn -0.9806 0.1958 0.0001
vn -0.9801 0.1987 -0.0000
vn -0.5975 -0.8018 0.0009
vn -0.6401 -0.7683 -0.0010
vn -0.7370 -0.6758 0.0010
vn -0.7748 -0.6322 -0.0011
vn -0.8505 -0.5259 0.0010
vn -0.8805 -0.4740 -0.0011
vn -0.9340 -0.3573 0.0010
vn -0.9540 -0.2997 -0.0011
vn -0.9844 -0.1760 0.0011
vn -0.9892 -0.1465 0.0001
vn -1.0000 0.0085 -0.0001
vn -0.9999 0.0115 -0.0000
vn -0.9801 0.1986 -0.0001
vn -0.9999 0.0116 -0.0000
vn -1.0000 0.0085 0.0001
vn -0.9892 -0.1465 -0.0001
vn -0.9844 -0.1758 -0.0011
vn -0.9540 -0.2997 0.0011
vn -0.9341 -0.3570 -0.0010
vn -0.8805 -0.4740 0.0011
vn -0.8507 -0.5257 -0.0010
vn -0.7748 -0.6322 0.0011
vn -0.7372 -0.6757 -0.0010
vn -0.6401 -0.7683 0.0010
vn -0.5975 -0.8018 -0.0009
vn -0.4701 -0.8826 0.0013
vn 0.9621 -0.2728 -0.0000
vn 0.9649 -0.2625 -0.0007
vn 0.9369 -0.3495 -0.0000
vn 0.9684 -0.2492 -0.0000
vn 0.9062 -0.4229 -0.0004
vn 0.9129 -0.4083 -0.0007
vn 0.9285 -0.3713 -0.0005
vn 0.8946 -0.4468 -0.0008
vn 0.8800 -0.4749 0.0002
vn 0.8644 -0.5028 -0.0001
vn 0.8568 -0.5157 0.0004
vn 0.8347 -0.5507 -0.0000
vn 0.8275 -0.5614 0.0005
vn 0.8067 -0.5910 -0.0000
vn 0.7965 -0.6046 0.0005
vn 0.7699 -0.6381 -0.0005
vn 0.7642 -0.6450 -0.0000
vn -0.0315 -0.9995 -0.0000
vn 0.0059 -1.0000 0.0013
vn -0.0038 -1.0000 -0.0000
vn 0.2099 -0.9777 -0.0000
vn 0.3922 -0.9199 -0.0000
vn 0.5594 -0.8289 -0.0000
vn 0.7055 -0.7087 -0.0000
vn 0.8078 -0.5894 -0.0000
vn 0.8078 -0.5895 -0.0000
vn 0.8894 -0.4571 -0.0000
vn 0.9596 -0.2814 -0.0000
vn 0.9593 -0.2823 -0.0001
vn 0.9601 -0.2795 -0.0000
vn 0.1565 -0.9877 -0.0009
vn 0.2099 -0.9777 0.0010
vn 0.3385 -0.9410 -0.0010
vn 0.3922 -0.9199 0.0011
vn 0.5087 -0.8609 -0.0010
vn 0.5594 -0.8289 0.0011
vn 0.6610 -0.7504 -0.0010
vn 0.7055 -0.7087 0.0011
vn 0.7898 -0.6133 -0.0011
vn 0.8078 -0.5895 -0.0001
vn 0.8894 -0.4571 0.0001
vn 0.8907 -0.4545 -0.0000
vn 0.9601 -0.2795 0.0001
vn 0.8908 -0.4544 -0.0000
vn 0.8894 -0.4571 -0.0001
vn 0.8078 -0.5895 0.0001
vn 0.7899 -0.6132 0.0011
vn 0.7055 -0.7087 -0.0011
vn 0.6612 -0.7502 0.0010
vn 0.5594 -0.8289 -0.0011
vn 0.5090 -0.8607 0.0010
vn 0.3922 -0.9199 -0.0011
vn 0.3388 -0.9409 0.0010
vn 0.2099 -0.9777 -0.0010
vn 0.1565 -0.9877 0.0009
vn 0.0059 -1.0000 -0.0013
vn -0.3575 -0.9339 -0.0000
vn -0.3546 -0.9350 -0.0000
vn -0.3561 -0.9345 -0.0000
vn -0.3539 -0.9353 -0.0000
vn -0.3575 -0.9339 0.0001
vn -0.3517 -0.9361 -0.0000
vn -0.4494 -0.8933 -0.0000
vn -0.4647 -0.8854 -0.0000
vn -0.4799 -0.8773 -0.0000
vn 0.8689 -0.4951 -0.0000
vn 0.8741 -0.4858 -0.0007
vn 0.8261 -0.5635 -0.0000
vn 0.8807 -0.4737 -0.0000
vn 0.7786 -0.6275 -0.0004
vn 0.7887 -0.6148 -0.0007
vn 0.8126 -0.5828 -0.0005
vn 0.7617 -0.6479 -0.0008
vn 0.7408 -0.6717 0.0002
vn 0.7189 -0.6951 -0.0001
vn 0.7085 -0.7057 0.0004
vn 0.6786 -0.7345 -0.0000
vn 0.6692 -0.7431 0.0005
vn 0.6418 -0.7669 -0.0000
vn 0.6287 -0.7777 0.0005
vn 0.5949 -0.8038 -0.0005
vn 0.5876 -0.8091 -0.0000
vn -0.2695 -0.9630 -0.0000
vn -0.2334 -0.9724 0.0013
vn -0.2428 -0.9701 -0.0000
vn -0.0303 -0.9995 -0.0000
vn 0.1607 -0.9870 -0.0000
vn 0.3447 -0.9387 -0.0000
vn 0.5154 -0.8570 -0.0000
vn 0.6433 -0.7656 -0.0000
vn 0.7541 -0.6567 -0.0000
vn 0.7542 -0.6567 -0.0000
vn 0.8644 -0.5029 -0.0000
vn 0.8639 -0.5036 -0.0001
vn 0.8653 -0.5012 -0.0000
vn -0.0847 -0.9964 -0.0009
vn -0.0303 -0.9995 0.0010
vn 0.1036 -0.9946 -0.0010
vn 0.1607 -0.9870 0.0011
vn 0.2878 -0.9577 -0.0010
vn 0.3447 -0.9387 0.0011
vn 0.4622 -0.8868 -0.0010
vn 0.5154 -0.8570 0.0011
vn 0.6201 -0.7845 -0.0011
vn 0.7541 -0.6567 0.0001
vn 0.7561 -0.6544 -0.0000
vn 0.8653 -0.5012 0.0001
vn 0.7562 -0.6543 -0.0000
vn 0.7541 -0.6567 -0.0001
vn 0.6433 -0.7656 0.0001
vn 0.6203 -0.7844 0.0011
vn 0.5154 -0.8570 -0.0011
vn 0.4625 -0.8866 0.0010
vn 0.3447 -0.9387 -0.0011
vn 0.2881 -0.9576 0.0010
vn 0.1607 -0.9870 -0.0011
vn 0.1037 -0.9946 0.0010
vn -0.0303 -0.9995 -0.0010
vn -0.0843 -0.9964 0.0009
vn -0.2334 -0.9724 -0.0013
vn -0.2696 -0.9630 -0.0000
vn -0.9010 0.4338 -0.0000
vn -0.8963 0.4434 0.0007
vn -0.9331 0.3597 -0.0000
vn -0.8902 0.4557 -0.0000
vn -0.9587 0.2843 0.0004
vn -0.9540 0.2997 0.0007
vn -0.9412 0.3378 0.0005
vn -0.9659 0.2588 0.0008
vn -0.9736 0.2281 -0.0002
vn -0.9804 0.1968 0.0001
vn -0.9833 0.1822 -0.0004
vn -0.9900 0.1413 -0.0000
vn -0.9917 0.1286 -0.0005
vn -0.9957 0.0926 -0.0000
vn -0.9971 0.0757 -0.0005
vn -0.9995 0.0329 0.0005
vn -0.9997 0.0240 -0.0000
vn -0.6393 -0.7690 -0.0000
vn -0.6676 -0.7445 -0.0013
vn -0.6603 -0.7510 -0.0000
vn -0.8054 -0.5927 -0.0000
vn -0.9036 -0.4284 -0.0000
vn -0.9684 -0.2495 -0.0000
vn -0.9980 -0.0627 -0.0000
vn -0.9955 0.0946 -0.0000
vn -0.9689 0.2476 -0.0000
vn -0.9049 0.4257 -0.0000
vn -0.9053 0.4248 0.0001
vn -0.9040 0.4274 -0.0000
vn -0.7720 -0.6356 0.0009
vn -0.8054 -0.5927 -0.0010
vn -0.8774 -0.4798 0.0010
vn -0.9036 -0.4284 -0.0011
vn -0.9517 -0.3070 0.0010
vn -0.9684 -0.2495 -0.0011
vn -0.9924 -0.1234 0.0010
vn -0.9980 -0.0627 -0.0011
vn -0.9979 0.0647 0.0011
vn -0.9689 0.2476 -0.0001
vn -0.9681 0.2505 -0.0000
vn -0.9041 0.4274 -0.0001
vn -0.9681 0.2506 -0.0000
vn -0.9689 0.2476 0.0001
vn -0.9955 0.0946 -0.0001
vn -0.9979 0.0649 -0.0011
vn -0.9980 -0.0627 0.0011
vn -0.9924 -0.1231 -0.0010
vn -0.9684 -0.2495 0.0011
vn -0.9518 -0.3068 -0.0010
vn -0.9036 -0.4284 0.0011
vn -0.8775 -0.4796 -0.0010
vn -0.8054 -0.5927 0.0010
vn -0.7720 -0.6356 -0.0009
vn -0.6675 -0.7446 0.0013
vn -0.6394 -0.7689 -0.0000
vn -0.5705 -0.8213 -0.0000
vn -0.5683 -0.8228 -0.0000
vn -0.5694 -0.8221 -0.0000
vn -0.5674 -0.8234 -0.0000
vn -0.5705 -0.8213 0.0001
vn -0.5655 -0.8248 -0.0000
vn -0.6501 -0.7598 -0.0000
vn -0.6631 -0.7485 -0.0000
vn -0.6759 -0.7370 -0.0000
vn 0.7251 -0.6886 -0.0000
vn 0.7324 -0.6809 -0.0007
vn 0.6672 -0.7448 -0.0000
vn 0.7417 -0.6708 -0.0000
vn 0.6059 -0.7956 -0.0004
vn 0.6185 -0.7858 -0.0007
vn 0.6496 -0.7603 -0.0005
vn 0.5845 -0.8114 -0.0008
vn 0.5586 -0.8295 0.0002
vn 0.5317 -0.8469 -0.0001
vn 0.5190 -0.8548 0.0004
vn 0.4831 -0.8755 -0.0000
vn 0.4719 -0.8817 0.0005
vn 0.4396 -0.8982 -0.0000
vn 0.4243 -0.9055 0.0005
vn 0.3852 -0.9228 -0.0005
vn 0.3769 -0.9263 -0.0000
vn -0.4923 -0.8705 -0.0000
vn -0.4594 -0.8882 0.0013
vn -0.4680 -0.8837 -0.0000
vn -0.2686 -0.9633 -0.0000
vn -0.0804 -0.9968 -0.0000
vn 0.1101 -0.9939 -0.0000
vn 0.2954 -0.9554 -0.0000
vn 0.4413 -0.8974 -0.0000
vn 0.5751 -0.8181 -0.0000
vn 0.7189 -0.6951 -0.0000
vn 0.7183 -0.6958 -0.0001
vn 0.7202 -0.6938 -0.0000
vn -0.3205 -0.9472 -0.0009
vn -0.2686 -0.9633 0.0010
vn -0.1376 -0.9905 -0.0010
vn -0.0804 -0.9968 0.0011
vn 0.0503 -0.9987 -0.0010
vn 0.1101 -0.9939 0.0011
vn 0.2366 -0.9716 -0.0010
vn 0.2954 -0.9554 0.0011
vn 0.4143 -0.9101 -0.0011
vn 0.4413 -0.8974 -0.0001
vn 0.5751 -0.8181 0.0001
vn 0.5776 -0.8163 -0.0000
vn 0.7202 -0.6938 0.0001
vn 0.5751 -0.8181 -0.0001
vn 0.4413 -0.8974 0.0001
vn 0.4146 -0.9100 0.0011
vn 0.2954 -0.9554 -0.0011
vn 0.2368 -0.9715 0.0010
vn 0.1101 -0.9939 -0.0011
vn 0.0506 -0.9987 0.0010
vn -0.0804 -0.9968 -0.0011
vn -0.1373 -0.9905 0.0010
vn -0.2686 -0.9633 -0.0010
vn -0.3204 -0.9473 0.0009
vn -0.4594 -0.8882 -0.0013
vn -0.4923 -0.8704 -0.0000
vn -0.7710 0.6369 -0.0000
vn -0.7642 0.6450 0.0007
vn -0.8198 0.5726 -0.0000
vn -0.7553 0.6554 -0.0000
vn -0.8628 0.5056 0.0004
vn -0.8546 0.5193 0.0007
vn -0.8331 0.5532 0.0005
vn -0.8759 0.4825 0.0008
vn -0.8908 0.4545 -0.0002
vn -0.9048 0.4257 0.0001
vn -0.9111 0.4122 -0.0004
vn -0.9274 0.3741 -0.0000
vn -0.9321 0.3621 -0.0005
vn -0.9446 0.3282 -0.0000
vn -0.9500 0.3121 -0.0005
vn -0.9625 0.2712 0.0005
vn -0.9649 0.2625 -0.0000
vn -0.8048 -0.5936 -0.0000
vn -0.8264 -0.5631 -0.0013
vn -0.8209 -0.5711 -0.0000
vn -0.9239 -0.3827 -0.0000
vn -0.9798 -0.1998 -0.0000
vn -0.9999 -0.0105 -0.0000
vn -0.9840 0.1780 -0.0000
vn -0.9440 0.3300 -0.0000
vn -0.8815 0.4722 -0.0000
vn -0.7766 0.6299 -0.0000
vn -0.7772 0.6292 0.0001
vn -0.7754 0.6314 -0.0000
vn -0.9017 -0.4324 0.0009
vn -0.9239 -0.3827 -0.0010
vn -0.9667 -0.2559 0.0010
vn -0.9798 -0.1998 -0.0011
vn -0.9975 -0.0704 0.0010
vn -0.9999 -0.0105 -0.0011
vn -0.9931 0.1176 0.0010
vn -0.9840 0.1780 -0.0011
vn -0.9534 0.3017 0.0011
vn -0.9440 0.3300 0.0001
vn -0.8815 0.4722 -0.0001
vn -0.8800 0.4749 -0.0000
vn -0.7755 0.6314 -0.0001
vn -0.8800 0.4750 -0.0000
vn -0.8815 0.4722 0.0001
vn -0.9440 0.3300 -0.0001
vn -0.9534 0.3018 -0.0011
vn -0.9840 0.1780 0.0011
vn -0.9930 0.1180 -0.0010
vn -0.9999 -0.0105 0.0011
vn -0.9975 -0.0701 -0.0010
vn -0.9798 -0.1998 0.0011
vn -0.9668 -0.2557 -0.0010
vn -0.9239 -0.3827 0.0010
vn -0.9017 -0.4323 -0.0009
vn -0.8264 -0.5631 0.0013
vn -0.8048 -0.5935 -0.0000
vn -0.7505 -0.6608 -0.0000
vn -0.7486 -0.6630 -0.0000
vn -0.7496 -0.6619 -0.0000
vn -0.7480 -0.6637 -0.0000
vn -0.7505 -0.6608 0.0001
vn -0.7464 -0.6655 -0.0000
vn -0.8131 -0.5822 -0.0000
vn -0.8230 -0.5681 -0.0000
vn -0.8326 -0.5538 -0.0000
vn 0.5393 -0.8421 -0.0000
vn 0.5482 -0.8364 -0.0007
vn 0.4695 -0.8829 -0.0000
vn 0.5596 -0.8287 -0.0000
vn 0.3979 -0.9174 -0.0004
vn 0.4126 -0.9109 -0.0007
vn 0.4487 -0.8937 -0.0005
vn 0.3733 -0.9277 -0.0008
vn 0.3438 -0.9391 0.0002
vn 0.3136 -0.9496 -0.0001
vn 0.2994 -0.9541 0.0004
vn 0.2596 -0.9657 -0.0000
vn 0.2471 -0.9690 0.0005
vn 0.2119 -0.9773 -0.0000
vn 0.1953 -0.9807 0.0005
vn 0.1532 -0.9882 -0.0005
vn 0.1443 -0.9895 -0.0000
vn -0.6862 -0.7274 -0.0000
vn -0.6586 -0.7525 0.0013
vn -0.6659 -0.7461 -0.0000
vn -0.4913 -0.8710 -0.0000
vn -0.3164 -0.9486 -0.0000
vn -0.1310 -0.9914 -0.0000
vn 0.0580 -0.9983 -0.0000
vn 0.0581 -0.9983 -0.0000
vn 0.2138 -0.9769 -0.0000
vn 0.3627 -0.9319 -0.0000
vn 0.5317 -0.8470 -0.0000
vn 0.5308 -0.8475 -0.0001
vn 0.5333 -0.8459 -0.0000
vn -0.5380 -0.8429 -0.0009
vn -0.4913 -0.8710 0.0010
vn -0.3705 -0.9288 -0.0010
vn -0.3164 -0.9486 0.0011
vn -0.1901 -0.9818 -0.0010
vn -0.1310 -0.9914 0.0011
vn -0.0029 -1.0000 -0.0010
vn 0.0581 -0.9983 0.0011
vn 0.1845 -0.9828 -0.0011
vn 0.2138 -0.9769 -0.0001
vn 0.3627 -0.9319 0.0001
vn 0.3653 -0.9309 -0.0000
vn 0.5333 -0.8459 0.0001
vn 0.3655 -0.9308 -0.0000
vn 0.3627 -0.9319 -0.0001
vn 0.2138 -0.9769 0.0001
vn 0.1847 -0.9828 0.0011
vn 0.0580 -0.9983 -0.0011
vn -0.0026 -1.0000 0.0010
vn -0.1310 -0.9914 -0.0011
vn -0.1899 -0.9818 0.0010
vn -0.3164 -0.9486 -0.0011
vn -0.3704 -0.9289 0.0010
vn -0.4913 -0.8710 -0.0010
vn -0.5379 -0.8430 0.0009
vn -0.6586 -0.7525 -0.0013
vn -0.5962 0.8029 -0.0000
vn -0.5876 0.8091 0.0007
vn -0.6590 0.7521 -0.0000
vn -0.5764 0.8172 -0.0000
vn -0.7167 0.6974 0.0004
vn -0.7055 0.7087 0.0007
vn -0.6764 0.7365 0.0005
vn -0.7350 0.6781 0.0008
vn -0.7561 0.6545 -0.0002
vn -0.7767 0.6299 0.0001
vn -0.7860 0.6182 -0.0004
vn -0.8109 0.5852 -0.0000
vn -0.8184 0.5747 -0.0005
vn -0.8386 0.5447 -0.0000
vn -0.8478 0.5304 -0.0005
vn -0.8697 0.4936 0.0005
vn -0.8741 0.4858 -0.0000
vn -0.9235 -0.3837 -0.0000
vn -0.9371 -0.3490 -0.0013
vn -0.9337 -0.3581 -0.0000
vn -0.9886 -0.1506 -0.0000
vn -0.9992 0.0405 -0.0000
vn -0.9734 0.2291 -0.0000
vn -0.9128 0.4084 -0.0000
vn -0.8375 0.5464 -0.0000
vn -0.7429 0.6694 -0.0000
vn -0.6033 0.7975 -0.0000
vn -0.6040 0.7970 0.0001
vn -0.6019 0.7986 -0.0000
vn -0.9790 -0.2041 0.0009
vn -0.9886 -0.1506 -0.0010
vn -0.9999 -0.0171 0.0010
vn -0.9992 0.0405 -0.0011
vn -0.9854 0.1704 0.0010
vn -0.9734 0.2291 -0.0011
vn -0.9360 0.3519 0.0010
vn -0.9128 0.4084 -0.0011
vn -0.8535 0.5210 0.0011
vn -0.7429 0.6694 -0.0001
vn -0.7408 0.6718 -0.0000
vn -0.6019 0.7986 -0.0001
vn -0.7407 0.6718 -0.0000
vn -0.7429 0.6694 0.0001
vn -0.8375 0.5464 -0.0001
vn -0.8534 0.5213 -0.0011
vn -0.9128 0.4084 0.0011
vn -0.9359 0.3522 -0.0010
vn -0.9734 0.2291 0.0011
vn -0.9853 0.1707 -0.0010
vn -0.9992 0.0405 0.0011
vn -0.9999 -0.0169 -0.0010
vn -0.9886 -0.1506 0.0010
vn -0.9790 -0.2039 -0.0009
vn -0.9371 -0.3490 0.0013
vn -0.9234 -0.3838 -0.0000
vn -0.8869 -0.4619 -0.0000
vn -0.8854 -0.4649 -0.0000
vn -0.8862 -0.4634 -0.0000
vn -0.8851 -0.4654 -0.0000
vn -0.8869 -0.4619 0.0001
vn -0.8840 -0.4675 -0.0000
vn -0.9288 -0.3707 -0.0000
vn -0.9350 -0.3546 -0.0000
vn -0.9410 -0.3385 -0.0000
vn 0.3221 -0.9467 -0.0000
vn 0.3321 -0.9432 -0.0007
vn 0.2446 -0.9696 -0.0000
vn 0.3450 -0.9386 -0.0000
vn 0.1667 -0.9860 -0.0004
vn 0.1825 -0.9832 -0.0007
vn 0.2218 -0.9751 -0.0005
vn 0.1405 -0.9901 -0.0008
vn 0.1091 -0.9940 0.0002
vn 0.0772 -0.9970 -0.0001
vn 0.0623 -0.9981 0.0004
vn 0.0210 -0.9998 -0.0000
vn 0.0081 -1.0000 0.0005
vn -0.0282 -0.9996 -0.0000
vn -0.0451 -0.9990 0.0005
vn -0.0878 -0.9961 -0.0005
vn -0.0967 -0.9953 -0.0000
vn -0.8404 -0.5420 -0.0000
vn -0.8196 -0.5729 0.0013
vn -0.8251 -0.5650 -0.0000
vn -0.6855 -0.7281 -0.0000
vn -0.5343 -0.8453 -0.0000
vn -0.5342 -0.8453 -0.0000
vn -0.3644 -0.9312 -0.0000
vn -0.1825 -0.9832 -0.0000
vn -0.0262 -0.9997 -0.0000
vn 0.1291 -0.9916 -0.0000
vn 0.3136 -0.9496 -0.0000
vn 0.3127 -0.9499 -0.0001
vn 0.3154 -0.9490 -0.0000
vn -0.7240 -0.6898 -0.0009
vn -0.6855 -0.7281 0.0010
vn -0.5821 -0.8131 -0.0010
vn -0.5343 -0.8453 0.0011
vn -0.4195 -0.9078 -0.0010
vn -0.3644 -0.9312 0.0011
vn -0.2422 -0.9702 -0.0010
vn -0.1825 -0.9832 0.0011
vn -0.0560 -0.9984 -0.0011
vn -0.0262 -0.9997 -0.0001
vn 0.1291 -0.9916 0.0001
vn 0.1320 -0.9913 -0.0000
vn 0.3153 -0.9490 0.0001
vn 0.1321 -0.9912 -0.0000
vn 0.1291 -0.9916 -0.0001
vn -0.0262 -0.9997 0.0001
vn -0.0558 -0.9984 0.0011
vn -0.1825 -0.9832 -0.0011
vn -0.2419 -0.9703 0.0010
vn -0.3644 -0.9312 -0.0011
vn -0.4192 -0.9079 0.0010
vn -0.5342 -0.8453 -0.0011
vn -0.5820 -0.8132 0.0010
vn -0.6855 -0.7281 -0.0010
vn -0.7239 -0.6899 0.0009
vn -0.8196 -0.5729 -0.0013
vn -0.8404 -0.5419 -0.0000
vn -0.3867 0.9222 -0.0000
vn -0.3768 0.9263 0.0007
vn -0.4598 0.8880 -0.0000
vn -0.3641 0.9314 -0.0000
vn -0.5291 0.8486 0.0004
vn -0.5154 0.8570 0.0007
vn -0.4806 0.8770 0.0005
vn -0.5514 0.8343 0.0008
vn -0.5775 0.8164 -0.0002
vn -0.6033 0.7975 0.0001
vn -0.6152 0.7884 -0.0004
vn -0.6473 0.7622 -0.0000
vn -0.6570 0.7539 -0.0005
vn -0.6839 0.7296 -0.0000
vn -0.6962 0.7179 -0.0005
vn -0.7263 0.6874 0.0005
vn -0.7324 0.6809 -0.0000
vn -0.9884 -0.1516 -0.0000
vn -0.9934 -0.1146 -0.0013
vn -0.9923 -0.1242 -0.0000
vn -0.9959 0.0904 -0.0000
vn -0.9605 0.2784 -0.0000
vn -0.8903 0.4554 -0.0000
vn -0.7886 0.6149 -0.0000
vn -0.6826 0.7308 -0.0000
vn -0.6825 0.7308 -0.0000
vn -0.5610 0.8278 -0.0000
vn -0.3951 0.9187 -0.0000
vn -0.3959 0.9183 0.0001
vn -0.3933 0.9194 -0.0000
vn -0.9993 0.0362 0.0009
vn -0.9959 0.0904 -0.0010
vn -0.9749 0.2227 0.0010
vn -0.9605 0.2784 -0.0011
vn -0.9160 0.4012 0.0010
vn -0.8903 0.4554 -0.0011
vn -0.8246 0.5657 0.0010
vn -0.7886 0.6149 -0.0011
vn -0.7040 0.7102 0.0011
vn -0.6825 0.7308 0.0001
vn -0.5610 0.8278 -0.0001
vn -0.5586 0.8294 -0.0000
vn -0.3934 0.9194 -0.0001
vn -0.5584 0.8295 -0.0000
vn -0.5610 0.8278 0.0001
vn -0.6826 0.7308 -0.0001
vn -0.7039 0.7103 -0.0011
vn -0.7886 0.6149 0.0011
vn -0.8244 0.5659 -0.0010
vn -0.8903 0.4554 0.0011
vn -0.9159 0.4015 -0.0010
vn -0.9605 0.2784 0.0011
vn -0.9748 0.2229 -0.0010
vn -0.9959 0.0904 0.0010
vn -0.9993 0.0363 -0.0009
vn -0.9934 -0.1146 0.0013
vn -0.9717 -0.2361 -0.0000
vn -0.9709 -0.2394 -0.0000
vn -0.9713 -0.2378 -0.0000
vn -0.9708 -0.2400 -0.0000
vn -0.9717 -0.2361 0.0001
vn -0.9702 -0.2423 -0.0000
vn -0.9905 -0.1376 -0.0000
vn -0.9927 -0.1205 -0.0000
vn -0.9946 -0.1034 -0.0000
vn 0.0862 -0.9963 -0.0000
vn 0.0968 -0.9953 -0.0007
vn 0.0055 -1.0000 -0.0000
vn 0.1104 -0.9939 -0.0000
vn -0.0741 -0.9973 -0.0004
vn -0.0580 -0.9983 -0.0007
vn -0.0181 -0.9998 -0.0005
vn -0.1005 -0.9949 -0.0008
vn -0.1320 -0.9913 0.0002
vn -0.1636 -0.9865 -0.0001
vn -0.1784 -0.9840 0.0004
vn -0.2190 -0.9757 -0.0000
vn -0.2315 -0.9728 0.0005
vn -0.2665 -0.9638 -0.0000
vn -0.2829 -0.9592 0.0005
vn -0.3236 -0.9462 -0.0005
vn -0.3321 -0.9433 -0.0000
vn -0.9457 -0.3252 -0.0000
vn -0.9329 -0.3602 0.0013
vn -0.9363 -0.3512 -0.0000
vn -0.8398 -0.5430 -0.0000
vn -0.7211 -0.6929 -0.0000
vn -0.5767 -0.8170 -0.0000
vn -0.4126 -0.9109 -0.0000
vn -0.2645 -0.9644 -0.0000
vn -0.1121 -0.9937 -0.0000
vn 0.0771 -0.9970 -0.0000
vn 0.0762 -0.9971 -0.0001
vn 0.0790 -0.9969 -0.0000
vn -0.8681 -0.4964 -0.0009
vn -0.8398 -0.5430 0.0010
vn -0.7598 -0.6502 -0.0010
vn -0.7211 -0.6929 0.0011
vn -0.6246 -0.7809 -0.0010
vn -0.5767 -0.8170 0.0011
vn -0.4672 -0.8841 -0.0010
vn -0.4126 -0.9109 0.0011
vn -0.2933 -0.9560 -0.0011
vn -0.2645 -0.9644 -0.0001
vn -0.1121 -0.9937 0.0001
vn -0.1091 -0.9940 -0.0000
vn 0.0790 -0.9969 0.0001
vn -0.1089 -0.9941 -0.0000
vn -0.1121 -0.9937 -0.0001
vn -0.2645 -0.9644 0.0001
vn -0.2933 -0.9560 0.0011
vn -0.4126 -0.9109 -0.0011
vn -0.4670 -0.8842 0.0010
vn -0.5767 -0.8170 -0.0011
vn -0.6243 -0.7812 0.0010
vn -0.7211 -0.6929 -0.0011
vn -0.7596 -0.6504 0.0010
vn -0.8398 -0.5430 -0.0010
vn -0.8680 -0.4965 0.0009
vn -0.9329 -0.3602 -0.0013
vn -0.9456 -0.3252 -0.0000
vn -0.1548 0.9879 -0.0000
vn -0.1443 0.9895 0.0007
vn -0.2340 0.9722 -0.0000
vn -0.1306 0.9914 -0.0000
vn -0.3106 0.9505 0.0004
vn -0.2952 0.9554 0.0007
vn -0.2567 0.9665 0.0005
vn -0.3357 0.9420 0.0008
vn -0.3654 0.9309 -0.0002
vn -0.3950 0.9187 0.0001
vn -0.4086 0.9127 -0.0004
vn -0.4461 0.8950 -0.0000
vn -0.4575 0.8892 -0.0005
vn -0.4895 0.8720 -0.0000
vn -0.5042 0.8636 -0.0005
vn -0.5407 0.8412 0.0005
vn -0.5482 0.8364 -0.0000
vn -0.9960 0.0894 -0.0000
vn -0.9920 0.1265 -0.0013
vn -0.9931 0.1169 -0.0000
vn -0.9453 0.3261 -0.0000
vn -0.8659 0.5003 -0.0000
vn -0.7555 0.6552 -0.0000
vn -0.6185 0.7858 -0.0000
vn -0.4877 0.8730 -0.0000
vn -0.3466 0.9380 -0.0000
vn -0.1637 0.9865 -0.0000
vn -0.1647 0.9864 0.0001
vn -0.1618 0.9868 -0.0000
vn -0.9616 0.2743 0.0009
vn -0.9453 0.3261 -0.0010
vn -0.8933 0.4494 0.0010
vn -0.8659 0.5003 -0.0011
vn -0.7932 0.6089 0.0010
vn -0.7555 0.6551 -0.0011
vn -0.6653 0.7465 0.0010
vn -0.6185 0.7858 -0.0011
vn -0.5136 0.8580 0.0011
vn -0.3466 0.9380 -0.0001
vn -0.3438 0.9391 -0.0000
vn -0.1619 0.9868 -0.0001
vn -0.3437 0.9391 -0.0000
vn -0.3466 0.9380 0.0001
vn -0.4877 0.8730 -0.0001
vn -0.5135 0.8581 -0.0011
vn -0.6185 0.7858 0.0011
vn -0.6651 0.7468 -0.0010
vn -0.7555 0.6551 0.0011
vn -0.7931 0.6090 -0.0010
vn -0.8659 0.5003 0.0011
vn -0.8932 0.4497 -0.0010
vn -0.9453 0.3261 0.0010
vn -0.9616 0.2745 -0.0009
vn -0.9920 0.1265 0.0013
vn -1.0000 0.0031 -0.0000
vn -1.0000 -0.0000 -0.0000
vn -1.0000 0.0016 -0.0000
vn -1.0000 -0.0008 -0.0000
vn -1.0000 0.0031 0.0001
vn -1.0000 -0.0031 -0.0000
vn -0.9946 0.1034 -0.0000
vn -0.9927 0.1205 -0.0000
vn -0.9905 0.1376 -0.0000
vn -0.1548 -0.9879 -0.0000
vn -0.1443 -0.9895 -0.0007
vn -0.2340 -0.9722 -0.0000
vn -0.1306 -0.9914 -0.0000
vn -0.3106 -0.9505 -0.0004
vn -0.2952 -0.9554 -0.0007
vn -0.2567 -0.9665 -0.0005
vn -0.3357 -0.9420 -0.0008
vn -0.3654 -0.9309 0.0002
vn -0.3950 -0.9187 -0.0001
vn -0.4086 -0.9127 0.0004
vn -0.4461 -0.8950 -0.0000
vn -0.4575 -0.8892 0.0005
vn -0.4895 -0.8720 -0.0000
vn -0.5042 -0.8636 0.0005
vn -0.5407 -0.8412 -0.0005
vn -0.5482 -0.8364 -0.0000
vn -0.9960 -0.0894 -0.0000
vn -0.9920 -0.1265 0.0013
vn -0.9931 -0.1169 -0.0000
vn -0.9453 -0.3261 -0.0000
vn -0.8659 -0.5003 -0.0000
vn -0.7555 -0.6552 -0.0000
vn -0.6185 -0.7858 -0.0000
vn -0.4877 -0.8730 -0.0000
vn -0.3466 -0.9380 -0.0000
vn -0.1637 -0.9865 -0.0000
vn -0.1647 -0.9864 -0.0001
vn -0.1618 -0.9868 -0.0000
vn -0.9616 -0.2743 -0.0009
vn -0.9453 -0.3261 0.0010
vn -0.8933 -0.4494 -0.0010
vn -0.8659 -0.5003 0.0011
vn -0.7932 -0.6089 -0.0010
vn -0.7555 -0.6552 0.0011
vn -0.6653 -0.7465 -0.0010
vn -0.6185 -0.7858 0.0011
vn -0.5136 -0.8580 -0.0011
vn -0.3466 -0.9380 0.0001
vn -0.3438 -0.9391 -0.0000
vn -0.1619 -0.9868 0.0001
vn -0.3437 -0.9391 -0.0000
vn -0.3466 -0.9380 -0.0001
vn -0.4877 -0.8730 0.0001
vn -0.5135 -0.8581 0.0011
vn -0.6185 -0.7858 -0.0011
vn -0.6651 -0.7468 0.0010
vn -0.7555 -0.6551 -0.0011
vn -0.7931 -0.6090 0.0010
vn -0.8659 -0.5003 -0.0011
vn -0.8932 -0.4497 0.0010
vn -0.9453 -0.3261 -0.0010
vn -0.9616 -0.2745 0.0009
vn -0.9920 -0.1265 -0.0013
vn 0.0862 0.9963 -0.0000
vn 0.0968 0.9953 0.0007
vn 0.0055 1.0000 -0.0000
vn 0.1104 0.9939 -0.0000
vn -0.0741 0.9973 0.0004
vn -0.0580 0.9983 0.0007
vn -0.0181 0.9998 0.0005
vn -0.1005 0.9949 0.0008
vn -0.1320 0.9913 -0.0002
vn -0.1636 0.9865 0.0001
vn -0.1784 0.9840 -0.0004
vn -0.2190 0.9757 -0.0000
vn -0.2315 0.9728 -0.0005
vn -0.2665 0.9638 -0.0000
vn -0.2829 0.9592 -0.0005
vn -0.3236 0.9462 0.0005
vn -0.3321 0.9433 -0.0000
vn -0.9457 0.3252 -0.0000
vn -0.9329 0.3602 -0.0013
vn -0.9363 0.3512 -0.0000
vn -0.8398 0.5430 -0.0000
vn -0.7211 0.6929 -0.0000
vn -0.5767 0.8170 -0.0000
vn -0.4126 0.9109 -0.0000
vn -0.2645 0.9644 -0.0000
vn -0.1121 0.9937 -0.0000
vn 0.0771 0.9970 -0.0000
vn 0.0762 0.9971 0.0001
vn 0.0790 0.9969 -0.0000
vn -0.8681 0.4964 0.0009
vn -0.8398 0.5430 -0.0010
vn -0.7598 0.6502 0.0010
vn -0.7211 0.6929 -0.0011
vn -0.6246 0.7809 0.0010
vn -0.5767 0.8170 -0.0011
vn -0.4672 0.8841 0.0010
vn -0.4126 0.9109 -0.0011
vn -0.2933 0.9560 0.0011
vn -0.2645 0.9644 0.0001
vn -0.1121 0.9937 -0.0001
vn -0.1091 0.9940 -0.0000
vn 0.0790 0.9969 -0.0001
vn -0.1089 0.9941 -0.0000
vn -0.1121 0.9937 0.0001
vn -0.2645 0.9644 -0.0001
vn -0.2933 0.9560 -0.0011
vn -0.4126 0.9109 0.0011
vn -0.4670 0.8842 -0.0010
vn -0.5767 0.8170 0.0011
vn -0.6243 0.7812 -0.0010
vn -0.7211 0.6929 0.0011
vn -0.7596 0.6504 -0.0010
vn -0.8398 0.5430 0.0010
vn -0.8680 0.4965 -0.0009
vn -0.9329 0.3602 0.0013
vn -0.9456 0.3252 -0.0000
vn -0.9702 0.2423 -0.0000
vn -0.9709 0.2394 -0.0000
vn -0.9706 0.2409 -0.0000
vn -0.9711 0.2385 -0.0000
vn -0.9702 0.2423 0.0001
vn -0.9717 0.2361 -0.0000
vn -0.9410 0.3385 -0.0000
vn -0.9350 0.3546 -0.0000
vn -0.9288 0.3707 -0.0000
vn -0.3867 -0.9222 -0.0000
vn -0.3768 -0.9263 -0.0007
vn -0.4598 -0.8880 -0.0000
vn -0.3641 -0.9314 -0.0000
vn -0.5291 -0.8486 -0.0004
vn -0.5154 -0.8570 -0.0007
vn -0.4806 -0.8770 -0.0005
vn -0.5514 -0.8343 -0.0008
vn -0.5775 -0.8164 0.0002
vn -0.6033 -0.7975 -0.0001
vn -0.6152 -0.7884 0.0004
vn -0.6473 -0.7622 -0.0000
vn -0.6570 -0.7539 0.0005
vn -0.6839 -0.7296 -0.0000
vn -0.6962 -0.7179 0.0005
vn -0.7263 -0.6874 -0.0005
vn -0.7324 -0.6809 -0.0000
vn -0.9884 0.1516 -0.0000
vn -0.9934 0.1146 0.0013
vn -0.9923 0.1242 -0.0000
vn -0.9959 -0.0904 -0.0000
vn -0.9605 -0.2784 -0.0000
vn -0.8903 -0.4554 -0.0000
vn -0.7886 -0.6149 -0.0000
vn -0.6826 -0.7308 -0.0000
vn -0.5610 -0.8278 -0.0000
vn -0.3951 -0.9187 -0.0000
vn -0.3959 -0.9183 -0.0001
vn -0.3933 -0.9194 -0.0000
vn -0.9993 -0.0362 -0.0009
vn -0.9959 -0.0904 0.0010
vn -0.9749 -0.2227 -0.0010
vn -0.9605 -0.2784 0.0011
vn -0.9160 -0.4012 -0.0010
vn -0.8903 -0.4554 0.0011
vn -0.8246 -0.5657 -0.0010
vn -0.7886 -0.6149 0.0011
vn -0.7040 -0.7102 -0.0011
vn -0.6826 -0.7308 -0.0001
vn -0.5610 -0.8278 0.0001
vn -0.5586 -0.8294 -0.0000
vn -0.3934 -0.9194 0.0001
vn -0.5584 -0.8295 -0.0000
vn -0.5610 -0.8278 -0.0001
vn -0.6825 -0.7308 0.0001
vn -0.7039 -0.7103 0.0011
vn -0.7886 -0.6149 -0.0011
vn -0.8244 -0.5659 0.0010
vn -0.8903 -0.4554 -0.0011
vn -0.9159 -0.4015 0.0010
vn -0.9605 -0.2784 -0.0011
vn -0.9748 -0.2229 0.0010
vn -0.9959 -0.0904 -0.0010
vn -0.9993 -0.0363 0.0009
vn -0.9934 0.1146 -0.0013
vn 0.3221 0.9467 -0.0000
vn 0.3321 0.9432 0.0007
vn 0.2446 0.9696 -0.0000
vn 0.3450 0.9386 -0.0000
vn 0.1667 0.9860 0.0004
vn 0.1825 0.9832 0.0007
vn 0.2218 0.9751 0.0005
vn 0.1405 0.9901 0.0008
vn 0.1091 0.9940 -0.0002
vn 0.0772 0.9970 0.0001
vn 0.0623 0.9981 -0.0004
vn 0.0210 0.9998 -0.0000
vn 0.0081 1.0000 -0.0005
vn -0.0282 0.9996 -0.0000
vn -0.0451 0.9990 -0.0005
vn -0.0878 0.9961 0.0005
vn -0.0967 0.9953 -0.0000
vn -0.8404 0.5420 -0.0000
vn -0.8196 0.5729 -0.0013
vn -0.8251 0.5650 -0.0000
vn -0.6855 0.7281 -0.0000
vn -0.5343 0.8453 -0.0000
vn -0.5342 0.8453 -0.0000
vn -0.3644 0.9312 -0.0000
vn -0.1825 0.9832 -0.0000
vn -0.0262 0.9997 -0.0000
vn 0.1291 0.9916 -0.0000
vn 0.3136 0.9496 -0.0000
vn 0.3127 0.9499 0.0001
vn 0.3154 0.9490 -0.0000
vn -0.7240 0.6898 0.0009
vn -0.6855 0.7281 -0.0010
vn -0.5821 0.8131 0.0010
vn -0.5342 0.8453 -0.0011
vn -0.4195 0.9078 0.0010
vn -0.3644 0.9312 -0.0011
vn -0.2422 0.9702 0.0010
vn -0.1825 0.9832 -0.0011
vn -0.0560 0.9984 0.0011
vn -0.0262 0.9997 0.0001
vn 0.1291 0.9916 -0.0001
vn 0.1320 0.9913 -0.0000
vn 0.3153 0.9490 -0.0001
vn 0.1321 0.9912 -0.0000
vn 0.1291 0.9916 0.0001
vn -0.0262 0.9997 -0.0001
vn -0.0558 0.9984 -0.0011
vn -0.1825 0.9832 0.0011
vn -0.2419 0.9703 -0.0010
vn -0.3644 0.9312 0.0011
vn -0.4192 0.9079 -0.0010
vn -0.5343 0.8453 0.0011
vn -0.5819 0.8132 -0.0010
vn -0.6855 0.7281 0.0010
vn -0.7239 0.6899 -0.0009
vn -0.8196 0.5729 0.0013
vn -0.8404 0.5419 -0.0000
vn -0.8840 0.4675 -0.0000
vn -0.8854 0.4649 -0.0000
vn -0.8847 0.4662 -0.0000
vn -0.8858 0.4640 -0.0000
vn -0.8840 0.4675 0.0001
vn -0.8869 0.4619 -0.0000
vn -0.8326 0.5538 -0.0000
vn -0.8230 0.5681 -0.0000
vn -0.8131 0.5822 -0.0000
vn -0.5962 -0.8029 -0.0000
vn -0.5876 -0.8091 -0.0007
vn -0.6590 -0.7521 -0.0000
vn -0.5764 -0.8172 -0.0000
vn -0.7167 -0.6974 -0.0004
vn -0.7055 -0.7087 -0.0007
vn -0.6764 -0.7365 -0.0005
vn -0.7350 -0.6781 -0.0008
vn -0.7561 -0.6545 0.0002
vn -0.7767 -0.6299 -0.0001
vn -0.7860 -0.6182 0.0004
vn -0.8109 -0.5852 -0.0000
vn -0.8184 -0.5747 0.0005
vn -0.8386 -0.5447 -0.0000
vn -0.8478 -0.5304 0.0005
vn -0.8697 -0.4936 -0.0005
vn -0.8741 -0.4858 -0.0000
vn -0.9235 0.3837 -0.0000
vn -0.9371 0.3490 0.0013
vn -0.9337 0.3581 -0.0000
vn -0.9886 0.1506 -0.0000
vn -0.9992 -0.0405 -0.0000
vn -0.9734 -0.2291 -0.0000
vn -0.9128 -0.4084 -0.0000
vn -0.8375 -0.5464 -0.0000
vn -0.7429 -0.6694 -0.0000
vn -0.6033 -0.7975 -0.0000
vn -0.6040 -0.7970 -0.0001
vn -0.6019 -0.7986 -0.0000
vn -0.9790 0.2041 -0.0009
vn -0.9886 0.1506 0.0010
vn -0.9999 0.0171 -0.0010
vn -0.9992 -0.0405 0.0011
vn -0.9854 -0.1704 -0.0010
vn -0.9734 -0.2291 0.0011
vn -0.9360 -0.3519 -0.0010
vn -0.9128 -0.4084 0.0011
vn -0.8535 -0.5210 -0.0011
vn -0.7429 -0.6694 0.0001
vn -0.7408 -0.6718 -0.0000
vn -0.6019 -0.7986 0.0001
vn -0.7407 -0.6718 -0.0000
vn -0.7429 -0.6694 -0.0001
vn -0.8375 -0.5464 0.0001
vn -0.8534 -0.5213 0.0011
vn -0.9128 -0.4084 -0.0011
vn -0.9359 -0.3522 0.0010
vn -0.9734 -0.2291 -0.0011
vn -0.9853 -0.1707 0.0010
vn -0.9992 -0.0405 -0.0011
vn -0.9999 0.0169 0.0010
vn -0.9886 0.1506 -0.0010
vn -0.9790 0.2039 0.0009
vn -0.9371 0.3490 -0.0013
vn -0.9234 0.3838 -0.0000
vn 0.5393 0.8421 -0.0000
vn 0.5482 0.8364 0.0007
vn 0.4695 0.8829 -0.0000
vn 0.5596 0.8287 -0.0000
vn 0.3979 0.9174 0.0004
vn 0.4126 0.9109 0.0007
vn 0.4487 0.8937 0.0005
vn 0.3733 0.9277 0.0008
vn 0.3438 0.9391 -0.0002
vn 0.3136 0.9496 0.0001
vn 0.2994 0.9541 -0.0004
vn 0.2596 0.9657 -0.0000
vn 0.2471 0.9690 -0.0005
vn 0.2119 0.9773 -0.0000
vn 0.1953 0.9807 -0.0005
vn 0.1532 0.9882 0.0005
vn 0.1443 0.9895 -0.0000
vn -0.6862 0.7274 -0.0000
vn -0.6586 0.7525 -0.0013
vn -0.6659 0.7461 -0.0000
vn -0.4913 0.8710 -0.0000
vn -0.3164 0.9486 -0.0000
vn -0.1310 0.9914 -0.0000
vn 0.0581 0.9983 -0.0000
vn 0.0580 0.9983 -0.0000
vn 0.2138 0.9769 -0.0000
vn 0.3627 0.9319 -0.0000
vn 0.5317 0.8470 -0.0000
vn 0.5309 0.8475 0.0001
vn 0.5333 0.8459 -0.0000
vn -0.5380 0.8429 0.0009
vn -0.4913 0.8710 -0.0010
vn -0.3705 0.9288 0.0010
vn -0.3164 0.9486 -0.0011
vn -0.1901 0.9818 0.0010
vn -0.1310 0.9914 -0.0011
vn -0.0029 1.0000 0.0010
vn 0.0581 0.9983 -0.0011
vn 0.1845 0.9828 0.0011
vn 0.2138 0.9769 0.0001
vn 0.3627 0.9319 -0.0001
vn 0.3653 0.9309 -0.0000
vn 0.5333 0.8459 -0.0001
vn 0.3655 0.9308 -0.0000
vn 0.3627 0.9319 0.0001
vn 0.2138 0.9769 -0.0001
vn 0.1847 0.9828 -0.0011
vn 0.0581 0.9983 0.0011
vn -0.0026 1.0000 -0.0010
vn -0.1310 0.9914 0.0011
vn -0.1898 0.9818 -0.0010
vn -0.3164 0.9486 0.0011
vn -0.3704 0.9289 -0.0010
vn -0.4913 0.8710 0.0010
vn -0.5379 0.8430 -0.0009
vn -0.6586 0.7524 0.0013
vn -0.7464 0.6655 -0.0000
vn -0.7486 0.6630 -0.0000
vn -0.7475 0.6642 -0.0000
vn -0.7490 0.6625 -0.0000
vn -0.7464 0.6655 0.0001
vn -0.7505 0.6608 -0.0000
vn -0.6759 0.7370 -0.0000
vn -0.6631 0.7485 -0.0000
vn -0.6501 0.7598 -0.0000
vn -0.7710 -0.6369 -0.0000
vn -0.7642 -0.6450 -0.0007
vn -0.8198 -0.5726 -0.0000
vn -0.7553 -0.6554 -0.0000
vn -0.8628 -0.5056 -0.0004
vn -0.8546 -0.5193 -0.0007
vn -0.8331 -0.5532 -0.0005
vn -0.8759 -0.4825 -0.0008
vn -0.8908 -0.4545 0.0002
vn -0.9048 -0.4257 -0.0001
vn -0.9111 -0.4122 0.0004
vn -0.9274 -0.3741 -0.0000
vn -0.9321 -0.3621 0.0005
vn -0.9446 -0.3282 -0.0000
vn -0.9500 -0.3121 0.0005
vn -0.9625 -0.2712 -0.0005
vn -0.9649 -0.2625 -0.0000
vn -0.8048 0.5936 -0.0000
vn -0.8264 0.5631 0.0013
vn -0.8209 0.5711 -0.0000
vn -0.9239 0.3827 -0.0000
vn -0.9798 0.1998 -0.0000
vn -0.9999 0.0105 -0.0000
vn -0.9840 -0.1780 -0.0000
vn -0.9440 -0.3300 -0.0000
vn -0.8815 -0.4722 -0.0000
vn -0.7766 -0.6299 -0.0000
vn -0.7772 -0.6292 -0.0001
vn -0.7754 -0.6314 -0.0000
vn -0.9017 0.4324 -0.0009
vn -0.9239 0.3827 0.0010
vn -0.9667 0.2559 -0.0010
vn -0.9798 0.1998 0.0011
vn -0.9975 0.0704 -0.0010
vn -0.9999 0.0105 0.0011
vn -0.9931 -0.1176 -0.0010
vn -0.9840 -0.1780 0.0011
vn -0.9534 -0.3017 -0.0011
vn -0.9440 -0.3300 -0.0001
vn -0.8815 -0.4722 0.0001
vn -0.8800 -0.4749 -0.0000
vn -0.7755 -0.6314 0.0001
vn -0.8800 -0.4750 -0.0000
vn -0.8815 -0.4722 -0.0001
vn -0.9440 -0.3300 0.0001
vn -0.9534 -0.3018 0.0011
vn -0.9840 -0.1780 -0.0011
vn -0.9930 -0.1180 0.0010
vn -0.9999 0.0105 -0.0011
vn -0.9975 0.0701 0.0010
vn -0.9798 0.1998 -0.0011
vn -0.9668 0.2557 0.0010
vn -0.9239 0.3827 -0.0010
vn -0.9017 0.4323 0.0009
vn -0.8264 0.5632 -0.0013
vn -0.8048 0.5935 -0.0000
vn 0.7251 0.6886 -0.0000
vn 0.7324 0.6809 0.0007
vn 0.6672 0.7448 -0.0000
vn 0.7417 0.6708 -0.0000
vn 0.6058 0.7956 0.0004
vn 0.6185 0.7858 0.0007
vn 0.6496 0.7603 0.0005
vn 0.5845 0.8114 0.0008
vn 0.5586 0.8295 -0.0002
vn 0.5317 0.8469 0.0001
vn 0.5190 0.8548 -0.0004
vn 0.4831 0.8755 -0.0000
vn 0.4719 0.8817 -0.0005
vn 0.4396 0.8982 -0.0000
vn 0.4243 0.9055 -0.0005
vn 0.3852 0.9228 0.0005
vn 0.3769 0.9263 -0.0000
vn -0.4923 0.8705 -0.0000
vn -0.4594 0.8882 -0.0013
vn -0.4680 0.8837 -0.0000
vn -0.2686 0.9633 -0.0000
vn -0.0804 0.9968 -0.0000
vn 0.1101 0.9939 -0.0000
vn 0.2954 0.9554 -0.0000
vn 0.4413 0.8974 -0.0000
vn 0.5751 0.8181 -0.0000
vn 0.7189 0.6951 -0.0000
vn 0.7183 0.6958 0.0001
vn 0.7202 0.6938 -0.0000
vn -0.3205 0.9472 0.0009
vn -0.2686 0.9633 -0.0010
vn -0.1376 0.9905 0.0010
vn -0.0804 0.9968 -0.0011
vn 0.0503 0.9987 0.0010
vn 0.1101 0.9939 -0.0011
vn 0.2365 0.9716 0.0010
vn 0.2954 0.9554 -0.0011
vn 0.4143 0.9101 0.0011
vn 0.4413 0.8974 0.0001
vn 0.5751 0.8181 -0.0001
vn 0.5776 0.8163 -0.0000
vn 0.7202 0.6938 -0.0001
vn 0.5751 0.8181 0.0001
vn 0.4413 0.8974 -0.0001
vn 0.4146 0.9100 -0.0011
vn 0.2954 0.9554 0.0011
vn 0.2368 0.9715 -0.0010
vn 0.1101 0.9939 0.0011
vn 0.0506 0.9987 -0.0010
vn -0.0804 0.9968 0.0011
vn -0.1373 0.9905 -0.0010
vn -0.2686 0.9633 0.0010
vn -0.3204 0.9473 -0.0009
vn -0.4594 0.8882 0.0013
vn -0.4923 0.8704 -0.0000
vn -0.5655 0.8248 -0.0000
vn -0.5683 0.8228 -0.0000
vn -0.5669 0.8238 -0.0000
vn -0.5687 0.8226 -0.0000
vn -0.5655 0.8248 0.0001
vn -0.5705 0.8213 -0.0000
vn -0.4799 0.8773 -0.0000
vn -0.4647 0.8854 -0.0000
vn -0.4494 0.8933 -0.0000
vn -0.9010 -0.4338 -0.0000
vn -0.8963 -0.4434 -0.0007
vn -0.9331 -0.3597 -0.0000
vn -0.8902 -0.4557 -0.0000
vn -0.9587 -0.2843 -0.0004
vn -0.9540 -0.2997 -0.0007
vn -0.9412 -0.3378 -0.0005
vn -0.9659 -0.2588 -0.0008
vn -0.9736 -0.2281 0.0002
vn -0.9804 -0.1968 -0.0001
vn -0.9833 -0.1822 0.0004
vn -0.9900 -0.1413 -0.0000
vn -0.9917 -0.1286 0.0005
vn -0.9957 -0.0926 -0.0000
vn -0.9971 -0.0757 0.0005
vn -0.9995 -0.0329 -0.0005
vn -0.9997 -0.0240 -0.0000
vn -0.6393 0.7690 -0.0000
vn -0.6677 0.7445 0.0013
vn -0.6604 0.7509 -0.0000
vn -0.8054 0.5927 -0.0000
vn -0.9035 0.4285 -0.0000
vn -0.9684 0.2495 -0.0000
vn -0.9980 0.0627 -0.0000
vn -0.9955 -0.0946 -0.0000
vn -0.9689 -0.2476 -0.0000
vn -0.9049 -0.4257 -0.0000
vn -0.9053 -0.4248 -0.0001
vn -0.9040 -0.4274 -0.0000
vn -0.7720 0.6356 -0.0009
vn -0.8054 0.5927 0.0010
vn -0.8774 0.4798 -0.0010
vn -0.9035 0.4285 0.0011
vn -0.9517 0.3070 -0.0010
vn -0.9684 0.2495 0.0011
vn -0.9924 0.1234 -0.0010
vn -0.9980 0.0627 0.0011
vn -0.9979 -0.0647 -0.0011
vn -0.9689 -0.2476 0.0001
vn -0.9681 -0.2505 -0.0000
vn -0.9041 -0.4274 0.0001
vn -0.9681 -0.2506 -0.0000
vn -0.9689 -0.2476 -0.0001
vn -0.9955 -0.0946 0.0001
vn -0.9979 -0.0649 0.0011
vn -0.9980 0.0627 -0.0011
vn -0.9924 0.1231 0.0010
vn -0.9684 0.2495 -0.0011
vn -0.9518 0.3068 0.0010
vn -0.9035 0.4285 -0.0011
vn -0.8775 0.4796 0.0010
vn -0.8054 0.5927 -0.0010
vn -0.7720 0.6356 0.0009
vn -0.6676 0.7445 -0.0013
vn -0.6394 0.7689 -0.0000
vn 0.8689 0.4951 -0.0000
vn 0.8741 0.4858 0.0007
vn 0.8261 0.5635 -0.0000
vn 0.8807 0.4737 -0.0000
vn 0.7786 0.6275 0.0004
vn 0.7887 0.6148 0.0007
vn 0.8126 0.5828 0.0005
vn 0.7617 0.6479 0.0008
vn 0.7408 0.6717 -0.0002
vn 0.7189 0.6951 0.0001
vn 0.7085 0.7057 -0.0004
vn 0.6786 0.7345 -0.0000
vn 0.6692 0.7431 -0.0005
vn 0.6418 0.7669 -0.0000
vn 0.6287 0.7777 -0.0005
vn 0.5949 0.8038 0.0005
vn 0.5876 0.8091 -0.0000
vn -0.2695 0.9630 -0.0000
vn -0.2334 0.9724 -0.0013
vn -0.2428 0.9701 -0.0000
vn -0.0303 0.9995 -0.0000
vn 0.1607 0.9870 -0.0000
vn 0.3447 0.9387 -0.0000
vn 0.5154 0.8570 -0.0000
vn 0.6433 0.7656 -0.0000
vn 0.7541 0.6567 -0.0000
vn 0.8644 0.5029 -0.0000
vn 0.8639 0.5036 0.0001
vn 0.8653 0.5012 -0.0000
vn -0.0847 0.9964 0.0009
vn -0.0303 0.9995 -0.0010
vn 0.1036 0.9946 0.0010
vn 0.1607 0.9870 -0.0011
vn 0.2878 0.9577 0.0010
vn 0.3447 0.9387 -0.0011
vn 0.4622 0.8868 0.0010
vn 0.5154 0.8570 -0.0011
vn 0.6201 0.7845 0.0011
vn 0.7541 0.6567 -0.0001
vn 0.7561 0.6544 -0.0000
vn 0.8653 0.5012 -0.0001
vn 0.7562 0.6543 -0.0000
vn 0.7541 0.6567 0.0001
vn 0.6433 0.7656 -0.0001
vn 0.6203 0.7844 -0.0011
vn 0.5154 0.8570 0.0011
vn 0.4625 0.8866 -0.0010
vn 0.3447 0.9387 0.0011
vn 0.2881 0.9576 -0.0010
vn 0.1607 0.9870 0.0011
vn 0.1036 0.9946 -0.0010
vn -0.0303 0.9995 0.0010
vn -0.0843 0.9964 -0.0009
vn -0.2334 0.9724 0.0013
vn -0.2696 0.9630 -0.0000
vn -0.3513 0.9362 -0.0000
vn -0.3549 0.9349 -0.0001
vn -0.3531 0.9356 -0.0000
vn -0.3553 0.9347 -0.0000
vn -0.3513 0.9362 0.0001
vn -0.3549 0.9349 -0.0000
vn -0.3575 0.9339 -0.0000
vn -0.0000 -0.0000 1.0000
vn -0.2560 0.9667 -0.0000
vn -0.2393 0.9709 -0.0000
vn -0.2226 0.9749 -0.0000
vn -0.9786 -0.2056 -0.0000
vn -0.9764 -0.2160 -0.0007
vn -0.9920 -0.1260 -0.0000
vn -0.9733 -0.2294 -0.0000
vn -0.9989 -0.0467 -0.0004
vn -0.9980 -0.0627 -0.0007
vn -0.9947 -0.1027 -0.0005
vn -0.9998 -0.0201 -0.0008
vn -0.9999 0.0115 0.0002
vn -0.9991 0.0435 -0.0001
vn -0.9983 0.0584 0.0004
vn -0.9950 0.0997 -0.0000
vn -0.9937 0.1125 0.0005
vn -0.9889 0.1484 -0.0000
vn -0.9863 0.1652 0.0005
vn -0.9783 0.2072 -0.0005
vn -0.9764 0.2160 -0.0000
vn -0.4368 0.8996 -0.0000
vn -0.4701 0.8826 0.0013
vn -0.4615 0.8871 -0.0000
vn -0.6401 0.7683 -0.0000
vn -0.7748 0.6322 -0.0000
vn -0.8805 0.4740 -0.0000
vn -0.9540 0.2997 -0.0000
vn -0.9892 0.1465 -0.0000
vn -1.0000 -0.0085 -0.0000
vn -0.9805 -0.1967 -0.0000
vn -0.9806 -0.1958 -0.0001
vn -0.9801 -0.1986 -0.0000
vn -0.5975 0.8019 -0.0009
vn -0.6401 0.7683 0.0010
vn -0.7370 0.6759 -0.0010
vn -0.7748 0.6322 0.0011
vn -0.8505 0.5259 -0.0010
vn -0.8805 0.4740 0.0011
vn -0.9340 0.3573 -0.0010
vn -0.9540 0.2997 0.0011
vn -0.9844 0.1760 -0.0011
vn -0.9892 0.1465 -0.0001
vn -1.0000 -0.0085 0.0001
vn -0.9999 -0.0115 -0.0000
vn -0.9801 -0.1986 0.0001
vn -0.9999 -0.0116 -0.0000
vn -1.0000 -0.0085 -0.0001
vn -0.9892 0.1465 0.0001
vn -0.9844 0.1758 0.0011
vn -0.9540 0.2997 -0.0011
vn -0.9341 0.3570 0.0010
vn -0.8805 0.4740 -0.0011
vn -0.8507 0.5257 0.0010
vn -0.7748 0.6322 -0.0011
vn -0.7372 0.6757 0.0010
vn -0.6401 0.7683 -0.0010
vn -0.5976 0.8018 0.0009
vn -0.4701 0.8826 -0.0013
vn 0.9621 0.2728 -0.0000
vn 0.9649 0.2625 0.0007
vn 0.9369 0.3495 -0.0000
vn 0.9684 0.2492 -0.0000
vn 0.9062 0.4229 0.0004
vn 0.9129 0.4083 0.0007
vn 0.9285 0.3713 0.0005
vn 0.8946 0.4468 0.0008
vn 0.8801 0.4749 -0.0002
vn 0.8644 0.5028 0.0001
vn 0.8568 0.5157 -0.0004
vn 0.8347 0.5507 -0.0000
vn 0.8275 0.5614 -0.0005
vn 0.8067 0.5910 -0.0000
vn 0.7965 0.6046 -0.0005
vn 0.7699 0.6381 0.0005
vn 0.7642 0.6450 -0.0000
vn -0.0315 0.9995 -0.0000
vn 0.0059 1.0000 -0.0013
vn -0.0038 1.0000 -0.0000
vn 0.2099 0.9777 -0.0000
vn 0.3922 0.9199 -0.0000
vn 0.5594 0.8289 -0.0000
vn 0.7055 0.7087 -0.0000
vn 0.8078 0.5894 -0.0000
vn 0.8078 0.5895 -0.0000
vn 0.8894 0.4571 -0.0000
vn 0.9596 0.2814 -0.0000
vn 0.9593 0.2823 0.0001
vn 0.9601 0.2795 -0.0000
vn 0.1564 0.9877 0.0009
vn 0.2099 0.9777 -0.0010
vn 0.3385 0.9410 0.0010
vn 0.3922 0.9199 -0.0011
vn 0.5088 0.8609 0.0010
vn 0.5594 0.8289 -0.0011
vn 0.6610 0.7504 0.0010
vn 0.7055 0.7087 -0.0011
vn 0.7898 0.6133 0.0011
vn 0.8078 0.5895 0.0001
vn 0.8894 0.4571 -0.0001
vn 0.8907 0.4545 -0.0000
vn 0.9601 0.2795 -0.0001
vn 0.8908 0.4544 -0.0000
vn 0.8894 0.4571 0.0001
vn 0.8078 0.5895 -0.0001
vn 0.7899 0.6132 -0.0011
vn 0.7055 0.7087 0.0011
vn 0.6612 0.7502 -0.0010
vn 0.5594 0.8289 0.0011
vn 0.5090 0.8607 -0.0010
vn 0.3922 0.9199 0.0011
vn 0.3388 0.9409 -0.0010
vn 0.2099 0.9777 0.0010
vn 0.1565 0.9877 -0.0009
vn 0.0059 1.0000 0.0013
vn 0.5614 0.8275 0.0005
vn 0.6421 0.7666 -0.0009
vn 0.6467 0.7627 -0.0013
vn 0.7156 0.6985 0.0005
vn 0.7758 0.6309 -0.0013
vn 0.7805 0.6252 -0.0009
vn 0.8378 0.5460 0.0004
vn 0.8786 0.4776 -0.0015
vn 0.8863 0.4631 -0.0007
vn 0.9265 0.3762 0.0004
vn 0.9514 0.3080 -0.0016
vn 0.9572 0.2893 -0.0006
vn 0.9799 0.1995 0.0004
vn 0.9918 0.1280 -0.0017
vn 0.9942 0.1071 -0.0006
vn 0.9999 0.0125 0.0005
vn 0.9984 -0.0564 -0.0018
vn 0.9966 -0.0822 -0.0004
vn 0.9835 -0.1809 0.0004
vn 0.9710 -0.2389 -0.0020
vn 0.9593 -0.2825 0.0001
vn 0.9106 -0.4133 -0.0019
vn 0.8821 -0.4711 0.0006
vn 0.8292 -0.5589 -0.0007
vn 0.8191 -0.5736 -0.0018
vn 0.7655 -0.6435 0.0007
vn 0.6998 -0.7143 -0.0015
vn 0.6953 -0.7187 -0.0011
vn 0.6195 -0.7850 0.0007
vn 0.5566 -0.8307 -0.0019
vn 0.5353 -0.8447 -0.0004
vn 0.4442 -0.8959 0.0003
vn 0.3943 -0.9190 -0.0020
vn 0.3531 -0.9356 0.0001
vn 0.2625 -0.9649 0.0001
vn 0.2187 -0.9758 -0.0019
vn 0.1704 -0.9854 0.0001
vn 0.0769 -0.9970 -0.0001
vn 0.0359 -0.9994 -0.0018
vn -0.0151 -0.9999 0.0002
vn -0.1079 -0.9942 -0.0000
vn -0.1483 -0.9889 -0.0017
vn -0.2019 -0.9794 0.0002
vn -0.2958 -0.9553 -0.0002
vn -0.3275 -0.9449 -0.0016
vn -0.3870 -0.9221 0.0003
vn -0.4760 -0.8794 -0.0005
vn -0.4956 -0.8686 -0.0015
vn -0.5615 -0.8275 0.0005
vn -0.6421 -0.7666 -0.0009
vn -0.6467 -0.7627 -0.0013
vn -0.7156 -0.6985 0.0005
vn -0.7758 -0.6309 -0.0013
vn -0.7806 -0.6250 -0.0009
vn -0.8379 -0.5458 0.0004
vn -0.8786 -0.4776 -0.0015
vn -0.8865 -0.4627 -0.0007
vn -0.9267 -0.3758 0.0004
vn -0.9514 -0.3080 -0.0016
vn -0.9574 -0.2887 -0.0006
vn -0.9800 -0.1988 0.0004
vn -0.9918 -0.1280 -0.0017
vn -0.9943 -0.1063 -0.0006
vn -0.9999 -0.0116 0.0005
vn -0.9984 0.0564 -0.0018
vn -0.9965 0.0832 -0.0003
vn -0.9833 0.1820 0.0004
vn -0.9710 0.2389 -0.0020
vn -0.9589 0.2837 0.0002
vn -0.9106 0.4133 -0.0019
vn -0.8815 0.4722 0.0006
vn -0.8285 0.5599 -0.0007
vn -0.8192 0.5736 -0.0018
vn -0.7646 0.6445 0.0007
vn -0.6998 0.7143 -0.0015
vn -0.6944 0.7196 -0.0010
vn -0.6185 0.7858 0.0007
vn -0.5566 0.8307 -0.0019
vn -0.5342 0.8453 -0.0004
vn -0.4433 0.8964 0.0003
vn -0.3945 0.9189 -0.0019
vn -0.3522 0.9359 0.0001
vn -0.2615 0.9652 0.0001
vn -0.2190 0.9757 -0.0019
vn -0.1696 0.9855 0.0001
vn -0.0359 0.9994 -0.0018
vn 0.0157 0.9999 0.0002
vn 0.1084 0.9941 -0.0001
vn 0.1483 0.9889 -0.0017
vn 0.2023 0.9793 0.0002
vn 0.2962 0.9551 -0.0002
vn 0.3275 0.9448 -0.0016
vn 0.3871 0.9220 0.0003
vn 0.4761 0.8794 -0.0005
vn 0.4955 0.8686 -0.0015
vn -0.0923 0.9957 -0.0014
vn -0.0359 0.9994 0.0014
vn 0.0923 0.9957 -0.0014
vn 0.1483 0.9889 0.0014
vn 0.2736 0.9618 -0.0014
vn 0.3275 0.9448 0.0014
vn 0.4457 0.8952 -0.0014
vn 0.4955 0.8686 0.0014
vn 0.6026 0.7980 -0.0014
vn 0.6467 0.7627 0.0014
vn 0.7390 0.6737 -0.0014
vn 0.7758 0.6309 0.0014
vn 0.8502 0.5265 -0.0014
vn 0.8786 0.4776 0.0014
vn 0.9325 0.3612 -0.0014
vn 0.9514 0.3080 0.0014
vn 0.9830 0.1838 -0.0014
vn 0.9918 0.1280 0.0014
vn 1.0000 -0.0000 -0.0014
vn 0.9984 -0.0564 0.0014
vn 0.9830 -0.1838 -0.0014
vn 0.9710 -0.2389 0.0014
vn 0.9325 -0.3612 -0.0014
vn 0.9106 -0.4133 0.0014
vn 0.8502 -0.5265 -0.0014
vn 0.8191 -0.5736 0.0014
vn 0.7390 -0.6737 -0.0014
vn 0.6998 -0.7143 0.0014
vn 0.6026 -0.7980 -0.0014
vn 0.5566 -0.8307 0.0014
vn 0.4457 -0.8952 -0.0014
vn 0.3943 -0.9190 0.0014
vn 0.2736 -0.9618 -0.0014
vn 0.2187 -0.9758 0.0014
vn 0.0923 -0.9957 -0.0014
vn 0.0359 -0.9994 0.0014
vn -0.0923 -0.9957 -0.0014
vn -0.1483 -0.9889 0.0014
vn -0.2736 -0.9618 -0.0014
vn -0.3275 -0.9449 0.0014
vn -0.4457 -0.8952 -0.0014
vn -0.4956 -0.8686 0.0014
vn -0.6026 -0.7980 -0.0014
vn -0.6467 -0.7627 0.0014
vn -0.7390 -0.6737 -0.0014
vn -0.7758 -0.6309 0.0014
vn -0.8502 -0.5265 -0.0014
vn -0.8786 -0.4776 0.0014
vn -0.9325 -0.3612 -0.0014
vn -0.9514 -0.3080 0.0014
vn -0.9830 -0.1838 -0.0014
vn -0.9918 -0.1280 0.0014
vn -1.0000 -0.0000 -0.0014
vn -0.9984 0.0564 0.0014
vn -0.9830 0.1838 -0.0014
vn -0.9710 0.2389 0.0014
vn -0.9325 0.3612 -0.0014
vn -0.9106 0.4133 0.0014
vn -0.8502 0.5265 -0.0014
vn -0.8192 0.5736 0.0014
vn -0.7390 0.6737 -0.0014
vn -0.6998 0.7143 0.0014
vn -0.6026 0.7980 -0.0014
vn -0.5566 0.8307 0.0014
vn -0.4457 0.8952 -0.0014
vn -0.3945 0.9189 0.0014
vn -0.2736 0.9618 -0.0014
vn -0.2190 0.9757 0.0014
s 0
f 1//1 2//1 3//1
f 3//1 2//1 4//1
f 3//2 4//2 5//2
f 5//2 4//2 6//2
f 5//3 6//3 7//3
f 7//3 6//3 8//3
f 7//4 8//4 9//4
f 9//4 8//4 10//4
f 9//5 10//5 11//5
f 11//5 10//5 12//5
f 11//6 12//6 13//6
f 13//6 12//6 14//6
f 13//7 14//7 15//7
f 15//7 14//7 16//7
f 15//8 16//8 17//8
f 17//8 16//8 18//8
f 17//9 18//9 19//9
f 19//9 18//9 20//9
f 19//10 20//10 21//10
f 21//10 20//10 22//10
f 21//11 22//11 23//11
f 23//11 22//11 24//11
f 23//12 24//12 25//12
f 25//12 24//12 26//12
f 25//13 26//13 27//13
f 27//13 26//13 28//13
f 27//14 28//14 29//14
f 29//14 28//14 30//14
f 29//15 30//15 31//15
f 31//15 30//15 32//15
f 31//16 32//16 33//16
f 33//16 32//16 34//16
f 33//17 34//17 35//17
f 35//17 34//17 36//17
f 35//18 36//18 37//18
f 37//18 36//18 38//18
f 37//19 38//19 39//19
f 39//19 38//19 40//19
f 39//20 40//20 41//20
f 41//20 40//20 42//20
f 41//21 42//21 43//21
f 43//21 42//21 44//21
f 43//22 44//22 45//22
f 45//22 44//22 46//22
f 45//23 46//23 47//23
f 47//23 46//23 48//23
f 47//24 48//24 49//24
f 49//24 48//24 50//24
f 49//25 50//25 51//25
f 51//25 50//25 52//25
f 51//26 52//26 53//26
f 53//26 52//26 54//26
f 53//27 54//27 55//27
f 55//27 54//27 56//27
f 55//28 56//28 57//28
f 57//28 56//28 58//28
f 57//29 58//29 59//29
f 59//29 58//29 60//29
f 59//30 60//30 61//30
f 61//30 60//30 62//30
f 61//31 62//31 63//31
f 63//31 62//31 64//31
f 63//32 64//32 65//32
f 65//32 64//32 66//32
f 65//33 66//33 67//33
f 67//33 66//33 68//33
f 67//34 68//34 1//34
f 1//34 68//34 2//34
f 69//2 6//2 70//2
f 70//2 6//2 4//2
f 70//1 4//1 71//1
f 71//1 4//1 2//1
f 71//34 2//34 72//34
f 72//34 2//34 68//34
f 72//33 68//33 73//33
f 73//33 68//33 66//33
f 73//32 66//32 74//32
f 74//32 66//32 64//32
f 74//31 64//31 75//31
f 75//31 64//31 62//31
f 75//30 62//30 76//30
f 76//30 62//30 60//30
f 76//29 60//29 77//29
f 77//29 60//29 58//29
f 77//28 58//28 78//28
f 78//28 58//28 56//28
f 78//27 56//27 79//27
f 79//27 56//27 54//27
f 79//26 54//26 80//26
f 80//26 54//26 52//26
f 80//25 52//25 81//25
f 81//25 52//25 50//25
f 81//24 50//24 82//24
f 82//24 50//24 48//24
f 82//23 48//23 83//23
f 83//23 48//23 46//23
f 83//22 46//22 84//22
f 84//22 46//22 44//22
f 84//21 44//21 85//21
f 85//21 44//21 42//21
f 85//20 42//20 86//20
f 86//20 42//20 40//20
f 86//19 40//19 87//19
f 87//19 40//19 38//19
f 87//18 38//18 88//18
f 88//18 38//18 36//18
f 88//17 36//17 89//17
f 89//17 36//17 34//17
f 89//16 34//16 90//16
f 90//16 34//16 32//16
f 90//15 32//15 91//15
f 91//15 32//15 30//15
f 91//14 30//14 92//14
f 92//14 30//14 28//14
f 92//13 28//13 93//13
f 93//13 28//13 26//13
f 93//12 26//12 94//12
f 94//12 26//12 24//12
f 94//11 24//11 95//11
f 95//11 24//11 22//11
f 95//10 22//10 96//10
f 96//10 22//10 20//10
f 96//9 20//9 97//9
f 97//9 20//9 18//9
f 97//8 18//8 98//8
f 98//8 18//8 16//8
f 98//7 16//7 99//7
f 99//7 16//7 14//7
f 99//6 14//6 100//6
f 100//6 14//6 12//6
f 100//5 12//5 101//5
f 101//5 12//5 10//5
f 101//4 10//4 102//4
f 102//4 10//4 8//4
f 102//3 8//3 69//3
f 69//3 8//3 6//3
f 71//35 86//35 70//35
f 70//35 86//35 87//35
f 70//35 87//35 69//35
f 69//35 87//35 88//35
f 69//35 88//35 102//35
f 102//35 88//35 89//35
f 102//35 89//35 101//35
f 101//35 89//35 90//35
f 101//35 90//35 100//35
f 100//35 90//35 91//35
f 100//35 91//35 99//35
f 99//35 91//35 92//35
f 99//35 92//35 98//35
f 98//35 92//35 93//35
f 98//35 93//35 97//35
f 97//35 93//35 94//35
f 97//35 94//35 96//35
f 96//35 94//35 95//35
f 86//35 71//35 85//35
f 85//35 71//35 72//35
f 85//35 72//35 84//35
f 84//35 72//35 73//35
f 84//35 73//35 83//35
f 83//35 73//35 74//35
f 83//35 74//35 82//35
f 82//35 74//35 75//35
f 82//35 75//35 81//35
f 81//35 75//35 76//35
f 81//35 76//35 80//35
f 80//35 76//35 77//35
f 80//35 77//35 79//35
f 79//35 77//35 78//35
f 103//1 104//1 105//1
f 105//1 104//1 106//1
f 105//2 106//2 107//2
f 107//2 106//2 108//2
f 107//3 108//3 109//3
f 109//3 108//3 110//3
f 109//4 110//4 111//4
f 111//4 110//4 112//4
f 111//5 112//5 113//5
f 113//5 112//5 114//5
f 113//6 114//6 115//6
f 115//6 114//6 116//6
f 115//7 116//7 117//7
f 117//7 116//7 118//7
f 117//8 118//8 119//8
f 119//8 118//8 120//8
f 119//9 120//9 121//9
f 121//9 120//9 122//9
f 121//10 122//10 123//10
f 123//10 122//10 124//10
f 123//11 124//11 125//11
f 125//11 124//11 126//11
f 125//12 126//12 127//12
f 127//12 126//12 128//12
f 127//13 128//13 129//13
f 129//13 128//13 130//13
f 129//14 130//14 131//14
f 131//14 130//14 132//14
f 131//15 132//15 133//15
f 133//15 132//15 134//15
f 133//16 134//16 135//16
f 135//16 134//16 136//16
f 135//17 136//17 137//17
f 137//17 136//17 138//17
f 137//18 138//18 139//18
f 139//18 138//18 140//18
f 139//19 140//19 141//19
f 141//19 140//19 142//19
f 141//20 142//20 143//20
f 143//20 142//20 144//20
f 143//21 144//21 145//21
f 145//21 144//21 146//21
f 145//22 146//22 147//22
f 147//22 146//22 148//22
f 147//23 148//23 149//23
f 149//23 148//23 150//23
f 149//24 150//24 151//24
f 151//24 150//24 152//24
f 151//25 152//25 153//25
f 153//25 152//25 154//25
f 153//26 154//26 155//26
f 155//26 154//26 156//26
f 155//27 156//27 157//27
f 157//27 156//27 158//27
f 157//28 158//28 159//28
f 159//28 158//28 160//28
f 159//29 160//29 161//29
f 161//29 160//29 162//29
f 161//30 162//30 163//30
f 163//30 162//30 164//30
f 163//31 164//31 165//31
f 165//31 164//31 166//31
f 165//32 166//32 167//32
f 167//32 166//32 168//32
f 167//33 168//33 169//33
f 169//33 168//33 170//33
f 169//34 170//34 103//34
f 103//34 170//34 104//34
f 171//2 108//2 172//2
f 172//2 108//2 106//2
f 172//1 106//1 173//1
f 173//1 106//1 104//1
f 173//34 104//34 174//34
f 174//34 104//34 170//34
f 174//33 170//33 175//33
f 175//33 170//33 168//33
f 175//32 168//32 176//32
f 176//32 168//32 166//32
f 176//31 166//31 177//31
f 177//31 166//31 164//31
f 177//30 164//30 178//30
f 178//30 164//30 162//30
f 178//29 162//29 179//29
f 179//29 162//29 160//29
f 179//28 160//28 180//28
f 180//28 160//28 158//28
f 180//27 158//27 181//27
f 181//27 158//27 156//27
f 181//26 156//26 182//26
f 182//26 156//26 154//26
f 182//25 154//25 183//25
f 183//25 154//25 152//25
f 183//24 152//24 184//24
f 184//24 152//24 150//24
f 184//23 150//23 185//23
f 185//23 150//23 148//23
f 185//22 148//22 186//22
f 186//22 148//22 146//22
f 186//21 146//21 187//21
f 187//21 146//21 144//21
f 187//20 144//20 188//20
f 188//20 144//20 142//20
f 188//19 142//19 189//19
f 189//19 142//19 140//19
f 189//18 140//18 190//18
f 190//18 140//18 138//18
f 190//17 138//17 191//17
f 191//17 138//17 136//17
f 191//16 136//16 192//16
f 192//16 136//16 134//16
f 192//15 134//15 193//15
f 193//15 134//15 132//15
f 193//14 132//14 194//14
f 194//14 132//14 130//14
f 194//13 130//13 195//13
f 195//13 130//13 128//13
f 195//12 128//12 196//12
f 196//12 128//12 126//12
f 196//11 126//11 197//11
f 197//11 126//11 124//11
f 197//10 124//10 198//10
f 198//10 124//10 122//10
f 198//9 122//9 199//9
f 199//9 122//9 120//9
f 199//8 120//8 200//8
f 200//8 120//8 118//8
f 200//7 118//7 201//7
f 201//7 118//7 116//7
f 201//6 116//6 202//6
f 202//6 116//6 114//6
f 202//5 114//5 203//5
f 203//5 114//5 112//5
f 203//4 112//4 204//4
f 204//4 112//4 110//4
f 204//3 110//3 171//3
f 171//3 110//3 108//3
f 173//35 188//35 172//35
f 172//35 188//35 189//35
f 172//35 189//35 171//35
f 171//35 189//35 190//35
f 171//35 190//35 204//35
f 204//35 190//35 191//35
f 204//35 191//35 203//35
f 203//35 191//35 192//35
f 203//35 192//35 202//35
f 202//35 192//35 193//35
f 202//35 193//35 201//35
f 201//35 193//35 194//35
f 201//35 194//35 200//35
f 200//35 194//35 195//35
f 200//35 195//35 199//35
f 199//35 195//35 196//35
f 199//35 196//35 198//35
f 198//35 196//35 197//35
f 188//35 173//35 187//35
f 187//35 173//35 174//35
f 187//35 174//35 186//35
f 186//35 174//35 175//35
f 186//35 175//35 185//35
f 185//35 175//35 176//35
f 185//35 176//35 184//35
f 184//35 176//35 177//35
f 184//35 177//35 183//35
f 183//35 177//35 178//35
f 183//35 178//35 182//35
f 182//35 178//35 179//35
f 182//35 179//35 181//35
f 181//35 179//35 180//35
f 5//35 205//35 3//35
f 3//35 205//35 206//35
f 3//35 206//35 1//35
f 1//35 206//35 207//35
f 1//35 207//35 67//35
f 67//35 207//35 208//35
f 67//35 208//35 65//35
f 65//35 208//35 209//35
f 65//35 209//35 63//35
f 63//35 209//35 210//35
f 63//35 210//35 61//35
f 61//35 210//35 59//35
f 59//35 210//35 57//35
f 57//35 210//35 55//35
f 55//35 210//35 53//35
f 53//35 210//35 211//35
f 53//35 211//35 51//35
f 51//35 211//35 212//35
f 51//35 212//35 213//35
f 205//35 5//35 214//35
f 214//35 5//35 7//35
f 214//35 7//35 215//35
f 215//35 7//35 9//35
f 215//35 9//35 216//35
f 216//35 9//35 11//35
f 216//35 11//35 217//35
f 217//35 11//35 13//35
f 217//35 13//35 15//35
f 15//35 17//35 217//35
f 217//35 17//35 19//35
f 217//35 19//35 21//35
f 217//35 21//35 218//35
f 218//35 21//35 23//35
f 218//35 23//35 219//35
f 219//35 23//35 220//35
f 220//35 23//35 25//35
f 220//35 25//35 221//35
f 221//35 25//35 27//35
f 221//35 27//35 222//35
f 222//35 27//35 29//35
f 222//35 29//35 223//35
f 223//35 29//35 31//35
f 223//35 31//35 224//35
f 224//35 31//35 33//35
f 224//35 33//35 225//35
f 225//35 33//35 35//35
f 225//35 35//35 226//35
f 226//35 35//35 37//35
f 226//35 37//35 227//35
f 227//35 37//35 228//35
f 228//35 37//35 39//35
f 228//35 39//35 229//35
f 229//35 39//35 41//35
f 229//35 41//35 230//35
f 230//35 41//35 43//35
f 230//35 43//35 231//35
f 231//35 43//35 45//35
f 231//35 45//35 232//35
f 232//35 45//35 47//35
f 232//35 47//35 233//35
f 233//35 47//35 49//35
f 233//35 49//35 213//35
f 213//35 49//35 51//35
f 107//35 234//35 105//35
f 105//35 234//35 235//35
f 105//35 235//35 103//35
f 103//35 235//35 236//35
f 103//35 236//35 169//35
f 169//35 236//35 237//35
f 169//35 237//35 167//35
f 167//35 237//35 238//35
f 167//35 238//35 165//35
f 165//35 238//35 239//35
f 165//35 239//35 163//35
f 163//35 239//35 240//35
f 163//35 240//35 161//35
f 161//35 240//35 241//35
f 161//35 241//35 242//35
f 234//35 107//35 243//35
f 243//35 107//35 109//35
f 243//35 109//35 244//35
f 244//35 109//35 111//35
f 244//35 111//35 245//35
f 245//35 111//35 113//35
f 245//35 113//35 246//35
f 246//35 113//35 115//35
f 246//35 115//35 247//35
f 247//35 115//35 117//35
f 247//35 117//35 248//35
f 248//35 117//35 249//35
f 249//35 117//35 119//35
f 249//35 119//35 250//35
f 250//35 119//35 121//35
f 250//35 121//35 251//35
f 251//35 121//35 252//35
f 251//35 252//35 253//35
f 253//35 252//35 254//35
f 253//35 254//35 255//35
f 255//35 254//35 256//35
f 256//35 254//35 257//35
f 257//35 254//35 258//35
f 258//35 254//35 259//35
f 259//35 254//35 260//35
f 260//35 254//35 261//35
f 261//35 254//35 262//35
f 262//35 254//35 263//35
f 263//35 254//35 264//35
f 264//35 254//35 265//35
f 265//35 254//35 266//35
f 265//35 266//35 267//35
f 267//35 266//35 268//35
f 268//35 266//35 269//35
f 269//35 266//35 270//35
f 270//35 266//35 271//35
f 271//35 266//35 272//35
f 272//35 266//35 273//35
f 273//35 266//35 274//35
f 274//35 266//35 275//35
f 275//35 266//35 276//35
f 276//35 266//35 277//35
f 277//35 266//35 278//35
f 278//35 266//35 217//35
f 278//35 217//35 218//35
f 121//35 123//35 252//35
f 252//35 123//35 125//35
f 252//35 125//35 127//35
f 127//35 129//35 252//35
f 252//35 129//35 131//35
f 252//35 131//35 279//35
f 279//35 131//35 133//35
f 279//35 133//35 280//35
f 280//35 133//35 135//35
f 280//35 135//35 281//35
f 281//35 135//35 137//35
f 281//35 137//35 282//35
f 282//35 137//35 139//35
f 282//35 139//35 283//35
f 283//35 139//35 141//35
f 283//35 141//35 284//35
f 284//35 141//35 143//35
f 284//35 143//35 285//35
f 285//35 143//35 145//35
f 285//35 145//35 286//35
f 286//35 145//35 147//35
f 286//35 147//35 287//35
f 287//35 147//35 149//35
f 287//35 149//35 151//35
f 151//35 153//35 287//35
f 287//35 153//35 155//35
f 287//35 155//35 157//35
f 159//35 288//35 157//35
f 157//35 288//35 289//35
f 157//35 289//35 287//35
f 287//35 289//35 290//35
f 287//35 290//35 291//35
f 291//35 290//35 292//35
f 291//35 292//35 293//35
f 288//35 159//35 242//35
f 242//35 159//35 161//35
f 279//35 294//35 252//35
f 252//35 294//35 295//35
f 252//35 295//35 296//35
f 296//35 297//35 252//35
f 252//35 297//35 298//35
f 252//35 298//35 217//35
f 217//35 298//35 299//35
f 217//35 299//35 300//35
f 300//35 301//35 217//35
f 217//35 301//35 302//35
f 217//35 302//35 216//35
f 209//35 303//35 210//35
f 210//35 303//35 304//35
f 210//35 304//35 305//35
f 305//35 306//35 210//35
f 210//35 306//35 307//35
f 210//35 307//35 287//35
f 287//35 307//35 308//35
f 287//35 308//35 309//35
f 309//35 310//35 287//35
f 287//35 310//35 311//35
f 287//35 311//35 286//35
f 293//35 312//35 291//35
f 291//35 312//35 313//35
f 291//35 313//35 314//35
f 314//35 315//35 291//35
f 291//35 315//35 316//35
f 291//35 316//35 317//35
f 317//35 318//35 291//35
f 291//35 318//35 319//35
f 291//35 319//35 320//35
f 291//35 320//35 321//35
f 321//35 320//35 322//35
f 321//35 322//35 323//35
f 323//35 324//35 321//35
f 321//35 324//35 325//35
f 321//35 325//35 326//35
f 326//35 327//35 321//35
f 321//35 327//35 328//35
f 321//35 328//35 329//35
f 329//35 330//35 321//35
f 321//35 330//35 331//35
f 321//35 331//35 332//35
f 332//35 333//35 321//35
f 321//35 333//35 210//35
f 210//35 333//35 211//35
f 252//36 334//36 254//36
f 254//36 334//36 335//36
f 217//27 336//27 252//27
f 252//27 336//27 337//27
f 252//27 337//27 338//27
f 339//27 340//27 217//27
f 217//37 340//37 341//37
f 217//27 341//27 342//27
f 334//27 343//27 339//27
f 339//37 343//37 344//37
f 339//27 344//27 345//27
f 252//27 346//27 334//27
f 334//27 346//27 347//27
f 334//27 347//27 348//27
f 342//37 349//37 217//37
f 217//27 349//27 350//27
f 217//37 350//37 351//37
f 351//27 352//27 217//27
f 217//27 352//27 353//27
f 217//27 353//27 354//27
f 354//37 336//37 217//37
f 338//27 355//27 252//27
f 252//27 355//27 356//27
f 252//37 356//37 357//37
f 357//27 358//27 252//27
f 252//27 358//27 359//27
f 252//37 359//37 360//37
f 360//27 346//27 252//27
f 348//37 361//37 334//37
f 334//27 361//27 362//27
f 334//27 362//27 363//27
f 363//37 364//37 334//37
f 334//27 364//27 365//27
f 334//27 365//27 366//27
f 366//27 367//27 334//27
f 334//27 367//27 343//27
f 345//27 368//27 339//27
f 339//27 368//27 369//27
f 339//37 369//37 370//37
f 370//27 371//27 339//27
f 339//37 371//37 372//37
f 339//27 372//27 373//27
f 373//37 340//37 339//37
f 374//10 375//10 376//10
f 376//10 375//10 210//10
f 376//10 210//10 377//10
f 377//10 210//10 378//10
f 378//10 210//10 379//10
f 379//38 210//38 380//38
f 380//10 210//10 381//10
f 381//10 210//10 382//10
f 382//10 210//10 383//10
f 383//38 210//38 384//38
f 384//10 210//10 385//10
f 385//10 210//10 287//10
f 385//10 287//10 386//10
f 386//38 287//38 387//38
f 387//10 287//10 388//10
f 388//10 287//10 389//10
f 389//10 287//10 390//10
f 390//10 287//10 391//10
f 391//38 287//38 392//38
f 392//10 287//10 393//10
f 393//38 287//38 394//38
f 394//10 287//10 395//10
f 394//10 395//10 396//10
f 396//38 395//38 397//38
f 397//10 395//10 398//10
f 398//38 395//38 399//38
f 399//10 395//10 400//10
f 400//10 395//10 401//10
f 401//10 395//10 402//10
f 402//10 395//10 403//10
f 403//38 395//38 404//38
f 404//38 395//38 405//38
f 405//10 395//10 375//10
f 405//10 375//10 406//10
f 406//38 375//38 407//38
f 407//10 375//10 408//10
f 408//10 375//10 409//10
f 409//10 375//10 410//10
f 410//38 375//38 411//38
f 411//10 375//10 412//10
f 412//10 375//10 374//10
f 291//36 413//36 287//36
f 287//36 413//36 395//36
f 266//39 414//39 217//39
f 217//39 414//39 339//39
f 321//27 415//27 291//27
f 291//27 415//27 416//27
f 291//27 416//27 417//27
f 418//27 419//27 321//27
f 321//37 419//37 420//37
f 321//37 420//37 421//37
f 413//27 422//27 418//27
f 418//27 422//27 423//27
f 418//27 423//27 424//27
f 291//27 425//27 413//27
f 413//37 425//37 426//37
f 413//27 426//27 427//27
f 424//37 428//37 418//37
f 418//27 428//27 429//27
f 418//27 429//27 430//27
f 430//27 431//27 418//27
f 418//37 431//37 432//37
f 418//27 432//27 433//27
f 433//27 434//27 418//27
f 418//37 434//37 419//37
f 421//27 435//27 321//27
f 321//27 435//27 436//27
f 321//37 436//37 437//37
f 437//27 438//27 321//27
f 321//27 438//27 439//27
f 321//27 439//27 440//27
f 440//37 415//37 321//37
f 417//27 441//27 291//27
f 291//37 441//37 442//37
f 291//37 442//37 443//37
f 443//27 444//27 291//27
f 291//27 444//27 445//27
f 291//27 445//27 425//27
f 427//27 446//27 413//27
f 413//27 446//27 447//27
f 413//27 447//27 448//27
f 448//27 449//27 413//27
f 413//27 449//27 450//27
f 413//37 450//37 451//37
f 451//27 452//27 413//27
f 413//27 452//27 422//27
f 228//40 453//40 227//40
f 227//40 453//40 454//40
f 227//41 454//41 226//41
f 226//41 454//41 455//41
f 226//42 455//42 225//42
f 225//42 455//42 456//42
f 225//43 456//43 224//43
f 224//43 456//43 457//43
f 224//44 457//44 223//44
f 223//44 457//44 458//44
f 223//45 458//45 222//45
f 222//45 458//45 459//45
f 222//46 459//46 221//46
f 221//46 459//46 460//46
f 221//47 460//47 220//47
f 220//47 460//47 461//47
f 220//48 461//48 219//48
f 219//48 461//48 462//48
f 219//49 462//49 218//49
f 218//49 462//49 463//49
f 218//50 463//50 278//50
f 278//50 463//50 464//50
f 278//51 464//51 277//51
f 277//51 464//51 465//51
f 277//52 465//52 276//52
f 276//52 465//52 466//52
f 276//53 466//53 275//53
f 275//53 466//53 467//53
f 275//54 467//54 274//54
f 274//54 467//54 468//54
f 274//55 468//55 273//55
f 273//55 468//55 469//55
f 273//56 469//56 272//56
f 272//56 469//56 470//56
f 272//57 470//57 271//57
f 271//57 470//57 471//57
f 271//58 471//58 270//58
f 270//58 471//58 472//58
f 270//59 472//59 269//59
f 269//59 472//59 473//59
f 269//60 473//60 474//60
f 474//61 473//61 475//61
f 475//62 473//62 476//62
f 476//63 473//63 477//63
f 477//64 473//64 478//64
f 478//65 473//65 479//65
f 479//66 473//66 480//66
f 479//67 480//67 481//67
f 481//68 480//68 482//68
f 482//69 480//69 483//69
f 483//70 480//70 484//70
f 484//71 480//71 485//71
f 485//72 480//72 486//72
f 486//73 480//73 487//73
f 486//74 487//74 488//74
f 488//75 487//75 489//75
f 489//76 487//76 490//76
f 490//77 487//77 491//77
f 491//78 487//78 492//78
f 491//79 492//79 493//79
f 493//80 492//80 494//80
f 494//81 492//81 495//81
f 495//82 492//82 496//82
f 496//83 492//83 497//83
f 496//84 497//84 498//84
f 498//85 497//85 499//85
f 499//86 497//86 500//86
f 500//87 497//87 501//87
f 501//88 497//88 502//88
f 502//89 497//89 503//89
f 502//90 503//90 504//90
f 504//91 503//91 505//91
f 505//92 503//92 506//92
f 506//93 503//93 507//93
f 507//94 503//94 508//94
f 508//95 503//95 509//95
f 509//96 503//96 510//96
f 510//97 503//97 511//97
f 510//98 511//98 512//98
f 512//99 511//99 262//99
f 512//100 262//100 263//100
f 453//101 228//101 513//101
f 513//101 228//101 229//101
f 513//102 229//102 514//102
f 514//102 229//102 230//102
f 514//103 230//103 515//103
f 515//103 230//103 231//103
f 515//104 231//104 516//104
f 516//104 231//104 232//104
f 516//105 232//105 517//105
f 517//105 232//105 233//105
f 517//106 233//106 518//106
f 518//106 233//106 213//106
f 518//107 213//107 519//107
f 519//107 213//107 212//107
f 519//108 212//108 520//108
f 520//108 212//108 211//108
f 520//109 211//109 521//109
f 521//110 211//110 333//110
f 521//111 333//111 522//111
f 522//111 333//111 332//111
f 522//112 332//112 523//112
f 523//112 332//112 331//112
f 523//113 331//113 524//113
f 524//113 331//113 330//113
f 524//114 330//114 525//114
f 525//114 330//114 329//114
f 525//115 329//115 526//115
f 526//115 329//115 328//115
f 526//116 328//116 527//116
f 527//116 328//116 327//116
f 527//117 327//117 528//117
f 528//117 327//117 326//117
f 528//118 326//118 529//118
f 529//118 326//118 325//118
f 529//119 325//119 530//119
f 530//119 325//119 324//119
f 530//120 324//120 531//120
f 531//121 324//121 532//121
f 532//122 324//122 533//122
f 533//123 324//123 534//123
f 534//124 324//124 535//124
f 535//125 324//125 536//125
f 536//126 324//126 323//126
f 536//127 323//127 537//127
f 537//128 323//128 538//128
f 538//129 323//129 539//129
f 539//130 323//130 540//130
f 540//131 323//131 541//131
f 541//132 323//132 542//132
f 542//133 323//133 322//133
f 542//134 322//134 543//134
f 543//135 322//135 544//135
f 544//136 322//136 545//136
f 545//137 322//137 546//137
f 546//138 322//138 320//138
f 546//139 320//139 547//139
f 547//140 320//140 548//140
f 548//141 320//141 549//141
f 549//142 320//142 550//142
f 550//143 320//143 319//143
f 550//144 319//144 551//144
f 551//145 319//145 552//145
f 552//146 319//146 553//146
f 553//147 319//147 554//147
f 554//148 319//148 555//148
f 555//149 319//149 318//149
f 555//150 318//150 556//150
f 556//151 318//151 557//151
f 557//152 318//152 558//152
f 558//153 318//153 559//153
f 559//154 318//154 560//154
f 560//155 318//155 561//155
f 561//156 318//156 562//156
f 562//157 318//157 317//157
f 562//158 317//158 563//158
f 563//159 317//159 564//159
f 563//160 564//160 565//160
f 565//161 564//161 566//161
f 565//162 566//162 567//162
f 567//163 566//163 568//163
f 568//164 566//164 569//164
f 569//153 566//153 570//153
f 570//165 566//165 571//165
f 571//166 566//166 572//166
f 572//167 566//167 573//167
f 573//168 566//168 574//168
f 573//169 574//169 575//169
f 575//170 574//170 576//170
f 576//171 574//171 577//171
f 577//172 574//172 578//172
f 578//173 574//173 579//173
f 579//174 574//174 580//174
f 579//175 580//175 581//175
f 581//176 580//176 582//176
f 582//140 580//140 583//140
f 583//177 580//177 584//177
f 584//178 580//178 585//178
f 584//179 585//179 586//179
f 586//180 585//180 587//180
f 587//181 585//181 588//181
f 588//182 585//182 589//182
f 589//183 585//183 590//183
f 589//184 590//184 591//184
f 591//185 590//185 592//185
f 592//186 590//186 593//186
f 593//187 590//187 594//187
f 594//188 590//188 595//188
f 595//189 590//189 596//189
f 596//190 590//190 530//190
f 596//191 530//191 597//191
f 597//192 530//192 598//192
f 598//193 530//193 599//193
f 599//194 530//194 600//194
f 600//195 530//195 531//195
f 564//196 317//196 601//196
f 601//196 317//196 316//196
f 601//197 316//197 602//197
f 602//197 316//197 315//197
f 602//198 315//198 603//198
f 603//198 315//198 314//198
f 603//199 314//199 604//199
f 604//199 314//199 313//199
f 604//200 313//200 605//200
f 605//200 313//200 312//200
f 605//201 312//201 606//201
f 606//201 312//201 293//201
f 606//202 293//202 607//202
f 607//202 293//202 292//202
f 607//203 292//203 608//203
f 608//203 292//203 290//203
f 608//204 290//204 609//204
f 609//204 290//204 289//204
f 609//205 289//205 610//205
f 610//205 289//205 288//205
f 610//206 288//206 611//206
f 611//206 288//206 242//206
f 611//207 242//207 612//207
f 612//207 242//207 241//207
f 612//208 241//208 613//208
f 613//208 241//208 240//208
f 613//209 240//209 614//209
f 614//209 240//209 239//209
f 614//210 239//210 615//210
f 615//210 239//210 238//210
f 615//211 238//211 616//211
f 616//211 238//211 237//211
f 616//212 237//212 617//212
f 617//212 237//212 236//212
f 617//213 236//213 618//213
f 618//213 236//213 235//213
f 618//214 235//214 619//214
f 619//214 235//214 234//214
f 619//215 234//215 620//215
f 620//215 234//215 243//215
f 620//216 243//216 621//216
f 621//216 243//216 244//216
f 621//217 244//217 622//217
f 622//217 244//217 245//217
f 622//218 245//218 623//218
f 623//218 245//218 246//218
f 623//219 246//219 624//219
f 624//219 246//219 247//219
f 624//220 247//220 625//220
f 625//220 247//220 248//220
f 625//221 248//221 626//221
f 626//221 248//221 249//221
f 626//222 249//222 627//222
f 627//222 249//222 250//222
f 627//223 250//223 628//223
f 628//223 250//223 251//223
f 628//224 251//224 629//224
f 629//224 251//224 253//224
f 629//225 253//225 630//225
f 630//225 253//225 255//225
f 630//226 255//226 631//226
f 631//226 255//226 256//226
f 631//227 256//227 632//227
f 632//227 256//227 257//227
f 632//228 257//228 633//228
f 633//228 257//228 258//228
f 633//229 258//229 634//229
f 634//229 258//229 259//229
f 634//230 259//230 635//230
f 635//230 259//230 260//230
f 635//231 260//231 636//231
f 636//231 260//231 261//231
f 636//232 261//232 511//232
f 511//232 261//232 262//232
f 264//233 637//233 263//233
f 263//234 637//234 638//234
f 263//235 638//235 639//235
f 265//236 640//236 264//236
f 264//237 640//237 641//237
f 264//238 641//238 642//238
f 267//239 643//239 265//239
f 265//240 643//240 644//240
f 265//80 644//80 645//80
f 268//241 646//241 267//241
f 267//242 646//242 647//242
f 267//243 647//243 648//243
f 269//244 649//244 268//244
f 268//245 649//245 650//245
f 268//246 650//246 651//246
f 474//247 652//247 269//247
f 269//248 652//248 653//248
f 269//249 653//249 654//249
f 654//250 655//250 269//250
f 269//251 655//251 649//251
f 651//69 656//69 268//69
f 268//70 656//70 657//70
f 268//252 657//252 658//252
f 658//253 646//253 268//253
f 648//254 659//254 267//254
f 267//255 659//255 643//255
f 645//256 660//256 265//256
f 265//257 660//257 640//257
f 642//258 661//258 264//258
f 264//259 661//259 662//259
f 264//260 662//260 637//260
f 639//261 663//261 263//261
f 263//262 663//262 664//262
f 263//263 664//263 665//263
f 665//264 666//264 263//264
f 263//265 666//265 667//265
f 263//266 667//266 512//266
f 668//267 349//267 669//267
f 669//268 349//268 379//268
f 669//269 379//269 670//269
f 670//270 379//270 671//270
f 671//271 379//271 380//271
f 671//272 380//272 672//272
f 672//273 380//273 673//273
f 673//274 380//274 674//274
f 674//275 380//275 381//275
f 674//276 381//276 675//276
f 675//277 381//277 676//277
f 676//278 381//278 677//278
f 677//279 381//279 382//279
f 677//280 382//280 678//280
f 678//281 382//281 679//281
f 679//282 382//282 383//282
f 679//283 383//283 680//283
f 680//284 383//284 681//284
f 681//285 383//285 682//285
f 682//286 383//286 384//286
f 682//287 384//287 683//287
f 683//288 384//288 684//288
f 684//289 384//289 385//289
f 684//290 385//290 685//290
f 685//291 385//291 686//291
f 686//292 385//292 386//292
f 686//293 386//293 687//293
f 687//294 386//294 387//294
f 687//295 387//295 688//295
f 688//296 387//296 689//296
f 689//297 387//297 690//297
f 690//297 387//297 388//297
f 690//298 388//298 691//298
f 691//299 388//299 692//299
f 692//300 388//300 389//300
f 692//301 389//301 693//301
f 693//302 389//302 694//302
f 694//303 389//303 390//303
f 694//304 390//304 695//304
f 695//305 390//305 696//305
f 696//306 390//306 697//306
f 697//307 390//307 391//307
f 697//308 391//308 698//308
f 698//309 391//309 699//309
f 699//310 391//310 700//310
f 700//311 391//311 701//311
f 701//312 391//312 392//312
f 701//313 392//313 359//313
f 359//314 392//314 360//314
f 360//315 392//315 393//315
f 360//316 393//316 346//316
f 346//316 393//316 394//316
f 346//36 394//36 347//36
f 347//36 394//36 396//36
f 347//317 396//317 348//317
f 348//317 396//317 397//317
f 348//318 397//318 361//318
f 361//318 397//318 398//318
f 361//319 398//319 702//319
f 702//320 398//320 399//320
f 702//321 399//321 703//321
f 703//322 399//322 704//322
f 704//323 399//323 705//323
f 705//324 399//324 706//324
f 706//325 399//325 400//325
f 706//326 400//326 707//326
f 707//327 400//327 708//327
f 708//328 400//328 709//328
f 709//329 400//329 401//329
f 709//330 401//330 710//330
f 710//331 401//331 711//331
f 711//332 401//332 402//332
f 711//333 402//333 712//333
f 712//334 402//334 713//334
f 713//335 402//335 714//335
f 714//335 402//335 403//335
f 714//336 403//336 715//336
f 715//337 403//337 716//337
f 716//338 403//338 404//338
f 716//339 404//339 717//339
f 717//340 404//340 405//340
f 717//341 405//341 718//341
f 718//342 405//342 719//342
f 719//343 405//343 406//343
f 719//344 406//344 720//344
f 720//345 406//345 721//345
f 721//346 406//346 407//346
f 721//347 407//347 722//347
f 722//348 407//348 723//348
f 723//349 407//349 724//349
f 724//350 407//350 408//350
f 724//351 408//351 725//351
f 725//352 408//352 726//352
f 726//353 408//353 409//353
f 726//354 409//354 727//354
f 727//355 409//355 728//355
f 728//356 409//356 729//356
f 729//357 409//357 410//357
f 729//358 410//358 730//358
f 730//359 410//359 731//359
f 731//360 410//360 732//360
f 732//361 410//361 733//361
f 733//362 410//362 411//362
f 733//363 411//363 734//363
f 734//364 411//364 371//364
f 734//365 371//365 735//365
f 735//366 371//366 370//366
f 735//367 370//367 736//367
f 736//368 370//368 737//368
f 737//369 370//369 738//369
f 738//370 370//370 739//370
f 739//371 370//371 369//371
f 739//372 369//372 740//372
f 740//373 369//373 741//373
f 741//374 369//374 742//374
f 742//375 369//375 368//375
f 742//376 368//376 743//376
f 743//377 368//377 744//377
f 744//378 368//378 345//378
f 744//379 345//379 745//379
f 745//380 345//380 746//380
f 746//381 345//381 747//381
f 747//382 345//382 344//382
f 747//383 344//383 748//383
f 748//384 344//384 749//384
f 749//385 344//385 343//385
f 749//386 343//386 750//386
f 750//387 343//387 751//387
f 751//388 343//388 367//388
f 751//389 367//389 752//389
f 752//390 367//390 366//390
f 752//391 366//391 753//391
f 753//392 366//392 754//392
f 754//393 366//393 365//393
f 754//394 365//394 755//394
f 755//395 365//395 756//395
f 756//396 365//396 757//396
f 757//397 365//397 364//397
f 757//398 364//398 758//398
f 758//399 364//399 759//399
f 759//400 364//400 363//400
f 759//401 363//401 760//401
f 760//402 363//402 761//402
f 761//403 363//403 762//403
f 762//404 363//404 362//404
f 762//405 362//405 763//405
f 763//406 362//406 764//406
f 764//322 362//322 765//322
f 765//407 362//407 702//407
f 702//408 362//408 361//408
f 668//409 766//409 349//409
f 349//410 766//410 350//410
f 350//411 766//411 767//411
f 350//412 767//412 768//412
f 768//413 769//413 350//413
f 350//414 769//414 351//414
f 351//415 769//415 770//415
f 351//416 770//416 771//416
f 771//417 772//417 351//417
f 351//418 772//418 352//418
f 352//419 772//419 773//419
f 352//420 773//420 774//420
f 352//421 774//421 353//421
f 353//422 774//422 775//422
f 353//423 775//423 776//423
f 776//424 777//424 353//424
f 353//425 777//425 354//425
f 354//426 777//426 778//426
f 354//427 778//427 779//427
f 354//428 779//428 336//428
f 336//429 779//429 780//429
f 336//430 780//430 781//430
f 336//431 781//431 337//431
f 337//432 781//432 782//432
f 337//433 782//433 338//433
f 338//434 782//434 783//434
f 338//435 783//435 784//435
f 784//436 785//436 338//436
f 338//437 785//437 355//437
f 355//438 785//438 786//438
f 355//439 786//439 787//439
f 355//440 787//440 356//440
f 356//441 787//441 788//441
f 356//442 788//442 789//442
f 356//443 789//443 357//443
f 357//444 789//444 790//444
f 357//445 790//445 791//445
f 791//446 792//446 357//446
f 357//447 792//447 358//447
f 358//448 792//448 793//448
f 358//449 793//449 794//449
f 794//450 795//450 358//450
f 358//451 795//451 701//451
f 358//452 701//452 359//452
f 377//453 341//453 376//453
f 376//453 341//453 340//453
f 376//454 340//454 374//454
f 374//454 340//454 373//454
f 374//455 373//455 412//455
f 412//455 373//455 372//455
f 412//456 372//456 411//456
f 411//456 372//456 371//456
f 341//457 377//457 342//457
f 342//457 377//457 378//457
f 342//458 378//458 349//458
f 349//458 378//458 379//458
f 283//459 700//459 282//459
f 282//460 700//460 701//460
f 282//461 701//461 795//461
f 700//462 283//462 699//462
f 699//463 283//463 284//463
f 699//464 284//464 698//464
f 698//465 284//465 697//465
f 697//466 284//466 285//466
f 697//467 285//467 696//467
f 696//468 285//468 695//468
f 695//469 285//469 286//469
f 695//470 286//470 694//470
f 694//471 286//471 693//471
f 693//472 286//472 311//472
f 693//473 311//473 692//473
f 692//474 311//474 691//474
f 691//475 311//475 310//475
f 691//476 310//476 690//476
f 690//477 310//477 689//477
f 689//478 310//478 309//478
f 689//479 309//479 688//479
f 688//480 309//480 687//480
f 687//481 309//481 308//481
f 687//482 308//482 686//482
f 686//483 308//483 685//483
f 685//484 308//484 307//484
f 685//485 307//485 684//485
f 684//486 307//486 306//486
f 684//487 306//487 683//487
f 683//488 306//488 682//488
f 682//489 306//489 305//489
f 682//490 305//490 681//490
f 681//491 305//491 680//491
f 680//492 305//492 304//492
f 680//493 304//493 679//493
f 679//494 304//494 678//494
f 678//495 304//495 303//495
f 678//496 303//496 677//496
f 677//497 303//497 676//497
f 676//498 303//498 209//498
f 676//499 209//499 675//499
f 675//500 209//500 674//500
f 674//501 209//501 208//501
f 674//502 208//502 673//502
f 673//503 208//503 672//503
f 672//504 208//504 207//504
f 672//505 207//505 671//505
f 671//506 207//506 670//506
f 670//507 207//507 206//507
f 670//508 206//508 669//508
f 669//509 206//509 668//509
f 668//510 206//510 205//510
f 668//511 205//511 766//511
f 766//512 205//512 214//512
f 766//513 214//513 767//513
f 767//514 214//514 768//514
f 768//515 214//515 215//515
f 768//516 215//516 769//516
f 769//517 215//517 770//517
f 770//518 215//518 216//518
f 770//519 216//519 771//519
f 771//520 216//520 772//520
f 772//521 216//521 302//521
f 772//522 302//522 773//522
f 773//523 302//523 774//523
f 774//524 302//524 301//524
f 774//525 301//525 775//525
f 775//526 301//526 776//526
f 776//527 301//527 300//527
f 776//528 300//528 777//528
f 777//529 300//529 778//529
f 778//530 300//530 299//530
f 778//531 299//531 779//531
f 779//532 299//532 780//532
f 780//533 299//533 298//533
f 780//534 298//534 781//534
f 781//535 298//535 297//535
f 781//536 297//536 782//536
f 782//537 297//537 783//537
f 783//538 297//538 296//538
f 783//539 296//539 784//539
f 784//540 296//540 785//540
f 785//541 296//541 295//541
f 785//542 295//542 786//542
f 786//543 295//543 787//543
f 787//544 295//544 294//544
f 787//545 294//545 788//545
f 788//546 294//546 789//546
f 789//547 294//547 279//547
f 789//548 279//548 790//548
f 790//549 279//549 791//549
f 791//550 279//550 280//550
f 791//551 280//551 792//551
f 792//552 280//552 793//552
f 793//553 280//553 281//553
f 793//554 281//554 794//554
f 794//555 281//555 795//555
f 795//556 281//556 282//556
f 210//39 375//39 321//39
f 321//39 375//39 418//39
f 254//10 796//10 266//10
f 266//38 796//38 797//38
f 266//10 797//10 798//10
f 335//10 799//10 254//10
f 254//10 799//10 800//10
f 254//38 800//38 801//38
f 414//10 802//10 335//10
f 335//10 802//10 803//10
f 335//10 803//10 804//10
f 266//10 805//10 414//10
f 414//38 805//38 806//38
f 414//10 806//10 807//10
f 807//38 808//38 414//38
f 414//38 808//38 809//38
f 414//10 809//10 810//10
f 810//10 811//10 414//10
f 414//10 811//10 812//10
f 414//10 812//10 813//10
f 813//38 802//38 414//38
f 804//10 814//10 335//10
f 335//10 814//10 815//10
f 335//38 815//38 816//38
f 816//10 817//10 335//10
f 335//10 817//10 818//10
f 335//38 818//38 819//38
f 819//10 820//10 335//10
f 335//10 820//10 799//10
f 801//10 821//10 254//10
f 254//10 821//10 822//10
f 254//38 822//38 823//38
f 823//10 824//10 254//10
f 254//10 824//10 825//10
f 254//10 825//10 826//10
f 826//10 796//10 254//10
f 798//10 827//10 266//10
f 266//10 827//10 828//10
f 266//10 828//10 829//10
f 829//38 830//38 266//38
f 266//38 830//38 831//38
f 266//10 831//10 832//10
f 832//38 805//38 266//38
f 667//557 799//557 512//557
f 512//558 799//558 820//558
f 512//559 820//559 510//559
f 510//560 820//560 509//560
f 509//561 820//561 819//561
f 509//562 819//562 508//562
f 508//563 819//563 818//563
f 508//564 818//564 507//564
f 507//565 818//565 506//565
f 506//566 818//566 817//566
f 506//567 817//567 505//567
f 505//568 817//568 504//568
f 504//569 817//569 816//569
f 504//570 816//570 502//570
f 502//571 816//571 501//571
f 501//572 816//572 815//572
f 501//573 815//573 500//573
f 500//574 815//574 814//574
f 500//575 814//575 499//575
f 499//576 814//576 498//576
f 498//577 814//577 804//577
f 498//578 804//578 496//578
f 496//579 804//579 495//579
f 495//580 804//580 803//580
f 495//581 803//581 494//581
f 494//582 803//582 493//582
f 493//583 803//583 802//583
f 493//584 802//584 491//584
f 491//585 802//585 813//585
f 491//586 813//586 490//586
f 490//587 813//587 489//587
f 489//588 813//588 812//588
f 489//589 812//589 488//589
f 488//590 812//590 486//590
f 486//591 812//591 811//591
f 486//592 811//592 485//592
f 485//593 811//593 810//593
f 485//594 810//594 484//594
f 484//595 810//595 483//595
f 483//596 810//596 809//596
f 483//597 809//597 482//597
f 482//598 809//598 481//598
f 481//599 809//599 808//599
f 481//600 808//600 479//600
f 479//601 808//601 478//601
f 478//602 808//602 807//602
f 478//603 807//603 477//603
f 477//604 807//604 806//604
f 477//605 806//605 476//605
f 476//606 806//606 475//606
f 475//607 806//607 805//607
f 475//608 805//608 474//608
f 474//609 805//609 652//609
f 652//610 805//610 832//610
f 652//611 832//611 653//611
f 653//612 832//612 654//612
f 654//613 832//613 831//613
f 654//614 831//614 655//614
f 655//615 831//615 830//615
f 655//616 830//616 649//616
f 649//617 830//617 650//617
f 650//618 830//618 829//618
f 650//619 829//619 651//619
f 651//620 829//620 656//620
f 656//621 829//621 828//621
f 656//622 828//622 657//622
f 657//623 828//623 658//623
f 658//624 828//624 827//624
f 658//625 827//625 646//625
f 646//626 827//626 798//626
f 646//627 798//627 647//627
f 647//628 798//628 648//628
f 648//629 798//629 797//629
f 648//630 797//630 659//630
f 659//631 797//631 643//631
f 643//632 797//632 796//632
f 643//633 796//633 644//633
f 644//634 796//634 826//634
f 644//635 826//635 645//635
f 645//636 826//636 660//636
f 660//637 826//637 825//637
f 660//638 825//638 640//638
f 640//639 825//639 641//639
f 641//640 825//640 824//640
f 641//641 824//641 642//641
f 642//642 824//642 661//642
f 661//643 824//643 823//643
f 661//644 823//644 662//644
f 662//645 823//645 822//645
f 662//646 822//646 637//646
f 637//647 822//647 638//647
f 638//648 822//648 821//648
f 638//649 821//649 639//649
f 639//650 821//650 663//650
f 663//651 821//651 801//651
f 663//652 801//652 664//652
f 664//653 801//653 665//653
f 665//654 801//654 800//654
f 665//655 800//655 666//655
f 666//656 800//656 799//656
f 666//657 799//657 667//657
f 565//658 426//658 563//658
f 563//659 426//659 425//659
f 563//660 425//660 562//660
f 562//661 425//661 561//661
f 561//662 425//662 445//662
f 561//663 445//663 560//663
f 560//664 445//664 559//664
f 559//665 445//665 444//665
f 559//666 444//666 558//666
f 558//667 444//667 557//667
f 557//668 444//668 443//668
f 557//669 443//669 556//669
f 556//670 443//670 442//670
f 556//671 442//671 555//671
f 555//672 442//672 554//672
f 554//673 442//673 441//673
f 554//674 441//674 553//674
f 553//675 441//675 552//675
f 552//676 441//676 417//676
f 552//677 417//677 551//677
f 551//678 417//678 550//678
f 550//679 417//679 416//679
f 550//680 416//680 549//680
f 549//681 416//681 415//681
f 549//682 415//682 548//682
f 548//683 415//683 547//683
f 547//684 415//684 440//684
f 547//685 440//685 546//685
f 546//686 440//686 545//686
f 545//687 440//687 439//687
f 545//688 439//688 544//688
f 544//689 439//689 438//689
f 544//690 438//690 543//690
f 543//691 438//691 542//691
f 542//692 438//692 437//692
f 542//693 437//693 541//693
f 541//694 437//694 540//694
f 540//695 437//695 436//695
f 540//696 436//696 539//696
f 539//697 436//697 538//697
f 538//698 436//698 435//698
f 538//699 435//699 537//699
f 537//700 435//700 421//700
f 537//701 421//701 536//701
f 536//702 421//702 535//702
f 535//703 421//703 420//703
f 535//704 420//704 534//704
f 534//705 420//705 533//705
f 533//706 420//706 419//706
f 533//707 419//707 532//707
f 532//708 419//708 531//708
f 531//709 419//709 434//709
f 531//710 434//710 600//710
f 600//711 434//711 433//711
f 600//712 433//712 599//712
f 599//713 433//713 598//713
f 598//714 433//714 432//714
f 598//715 432//715 597//715
f 597//716 432//716 596//716
f 596//717 432//717 431//717
f 596//718 431//718 595//718
f 595//719 431//719 430//719
f 595//720 430//720 594//720
f 594//721 430//721 593//721
f 593//722 430//722 429//722
f 593//723 429//723 592//723
f 592//724 429//724 591//724
f 591//725 429//725 428//725
f 591//726 428//726 589//726
f 589//727 428//727 588//727
f 588//728 428//728 424//728
f 588//729 424//729 587//729
f 587//730 424//730 423//730
f 587//731 423//731 586//731
f 586//732 423//732 584//732
f 584//733 423//733 422//733
f 584//734 422//734 583//734
f 583//735 422//735 582//735
f 582//736 422//736 452//736
f 582//737 452//737 581//737
f 581//738 452//738 579//738
f 579//739 452//739 451//739
f 579//740 451//740 578//740
f 578//741 451//741 450//741
f 578//742 450//742 577//742
f 577//743 450//743 576//743
f 576//744 450//744 449//744
f 576//745 449//745 575//745
f 575//746 449//746 573//746
f 573//747 449//747 448//747
f 573//748 448//748 572//748
f 572//749 448//749 571//749
f 571//750 448//750 447//750
f 571//751 447//751 570//751
f 570//752 447//752 446//752
f 570//753 446//753 569//753
f 569//754 446//754 568//754
f 568//755 446//755 427//755
f 568//756 427//756 567//756
f 567//757 427//757 565//757
f 565//758 427//758 426//758
f 453//35 833//35 454//35
f 454//35 833//35 834//35
f 454//35 834//35 835//35
f 513//35 836//35 453//35
f 453//35 836//35 837//35
f 453//35 837//35 838//35
f 514//35 839//35 513//35
f 513//35 839//35 840//35
f 513//35 840//35 841//35
f 841//35 840//35 842//35
f 841//35 842//35 843//35
f 843//35 842//35 844//35
f 843//35 844//35 845//35
f 845//35 844//35 846//35
f 845//35 846//35 847//35
f 847//35 846//35 848//35
f 847//35 848//35 849//35
f 849//35 848//35 850//35
f 849//35 850//35 851//35
f 851//35 850//35 852//35
f 851//35 852//35 853//35
f 853//35 852//35 854//35
f 853//35 854//35 855//35
f 855//35 854//35 856//35
f 855//35 856//35 857//35
f 857//35 856//35 858//35
f 857//35 858//35 859//35
f 859//35 858//35 860//35
f 859//35 860//35 861//35
f 861//35 860//35 862//35
f 861//35 862//35 863//35
f 515//35 864//35 514//35
f 514//35 864//35 865//35
f 514//35 865//35 866//35
f 516//35 867//35 515//35
f 515//35 867//35 868//35
f 515//35 868//35 869//35
f 517//35 870//35 516//35
f 516//35 870//35 871//35
f 516//35 871//35 872//35
f 518//35 873//35 517//35
f 517//35 873//35 874//35
f 517//35 874//35 875//35
f 519//35 876//35 518//35
f 518//35 876//35 877//35
f 518//35 877//35 878//35
f 520//35 879//35 519//35
f 519//35 879//35 880//35
f 519//35 880//35 881//35
f 521//35 882//35 520//35
f 520//35 882//35 883//35
f 520//35 883//35 884//35
f 522//35 885//35 521//35
f 521//35 885//35 886//35
f 521//35 886//35 887//35
f 523//35 888//35 522//35
f 522//35 888//35 889//35
f 522//35 889//35 890//35
f 524//35 891//35 523//35
f 523//35 891//35 892//35
f 523//35 892//35 893//35
f 893//35 892//35 894//35
f 894//35 892//35 895//35
f 894//35 895//35 896//35
f 525//35 897//35 524//35
f 524//35 897//35 898//35
f 524//35 898//35 899//35
f 526//35 900//35 525//35
f 525//35 900//35 901//35
f 525//35 901//35 902//35
f 527//35 903//35 526//35
f 526//35 903//35 904//35
f 526//35 904//35 905//35
f 528//35 906//35 527//35
f 527//35 906//35 907//35
f 527//35 907//35 908//35
f 529//35 909//35 528//35
f 528//35 909//35 910//35
f 528//35 910//35 911//35
f 530//35 912//35 529//35
f 529//35 912//35 913//35
f 529//35 913//35 914//35
f 590//35 915//35 530//35
f 530//35 915//35 916//35
f 530//35 916//35 917//35
f 585//35 918//35 590//35
f 590//35 918//35 919//35
f 590//35 919//35 920//35
f 580//35 921//35 585//35
f 585//35 921//35 922//35
f 585//35 922//35 923//35
f 574//35 924//35 580//35
f 580//35 924//35 925//35
f 580//35 925//35 926//35
f 926//35 925//35 927//35
f 927//35 925//35 928//35
f 927//35 928//35 929//35
f 929//35 928//35 930//35
f 929//35 930//35 931//35
f 931//35 930//35 932//35
f 931//35 932//35 933//35
f 933//35 932//35 934//35
f 933//35 934//35 935//35
f 566//35 936//35 574//35
f 574//35 936//35 937//35
f 574//35 937//35 938//35
f 564//35 939//35 566//35
f 566//35 939//35 940//35
f 566//35 940//35 941//35
f 601//35 942//35 564//35
f 564//35 942//35 943//35
f 564//35 943//35 944//35
f 602//35 945//35 601//35
f 601//35 945//35 946//35
f 601//35 946//35 947//35
f 603//35 948//35 602//35
f 602//35 948//35 949//35
f 602//35 949//35 950//35
f 604//35 951//35 603//35
f 603//35 951//35 952//35
f 603//35 952//35 953//35
f 605//35 954//35 604//35
f 604//35 954//35 955//35
f 604//35 955//35 956//35
f 606//35 957//35 605//35
f 605//35 957//35 958//35
f 605//35 958//35 959//35
f 607//35 960//35 606//35
f 606//35 960//35 961//35
f 606//35 961//35 962//35
f 608//35 963//35 607//35
f 607//35 963//35 964//35
f 607//35 964//35 965//35
f 609//35 966//35 608//35
f 608//35 966//35 967//35
f 608//35 967//35 968//35
f 610//35 969//35 609//35
f 609//35 969//35 970//35
f 609//35 970//35 971//35
f 611//35 972//35 610//35
f 610//35 972//35 973//35
f 610//35 973//35 974//35
f 612//35 975//35 611//35
f 611//35 975//35 976//35
f 611//35 976//35 977//35
f 613//35 978//35 612//35
f 612//35 978//35 979//35
f 612//35 979//35 980//35
f 614//35 981//35 613//35
f 613//35 981//35 982//35
f 613//35 982//35 983//35
f 615//35 984//35 614//35
f 614//35 984//35 985//35
f 614//35 985//35 986//35
f 616//35 987//35 615//35
f 615//35 987//35 988//35
f 615//35 988//35 989//35
f 617//35 990//35 616//35
f 616//35 990//35 991//35
f 616//35 991//35 992//35
f 618//35 993//35 617//35
f 617//35 993//35 994//35
f 617//35 994//35 995//35
f 995//35 994//35 996//35
f 996//35 994//35 997//35
f 996//35 997//35 998//35
f 998//35 997//35 999//35
f 998//35 999//35 1000//35
f 1000//35 999//35 1001//35
f 1000//35 1001//35 1002//35
f 1002//35 1001//35 1003//35
f 1002//35 1003//35 1004//35
f 1004//35 1003//35 1005//35
f 1004//35 1005//35 1006//35
f 1006//35 1005//35 1007//35
f 1006//35 1007//35 1008//35
f 1008//35 1007//35 1009//35
f 1008//35 1009//35 1010//35
f 1010//35 1009//35 1011//35
f 1010//35 1011//35 1012//35
f 1012//35 1011//35 1013//35
f 1012//35 1013//35 1014//35
f 1014//35 1013//35 1015//35
f 1014//35 1015//35 1016//35
f 1016//35 1015//35 1017//35
f 1016//35 1017//35 1018//35
f 619//35 1019//35 618//35
f 618//35 1019//35 1020//35
f 618//35 1020//35 1021//35
f 620//35 1022//35 619//35
f 619//35 1022//35 1023//35
f 619//35 1023//35 1024//35
f 621//35 1025//35 620//35
f 620//35 1025//35 1026//35
f 620//35 1026//35 1027//35
f 622//35 1028//35 621//35
f 621//35 1028//35 1029//35
f 621//35 1029//35 1030//35
f 623//35 1031//35 622//35
f 622//35 1031//35 1032//35
f 622//35 1032//35 1033//35
f 624//35 1034//35 623//35
f 623//35 1034//35 1035//35
f 623//35 1035//35 1036//35
f 625//35 1037//35 624//35
f 624//35 1037//35 1038//35
f 624//35 1038//35 1039//35
f 626//35 1040//35 625//35
f 625//35 1040//35 1041//35
f 625//35 1041//35 1037//35
f 627//35 1042//35 626//35
f 626//35 1042//35 1043//35
f 626//35 1043//35 1044//35
f 628//35 1045//35 627//35
f 627//35 1045//35 1046//35
f 627//35 1046//35 1047//35
f 1047//35 1046//35 1048//35
f 1047//35 1048//35 1049//35
f 1049//35 1048//35 1050//35
f 1049//35 1050//35 1051//35
f 1051//35 1050//35 1052//35
f 1051//35 1052//35 1053//35
f 1053//35 1052//35 1054//35
f 1053//35 1054//35 1055//35
f 1055//35 1054//35 1056//35
f 1055//35 1056//35 1057//35
f 1057//35 1056//35 1058//35
f 1057//35 1058//35 1059//35
f 1059//35 1058//35 1060//35
f 1059//35 1060//35 1061//35
f 1061//35 1060//35 1062//35
f 1061//35 1062//35 1063//35
f 1063//35 1062//35 1064//35
f 1063//35 1064//35 1065//35
f 1065//35 1064//35 1066//35
f 1065//35 1066//35 1067//35
f 1067//35 1066//35 1068//35
f 1067//35 1068//35 1069//35
f 629//35 1070//35 628//35
f 628//35 1070//35 1071//35
f 628//35 1071//35 1045//35
f 630//35 1072//35 629//35
f 629//35 1072//35 1073//35
f 629//35 1073//35 1074//35
f 631//35 1075//35 630//35
f 630//35 1075//35 1076//35
f 630//35 1076//35 1077//35
f 632//35 1078//35 631//35
f 631//35 1078//35 1079//35
f 631//35 1079//35 1080//35
f 633//35 1081//35 632//35
f 632//35 1081//35 1082//35
f 632//35 1082//35 1083//35
f 634//35 1084//35 633//35
f 633//35 1084//35 1085//35
f 633//35 1085//35 1086//35
f 635//35 1087//35 634//35
f 634//35 1087//35 1088//35
f 634//35 1088//35 1089//35
f 1089//35 1088//35 1090//35
f 1090//35 1088//35 1091//35
f 1090//35 1091//35 1092//35
f 1092//35 1091//35 1093//35
f 1092//35 1093//35 1094//35
f 1094//35 1093//35 1095//35
f 1094//35 1095//35 1096//35
f 1096//35 1095//35 1097//35
f 1096//35 1097//35 1098//35
f 636//35 1099//35 635//35
f 635//35 1099//35 1100//35
f 635//35 1100//35 1101//35
f 511//35 1102//35 636//35
f 636//35 1102//35 1103//35
f 636//35 1103//35 1104//35
f 503//35 1105//35 511//35
f 511//35 1105//35 1106//35
f 511//35 1106//35 1102//35
f 497//35 1107//35 503//35
f 503//35 1107//35 1108//35
f 503//35 1108//35 1109//35
f 492//35 1110//35 497//35
f 497//35 1110//35 1111//35
f 497//35 1111//35 1112//35
f 487//35 1113//35 492//35
f 492//35 1113//35 1114//35
f 492//35 1114//35 1115//35
f 480//35 1116//35 487//35
f 487//35 1116//35 1117//35
f 487//35 1117//35 1118//35
f 473//35 1119//35 480//35
f 480//35 1119//35 1120//35
f 480//35 1120//35 1121//35
f 472//35 1122//35 473//35
f 473//35 1122//35 1123//35
f 473//35 1123//35 1124//35
f 471//35 1125//35 472//35
f 472//35 1125//35 1126//35
f 472//35 1126//35 1127//35
f 1127//35 1126//35 1128//35
f 1128//35 1126//35 1129//35
f 1128//35 1129//35 1130//35
f 1130//35 1129//35 1131//35
f 1130//35 1131//35 1132//35
f 1132//35 1131//35 1133//35
f 1132//35 1133//35 1134//35
f 1134//35 1133//35 1135//35
f 1134//35 1135//35 1136//35
f 470//35 1137//35 471//35
f 471//35 1137//35 1138//35
f 471//35 1138//35 1139//35
f 469//35 1140//35 470//35
f 470//35 1140//35 1141//35
f 470//35 1141//35 1142//35
f 468//35 1143//35 469//35
f 469//35 1143//35 1144//35
f 469//35 1144//35 1140//35
f 467//35 1145//35 468//35
f 468//35 1145//35 1146//35
f 468//35 1146//35 1147//35
f 466//35 1148//35 467//35
f 467//35 1148//35 1149//35
f 467//35 1149//35 1150//35
f 465//35 1151//35 466//35
f 466//35 1151//35 1152//35
f 466//35 1152//35 1148//35
f 464//35 1153//35 465//35
f 465//35 1153//35 1154//35
f 465//35 1154//35 1155//35
f 463//35 1156//35 464//35
f 464//35 1156//35 1157//35
f 464//35 1157//35 1158//35
f 462//35 1159//35 463//35
f 463//35 1159//35 1160//35
f 463//35 1160//35 1161//35
f 461//35 1162//35 462//35
f 462//35 1162//35 1163//35
f 462//35 1163//35 1164//35
f 1164//35 1163//35 1165//35
f 1165//35 1163//35 1166//35
f 1165//35 1166//35 1167//35
f 460//35 1168//35 461//35
f 461//35 1168//35 1169//35
f 461//35 1169//35 1170//35
f 459//35 1171//35 460//35
f 460//35 1171//35 1172//35
f 460//35 1172//35 1173//35
f 458//35 1174//35 459//35
f 459//35 1174//35 1175//35
f 459//35 1175//35 1171//35
f 457//35 1176//35 458//35
f 458//35 1176//35 1177//35
f 458//35 1177//35 1178//35
f 456//35 1179//35 457//35
f 457//35 1179//35 1180//35
f 457//35 1180//35 1181//35
f 455//35 1182//35 456//35
f 456//35 1182//35 1183//35
f 456//35 1183//35 1179//35
f 454//35 1184//35 455//35
f 455//35 1184//35 1185//35
f 455//35 1185//35 1186//35
f 1187//35 1188//35 1189//35
f 1189//35 1188//35 1190//35
f 1189//35 1190//35 1191//35
f 1191//35 1190//35 1192//35
f 1191//35 1192//35 1193//35
f 1193//35 1192//35 1080//35
f 1080//35 1192//35 1194//35
f 1080//35 1194//35 631//35
f 631//35 1194//35 1075//35
f 1188//35 1187//35 1195//35
f 1195//35 1187//35 1196//35
f 1195//35 1196//35 1197//35
f 1197//35 1196//35 1198//35
f 1197//35 1198//35 1199//35
f 1199//35 1198//35 1200//35
f 1199//35 1200//35 1201//35
f 1201//35 1200//35 1202//35
f 1201//35 1202//35 1203//35
f 1203//35 1202//35 1204//35
f 1203//35 1204//35 1205//35
f 1205//35 1204//35 1206//35
f 1205//35 1206//35 1207//35
f 1207//35 1206//35 1208//35
f 1207//35 1208//35 1209//35
f 1210//35 1211//35 1206//35
f 1206//35 1211//35 1208//35
f 1077//35 1072//35 630//35
f 1074//35 1212//35 629//35
f 629//35 1212//35 1213//35
f 629//35 1213//35 1214//35
f 1214//35 1070//35 629//35
f 1215//35 1216//35 1066//35
f 1066//35 1216//35 1068//35
f 1047//35 1217//35 627//35
f 627//35 1217//35 1218//35
f 627//35 1218//35 1042//35
f 1044//35 1219//35 626//35
f 626//35 1219//35 1220//35
f 626//35 1220//35 1221//35
f 1221//35 1040//35 626//35
f 624//35 1039//35 1222//35
f 1222//35 1039//35 1223//35
f 1222//35 1223//35 1224//35
f 1224//35 1223//35 1225//35
f 1224//35 1225//35 1226//35
f 1226//35 1225//35 1227//35
f 1226//35 1227//35 1228//35
f 1228//35 1227//35 1229//35
f 1228//35 1229//35 1230//35
f 1230//35 1229//35 1231//35
f 1230//35 1231//35 1232//35
f 1232//35 1231//35 1233//35
f 1232//35 1233//35 1234//35
f 1234//35 1233//35 1235//35
f 1234//35 1235//35 1236//35
f 1236//35 1235//35 1237//35
f 1236//35 1237//35 1238//35
f 1238//35 1237//35 1239//35
f 1238//35 1239//35 1240//35
f 1240//35 1239//35 1241//35
f 1240//35 1241//35 1242//35
f 1242//35 1241//35 1243//35
f 1242//35 1243//35 1244//35
f 1245//35 1246//35 1241//35
f 1241//35 1246//35 1243//35
f 1222//35 1247//35 624//35
f 624//35 1247//35 1034//35
f 1036//35 1031//35 623//35
f 1033//35 1248//35 622//35
f 622//35 1248//35 1249//35
f 622//35 1249//35 1028//35
f 1030//35 1250//35 621//35
f 621//35 1250//35 1251//35
f 621//35 1251//35 1025//35
f 1250//35 1252//35 1251//35
f 1251//35 1252//35 1253//35
f 1253//35 1252//35 1254//35
f 1253//35 1254//35 1255//35
f 1255//35 1254//35 1256//35
f 1255//35 1256//35 1257//35
f 1257//35 1256//35 1258//35
f 1257//35 1258//35 1259//35
f 1259//35 1258//35 1260//35
f 1259//35 1260//35 1261//35
f 1261//35 1260//35 1262//35
f 1261//35 1262//35 1263//35
f 1263//35 1262//35 1264//35
f 1263//35 1264//35 1265//35
f 1265//35 1264//35 1266//35
f 1265//35 1266//35 1267//35
f 1267//35 1266//35 1268//35
f 1267//35 1268//35 1269//35
f 1269//35 1268//35 1270//35
f 1269//35 1270//35 1271//35
f 1271//35 1270//35 1272//35
f 1271//35 1272//35 1273//35
f 1274//35 1275//35 1270//35
f 1270//35 1275//35 1272//35
f 1027//35 1022//35 620//35
f 1024//35 1276//35 619//35
f 619//35 1276//35 1277//35
f 619//35 1277//35 1019//35
f 1021//35 993//35 618//35
f 1278//35 1279//35 1015//35
f 1015//35 1279//35 1017//35
f 995//35 1280//35 617//35
f 617//35 1280//35 990//35
f 992//35 1281//35 616//35
f 616//35 1281//35 1282//35
f 616//35 1282//35 987//35
f 989//35 984//35 615//35
f 614//35 986//35 1283//35
f 1283//35 986//35 1284//35
f 1283//35 1284//35 1285//35
f 1285//35 1284//35 1286//35
f 1285//35 1286//35 1287//35
f 1287//35 1286//35 1288//35
f 1287//35 1288//35 1289//35
f 1289//35 1288//35 1290//35
f 1289//35 1290//35 1291//35
f 1291//35 1290//35 1292//35
f 1291//35 1292//35 1293//35
f 1293//35 1292//35 1294//35
f 1293//35 1294//35 1295//35
f 1295//35 1294//35 1296//35
f 1295//35 1296//35 1297//35
f 1297//35 1296//35 1298//35
f 1297//35 1298//35 1299//35
f 1299//35 1298//35 1300//35
f 1299//35 1300//35 1301//35
f 1301//35 1300//35 1302//35
f 1301//35 1302//35 1303//35
f 1303//35 1302//35 1304//35
f 1303//35 1304//35 1305//35
f 1306//35 1307//35 1302//35
f 1302//35 1307//35 1304//35
f 1283//35 1308//35 614//35
f 614//35 1308//35 981//35
f 983//35 978//35 613//35
f 980//35 1309//35 612//35
f 612//35 1309//35 1310//35
f 612//35 1310//35 975//35
f 977//35 1311//35 611//35
f 611//35 1311//35 1312//35
f 611//35 1312//35 972//35
f 1312//35 1311//35 1313//35
f 1313//35 1311//35 1314//35
f 1313//35 1314//35 1315//35
f 1313//35 1315//35 1316//35
f 1316//35 1315//35 1317//35
f 1316//35 1317//35 1318//35
f 1318//35 1317//35 1319//35
f 1318//35 1319//35 1320//35
f 1320//35 1319//35 1321//35
f 1320//35 1321//35 1322//35
f 1322//35 1321//35 1323//35
f 1322//35 1323//35 1324//35
f 1324//35 1323//35 1325//35
f 1324//35 1325//35 1326//35
f 1326//35 1325//35 1327//35
f 1326//35 1327//35 1328//35
f 1328//35 1327//35 1329//35
f 1328//35 1329//35 1330//35
f 1330//35 1329//35 1331//35
f 1330//35 1331//35 1332//35
f 1332//35 1331//35 1333//35
f 1332//35 1333//35 1334//35
f 1335//35 1336//35 1331//35
f 1331//35 1336//35 1333//35
f 974//35 969//35 610//35
f 971//35 1337//35 609//35
f 609//35 1337//35 1338//35
f 609//35 1338//35 966//35
f 968//35 963//35 608//35
f 963//35 1339//35 964//35
f 964//35 1339//35 1340//35
f 1340//35 1339//35 1341//35
f 1341//35 1339//35 1342//35
f 1341//35 1342//35 1343//35
f 1343//35 1342//35 1344//35
f 1343//35 1344//35 1345//35
f 1345//35 1344//35 1346//35
f 1345//35 1346//35 1347//35
f 1347//35 1346//35 1348//35
f 1347//35 1348//35 1349//35
f 1347//35 1349//35 1350//35
f 1350//35 1349//35 1351//35
f 1350//35 1351//35 1352//35
f 1352//35 1351//35 1353//35
f 1352//35 1353//35 1354//35
f 1354//35 1353//35 1355//35
f 1354//35 1355//35 1356//35
f 1356//35 1355//35 1357//35
f 1356//35 1357//35 1358//35
f 1358//35 1357//35 1359//35
f 1358//35 1359//35 1360//35
f 1360//35 1359//35 1361//35
f 1360//35 1361//35 1362//35
f 1363//35 1364//35 1359//35
f 1359//35 1364//35 1361//35
f 965//35 960//35 607//35
f 962//35 1365//35 606//35
f 606//35 1365//35 1366//35
f 606//35 1366//35 957//35
f 959//35 954//35 605//35
f 1367//35 1368//35 956//35
f 956//35 1368//35 1369//35
f 956//35 1369//35 604//35
f 604//35 1369//35 1370//35
f 604//35 1370//35 951//35
f 1368//35 1367//35 1371//35
f 1371//35 1367//35 1372//35
f 1371//35 1372//35 1373//35
f 1373//35 1372//35 1374//35
f 1373//35 1374//35 1375//35
f 1375//35 1374//35 1376//35
f 1375//35 1376//35 1377//35
f 1375//35 1377//35 1378//35
f 1378//35 1377//35 1379//35
f 1378//35 1379//35 1380//35
f 1380//35 1379//35 1381//35
f 1380//35 1381//35 1382//35
f 1382//35 1381//35 1383//35
f 1382//35 1383//35 1384//35
f 1384//35 1383//35 1385//35
f 1384//35 1385//35 1386//35
f 1386//35 1385//35 1387//35
f 1386//35 1387//35 1388//35
f 1388//35 1387//35 1389//35
f 1388//35 1389//35 1390//35
f 1391//35 1392//35 1387//35
f 1387//35 1392//35 1389//35
f 953//35 948//35 603//35
f 950//35 1393//35 602//35
f 602//35 1393//35 1394//35
f 602//35 1394//35 945//35
f 947//35 1395//35 601//35
f 601//35 1395//35 1396//35
f 601//35 1396//35 942//35
f 1396//35 1395//35 1397//35
f 1397//35 1395//35 1398//35
f 1397//35 1398//35 1399//35
f 1399//35 1398//35 1400//35
f 1399//35 1400//35 1401//35
f 1401//35 1400//35 1402//35
f 1401//35 1402//35 1403//35
f 1403//35 1402//35 1404//35
f 1403//35 1404//35 1405//35
f 1403//35 1405//35 1406//35
f 1406//35 1405//35 1407//35
f 1406//35 1407//35 1408//35
f 1408//35 1407//35 1409//35
f 1408//35 1409//35 1410//35
f 1410//35 1409//35 1411//35
f 1410//35 1411//35 1412//35
f 1412//35 1411//35 1413//35
f 1412//35 1413//35 1414//35
f 1414//35 1413//35 1415//35
f 1414//35 1415//35 1416//35
f 1416//35 1415//35 1417//35
f 1416//35 1417//35 1418//35
f 1419//35 1420//35 1415//35
f 1415//35 1420//35 1417//35
f 944//35 939//35 564//35
f 941//35 1421//35 566//35
f 566//35 1421//35 1422//35
f 566//35 1422//35 936//35
f 938//35 924//35 574//35
f 933//35 935//35 1423//35
f 1423//35 935//35 1424//35
f 1423//35 1424//35 1425//35
f 1425//35 1424//35 1426//35
f 1425//35 1426//35 1427//35
f 1427//35 1426//35 1428//35
f 1427//35 1428//35 1429//35
f 1429//35 1428//35 1430//35
f 1429//35 1430//35 1431//35
f 1431//35 1430//35 1432//35
f 1431//35 1432//35 1433//35
f 1433//35 1432//35 1434//35
f 1433//35 1434//35 1435//35
f 1436//35 1437//35 1432//35
f 1432//35 1437//35 1434//35
f 926//35 1438//35 580//35
f 580//35 1438//35 1439//35
f 580//35 1439//35 921//35
f 923//35 1440//35 585//35
f 585//35 1440//35 1441//35
f 585//35 1441//35 918//35
f 920//35 915//35 590//35
f 1442//35 1443//35 917//35
f 917//35 1443//35 1444//35
f 917//35 1444//35 530//35
f 530//35 1444//35 1445//35
f 530//35 1445//35 912//35
f 1443//35 1442//35 1446//35
f 1446//35 1442//35 1447//35
f 1446//35 1447//35 1448//35
f 1448//35 1447//35 1449//35
f 1448//35 1449//35 1450//35
f 1450//35 1449//35 1451//35
f 1450//35 1451//35 1452//35
f 1450//35 1452//35 1453//35
f 1453//35 1452//35 1454//35
f 1453//35 1454//35 1455//35
f 1455//35 1454//35 1456//35
f 1455//35 1456//35 1457//35
f 1457//35 1456//35 1458//35
f 1457//35 1458//35 1459//35
f 1459//35 1458//35 1460//35
f 1459//35 1460//35 1461//35
f 1461//35 1460//35 1462//35
f 1461//35 1462//35 1463//35
f 1463//35 1462//35 1464//35
f 1463//35 1464//35 1465//35
f 1466//35 1467//35 1462//35
f 1462//35 1467//35 1464//35
f 914//35 909//35 529//35
f 911//35 1468//35 528//35
f 528//35 1468//35 1469//35
f 528//35 1469//35 906//35
f 908//35 1470//35 527//35
f 527//35 1470//35 1471//35
f 527//35 1471//35 903//35
f 1471//35 1470//35 1472//35
f 1472//35 1470//35 1473//35
f 1472//35 1473//35 1474//35
f 1474//35 1473//35 1475//35
f 1474//35 1475//35 1476//35
f 1476//35 1475//35 1477//35
f 1476//35 1477//35 1478//35
f 1478//35 1477//35 1479//35
f 1478//35 1479//35 1480//35
f 1478//35 1480//35 1481//35
f 1481//35 1480//35 1482//35
f 1481//35 1482//35 1483//35
f 1483//35 1482//35 1484//35
f 1483//35 1484//35 1485//35
f 1485//35 1484//35 1486//35
f 1485//35 1486//35 1487//35
f 1487//35 1486//35 1488//35
f 1487//35 1488//35 1489//35
f 1489//35 1488//35 1490//35
f 1489//35 1490//35 1491//35
f 1491//35 1490//35 1492//35
f 1491//35 1492//35 1493//35
f 1494//35 1495//35 1490//35
f 1490//35 1495//35 1492//35
f 905//35 900//35 526//35
f 902//35 1496//35 525//35
f 525//35 1496//35 1497//35
f 525//35 1497//35 897//35
f 899//35 891//35 524//35
f 894//35 896//35 1498//35
f 1498//35 896//35 1499//35
f 1498//35 1499//35 1500//35
f 1500//35 1499//35 1501//35
f 1500//35 1501//35 1502//35
f 1502//35 1501//35 1503//35
f 1502//35 1503//35 1504//35
f 1504//35 1503//35 1505//35
f 1504//35 1505//35 1506//35
f 1506//35 1505//35 1507//35
f 1506//35 1507//35 1508//35
f 1508//35 1507//35 1509//35
f 1508//35 1509//35 1510//35
f 1510//35 1509//35 1511//35
f 1510//35 1511//35 1512//35
f 1512//35 1511//35 1513//35
f 1512//35 1513//35 1514//35
f 1514//35 1513//35 1515//35
f 1514//35 1515//35 1516//35
f 1517//35 1518//35 1513//35
f 1513//35 1518//35 1515//35
f 893//35 1519//35 523//35
f 523//35 1519//35 1520//35
f 523//35 1520//35 888//35
f 890//35 1521//35 522//35
f 522//35 1521//35 1522//35
f 522//35 1522//35 885//35
f 887//35 882//35 521//35
f 520//35 884//35 1523//35
f 1523//35 884//35 1524//35
f 1523//35 1524//35 1525//35
f 1525//35 1524//35 1526//35
f 1525//35 1526//35 1527//35
f 1527//35 1526//35 1528//35
f 1527//35 1528//35 1529//35
f 1529//35 1528//35 1530//35
f 1529//35 1530//35 1531//35
f 1531//35 1530//35 1532//35
f 1531//35 1532//35 1533//35
f 1533//35 1532//35 1534//35
f 1533//35 1534//35 1535//35
f 1535//35 1534//35 1536//35
f 1535//35 1536//35 1537//35
f 1537//35 1536//35 1538//35
f 1537//35 1538//35 1539//35
f 1539//35 1538//35 1540//35
f 1539//35 1540//35 1541//35
f 1541//35 1540//35 1542//35
f 1541//35 1542//35 1543//35
f 1543//35 1542//35 1544//35
f 1543//35 1544//35 1545//35
f 1546//35 1547//35 1542//35
f 1542//35 1547//35 1544//35
f 1523//35 1548//35 520//35
f 520//35 1548//35 879//35
f 881//35 876//35 519//35
f 878//35 1549//35 518//35
f 518//35 1549//35 1550//35
f 518//35 1550//35 873//35
f 875//35 1551//35 517//35
f 517//35 1551//35 1552//35
f 517//35 1552//35 870//35
f 1551//35 1553//35 1552//35
f 1552//35 1553//35 1554//35
f 1554//35 1553//35 1555//35
f 1554//35 1555//35 1556//35
f 1556//35 1555//35 1557//35
f 1556//35 1557//35 1558//35
f 1558//35 1557//35 1559//35
f 1558//35 1559//35 1560//35
f 1560//35 1559//35 1561//35
f 1560//35 1561//35 1562//35
f 1562//35 1561//35 1563//35
f 1562//35 1563//35 1564//35
f 1564//35 1563//35 1565//35
f 1564//35 1565//35 1566//35
f 1566//35 1565//35 1567//35
f 1566//35 1567//35 1568//35
f 1568//35 1567//35 1569//35
f 1568//35 1569//35 1570//35
f 1570//35 1569//35 1571//35
f 1570//35 1571//35 1572//35
f 1572//35 1571//35 1573//35
f 1572//35 1573//35 1574//35
f 1575//35 1576//35 1571//35
f 1571//35 1576//35 1573//35
f 872//35 867//35 516//35
f 869//35 1577//35 515//35
f 515//35 1577//35 1578//35
f 515//35 1578//35 864//35
f 866//35 839//35 514//35
f 1579//35 1580//35 860//35
f 860//35 1580//35 862//35
f 841//35 1581//35 513//35
f 513//35 1581//35 1582//35
f 513//35 1582//35 836//35
f 838//35 1583//35 453//35
f 453//35 1583//35 1584//35
f 453//35 1584//35 833//35
f 835//35 1184//35 454//35
f 455//35 1186//35 1585//35
f 1585//35 1186//35 1586//35
f 1585//35 1586//35 1587//35
f 1587//35 1586//35 1588//35
f 1587//35 1588//35 1589//35
f 1589//35 1588//35 1590//35
f 1589//35 1590//35 1591//35
f 1591//35 1590//35 1592//35
f 1591//35 1592//35 1593//35
f 1593//35 1592//35 1594//35
f 1593//35 1594//35 1595//35
f 1595//35 1594//35 1596//35
f 1595//35 1596//35 1597//35
f 1597//35 1596//35 1598//35
f 1597//35 1598//35 1599//35
f 1599//35 1598//35 1600//35
f 1599//35 1600//35 1601//35
f 1601//35 1600//35 1602//35
f 1601//35 1602//35 1603//35
f 1603//35 1602//35 1604//35
f 1603//35 1604//35 1605//35
f 1605//35 1604//35 1606//35
f 1605//35 1606//35 1607//35
f 1608//35 1609//35 1604//35
f 1604//35 1609//35 1606//35
f 1585//35 1610//35 455//35
f 455//35 1610//35 1182//35
f 1181//35 1611//35 457//35
f 457//35 1611//35 1612//35
f 457//35 1612//35 1613//35
f 1613//35 1176//35 457//35
f 458//35 1178//35 1174//35
f 1174//35 1178//35 1614//35
f 1174//35 1614//35 1615//35
f 1615//35 1614//35 1616//35
f 1615//35 1616//35 1617//35
f 1617//35 1616//35 1618//35
f 1617//35 1618//35 1619//35
f 1619//35 1618//35 1620//35
f 1619//35 1620//35 1621//35
f 1621//35 1620//35 1622//35
f 1621//35 1622//35 1623//35
f 1623//35 1622//35 1624//35
f 1623//35 1624//35 1625//35
f 1625//35 1624//35 1626//35
f 1625//35 1626//35 1627//35
f 1627//35 1626//35 1628//35
f 1627//35 1628//35 1629//35
f 1629//35 1628//35 1630//35
f 1629//35 1630//35 1631//35
f 1631//35 1630//35 1632//35
f 1631//35 1632//35 1633//35
f 1633//35 1632//35 1634//35
f 1633//35 1634//35 1635//35
f 1635//35 1634//35 1636//35
f 1635//35 1636//35 1637//35
f 1638//35 1639//35 1634//35
f 1634//35 1639//35 1636//35
f 1173//35 1640//35 460//35
f 460//35 1640//35 1641//35
f 460//35 1641//35 1642//35
f 1642//35 1168//35 460//35
f 1170//35 1162//35 461//35
f 1165//35 1167//35 1643//35
f 1643//35 1167//35 1644//35
f 1643//35 1644//35 1645//35
f 1645//35 1644//35 1646//35
f 1645//35 1646//35 1647//35
f 1647//35 1646//35 1648//35
f 1647//35 1648//35 1649//35
f 1649//35 1648//35 1650//35
f 1649//35 1650//35 1651//35
f 1651//35 1650//35 1652//35
f 1651//35 1652//35 1653//35
f 1653//35 1652//35 1654//35
f 1653//35 1654//35 1655//35
f 1655//35 1654//35 1656//35
f 1655//35 1656//35 1657//35
f 1657//35 1656//35 1658//35
f 1657//35 1658//35 1659//35
f 1659//35 1658//35 1660//35
f 1659//35 1660//35 1661//35
f 1662//35 1663//35 1658//35
f 1658//35 1663//35 1660//35
f 1164//35 1664//35 462//35
f 462//35 1664//35 1159//35
f 1161//35 1665//35 463//35
f 463//35 1665//35 1666//35
f 463//35 1666//35 1667//35
f 1667//35 1156//35 463//35
f 1158//35 1153//35 464//35
f 1668//35 1669//35 1155//35
f 1155//35 1669//35 1670//35
f 1155//35 1670//35 465//35
f 465//35 1670//35 1671//35
f 465//35 1671//35 1151//35
f 1669//35 1668//35 1672//35
f 1672//35 1668//35 1673//35
f 1672//35 1673//35 1674//35
f 1674//35 1673//35 1675//35
f 1674//35 1675//35 1676//35
f 1676//35 1675//35 1677//35
f 1676//35 1677//35 1678//35
f 1676//35 1678//35 1679//35
f 1679//35 1678//35 1680//35
f 1679//35 1680//35 1681//35
f 1681//35 1680//35 1682//35
f 1681//35 1682//35 1683//35
f 1683//35 1682//35 1684//35
f 1683//35 1684//35 1685//35
f 1685//35 1684//35 1686//35
f 1685//35 1686//35 1687//35
f 1687//35 1686//35 1688//35
f 1687//35 1688//35 1689//35
f 1689//35 1688//35 1690//35
f 1689//35 1690//35 1691//35
f 1692//35 1693//35 1688//35
f 1688//35 1693//35 1690//35
f 1150//35 1694//35 467//35
f 467//35 1694//35 1695//35
f 467//35 1695//35 1696//35
f 1696//35 1145//35 467//35
f 1697//35 1698//35 1147//35
f 1147//35 1698//35 1143//35
f 1147//35 1143//35 468//35
f 1698//35 1697//35 1699//35
f 1699//35 1697//35 1700//35
f 1699//35 1700//35 1701//35
f 1701//35 1700//35 1702//35
f 1701//35 1702//35 1703//35
f 1703//35 1702//35 1704//35
f 1703//35 1704//35 1705//35
f 1705//35 1704//35 1706//35
f 1705//35 1706//35 1707//35
f 1705//35 1707//35 1708//35
f 1708//35 1707//35 1709//35
f 1708//35 1709//35 1710//35
f 1710//35 1709//35 1711//35
f 1710//35 1711//35 1712//35
f 1712//35 1711//35 1713//35
f 1712//35 1713//35 1714//35
f 1714//35 1713//35 1715//35
f 1714//35 1715//35 1716//35
f 1716//35 1715//35 1717//35
f 1716//35 1717//35 1718//35
f 1718//35 1717//35 1719//35
f 1718//35 1719//35 1720//35
f 1721//35 1722//35 1717//35
f 1717//35 1722//35 1719//35
f 1142//35 1723//35 470//35
f 470//35 1723//35 1724//35
f 470//35 1724//35 1725//35
f 1725//35 1137//35 470//35
f 1139//35 1125//35 471//35
f 1134//35 1136//35 1726//35
f 1726//35 1136//35 1727//35
f 1726//35 1727//35 1728//35
f 1728//35 1727//35 1729//35
f 1728//35 1729//35 1730//35
f 1730//35 1729//35 1731//35
f 1730//35 1731//35 1732//35
f 1732//35 1731//35 1733//35
f 1732//35 1733//35 1734//35
f 1734//35 1733//35 1735//35
f 1734//35 1735//35 1736//35
f 1736//35 1735//35 1737//35
f 1736//35 1737//35 1738//35
f 1739//35 1740//35 1735//35
f 1735//35 1740//35 1737//35
f 1127//35 1741//35 472//35
f 472//35 1741//35 1122//35
f 1124//35 1742//35 473//35
f 473//35 1742//35 1743//35
f 473//35 1743//35 1119//35
f 1121//35 1744//35 480//35
f 480//35 1744//35 1116//35
f 1745//35 1746//35 1118//35
f 1118//35 1746//35 1747//35
f 1118//35 1747//35 487//35
f 487//35 1747//35 1113//35
f 1746//35 1745//35 1748//35
f 1748//35 1745//35 1749//35
f 1748//35 1749//35 1750//35
f 1750//35 1749//35 1751//35
f 1750//35 1751//35 1752//35
f 1752//35 1751//35 1753//35
f 1752//35 1753//35 1754//35
f 1752//35 1754//35 1755//35
f 1755//35 1754//35 1756//35
f 1755//35 1756//35 1757//35
f 1757//35 1756//35 1758//35
f 1757//35 1758//35 1759//35
f 1759//35 1758//35 1760//35
f 1759//35 1760//35 1761//35
f 1761//35 1760//35 1762//35
f 1761//35 1762//35 1763//35
f 1763//35 1762//35 1764//35
f 1763//35 1764//35 1765//35
f 1765//35 1764//35 1766//35
f 1765//35 1766//35 1767//35
f 1768//35 1769//35 1764//35
f 1764//35 1769//35 1766//35
f 1115//35 1110//35 492//35
f 1112//35 1770//35 497//35
f 497//35 1770//35 1771//35
f 497//35 1771//35 1772//35
f 1772//35 1107//35 497//35
f 503//35 1109//35 1773//35
f 1773//35 1109//35 1774//35
f 1773//35 1774//35 1775//35
f 1775//35 1774//35 1776//35
f 1775//35 1776//35 1777//35
f 1777//35 1776//35 1778//35
f 1777//35 1778//35 1779//35
f 1779//35 1778//35 1780//35
f 1779//35 1780//35 1781//35
f 1781//35 1780//35 1782//35
f 1781//35 1782//35 1783//35
f 1781//35 1783//35 1784//35
f 1784//35 1783//35 1785//35
f 1784//35 1785//35 1786//35
f 1786//35 1785//35 1787//35
f 1786//35 1787//35 1788//35
f 1788//35 1787//35 1789//35
f 1788//35 1789//35 1790//35
f 1790//35 1789//35 1791//35
f 1790//35 1791//35 1792//35
f 1792//35 1791//35 1793//35
f 1792//35 1793//35 1794//35
f 1794//35 1793//35 1795//35
f 1794//35 1795//35 1796//35
f 1797//35 1798//35 1793//35
f 1793//35 1798//35 1795//35
f 1773//35 1105//35 503//35
f 1104//35 1799//35 636//35
f 636//35 1799//35 1800//35
f 636//35 1800//35 1801//35
f 1801//35 1099//35 636//35
f 1101//35 1087//35 635//35
f 1096//35 1098//35 1802//35
f 1802//35 1098//35 1803//35
f 1802//35 1803//35 1804//35
f 1804//35 1803//35 1805//35
f 1804//35 1805//35 1806//35
f 1806//35 1805//35 1807//35
f 1806//35 1807//35 1808//35
f 1808//35 1807//35 1809//35
f 1808//35 1809//35 1810//35
f 1810//35 1809//35 1811//35
f 1810//35 1811//35 1812//35
f 1812//35 1811//35 1813//35
f 1812//35 1813//35 1814//35
f 1815//35 1816//35 1811//35
f 1811//35 1816//35 1813//35
f 1089//35 1817//35 634//35
f 634//35 1817//35 1084//35
f 1086//35 1818//35 633//35
f 633//35 1818//35 1081//35
f 1083//35 1819//35 632//35
f 632//35 1819//35 1820//35
f 632//35 1820//35 1078//35
f 395//35 413//35 375//35
f 375//35 413//35 418//35
f 1215//759 1821//759 1216//759
f 1216//759 1821//759 1822//759
f 1216//760 1822//760 1068//760
f 1068//760 1822//760 1823//760
f 1068//761 1823//761 1069//761
f 1069//761 1823//761 1824//761
f 1825//762 1826//762 1827//762
f 1827//763 1826//763 1055//763
f 1827//764 1055//764 1057//764
f 1826//765 1053//765 1055//765
f 1059//766 1828//766 1057//766
f 1057//767 1828//767 1829//767
f 1057//768 1829//768 1827//768
f 1828//769 1059//769 1830//769
f 1830//770 1059//770 1061//770
f 1830//771 1061//771 1831//771
f 1831//772 1061//772 1063//772
f 1831//773 1063//773 1832//773
f 1832//774 1063//774 1065//774
f 1832//775 1065//775 1833//775
f 1833//776 1065//776 1067//776
f 1833//777 1067//777 1824//777
f 1824//778 1067//778 1069//778
f 1052//779 1834//779 1054//779
f 1054//780 1834//780 1835//780
f 1054//781 1835//781 1836//781
f 1834//782 1837//782 1835//782
f 1838//783 1058//783 1836//783
f 1836//784 1058//784 1056//784
f 1836//785 1056//785 1054//785
f 1058//786 1838//786 1060//786
f 1060//787 1838//787 1839//787
f 1060//788 1839//788 1062//788
f 1062//789 1839//789 1840//789
f 1062//790 1840//790 1064//790
f 1064//791 1840//791 1841//791
f 1064//480 1841//480 1066//480
f 1066//792 1841//792 1842//792
f 1066//793 1842//793 1215//793
f 1215//794 1842//794 1821//794
f 1052//795 1050//795 1834//795
f 1834//796 1050//796 1843//796
f 1834//797 1843//797 1844//797
f 1844//798 1843//798 1845//798
f 1844//798 1845//798 1846//798
f 1846//799 1845//799 1847//799
f 1846//799 1847//799 1848//799
f 1848//800 1847//800 1849//800
f 1848//800 1849//800 1850//800
f 1850//801 1849//801 1851//801
f 1850//801 1851//801 1852//801
f 1852//802 1851//802 1853//802
f 1852//802 1853//802 1854//802
f 1854//803 1853//803 1855//803
f 1854//803 1855//803 1856//803
f 1856//804 1855//804 1857//804
f 1856//805 1857//805 1858//805
f 1858//806 1857//806 1859//806
f 1050//807 1048//807 1843//807
f 1843//808 1048//808 1845//808
f 1845//809 1048//809 1847//809
f 1847//810 1048//810 1046//810
f 1847//811 1046//811 1849//811
f 1849//812 1046//812 1045//812
f 1849//813 1045//813 1851//813
f 1851//814 1045//814 1071//814
f 1851//815 1071//815 1853//815
f 1853//816 1071//816 1070//816
f 1853//817 1070//817 1855//817
f 1855//818 1070//818 1214//818
f 1855//819 1214//819 1857//819
f 1857//820 1214//820 1213//820
f 1858//821 1860//821 1856//821
f 1856//822 1860//822 1854//822
f 1860//823 1861//823 1854//823
f 1854//824 1861//824 1852//824
f 1861//825 1862//825 1852//825
f 1852//826 1862//826 1850//826
f 1862//827 1863//827 1850//827
f 1850//828 1863//828 1848//828
f 1863//829 1864//829 1848//829
f 1848//830 1864//830 1846//830
f 1846//831 1864//831 1844//831
f 1844//832 1864//832 1865//832
f 1844//833 1865//833 1837//833
f 1837//797 1834//797 1844//797
f 1044//834 1043//834 1866//834
f 1866//835 1043//835 1867//835
f 1866//836 1867//836 1868//836
f 1868//837 1867//837 1869//837
f 1868//837 1869//837 1870//837
f 1870//838 1869//838 1871//838
f 1870//838 1871//838 1872//838
f 1872//839 1871//839 1873//839
f 1872//839 1873//839 1874//839
f 1874//840 1873//840 1875//840
f 1874//840 1875//840 1876//840
f 1876//841 1875//841 1877//841
f 1876//841 1877//841 1878//841
f 1878//842 1877//842 1879//842
f 1878//842 1879//842 1880//842
f 1880//843 1879//843 1826//843
f 1880//844 1826//844 1881//844
f 1881//845 1826//845 1825//845
f 1043//846 1042//846 1867//846
f 1867//847 1042//847 1869//847
f 1869//848 1042//848 1871//848
f 1871//849 1042//849 1218//849
f 1871//850 1218//850 1873//850
f 1873//851 1218//851 1217//851
f 1873//852 1217//852 1875//852
f 1875//853 1217//853 1047//853
f 1875//854 1047//854 1877//854
f 1877//855 1047//855 1049//855
f 1877//856 1049//856 1879//856
f 1879//857 1049//857 1051//857
f 1879//858 1051//858 1826//858
f 1826//845 1051//845 1053//845
f 1881//859 1882//859 1880//859
f 1880//860 1882//860 1878//860
f 1882//861 1883//861 1878//861
f 1878//862 1883//862 1876//862
f 1883//863 1884//863 1876//863
f 1876//864 1884//864 1874//864
f 1884//865 1885//865 1874//865
f 1874//866 1885//866 1872//866
f 1885//867 1886//867 1872//867
f 1872//868 1886//868 1870//868
f 1870//869 1886//869 1868//869
f 1868//846 1886//846 1887//846
f 1868//870 1887//870 1888//870
f 1888//836 1866//836 1868//836
f 1889//871 1890//871 1891//871
f 1891//872 1890//872 1892//872
f 1892//873 1890//873 1221//873
f 1892//874 1221//874 1866//874
f 1866//875 1221//875 1220//875
f 1866//872 1220//872 1219//872
f 1219//876 1044//876 1866//876
f 1866//876 1888//876 1892//876
f 1245//877 1893//877 1246//877
f 1246//877 1893//877 1894//877
f 1246//878 1894//878 1243//878
f 1243//878 1894//878 1895//878
f 1243//879 1895//879 1244//879
f 1244//879 1895//879 1896//879
f 1227//880 1897//880 1229//880
f 1229//881 1897//881 1898//881
f 1229//882 1898//882 1899//882
f 1897//883 1900//883 1898//883
f 1901//884 1233//884 1899//884
f 1899//885 1233//885 1231//885
f 1899//886 1231//886 1229//886
f 1233//887 1901//887 1235//887
f 1235//888 1901//888 1902//888
f 1235//889 1902//889 1237//889
f 1237//890 1902//890 1903//890
f 1237//891 1903//891 1239//891
f 1239//892 1903//892 1904//892
f 1239//893 1904//893 1241//893
f 1241//894 1904//894 1905//894
f 1241//895 1905//895 1245//895
f 1245//896 1905//896 1893//896
f 1889//897 1906//897 1890//897
f 1890//898 1906//898 1907//898
f 1890//899 1907//899 1908//899
f 1908//900 1907//900 1909//900
f 1908//900 1909//900 1910//900
f 1910//901 1909//901 1911//901
f 1910//901 1911//901 1912//901
f 1912//902 1911//902 1913//902
f 1912//902 1913//902 1914//902
f 1914//903 1913//903 1915//903
f 1914//903 1915//903 1916//903
f 1916//904 1915//904 1917//904
f 1916//905 1917//905 1918//905
f 1918//906 1917//906 1919//906
f 1918//906 1919//906 1920//906
f 1920//907 1919//907 1897//907
f 1920//908 1897//908 1225//908
f 1225//909 1897//909 1227//909
f 1906//910 1921//910 1907//910
f 1907//911 1921//911 1909//911
f 1921//912 1922//912 1909//912
f 1909//913 1922//913 1911//913
f 1922//914 1923//914 1911//914
f 1911//915 1923//915 1913//915
f 1923//916 1924//916 1913//916
f 1913//917 1924//917 1915//917
f 1924//918 1925//918 1915//918
f 1915//919 1925//919 1917//919
f 1917//920 1925//920 1919//920
f 1919//921 1925//921 1926//921
f 1919//922 1926//922 1900//922
f 1900//907 1897//907 1919//907
f 1225//923 1223//923 1920//923
f 1920//924 1223//924 1918//924
f 1918//925 1223//925 1916//925
f 1916//926 1223//926 1039//926
f 1916//927 1039//927 1914//927
f 1914//928 1039//928 1038//928
f 1914//929 1038//929 1912//929
f 1912//930 1038//930 1037//930
f 1912//931 1037//931 1910//931
f 1910//932 1037//932 1041//932
f 1910//933 1041//933 1908//933
f 1908//934 1041//934 1040//934
f 1908//935 1040//935 1890//935
f 1890//897 1040//897 1221//897
f 1927//936 1928//936 1929//936
f 1929//937 1928//937 1230//937
f 1929//938 1230//938 1232//938
f 1928//198 1228//198 1230//198
f 1234//939 1930//939 1232//939
f 1232//940 1930//940 1931//940
f 1232//941 1931//941 1929//941
f 1930//942 1234//942 1932//942
f 1932//943 1234//943 1236//943
f 1932//944 1236//944 1933//944
f 1933//945 1236//945 1238//945
f 1933//946 1238//946 1934//946
f 1934//947 1238//947 1240//947
f 1934//948 1240//948 1935//948
f 1935//949 1240//949 1242//949
f 1935//950 1242//950 1896//950
f 1896//951 1242//951 1244//951
f 1031//952 1036//952 1936//952
f 1936//953 1036//953 1937//953
f 1936//954 1937//954 1938//954
f 1938//955 1937//955 1939//955
f 1938//955 1939//955 1940//955
f 1940//956 1939//956 1941//956
f 1940//956 1941//956 1942//956
f 1942//957 1941//957 1943//957
f 1942//957 1943//957 1944//957
f 1944//958 1943//958 1945//958
f 1944//958 1945//958 1946//958
f 1946//959 1945//959 1947//959
f 1946//959 1947//959 1948//959
f 1948//960 1947//960 1949//960
f 1948//960 1949//960 1950//960
f 1950//961 1949//961 1928//961
f 1950//962 1928//962 1951//962
f 1951//963 1928//963 1927//963
f 1036//964 1035//964 1937//964
f 1937//965 1035//965 1939//965
f 1035//966 1034//966 1939//966
f 1939//967 1034//967 1941//967
f 1034//968 1247//968 1941//968
f 1941//969 1247//969 1943//969
f 1247//970 1222//970 1943//970
f 1943//971 1222//971 1945//971
f 1222//972 1224//972 1945//972
f 1945//973 1224//973 1947//973
f 1947//974 1224//974 1949//974
f 1949//975 1224//975 1226//975
f 1949//976 1226//976 1228//976
f 1228//961 1928//961 1949//961
f 1951//977 1952//977 1950//977
f 1950//978 1952//978 1948//978
f 1948//979 1952//979 1946//979
f 1946//980 1952//980 1953//980
f 1946//981 1953//981 1944//981
f 1944//982 1953//982 1954//982
f 1944//983 1954//983 1942//983
f 1942//984 1954//984 1955//984
f 1942//985 1955//985 1940//985
f 1940//986 1955//986 1956//986
f 1940//987 1956//987 1938//987
f 1938//988 1956//988 1957//988
f 1938//989 1957//989 1936//989
f 1936//952 1957//952 1958//952
f 1959//990 1960//990 1961//990
f 1961//991 1960//991 1962//991
f 1962//992 1960//992 1248//992
f 1962//993 1248//993 1936//993
f 1936//994 1248//994 1033//994
f 1936//995 1033//995 1032//995
f 1032//996 1031//996 1936//996
f 1936//996 1958//996 1962//996
f 1274//997 1963//997 1275//997
f 1275//997 1963//997 1964//997
f 1275//998 1964//998 1272//998
f 1272//998 1964//998 1965//998
f 1272//999 1965//999 1273//999
f 1273//999 1965//999 1966//999
f 1256//1000 1967//1000 1258//1000
f 1258//1001 1967//1001 1968//1001
f 1258//1002 1968//1002 1969//1002
f 1967//1003 1970//1003 1968//1003
f 1971//1004 1262//1004 1969//1004
f 1969//1005 1262//1005 1260//1005
f 1969//1006 1260//1006 1258//1006
f 1262//1007 1971//1007 1264//1007
f 1264//1008 1971//1008 1972//1008
f 1264//1009 1972//1009 1266//1009
f 1266//1010 1972//1010 1973//1010
f 1266//1011 1973//1011 1268//1011
f 1268//1012 1973//1012 1974//1012
f 1268//1013 1974//1013 1270//1013
f 1270//1014 1974//1014 1975//1014
f 1270//1015 1975//1015 1274//1015
f 1274//1016 1975//1016 1963//1016
f 1959//1017 1976//1017 1960//1017
f 1960//1018 1976//1018 1977//1018
f 1960//1019 1977//1019 1978//1019
f 1978//1020 1977//1020 1979//1020
f 1978//1020 1979//1020 1980//1020
f 1980//1021 1979//1021 1981//1021
f 1980//1021 1981//1021 1982//1021
f 1982//1022 1981//1022 1983//1022
f 1982//1022 1983//1022 1984//1022
f 1984//1023 1983//1023 1985//1023
f 1984//1023 1985//1023 1986//1023
f 1986//1024 1985//1024 1987//1024
f 1986//1024 1987//1024 1988//1024
f 1988//1025 1987//1025 1989//1025
f 1988//1025 1989//1025 1990//1025
f 1990//1026 1989//1026 1967//1026
f 1990//1027 1967//1027 1254//1027
f 1254//1028 1967//1028 1256//1028
f 1976//1029 1991//1029 1977//1029
f 1977//1030 1991//1030 1979//1030
f 1991//1031 1992//1031 1979//1031
f 1979//1032 1992//1032 1981//1032
f 1992//1033 1993//1033 1981//1033
f 1981//1034 1993//1034 1983//1034
f 1993//1035 1994//1035 1983//1035
f 1983//1036 1994//1036 1985//1036
f 1994//1037 1995//1037 1985//1037
f 1985//1024 1995//1024 1987//1024
f 1987//1038 1995//1038 1989//1038
f 1989//1039 1995//1039 1996//1039
f 1989//1040 1996//1040 1970//1040
f 1970//1026 1967//1026 1989//1026
f 1254//1041 1252//1041 1990//1041
f 1990//1042 1252//1042 1988//1042
f 1988//1043 1252//1043 1986//1043
f 1986//1044 1252//1044 1250//1044
f 1986//1045 1250//1045 1984//1045
f 1984//1046 1250//1046 1030//1046
f 1984//1047 1030//1047 1982//1047
f 1982//1048 1030//1048 1029//1048
f 1982//1049 1029//1049 1980//1049
f 1980//1050 1029//1050 1028//1050
f 1980//1051 1028//1051 1978//1051
f 1978//1052 1028//1052 1249//1052
f 1978//1053 1249//1053 1960//1053
f 1960//1054 1249//1054 1248//1054
f 1997//1055 1998//1055 1999//1055
f 1999//1056 1998//1056 1259//1056
f 1999//1057 1259//1057 1261//1057
f 1998//1058 1257//1058 1259//1058
f 1263//1059 2000//1059 1261//1059
f 1261//1060 2000//1060 2001//1060
f 1261//1061 2001//1061 1999//1061
f 2000//1062 1263//1062 2002//1062
f 2002//1063 1263//1063 1265//1063
f 2002//1064 1265//1064 2003//1064
f 2003//1065 1265//1065 1267//1065
f 2003//1066 1267//1066 2004//1066
f 2004//1067 1267//1067 1269//1067
f 2004//1068 1269//1068 2005//1068
f 2005//1069 1269//1069 1271//1069
f 2005//1070 1271//1070 1966//1070
f 1966//1071 1271//1071 1273//1071
f 1023//1072 1022//1072 2006//1072
f 2006//1073 1022//1073 2007//1073
f 2006//1074 2007//1074 2008//1074
f 2008//1075 2007//1075 2009//1075
f 2008//1075 2009//1075 2010//1075
f 2010//1076 2009//1076 2011//1076
f 2010//1076 2011//1076 2012//1076
f 2012//1077 2011//1077 2013//1077
f 2012//1077 2013//1077 2014//1077
f 2014//1078 2013//1078 2015//1078
f 2014//1078 2015//1078 2016//1078
f 2016//1079 2015//1079 2017//1079
f 2016//1079 2017//1079 2018//1079
f 2018//1080 2017//1080 2019//1080
f 2018//1080 2019//1080 2020//1080
f 2020//1081 2019//1081 1998//1081
f 2020//1082 1998//1082 2021//1082
f 2021//1083 1998//1083 1997//1083
f 1022//1084 1027//1084 2007//1084
f 2007//1085 1027//1085 2009//1085
f 1027//1086 1026//1086 2009//1086
f 2009//1087 1026//1087 2011//1087
f 1026//1088 1025//1088 2011//1088
f 2011//1089 1025//1089 2013//1089
f 1025//1090 1251//1090 2013//1090
f 2013//1091 1251//1091 2015//1091
f 1251//1092 1253//1092 2015//1092
f 2015//1093 1253//1093 2017//1093
f 2017//1094 1253//1094 2019//1094
f 2019//1095 1253//1095 1255//1095
f 2019//1096 1255//1096 1257//1096
f 1257//1081 1998//1081 2019//1081
f 2021//1097 2022//1097 2020//1097
f 2020//1098 2022//1098 2018//1098
f 2018//1099 2022//1099 2016//1099
f 2016//1100 2022//1100 2023//1100
f 2016//1101 2023//1101 2014//1101
f 2014//1102 2023//1102 2024//1102
f 2014//1103 2024//1103 2012//1103
f 2012//1104 2024//1104 2025//1104
f 2012//1105 2025//1105 2010//1105
f 2010//1106 2025//1106 2026//1106
f 2010//1107 2026//1107 2008//1107
f 2008//1108 2026//1108 2027//1108
f 2008//1109 2027//1109 2006//1109
f 2006//1110 2027//1110 2028//1110
f 2029//1111 2030//1111 2031//1111
f 2031//1112 2030//1112 2032//1112
f 2032//1113 2030//1113 1277//1113
f 2032//1114 1277//1114 2006//1114
f 2006//1115 1277//1115 1276//1115
f 2006//1112 1276//1112 1024//1112
f 1024//1116 1023//1116 2006//1116
f 2006//1116 2028//1116 2032//1116
f 1278//1117 2033//1117 1279//1117
f 1279//1117 2033//1117 2034//1117
f 1279//1118 2034//1118 1017//1118
f 1017//1118 2034//1118 2035//1118
f 1017//1119 2035//1119 1018//1119
f 1018//1119 2035//1119 2036//1119
f 1001//1120 2037//1120 1003//1120
f 1003//1121 2037//1121 2038//1121
f 1003//1122 2038//1122 2039//1122
f 2037//1123 2040//1123 2038//1123
f 2041//1124 1007//1124 2039//1124
f 2039//1125 1007//1125 1005//1125
f 2039//1126 1005//1126 1003//1126
f 1007//1127 2041//1127 1009//1127
f 1009//1128 2041//1128 2042//1128
f 1009//1129 2042//1129 1011//1129
f 1011//1130 2042//1130 2043//1130
f 1011//1131 2043//1131 1013//1131
f 1013//1132 2043//1132 2044//1132
f 1013//1133 2044//1133 1015//1133
f 1015//1134 2044//1134 2045//1134
f 1015//1135 2045//1135 1278//1135
f 1278//1136 2045//1136 2033//1136
f 2029//1137 2046//1137 2030//1137
f 2030//1138 2046//1138 2047//1138
f 2030//1139 2047//1139 2048//1139
f 2048//1140 2047//1140 2049//1140
f 2048//1140 2049//1140 2050//1140
f 2050//1141 2049//1141 2051//1141
f 2050//1141 2051//1141 2052//1141
f 2052//1142 2051//1142 2053//1142
f 2052//1142 2053//1142 2054//1142
f 2054//1143 2053//1143 2055//1143
f 2054//1143 2055//1143 2056//1143
f 2056//1144 2055//1144 2057//1144
f 2056//1145 2057//1145 2058//1145
f 2058//1146 2057//1146 2059//1146
f 2058//1146 2059//1146 2060//1146
f 2060//1147 2059//1147 2037//1147
f 2060//1148 2037//1148 999//1148
f 999//1149 2037//1149 1001//1149
f 2046//1150 2061//1150 2047//1150
f 2047//1151 2061//1151 2049//1151
f 2061//1152 2062//1152 2049//1152
f 2049//1153 2062//1153 2051//1153
f 2062//1154 2063//1154 2051//1154
f 2051//1155 2063//1155 2053//1155
f 2063//1156 2064//1156 2053//1156
f 2053//1157 2064//1157 2055//1157
f 2064//1158 2065//1158 2055//1158
f 2055//1159 2065//1159 2057//1159
f 2057//1160 2065//1160 2059//1160
f 2059//1161 2065//1161 2066//1161
f 2059//1162 2066//1162 2040//1162
f 2040//1147 2037//1147 2059//1147
f 999//1161 997//1161 2060//1161
f 2060//1163 997//1163 2058//1163
f 2058//1164 997//1164 2056//1164
f 2056//1165 997//1165 994//1165
f 2056//1166 994//1166 2054//1166
f 2054//1167 994//1167 993//1167
f 2054//1168 993//1168 2052//1168
f 2052//1169 993//1169 1021//1169
f 2052//1170 1021//1170 2050//1170
f 2050//1171 1021//1171 1020//1171
f 2050//1172 1020//1172 2048//1172
f 2048//1173 1020//1173 1019//1173
f 2048//1174 1019//1174 2030//1174
f 2030//1137 1019//1137 1277//1137
f 2067//1175 2068//1175 2069//1175
f 2069//1176 2068//1176 1004//1176
f 2069//1177 1004//1177 1006//1177
f 2068//1178 1002//1178 1004//1178
f 1008//1179 2070//1179 1006//1179
f 1006//1180 2070//1180 2071//1180
f 1006//1181 2071//1181 2069//1181
f 2070//1182 1008//1182 2072//1182
f 2072//1183 1008//1183 1010//1183
f 2072//1184 1010//1184 2073//1184
f 2073//1185 1010//1185 1012//1185
f 2073//1186 1012//1186 2074//1186
f 2074//1187 1012//1187 1014//1187
f 2074//1188 1014//1188 2075//1188
f 2075//1189 1014//1189 1016//1189
f 2075//1190 1016//1190 2036//1190
f 2036//1191 1016//1191 1018//1191
f 992//1192 991//1192 2076//1192
f 2076//1193 991//1193 2077//1193
f 2076//1194 2077//1194 2078//1194
f 2078//1195 2077//1195 2079//1195
f 2078//1195 2079//1195 2080//1195
f 2080//1196 2079//1196 2081//1196
f 2080//1196 2081//1196 2082//1196
f 2082//1197 2081//1197 2083//1197
f 2082//1197 2083//1197 2084//1197
f 2084//1198 2083//1198 2085//1198
f 2084//1198 2085//1198 2086//1198
f 2086//1199 2085//1199 2087//1199
f 2086//1199 2087//1199 2088//1199
f 2088//1200 2087//1200 2089//1200
f 2088//1200 2089//1200 2090//1200
f 2090//1201 2089//1201 2068//1201
f 2090//1202 2068//1202 2091//1202
f 2091//1203 2068//1203 2067//1203
f 991//1204 990//1204 2077//1204
f 2077//1205 990//1205 2079//1205
f 990//1206 1280//1206 2079//1206
f 2079//1207 1280//1207 2081//1207
f 1280//1208 995//1208 2081//1208
f 2081//1209 995//1209 2083//1209
f 995//1210 996//1210 2083//1210
f 2083//1211 996//1211 2085//1211
f 996//1212 998//1212 2085//1212
f 2085//1199 998//1199 2087//1199
f 2087//1213 998//1213 2089//1213
f 2089//1214 998//1214 1000//1214
f 2089//1215 1000//1215 1002//1215
f 1002//1201 2068//1201 2089//1201
f 2091//1214 2092//1214 2090//1214
f 2090//1216 2092//1216 2088//1216
f 2088//1217 2092//1217 2086//1217
f 2086//1218 2092//1218 2093//1218
f 2086//1219 2093//1219 2084//1219
f 2084//1220 2093//1220 2094//1220
f 2084//1221 2094//1221 2082//1221
f 2082//1222 2094//1222 2095//1222
f 2082//1223 2095//1223 2080//1223
f 2080//1224 2095//1224 2096//1224
f 2080//1225 2096//1225 2078//1225
f 2078//1226 2096//1226 2097//1226
f 2078//1227 2097//1227 2076//1227
f 2076//1228 2097//1228 2098//1228
f 2099//1229 2100//1229 2101//1229
f 2101//1230 2100//1230 2102//1230
f 2102//1231 2100//1231 987//1231
f 2102//1232 987//1232 2076//1232
f 2076//1233 987//1233 1282//1233
f 2076//1230 1282//1230 1281//1230
f 1281//1234 992//1234 2076//1234
f 2076//1234 2098//1234 2102//1234
f 1306//1235 2103//1235 1307//1235
f 1307//1235 2103//1235 2104//1235
f 1307//1236 2104//1236 1304//1236
f 1304//1236 2104//1236 2105//1236
f 1304//1237 2105//1237 1305//1237
f 1305//1237 2105//1237 2106//1237
f 1288//1238 2107//1238 1290//1238
f 1290//1239 2107//1239 2108//1239
f 1290//1240 2108//1240 2109//1240
f 2107//1241 2110//1241 2108//1241
f 2111//1242 1294//1242 2109//1242
f 2109//1243 1294//1243 1292//1243
f 2109//1244 1292//1244 1290//1244
f 1294//1245 2111//1245 1296//1245
f 1296//1246 2111//1246 2112//1246
f 1296//1247 2112//1247 1298//1247
f 1298//1248 2112//1248 2113//1248
f 1298//1249 2113//1249 1300//1249
f 1300//1250 2113//1250 2114//1250
f 1300//1251 2114//1251 1302//1251
f 1302//1252 2114//1252 2115//1252
f 1302//1253 2115//1253 1306//1253
f 1306//1254 2115//1254 2103//1254
f 2099//1255 2116//1255 2100//1255
f 2100//1256 2116//1256 2117//1256
f 2100//1257 2117//1257 2118//1257
f 2118//1258 2117//1258 2119//1258
f 2118//1258 2119//1258 2120//1258
f 2120//1259 2119//1259 2121//1259
f 2120//1259 2121//1259 2122//1259
f 2122//1260 2121//1260 2123//1260
f 2122//1260 2123//1260 2124//1260
f 2124//1261 2123//1261 2125//1261
f 2124//1262 2125//1262 2126//1262
f 2126//1263 2125//1263 2127//1263
f 2126//1263 2127//1263 2128//1263
f 2128//1264 2127//1264 2129//1264
f 2128//1264 2129//1264 2130//1264
f 2130//1265 2129//1265 2107//1265
f 2130//1266 2107//1266 1286//1266
f 1286//1267 2107//1267 1288//1267
f 2116//1268 2131//1268 2117//1268
f 2117//1269 2131//1269 2119//1269
f 2131//1270 2132//1270 2119//1270
f 2119//1271 2132//1271 2121//1271
f 2132//1272 2133//1272 2121//1272
f 2121//1273 2133//1273 2123//1273
f 2133//1274 2134//1274 2123//1274
f 2123//1275 2134//1275 2125//1275
f 2134//1276 2135//1276 2125//1276
f 2125//1277 2135//1277 2127//1277
f 2127//1278 2135//1278 2129//1278
f 2129//1279 2135//1279 2136//1279
f 2129//1280 2136//1280 2110//1280
f 2110//1265 2107//1265 2129//1265
f 1286//1281 1284//1281 2130//1281
f 2130//1282 1284//1282 2128//1282
f 2128//1283 1284//1283 2126//1283
f 2126//1284 1284//1284 986//1284
f 2126//1285 986//1285 2124//1285
f 2124//1286 986//1286 985//1286
f 2124//1287 985//1287 2122//1287
f 2122//1288 985//1288 984//1288
f 2122//1289 984//1289 2120//1289
f 2120//1290 984//1290 989//1290
f 2120//1291 989//1291 2118//1291
f 2118//1292 989//1292 988//1292
f 2118//1293 988//1293 2100//1293
f 2100//1255 988//1255 987//1255
f 2137//1294 2138//1294 2139//1294
f 2139//1295 2138//1295 1291//1295
f 2139//1296 1291//1296 1293//1296
f 2138//1297 1289//1297 1291//1297
f 1295//1298 2140//1298 1293//1298
f 1293//1299 2140//1299 2141//1299
f 1293//1300 2141//1300 2139//1300
f 2140//1301 1295//1301 2142//1301
f 2142//1302 1295//1302 1297//1302
f 2142//1303 1297//1303 2143//1303
f 2143//1304 1297//1304 1299//1304
f 2143//1305 1299//1305 2144//1305
f 2144//1306 1299//1306 1301//1306
f 2144//1307 1301//1307 2145//1307
f 2145//1308 1301//1308 1303//1308
f 2145//1309 1303//1309 2106//1309
f 2106//1310 1303//1310 1305//1310
f 978//1311 983//1311 2146//1311
f 2146//1312 983//1312 2147//1312
f 2146//1313 2147//1313 2148//1313
f 2148//1314 2147//1314 2149//1314
f 2148//1314 2149//1314 2150//1314
f 2150//1315 2149//1315 2151//1315
f 2150//1315 2151//1315 2152//1315
f 2152//1316 2151//1316 2153//1316
f 2152//1316 2153//1316 2154//1316
f 2154//1317 2153//1317 2155//1317
f 2154//1317 2155//1317 2156//1317
f 2156//1318 2155//1318 2157//1318
f 2156//1318 2157//1318 2158//1318
f 2158//1319 2157//1319 2159//1319
f 2158//1319 2159//1319 2160//1319
f 2160//1320 2159//1320 2138//1320
f 2160//1321 2138//1321 2161//1321
f 2161//1322 2138//1322 2137//1322
f 983//1323 982//1323 2147//1323
f 2147//1324 982//1324 2149//1324
f 982//1325 981//1325 2149//1325
f 2149//1326 981//1326 2151//1326
f 981//1327 1308//1327 2151//1327
f 2151//1328 1308//1328 2153//1328
f 1308//1329 1283//1329 2153//1329
f 2153//1330 1283//1330 2155//1330
f 1283//1331 1285//1331 2155//1331
f 2155//1318 1285//1318 2157//1318
f 2157//1332 1285//1332 2159//1332
f 2159//1333 1285//1333 1287//1333
f 2159//1334 1287//1334 1289//1334
f 1289//1320 2138//1320 2159//1320
f 2161//1335 2162//1335 2160//1335
f 2160//1336 2162//1336 2158//1336
f 2158//1337 2162//1337 2156//1337
f 2156//1338 2162//1338 2163//1338
f 2156//1339 2163//1339 2154//1339
f 2154//1340 2163//1340 2164//1340
f 2154//1341 2164//1341 2152//1341
f 2152//1342 2164//1342 2165//1342
f 2152//1343 2165//1343 2150//1343
f 2150//1344 2165//1344 2166//1344
f 2150//1345 2166//1345 2148//1345
f 2148//1346 2166//1346 2167//1346
f 2148//1347 2167//1347 2146//1347
f 2146//1311 2167//1311 2168//1311
f 2169//1348 2170//1348 2171//1348
f 2171//1349 2170//1349 2172//1349
f 2172//1350 2170//1350 1309//1350
f 2172//1351 1309//1351 2146//1351
f 2146//1352 1309//1352 980//1352
f 2146//1349 980//1349 979//1349
f 979//1353 978//1353 2146//1353
f 2146//1353 2168//1353 2172//1353
f 1335//1354 2173//1354 1336//1354
f 1336//1354 2173//1354 2174//1354
f 1336//1355 2174//1355 1333//1355
f 1333//1355 2174//1355 2175//1355
f 1333//1356 2175//1356 1334//1356
f 1334//1356 2175//1356 2176//1356
f 1317//1357 2177//1357 1319//1357
f 1319//1358 2177//1358 2178//1358
f 1319//1359 2178//1359 2179//1359
f 2177//1360 2180//1360 2178//1360
f 2181//1361 1323//1361 2179//1361
f 2179//1362 1323//1362 1321//1362
f 2179//1363 1321//1363 1319//1363
f 1323//1364 2181//1364 1325//1364
f 1325//1365 2181//1365 2182//1365
f 1325//1366 2182//1366 1327//1366
f 1327//1367 2182//1367 2183//1367
f 1327//1368 2183//1368 1329//1368
f 1329//1369 2183//1369 2184//1369
f 1329//1370 2184//1370 1331//1370
f 1331//1371 2184//1371 2185//1371
f 1331//1372 2185//1372 1335//1372
f 1335//1373 2185//1373 2173//1373
f 2169//1374 2186//1374 2170//1374
f 2170//1375 2186//1375 2187//1375
f 2170//1376 2187//1376 2188//1376
f 2188//1377 2187//1377 2189//1377
f 2188//1377 2189//1377 2190//1377
f 2190//1378 2189//1378 2191//1378
f 2190//1378 2191//1378 2192//1378
f 2192//1379 2191//1379 2193//1379
f 2192//1379 2193//1379 2194//1379
f 2194//1380 2193//1380 2195//1380
f 2194//1380 2195//1380 2196//1380
f 2196//1381 2195//1381 2197//1381
f 2196//1381 2197//1381 2198//1381
f 2198//1382 2197//1382 2199//1382
f 2198//1382 2199//1382 2200//1382
f 2200//1383 2199//1383 2177//1383
f 2200//1384 2177//1384 1315//1384
f 1315//1385 2177//1385 1317//1385
f 2186//1386 2201//1386 2187//1386
f 2187//1387 2201//1387 2189//1387
f 2201//1388 2202//1388 2189//1388
f 2189//1389 2202//1389 2191//1389
f 2202//1390 2203//1390 2191//1390
f 2191//1391 2203//1391 2193//1391
f 2203//1392 2204//1392 2193//1392
f 2193//1393 2204//1393 2195//1393
f 2204//1394 2205//1394 2195//1394
f 2195//1395 2205//1395 2197//1395
f 2197//1396 2205//1396 2199//1396
f 2199//1397 2205//1397 2206//1397
f 2199//1398 2206//1398 2180//1398
f 2180//1383 2177//1383 2199//1383
f 1315//1399 1314//1399 2200//1399
f 2200//1400 1314//1400 2198//1400
f 2198//1401 1314//1401 2196//1401
f 2196//1402 1314//1402 1311//1402
f 2196//1403 1311//1403 2194//1403
f 2194//1404 1311//1404 977//1404
f 2194//1405 977//1405 2192//1405
f 2192//1406 977//1406 976//1406
f 2192//1407 976//1407 2190//1407
f 2190//1408 976//1408 975//1408
f 2190//1409 975//1409 2188//1409
f 2188//1410 975//1410 1310//1410
f 2188//1411 1310//1411 2170//1411
f 2170//1374 1310//1374 1309//1374
f 2207//1412 2208//1412 2209//1412
f 2209//1413 2208//1413 1320//1413
f 2209//1414 1320//1414 1322//1414
f 2208//1415 1318//1415 1320//1415
f 1324//1416 2210//1416 1322//1416
f 1322//1417 2210//1417 2211//1417
f 1322//1418 2211//1418 2209//1418
f 2210//1419 1324//1419 2212//1419
f 2212//1420 1324//1420 1326//1420
f 2212//1421 1326//1421 2213//1421
f 2213//1422 1326//1422 1328//1422
f 2213//1423 1328//1423 2214//1423
f 2214//1424 1328//1424 1330//1424
f 2214//1425 1330//1425 2215//1425
f 2215//1426 1330//1426 1332//1426
f 2215//1427 1332//1427 2176//1427
f 2176//1428 1332//1428 1334//1428
f 970//1429 969//1429 2216//1429
f 2216//1430 969//1430 2217//1430
f 2216//1431 2217//1431 2218//1431
f 2218//1432 2217//1432 2219//1432
f 2218//1432 2219//1432 2220//1432
f 2220//1433 2219//1433 2221//1433
f 2220//1433 2221//1433 2222//1433
f 2222//1434 2221//1434 2223//1434
f 2222//1434 2223//1434 2224//1434
f 2224//1435 2223//1435 2225//1435
f 2224//1435 2225//1435 2226//1435
f 2226//1436 2225//1436 2227//1436
f 2226//1436 2227//1436 2228//1436
f 2228//1437 2227//1437 2229//1437
f 2228//1437 2229//1437 2230//1437
f 2230//1438 2229//1438 2208//1438
f 2230//1439 2208//1439 2231//1439
f 2231//1440 2208//1440 2207//1440
f 969//1441 974//1441 2217//1441
f 2217//1442 974//1442 2219//1442
f 974//1443 973//1443 2219//1443
f 2219//1444 973//1444 2221//1444
f 973//1445 972//1445 2221//1445
f 2221//1446 972//1446 2223//1446
f 972//1447 1312//1447 2223//1447
f 2223//1448 1312//1448 2225//1448
f 1312//1449 1313//1449 2225//1449
f 2225//1450 1313//1450 2227//1450
f 2227//1451 1313//1451 2229//1451
f 2229//1452 1313//1452 1316//1452
f 2229//1453 1316//1453 1318//1453
f 1318//1438 2208//1438 2229//1438
f 2231//1454 2232//1454 2230//1454
f 2230//1455 2232//1455 2228//1455
f 2228//1456 2232//1456 2226//1456
f 2226//1457 2232//1457 2233//1457
f 2226//1458 2233//1458 2224//1458
f 2224//1459 2233//1459 2234//1459
f 2224//1460 2234//1460 2222//1460
f 2222//1461 2234//1461 2235//1461
f 2222//1462 2235//1462 2220//1462
f 2220//1463 2235//1463 2236//1463
f 2220//1464 2236//1464 2218//1464
f 2218//1465 2236//1465 2237//1465
f 2218//1466 2237//1466 2216//1466
f 2216//1467 2237//1467 2238//1467
f 2239//1468 2240//1468 2241//1468
f 2241//1469 2240//1469 2242//1469
f 2242//1470 2240//1470 1338//1470
f 2242//1471 1338//1471 2216//1471
f 2216//1472 1338//1472 1337//1472
f 2216//1469 1337//1469 971//1469
f 971//1473 970//1473 2216//1473
f 2216//1473 2238//1473 2242//1473
f 1363//1474 2243//1474 1364//1474
f 1364//1474 2243//1474 2244//1474
f 1364//1475 2244//1475 1361//1475
f 1361//1475 2244//1475 2245//1475
f 1361//1476 2245//1476 1362//1476
f 1362//1476 2245//1476 2246//1476
f 1346//1477 2247//1477 1348//1477
f 1348//1478 2247//1478 2248//1478
f 1348//1479 2248//1479 2249//1479
f 2247//1480 2250//1480 2248//1480
f 2251//1481 1351//1481 2249//1481
f 2249//1482 1351//1482 1349//1482
f 2249//1483 1349//1483 1348//1483
f 1351//1484 2251//1484 1353//1484
f 1353//1485 2251//1485 2252//1485
f 1353//1486 2252//1486 1355//1486
f 1355//1487 2252//1487 2253//1487
f 1355//1488 2253//1488 1357//1488
f 1357//1489 2253//1489 2254//1489
f 1357//1490 2254//1490 1359//1490
f 1359//1491 2254//1491 2255//1491
f 1359//1492 2255//1492 1363//1492
f 1363//1493 2255//1493 2243//1493
f 2239//1494 2256//1494 2240//1494
f 2240//1495 2256//1495 2257//1495
f 2240//1496 2257//1496 2258//1496
f 2258//1497 2257//1497 2259//1497
f 2258//1497 2259//1497 2260//1497
f 2260//1498 2259//1498 2261//1498
f 2260//1498 2261//1498 2262//1498
f 2262//1499 2261//1499 2263//1499
f 2262//1499 2263//1499 2264//1499
f 2264//1500 2263//1500 2265//1500
f 2264//1500 2265//1500 2266//1500
f 2266//1501 2265//1501 2267//1501
f 2266//1501 2267//1501 2268//1501
f 2268//1502 2267//1502 2269//1502
f 2268//1502 2269//1502 2270//1502
f 2270//1503 2269//1503 2247//1503
f 2270//1504 2247//1504 1344//1504
f 1344//1505 2247//1505 1346//1505
f 2256//1506 2271//1506 2257//1506
f 2257//1507 2271//1507 2259//1507
f 2271//1508 2272//1508 2259//1508
f 2259//1509 2272//1509 2261//1509
f 2272//1510 2273//1510 2261//1510
f 2261//1511 2273//1511 2263//1511
f 2273//1512 2274//1512 2263//1512
f 2263//1513 2274//1513 2265//1513
f 2274//1514 2275//1514 2265//1514
f 2265//1515 2275//1515 2267//1515
f 2267//1516 2275//1516 2269//1516
f 2269//1517 2275//1517 2276//1517
f 2269//1518 2276//1518 2250//1518
f 2250//1503 2247//1503 2269//1503
f 1344//1519 1342//1519 2270//1519
f 2270//1520 1342//1520 2268//1520
f 2268//1521 1342//1521 2266//1521
f 2266//1522 1342//1522 1339//1522
f 2266//1523 1339//1523 2264//1523
f 2264//1524 1339//1524 963//1524
f 2264//1525 963//1525 2262//1525
f 2262//1526 963//1526 968//1526
f 2262//1527 968//1527 2260//1527
f 2260//1528 968//1528 967//1528
f 2260//1529 967//1529 2258//1529
f 2258//1530 967//1530 966//1530
f 2258//1531 966//1531 2240//1531
f 2240//1494 966//1494 1338//1494
f 2277//1532 2278//1532 2279//1532
f 2279//1533 2278//1533 1347//1533
f 2279//1534 1347//1534 1350//1534
f 2278//1535 1345//1535 1347//1535
f 1352//1536 2280//1536 1350//1536
f 1350//1537 2280//1537 2281//1537
f 1350//1538 2281//1538 2279//1538
f 2280//1539 1352//1539 2282//1539
f 2282//1540 1352//1540 1354//1540
f 2282//1541 1354//1541 2283//1541
f 2283//1542 1354//1542 1356//1542
f 2283//1543 1356//1543 2284//1543
f 2284//1544 1356//1544 1358//1544
f 2284//1545 1358//1545 2285//1545
f 2285//1546 1358//1546 1360//1546
f 2285//1547 1360//1547 2246//1547
f 2246//1548 1360//1548 1362//1548
f 962//1549 961//1549 2286//1549
f 2286//1550 961//1550 2287//1550
f 2286//1551 2287//1551 2288//1551
f 2288//1552 2287//1552 2289//1552
f 2288//1552 2289//1552 2290//1552
f 2290//1553 2289//1553 2291//1553
f 2290//1553 2291//1553 2292//1553
f 2292//1554 2291//1554 2293//1554
f 2292//1554 2293//1554 2294//1554
f 2294//1555 2293//1555 2295//1555
f 2294//1555 2295//1555 2296//1555
f 2296//1556 2295//1556 2297//1556
f 2296//1556 2297//1556 2298//1556
f 2298//1557 2297//1557 2299//1557
f 2298//1557 2299//1557 2300//1557
f 2300//1558 2299//1558 2278//1558
f 2300//1559 2278//1559 2301//1559
f 2301//1560 2278//1560 2277//1560
f 961//1561 960//1561 2287//1561
f 2287//1562 960//1562 2289//1562
f 960//1563 965//1563 2289//1563
f 2289//1564 965//1564 2291//1564
f 965//1565 964//1565 2291//1565
f 2291//1566 964//1566 2293//1566
f 964//1567 1340//1567 2293//1567
f 2293//1568 1340//1568 2295//1568
f 1340//1569 1341//1569 2295//1569
f 2295//1556 1341//1556 2297//1556
f 2297//1570 1341//1570 2299//1570
f 2299//1571 1341//1571 1343//1571
f 2299//1572 1343//1572 1345//1572
f 1345//1558 2278//1558 2299//1558
f 2301//1573 2302//1573 2300//1573
f 2300//1574 2302//1574 2298//1574
f 2298//1575 2302//1575 2296//1575
f 2296//1576 2302//1576 2303//1576
f 2296//1577 2303//1577 2294//1577
f 2294//1578 2303//1578 2304//1578
f 2294//1579 2304//1579 2292//1579
f 2292//1580 2304//1580 2305//1580
f 2292//1581 2305//1581 2290//1581
f 2290//1582 2305//1582 2306//1582
f 2290//1583 2306//1583 2288//1583
f 2288//1584 2306//1584 2307//1584
f 2288//1585 2307//1585 2286//1585
f 2286//1549 2307//1549 2308//1549
f 2309//1586 2310//1586 2311//1586
f 2311//1587 2310//1587 2312//1587
f 2312//1588 2310//1588 957//1588
f 2312//1589 957//1589 2286//1589
f 2286//1590 957//1590 1366//1590
f 2286//1587 1366//1587 1365//1587
f 1365//1591 962//1591 2286//1591
f 2286//1591 2308//1591 2312//1591
f 1391//1592 2313//1592 1392//1592
f 1392//1592 2313//1592 2314//1592
f 1392//1593 2314//1593 1389//1593
f 1389//1593 2314//1593 2315//1593
f 1389//1594 2315//1594 1390//1594
f 1390//1594 2315//1594 2316//1594
f 1374//1595 2317//1595 1376//1595
f 1376//1596 2317//1596 2318//1596
f 1376//1597 2318//1597 2319//1597
f 2317//1598 2320//1598 2318//1598
f 2321//1599 1379//1599 2319//1599
f 2319//1600 1379//1600 1377//1600
f 2319//1601 1377//1601 1376//1601
f 1379//1602 2321//1602 1381//1602
f 1381//1603 2321//1603 2322//1603
f 1381//1604 2322//1604 1383//1604
f 1383//1605 2322//1605 2323//1605
f 1383//1606 2323//1606 1385//1606
f 1385//1607 2323//1607 2324//1607
f 1385//1608 2324//1608 1387//1608
f 1387//1609 2324//1609 2325//1609
f 1387//1610 2325//1610 1391//1610
f 1391//1611 2325//1611 2313//1611
f 2309//1612 2326//1612 2310//1612
f 2310//1613 2326//1613 2327//1613
f 2310//1614 2327//1614 2328//1614
f 2328//1615 2327//1615 2329//1615
f 2328//1615 2329//1615 2330//1615
f 2330//1616 2329//1616 2331//1616
f 2330//1616 2331//1616 2332//1616
f 2332//1617 2331//1617 2333//1617
f 2332//1617 2333//1617 2334//1617
f 2334//1618 2333//1618 2335//1618
f 2334//1618 2335//1618 2336//1618
f 2336//1619 2335//1619 2337//1619
f 2336//1619 2337//1619 2338//1619
f 2338//1620 2337//1620 2339//1620
f 2338//1620 2339//1620 2340//1620
f 2340//1621 2339//1621 2317//1621
f 2340//1622 2317//1622 1372//1622
f 1372//1623 2317//1623 1374//1623
f 2326//1624 2341//1624 2327//1624
f 2327//1625 2341//1625 2329//1625
f 2341//1626 2342//1626 2329//1626
f 2329//1627 2342//1627 2331//1627
f 2342//1628 2343//1628 2331//1628
f 2331//1629 2343//1629 2333//1629
f 2343//1630 2344//1630 2333//1630
f 2333//1631 2344//1631 2335//1631
f 2344//1632 2345//1632 2335//1632
f 2335//1619 2345//1619 2337//1619
f 2337//1633 2345//1633 2339//1633
f 2339//1634 2345//1634 2346//1634
f 2339//1635 2346//1635 2320//1635
f 2320//1621 2317//1621 2339//1621
f 1372//1636 1367//1636 2340//1636
f 2340//1637 1367//1637 2338//1637
f 2338//1638 1367//1638 2336//1638
f 2336//1639 1367//1639 956//1639
f 2336//1640 956//1640 2334//1640
f 2334//1641 956//1641 955//1641
f 2334//1642 955//1642 2332//1642
f 2332//1643 955//1643 954//1643
f 2332//1644 954//1644 2330//1644
f 2330//1645 954//1645 959//1645
f 2330//1646 959//1646 2328//1646
f 2328//1647 959//1647 958//1647
f 2328//1648 958//1648 2310//1648
f 2310//1612 958//1612 957//1612
f 2347//1649 2348//1649 2349//1649
f 2349//1650 2348//1650 1375//1650
f 2349//1651 1375//1651 1378//1651
f 2348//1652 1373//1652 1375//1652
f 1380//1653 2350//1653 1378//1653
f 1378//1654 2350//1654 2351//1654
f 1378//1655 2351//1655 2349//1655
f 2350//1656 1380//1656 2352//1656
f 2352//1657 1380//1657 1382//1657
f 2352//1658 1382//1658 2353//1658
f 2353//1659 1382//1659 1384//1659
f 2353//1660 1384//1660 2354//1660
f 2354//1661 1384//1661 1386//1661
f 2354//1662 1386//1662 2355//1662
f 2355//1663 1386//1663 1388//1663
f 2355//1664 1388//1664 2316//1664
f 2316//1665 1388//1665 1390//1665
f 948//1666 953//1666 2356//1666
f 2356//1667 953//1667 2357//1667
f 2356//1668 2357//1668 2358//1668
f 2358//1669 2357//1669 2359//1669
f 2358//1669 2359//1669 2360//1669
f 2360//1670 2359//1670 2361//1670
f 2360//1670 2361//1670 2362//1670
f 2362//1671 2361//1671 2363//1671
f 2362//1671 2363//1671 2364//1671
f 2364//1672 2363//1672 2365//1672
f 2364//1672 2365//1672 2366//1672
f 2366//1673 2365//1673 2367//1673
f 2366//1673 2367//1673 2368//1673
f 2368//1674 2367//1674 2369//1674
f 2368//1674 2369//1674 2370//1674
f 2370//1675 2369//1675 2348//1675
f 2370//1676 2348//1676 2371//1676
f 2371//1677 2348//1677 2347//1677
f 953//1678 952//1678 2357//1678
f 2357//1679 952//1679 2359//1679
f 952//1680 951//1680 2359//1680
f 2359//1681 951//1681 2361//1681
f 951//1682 1370//1682 2361//1682
f 2361//1683 1370//1683 2363//1683
f 1370//1684 1369//1684 2363//1684
f 2363//1685 1369//1685 2365//1685
f 1369//1686 1368//1686 2365//1686
f 2365//1687 1368//1687 2367//1687
f 2367//1688 1368//1688 2369//1688
f 2369//1689 1368//1689 1371//1689
f 2369//1690 1371//1690 1373//1690
f 1373//1675 2348//1675 2369//1675
f 2371//1691 2372//1691 2370//1691
f 2370//1692 2372//1692 2368//1692
f 2368//1693 2372//1693 2366//1693
f 2366//1694 2372//1694 2373//1694
f 2366//1695 2373//1695 2364//1695
f 2364//1696 2373//1696 2374//1696
f 2364//1697 2374//1697 2362//1697
f 2362//1698 2374//1698 2375//1698
f 2362//1699 2375//1699 2360//1699
f 2360//1700 2375//1700 2376//1700
f 2360//1701 2376//1701 2358//1701
f 2358//1702 2376//1702 2377//1702
f 2358//1703 2377//1703 2356//1703
f 2356//1666 2377//1666 2378//1666
f 2379//1704 2380//1704 2381//1704
f 2381//1705 2380//1705 2382//1705
f 2382//1706 2380//1706 1393//1706
f 2382//1707 1393//1707 2356//1707
f 2356//1708 1393//1708 950//1708
f 2356//1705 950//1705 949//1705
f 949//1709 948//1709 2356//1709
f 2356//1709 2378//1709 2382//1709
f 1419//1710 2383//1710 1420//1710
f 1420//1710 2383//1710 2384//1710
f 1420//1711 2384//1711 1417//1711
f 1417//1711 2384//1711 2385//1711
f 1417//1712 2385//1712 1418//1712
f 1418//1712 2385//1712 2386//1712
f 1402//1713 2387//1713 1404//1713
f 1404//1714 2387//1714 2388//1714
f 1404//1715 2388//1715 2389//1715
f 2387//1716 2390//1716 2388//1716
f 2391//1717 1407//1717 2389//1717
f 2389//1718 1407//1718 1405//1718
f 2389//1719 1405//1719 1404//1719
f 1407//1720 2391//1720 1409//1720
f 1409//1721 2391//1721 2392//1721
f 1409//1722 2392//1722 1411//1722
f 1411//1723 2392//1723 2393//1723
f 1411//1724 2393//1724 1413//1724
f 1413//1725 2393//1725 2394//1725
f 1413//1726 2394//1726 1415//1726
f 1415//1727 2394//1727 2395//1727
f 1415//1728 2395//1728 1419//1728
f 1419//1729 2395//1729 2383//1729
f 2379//1730 2396//1730 2380//1730
f 2380//1731 2396//1731 2397//1731
f 2380//1732 2397//1732 2398//1732
f 2398//1733 2397//1733 2399//1733
f 2398//1733 2399//1733 2400//1733
f 2400//1734 2399//1734 2401//1734
f 2400//1734 2401//1734 2402//1734
f 2402//1735 2401//1735 2403//1735
f 2402//1735 2403//1735 2404//1735
f 2404//1736 2403//1736 2405//1736
f 2404//1736 2405//1736 2406//1736
f 2406//1737 2405//1737 2407//1737
f 2406//1738 2407//1738 2408//1738
f 2408//1739 2407//1739 2409//1739
f 2408//1739 2409//1739 2410//1739
f 2410//1740 2409//1740 2387//1740
f 2410//1741 2387//1741 1400//1741
f 1400//1742 2387//1742 1402//1742
f 2396//1743 2411//1743 2397//1743
f 2397//1744 2411//1744 2399//1744
f 2411//1745 2412//1745 2399//1745
f 2399//1746 2412//1746 2401//1746
f 2412//1747 2413//1747 2401//1747
f 2401//1748 2413//1748 2403//1748
f 2413//1749 2414//1749 2403//1749
f 2403//1750 2414//1750 2405//1750
f 2414//1751 2415//1751 2405//1751
f 2405//1752 2415//1752 2407//1752
f 2407//1753 2415//1753 2409//1753
f 2409//1754 2415//1754 2416//1754
f 2409//1755 2416//1755 2390//1755
f 2390//1740 2387//1740 2409//1740
f 1400//1756 1398//1756 2410//1756
f 2410//1757 1398//1757 2408//1757
f 2408//1758 1398//1758 2406//1758
f 2406//1759 1398//1759 1395//1759
f 2406//1760 1395//1760 2404//1760
f 2404//1761 1395//1761 947//1761
f 2404//1762 947//1762 2402//1762
f 2402//1763 947//1763 946//1763
f 2402//1764 946//1764 2400//1764
f 2400//1765 946//1765 945//1765
f 2400//1766 945//1766 2398//1766
f 2398//1767 945//1767 1394//1767
f 2398//1768 1394//1768 2380//1768
f 2380//1769 1394//1769 1393//1769
f 2417//1770 2418//1770 2419//1770
f 2419//1771 2418//1771 1403//1771
f 2419//1772 1403//1772 1406//1772
f 2418//1773 1401//1773 1403//1773
f 1408//1774 2420//1774 1406//1774
f 1406//1775 2420//1775 2421//1775
f 1406//1776 2421//1776 2419//1776
f 2420//1777 1408//1777 2422//1777
f 2422//1778 1408//1778 1410//1778
f 2422//1779 1410//1779 2423//1779
f 2423//1780 1410//1780 1412//1780
f 2423//1781 1412//1781 2424//1781
f 2424//1782 1412//1782 1414//1782
f 2424//1783 1414//1783 2425//1783
f 2425//1784 1414//1784 1416//1784
f 2425//1785 1416//1785 2386//1785
f 2386//1786 1416//1786 1418//1786
f 940//1787 939//1787 2426//1787
f 2426//1788 939//1788 2427//1788
f 2426//1789 2427//1789 2428//1789
f 2428//1790 2427//1790 2429//1790
f 2428//1790 2429//1790 2430//1790
f 2430//1791 2429//1791 2431//1791
f 2430//1791 2431//1791 2432//1791
f 2432//1792 2431//1792 2433//1792
f 2432//1792 2433//1792 2434//1792
f 2434//1793 2433//1793 2435//1793
f 2434//1793 2435//1793 2436//1793
f 2436//1794 2435//1794 2437//1794
f 2436//1794 2437//1794 2438//1794
f 2438//1795 2437//1795 2439//1795
f 2438//1795 2439//1795 2440//1795
f 2440//1796 2439//1796 2418//1796
f 2440//1797 2418//1797 2441//1797
f 2441//1798 2418//1798 2417//1798
f 939//1799 944//1799 2427//1799
f 2427//1800 944//1800 2429//1800
f 944//1801 943//1801 2429//1801
f 2429//1802 943//1802 2431//1802
f 943//1803 942//1803 2431//1803
f 2431//1804 942//1804 2433//1804
f 942//1805 1396//1805 2433//1805
f 2433//1806 1396//1806 2435//1806
f 1396//1807 1397//1807 2435//1807
f 2435//1808 1397//1808 2437//1808
f 2437//1809 1397//1809 2439//1809
f 2439//1810 1397//1810 1399//1810
f 2439//1811 1399//1811 1401//1811
f 1401//1796 2418//1796 2439//1796
f 2441//1812 2442//1812 2440//1812
f 2440//1813 2442//1813 2438//1813
f 2438//1814 2442//1814 2436//1814
f 2436//1815 2442//1815 2443//1815
f 2436//1816 2443//1816 2434//1816
f 2434//1817 2443//1817 2444//1817
f 2434//1818 2444//1818 2432//1818
f 2432//1819 2444//1819 2445//1819
f 2432//1820 2445//1820 2430//1820
f 2430//1821 2445//1821 2446//1821
f 2430//1822 2446//1822 2428//1822
f 2428//1823 2446//1823 2447//1823
f 2428//1824 2447//1824 2426//1824
f 2426//1787 2447//1787 2448//1787
f 2449//1825 2450//1825 2451//1825
f 2451//1826 2450//1826 2452//1826
f 2452//1827 2450//1827 1422//1827
f 2452//1828 1422//1828 2426//1828
f 2426//1829 1422//1829 1421//1829
f 2426//1826 1421//1826 941//1826
f 941//1830 940//1830 2426//1830
f 2426//1830 2448//1830 2452//1830
f 1436//1831 2453//1831 1437//1831
f 1437//1831 2453//1831 2454//1831
f 1437//1832 2454//1832 1434//1832
f 1434//1832 2454//1832 2455//1832
f 1434//1833 2455//1833 1435//1833
f 1435//1833 2455//1833 2456//1833
f 932//1834 2457//1834 934//1834
f 934//1835 2457//1835 2458//1835
f 934//1836 2458//1836 2459//1836
f 2457//1837 2460//1837 2458//1837
f 2461//1838 1424//1838 2459//1838
f 2459//1839 1424//1839 935//1839
f 2459//1840 935//1840 934//1840
f 1424//1841 2461//1841 1426//1841
f 1426//1842 2461//1842 2462//1842
f 1426//1843 2462//1843 1428//1843
f 1428//1844 2462//1844 2463//1844
f 1428//1845 2463//1845 1430//1845
f 1430//1846 2463//1846 2464//1846
f 1430//1847 2464//1847 1432//1847
f 1432//1848 2464//1848 2465//1848
f 1432//1849 2465//1849 1436//1849
f 1436//1850 2465//1850 2453//1850
f 2449//1851 2466//1851 2450//1851
f 2450//1852 2466//1852 2467//1852
f 2450//1853 2467//1853 2468//1853
f 2468//1854 2467//1854 2469//1854
f 2468//1854 2469//1854 2470//1854
f 2470//1855 2469//1855 2471//1855
f 2470//1855 2471//1855 2472//1855
f 2472//1856 2471//1856 2473//1856
f 2472//1856 2473//1856 2474//1856
f 2474//1857 2473//1857 2475//1857
f 2474//1857 2475//1857 2476//1857
f 2476//1858 2475//1858 2477//1858
f 2476//1858 2477//1858 2478//1858
f 2478//1859 2477//1859 2479//1859
f 2478//1859 2479//1859 2480//1859
f 2480//1860 2479//1860 2457//1860
f 2480//1861 2457//1861 930//1861
f 930//1862 2457//1862 932//1862
f 2466//1863 2481//1863 2467//1863
f 2467//1864 2481//1864 2469//1864
f 2481//1865 2482//1865 2469//1865
f 2469//1866 2482//1866 2471//1866
f 2482//1867 2483//1867 2471//1867
f 2471//1868 2483//1868 2473//1868
f 2483//1869 2484//1869 2473//1869
f 2473//1870 2484//1870 2475//1870
f 2484//1871 2485//1871 2475//1871
f 2475//1858 2485//1858 2477//1858
f 2477//1872 2485//1872 2479//1872
f 2479//1873 2485//1873 2486//1873
f 2479//1874 2486//1874 2460//1874
f 2460//1875 2457//1875 2479//1875
f 930//1876 928//1876 2480//1876
f 2480//1877 928//1877 2478//1877
f 2478//1878 928//1878 2476//1878
f 2476//1879 928//1879 925//1879
f 2476//1880 925//1880 2474//1880
f 2474//1881 925//1881 924//1881
f 2474//1882 924//1882 2472//1882
f 2472//1883 924//1883 938//1883
f 2472//1884 938//1884 2470//1884
f 2470//1885 938//1885 937//1885
f 2470//1886 937//1886 2468//1886
f 2468//1887 937//1887 936//1887
f 2468//1888 936//1888 2450//1888
f 2450//1851 936//1851 1422//1851
f 2487//1889 2488//1889 2489//1889
f 2489//1890 2488//1890 933//1890
f 2489//1891 933//1891 1423//1891
f 2488//1892 931//1892 933//1892
f 1425//1893 2490//1893 1423//1893
f 1423//1894 2490//1894 2491//1894
f 1423//1895 2491//1895 2489//1895
f 2490//1896 1425//1896 2492//1896
f 2492//1897 1425//1897 1427//1897
f 2492//1898 1427//1898 2493//1898
f 2493//1899 1427//1899 1429//1899
f 2493//1900 1429//1900 2494//1900
f 2494//1901 1429//1901 1431//1901
f 2494//1902 1431//1902 2495//1902
f 2495//1903 1431//1903 1433//1903
f 2495//1904 1433//1904 2456//1904
f 2456//1905 1433//1905 1435//1905
f 923//1906 922//1906 2496//1906
f 2496//1907 922//1907 2497//1907
f 2496//1908 2497//1908 2498//1908
f 2498//1909 2497//1909 2499//1909
f 2498//1909 2499//1909 2500//1909
f 2500//1910 2499//1910 2501//1910
f 2500//1910 2501//1910 2502//1910
f 2502//1911 2501//1911 2503//1911
f 2502//1911 2503//1911 2504//1911
f 2504//1912 2503//1912 2505//1912
f 2504//1913 2505//1913 2506//1913
f 2506//1914 2505//1914 2507//1914
f 2506//1914 2507//1914 2508//1914
f 2508//1915 2507//1915 2509//1915
f 2508//1915 2509//1915 2510//1915
f 2510//1916 2509//1916 2488//1916
f 2510//1917 2488//1917 2511//1917
f 2511//1918 2488//1918 2487//1918
f 922//1919 921//1919 2497//1919
f 2497//1920 921//1920 2499//1920
f 921//1921 1439//1921 2499//1921
f 2499//1922 1439//1922 2501//1922
f 1439//1923 1438//1923 2501//1923
f 2501//1924 1438//1924 2503//1924
f 1438//1925 926//1925 2503//1925
f 2503//1926 926//1926 2505//1926
f 926//1927 927//1927 2505//1927
f 2505//1928 927//1928 2507//1928
f 2507//1929 927//1929 2509//1929
f 2509//1930 927//1930 929//1930
f 2509//1931 929//1931 931//1931
f 931//1916 2488//1916 2509//1916
f 2511//1932 2512//1932 2510//1932
f 2510//1933 2512//1933 2508//1933
f 2508//1934 2512//1934 2506//1934
f 2506//1935 2512//1935 2513//1935
f 2506//1936 2513//1936 2504//1936
f 2504//1937 2513//1937 2514//1937
f 2504//1938 2514//1938 2502//1938
f 2502//1939 2514//1939 2515//1939
f 2502//1940 2515//1940 2500//1940
f 2500//1941 2515//1941 2516//1941
f 2500//1942 2516//1942 2498//1942
f 2498//1943 2516//1943 2517//1943
f 2498//1944 2517//1944 2496//1944
f 2496//1906 2517//1906 2518//1906
f 2519//1945 2520//1945 2521//1945
f 2521//1946 2520//1946 2522//1946
f 2522//1947 2520//1947 918//1947
f 2522//1948 918//1948 2496//1948
f 2496//1949 918//1949 1441//1949
f 2496//1946 1441//1946 1440//1946
f 1440//1950 923//1950 2496//1950
f 2496//1950 2518//1950 2522//1950
f 1466//1951 2523//1951 1467//1951
f 1467//1951 2523//1951 2524//1951
f 1467//1952 2524//1952 1464//1952
f 1464//1952 2524//1952 2525//1952
f 1464//1953 2525//1953 1465//1953
f 1465//1953 2525//1953 2526//1953
f 1449//1954 2527//1954 1451//1954
f 1451//1955 2527//1955 2528//1955
f 1451//1956 2528//1956 2529//1956
f 2527//1957 2530//1957 2528//1957
f 2531//1958 1454//1958 2529//1958
f 2529//1959 1454//1959 1452//1959
f 2529//1960 1452//1960 1451//1960
f 1454//1961 2531//1961 1456//1961
f 1456//1962 2531//1962 2532//1962
f 1456//1963 2532//1963 1458//1963
f 1458//1964 2532//1964 2533//1964
f 1458//1965 2533//1965 1460//1965
f 1460//1966 2533//1966 2534//1966
f 1460//1967 2534//1967 1462//1967
f 1462//1968 2534//1968 2535//1968
f 1462//1969 2535//1969 1466//1969
f 1466//1970 2535//1970 2523//1970
f 2519//1971 2536//1971 2520//1971
f 2520//1972 2536//1972 2537//1972
f 2520//1973 2537//1973 2538//1973
f 2538//1974 2537//1974 2539//1974
f 2538//1974 2539//1974 2540//1974
f 2540//1975 2539//1975 2541//1975
f 2540//1975 2541//1975 2542//1975
f 2542//1976 2541//1976 2543//1976
f 2542//1976 2543//1976 2544//1976
f 2544//1977 2543//1977 2545//1977
f 2544//1977 2545//1977 2546//1977
f 2546//1978 2545//1978 2547//1978
f 2546//1978 2547//1978 2548//1978
f 2548//1979 2547//1979 2549//1979
f 2548//1979 2549//1979 2550//1979
f 2550//1980 2549//1980 2527//1980
f 2550//1981 2527//1981 1447//1981
f 1447//1982 2527//1982 1449//1982
f 2536//1983 2551//1983 2537//1983
f 2537//1984 2551//1984 2539//1984
f 2551//1985 2552//1985 2539//1985
f 2539//1986 2552//1986 2541//1986
f 2552//1987 2553//1987 2541//1987
f 2541//1988 2553//1988 2543//1988
f 2553//1989 2554//1989 2543//1989
f 2543//1990 2554//1990 2545//1990
f 2554//1991 2555//1991 2545//1991
f 2545//1978 2555//1978 2547//1978
f 2547//1992 2555//1992 2549//1992
f 2549//1993 2555//1993 2556//1993
f 2549//1994 2556//1994 2530//1994
f 2530//1980 2527//1980 2549//1980
f 1447//1993 1442//1993 2550//1993
f 2550//1995 1442//1995 2548//1995
f 2548//1996 1442//1996 2546//1996
f 2546//1997 1442//1997 917//1997
f 2546//1998 917//1998 2544//1998
f 2544//1999 917//1999 916//1999
f 2544//2000 916//2000 2542//2000
f 2542//2001 916//2001 915//2001
f 2542//2002 915//2002 2540//2002
f 2540//2003 915//2003 920//2003
f 2540//2004 920//2004 2538//2004
f 2538//2005 920//2005 919//2005
f 2538//2006 919//2006 2520//2006
f 2520//2007 919//2007 918//2007
f 2557//2008 2558//2008 2559//2008
f 2559//2009 2558//2009 1450//2009
f 2559//2010 1450//2010 1453//2010
f 2558//2011 1448//2011 1450//2011
f 1455//2012 2560//2012 1453//2012
f 1453//2013 2560//2013 2561//2013
f 1453//2014 2561//2014 2559//2014
f 2560//2015 1455//2015 2562//2015
f 2562//2016 1455//2016 1457//2016
f 2562//2017 1457//2017 2563//2017
f 2563//2018 1457//2018 1459//2018
f 2563//2019 1459//2019 2564//2019
f 2564//2020 1459//2020 1461//2020
f 2564//2021 1461//2021 2565//2021
f 2565//2022 1461//2022 1463//2022
f 2565//2023 1463//2023 2526//2023
f 2526//2024 1463//2024 1465//2024
f 909//2025 914//2025 2566//2025
f 2566//2026 914//2026 2567//2026
f 2566//2027 2567//2027 2568//2027
f 2568//2028 2567//2028 2569//2028
f 2568//2028 2569//2028 2570//2028
f 2570//2029 2569//2029 2571//2029
f 2570//2029 2571//2029 2572//2029
f 2572//2030 2571//2030 2573//2030
f 2572//2030 2573//2030 2574//2030
f 2574//2031 2573//2031 2575//2031
f 2574//2031 2575//2031 2576//2031
f 2576//2032 2575//2032 2577//2032
f 2576//2033 2577//2033 2578//2033
f 2578//2034 2577//2034 2579//2034
f 2578//2034 2579//2034 2580//2034
f 2580//2035 2579//2035 2558//2035
f 2580//2036 2558//2036 2581//2036
f 2581//2037 2558//2037 2557//2037
f 914//2038 913//2038 2567//2038
f 2567//2039 913//2039 2569//2039
f 913//2040 912//2040 2569//2040
f 2569//2041 912//2041 2571//2041
f 912//2042 1445//2042 2571//2042
f 2571//2043 1445//2043 2573//2043
f 1445//2044 1444//2044 2573//2044
f 2573//2045 1444//2045 2575//2045
f 1444//2046 1443//2046 2575//2046
f 2575//2047 1443//2047 2577//2047
f 2577//2048 1443//2048 2579//2048
f 2579//2049 1443//2049 1446//2049
f 2579//2050 1446//2050 1448//2050
f 1448//2035 2558//2035 2579//2035
f 2581//2049 2582//2049 2580//2049
f 2580//2051 2582//2051 2578//2051
f 2578//2052 2582//2052 2576//2052
f 2576//2053 2582//2053 2583//2053
f 2576//2054 2583//2054 2574//2054
f 2574//2055 2583//2055 2584//2055
f 2574//2056 2584//2056 2572//2056
f 2572//2057 2584//2057 2585//2057
f 2572//2058 2585//2058 2570//2058
f 2570//2059 2585//2059 2586//2059
f 2570//2060 2586//2060 2568//2060
f 2568//2061 2586//2061 2587//2061
f 2568//2062 2587//2062 2566//2062
f 2566//2025 2587//2025 2588//2025
f 2589//2063 2590//2063 2591//2063
f 2591//2064 2590//2064 2592//2064
f 2592//2065 2590//2065 1468//2065
f 2592//2066 1468//2066 2566//2066
f 2566//2067 1468//2067 911//2067
f 2566//2064 911//2064 910//2064
f 910//2068 909//2068 2566//2068
f 2566//2068 2588//2068 2592//2068
f 1494//2069 2593//2069 1495//2069
f 1495//2069 2593//2069 2594//2069
f 1495//2070 2594//2070 1492//2070
f 1492//2070 2594//2070 2595//2070
f 1492//2071 2595//2071 1493//2071
f 1493//2071 2595//2071 2596//2071
f 1477//2072 2597//2072 1479//2072
f 1479//2073 2597//2073 2598//2073
f 1479//2074 2598//2074 2599//2074
f 2597//2075 2600//2075 2598//2075
f 2601//2076 1482//2076 2599//2076
f 2599//2077 1482//2077 1480//2077
f 2599//2078 1480//2078 1479//2078
f 1482//2079 2601//2079 1484//2079
f 1484//2080 2601//2080 2602//2080
f 1484//2081 2602//2081 1486//2081
f 1486//2082 2602//2082 2603//2082
f 1486//2083 2603//2083 1488//2083
f 1488//2084 2603//2084 2604//2084
f 1488//2085 2604//2085 1490//2085
f 1490//2086 2604//2086 2605//2086
f 1490//2087 2605//2087 1494//2087
f 1494//2088 2605//2088 2593//2088
f 2589//2089 2606//2089 2590//2089
f 2590//2090 2606//2090 2607//2090
f 2590//2091 2607//2091 2608//2091
f 2608//2092 2607//2092 2609//2092
f 2608//2092 2609//2092 2610//2092
f 2610//2093 2609//2093 2611//2093
f 2610//2093 2611//2093 2612//2093
f 2612//2094 2611//2094 2613//2094
f 2612//2094 2613//2094 2614//2094
f 2614//2095 2613//2095 2615//2095
f 2614//2095 2615//2095 2616//2095
f 2616//2096 2615//2096 2617//2096
f 2616//2096 2617//2096 2618//2096
f 2618//2097 2617//2097 2619//2097
f 2618//2097 2619//2097 2620//2097
f 2620//2098 2619//2098 2597//2098
f 2620//2099 2597//2099 1475//2099
f 1475//2100 2597//2100 1477//2100
f 2606//2101 2621//2101 2607//2101
f 2607//2102 2621//2102 2609//2102
f 2621//2103 2622//2103 2609//2103
f 2609//2104 2622//2104 2611//2104
f 2622//2105 2623//2105 2611//2105
f 2611//2106 2623//2106 2613//2106
f 2623//2107 2624//2107 2613//2107
f 2613//2108 2624//2108 2615//2108
f 2624//2109 2625//2109 2615//2109
f 2615//2110 2625//2110 2617//2110
f 2617//2111 2625//2111 2619//2111
f 2619//2112 2625//2112 2626//2112
f 2619//2113 2626//2113 2600//2113
f 2600//2098 2597//2098 2619//2098
f 1475//2114 1473//2114 2620//2114
f 2620//2115 1473//2115 2618//2115
f 2618//2116 1473//2116 2616//2116
f 2616//2117 1473//2117 1470//2117
f 2616//2118 1470//2118 2614//2118
f 2614//2119 1470//2119 908//2119
f 2614//2120 908//2120 2612//2120
f 2612//2121 908//2121 907//2121
f 2612//2122 907//2122 2610//2122
f 2610//2123 907//2123 906//2123
f 2610//2124 906//2124 2608//2124
f 2608//2125 906//2125 1469//2125
f 2608//2126 1469//2126 2590//2126
f 2590//2127 1469//2127 1468//2127
f 2627//2128 2628//2128 2629//2128
f 2629//2129 2628//2129 1478//2129
f 2629//2130 1478//2130 1481//2130
f 2628//2131 1476//2131 1478//2131
f 1483//2132 2630//2132 1481//2132
f 1481//2133 2630//2133 2631//2133
f 1481//2134 2631//2134 2629//2134
f 2630//2135 1483//2135 2632//2135
f 2632//2136 1483//2136 1485//2136
f 2632//2137 1485//2137 2633//2137
f 2633//2138 1485//2138 1487//2138
f 2633//2139 1487//2139 2634//2139
f 2634//2140 1487//2140 1489//2140
f 2634//2141 1489//2141 2635//2141
f 2635//2142 1489//2142 1491//2142
f 2635//2143 1491//2143 2596//2143
f 2596//2144 1491//2144 1493//2144
f 901//2145 900//2145 2636//2145
f 2636//2146 900//2146 2637//2146
f 2636//2147 2637//2147 2638//2147
f 2638//2148 2637//2148 2639//2148
f 2638//2148 2639//2148 2640//2148
f 2640//2149 2639//2149 2641//2149
f 2640//2149 2641//2149 2642//2149
f 2642//2150 2641//2150 2643//2150
f 2642//2150 2643//2150 2644//2150
f 2644//2151 2643//2151 2645//2151
f 2644//2151 2645//2151 2646//2151
f 2646//2152 2645//2152 2647//2152
f 2646//2152 2647//2152 2648//2152
f 2648//2153 2647//2153 2649//2153
f 2648//2154 2649//2154 2650//2154
f 2650//2155 2649//2155 2628//2155
f 2650//2156 2628//2156 2651//2156
f 2651//2157 2628//2157 2627//2157
f 900//2158 905//2158 2637//2158
f 2637//2159 905//2159 2639//2159
f 905//2160 904//2160 2639//2160
f 2639//2161 904//2161 2641//2161
f 904//2162 903//2162 2641//2162
f 2641//2163 903//2163 2643//2163
f 903//2164 1471//2164 2643//2164
f 2643//2165 1471//2165 2645//2165
f 1471//2166 1472//2166 2645//2166
f 2645//2152 1472//2152 2647//2152
f 2647//2167 1472//2167 2649//2167
f 2649//2168 1472//2168 1474//2168
f 2649//2169 1474//2169 1476//2169
f 1476//2155 2628//2155 2649//2155
f 2651//2170 2652//2170 2650//2170
f 2650//2171 2652//2171 2648//2171
f 2648//2172 2652//2172 2646//2172
f 2646//2173 2652//2173 2653//2173
f 2646//2174 2653//2174 2644//2174
f 2644//2175 2653//2175 2654//2175
f 2644//2176 2654//2176 2642//2176
f 2642//2177 2654//2177 2655//2177
f 2642//2178 2655//2178 2640//2178
f 2640//2179 2655//2179 2656//2179
f 2640//2180 2656//2180 2638//2180
f 2638//2181 2656//2181 2657//2181
f 2638//2182 2657//2182 2636//2182
f 2636//2183 2657//2183 2658//2183
f 2659//2184 2660//2184 2661//2184
f 2661//2185 2660//2185 2662//2185
f 2662//2186 2660//2186 1497//2186
f 2662//2187 1497//2187 2636//2187
f 2636//2188 1497//2188 1496//2188
f 2636//2185 1496//2185 902//2185
f 902//2189 901//2189 2636//2189
f 2636//2189 2658//2189 2662//2189
f 1517//2190 2663//2190 1518//2190
f 1518//2190 2663//2190 2664//2190
f 1518//2191 2664//2191 1515//2191
f 1515//2191 2664//2191 2665//2191
f 1515//2192 2665//2192 1516//2192
f 1516//2192 2665//2192 2666//2192
f 1499//2193 2667//2193 1501//2193
f 1501//2194 2667//2194 2668//2194
f 1501//2195 2668//2195 2669//2195
f 2667//2196 2670//2196 2668//2196
f 2671//2197 1505//2197 2669//2197
f 2669//2198 1505//2198 1503//2198
f 2669//2199 1503//2199 1501//2199
f 1505//2200 2671//2200 1507//2200
f 1507//2201 2671//2201 2672//2201
f 1507//2202 2672//2202 1509//2202
f 1509//2203 2672//2203 2673//2203
f 1509//2204 2673//2204 1511//2204
f 1511//2205 2673//2205 2674//2205
f 1511//2206 2674//2206 1513//2206
f 1513//2207 2674//2207 2675//2207
f 1513//2208 2675//2208 1517//2208
f 1517//2209 2675//2209 2663//2209
f 2659//2210 2676//2210 2660//2210
f 2660//2211 2676//2211 2677//2211
f 2660//2212 2677//2212 2678//2212
f 2678//2213 2677//2213 2679//2213
f 2678//2213 2679//2213 2680//2213
f 2680//2214 2679//2214 2681//2214
f 2680//2214 2681//2214 2682//2214
f 2682//2215 2681//2215 2683//2215
f 2682//2215 2683//2215 2684//2215
f 2684//2216 2683//2216 2685//2216
f 2684//2216 2685//2216 2686//2216
f 2686//2217 2685//2217 2687//2217
f 2686//2217 2687//2217 2688//2217
f 2688//2218 2687//2218 2689//2218
f 2688//2218 2689//2218 2690//2218
f 2690//2219 2689//2219 2667//2219
f 2690//2220 2667//2220 896//2220
f 896//2221 2667//2221 1499//2221
f 2676//2222 2691//2222 2677//2222
f 2677//2223 2691//2223 2679//2223
f 2691//2224 2692//2224 2679//2224
f 2679//2225 2692//2225 2681//2225
f 2692//2226 2693//2226 2681//2226
f 2681//2227 2693//2227 2683//2227
f 2693//2228 2694//2228 2683//2228
f 2683//2229 2694//2229 2685//2229
f 2694//2230 2695//2230 2685//2230
f 2685//2231 2695//2231 2687//2231
f 2687//2232 2695//2232 2689//2232
f 2689//2233 2695//2233 2696//2233
f 2689//2234 2696//2234 2670//2234
f 2670//2219 2667//2219 2689//2219
f 896//2235 895//2235 2690//2235
f 2690//2236 895//2236 2688//2236
f 2688//2237 895//2237 2686//2237
f 2686//2238 895//2238 892//2238
f 2686//2239 892//2239 2684//2239
f 2684//2240 892//2240 891//2240
f 2684//2241 891//2241 2682//2241
f 2682//2242 891//2242 899//2242
f 2682//2243 899//2243 2680//2243
f 2680//2244 899//2244 898//2244
f 2680//2245 898//2245 2678//2245
f 2678//2246 898//2246 897//2246
f 2678//2247 897//2247 2660//2247
f 2660//2210 897//2210 1497//2210
f 2697//2248 2698//2248 2699//2248
f 2699//2249 2698//2249 1502//2249
f 2699//2250 1502//2250 1504//2250
f 2698//2251 1500//2251 1502//2251
f 1506//2252 2700//2252 1504//2252
f 1504//2253 2700//2253 2701//2253
f 1504//2254 2701//2254 2699//2254
f 2700//2255 1506//2255 2702//2255
f 2702//2256 1506//2256 1508//2256
f 2702//2257 1508//2257 2703//2257
f 2703//2258 1508//2258 1510//2258
f 2703//2259 1510//2259 2704//2259
f 2704//2260 1510//2260 1512//2260
f 2704//2261 1512//2261 2705//2261
f 2705//2262 1512//2262 1514//2262
f 2705//2263 1514//2263 2666//2263
f 2666//2264 1514//2264 1516//2264
f 890//2265 889//2265 2706//2265
f 2706//2266 889//2266 2707//2266
f 2706//2267 2707//2267 2708//2267
f 2708//2268 2707//2268 2709//2268
f 2708//2268 2709//2268 2710//2268
f 2710//2269 2709//2269 2711//2269
f 2710//2269 2711//2269 2712//2269
f 2712//2270 2711//2270 2713//2270
f 2712//2270 2713//2270 2714//2270
f 2714//2271 2713//2271 2715//2271
f 2714//2271 2715//2271 2716//2271
f 2716//2272 2715//2272 2717//2272
f 2716//2273 2717//2273 2718//2273
f 2718//2274 2717//2274 2719//2274
f 2718//2274 2719//2274 2720//2274
f 2720//2275 2719//2275 2698//2275
f 2720//2276 2698//2276 2721//2276
f 2721//2277 2698//2277 2697//2277
f 889//2278 888//2278 2707//2278
f 2707//2279 888//2279 2709//2279
f 888//2280 1520//2280 2709//2280
f 2709//2281 1520//2281 2711//2281
f 1520//2282 1519//2282 2711//2282
f 2711//2283 1519//2283 2713//2283
f 1519//2284 893//2284 2713//2284
f 2713//2285 893//2285 2715//2285
f 893//2286 894//2286 2715//2286
f 2715//2287 894//2287 2717//2287
f 2717//2288 894//2288 2719//2288
f 2719//2289 894//2289 1498//2289
f 2719//2290 1498//2290 1500//2290
f 1500//2275 2698//2275 2719//2275
f 2721//2291 2722//2291 2720//2291
f 2720//2292 2722//2292 2718//2292
f 2718//2293 2722//2293 2716//2293
f 2716//2294 2722//2294 2723//2294
f 2716//2295 2723//2295 2714//2295
f 2714//2296 2723//2296 2724//2296
f 2714//2297 2724//2297 2712//2297
f 2712//2298 2724//2298 2725//2298
f 2712//2299 2725//2299 2710//2299
f 2710//2300 2725//2300 2726//2300
f 2710//2301 2726//2301 2708//2301
f 2708//2302 2726//2302 2727//2302
f 2708//2303 2727//2303 2706//2303
f 2706//2265 2727//2265 2728//2265
f 2729//2304 2730//2304 2731//2304
f 2731//2305 2730//2305 2732//2305
f 2732//2306 2730//2306 885//2306
f 2732//2307 885//2307 2706//2307
f 2706//2308 885//2308 1522//2308
f 2706//2305 1522//2305 1521//2305
f 1521//2309 890//2309 2706//2309
f 2706//2309 2728//2309 2732//2309
f 2733//2310 2734//2310 2735//2310
f 2735//2311 2734//2311 2736//2311
f 2736//2312 2734//2312 1549//2312
f 2736//2313 1549//2313 2737//2313
f 2737//2314 1549//2314 878//2314
f 2737//2311 878//2311 877//2311
f 877//2315 876//2315 2737//2315
f 2737//2315 2738//2315 2736//2315
f 1546//2316 2739//2316 1547//2316
f 1547//2316 2739//2316 2740//2316
f 1547//2317 2740//2317 1544//2317
f 1544//2317 2740//2317 2741//2317
f 1544//2318 2741//2318 1545//2318
f 1545//2318 2741//2318 2742//2318
f 2743//2319 2744//2319 2745//2319
f 2745//2320 2744//2320 1531//2320
f 2745//2321 1531//2321 1533//2321
f 2744//2322 1529//2322 1531//2322
f 1535//2323 2746//2323 1533//2323
f 1533//2324 2746//2324 2747//2324
f 1533//2325 2747//2325 2745//2325
f 2746//2326 1535//2326 2748//2326
f 2748//2327 1535//2327 1537//2327
f 2748//2328 1537//2328 2749//2328
f 2749//2329 1537//2329 1539//2329
f 2749//2330 1539//2330 2750//2330
f 2750//2331 1539//2331 1541//2331
f 2750//2332 1541//2332 2751//2332
f 2751//2333 1541//2333 1543//2333
f 2751//2334 1543//2334 2742//2334
f 2742//2335 1543//2335 1545//2335
f 876//2336 881//2336 2737//2336
f 2737//2337 881//2337 2752//2337
f 2737//2338 2752//2338 2753//2338
f 2753//2339 2752//2339 2754//2339
f 2753//2339 2754//2339 2755//2339
f 2755//2340 2754//2340 2756//2340
f 2755//2340 2756//2340 2757//2340
f 2757//2341 2756//2341 2758//2341
f 2757//2341 2758//2341 2759//2341
f 2759//2342 2758//2342 2760//2342
f 2759//2342 2760//2342 2761//2342
f 2761//2343 2760//2343 2762//2343
f 2761//2343 2762//2343 2763//2343
f 2763//2344 2762//2344 2764//2344
f 2763//2344 2764//2344 2765//2344
f 2765//2345 2764//2345 2744//2345
f 2765//2346 2744//2346 2766//2346
f 2766//2347 2744//2347 2743//2347
f 881//2348 880//2348 2752//2348
f 2752//2349 880//2349 2754//2349
f 880//2350 879//2350 2754//2350
f 2754//2351 879//2351 2756//2351
f 879//2352 1548//2352 2756//2352
f 2756//2353 1548//2353 2758//2353
f 1548//2354 1523//2354 2758//2354
f 2758//2355 1523//2355 2760//2355
f 1523//2356 1525//2356 2760//2356
f 2760//2357 1525//2357 2762//2357
f 2762//2358 1525//2358 2764//2358
f 2764//2359 1525//2359 1527//2359
f 2764//2360 1527//2360 1529//2360
f 1529//2345 2744//2345 2764//2345
f 2766//2361 2767//2361 2765//2361
f 2765//2362 2767//2362 2763//2362
f 2763//2363 2767//2363 2761//2363
f 2761//2364 2767//2364 2768//2364
f 2761//2365 2768//2365 2759//2365
f 2759//2366 2768//2366 2769//2366
f 2759//2367 2769//2367 2757//2367
f 2757//2368 2769//2368 2770//2368
f 2757//2369 2770//2369 2755//2369
f 2755//2370 2770//2370 2771//2370
f 2755//2371 2771//2371 2753//2371
f 2753//2372 2771//2372 2772//2372
f 2753//2373 2772//2373 2737//2373
f 2737//2374 2772//2374 2738//2374
f 1528//2375 2773//2375 1530//2375
f 1530//2376 2773//2376 2774//2376
f 1530//2377 2774//2377 2775//2377
f 2773//2378 2776//2378 2774//2378
f 2777//2379 1534//2379 2775//2379
f 2775//2380 1534//2380 1532//2380
f 2775//2381 1532//2381 1530//2381
f 1534//2382 2777//2382 1536//2382
f 1536//2383 2777//2383 2778//2383
f 1536//2384 2778//2384 1538//2384
f 1538//2385 2778//2385 2779//2385
f 1538//2386 2779//2386 1540//2386
f 1540//2387 2779//2387 2780//2387
f 1540//2388 2780//2388 1542//2388
f 1542//2389 2780//2389 2781//2389
f 1542//2390 2781//2390 1546//2390
f 1546//2391 2781//2391 2739//2391
f 2729//2392 2782//2392 2730//2392
f 2730//2393 2782//2393 2783//2393
f 2730//2394 2783//2394 2784//2394
f 2784//2395 2783//2395 2785//2395
f 2784//2395 2785//2395 2786//2395
f 2786//2396 2785//2396 2787//2396
f 2786//2396 2787//2396 2788//2396
f 2788//2397 2787//2397 2789//2397
f 2788//2397 2789//2397 2790//2397
f 2790//2398 2789//2398 2791//2398
f 2790//2398 2791//2398 2792//2398
f 2792//2399 2791//2399 2793//2399
f 2792//2399 2793//2399 2794//2399
f 2794//2400 2793//2400 2795//2400
f 2794//2400 2795//2400 2796//2400
f 2796//2401 2795//2401 2773//2401
f 2796//2402 2773//2402 1526//2402
f 1526//2403 2773//2403 1528//2403
f 2782//2404 2797//2404 2783//2404
f 2783//2405 2797//2405 2785//2405
f 2797//2406 2798//2406 2785//2406
f 2785//2407 2798//2407 2787//2407
f 2798//2408 2799//2408 2787//2408
f 2787//2409 2799//2409 2789//2409
f 2799//2410 2800//2410 2789//2410
f 2789//2411 2800//2411 2791//2411
f 2800//2412 2801//2412 2791//2412
f 2791//2413 2801//2413 2793//2413
f 2793//2414 2801//2414 2795//2414
f 2795//2415 2801//2415 2802//2415
f 2795//2416 2802//2416 2776//2416
f 2776//2401 2773//2401 2795//2401
f 1526//2417 1524//2417 2796//2417
f 2796//2418 1524//2418 2794//2418
f 2794//2419 1524//2419 2792//2419
f 2792//2420 1524//2420 884//2420
f 2792//2421 884//2421 2790//2421
f 2790//2422 884//2422 883//2422
f 2790//2423 883//2423 2788//2423
f 2788//2424 883//2424 882//2424
f 2788//2425 882//2425 2786//2425
f 2786//2426 882//2426 887//2426
f 2786//2427 887//2427 2784//2427
f 2784//2428 887//2428 886//2428
f 2784//2429 886//2429 2730//2429
f 2730//2430 886//2430 885//2430
f 1073//2431 2803//2431 1074//2431
f 1074//2432 2803//2432 1212//2432
f 1212//2433 2803//2433 1213//2433
f 1213//2434 2803//2434 2804//2434
f 1213//2435 2804//2435 1857//2435
f 1857//2432 2804//2432 2805//2432
f 1857//2436 2805//2436 1859//2436
f 2803//2431 2806//2431 2804//2431
f 1575//2437 2807//2437 1576//2437
f 1576//2437 2807//2437 2808//2437
f 1576//2438 2808//2438 1573//2438
f 1573//2438 2808//2438 2809//2438
f 1573//2439 2809//2439 1574//2439
f 1574//2439 2809//2439 2810//2439
f 2811//2440 2812//2440 2813//2440
f 2813//2441 2812//2441 1560//2441
f 2813//2442 1560//2442 1562//2442
f 2812//2443 1558//2443 1560//2443
f 1564//2444 2814//2444 1562//2444
f 1562//2445 2814//2445 2815//2445
f 1562//2446 2815//2446 2813//2446
f 2814//2447 1564//2447 2816//2447
f 2816//2448 1564//2448 1566//2448
f 2816//2449 1566//2449 2817//2449
f 2817//2450 1566//2450 1568//2450
f 2817//2451 1568//2451 2818//2451
f 2818//2452 1568//2452 1570//2452
f 2818//2453 1570//2453 2819//2453
f 2819//2454 1570//2454 1572//2454
f 2819//2455 1572//2455 2810//2455
f 2810//2456 1572//2456 1574//2456
f 868//2457 867//2457 2820//2457
f 2820//2458 867//2458 2821//2458
f 2820//2459 2821//2459 2822//2459
f 2822//2460 2821//2460 2823//2460
f 2822//2460 2823//2460 2824//2460
f 2824//2461 2823//2461 2825//2461
f 2824//2461 2825//2461 2826//2461
f 2826//2462 2825//2462 2827//2462
f 2826//2462 2827//2462 2828//2462
f 2828//2463 2827//2463 2829//2463
f 2828//2463 2829//2463 2830//2463
f 2830//2464 2829//2464 2831//2464
f 2830//2464 2831//2464 2832//2464
f 2832//2465 2831//2465 2833//2465
f 2832//2465 2833//2465 2834//2465
f 2834//2466 2833//2466 2812//2466
f 2834//2467 2812//2467 2835//2467
f 2835//2468 2812//2468 2811//2468
f 867//2469 872//2469 2821//2469
f 2821//2470 872//2470 2823//2470
f 872//2471 871//2471 2823//2471
f 2823//2472 871//2472 2825//2472
f 871//2473 870//2473 2825//2473
f 2825//2474 870//2474 2827//2474
f 870//2475 1552//2475 2827//2475
f 2827//2476 1552//2476 2829//2476
f 1552//2477 1554//2477 2829//2477
f 2829//2478 1554//2478 2831//2478
f 2831//2479 1554//2479 2833//2479
f 2833//2480 1554//2480 1556//2480
f 2833//2481 1556//2481 1558//2481
f 1558//2466 2812//2466 2833//2466
f 2835//2482 2836//2482 2834//2482
f 2834//2483 2836//2483 2832//2483
f 2832//2484 2836//2484 2830//2484
f 2830//2485 2836//2485 2837//2485
f 2830//2486 2837//2486 2828//2486
f 2828//2487 2837//2487 2838//2487
f 2828//2488 2838//2488 2826//2488
f 2826//2489 2838//2489 2839//2489
f 2826//2490 2839//2490 2824//2490
f 2824//2491 2839//2491 2840//2491
f 2824//2492 2840//2492 2822//2492
f 2822//2493 2840//2493 2841//2493
f 2822//2494 2841//2494 2820//2494
f 2820//2457 2841//2457 2842//2457
f 1557//2495 2843//2495 1559//2495
f 1559//2496 2843//2496 2844//2496
f 1559//2497 2844//2497 2845//2497
f 2843//2498 2846//2498 2844//2498
f 2847//2499 1563//2499 2845//2499
f 2845//2500 1563//2500 1561//2500
f 2845//2501 1561//2501 1559//2501
f 1563//2502 2847//2502 1565//2502
f 1565//2503 2847//2503 2848//2503
f 1565//2504 2848//2504 1567//2504
f 1567//2505 2848//2505 2849//2505
f 1567//2506 2849//2506 1569//2506
f 1569//2507 2849//2507 2850//2507
f 1569//2508 2850//2508 1571//2508
f 1571//2509 2850//2509 2851//2509
f 1571//2510 2851//2510 1575//2510
f 1575//2511 2851//2511 2807//2511
f 2733//2512 2852//2512 2734//2512
f 2734//2513 2852//2513 2853//2513
f 2734//2514 2853//2514 2854//2514
f 2854//2515 2853//2515 2855//2515
f 2854//2515 2855//2515 2856//2515
f 2856//2516 2855//2516 2857//2516
f 2856//2516 2857//2516 2858//2516
f 2858//2517 2857//2517 2859//2517
f 2858//2517 2859//2517 2860//2517
f 2860//2518 2859//2518 2861//2518
f 2860//2518 2861//2518 2862//2518
f 2862//2519 2861//2519 2863//2519
f 2862//2520 2863//2520 2864//2520
f 2864//2521 2863//2521 2865//2521
f 2864//2521 2865//2521 2866//2521
f 2866//2522 2865//2522 2843//2522
f 2866//2523 2843//2523 1555//2523
f 1555//2524 2843//2524 1557//2524
f 2852//2525 2867//2525 2853//2525
f 2853//2526 2867//2526 2855//2526
f 2867//2527 2868//2527 2855//2527
f 2855//2528 2868//2528 2857//2528
f 2868//2529 2869//2529 2857//2529
f 2857//2530 2869//2530 2859//2530
f 2869//2531 2870//2531 2859//2531
f 2859//2532 2870//2532 2861//2532
f 2870//2533 2871//2533 2861//2533
f 2861//2534 2871//2534 2863//2534
f 2863//2535 2871//2535 2865//2535
f 2865//2536 2871//2536 2872//2536
f 2865//2537 2872//2537 2846//2537
f 2846//2522 2843//2522 2865//2522
f 1555//2538 1553//2538 2866//2538
f 2866//2539 1553//2539 2864//2539
f 2864//2540 1553//2540 2862//2540
f 2862//2541 1553//2541 1551//2541
f 2862//2542 1551//2542 2860//2542
f 2860//2543 1551//2543 875//2543
f 2860//2544 875//2544 2858//2544
f 2858//2545 875//2545 874//2545
f 2858//2546 874//2546 2856//2546
f 2856//2547 874//2547 873//2547
f 2856//2548 873//2548 2854//2548
f 2854//2549 873//2549 1550//2549
f 2854//2550 1550//2550 2734//2550
f 2734//2512 1550//2512 1549//2512
f 2873//2551 2874//2551 2875//2551
f 2875//2552 2874//2552 2876//2552
f 2876//2553 2874//2553 1578//2553
f 2876//2554 1578//2554 2820//2554
f 2820//2555 1578//2555 1577//2555
f 2820//2552 1577//2552 869//2552
f 869//2556 868//2556 2820//2556
f 2820//2556 2842//2556 2876//2556
f 1579//2557 2877//2557 1580//2557
f 1580//2557 2877//2557 2878//2557
f 1580//2558 2878//2558 862//2558
f 862//2558 2878//2558 2879//2558
f 862//2559 2879//2559 863//2559
f 863//2559 2879//2559 2880//2559
f 846//2560 2881//2560 848//2560
f 848//2561 2881//2561 2882//2561
f 848//2562 2882//2562 2883//2562
f 2881//2563 2884//2563 2882//2563
f 2885//2564 852//2564 2883//2564
f 2883//2565 852//2565 850//2565
f 2883//2566 850//2566 848//2566
f 852//2567 2885//2567 854//2567
f 854//2568 2885//2568 2886//2568
f 854//2569 2886//2569 856//2569
f 856//2570 2886//2570 2887//2570
f 856//2571 2887//2571 858//2571
f 858//2572 2887//2572 2888//2572
f 858//2573 2888//2573 860//2573
f 860//2574 2888//2574 2889//2574
f 860//2575 2889//2575 1579//2575
f 1579//2576 2889//2576 2877//2576
f 2873//2577 2890//2577 2874//2577
f 2874//2578 2890//2578 2891//2578
f 2874//2579 2891//2579 2892//2579
f 2892//2580 2891//2580 2893//2580
f 2892//2580 2893//2580 2894//2580
f 2894//2581 2893//2581 2895//2581
f 2894//2581 2895//2581 2896//2581
f 2896//2582 2895//2582 2897//2582
f 2896//2582 2897//2582 2898//2582
f 2898//2583 2897//2583 2899//2583
f 2898//2583 2899//2583 2900//2583
f 2900//2584 2899//2584 2901//2584
f 2900//2584 2901//2584 2902//2584
f 2902//2585 2901//2585 2903//2585
f 2902//2586 2903//2586 2904//2586
f 2904//2587 2903//2587 2881//2587
f 2904//2588 2881//2588 844//2588
f 844//2589 2881//2589 846//2589
f 2890//2590 2905//2590 2891//2590
f 2891//2591 2905//2591 2893//2591
f 2905//2592 2906//2592 2893//2592
f 2893//2593 2906//2593 2895//2593
f 2906//2594 2907//2594 2895//2594
f 2895//2595 2907//2595 2897//2595
f 2907//2596 2908//2596 2897//2596
f 2897//2597 2908//2597 2899//2597
f 2908//2598 2909//2598 2899//2598
f 2899//2584 2909//2584 2901//2584
f 2901//2599 2909//2599 2903//2599
f 2903//2600 2909//2600 2910//2600
f 2903//2601 2910//2601 2884//2601
f 2884//2587 2881//2587 2903//2587
f 844//2602 842//2602 2904//2602
f 2904//2603 842//2603 2902//2603
f 2902//2604 842//2604 2900//2604
f 2900//2605 842//2605 840//2605
f 2900//2606 840//2606 2898//2606
f 2898//2607 840//2607 839//2607
f 2898//2608 839//2608 2896//2608
f 2896//2609 839//2609 866//2609
f 2896//2610 866//2610 2894//2610
f 2894//2611 866//2611 865//2611
f 2894//2612 865//2612 2892//2612
f 2892//2613 865//2613 864//2613
f 2892//2614 864//2614 2874//2614
f 2874//2615 864//2615 1578//2615
f 2911//2616 2912//2616 2913//2616
f 2913//2617 2912//2617 849//2617
f 2913//2618 849//2618 851//2618
f 2912//2619 847//2619 849//2619
f 853//2620 2914//2620 851//2620
f 851//2621 2914//2621 2915//2621
f 851//2622 2915//2622 2913//2622
f 2914//2623 853//2623 2916//2623
f 2916//2624 853//2624 855//2624
f 2916//2625 855//2625 2917//2625
f 2917//2626 855//2626 857//2626
f 2917//2627 857//2627 2918//2627
f 2918//2628 857//2628 859//2628
f 2918//2629 859//2629 2919//2629
f 2919//2630 859//2630 861//2630
f 2919//2631 861//2631 2880//2631
f 2880//2632 861//2632 863//2632
f 838//2633 837//2633 2920//2633
f 2920//2634 837//2634 2921//2634
f 2920//2635 2921//2635 2922//2635
f 2922//2636 2921//2636 2923//2636
f 2922//2636 2923//2636 2924//2636
f 2924//2637 2923//2637 2925//2637
f 2924//2637 2925//2637 2926//2637
f 2926//2638 2925//2638 2927//2638
f 2926//2638 2927//2638 2928//2638
f 2928//2639 2927//2639 2929//2639
f 2928//2639 2929//2639 2930//2639
f 2930//2640 2929//2640 2931//2640
f 2930//2640 2931//2640 2932//2640
f 2932//2641 2931//2641 2933//2641
f 2932//2641 2933//2641 2934//2641
f 2934//2642 2933//2642 2912//2642
f 2934//2643 2912//2643 2935//2643
f 2935//2644 2912//2644 2911//2644
f 837//2645 836//2645 2921//2645
f 2921//2646 836//2646 2923//2646
f 836//2647 1582//2647 2923//2647
f 2923//2648 1582//2648 2925//2648
f 1582//2649 1581//2649 2925//2649
f 2925//2650 1581//2650 2927//2650
f 1581//2651 841//2651 2927//2651
f 2927//2652 841//2652 2929//2652
f 841//2653 843//2653 2929//2653
f 2929//2640 843//2640 2931//2640
f 2931//2654 843//2654 2933//2654
f 2933//2655 843//2655 845//2655
f 2933//2656 845//2656 847//2656
f 847//2642 2912//2642 2933//2642
f 2935//2657 2936//2657 2934//2657
f 2934//2658 2936//2658 2932//2658
f 2932//2659 2936//2659 2930//2659
f 2930//2660 2936//2660 2937//2660
f 2930//2661 2937//2661 2928//2661
f 2928//2662 2937//2662 2938//2662
f 2928//2663 2938//2663 2926//2663
f 2926//2664 2938//2664 2939//2664
f 2926//2665 2939//2665 2924//2665
f 2924//2666 2939//2666 2940//2666
f 2924//2667 2940//2667 2922//2667
f 2922//2668 2940//2668 2941//2668
f 2922//2669 2941//2669 2920//2669
f 2920//2670 2941//2670 2942//2670
f 2943//2671 2944//2671 2945//2671
f 2945//2672 2944//2672 2946//2672
f 2946//2673 2944//2673 833//2673
f 2946//2674 833//2674 2920//2674
f 2920//2675 833//2675 1584//2675
f 2920//2672 1584//2672 1583//2672
f 1583//2676 838//2676 2920//2676
f 2920//2676 2942//2676 2946//2676
f 1608//2677 2947//2677 1609//2677
f 1609//2677 2947//2677 2948//2677
f 1609//2678 2948//2678 1606//2678
f 1606//2678 2948//2678 2949//2678
f 1606//2679 2949//2679 1607//2679
f 1607//2679 2949//2679 2950//2679
f 1590//2680 2951//2680 1592//2680
f 1592//2681 2951//2681 2952//2681
f 1592//2682 2952//2682 2953//2682
f 2951//2683 2954//2683 2952//2683
f 2955//2684 1596//2684 2953//2684
f 2953//2685 1596//2685 1594//2685
f 2953//2686 1594//2686 1592//2686
f 1596//2687 2955//2687 1598//2687
f 1598//2688 2955//2688 2956//2688
f 1598//2689 2956//2689 1600//2689
f 1600//2690 2956//2690 2957//2690
f 1600//2691 2957//2691 1602//2691
f 1602//2692 2957//2692 2958//2692
f 1602//2693 2958//2693 1604//2693
f 1604//2694 2958//2694 2959//2694
f 1604//2695 2959//2695 1608//2695
f 1608//2696 2959//2696 2947//2696
f 2943//2697 2960//2697 2944//2697
f 2944//2698 2960//2698 2961//2698
f 2944//2699 2961//2699 2962//2699
f 2962//2700 2961//2700 2963//2700
f 2962//2700 2963//2700 2964//2700
f 2964//2701 2963//2701 2965//2701
f 2964//2701 2965//2701 2966//2701
f 2966//2702 2965//2702 2967//2702
f 2966//2702 2967//2702 2968//2702
f 2968//2703 2967//2703 2969//2703
f 2968//2703 2969//2703 2970//2703
f 2970//2704 2969//2704 2971//2704
f 2970//2704 2971//2704 2972//2704
f 2972//2705 2971//2705 2973//2705
f 2972//2705 2973//2705 2974//2705
f 2974//2706 2973//2706 2951//2706
f 2974//2707 2951//2707 1588//2707
f 1588//2708 2951//2708 1590//2708
f 2960//2709 2975//2709 2961//2709
f 2961//2710 2975//2710 2963//2710
f 2975//2711 2976//2711 2963//2711
f 2963//2712 2976//2712 2965//2712
f 2976//2713 2977//2713 2965//2713
f 2965//2714 2977//2714 2967//2714
f 2977//2715 2978//2715 2967//2715
f 2967//2716 2978//2716 2969//2716
f 2978//2717 2979//2717 2969//2717
f 2969//2718 2979//2718 2971//2718
f 2971//2719 2979//2719 2973//2719
f 2973//2720 2979//2720 2980//2720
f 2973//2721 2980//2721 2954//2721
f 2954//2706 2951//2706 2973//2706
f 1588//2720 1586//2720 2974//2720
f 2974//2722 1586//2722 2972//2722
f 2972//2723 1586//2723 2970//2723
f 2970//2724 1586//2724 1186//2724
f 2970//2725 1186//2725 2968//2725
f 2968//2726 1186//2726 1185//2726
f 2968//2727 1185//2727 2966//2727
f 2966//2728 1185//2728 1184//2728
f 2966//2729 1184//2729 2964//2729
f 2964//2730 1184//2730 835//2730
f 2964//2731 835//2731 2962//2731
f 2962//2732 835//2732 834//2732
f 2962//2733 834//2733 2944//2733
f 2944//2734 834//2734 833//2734
f 2981//2735 2982//2735 2983//2735
f 2983//2736 2982//2736 1593//2736
f 2983//2737 1593//2737 1595//2737
f 2982//2738 1591//2738 1593//2738
f 1597//2739 2984//2739 1595//2739
f 1595//2740 2984//2740 2985//2740
f 1595//2741 2985//2741 2983//2741
f 2984//2742 1597//2742 2986//2742
f 2986//2743 1597//2743 1599//2743
f 2986//2744 1599//2744 2987//2744
f 2987//2745 1599//2745 1601//2745
f 2987//2746 1601//2746 2988//2746
f 2988//2747 1601//2747 1603//2747
f 2988//2748 1603//2748 2989//2748
f 2989//2749 1603//2749 1605//2749
f 2989//2750 1605//2750 2950//2750
f 2950//2751 1605//2751 1607//2751
f 1180//2752 1179//2752 2990//2752
f 2990//2753 1179//2753 2991//2753
f 2990//2754 2991//2754 2992//2754
f 2992//2755 2991//2755 2993//2755
f 2992//2755 2993//2755 2994//2755
f 2994//2756 2993//2756 2995//2756
f 2994//2756 2995//2756 2996//2756
f 2996//2757 2995//2757 2997//2757
f 2996//2757 2997//2757 2998//2757
f 2998//2758 2997//2758 2999//2758
f 2998//2758 2999//2758 3000//2758
f 3000//2759 2999//2759 3001//2759
f 3000//2759 3001//2759 3002//2759
f 3002//2760 3001//2760 3003//2760
f 3002//2760 3003//2760 3004//2760
f 3004//2761 3003//2761 2982//2761
f 3004//2762 2982//2762 3005//2762
f 3005//2763 2982//2763 2981//2763
f 1179//2764 1183//2764 2991//2764
f 2991//2765 1183//2765 2993//2765
f 1183//2766 1182//2766 2993//2766
f 2993//2767 1182//2767 2995//2767
f 1182//2768 1610//2768 2995//2768
f 2995//2769 1610//2769 2997//2769
f 1610//2770 1585//2770 2997//2770
f 2997//2771 1585//2771 2999//2771
f 1585//2772 1587//2772 2999//2772
f 2999//2773 1587//2773 3001//2773
f 3001//2774 1587//2774 3003//2774
f 3003//2775 1587//2775 1589//2775
f 3003//2776 1589//2776 1591//2776
f 1591//2761 2982//2761 3003//2761
f 3005//2777 3006//2777 3004//2777
f 3004//2778 3006//2778 3002//2778
f 3002//2779 3006//2779 3000//2779
f 3000//2780 3006//2780 3007//2780
f 3000//2781 3007//2781 2998//2781
f 2998//2782 3007//2782 3008//2782
f 2998//2783 3008//2783 2996//2783
f 2996//2784 3008//2784 3009//2784
f 2996//2785 3009//2785 2994//2785
f 2994//2786 3009//2786 3010//2786
f 2994//2787 3010//2787 2992//2787
f 2992//2788 3010//2788 3011//2788
f 2992//2789 3011//2789 2990//2789
f 2990//2790 3011//2790 3012//2790
f 3013//2791 3014//2791 3015//2791
f 3015//2792 3014//2792 3016//2792
f 3016//2793 3014//2793 1612//2793
f 3016//2794 1612//2794 2990//2794
f 2990//2795 1612//2795 1611//2795
f 2990//2792 1611//2792 1181//2792
f 1181//2796 1180//2796 2990//2796
f 2990//2796 3012//2796 3016//2796
f 1638//2797 3017//2797 1639//2797
f 1639//2797 3017//2797 3018//2797
f 1639//2798 3018//2798 1636//2798
f 1636//2798 3018//2798 3019//2798
f 1636//2799 3019//2799 1637//2799
f 1637//2799 3019//2799 3020//2799
f 1620//2800 3021//2800 1622//2800
f 1622//2801 3021//2801 3022//2801
f 1622//2802 3022//2802 3023//2802
f 3021//2803 3024//2803 3022//2803
f 3025//2804 1626//2804 3023//2804
f 3023//2805 1626//2805 1624//2805
f 3023//2806 1624//2806 1622//2806
f 1626//2807 3025//2807 1628//2807
f 1628//2808 3025//2808 3026//2808
f 1628//2809 3026//2809 1630//2809
f 1630//2810 3026//2810 3027//2810
f 1630//2811 3027//2811 1632//2811
f 1632//2812 3027//2812 3028//2812
f 1632//2813 3028//2813 1634//2813
f 1634//2814 3028//2814 3029//2814
f 1634//2815 3029//2815 1638//2815
f 1638//2816 3029//2816 3017//2816
f 3013//2817 3030//2817 3014//2817
f 3014//2818 3030//2818 3031//2818
f 3014//2819 3031//2819 3032//2819
f 3032//2820 3031//2820 3033//2820
f 3032//2820 3033//2820 3034//2820
f 3034//2821 3033//2821 3035//2821
f 3034//2821 3035//2821 3036//2821
f 3036//2822 3035//2822 3037//2822
f 3036//2822 3037//2822 3038//2822
f 3038//2823 3037//2823 3039//2823
f 3038//2824 3039//2824 3040//2824
f 3040//2825 3039//2825 3041//2825
f 3040//2825 3041//2825 3042//2825
f 3042//2826 3041//2826 3043//2826
f 3042//2826 3043//2826 3044//2826
f 3044//2827 3043//2827 3021//2827
f 3044//2828 3021//2828 1618//2828
f 1618//2829 3021//2829 1620//2829
f 3030//2830 3045//2830 3031//2830
f 3031//2831 3045//2831 3033//2831
f 3045//2832 3046//2832 3033//2832
f 3033//2833 3046//2833 3035//2833
f 3046//2834 3047//2834 3035//2834
f 3035//2835 3047//2835 3037//2835
f 3047//2836 3048//2836 3037//2836
f 3037//2837 3048//2837 3039//2837
f 3048//2838 3049//2838 3039//2838
f 3039//2839 3049//2839 3041//2839
f 3041//2840 3049//2840 3043//2840
f 3043//2841 3049//2841 3050//2841
f 3043//2842 3050//2842 3024//2842
f 3024//2827 3021//2827 3043//2827
f 1618//2843 1616//2843 3044//2843
f 3044//2844 1616//2844 3042//2844
f 3042//2845 1616//2845 3040//2845
f 3040//2846 1616//2846 1614//2846
f 3040//2847 1614//2847 3038//2847
f 3038//2848 1614//2848 1178//2848
f 3038//2849 1178//2849 3036//2849
f 3036//2850 1178//2850 1177//2850
f 3036//2851 1177//2851 3034//2851
f 3034//2852 1177//2852 1176//2852
f 3034//2853 1176//2853 3032//2853
f 3032//2854 1176//2854 1613//2854
f 3032//2855 1613//2855 3014//2855
f 3014//2817 1613//2817 1612//2817
f 3051//2856 3052//2856 3053//2856
f 3053//2857 3052//2857 1623//2857
f 3053//2858 1623//2858 1625//2858
f 3052//2859 1621//2859 1623//2859
f 1627//2860 3054//2860 1625//2860
f 1625//2861 3054//2861 3055//2861
f 1625//2862 3055//2862 3053//2862
f 3054//2863 1627//2863 3056//2863
f 3056//2864 1627//2864 1629//2864
f 3056//2865 1629//2865 3057//2865
f 3057//2866 1629//2866 1631//2866
f 3057//2867 1631//2867 3058//2867
f 3058//2868 1631//2868 1633//2868
f 3058//2869 1633//2869 3059//2869
f 3059//2870 1633//2870 1635//2870
f 3059//2871 1635//2871 3020//2871
f 3020//2872 1635//2872 1637//2872
f 1173//2873 1172//2873 3060//2873
f 3060//2874 1172//2874 3061//2874
f 3060//2875 3061//2875 3062//2875
f 3062//2876 3061//2876 3063//2876
f 3062//2876 3063//2876 3064//2876
f 3064//2877 3063//2877 3065//2877
f 3064//2877 3065//2877 3066//2877
f 3066//2878 3065//2878 3067//2878
f 3066//2878 3067//2878 3068//2878
f 3068//2879 3067//2879 3069//2879
f 3068//2879 3069//2879 3070//2879
f 3070//2880 3069//2880 3071//2880
f 3070//2880 3071//2880 3072//2880
f 3072//2881 3071//2881 3073//2881
f 3072//2881 3073//2881 3074//2881
f 3074//2882 3073//2882 3052//2882
f 3074//2883 3052//2883 3075//2883
f 3075//2884 3052//2884 3051//2884
f 1172//2885 1171//2885 3061//2885
f 3061//2886 1171//2886 3063//2886
f 1171//2887 1175//2887 3063//2887
f 3063//2888 1175//2888 3065//2888
f 1175//2889 1174//2889 3065//2889
f 3065//2890 1174//2890 3067//2890
f 1174//2891 1615//2891 3067//2891
f 3067//2892 1615//2892 3069//2892
f 1615//2893 1617//2893 3069//2893
f 3069//2880 1617//2880 3071//2880
f 3071//2894 1617//2894 3073//2894
f 3073//2895 1617//2895 1619//2895
f 3073//2896 1619//2896 1621//2896
f 1621//2882 3052//2882 3073//2882
f 3075//2897 3076//2897 3074//2897
f 3074//2898 3076//2898 3072//2898
f 3072//2899 3076//2899 3070//2899
f 3070//2900 3076//2900 3077//2900
f 3070//2901 3077//2901 3068//2901
f 3068//2902 3077//2902 3078//2902
f 3068//2903 3078//2903 3066//2903
f 3066//2904 3078//2904 3079//2904
f 3066//2905 3079//2905 3064//2905
f 3064//2906 3079//2906 3080//2906
f 3064//2907 3080//2907 3062//2907
f 3062//2908 3080//2908 3081//2908
f 3062//2909 3081//2909 3060//2909
f 3060//2910 3081//2910 3082//2910
f 3083//2911 3084//2911 3085//2911
f 3085//2912 3084//2912 3086//2912
f 3086//2913 3084//2913 1642//2913
f 3086//2914 1642//2914 3060//2914
f 3060//2915 1642//2915 1641//2915
f 3060//2912 1641//2912 1640//2912
f 1640//2916 1173//2916 3060//2916
f 3060//2916 3082//2916 3086//2916
f 1662//2917 3087//2917 1663//2917
f 1663//2917 3087//2917 3088//2917
f 1663//2918 3088//2918 1660//2918
f 1660//2918 3088//2918 3089//2918
f 1660//2919 3089//2919 1661//2919
f 1661//2919 3089//2919 3090//2919
f 1644//2920 3091//2920 1646//2920
f 1646//2921 3091//2921 3092//2921
f 1646//2922 3092//2922 3093//2922
f 3091//2923 3094//2923 3092//2923
f 3095//2924 1650//2924 3093//2924
f 3093//2925 1650//2925 1648//2925
f 3093//2926 1648//2926 1646//2926
f 1650//2927 3095//2927 1652//2927
f 1652//2928 3095//2928 3096//2928
f 1652//2929 3096//2929 1654//2929
f 1654//2930 3096//2930 3097//2930
f 1654//2931 3097//2931 1656//2931
f 1656//2932 3097//2932 3098//2932
f 1656//2933 3098//2933 1658//2933
f 1658//2934 3098//2934 3099//2934
f 1658//2935 3099//2935 1662//2935
f 1662//2936 3099//2936 3087//2936
f 3083//2937 3100//2937 3084//2937
f 3084//2938 3100//2938 3101//2938
f 3084//2939 3101//2939 3102//2939
f 3102//2940 3101//2940 3103//2940
f 3102//2940 3103//2940 3104//2940
f 3104//2941 3103//2941 3105//2941
f 3104//2942 3105//2942 3106//2942
f 3106//2943 3105//2943 3107//2943
f 3106//2943 3107//2943 3108//2943
f 3108//2944 3107//2944 3109//2944
f 3108//2944 3109//2944 3110//2944
f 3110//2945 3109//2945 3111//2945
f 3110//2945 3111//2945 3112//2945
f 3112//2946 3111//2946 3113//2946
f 3112//2946 3113//2946 3114//2946
f 3114//2947 3113//2947 3091//2947
f 3114//2948 3091//2948 1167//2948
f 1167//2949 3091//2949 1644//2949
f 3100//2950 3115//2950 3101//2950
f 3101//2951 3115//2951 3103//2951
f 3115//2952 3116//2952 3103//2952
f 3103//2953 3116//2953 3105//2953
f 3116//2954 3117//2954 3105//2954
f 3105//2955 3117//2955 3107//2955
f 3117//2956 3118//2956 3107//2956
f 3107//2957 3118//2957 3109//2957
f 3118//2958 3119//2958 3109//2958
f 3109//2959 3119//2959 3111//2959
f 3111//2960 3119//2960 3113//2960
f 3113//2961 3119//2961 3120//2961
f 3113//2962 3120//2962 3094//2962
f 3094//2947 3091//2947 3113//2947
f 1167//2963 1166//2963 3114//2963
f 3114//2964 1166//2964 3112//2964
f 3112//2965 1166//2965 3110//2965
f 3110//2966 1166//2966 1163//2966
f 3110//2967 1163//2967 3108//2967
f 3108//2968 1163//2968 1162//2968
f 3108//2969 1162//2969 3106//2969
f 3106//2970 1162//2970 1170//2970
f 3106//2971 1170//2971 3104//2971
f 3104//2972 1170//2972 1169//2972
f 3104//2973 1169//2973 3102//2973
f 3102//2974 1169//2974 1168//2974
f 3102//2975 1168//2975 3084//2975
f 3084//2976 1168//2976 1642//2976
f 3121//2977 3122//2977 3123//2977
f 3123//2978 3122//2978 1647//2978
f 3123//2979 1647//2979 1649//2979
f 3122//2980 1645//2980 1647//2980
f 1651//2981 3124//2981 1649//2981
f 1649//2982 3124//2982 3125//2982
f 1649//2983 3125//2983 3123//2983
f 3124//2984 1651//2984 3126//2984
f 3126//2985 1651//2985 1653//2985
f 3126//2986 1653//2986 3127//2986
f 3127//2987 1653//2987 1655//2987
f 3127//2988 1655//2988 3128//2988
f 3128//2989 1655//2989 1657//2989
f 3128//2990 1657//2990 3129//2990
f 3129//2991 1657//2991 1659//2991
f 3129//2992 1659//2992 3090//2992
f 3090//2993 1659//2993 1661//2993
f 1665//2994 1161//2994 3130//2994
f 3130//2995 1161//2995 3131//2995
f 3130//2996 3131//2996 3132//2996
f 3132//2997 3131//2997 3133//2997
f 3132//2997 3133//2997 3134//2997
f 3134//2998 3133//2998 3135//2998
f 3134//2998 3135//2998 3136//2998
f 3136//2999 3135//2999 3137//2999
f 3136//2999 3137//2999 3138//2999
f 3138//3000 3137//3000 3139//3000
f 3138//3000 3139//3000 3140//3000
f 3140//3001 3139//3001 3141//3001
f 3140//3002 3141//3002 3142//3002
f 3142//3003 3141//3003 3143//3003
f 3142//3003 3143//3003 3144//3003
f 3144//3004 3143//3004 3122//3004
f 3144//3005 3122//3005 3145//3005
f 3145//3006 3122//3006 3121//3006
f 1161//3007 1160//3007 3131//3007
f 3131//3008 1160//3008 3133//3008
f 1160//3009 1159//3009 3133//3009
f 3133//3010 1159//3010 3135//3010
f 1159//3011 1664//3011 3135//3011
f 3135//3012 1664//3012 3137//3012
f 1664//3013 1164//3013 3137//3013
f 3137//3014 1164//3014 3139//3014
f 1164//3015 1165//3015 3139//3015
f 3139//3016 1165//3016 3141//3016
f 3141//3017 1165//3017 3143//3017
f 3143//3018 1165//3018 1643//3018
f 3143//3019 1643//3019 1645//3019
f 1645//3004 3122//3004 3143//3004
f 3145//3020 3146//3020 3144//3020
f 3144//3021 3146//3021 3142//3021
f 3142//3022 3146//3022 3140//3022
f 3140//3023 3146//3023 3147//3023
f 3140//3024 3147//3024 3138//3024
f 3138//3025 3147//3025 3148//3025
f 3138//3026 3148//3026 3136//3026
f 3136//3027 3148//3027 3149//3027
f 3136//3028 3149//3028 3134//3028
f 3134//3029 3149//3029 3150//3029
f 3134//3030 3150//3030 3132//3030
f 3132//3031 3150//3031 3151//3031
f 3132//3032 3151//3032 3130//3032
f 3130//2994 3151//2994 3152//2994
f 3153//3033 3154//3033 3155//3033
f 3155//3034 3154//3034 3156//3034
f 3156//3035 3154//3035 1156//3035
f 3156//3036 1156//3036 3130//3036
f 3130//3037 1156//3037 1667//3037
f 3130//3034 1667//3034 1666//3034
f 1666//3038 1665//3038 3130//3038
f 3130//3038 3152//3038 3156//3038
f 1692//3039 3157//3039 1693//3039
f 1693//3039 3157//3039 3158//3039
f 1693//3040 3158//3040 1690//3040
f 1690//3040 3158//3040 3159//3040
f 1690//3041 3159//3041 1691//3041
f 1691//3041 3159//3041 3160//3041
f 1675//3042 3161//3042 1677//3042
f 1677//3043 3161//3043 3162//3043
f 1677//3044 3162//3044 3163//3044
f 3161//3045 3164//3045 3162//3045
f 3165//3046 1680//3046 3163//3046
f 3163//3047 1680//3047 1678//3047
f 3163//3048 1678//3048 1677//3048
f 1680//3049 3165//3049 1682//3049
f 1682//3050 3165//3050 3166//3050
f 1682//3051 3166//3051 1684//3051
f 1684//3052 3166//3052 3167//3052
f 1684//3053 3167//3053 1686//3053
f 1686//3054 3167//3054 3168//3054
f 1686//3055 3168//3055 1688//3055
f 1688//3056 3168//3056 3169//3056
f 1688//3057 3169//3057 1692//3057
f 1692//3058 3169//3058 3157//3058
f 3153//3059 3170//3059 3154//3059
f 3154//3060 3170//3060 3171//3060
f 3154//3061 3171//3061 3172//3061
f 3172//3062 3171//3062 3173//3062
f 3172//3062 3173//3062 3174//3062
f 3174//3063 3173//3063 3175//3063
f 3174//3063 3175//3063 3176//3063
f 3176//3064 3175//3064 3177//3064
f 3176//3064 3177//3064 3178//3064
f 3178//3065 3177//3065 3179//3065
f 3178//3065 3179//3065 3180//3065
f 3180//3066 3179//3066 3181//3066
f 3180//3066 3181//3066 3182//3066
f 3182//3067 3181//3067 3183//3067
f 3182//3067 3183//3067 3184//3067
f 3184//3068 3183//3068 3161//3068
f 3184//3069 3161//3069 1673//3069
f 1673//3070 3161//3070 1675//3070
f 3170//3071 3185//3071 3171//3071
f 3171//3072 3185//3072 3173//3072
f 3185//3073 3186//3073 3173//3073
f 3173//3074 3186//3074 3175//3074
f 3186//3075 3187//3075 3175//3075
f 3175//3076 3187//3076 3177//3076
f 3187//3077 3188//3077 3177//3077
f 3177//3078 3188//3078 3179//3078
f 3188//3079 3189//3079 3179//3079
f 3179//3080 3189//3080 3181//3080
f 3181//3081 3189//3081 3183//3081
f 3183//3082 3189//3082 3190//3082
f 3183//3083 3190//3083 3164//3083
f 3164//3068 3161//3068 3183//3068
f 1673//3084 1668//3084 3184//3084
f 3184//3085 1668//3085 3182//3085
f 3182//3086 1668//3086 3180//3086
f 3180//3087 1668//3087 1155//3087
f 3180//3088 1155//3088 3178//3088
f 3178//3089 1155//3089 1154//3089
f 3178//3090 1154//3090 3176//3090
f 3176//3091 1154//3091 1153//3091
f 3176//3092 1153//3092 3174//3092
f 3174//3093 1153//3093 1158//3093
f 3174//3094 1158//3094 3172//3094
f 3172//3095 1158//3095 1157//3095
f 3172//3096 1157//3096 3154//3096
f 3154//3097 1157//3097 1156//3097
f 3191//3098 3192//3098 3193//3098
f 3193//3099 3192//3099 1676//3099
f 3193//3100 1676//3100 1679//3100
f 3192//3101 1674//3101 1676//3101
f 1681//3102 3194//3102 1679//3102
f 1679//3103 3194//3103 3195//3103
f 1679//3104 3195//3104 3193//3104
f 3194//3105 1681//3105 3196//3105
f 3196//3106 1681//3106 1683//3106
f 3196//3107 1683//3107 3197//3107
f 3197//3108 1683//3108 1685//3108
f 3197//3109 1685//3109 3198//3109
f 3198//3110 1685//3110 1687//3110
f 3198//3111 1687//3111 3199//3111
f 3199//3112 1687//3112 1689//3112
f 3199//3113 1689//3113 3160//3113
f 3160//3114 1689//3114 1691//3114
f 1149//3115 1148//3115 3200//3115
f 3200//3116 1148//3116 3201//3116
f 3200//3117 3201//3117 3202//3117
f 3202//3118 3201//3118 3203//3118
f 3202//3118 3203//3118 3204//3118
f 3204//3119 3203//3119 3205//3119
f 3204//3119 3205//3119 3206//3119
f 3206//3120 3205//3120 3207//3120
f 3206//3120 3207//3120 3208//3120
f 3208//3121 3207//3121 3209//3121
f 3208//3121 3209//3121 3210//3121
f 3210//3122 3209//3122 3211//3122
f 3210//3122 3211//3122 3212//3122
f 3212//3123 3211//3123 3213//3123
f 3212//3123 3213//3123 3214//3123
f 3214//3124 3213//3124 3192//3124
f 3214//3125 3192//3125 3215//3125
f 3215//3126 3192//3126 3191//3126
f 1148//3127 1152//3127 3201//3127
f 3201//3128 1152//3128 3203//3128
f 1152//3129 1151//3129 3203//3129
f 3203//3130 1151//3130 3205//3130
f 1151//3131 1671//3131 3205//3131
f 3205//3132 1671//3132 3207//3132
f 1671//3133 1670//3133 3207//3133
f 3207//3134 1670//3134 3209//3134
f 1670//3135 1669//3135 3209//3135
f 3209//3122 1669//3122 3211//3122
f 3211//3136 1669//3136 3213//3136
f 3213//3137 1669//3137 1672//3137
f 3213//3138 1672//3138 1674//3138
f 1674//3124 3192//3124 3213//3124
f 3215//3139 3216//3139 3214//3139
f 3214//3140 3216//3140 3212//3140
f 3212//3141 3216//3141 3210//3141
f 3210//3142 3216//3142 3217//3142
f 3210//3143 3217//3143 3208//3143
f 3208//3144 3217//3144 3218//3144
f 3208//3145 3218//3145 3206//3145
f 3206//3146 3218//3146 3219//3146
f 3206//3147 3219//3147 3204//3147
f 3204//3148 3219//3148 3220//3148
f 3204//3149 3220//3149 3202//3149
f 3202//3150 3220//3150 3221//3150
f 3202//3151 3221//3151 3200//3151
f 3200//3115 3221//3115 3222//3115
f 3223//3152 3224//3152 3225//3152
f 3225//3153 3224//3153 3226//3153
f 3226//3154 3224//3154 1695//3154
f 3226//3155 1695//3155 3200//3155
f 3200//3156 1695//3156 1694//3156
f 3200//3153 1694//3153 1150//3153
f 1150//3157 1149//3157 3200//3157
f 3200//3157 3222//3157 3226//3157
f 1721//3158 3227//3158 1722//3158
f 1722//3158 3227//3158 3228//3158
f 1722//3159 3228//3159 1719//3159
f 1719//3159 3228//3159 3229//3159
f 1719//3160 3229//3160 1720//3160
f 1720//3160 3229//3160 3230//3160
f 1704//3161 3231//3161 1706//3161
f 1706//3162 3231//3162 3232//3162
f 1706//3163 3232//3163 3233//3163
f 3231//3164 3234//3164 3232//3164
f 3235//3165 1709//3165 3233//3165
f 3233//3166 1709//3166 1707//3166
f 3233//3167 1707//3167 1706//3167
f 1709//3168 3235//3168 1711//3168
f 1711//3169 3235//3169 3236//3169
f 1711//3170 3236//3170 1713//3170
f 1713//3171 3236//3171 3237//3171
f 1713//3172 3237//3172 1715//3172
f 1715//3173 3237//3173 3238//3173
f 1715//3174 3238//3174 1717//3174
f 1717//3175 3238//3175 3239//3175
f 1717//3176 3239//3176 1721//3176
f 1721//3177 3239//3177 3227//3177
f 3223//3178 3240//3178 3224//3178
f 3224//3179 3240//3179 3241//3179
f 3224//3180 3241//3180 3242//3180
f 3242//3181 3241//3181 3243//3181
f 3242//3181 3243//3181 3244//3181
f 3244//3182 3243//3182 3245//3182
f 3244//3182 3245//3182 3246//3182
f 3246//3183 3245//3183 3247//3183
f 3246//3183 3247//3183 3248//3183
f 3248//3184 3247//3184 3249//3184
f 3248//3184 3249//3184 3250//3184
f 3250//3185 3249//3185 3251//3185
f 3250//3185 3251//3185 3252//3185
f 3252//3186 3251//3186 3253//3186
f 3252//3186 3253//3186 3254//3186
f 3254//3187 3253//3187 3231//3187
f 3254//3188 3231//3188 1702//3188
f 1702//3189 3231//3189 1704//3189
f 3240//3190 3255//3190 3241//3190
f 3241//3191 3255//3191 3243//3191
f 3255//3192 3256//3192 3243//3192
f 3243//3193 3256//3193 3245//3193
f 3256//3194 3257//3194 3245//3194
f 3245//3195 3257//3195 3247//3195
f 3257//3196 3258//3196 3247//3196
f 3247//3197 3258//3197 3249//3197
f 3258//3198 3259//3198 3249//3198
f 3249//3185 3259//3185 3251//3185
f 3251//3199 3259//3199 3253//3199
f 3253//3200 3259//3200 3260//3200
f 3253//3201 3260//3201 3234//3201
f 3234//3187 3231//3187 3253//3187
f 1702//3202 1700//3202 3254//3202
f 3254//3203 1700//3203 3252//3203
f 3252//3204 1700//3204 3250//3204
f 3250//3205 1700//3205 1697//3205
f 3250//3206 1697//3206 3248//3206
f 3248//3207 1697//3207 1147//3207
f 3248//3208 1147//3208 3246//3208
f 3246//3209 1147//3209 1146//3209
f 3246//3210 1146//3210 3244//3210
f 3244//3211 1146//3211 1145//3211
f 3244//3212 1145//3212 3242//3212
f 3242//3213 1145//3213 1696//3213
f 3242//3214 1696//3214 3224//3214
f 3224//3178 1696//3178 1695//3178
f 3261//3215 3262//3215 3263//3215
f 3263//3216 3262//3216 1705//3216
f 3263//3217 1705//3217 1708//3217
f 3262//3218 1703//3218 1705//3218
f 1710//3219 3264//3219 1708//3219
f 1708//3220 3264//3220 3265//3220
f 1708//3221 3265//3221 3263//3221
f 3264//3222 1710//3222 3266//3222
f 3266//3223 1710//3223 1712//3223
f 3266//3224 1712//3224 3267//3224
f 3267//3225 1712//3225 1714//3225
f 3267//3226 1714//3226 3268//3226
f 3268//3227 1714//3227 1716//3227
f 3268//3228 1716//3228 3269//3228
f 3269//3229 1716//3229 1718//3229
f 3269//3230 1718//3230 3230//3230
f 3230//3231 1718//3231 1720//3231
f 1142//3232 1141//3232 3270//3232
f 3270//3233 1141//3233 3271//3233
f 3270//3234 3271//3234 3272//3234
f 3272//3235 3271//3235 3273//3235
f 3272//3235 3273//3235 3274//3235
f 3274//3236 3273//3236 3275//3236
f 3274//3236 3275//3236 3276//3236
f 3276//3237 3275//3237 3277//3237
f 3276//3237 3277//3237 3278//3237
f 3278//3238 3277//3238 3279//3238
f 3278//3238 3279//3238 3280//3238
f 3280//3239 3279//3239 3281//3239
f 3280//3239 3281//3239 3282//3239
f 3282//3240 3281//3240 3283//3240
f 3282//3240 3283//3240 3284//3240
f 3284//3241 3283//3241 3262//3241
f 3284//3242 3262//3242 3285//3242
f 3285//3243 3262//3243 3261//3243
f 1141//3244 1140//3244 3271//3244
f 3271//3245 1140//3245 3273//3245
f 1140//3246 1144//3246 3273//3246
f 3273//3247 1144//3247 3275//3247
f 1144//3248 1143//3248 3275//3248
f 3275//3249 1143//3249 3277//3249
f 1143//3250 1698//3250 3277//3250
f 3277//3251 1698//3251 3279//3251
f 1698//3252 1699//3252 3279//3252
f 3279//3253 1699//3253 3281//3253
f 3281//3254 1699//3254 3283//3254
f 3283//3255 1699//3255 1701//3255
f 3283//3256 1701//3256 1703//3256
f 1703//3241 3262//3241 3283//3241
f 3285//3257 3286//3257 3284//3257
f 3284//3258 3286//3258 3282//3258
f 3282//3259 3286//3259 3280//3259
f 3280//3260 3286//3260 3287//3260
f 3280//3261 3287//3261 3278//3261
f 3278//3262 3287//3262 3288//3262
f 3278//3263 3288//3263 3276//3263
f 3276//3264 3288//3264 3289//3264
f 3276//3265 3289//3265 3274//3265
f 3274//3266 3289//3266 3290//3266
f 3274//3267 3290//3267 3272//3267
f 3272//3268 3290//3268 3291//3268
f 3272//3269 3291//3269 3270//3269
f 3270//3270 3291//3270 3292//3270
f 3293//3271 3294//3271 3295//3271
f 3295//3272 3294//3272 3296//3272
f 3296//3273 3294//3273 1725//3273
f 3296//3274 1725//3274 3270//3274
f 3270//3275 1725//3275 1724//3275
f 3270//3272 1724//3272 1723//3272
f 1723//3276 1142//3276 3270//3276
f 3270//3276 3292//3276 3296//3276
f 1739//3277 3297//3277 1740//3277
f 1740//3277 3297//3277 3298//3277
f 1740//3278 3298//3278 1737//3278
f 1737//3278 3298//3278 3299//3278
f 1737//3279 3299//3279 1738//3279
f 1738//3279 3299//3279 3300//3279
f 1133//3280 3301//3280 1135//3280
f 1135//3281 3301//3281 3302//3281
f 1135//3282 3302//3282 3303//3282
f 3301//3283 3304//3283 3302//3283
f 3305//3284 1727//3284 3303//3284
f 3303//3285 1727//3285 1136//3285
f 3303//3286 1136//3286 1135//3286
f 1727//3287 3305//3287 1729//3287
f 1729//3288 3305//3288 3306//3288
f 1729//3289 3306//3289 1731//3289
f 1731//3290 3306//3290 3307//3290
f 1731//3291 3307//3291 1733//3291
f 1733//3292 3307//3292 3308//3292
f 1733//3293 3308//3293 1735//3293
f 1735//3294 3308//3294 3309//3294
f 1735//3295 3309//3295 1739//3295
f 1739//3296 3309//3296 3297//3296
f 3293//3297 3310//3297 3294//3297
f 3294//3298 3310//3298 3311//3298
f 3294//3299 3311//3299 3312//3299
f 3312//3300 3311//3300 3313//3300
f 3312//3300 3313//3300 3314//3300
f 3314//3301 3313//3301 3315//3301
f 3314//3301 3315//3301 3316//3301
f 3316//3302 3315//3302 3317//3302
f 3316//3302 3317//3302 3318//3302
f 3318//3303 3317//3303 3319//3303
f 3318//3303 3319//3303 3320//3303
f 3320//3304 3319//3304 3321//3304
f 3320//3304 3321//3304 3322//3304
f 3322//3305 3321//3305 3323//3305
f 3322//3305 3323//3305 3324//3305
f 3324//3306 3323//3306 3301//3306
f 3324//3307 3301//3307 1131//3307
f 1131//3308 3301//3308 1133//3308
f 3310//3309 3325//3309 3311//3309
f 3311//3310 3325//3310 3313//3310
f 3325//3311 3326//3311 3313//3311
f 3313//3312 3326//3312 3315//3312
f 3326//3313 3327//3313 3315//3313
f 3315//3314 3327//3314 3317//3314
f 3327//3315 3328//3315 3317//3315
f 3317//3316 3328//3316 3319//3316
f 3328//3317 3329//3317 3319//3317
f 3319//3318 3329//3318 3321//3318
f 3321//3319 3329//3319 3323//3319
f 3323//3320 3329//3320 3330//3320
f 3323//3321 3330//3321 3304//3321
f 3304//3306 3301//3306 3323//3306
f 1131//3322 1129//3322 3324//3322
f 3324//3323 1129//3323 3322//3323
f 3322//3324 1129//3324 3320//3324
f 3320//3325 1129//3325 1126//3325
f 3320//3326 1126//3326 3318//3326
f 3318//3327 1126//3327 1125//3327
f 3318//3328 1125//3328 3316//3328
f 3316//3329 1125//3329 1139//3329
f 3316//3330 1139//3330 3314//3330
f 3314//3331 1139//3331 1138//3331
f 3314//3332 1138//3332 3312//3332
f 3312//3333 1138//3333 1137//3333
f 3312//3334 1137//3334 3294//3334
f 3294//3297 1137//3297 1725//3297
f 3331//3335 3332//3335 3333//3335
f 3333//3336 3332//3336 1134//3336
f 3333//3337 1134//3337 1726//3337
f 3332//3338 1132//3338 1134//3338
f 1728//3339 3334//3339 1726//3339
f 1726//3340 3334//3340 3335//3340
f 1726//3341 3335//3341 3333//3341
f 3334//3342 1728//3342 3336//3342
f 3336//3343 1728//3343 1730//3343
f 3336//3344 1730//3344 3337//3344
f 3337//3345 1730//3345 1732//3345
f 3337//3346 1732//3346 3338//3346
f 3338//3347 1732//3347 1734//3347
f 3338//3348 1734//3348 3339//3348
f 3339//3349 1734//3349 1736//3349
f 3339//3350 1736//3350 3300//3350
f 3300//3351 1736//3351 1738//3351
f 1742//3352 1124//3352 3340//3352
f 3340//3353 1124//3353 3341//3353
f 3340//3354 3341//3354 3342//3354
f 3342//3355 3341//3355 3343//3355
f 3342//3355 3343//3355 3344//3355
f 3344//3356 3343//3356 3345//3356
f 3344//3357 3345//3357 3346//3357
f 3346//3358 3345//3358 3347//3358
f 3346//3358 3347//3358 3348//3358
f 3348//3359 3347//3359 3349//3359
f 3348//3359 3349//3359 3350//3359
f 3350//3360 3349//3360 3351//3360
f 3350//3360 3351//3360 3352//3360
f 3352//3361 3351//3361 3353//3361
f 3352//3361 3353//3361 3354//3361
f 3354//3362 3353//3362 3332//3362
f 3354//3363 3332//3363 3355//3363
f 3355//3364 3332//3364 3331//3364
f 1124//3365 1123//3365 3341//3365
f 3341//3366 1123//3366 3343//3366
f 1123//3367 1122//3367 3343//3367
f 3343//3368 1122//3368 3345//3368
f 1122//3369 1741//3369 3345//3369
f 3345//3370 1741//3370 3347//3370
f 1741//3371 1127//3371 3347//3371
f 3347//3372 1127//3372 3349//3372
f 1127//3373 1128//3373 3349//3373
f 3349//3374 1128//3374 3351//3374
f 3351//3375 1128//3375 3353//3375
f 3353//3376 1128//3376 1130//3376
f 3353//3377 1130//3377 1132//3377
f 1132//3362 3332//3362 3353//3362
f 3355//3378 3356//3378 3354//3378
f 3354//3379 3356//3379 3352//3379
f 3352//3380 3356//3380 3350//3380
f 3350//3381 3356//3381 3357//3381
f 3350//3382 3357//3382 3348//3382
f 3348//3383 3357//3383 3358//3383
f 3348//3384 3358//3384 3346//3384
f 3346//3385 3358//3385 3359//3385
f 3346//3386 3359//3386 3344//3386
f 3344//3387 3359//3387 3360//3387
f 3344//3388 3360//3388 3342//3388
f 3342//3389 3360//3389 3361//3389
f 3342//3390 3361//3390 3340//3390
f 3340//3391 3361//3391 3362//3391
f 3363//3392 3364//3392 3365//3392
f 3365//3393 3364//3393 3366//3393
f 3366//3394 3364//3394 1120//3394
f 3366//3395 1120//3395 3340//3395
f 3340//3396 1120//3396 1119//3396
f 3340//3393 1119//3393 1743//3393
f 1743//3397 1742//3397 3340//3397
f 3340//3397 3362//3397 3366//3397
f 1768//3398 3367//3398 1769//3398
f 1769//3398 3367//3398 3368//3398
f 1769//3399 3368//3399 1766//3399
f 1766//3399 3368//3399 3369//3399
f 1766//3400 3369//3400 1767//3400
f 1767//3400 3369//3400 3370//3400
f 1751//3401 3371//3401 1753//3401
f 1753//3402 3371//3402 3372//3402
f 1753//3403 3372//3403 3373//3403
f 3371//3404 3374//3404 3372//3404
f 3375//3405 1756//3405 3373//3405
f 3373//3406 1756//3406 1754//3406
f 3373//3407 1754//3407 1753//3407
f 1756//3408 3375//3408 1758//3408
f 1758//3409 3375//3409 3376//3409
f 1758//3410 3376//3410 1760//3410
f 1760//3411 3376//3411 3377//3411
f 1760//3412 3377//3412 1762//3412
f 1762//3413 3377//3413 3378//3413
f 1762//3414 3378//3414 1764//3414
f 1764//3415 3378//3415 3379//3415
f 1764//3416 3379//3416 1768//3416
f 1768//3417 3379//3417 3367//3417
f 3363//3418 3380//3418 3364//3418
f 3364//3419 3380//3419 3381//3419
f 3364//3420 3381//3420 3382//3420
f 3382//3421 3381//3421 3383//3421
f 3382//3421 3383//3421 3384//3421
f 3384//3422 3383//3422 3385//3422
f 3384//3422 3385//3422 3386//3422
f 3386//3423 3385//3423 3387//3423
f 3386//3423 3387//3423 3388//3423
f 3388//3424 3387//3424 3389//3424
f 3388//3424 3389//3424 3390//3424
f 3390//3425 3389//3425 3391//3425
f 3390//3425 3391//3425 3392//3425
f 3392//3426 3391//3426 3393//3426
f 3392//3426 3393//3426 3394//3426
f 3394//3427 3393//3427 3371//3427
f 3394//3428 3371//3428 1749//3428
f 1749//3429 3371//3429 1751//3429
f 3380//3430 3395//3430 3381//3430
f 3381//3431 3395//3431 3383//3431
f 3395//3432 3396//3432 3383//3432
f 3383//3433 3396//3433 3385//3433
f 3396//3434 3397//3434 3385//3434
f 3385//3435 3397//3435 3387//3435
f 3397//3436 3398//3436 3387//3436
f 3387//3437 3398//3437 3389//3437
f 3398//3438 3399//3438 3389//3438
f 3389//3425 3399//3425 3391//3425
f 3391//3439 3399//3439 3393//3439
f 3393//3440 3399//3440 3400//3440
f 3393//3441 3400//3441 3374//3441
f 3374//3427 3371//3427 3393//3427
f 1749//3442 1745//3442 3394//3442
f 3394//3443 1745//3443 3392//3443
f 3392//3444 1745//3444 3390//3444
f 3390//3445 1745//3445 1118//3445
f 3390//3446 1118//3446 3388//3446
f 3388//3447 1118//3447 1117//3447
f 3388//3448 1117//3448 3386//3448
f 3386//3449 1117//3449 1116//3449
f 3386//3450 1116//3450 3384//3450
f 3384//3451 1116//3451 1744//3451
f 3384//3452 1744//3452 3382//3452
f 3382//3453 1744//3453 1121//3453
f 3382//3454 1121//3454 3364//3454
f 3364//3455 1121//3455 1120//3455
f 3401//3456 3402//3456 3403//3456
f 3403//3457 3402//3457 1752//3457
f 3403//3458 1752//3458 1755//3458
f 3402//3459 1750//3459 1752//3459
f 1757//3460 3404//3460 1755//3460
f 1755//3461 3404//3461 3405//3461
f 1755//3462 3405//3462 3403//3462
f 3404//3463 1757//3463 3406//3463
f 3406//3464 1757//3464 1759//3464
f 3406//3465 1759//3465 3407//3465
f 3407//3466 1759//3466 1761//3466
f 3407//3467 1761//3467 3408//3467
f 3408//3468 1761//3468 1763//3468
f 3408//3469 1763//3469 3409//3469
f 3409//3470 1763//3470 1765//3470
f 3409//3471 1765//3471 3370//3471
f 3370//3472 1765//3472 1767//3472
f 1111//3473 1110//3473 3410//3473
f 3410//3474 1110//3474 3411//3474
f 3410//3475 3411//3475 3412//3475
f 3412//3476 3411//3476 3413//3476
f 3412//3476 3413//3476 3414//3476
f 3414//3477 3413//3477 3415//3477
f 3414//3477 3415//3477 3416//3477
f 3416//3478 3415//3478 3417//3478
f 3416//3478 3417//3478 3418//3478
f 3418//3479 3417//3479 3419//3479
f 3418//3480 3419//3480 3420//3480
f 3420//3481 3419//3481 3421//3481
f 3420//3481 3421//3481 3422//3481
f 3422//3482 3421//3482 3423//3482
f 3422//3482 3423//3482 3424//3482
f 3424//3483 3423//3483 3402//3483
f 3424//3484 3402//3484 3425//3484
f 3425//3485 3402//3485 3401//3485
f 1110//3486 1115//3486 3411//3486
f 3411//3487 1115//3487 3413//3487
f 1115//3488 1114//3488 3413//3488
f 3413//3489 1114//3489 3415//3489
f 1114//3490 1113//3490 3415//3490
f 3415//3491 1113//3491 3417//3491
f 1113//3492 1747//3492 3417//3492
f 3417//3493 1747//3493 3419//3493
f 1747//3494 1746//3494 3419//3494
f 3419//3495 1746//3495 3421//3495
f 3421//3496 1746//3496 3423//3496
f 3423//3497 1746//3497 1748//3497
f 3423//3498 1748//3498 1750//3498
f 1750//3483 3402//3483 3423//3483
f 3425//3499 3426//3499 3424//3499
f 3424//3500 3426//3500 3422//3500
f 3422//3501 3426//3501 3420//3501
f 3420//3502 3426//3502 3427//3502
f 3420//3503 3427//3503 3418//3503
f 3418//3504 3427//3504 3428//3504
f 3418//3505 3428//3505 3416//3505
f 3416//3506 3428//3506 3429//3506
f 3416//3507 3429//3507 3414//3507
f 3414//3508 3429//3508 3430//3508
f 3414//3509 3430//3509 3412//3509
f 3412//3510 3430//3510 3431//3510
f 3412//3511 3431//3511 3410//3511
f 3410//3473 3431//3473 3432//3473
f 3433//3512 3434//3512 3435//3512
f 3435//3513 3434//3513 3436//3513
f 3436//3514 3434//3514 1771//3514
f 3436//3515 1771//3515 3410//3515
f 3410//3516 1771//3516 1770//3516
f 3410//3513 1770//3513 1112//3513
f 1112//3517 1111//3517 3410//3517
f 3410//3517 3432//3517 3436//3517
f 1797//3518 3437//3518 1798//3518
f 1798//3518 3437//3518 3438//3518
f 1798//3519 3438//3519 1795//3519
f 1795//3519 3438//3519 3439//3519
f 1795//3520 3439//3520 1796//3520
f 1796//3520 3439//3520 3440//3520
f 1780//3521 3441//3521 1782//3521
f 1782//3522 3441//3522 3442//3522
f 1782//3523 3442//3523 3443//3523
f 3441//3524 3444//3524 3442//3524
f 3445//3525 1785//3525 3443//3525
f 3443//3526 1785//3526 1783//3526
f 3443//3527 1783//3527 1782//3527
f 1785//3528 3445//3528 1787//3528
f 1787//3529 3445//3529 3446//3529
f 1787//3530 3446//3530 1789//3530
f 1789//3531 3446//3531 3447//3531
f 1789//3532 3447//3532 1791//3532
f 1791//3533 3447//3533 3448//3533
f 1791//3534 3448//3534 1793//3534
f 1793//3535 3448//3535 3449//3535
f 1793//3536 3449//3536 1797//3536
f 1797//3537 3449//3537 3437//3537
f 3433//3538 3450//3538 3434//3538
f 3434//3539 3450//3539 3451//3539
f 3434//3540 3451//3540 3452//3540
f 3452//3541 3451//3541 3453//3541
f 3452//3541 3453//3541 3454//3541
f 3454//3542 3453//3542 3455//3542
f 3454//3542 3455//3542 3456//3542
f 3456//3543 3455//3543 3457//3543
f 3456//3543 3457//3543 3458//3543
f 3458//3544 3457//3544 3459//3544
f 3458//3544 3459//3544 3460//3544
f 3460//3545 3459//3545 3461//3545
f 3460//3545 3461//3545 3462//3545
f 3462//3546 3461//3546 3463//3546
f 3462//3546 3463//3546 3464//3546
f 3464//3547 3463//3547 3441//3547
f 3464//3548 3441//3548 1778//3548
f 1778//3549 3441//3549 1780//3549
f 3450//3550 3465//3550 3451//3550
f 3451//3551 3465//3551 3453//3551
f 3465//3552 3466//3552 3453//3552
f 3453//3553 3466//3553 3455//3553
f 3466//3554 3467//3554 3455//3554
f 3455//3555 3467//3555 3457//3555
f 3467//3556 3468//3556 3457//3556
f 3457//3557 3468//3557 3459//3557
f 3468//3558 3469//3558 3459//3558
f 3459//3559 3469//3559 3461//3559
f 3461//3560 3469//3560 3463//3560
f 3463//3561 3469//3561 3470//3561
f 3463//3562 3470//3562 3444//3562
f 3444//3547 3441//3547 3463//3547
f 1778//3563 1776//3563 3464//3563
f 3464//3564 1776//3564 3462//3564
f 3462//3565 1776//3565 3460//3565
f 3460//3566 1776//3566 1774//3566
f 3460//3567 1774//3567 3458//3567
f 3458//3568 1774//3568 1109//3568
f 3458//3569 1109//3569 3456//3569
f 3456//3570 1109//3570 1108//3570
f 3456//3571 1108//3571 3454//3571
f 3454//3572 1108//3572 1107//3572
f 3454//3573 1107//3573 3452//3573
f 3452//3574 1107//3574 1772//3574
f 3452//3575 1772//3575 3434//3575
f 3434//3576 1772//3576 1771//3576
f 3471//3577 3472//3577 3473//3577
f 3473//3578 3472//3578 1781//3578
f 3473//3579 1781//3579 1784//3579
f 3472//3580 1779//3580 1781//3580
f 1786//3581 3474//3581 1784//3581
f 1784//3582 3474//3582 3475//3582
f 1784//3583 3475//3583 3473//3583
f 3474//3584 1786//3584 3476//3584
f 3476//3585 1786//3585 1788//3585
f 3476//3586 1788//3586 3477//3586
f 3477//3587 1788//3587 1790//3587
f 3477//3588 1790//3588 3478//3588
f 3478//3589 1790//3589 1792//3589
f 3478//3590 1792//3590 3479//3590
f 3479//3591 1792//3591 1794//3591
f 3479//3592 1794//3592 3440//3592
f 3440//3593 1794//3593 1796//3593
f 1104//3594 1103//3594 3480//3594
f 3480//3595 1103//3595 3481//3595
f 3480//3596 3481//3596 3482//3596
f 3482//3597 3481//3597 3483//3597
f 3482//3597 3483//3597 3484//3597
f 3484//3598 3483//3598 3485//3598
f 3484//3598 3485//3598 3486//3598
f 3486//3599 3485//3599 3487//3599
f 3486//3599 3487//3599 3488//3599
f 3488//3600 3487//3600 3489//3600
f 3488//3600 3489//3600 3490//3600
f 3490//3601 3489//3601 3491//3601
f 3490//3601 3491//3601 3492//3601
f 3492//3602 3491//3602 3493//3602
f 3492//3602 3493//3602 3494//3602
f 3494//3603 3493//3603 3472//3603
f 3494//3604 3472//3604 3495//3604
f 3495//3605 3472//3605 3471//3605
f 1103//3606 1102//3606 3481//3606
f 3481//3607 1102//3607 3483//3607
f 1102//3608 1106//3608 3483//3608
f 3483//3609 1106//3609 3485//3609
f 1106//3610 1105//3610 3485//3610
f 3485//3611 1105//3611 3487//3611
f 1105//3612 1773//3612 3487//3612
f 3487//3613 1773//3613 3489//3613
f 1773//3614 1775//3614 3489//3614
f 3489//3615 1775//3615 3491//3615
f 3491//3616 1775//3616 3493//3616
f 3493//3617 1775//3617 1777//3617
f 3493//3618 1777//3618 1779//3618
f 1779//3603 3472//3603 3493//3603
f 3495//3617 3496//3617 3494//3617
f 3494//3619 3496//3619 3492//3619
f 3492//3620 3496//3620 3490//3620
f 3490//3621 3496//3621 3497//3621
f 3490//3622 3497//3622 3488//3622
f 3488//3623 3497//3623 3498//3623
f 3488//3624 3498//3624 3486//3624
f 3486//3625 3498//3625 3499//3625
f 3486//3626 3499//3626 3484//3626
f 3484//3627 3499//3627 3500//3627
f 3484//3628 3500//3628 3482//3628
f 3482//3629 3500//3629 3501//3629
f 3482//3630 3501//3630 3480//3630
f 3480//3631 3501//3631 3502//3631
f 3503//3632 3504//3632 3505//3632
f 3505//3633 3504//3633 3506//3633
f 3506//3634 3504//3634 1801//3634
f 3506//3635 1801//3635 3480//3635
f 3480//3636 1801//3636 1800//3636
f 3480//3633 1800//3633 1799//3633
f 1799//3637 1104//3637 3480//3637
f 3480//3637 3502//3637 3506//3637
f 1815//3638 3507//3638 1816//3638
f 1816//3638 3507//3638 3508//3638
f 1816//3639 3508//3639 1813//3639
f 1813//3639 3508//3639 3509//3639
f 1813//3640 3509//3640 1814//3640
f 1814//3640 3509//3640 3510//3640
f 1095//3641 3511//3641 1097//3641
f 1097//3642 3511//3642 3512//3642
f 1097//3643 3512//3643 3513//3643
f 3511//3644 3514//3644 3512//3644
f 3515//3645 1803//3645 3513//3645
f 3513//3646 1803//3646 1098//3646
f 3513//3647 1098//3647 1097//3647
f 1803//3648 3515//3648 1805//3648
f 1805//3649 3515//3649 3516//3649
f 1805//3650 3516//3650 1807//3650
f 1807//3651 3516//3651 3517//3651
f 1807//3652 3517//3652 1809//3652
f 1809//3653 3517//3653 3518//3653
f 1809//3654 3518//3654 1811//3654
f 1811//3655 3518//3655 3519//3655
f 1811//3656 3519//3656 1815//3656
f 1815//3657 3519//3657 3507//3657
f 3503//3658 3520//3658 3504//3658
f 3504//3659 3520//3659 3521//3659
f 3504//3660 3521//3660 3522//3660
f 3522//3661 3521//3661 3523//3661
f 3522//3661 3523//3661 3524//3661
f 3524//3662 3523//3662 3525//3662
f 3524//3662 3525//3662 3526//3662
f 3526//3663 3525//3663 3527//3663
f 3526//3663 3527//3663 3528//3663
f 3528//3664 3527//3664 3529//3664
f 3528//3664 3529//3664 3530//3664
f 3530//3665 3529//3665 3531//3665
f 3530//3665 3531//3665 3532//3665
f 3532//3666 3531//3666 3533//3666
f 3532//3666 3533//3666 3534//3666
f 3534//3667 3533//3667 3511//3667
f 3534//3668 3511//3668 1093//3668
f 1093//3669 3511//3669 1095//3669
f 3520//3670 3535//3670 3521//3670
f 3521//3671 3535//3671 3523//3671
f 3535//3672 3536//3672 3523//3672
f 3523//3673 3536//3673 3525//3673
f 3536//3674 3537//3674 3525//3674
f 3525//3675 3537//3675 3527//3675
f 3537//3676 3538//3676 3527//3676
f 3527//3677 3538//3677 3529//3677
f 3538//3678 3539//3678 3529//3678
f 3529//3665 3539//3665 3531//3665
f 3531//3679 3539//3679 3533//3679
f 3533//3680 3539//3680 3540//3680
f 3533//3681 3540//3681 3514//3681
f 3514//3667 3511//3667 3533//3667
f 1093//3682 1091//3682 3534//3682
f 3534//3683 1091//3683 3532//3683
f 3532//3684 1091//3684 3530//3684
f 3530//3685 1091//3685 1088//3685
f 3530//3686 1088//3686 3528//3686
f 3528//3687 1088//3687 1087//3687
f 3528//3688 1087//3688 3526//3688
f 3526//3689 1087//3689 1101//3689
f 3526//3690 1101//3690 3524//3690
f 3524//3691 1101//3691 1100//3691
f 3524//3692 1100//3692 3522//3692
f 3522//3693 1100//3693 1099//3693
f 3522//3694 1099//3694 3504//3694
f 3504//3695 1099//3695 1801//3695
f 3541//3696 3542//3696 3543//3696
f 3543//3697 3542//3697 1096//3697
f 3543//3698 1096//3698 1802//3698
f 3542//3699 1094//3699 1096//3699
f 1804//3700 3544//3700 1802//3700
f 1802//3701 3544//3701 3545//3701
f 1802//3702 3545//3702 3543//3702
f 3544//3703 1804//3703 3546//3703
f 3546//3704 1804//3704 1806//3704
f 3546//3705 1806//3705 3547//3705
f 3547//3706 1806//3706 1808//3706
f 3547//3707 1808//3707 3548//3707
f 3548//3708 1808//3708 1810//3708
f 3548//3709 1810//3709 3549//3709
f 3549//3710 1810//3710 1812//3710
f 3549//3711 1812//3711 3510//3711
f 3510//3712 1812//3712 1814//3712
f 1818//3713 1086//3713 3550//3713
f 3550//3714 1086//3714 3551//3714
f 3550//3715 3551//3715 3552//3715
f 3552//3716 3551//3716 3553//3716
f 3552//3716 3553//3716 3554//3716
f 3554//3717 3553//3717 3555//3717
f 3554//3717 3555//3717 3556//3717
f 3556//3718 3555//3718 3557//3718
f 3556//3718 3557//3718 3558//3718
f 3558//3719 3557//3719 3559//3719
f 3558//3719 3559//3719 3560//3719
f 3560//3720 3559//3720 3561//3720
f 3560//3720 3561//3720 3562//3720
f 3562//3721 3561//3721 3563//3721
f 3562//3721 3563//3721 3564//3721
f 3564//3722 3563//3722 3542//3722
f 3564//3723 3542//3723 3565//3723
f 3565//3724 3542//3724 3541//3724
f 1086//3725 1085//3725 3551//3725
f 3551//3726 1085//3726 3553//3726
f 1085//3727 1084//3727 3553//3727
f 3553//3728 1084//3728 3555//3728
f 1084//3729 1817//3729 3555//3729
f 3555//3730 1817//3730 3557//3730
f 1817//3731 1089//3731 3557//3731
f 3557//3732 1089//3732 3559//3732
f 1089//3733 1090//3733 3559//3733
f 3559//3720 1090//3720 3561//3720
f 3561//3734 1090//3734 3563//3734
f 3563//3735 1090//3735 1092//3735
f 3563//3736 1092//3736 1094//3736
f 1094//3722 3542//3722 3563//3722
f 3565//3737 3566//3737 3564//3737
f 3564//3738 3566//3738 3562//3738
f 3562//3739 3566//3739 3560//3739
f 3560//3740 3566//3740 3567//3740
f 3560//3741 3567//3741 3558//3741
f 3558//3742 3567//3742 3568//3742
f 3558//3743 3568//3743 3556//3743
f 3556//3744 3568//3744 3569//3744
f 3556//3745 3569//3745 3554//3745
f 3554//3746 3569//3746 3570//3746
f 3554//3747 3570//3747 3552//3747
f 3552//3748 3570//3748 3571//3748
f 3552//3749 3571//3749 3550//3749
f 3550//3750 3571//3750 3572//3750
f 3573//3751 3574//3751 3575//3751
f 3575//3752 3574//3752 3576//3752
f 3576//3753 3574//3753 1083//3753
f 3576//3754 1083//3754 3550//3754
f 3550//3755 1083//3755 1082//3755
f 3550//3756 1082//3756 1081//3756
f 1081//3757 1818//3757 3550//3757
f 3550//3757 3572//3757 3576//3757
f 3577//3758 2738//3758 3578//3758
f 3578//3758 2738//3758 2772//3758
f 3578//3758 2772//3758 2782//3758
f 2782//3758 2772//3758 2797//3758
f 2797//3758 2772//3758 2771//3758
f 2797//3758 2771//3758 2798//3758
f 2798//3758 2771//3758 2770//3758
f 2798//3758 2770//3758 2799//3758
f 2799//3758 2770//3758 2769//3758
f 2799//3758 2769//3758 2768//3758
f 3579//3758 2852//3758 3577//3758
f 3577//3758 2852//3758 2733//3758
f 3577//3758 2733//3758 2735//3758
f 3579//3758 3580//3758 2852//3758
f 2852//3758 3580//3758 3581//3758
f 2852//3758 3581//3758 3582//3758
f 3582//3758 3583//3758 2852//3758
f 2852//3758 3583//3758 3584//3758
f 2852//3758 3584//3758 3585//3758
f 3585//3758 3586//3758 2852//3758
f 2852//3758 3586//3758 2841//3758
f 2852//3758 2841//3758 2867//3758
f 2867//3758 2841//3758 2840//3758
f 2867//3758 2840//3758 2868//3758
f 2868//3758 2840//3758 2839//3758
f 2868//3758 2839//3758 2869//3758
f 2869//3758 2839//3758 2838//3758
f 2869//3758 2838//3758 2870//3758
f 2870//3758 2838//3758 2837//3758
f 2870//3758 2837//3758 2871//3758
f 2871//3758 2837//3758 2836//3758
f 2871//3758 2836//3758 2872//3758
f 2872//3758 2836//3758 2835//3758
f 2872//3758 2835//3758 2846//3758
f 2846//3758 2835//3758 2811//3758
f 2846//3758 2811//3758 2844//3758
f 2844//3758 2811//3758 2813//3758
f 2844//3758 2813//3758 2815//3758
f 3587//3758 3292//3758 3586//3758
f 3586//3758 3292//3758 3291//3758
f 3586//3758 3291//3758 3240//3758
f 3240//3758 3291//3758 3255//3758
f 3255//3758 3291//3758 3290//3758
f 3255//3758 3290//3758 3256//3758
f 3256//3758 3290//3758 3289//3758
f 3256//3758 3289//3758 3257//3758
f 3257//3758 3289//3758 3288//3758
f 3257//3758 3288//3758 3287//3758
f 3588//3758 3361//3758 3587//3758
f 3587//3758 3361//3758 3310//3758
f 3587//3758 3310//3758 3293//3758
f 3589//3758 3363//3758 3588//3758
f 3588//3758 3363//3758 3365//3758
f 3588//3758 3365//3758 3366//3758
f 3590//3758 3433//3758 3589//3758
f 3589//3758 3433//3758 3435//3758
f 3589//3758 3435//3758 3436//3758
f 3591//3758 3502//3758 3590//3758
f 3590//3758 3502//3758 3501//3758
f 3590//3758 3501//3758 3450//3758
f 3450//3758 3501//3758 3500//3758
f 3450//3758 3500//3758 3465//3758
f 3465//3758 3500//3758 3499//3758
f 3465//3758 3499//3758 3466//3758
f 3466//3758 3499//3758 3498//3758
f 3466//3758 3498//3758 3467//3758
f 3467//3758 3498//3758 3497//3758
f 3467//3758 3497//3758 3468//3758
f 3468//3758 3497//3758 3496//3758
f 3468//3758 3496//3758 3469//3758
f 3469//3758 3496//3758 3495//3758
f 3469//3758 3495//3758 3470//3758
f 3470//3758 3495//3758 3471//3758
f 3470//3758 3471//3758 3444//3758
f 3444//3758 3471//3758 3473//3758
f 3444//3758 3473//3758 3442//3758
f 3442//3758 3473//3758 3475//3758
f 3442//3758 3475//3758 3443//3758
f 3443//3758 3475//3758 3474//3758
f 3443//3758 3474//3758 3445//3758
f 3445//3758 3474//3758 3476//3758
f 3445//3758 3476//3758 3446//3758
f 3446//3758 3476//3758 3477//3758
f 3446//3758 3477//3758 3447//3758
f 3447//3758 3477//3758 3478//3758
f 3447//3758 3478//3758 3448//3758
f 3448//3758 3478//3758 3479//3758
f 3448//3758 3479//3758 3449//3758
f 3449//3758 3479//3758 3438//3758
f 3449//3758 3438//3758 3437//3758
f 3592//3758 3571//3758 3591//3758
f 3591//3758 3571//3758 3520//3758
f 3591//3758 3520//3758 3503//3758
f 3593//3758 3594//3758 3592//3758
f 3592//3758 3594//3758 3573//3758
f 3592//3758 3573//3758 3575//3758
f 3595//3758 1859//3758 3593//3758
f 3593//3758 1859//3758 2805//3758
f 3593//3758 2805//3758 2804//3758
f 3596//3758 1888//3758 3595//3758
f 3595//3758 1888//3758 1887//3758
f 3595//3758 1887//3758 1858//3758
f 1858//3758 1887//3758 1860//3758
f 1860//3758 1887//3758 1886//3758
f 1860//3758 1886//3758 1861//3758
f 1861//3758 1886//3758 1885//3758
f 1861//3758 1885//3758 1862//3758
f 1862//3758 1885//3758 1884//3758
f 1862//3758 1884//3758 1883//3758
f 3597//3758 1906//3758 3596//3758
f 3596//3758 1906//3758 1889//3758
f 3596//3758 1889//3758 1891//3758
f 1906//3758 3597//3758 1952//3758
f 1952//3758 3597//3758 3598//3758
f 1952//3758 3598//3758 3599//3758
f 3599//3758 3600//3758 1952//3758
f 1952//3758 3600//3758 3601//3758
f 1952//3758 3601//3758 3602//3758
f 3602//3758 3603//3758 1952//3758
f 1952//3758 3603//3758 3604//3758
f 1952//3758 3604//3758 2675//3758
f 2675//3758 3604//3758 3605//3758
f 2675//3758 3605//3758 3606//3758
f 3606//3758 3607//3758 2675//3758
f 2675//3758 3607//3758 2723//3758
f 2675//3758 2723//3758 2722//3758
f 2723//3758 3607//3758 2724//3758
f 2724//3758 3607//3758 3608//3758
f 2724//3758 3608//3758 2725//3758
f 2725//3758 3608//3758 3609//3758
f 2725//3758 3609//3758 2726//3758
f 2726//3758 3609//3758 3610//3758
f 2726//3758 3610//3758 2727//3758
f 2727//3758 3610//3758 3611//3758
f 2727//3758 3611//3758 2728//3758
f 2728//3758 3611//3758 2732//3758
f 2732//3758 3611//3758 2731//3758
f 2731//3758 3611//3758 2729//3758
f 2729//3758 3611//3758 3578//3758
f 2729//3758 3578//3758 2782//3758
f 3575//3758 3576//3758 3592//3758
f 3592//3758 3576//3758 3572//3758
f 3592//3758 3572//3758 3571//3758
f 3520//3758 3571//3758 3535//3758
f 3535//3758 3571//3758 3570//3758
f 3535//3758 3570//3758 3569//3758
f 3535//3758 3569//3758 3536//3758
f 3536//3758 3569//3758 3568//3758
f 3536//3758 3568//3758 3537//3758
f 3537//3758 3568//3758 3567//3758
f 3537//3758 3567//3758 3538//3758
f 3538//3758 3567//3758 3566//3758
f 3538//3758 3566//3758 3539//3758
f 3539//3758 3566//3758 3565//3758
f 3539//3758 3565//3758 3540//3758
f 3540//3758 3565//3758 3541//3758
f 3540//3758 3541//3758 3514//3758
f 3514//3758 3541//3758 3543//3758
f 3514//3758 3543//3758 3512//3758
f 3512//3758 3543//3758 3545//3758
f 3512//3758 3545//3758 3513//3758
f 3513//3758 3545//3758 3544//3758
f 3513//3758 3544//3758 3515//3758
f 3515//3758 3544//3758 3546//3758
f 3515//3758 3546//3758 3516//3758
f 3516//3758 3546//3758 3547//3758
f 3516//3758 3547//3758 3517//3758
f 3517//3758 3547//3758 3548//3758
f 3517//3758 3548//3758 3518//3758
f 3518//3758 3548//3758 3549//3758
f 3518//3758 3549//3758 3519//3758
f 3519//3758 3549//3758 3508//3758
f 3519//3758 3508//3758 3507//3758
f 3510//3758 3509//3758 3549//3758
f 3549//3758 3509//3758 3508//3758
f 3503//3758 3505//3758 3591//3758
f 3591//3758 3505//3758 3506//3758
f 3591//3758 3506//3758 3502//3758
f 3440//3758 3439//3758 3479//3758
f 3479//3758 3439//3758 3438//3758
f 3450//3758 3433//3758 3590//3758
f 3436//3758 3432//3758 3589//3758
f 3589//3758 3432//3758 3431//3758
f 3589//3758 3431//3758 3380//3758
f 3380//3758 3431//3758 3430//3758
f 3380//3758 3430//3758 3395//3758
f 3395//3758 3430//3758 3429//3758
f 3395//3758 3429//3758 3396//3758
f 3396//3758 3429//3758 3428//3758
f 3396//3758 3428//3758 3397//3758
f 3397//3758 3428//3758 3427//3758
f 3397//3758 3427//3758 3398//3758
f 3398//3758 3427//3758 3426//3758
f 3398//3758 3426//3758 3399//3758
f 3399//3758 3426//3758 3425//3758
f 3399//3758 3425//3758 3400//3758
f 3400//3758 3425//3758 3401//3758
f 3400//3758 3401//3758 3374//3758
f 3374//3758 3401//3758 3403//3758
f 3374//3758 3403//3758 3372//3758
f 3372//3758 3403//3758 3405//3758
f 3372//3758 3405//3758 3373//3758
f 3373//3758 3405//3758 3404//3758
f 3373//3758 3404//3758 3375//3758
f 3375//3758 3404//3758 3406//3758
f 3375//3758 3406//3758 3376//3758
f 3376//3758 3406//3758 3407//3758
f 3376//3758 3407//3758 3377//3758
f 3377//3758 3407//3758 3408//3758
f 3377//3758 3408//3758 3378//3758
f 3378//3758 3408//3758 3409//3758
f 3378//3758 3409//3758 3379//3758
f 3379//3758 3409//3758 3368//3758
f 3379//3758 3368//3758 3367//3758
f 3370//3758 3369//3758 3409//3758
f 3409//3758 3369//3758 3368//3758
f 3380//3758 3363//3758 3589//3758
f 3366//3758 3362//3758 3588//3758
f 3588//3758 3362//3758 3361//3758
f 3310//3758 3361//3758 3325//3758
f 3325//3758 3361//3758 3360//3758
f 3325//3758 3360//3758 3359//3758
f 3325//3758 3359//3758 3326//3758
f 3326//3758 3359//3758 3358//3758
f 3326//3758 3358//3758 3327//3758
f 3327//3758 3358//3758 3357//3758
f 3327//3758 3357//3758 3328//3758
f 3328//3758 3357//3758 3356//3758
f 3328//3758 3356//3758 3329//3758
f 3329//3758 3356//3758 3355//3758
f 3329//3758 3355//3758 3330//3758
f 3330//3758 3355//3758 3331//3758
f 3330//3758 3331//3758 3304//3758
f 3304//3758 3331//3758 3333//3758
f 3304//3758 3333//3758 3302//3758
f 3302//3758 3333//3758 3335//3758
f 3302//3758 3335//3758 3303//3758
f 3303//3758 3335//3758 3334//3758
f 3303//3758 3334//3758 3305//3758
f 3305//3758 3334//3758 3336//3758
f 3305//3758 3336//3758 3306//3758
f 3306//3758 3336//3758 3337//3758
f 3306//3758 3337//3758 3307//3758
f 3307//3758 3337//3758 3338//3758
f 3307//3758 3338//3758 3308//3758
f 3308//3758 3338//3758 3339//3758
f 3308//3758 3339//3758 3309//3758
f 3309//3758 3339//3758 3298//3758
f 3309//3758 3298//3758 3297//3758
f 3300//3758 3299//3758 3339//3758
f 3339//3758 3299//3758 3298//3758
f 3293//3758 3295//3758 3587//3758
f 3587//3758 3295//3758 3296//3758
f 3587//3758 3296//3758 3292//3758
f 3286//3758 3259//3758 3287//3758
f 3287//3758 3259//3758 3258//3758
f 3287//3758 3258//3758 3257//3758
f 3286//3758 3285//3758 3259//3758
f 3259//3758 3285//3758 3260//3758
f 3260//3758 3285//3758 3261//3758
f 3260//3758 3261//3758 3234//3758
f 3234//3758 3261//3758 3263//3758
f 3234//3758 3263//3758 3232//3758
f 3232//3758 3263//3758 3265//3758
f 3232//3758 3265//3758 3233//3758
f 3233//3758 3265//3758 3264//3758
f 3233//3758 3264//3758 3235//3758
f 3235//3758 3264//3758 3266//3758
f 3235//3758 3266//3758 3236//3758
f 3236//3758 3266//3758 3267//3758
f 3236//3758 3267//3758 3237//3758
f 3237//3758 3267//3758 3268//3758
f 3237//3758 3268//3758 3238//3758
f 3238//3758 3268//3758 3269//3758
f 3238//3758 3269//3758 3239//3758
f 3239//3758 3269//3758 3228//3758
f 3239//3758 3228//3758 3227//3758
f 3230//3758 3229//3758 3269//3758
f 3269//3758 3229//3758 3228//3758
f 3240//3758 3223//3758 3586//3758
f 3586//3758 3223//3758 3225//3758
f 3586//3758 3225//3758 3226//3758
f 3226//3758 3222//3758 3586//3758
f 3586//3758 3222//3758 3221//3758
f 3586//3758 3221//3758 3170//3758
f 3170//3758 3221//3758 3185//3758
f 3185//3758 3221//3758 3220//3758
f 3185//3758 3220//3758 3186//3758
f 3186//3758 3220//3758 3219//3758
f 3186//3758 3219//3758 3187//3758
f 3187//3758 3219//3758 3218//3758
f 3187//3758 3218//3758 3217//3758
f 3216//3758 3189//3758 3217//3758
f 3217//3758 3189//3758 3188//3758
f 3217//3758 3188//3758 3187//3758
f 3189//3758 3216//3758 3190//3758
f 3190//3758 3216//3758 3215//3758
f 3190//3758 3215//3758 3164//3758
f 3164//3758 3215//3758 3191//3758
f 3164//3758 3191//3758 3162//3758
f 3162//3758 3191//3758 3193//3758
f 3162//3758 3193//3758 3195//3758
f 3162//3758 3195//3758 3163//3758
f 3163//3758 3195//3758 3194//3758
f 3163//3758 3194//3758 3165//3758
f 3165//3758 3194//3758 3196//3758
f 3165//3758 3196//3758 3166//3758
f 3166//3758 3196//3758 3197//3758
f 3166//3758 3197//3758 3167//3758
f 3167//3758 3197//3758 3198//3758
f 3167//3758 3198//3758 3168//3758
f 3168//3758 3198//3758 3199//3758
f 3168//3758 3199//3758 3169//3758
f 3169//3758 3199//3758 3158//3758
f 3169//3758 3158//3758 3157//3758
f 3160//3758 3159//3758 3199//3758
f 3199//3758 3159//3758 3158//3758
f 3170//3758 3153//3758 3586//3758
f 3586//3758 3153//3758 3155//3758
f 3586//3758 3155//3758 3156//3758
f 3156//3758 3152//3758 3586//3758
f 3586//3758 3152//3758 3151//3758
f 3586//3758 3151//3758 3100//3758
f 3100//3758 3151//3758 3115//3758
f 3115//3758 3151//3758 3150//3758
f 3115//3758 3150//3758 3116//3758
f 3116//3758 3150//3758 3149//3758
f 3116//3758 3149//3758 3117//3758
f 3117//3758 3149//3758 3148//3758
f 3117//3758 3148//3758 3118//3758
f 3118//3758 3148//3758 3147//3758
f 3118//3758 3147//3758 3119//3758
f 3119//3758 3147//3758 3146//3758
f 3119//3758 3146//3758 3120//3758
f 3120//3758 3146//3758 3145//3758
f 3120//3758 3145//3758 3094//3758
f 3094//3758 3145//3758 3121//3758
f 3094//3758 3121//3758 3092//3758
f 3092//3758 3121//3758 3123//3758
f 3092//3758 3123//3758 3125//3758
f 3092//3758 3125//3758 3093//3758
f 3093//3758 3125//3758 3124//3758
f 3093//3758 3124//3758 3095//3758
f 3095//3758 3124//3758 3126//3758
f 3095//3758 3126//3758 3096//3758
f 3096//3758 3126//3758 3127//3758
f 3096//3758 3127//3758 3097//3758
f 3097//3758 3127//3758 3128//3758
f 3097//3758 3128//3758 3098//3758
f 3098//3758 3128//3758 3129//3758
f 3098//3758 3129//3758 3099//3758
f 3099//3758 3129//3758 3088//3758
f 3099//3758 3088//3758 3087//3758
f 3090//3758 3089//3758 3129//3758
f 3129//3758 3089//3758 3088//3758
f 3100//3758 3083//3758 3586//3758
f 3586//3758 3083//3758 3085//3758
f 3586//3758 3085//3758 3086//3758
f 3086//3758 3082//3758 3586//3758
f 3586//3758 3082//3758 3081//3758
f 3586//3758 3081//3758 3030//3758
f 3030//3758 3081//3758 3045//3758
f 3045//3758 3081//3758 3080//3758
f 3045//3758 3080//3758 3046//3758
f 3046//3758 3080//3758 3079//3758
f 3046//3758 3079//3758 3047//3758
f 3047//3758 3079//3758 3078//3758
f 3047//3758 3078//3758 3048//3758
f 3048//3758 3078//3758 3077//3758
f 3048//3758 3077//3758 3049//3758
f 3049//3758 3077//3758 3076//3758
f 3049//3758 3076//3758 3050//3758
f 3050//3758 3076//3758 3075//3758
f 3050//3758 3075//3758 3024//3758
f 3024//3758 3075//3758 3051//3758
f 3024//3758 3051//3758 3022//3758
f 3022//3758 3051//3758 3053//3758
f 3022//3758 3053//3758 3055//3758
f 3022//3758 3055//3758 3023//3758
f 3023//3758 3055//3758 3054//3758
f 3023//3758 3054//3758 3025//3758
f 3025//3758 3054//3758 3056//3758
f 3025//3758 3056//3758 3026//3758
f 3026//3758 3056//3758 3057//3758
f 3026//3758 3057//3758 3027//3758
f 3027//3758 3057//3758 3058//3758
f 3027//3758 3058//3758 3028//3758
f 3028//3758 3058//3758 3059//3758
f 3028//3758 3059//3758 3029//3758
f 3029//3758 3059//3758 3018//3758
f 3029//3758 3018//3758 3017//3758
f 3020//3758 3019//3758 3059//3758
f 3059//3758 3019//3758 3018//3758
f 3030//3758 3013//3758 3586//3758
f 3586//3758 3013//3758 3015//3758
f 3586//3758 3015//3758 3016//3758
f 3016//3758 3012//3758 3586//3758
f 3586//3758 3012//3758 3011//3758
f 3586//3758 3011//3758 2960//3758
f 2960//3758 3011//3758 2975//3758
f 2975//3758 3011//3758 3010//3758
f 2975//3758 3010//3758 2976//3758
f 2976//3758 3010//3758 3009//3758
f 2976//3758 3009//3758 2977//3758
f 2977//3758 3009//3758 3008//3758
f 2977//3758 3008//3758 2978//3758
f 2978//3758 3008//3758 3007//3758
f 2978//3758 3007//3758 2979//3758
f 2979//3758 3007//3758 3006//3758
f 2979//3758 3006//3758 2980//3758
f 2980//3758 3006//3758 3005//3758
f 2980//3758 3005//3758 2954//3758
f 2954//3758 3005//3758 2981//3758
f 2954//3758 2981//3758 2952//3758
f 2952//3758 2981//3758 2983//3758
f 2952//3758 2983//3758 2985//3758
f 2952//3758 2985//3758 2953//3758
f 2953//3758 2985//3758 2984//3758
f 2953//3758 2984//3758 2955//3758
f 2955//3758 2984//3758 2986//3758
f 2955//3758 2986//3758 2956//3758
f 2956//3758 2986//3758 2987//3758
f 2956//3758 2987//3758 2957//3758
f 2957//3758 2987//3758 2988//3758
f 2957//3758 2988//3758 2958//3758
f 2958//3758 2988//3758 2989//3758
f 2958//3758 2989//3758 2959//3758
f 2959//3758 2989//3758 2948//3758
f 2959//3758 2948//3758 2947//3758
f 2950//3758 2949//3758 2989//3758
f 2989//3758 2949//3758 2948//3758
f 2960//3758 2943//3758 3586//3758
f 3586//3758 2943//3758 2945//3758
f 3586//3758 2945//3758 2946//3758
f 2946//3758 2942//3758 3586//3758
f 3586//3758 2942//3758 2941//3758
f 3586//3758 2941//3758 2890//3758
f 2890//3758 2941//3758 2905//3758
f 2905//3758 2941//3758 2940//3758
f 2905//3758 2940//3758 2906//3758
f 2906//3758 2940//3758 2939//3758
f 2906//3758 2939//3758 2907//3758
f 2907//3758 2939//3758 2938//3758
f 2907//3758 2938//3758 2908//3758
f 2908//3758 2938//3758 2937//3758
f 2908//3758 2937//3758 2909//3758
f 2909//3758 2937//3758 2936//3758
f 2909//3758 2936//3758 2910//3758
f 2910//3758 2936//3758 2935//3758
f 2910//3758 2935//3758 2884//3758
f 2884//3758 2935//3758 2911//3758
f 2884//3758 2911//3758 2882//3758
f 2882//3758 2911//3758 2913//3758
f 2882//3758 2913//3758 2915//3758
f 2882//3758 2915//3758 2883//3758
f 2883//3758 2915//3758 2914//3758
f 2883//3758 2914//3758 2885//3758
f 2885//3758 2914//3758 2916//3758
f 2885//3758 2916//3758 2886//3758
f 2886//3758 2916//3758 2917//3758
f 2886//3758 2917//3758 2887//3758
f 2887//3758 2917//3758 2918//3758
f 2887//3758 2918//3758 2888//3758
f 2888//3758 2918//3758 2919//3758
f 2888//3758 2919//3758 2889//3758
f 2889//3758 2919//3758 2878//3758
f 2889//3758 2878//3758 2877//3758
f 2880//3758 2879//3758 2919//3758
f 2919//3758 2879//3758 2878//3758
f 2890//3758 2873//3758 3586//3758
f 3586//3758 2873//3758 2875//3758
f 3586//3758 2875//3758 2876//3758
f 2876//3758 2842//3758 3586//3758
f 3586//3758 2842//3758 2841//3758
f 2844//3758 2815//3758 2845//3758
f 2845//3758 2815//3758 2814//3758
f 2845//3758 2814//3758 2847//3758
f 2847//3758 2814//3758 2816//3758
f 2847//3758 2816//3758 2848//3758
f 2848//3758 2816//3758 2817//3758
f 2848//3758 2817//3758 2849//3758
f 2849//3758 2817//3758 2818//3758
f 2849//3758 2818//3758 2850//3758
f 2850//3758 2818//3758 2819//3758
f 2850//3758 2819//3758 2851//3758
f 2851//3758 2819//3758 2808//3758
f 2851//3758 2808//3758 2807//3758
f 2810//3758 2809//3758 2819//3758
f 2819//3758 2809//3758 2808//3758
f 2735//3758 2736//3758 3577//3758
f 3577//3758 2736//3758 2738//3758
f 2767//3758 2801//3758 2768//3758
f 2768//3758 2801//3758 2800//3758
f 2768//3758 2800//3758 2799//3758
f 2767//3758 2766//3758 2801//3758
f 2801//3758 2766//3758 2802//3758
f 2802//3758 2766//3758 2743//3758
f 2802//3758 2743//3758 2776//3758
f 2776//3758 2743//3758 2745//3758
f 2776//3758 2745//3758 2774//3758
f 2774//3758 2745//3758 2747//3758
f 2774//3758 2747//3758 2775//3758
f 2775//3758 2747//3758 2746//3758
f 2775//3758 2746//3758 2777//3758
f 2777//3758 2746//3758 2748//3758
f 2777//3758 2748//3758 2778//3758
f 2778//3758 2748//3758 2749//3758
f 2778//3758 2749//3758 2779//3758
f 2779//3758 2749//3758 2750//3758
f 2779//3758 2750//3758 2780//3758
f 2780//3758 2750//3758 2751//3758
f 2780//3758 2751//3758 2781//3758
f 2781//3758 2751//3758 2740//3758
f 2781//3758 2740//3758 2739//3758
f 2742//3758 2741//3758 2751//3758
f 2751//3758 2741//3758 2740//3758
f 2722//3758 2721//3758 2675//3758
f 2675//3758 2721//3758 2697//3758
f 2675//3758 2697//3758 2699//3758
f 2699//3758 2701//3758 2675//3758
f 2675//3758 2701//3758 2700//3758
f 2675//3758 2700//3758 2702//3758
f 2702//3758 2703//3758 2675//3758
f 2675//3758 2703//3758 2704//3758
f 2675//3758 2704//3758 2705//3758
f 2666//3758 2665//3758 2705//3758
f 2705//3758 2665//3758 2664//3758
f 2705//3758 2664//3758 2675//3758
f 2675//3758 2664//3758 2663//3758
f 2674//3758 2696//3758 2675//3758
f 2675//3758 2696//3758 2695//3758
f 2675//3758 2695//3758 1952//3758
f 1952//3758 2695//3758 1953//3758
f 1953//3758 2695//3758 2694//3758
f 1953//3758 2694//3758 1954//3758
f 1954//3758 2694//3758 2693//3758
f 1954//3758 2693//3758 1955//3758
f 1955//3758 2693//3758 2692//3758
f 1955//3758 2692//3758 1956//3758
f 1956//3758 2692//3758 2691//3758
f 1956//3758 2691//3758 1957//3758
f 1957//3758 2691//3758 2676//3758
f 1957//3758 2676//3758 1958//3758
f 1958//3758 2676//3758 2659//3758
f 1958//3758 2659//3758 1962//3758
f 1962//3758 2659//3758 2661//3758
f 1962//3758 2661//3758 1961//3758
f 1961//3758 2661//3758 2662//3758
f 1961//3758 2662//3758 1959//3758
f 1959//3758 2662//3758 2658//3758
f 1959//3758 2658//3758 2028//3758
f 2028//3758 2658//3758 2589//3758
f 2028//3758 2589//3758 2032//3758
f 2032//3758 2589//3758 2591//3758
f 2032//3758 2591//3758 2031//3758
f 2031//3758 2591//3758 2592//3758
f 2031//3758 2592//3758 2029//3758
f 2029//3758 2592//3758 2588//3758
f 2029//3758 2588//3758 2098//3758
f 2098//3758 2588//3758 2519//3758
f 2098//3758 2519//3758 2102//3758
f 2102//3758 2519//3758 2521//3758
f 2102//3758 2521//3758 2101//3758
f 2101//3758 2521//3758 2522//3758
f 2101//3758 2522//3758 2099//3758
f 2099//3758 2522//3758 2518//3758
f 2099//3758 2518//3758 2168//3758
f 2168//3758 2518//3758 2449//3758
f 2168//3758 2449//3758 2172//3758
f 2172//3758 2449//3758 2451//3758
f 2172//3758 2451//3758 2171//3758
f 2171//3758 2451//3758 2452//3758
f 2171//3758 2452//3758 2169//3758
f 2169//3758 2452//3758 2448//3758
f 2169//3758 2448//3758 2379//3758
f 2379//3758 2448//3758 2396//3758
f 2396//3758 2448//3758 2447//3758
f 2396//3758 2447//3758 2411//3758
f 2411//3758 2447//3758 2446//3758
f 2411//3758 2446//3758 2445//3758
f 2674//3758 2673//3758 2696//3758
f 2696//3758 2673//3758 2670//3758
f 2670//3758 2673//3758 2672//3758
f 2670//3758 2672//3758 2671//3758
f 2671//3758 2669//3758 2670//3758
f 2670//3758 2669//3758 2668//3758
f 2589//3758 2658//3758 2606//3758
f 2606//3758 2658//3758 2657//3758
f 2606//3758 2657//3758 2621//3758
f 2621//3758 2657//3758 2656//3758
f 2621//3758 2656//3758 2655//3758
f 2621//3758 2655//3758 2622//3758
f 2622//3758 2655//3758 2654//3758
f 2622//3758 2654//3758 2623//3758
f 2623//3758 2654//3758 2653//3758
f 2623//3758 2653//3758 2624//3758
f 2624//3758 2653//3758 2652//3758
f 2624//3758 2652//3758 2625//3758
f 2625//3758 2652//3758 2651//3758
f 2625//3758 2651//3758 2626//3758
f 2626//3758 2651//3758 2627//3758
f 2626//3758 2627//3758 2600//3758
f 2600//3758 2627//3758 2629//3758
f 2600//3758 2629//3758 2598//3758
f 2598//3758 2629//3758 2631//3758
f 2598//3758 2631//3758 2599//3758
f 2599//3758 2631//3758 2630//3758
f 2599//3758 2630//3758 2601//3758
f 2601//3758 2630//3758 2632//3758
f 2601//3758 2632//3758 2602//3758
f 2602//3758 2632//3758 2633//3758
f 2602//3758 2633//3758 2603//3758
f 2603//3758 2633//3758 2634//3758
f 2603//3758 2634//3758 2604//3758
f 2604//3758 2634//3758 2635//3758
f 2604//3758 2635//3758 2605//3758
f 2605//3758 2635//3758 2594//3758
f 2605//3758 2594//3758 2593//3758
f 2596//3758 2595//3758 2635//3758
f 2635//3758 2595//3758 2594//3758
f 2519//3758 2588//3758 2536//3758
f 2536//3758 2588//3758 2587//3758
f 2536//3758 2587//3758 2586//3758
f 2536//3758 2586//3758 2551//3758
f 2551//3758 2586//3758 2585//3758
f 2551//3758 2585//3758 2552//3758
f 2552//3758 2585//3758 2584//3758
f 2552//3758 2584//3758 2553//3758
f 2553//3758 2584//3758 2583//3758
f 2553//3758 2583//3758 2554//3758
f 2554//3758 2583//3758 2582//3758
f 2554//3758 2582//3758 2555//3758
f 2555//3758 2582//3758 2581//3758
f 2555//3758 2581//3758 2556//3758
f 2556//3758 2581//3758 2557//3758
f 2556//3758 2557//3758 2530//3758
f 2530//3758 2557//3758 2559//3758
f 2530//3758 2559//3758 2528//3758
f 2528//3758 2559//3758 2561//3758
f 2528//3758 2561//3758 2529//3758
f 2529//3758 2561//3758 2560//3758
f 2529//3758 2560//3758 2531//3758
f 2531//3758 2560//3758 2562//3758
f 2531//3758 2562//3758 2532//3758
f 2532//3758 2562//3758 2563//3758
f 2532//3758 2563//3758 2533//3758
f 2533//3758 2563//3758 2564//3758
f 2533//3758 2564//3758 2534//3758
f 2534//3758 2564//3758 2565//3758
f 2534//3758 2565//3758 2535//3758
f 2535//3758 2565//3758 2524//3758
f 2535//3758 2524//3758 2523//3758
f 2526//3758 2525//3758 2565//3758
f 2565//3758 2525//3758 2524//3758
f 2449//3758 2518//3758 2466//3758
f 2466//3758 2518//3758 2517//3758
f 2466//3758 2517//3758 2516//3758
f 2466//3758 2516//3758 2481//3758
f 2481//3758 2516//3758 2515//3758
f 2481//3758 2515//3758 2482//3758
f 2482//3758 2515//3758 2514//3758
f 2482//3758 2514//3758 2483//3758
f 2483//3758 2514//3758 2513//3758
f 2483//3758 2513//3758 2484//3758
f 2484//3758 2513//3758 2512//3758
f 2484//3758 2512//3758 2485//3758
f 2485//3758 2512//3758 2511//3758
f 2485//3758 2511//3758 2486//3758
f 2486//3758 2511//3758 2487//3758
f 2486//3758 2487//3758 2460//3758
f 2460//3758 2487//3758 2489//3758
f 2460//3758 2489//3758 2458//3758
f 2458//3758 2489//3758 2491//3758
f 2458//3758 2491//3758 2459//3758
f 2459//3758 2491//3758 2490//3758
f 2459//3758 2490//3758 2461//3758
f 2461//3758 2490//3758 2492//3758
f 2461//3758 2492//3758 2462//3758
f 2462//3758 2492//3758 2493//3758
f 2462//3758 2493//3758 2463//3758
f 2463//3758 2493//3758 2494//3758
f 2463//3758 2494//3758 2464//3758
f 2464//3758 2494//3758 2495//3758
f 2464//3758 2495//3758 2465//3758
f 2465//3758 2495//3758 2454//3758
f 2465//3758 2454//3758 2453//3758
f 2456//3758 2455//3758 2495//3758
f 2495//3758 2455//3758 2454//3758
f 2411//3758 2445//3758 2412//3758
f 2412//3758 2445//3758 2444//3758
f 2412//3758 2444//3758 2413//3758
f 2413//3758 2444//3758 2443//3758
f 2413//3758 2443//3758 2414//3758
f 2414//3758 2443//3758 2442//3758
f 2414//3758 2442//3758 2415//3758
f 2415//3758 2442//3758 2441//3758
f 2415//3758 2441//3758 2416//3758
f 2416//3758 2441//3758 2417//3758
f 2416//3758 2417//3758 2390//3758
f 2390//3758 2417//3758 2419//3758
f 2390//3758 2419//3758 2388//3758
f 2388//3758 2419//3758 2421//3758
f 2388//3758 2421//3758 2389//3758
f 2389//3758 2421//3758 2420//3758
f 2389//3758 2420//3758 2391//3758
f 2391//3758 2420//3758 2422//3758
f 2391//3758 2422//3758 2392//3758
f 2392//3758 2422//3758 2423//3758
f 2392//3758 2423//3758 2393//3758
f 2393//3758 2423//3758 2424//3758
f 2393//3758 2424//3758 2394//3758
f 2394//3758 2424//3758 2425//3758
f 2394//3758 2425//3758 2395//3758
f 2395//3758 2425//3758 2384//3758
f 2395//3758 2384//3758 2383//3758
f 2386//3758 2385//3758 2425//3758
f 2425//3758 2385//3758 2384//3758
f 2381//3758 2242//3758 2379//3758
f 2379//3758 2242//3758 2238//3758
f 2379//3758 2238//3758 2169//3758
f 2169//3758 2238//3758 2186//3758
f 2186//3758 2238//3758 2237//3758
f 2186//3758 2237//3758 2201//3758
f 2201//3758 2237//3758 2236//3758
f 2201//3758 2236//3758 2202//3758
f 2202//3758 2236//3758 2235//3758
f 2202//3758 2235//3758 2203//3758
f 2203//3758 2235//3758 2234//3758
f 2203//3758 2234//3758 2204//3758
f 2204//3758 2234//3758 2233//3758
f 2204//3758 2233//3758 2205//3758
f 2205//3758 2233//3758 2232//3758
f 2205//3758 2232//3758 2206//3758
f 2206//3758 2232//3758 2231//3758
f 2206//3758 2231//3758 2180//3758
f 2180//3758 2231//3758 2207//3758
f 2180//3758 2207//3758 2178//3758
f 2178//3758 2207//3758 2209//3758
f 2178//3758 2209//3758 2211//3758
f 2242//3758 2381//3758 2241//3758
f 2241//3758 2381//3758 2382//3758
f 2241//3758 2382//3758 2239//3758
f 2239//3758 2382//3758 2378//3758
f 2239//3758 2378//3758 2308//3758
f 2308//3758 2378//3758 2312//3758
f 2312//3758 2378//3758 2311//3758
f 2311//3758 2378//3758 2309//3758
f 2309//3758 2378//3758 2326//3758
f 2326//3758 2378//3758 2377//3758
f 2326//3758 2377//3758 2341//3758
f 2341//3758 2377//3758 2376//3758
f 2341//3758 2376//3758 2342//3758
f 2342//3758 2376//3758 2375//3758
f 2342//3758 2375//3758 2343//3758
f 2343//3758 2375//3758 2374//3758
f 2343//3758 2374//3758 2373//3758
f 2372//3758 2345//3758 2373//3758
f 2373//3758 2345//3758 2344//3758
f 2373//3758 2344//3758 2343//3758
f 2372//3758 2371//3758 2345//3758
f 2345//3758 2371//3758 2346//3758
f 2346//3758 2371//3758 2347//3758
f 2346//3758 2347//3758 2320//3758
f 2320//3758 2347//3758 2349//3758
f 2320//3758 2349//3758 2318//3758
f 2318//3758 2349//3758 2351//3758
f 2318//3758 2351//3758 2319//3758
f 2319//3758 2351//3758 2350//3758
f 2319//3758 2350//3758 2321//3758
f 2321//3758 2350//3758 2352//3758
f 2321//3758 2352//3758 2322//3758
f 2322//3758 2352//3758 2353//3758
f 2322//3758 2353//3758 2323//3758
f 2323//3758 2353//3758 2354//3758
f 2323//3758 2354//3758 2324//3758
f 2324//3758 2354//3758 2355//3758
f 2324//3758 2355//3758 2325//3758
f 2325//3758 2355//3758 2314//3758
f 2325//3758 2314//3758 2313//3758
f 2316//3758 2315//3758 2355//3758
f 2355//3758 2315//3758 2314//3758
f 2239//3758 2308//3758 2256//3758
f 2256//3758 2308//3758 2307//3758
f 2256//3758 2307//3758 2271//3758
f 2271//3758 2307//3758 2306//3758
f 2271//3758 2306//3758 2272//3758
f 2272//3758 2306//3758 2305//3758
f 2272//3758 2305//3758 2273//3758
f 2273//3758 2305//3758 2304//3758
f 2273//3758 2304//3758 2303//3758
f 2302//3758 2275//3758 2303//3758
f 2303//3758 2275//3758 2274//3758
f 2303//3758 2274//3758 2273//3758
f 2275//3758 2302//3758 2276//3758
f 2276//3758 2302//3758 2301//3758
f 2276//3758 2301//3758 2250//3758
f 2250//3758 2301//3758 2277//3758
f 2250//3758 2277//3758 2248//3758
f 2248//3758 2277//3758 2279//3758
f 2248//3758 2279//3758 2281//3758
f 2248//3758 2281//3758 2249//3758
f 2249//3758 2281//3758 2280//3758
f 2249//3758 2280//3758 2251//3758
f 2251//3758 2280//3758 2282//3758
f 2251//3758 2282//3758 2252//3758
f 2252//3758 2282//3758 2283//3758
f 2252//3758 2283//3758 2253//3758
f 2253//3758 2283//3758 2284//3758
f 2253//3758 2284//3758 2254//3758
f 2254//3758 2284//3758 2285//3758
f 2254//3758 2285//3758 2255//3758
f 2255//3758 2285//3758 2244//3758
f 2255//3758 2244//3758 2243//3758
f 2246//3758 2245//3758 2285//3758
f 2285//3758 2245//3758 2244//3758
f 2178//3758 2211//3758 2179//3758
f 2179//3758 2211//3758 2210//3758
f 2179//3758 2210//3758 2181//3758
f 2181//3758 2210//3758 2212//3758
f 2181//3758 2212//3758 2182//3758
f 2182//3758 2212//3758 2213//3758
f 2182//3758 2213//3758 2183//3758
f 2183//3758 2213//3758 2214//3758
f 2183//3758 2214//3758 2184//3758
f 2184//3758 2214//3758 2215//3758
f 2184//3758 2215//3758 2185//3758
f 2185//3758 2215//3758 2174//3758
f 2185//3758 2174//3758 2173//3758
f 2176//3758 2175//3758 2215//3758
f 2215//3758 2175//3758 2174//3758
f 2099//3758 2168//3758 2116//3758
f 2116//3758 2168//3758 2167//3758
f 2116//3758 2167//3758 2131//3758
f 2131//3758 2167//3758 2166//3758
f 2131//3758 2166//3758 2132//3758
f 2132//3758 2166//3758 2165//3758
f 2132//3758 2165//3758 2133//3758
f 2133//3758 2165//3758 2164//3758
f 2133//3758 2164//3758 2134//3758
f 2134//3758 2164//3758 2163//3758
f 2134//3758 2163//3758 2135//3758
f 2135//3758 2163//3758 2162//3758
f 2135//3758 2162//3758 2136//3758
f 2136//3758 2162//3758 2161//3758
f 2136//3758 2161//3758 2110//3758
f 2110//3758 2161//3758 2137//3758
f 2110//3758 2137//3758 2108//3758
f 2108//3758 2137//3758 2139//3758
f 2108//3758 2139//3758 2141//3758
f 2108//3758 2141//3758 2109//3758
f 2109//3758 2141//3758 2140//3758
f 2109//3758 2140//3758 2111//3758
f 2111//3758 2140//3758 2142//3758
f 2111//3758 2142//3758 2112//3758
f 2112//3758 2142//3758 2143//3758
f 2112//3758 2143//3758 2113//3758
f 2113//3758 2143//3758 2144//3758
f 2113//3758 2144//3758 2114//3758
f 2114//3758 2144//3758 2145//3758
f 2114//3758 2145//3758 2115//3758
f 2115//3758 2145//3758 2104//3758
f 2115//3758 2104//3758 2103//3758
f 2106//3758 2105//3758 2145//3758
f 2145//3758 2105//3758 2104//3758
f 2029//3758 2098//3758 2046//3758
f 2046//3758 2098//3758 2097//3758
f 2046//3758 2097//3758 2061//3758
f 2061//3758 2097//3758 2096//3758
f 2061//3758 2096//3758 2062//3758
f 2062//3758 2096//3758 2095//3758
f 2062//3758 2095//3758 2063//3758
f 2063//3758 2095//3758 2094//3758
f 2063//3758 2094//3758 2064//3758
f 2064//3758 2094//3758 2093//3758
f 2064//3758 2093//3758 2065//3758
f 2065//3758 2093//3758 2092//3758
f 2065//3758 2092//3758 2066//3758
f 2066//3758 2092//3758 2091//3758
f 2066//3758 2091//3758 2040//3758
f 2040//3758 2091//3758 2067//3758
f 2040//3758 2067//3758 2038//3758
f 2038//3758 2067//3758 2069//3758
f 2038//3758 2069//3758 2071//3758
f 2038//3758 2071//3758 2039//3758
f 2039//3758 2071//3758 2070//3758
f 2039//3758 2070//3758 2041//3758
f 2041//3758 2070//3758 2072//3758
f 2041//3758 2072//3758 2042//3758
f 2042//3758 2072//3758 2073//3758
f 2042//3758 2073//3758 2043//3758
f 2043//3758 2073//3758 2074//3758
f 2043//3758 2074//3758 2044//3758
f 2044//3758 2074//3758 2075//3758
f 2044//3758 2075//3758 2045//3758
f 2045//3758 2075//3758 2034//3758
f 2045//3758 2034//3758 2033//3758
f 2036//3758 2035//3758 2075//3758
f 2075//3758 2035//3758 2034//3758
f 1959//3758 2028//3758 1976//3758
f 1976//3758 2028//3758 2027//3758
f 1976//3758 2027//3758 1991//3758
f 1991//3758 2027//3758 2026//3758
f 1991//3758 2026//3758 1992//3758
f 1992//3758 2026//3758 2025//3758
f 1992//3758 2025//3758 1993//3758
f 1993//3758 2025//3758 2024//3758
f 1993//3758 2024//3758 1994//3758
f 1994//3758 2024//3758 2023//3758
f 1994//3758 2023//3758 1995//3758
f 1995//3758 2023//3758 2022//3758
f 1995//3758 2022//3758 1996//3758
f 1996//3758 2022//3758 1970//3758
f 1970//3758 2022//3758 1968//3758
f 1968//3758 2022//3758 1969//3758
f 1969//3758 2022//3758 1971//3758
f 1971//3758 2022//3758 1972//3758
f 1972//3758 2022//3758 1973//3758
f 1973//3758 2022//3758 2021//3758
f 1973//3758 2021//3758 1997//3758
f 1997//3758 1999//3758 1973//3758
f 1973//3758 1999//3758 2001//3758
f 1973//3758 2001//3758 2000//3758
f 2000//3758 2002//3758 1973//3758
f 1973//3758 2002//3758 2003//3758
f 1973//3758 2003//3758 2004//3758
f 1973//3758 2004//3758 1974//3758
f 1974//3758 2004//3758 2005//3758
f 1974//3758 2005//3758 1964//3758
f 1964//3758 2005//3758 1965//3758
f 1965//3758 2005//3758 1966//3758
f 1963//3758 1975//3758 1964//3758
f 1964//3758 1975//3758 1974//3758
f 1951//3758 1926//3758 1952//3758
f 1952//3758 1926//3758 1925//3758
f 1952//3758 1925//3758 1924//3758
f 1926//3758 1951//3758 1900//3758
f 1900//3758 1951//3758 1927//3758
f 1900//3758 1927//3758 1898//3758
f 1898//3758 1927//3758 1929//3758
f 1898//3758 1929//3758 1931//3758
f 1898//3758 1931//3758 1899//3758
f 1899//3758 1931//3758 1930//3758
f 1899//3758 1930//3758 1901//3758
f 1901//3758 1930//3758 1932//3758
f 1901//3758 1932//3758 1902//3758
f 1902//3758 1932//3758 1933//3758
f 1902//3758 1933//3758 1903//3758
f 1903//3758 1933//3758 1934//3758
f 1903//3758 1934//3758 1904//3758
f 1904//3758 1934//3758 1935//3758
f 1904//3758 1935//3758 1905//3758
f 1905//3758 1935//3758 1894//3758
f 1905//3758 1894//3758 1893//3758
f 1896//3758 1895//3758 1935//3758
f 1935//3758 1895//3758 1894//3758
f 1924//3758 1923//3758 1952//3758
f 1952//3758 1923//3758 1922//3758
f 1952//3758 1922//3758 1921//3758
f 1921//3758 1906//3758 1952//3758
f 1891//3758 1892//3758 3596//3758
f 3596//3758 1892//3758 1888//3758
f 1882//3758 1864//3758 1883//3758
f 1883//3758 1864//3758 1863//3758
f 1883//3758 1863//3758 1862//3758
f 1882//3758 1881//3758 1864//3758
f 1864//3758 1881//3758 1865//3758
f 1865//3758 1881//3758 1825//3758
f 1865//3758 1825//3758 1837//3758
f 1837//3758 1825//3758 1827//3758
f 1837//3758 1827//3758 1835//3758
f 1835//3758 1827//3758 1829//3758
f 1835//3758 1829//3758 1836//3758
f 1836//3758 1829//3758 1828//3758
f 1836//3758 1828//3758 1838//3758
f 1838//3758 1828//3758 1830//3758
f 1838//3758 1830//3758 1839//3758
f 1839//3758 1830//3758 1831//3758
f 1839//3758 1831//3758 1840//3758
f 1840//3758 1831//3758 1832//3758
f 1840//3758 1832//3758 1841//3758
f 1841//3758 1832//3758 1833//3758
f 1841//3758 1833//3758 1842//3758
f 1842//3758 1833//3758 1822//3758
f 1842//3758 1822//3758 1821//3758
f 1824//3758 1823//3758 1833//3758
f 1833//3758 1823//3758 1822//3758
f 1858//3758 1859//3758 3595//3758
f 2804//3758 2806//3758 3593//3758
f 3593//3758 2806//3758 3612//3758
f 3593//3758 3612//3758 3594//3758
f 3594//3758 3612//3758 3613//3758
f 3613//3758 3612//3758 3614//3758
f 3613//3758 3614//3758 3615//3758
f 3615//3758 3614//3758 3616//3758
f 3615//3758 3616//3758 3617//3758
f 3617//3758 3616//3758 3618//3758
f 3617//3758 3618//3758 3619//3758
f 3617//3758 3619//3758 3620//3758
f 3620//3758 3619//3758 3621//3758
f 3620//3758 3621//3758 3622//3758
f 3622//3758 3621//3758 3623//3758
f 3622//3758 3623//3758 3624//3758
f 3624//3758 3623//3758 3625//3758
f 3624//3758 3625//3758 3626//3758
f 3626//3758 3625//3758 3627//3758
f 3626//3758 3627//3758 3628//3758
f 3628//3758 3627//3758 3629//3758
f 3628//3758 3629//3758 3630//3758
f 3630//3758 3629//3758 3631//3758
f 3630//3758 3631//3758 3632//3758
f 3632//3758 3631//3758 3633//3758
f 3632//3758 3633//3758 3634//3758
f 3634//3758 3633//3758 3635//3758
f 3634//3758 3635//3758 3636//3758
f 3636//3758 3635//3758 3637//3758
f 3636//3758 3637//3758 3638//3758
f 3638//3758 3637//3758 3639//3758
f 3638//3758 3639//3758 3640//3758
f 3640//3758 3639//3758 3641//3758
f 3640//3758 3641//3758 3642//3758
f 3643//3758 3644//3758 3639//3758
f 3639//3758 3644//3758 3641//3758
f 1210//3759 3642//3759 1211//3759
f 1211//3759 3642//3759 3641//3759
f 1211//3760 3641//3760 1208//3760
f 1208//3760 3641//3760 3644//3760
f 1208//3761 3644//3761 1209//3761
f 1209//3761 3644//3761 3643//3761
f 1189//3762 3645//3762 1187//3762
f 1187//3763 3645//3763 3628//3763
f 1187//3764 3628//3764 3630//3764
f 3645//3765 3626//3765 3628//3765
f 3632//3766 1198//3766 3630//3766
f 3630//3767 1198//3767 1196//3767
f 3630//3768 1196//3768 1187//3768
f 1198//3769 3632//3769 1200//3769
f 1200//3770 3632//3770 3634//3770
f 1200//3771 3634//3771 1202//3771
f 1202//3772 3634//3772 3636//3772
f 1202//3773 3636//3773 1204//3773
f 1204//3774 3636//3774 3638//3774
f 1204//3775 3638//3775 1206//3775
f 1206//3776 3638//3776 3640//3776
f 1206//3777 3640//3777 1210//3777
f 1210//3778 3640//3778 3642//3778
f 3573//3779 3594//3779 3574//3779
f 3574//3780 3594//3780 3646//3780
f 3574//3781 3646//3781 3647//3781
f 3647//3782 3646//3782 3648//3782
f 3647//3782 3648//3782 3649//3782
f 3649//3783 3648//3783 3650//3783
f 3649//3783 3650//3783 3651//3783
f 3651//3784 3650//3784 3652//3784
f 3651//3784 3652//3784 3653//3784
f 3653//3785 3652//3785 3654//3785
f 3653//3785 3654//3785 3655//3785
f 3655//3786 3654//3786 3656//3786
f 3655//3786 3656//3786 3657//3786
f 3657//3787 3656//3787 3658//3787
f 3657//3787 3658//3787 3659//3787
f 3659//3788 3658//3788 3645//3788
f 3659//3789 3645//3789 1191//3789
f 1191//3790 3645//3790 1189//3790
f 3594//3791 3613//3791 3646//3791
f 3646//3792 3613//3792 3648//3792
f 3613//3793 3615//3793 3648//3793
f 3648//3794 3615//3794 3650//3794
f 3615//3795 3617//3795 3650//3795
f 3650//3796 3617//3796 3652//3796
f 3617//3797 3620//3797 3652//3797
f 3652//3798 3620//3798 3654//3798
f 3620//3799 3622//3799 3654//3799
f 3654//3800 3622//3800 3656//3800
f 3656//3801 3622//3801 3658//3801
f 3658//3802 3622//3802 3624//3802
f 3658//3803 3624//3803 3626//3803
f 3626//3788 3645//3788 3658//3788
f 1191//3804 1193//3804 3659//3804
f 3659//3805 1193//3805 3657//3805
f 3657//3806 1193//3806 3655//3806
f 3655//3807 1193//3807 1080//3807
f 3655//3808 1080//3808 3653//3808
f 3653//3809 1080//3809 1079//3809
f 3653//3810 1079//3810 3651//3810
f 3651//3811 1079//3811 1078//3811
f 3651//3812 1078//3812 3649//3812
f 3649//3813 1078//3813 1820//3813
f 3649//3814 1820//3814 3647//3814
f 3647//3815 1820//3815 1819//3815
f 3647//3816 1819//3816 3574//3816
f 3574//3779 1819//3779 1083//3779
f 3625//3817 3660//3817 3627//3817
f 3627//3818 3660//3818 1195//3818
f 3627//3819 1195//3819 1197//3819
f 3660//3820 1188//3820 1195//3820
f 1199//3821 3631//3821 1197//3821
f 1197//3822 3631//3822 3629//3822
f 1197//3823 3629//3823 3627//3823
f 3631//3824 1199//3824 3633//3824
f 3633//3825 1199//3825 1201//3825
f 3633//3826 1201//3826 3635//3826
f 3635//3827 1201//3827 1203//3827
f 3635//3828 1203//3828 3637//3828
f 3637//3829 1203//3829 1205//3829
f 3637//3830 1205//3830 3639//3830
f 3639//3831 1205//3831 1207//3831
f 3639//3832 1207//3832 3643//3832
f 3643//3833 1207//3833 1209//3833
f 1073//3834 1072//3834 2803//3834
f 2803//3835 1072//3835 3661//3835
f 2803//3836 3661//3836 3662//3836
f 3662//3837 3661//3837 3663//3837
f 3662//3837 3663//3837 3664//3837
f 3664//3838 3663//3838 3665//3838
f 3664//3838 3665//3838 3666//3838
f 3666//3839 3665//3839 3667//3839
f 3666//3839 3667//3839 3668//3839
f 3668//3840 3667//3840 3669//3840
f 3668//3840 3669//3840 3670//3840
f 3670//3841 3669//3841 3671//3841
f 3670//3842 3671//3842 3672//3842
f 3672//3843 3671//3843 3673//3843
f 3672//3843 3673//3843 3674//3843
f 3674//3844 3673//3844 3660//3844
f 3674//3845 3660//3845 3623//3845
f 3623//3846 3660//3846 3625//3846
f 1072//3847 1077//3847 3661//3847
f 3661//3848 1077//3848 3663//3848
f 1077//3849 1076//3849 3663//3849
f 3663//3850 1076//3850 3665//3850
f 1076//3851 1075//3851 3665//3851
f 3665//3852 1075//3852 3667//3852
f 1075//3853 1194//3853 3667//3853
f 3667//3854 1194//3854 3669//3854
f 1194//3855 1192//3855 3669//3855
f 3669//3856 1192//3856 3671//3856
f 3671//3857 1192//3857 3673//3857
f 3673//3858 1192//3858 1190//3858
f 3673//3859 1190//3859 1188//3859
f 1188//3844 3660//3844 3673//3844
f 3623//3860 3621//3860 3674//3860
f 3674//3861 3621//3861 3672//3861
f 3672//3862 3621//3862 3670//3862
f 3670//3863 3621//3863 3619//3863
f 3670//3864 3619//3864 3668//3864
f 3668//3865 3619//3865 3618//3865
f 3668//3866 3618//3866 3666//3866
f 3666//3867 3618//3867 3616//3867
f 3666//3868 3616//3868 3664//3868
f 3664//3869 3616//3869 3614//3869
f 3664//3870 3614//3870 3662//3870
f 3662//3871 3614//3871 3612//3871
f 3662//3872 3612//3872 2803//3872
f 2803//3834 3612//3834 2806//3834
f 339//35 414//35 334//35
f 334//35 414//35 335//35
f 733//3873 734//3873 3675//3873
f 3675//3874 734//3874 735//3874
f 3675//3875 735//3875 3676//3875
f 3676//3876 735//3876 736//3876
f 3676//3877 736//3877 3677//3877
f 3677//3878 736//3878 737//3878
f 3677//3879 737//3879 738//3879
f 3677//3880 738//3880 3678//3880
f 3678//3881 738//3881 739//3881
f 3678//3882 739//3882 740//3882
f 3678//3883 740//3883 3679//3883
f 3679//3884 740//3884 741//3884
f 3679//3885 741//3885 742//3885
f 3679//3886 742//3886 3680//3886
f 3680//3887 742//3887 743//3887
f 3680//3888 743//3888 744//3888
f 3680//3889 744//3889 3681//3889
f 3681//3890 744//3890 745//3890
f 3681//3891 745//3891 746//3891
f 3681//3892 746//3892 3682//3892
f 3682//3893 746//3893 747//3893
f 3682//529 747//529 748//529
f 3682//3894 748//3894 3683//3894
f 3683//3895 748//3895 749//3895
f 3683//3896 749//3896 750//3896
f 3683//3897 750//3897 3684//3897
f 3684//3898 750//3898 751//3898
f 3684//3899 751//3899 3685//3899
f 3685//3900 751//3900 752//3900
f 3685//3901 752//3901 753//3901
f 3685//3902 753//3902 3686//3902
f 3686//3903 753//3903 754//3903
f 3686//3904 754//3904 755//3904
f 3686//3905 755//3905 3687//3905
f 3687//3906 755//3906 756//3906
f 3687//3907 756//3907 757//3907
f 3687//3908 757//3908 3688//3908
f 3688//3909 757//3909 758//3909
f 3688//3910 758//3910 759//3910
f 3688//3911 759//3911 3689//3911
f 3689//3912 759//3912 760//3912
f 3689//3913 760//3913 761//3913
f 3689//3914 761//3914 3690//3914
f 3690//3915 761//3915 762//3915
f 3690//3916 762//3916 763//3916
f 3690//3917 763//3917 3691//3917
f 3691//3918 763//3918 764//3918
f 3691//3919 764//3919 765//3919
f 3691//3920 765//3920 3692//3920
f 3692//3921 765//3921 702//3921
f 3692//3922 702//3922 703//3922
f 3692//3923 703//3923 3693//3923
f 3693//3924 703//3924 704//3924
f 3693//3925 704//3925 3694//3925
f 3694//3926 704//3926 705//3926
f 3694//3927 705//3927 706//3927
f 3694//3928 706//3928 3695//3928
f 3695//3929 706//3929 707//3929
f 3695//3930 707//3930 708//3930
f 3695//3931 708//3931 3696//3931
f 3696//3932 708//3932 709//3932
f 3696//3933 709//3933 710//3933
f 3696//3934 710//3934 3697//3934
f 3697//3935 710//3935 711//3935
f 3697//3936 711//3936 712//3936
f 3697//3937 712//3937 3698//3937
f 3698//3938 712//3938 713//3938
f 3698//3939 713//3939 714//3939
f 3698//3940 714//3940 3699//3940
f 3699//3941 714//3941 715//3941
f 3699//480 715//480 716//480
f 3699//3942 716//3942 3700//3942
f 3700//3943 716//3943 717//3943
f 3700//3944 717//3944 718//3944
f 3700//3945 718//3945 3701//3945
f 3701//3946 718//3946 719//3946
f 3701//3947 719//3947 3702//3947
f 3702//3948 719//3948 720//3948
f 3702//3949 720//3949 721//3949
f 3702//3950 721//3950 3703//3950
f 3703//3951 721//3951 722//3951
f 3703//3952 722//3952 723//3952
f 3703//3953 723//3953 3704//3953
f 3704//3954 723//3954 724//3954
f 3704//3955 724//3955 725//3955
f 3704//3956 725//3956 3705//3956
f 3705//3957 725//3957 726//3957
f 3705//1504 726//1504 727//1504
f 3705//3958 727//3958 3706//3958
f 3706//3959 727//3959 728//3959
f 3706//3960 728//3960 729//3960
f 3706//3961 729//3961 3707//3961
f 3707//3962 729//3962 730//3962
f 3707//3963 730//3963 731//3963
f 3707//3964 731//3964 3708//3964
f 3708//3965 731//3965 732//3965
f 3708//3966 732//3966 733//3966
f 3708//3967 733//3967 3675//3967
f 3611//3968 3705//3968 3578//3968
f 3578//3969 3705//3969 3706//3969
f 3578//3970 3706//3970 3577//3970
f 3577//3971 3706//3971 3707//3971
f 3577//3972 3707//3972 3579//3972
f 3579//3973 3707//3973 3708//3973
f 3579//3974 3708//3974 3580//3974
f 3580//3975 3708//3975 3675//3975
f 3580//3976 3675//3976 3581//3976
f 3581//3977 3675//3977 3676//3977
f 3581//3978 3676//3978 3582//3978
f 3582//3979 3676//3979 3677//3979
f 3582//3980 3677//3980 3583//3980
f 3583//3981 3677//3981 3678//3981
f 3583//3982 3678//3982 3584//3982
f 3584//3983 3678//3983 3679//3983
f 3584//3984 3679//3984 3585//3984
f 3585//3985 3679//3985 3680//3985
f 3585//3986 3680//3986 3586//3986
f 3586//3987 3680//3987 3681//3987
f 3586//3988 3681//3988 3587//3988
f 3587//3989 3681//3989 3682//3989
f 3587//3990 3682//3990 3588//3990
f 3588//3991 3682//3991 3683//3991
f 3588//3992 3683//3992 3589//3992
f 3589//3993 3683//3993 3684//3993
f 3589//3994 3684//3994 3590//3994
f 3590//3995 3684//3995 3685//3995
f 3590//3996 3685//3996 3591//3996
f 3591//3997 3685//3997 3686//3997
f 3591//3998 3686//3998 3592//3998
f 3592//3999 3686//3999 3687//3999
f 3592//4000 3687//4000 3593//4000
f 3593//4001 3687//4001 3688//4001
f 3593//4002 3688//4002 3595//4002
f 3595//4003 3688//4003 3689//4003
f 3595//4004 3689//4004 3596//4004
f 3596//4005 3689//4005 3690//4005
f 3596//4006 3690//4006 3597//4006
f 3597//4007 3690//4007 3691//4007
f 3597//4008 3691//4008 3598//4008
f 3598//4009 3691//4009 3692//4009
f 3598//4010 3692//4010 3599//4010
f 3599//4011 3692//4011 3693//4011
f 3599//4012 3693//4012 3600//4012
f 3600//4013 3693//4013 3694//4013
f 3600//4014 3694//4014 3601//4014
f 3601//4015 3694//4015 3695//4015
f 3601//4016 3695//4016 3602//4016
f 3602//4017 3695//4017 3696//4017
f 3602//4018 3696//4018 3603//4018
f 3603//4019 3696//4019 3697//4019
f 3603//4020 3697//4020 3604//4020
f 3604//4021 3697//4021 3698//4021
f 3604//4022 3698//4022 3605//4022
f 3605//4023 3698//4023 3699//4023
f 3605//4024 3699//4024 3606//4024
f 3606//4025 3699//4025 3700//4025
f 3606//4026 3700//4026 3607//4026
f 3607//4027 3700//4027 3701//4027
f 3607//4028 3701//4028 3608//4028
f 3608//4029 3701//4029 3702//4029
f 3608//4030 3702//4030 3609//4030
f 3609//4031 3702//4031 3703//4031
f 3609//4032 3703//4032 3610//4032
f 3610//4033 3703//4033 3704//4033
f 3610//4034 3704//4034 3611//4034
f 3611//4035 3704//4035 3705//4035
